file,model,dataset,layer,layer_idx,I_X_T,I_Y_T,H_T,efficiency,compression,info_efficiency,compression_ratio
results/cmdline_test/convnext_tiny_cifar10_analysis.json,convnext_tiny,cifar10,layer_0,0,0.033029676738138,0.1,-1.4159119864042662,3.0275803421513396,-10.0,3.0274886824991274,0.66970323261862
results/cmdline_test/convnext_tiny_cifar10_analysis.json,convnext_tiny,cifar10,layer_1,1,0.03197582945959996,0.1,0.8092533318103072,3.1273621885663845,-10.0,3.127264387682388,0.6802417054040004
results/cmdline_test/convnext_tiny_cifar10_analysis.json,convnext_tiny,cifar10,layer_2,2,0.03343416645181094,0.1,3.975649941822959,2.990952388304078,-10.0,2.990862933017752,0.6656583354818906
results/cmdline_test/convnext_tiny_cifar10_analysis.json,convnext_tiny,cifar10,layer_3,3,0.033307469967088346,0.1,-1.8503485727203868,3.0023295104314927,-10.0,3.002239373312814,0.6669253003291166
results/cmdline_test/convnext_tiny_cifar10_analysis.json,convnext_tiny,cifar10,summary,-1,0.033029676738138,0.1,,,,3.0274886824991274,0.66970323261862
results/cmdline_test/convnext_tiny_cifar10_analysis.json,convnext_tiny,cifar10,summary_final,999,0.033307469967088346,0.1,,,,3.002239373312814,0.6669253003291166
results/cmdline_test/mixer_b16_224_cifar10_analysis.json,mixer_b16_224,cifar10,layer_0,0,0.03265442800847902,0.1,-2.104006559406132,3.0623718159765065,-10.0,3.062278037636955,0.6734557199152098
results/cmdline_test/mixer_b16_224_cifar10_analysis.json,mixer_b16_224,cifar10,layer_1,1,0.03164999813368898,0.1,-2.4257790519447036,3.1595578482375237,-10.0,3.1594580233335856,0.6835000186631102
results/cmdline_test/mixer_b16_224_cifar10_analysis.json,mixer_b16_224,cifar10,layer_2,2,0.03312824108816705,0.1,-1.9251070809529742,3.018572574796874,-10.0,3.0184814597433545,0.6687175891183295
results/cmdline_test/mixer_b16_224_cifar10_analysis.json,mixer_b16_224,cifar10,layer_3,3,0.03307668731446808,0.1,-1.134430504062733,3.0232773629739818,-10.0,3.0231859636771015,0.6692331268553193
results/cmdline_test/mixer_b16_224_cifar10_analysis.json,mixer_b16_224,cifar10,layer_4,4,0.03135620272270245,0.1,-2.7901660248836757,3.189161675102904,-10.0,3.189059970824519,0.6864379727729755
results/cmdline_test/mixer_b16_224_cifar10_analysis.json,mixer_b16_224,cifar10,layer_5,5,0.031348146973857856,0.1,-3.2099868414746466,3.1899812159038605,-10.0,3.189879459348297,0.6865185302614214
results/cmdline_test/mixer_b16_224_cifar10_analysis.json,mixer_b16_224,cifar10,layer_6,6,0.03244531313205687,0.1,-3.0942767762425447,3.0821092585232974,-10.0,3.0820142674762105,0.6755468686794313
results/cmdline_test/mixer_b16_224_cifar10_analysis.json,mixer_b16_224,cifar10,layer_7,7,0.031976360624481164,0.1,-3.3635048506195475,3.127310239409791,-10.0,3.1272124417748914,0.6802363937551884
results/cmdline_test/mixer_b16_224_cifar10_analysis.json,mixer_b16_224,cifar10,layer_8,8,0.03197574219527392,0.1,-3.652103356445042,3.1273707233848107,-10.0,3.1272729219670086,0.6802425780472608
results/cmdline_test/mixer_b16_224_cifar10_analysis.json,mixer_b16_224,cifar10,layer_9,9,0.031929435033932044,0.1,-3.2898163830211065,3.1319063395180033,-10.0,3.131808254216748,0.6807056496606796
results/cmdline_test/mixer_b16_224_cifar10_analysis.json,mixer_b16_224,cifar10,layer_10,10,0.03226885736428792,0.1,-2.6122167382451074,3.09896315419803,-10.0,3.0988671214477383,0.6773114263571208
results/cmdline_test/mixer_b16_224_cifar10_analysis.json,mixer_b16_224,cifar10,layer_11,11,0.032823173497655,0.1,-2.379363024926945,3.046628017462856,-10.0,3.0465352008678646,0.67176826502345
results/cmdline_test/mixer_b16_224_cifar10_analysis.json,mixer_b16_224,cifar10,summary,-1,0.03265442800847902,0.1,,,,3.062278037636955,0.6734557199152098
results/cmdline_test/mixer_b16_224_cifar10_analysis.json,mixer_b16_224,cifar10,summary_final,999,0.032823173497655,0.1,,,,3.0465352008678646,0.67176826502345
results/cmdline_test/vit_base_patch16_224_cifar10_analysis.json,vit_base_patch16_224,cifar10,layer_0,0,0.03437710434516991,0.1,-1.7597896638741544,2.9089128332604988,-10.0,2.908828217983168,0.6562289565483008
results/cmdline_test/vit_base_patch16_224_cifar10_analysis.json,vit_base_patch16_224,cifar10,layer_1,1,0.03438281352001527,0.1,-2.543649238747757,2.908429816012206,-10.0,2.908345228832418,0.6561718647998473
results/cmdline_test/vit_base_patch16_224_cifar10_analysis.json,vit_base_patch16_224,cifar10,layer_2,2,0.03371896061092248,0.1,0.22534310620847509,2.9656904657852152,-10.0,2.9656025151941687,0.6628103938907752
results/cmdline_test/vit_base_patch16_224_cifar10_analysis.json,vit_base_patch16_224,cifar10,layer_3,3,0.034094295616122705,0.1,1.1432905311004142,2.9330419705961437,-10.0,2.9329559457672754,0.659057043838773
results/cmdline_test/vit_base_patch16_224_cifar10_analysis.json,vit_base_patch16_224,cifar10,layer_4,4,0.03485907794228878,0.1,-2.6040124908561344,2.868693204265351,-10.0,2.8686109126190438,0.6514092205771123
results/cmdline_test/vit_base_patch16_224_cifar10_analysis.json,vit_base_patch16_224,cifar10,layer_5,5,0.0344712217901556,0.1,-2.762412847149579,2.900970572170387,-10.0,2.90088641830906,0.6552877820984441
results/cmdline_test/vit_base_patch16_224_cifar10_analysis.json,vit_base_patch16_224,cifar10,layer_6,6,0.033805602500162193,0.1,-3.0281758545833544,2.958089565169567,-10.0,2.95800206481915,0.6619439749983781
results/cmdline_test/vit_base_patch16_224_cifar10_analysis.json,vit_base_patch16_224,cifar10,layer_7,7,0.033653196758705144,0.1,-2.981577387093059,2.97148591015006,-10.0,2.971397615488581,0.6634680324129486
results/cmdline_test/vit_base_patch16_224_cifar10_analysis.json,vit_base_patch16_224,cifar10,layer_8,8,0.033966586312802916,0.1,-2.7925923360807463,2.9440697713654944,-10.0,2.9439830984490185,0.6603341368719708
results/cmdline_test/vit_base_patch16_224_cifar10_analysis.json,vit_base_patch16_224,cifar10,layer_9,9,0.03378745465102917,0.1,-2.248008214391396,2.95967840823884,-10.0,2.95959081386855,0.6621254534897083
results/cmdline_test/vit_base_patch16_224_cifar10_analysis.json,vit_base_patch16_224,cifar10,layer_10,10,0.032967658725791237,0.1,-1.5625349740907952,3.0332757576675613,-10.0,3.033183752840101,0.6703234127420876
results/cmdline_test/vit_base_patch16_224_cifar10_analysis.json,vit_base_patch16_224,cifar10,layer_11,11,0.03326697393646549,0.1,-0.9139568247648702,3.0059842590727897,-10.0,3.00589390237524,0.6673302606353452
results/cmdline_test/vit_base_patch16_224_cifar10_analysis.json,vit_base_patch16_224,cifar10,summary,-1,0.03437710434516991,0.1,,,,2.908828217983168,0.6562289565483008
results/cmdline_test/vit_base_patch16_224_cifar10_analysis.json,vit_base_patch16_224,cifar10,summary_final,999,0.03326697393646549,0.1,,,,3.00589390237524,0.6673302606353452
results/cmdline_test/resnet18_cifar10_analysis.json,resnet18,cifar10,layer_0,0,0.032427365179664616,0.1,-0.07093093001574181,3.0838151495179313,-10.0,3.0837200532917595,0.6757263482033539
results/cmdline_test/resnet18_cifar10_analysis.json,resnet18,cifar10,layer_1,1,0.032085618756236785,0.1,-0.44858577519636345,3.116661104768692,-10.0,3.1165639720315705,0.6791438124376321
results/cmdline_test/resnet18_cifar10_analysis.json,resnet18,cifar10,layer_2,2,0.031686735738747675,0.1,-0.6837178831334513,3.1558946565050063,-10.0,3.155795062937245,0.6831326426125233
results/cmdline_test/resnet18_cifar10_analysis.json,resnet18,cifar10,layer_3,3,0.03216908007188783,0.1,-2.6563752650514187,3.108575059545728,-10.0,3.1084784301605164,0.6783091992811217
results/cmdline_test/resnet18_cifar10_analysis.json,resnet18,cifar10,summary,-1,0.032427365179664616,0.1,,,,3.0837200532917595,0.6757263482033539
results/cmdline_test/resnet18_cifar10_analysis.json,resnet18,cifar10,summary_final,999,0.03216908007188783,0.1,,,,3.1084784301605164,0.6783091992811217
results/comprehensive_analysis_20250829_220147/convnext_tiny_cifar100_analysis.json,convnext_tiny,cifar100,layer_0,0,0.033246428832349406,0.1,-1.4248504868144,3.0077513814452033,41.82156341405248,3.0077513814452033,0.6675357116765059
results/comprehensive_analysis_20250829_220147/convnext_tiny_cifar100_analysis.json,convnext_tiny,cifar100,layer_1,1,0.032956379443939046,0.1,0.7881099018460953,3.0342218248905795,41.46542683283026,3.0342218248905795,0.6704362055606096
results/comprehensive_analysis_20250829_220147/convnext_tiny_cifar100_analysis.json,convnext_tiny,cifar100,layer_2,2,0.03331829700966421,0.1,3.889277824257059,3.0012638013039457,41.90980661672855,3.0012638013039457,0.6668170299033579
results/comprehensive_analysis_20250829_220147/convnext_tiny_cifar100_analysis.json,convnext_tiny,cifar100,layer_3,3,0.03262524385557184,0.1,-1.842364381035793,3.0650172432559137,41.05884264036419,3.0650172432559137,0.6737475614442816
results/comprehensive_analysis_20250829_220147/convnext_tiny_cifar100_analysis.json,convnext_tiny,cifar100,summary,-1,0.033246428832349406,0.1,,,,3.0077513814452033,0.6675357116765059
results/comprehensive_analysis_20250829_220147/convnext_tiny_cifar100_analysis.json,convnext_tiny,cifar100,summary_final,999,0.03262524385557184,0.1,,,,3.0650172432559137,0.6737475614442816
results/comprehensive_analysis_20250829_220147/resnet18_cifar100_analysis.json,resnet18,cifar100,layer_0,0,0.03445705637720801,0.1,-0.09011473311076497,2.9020789479624907,3.6017154653655066,2.9020789479624907,0.6554294362279199
results/comprehensive_analysis_20250829_220147/resnet18_cifar100_analysis.json,resnet18,cifar100,layer_1,1,0.033212899757572766,0.1,-0.5238230542882699,3.0107876741333275,3.507774140743738,3.0107876741333275,0.6678710024242724
results/comprehensive_analysis_20250829_220147/resnet18_cifar100_analysis.json,resnet18,cifar100,layer_2,2,0.03238329212434966,0.1,-0.6953867947101269,3.087916809051086,3.445133763518435,3.087916809051086,0.6761670787565035
results/comprehensive_analysis_20250829_220147/resnet18_cifar100_analysis.json,resnet18,cifar100,layer_3,3,0.033004688842109636,0.1,-2.6376693631431625,3.0297807289638214,3.492052961520296,3.0297807289638214,0.6699531115789037
results/comprehensive_analysis_20250829_220147/resnet18_cifar100_analysis.json,resnet18,cifar100,summary,-1,0.03445705637720801,0.1,,,,2.9020789479624907,0.6554294362279199
results/comprehensive_analysis_20250829_220147/resnet18_cifar100_analysis.json,resnet18,cifar100,summary_final,999,0.033004688842109636,0.1,,,,3.0297807289638214,0.6699531115789037
results/comprehensive_analysis_20250829_220147/convnext_tiny_svhn_analysis.json,convnext_tiny,svhn,layer_0,0,0.034768479668432994,0.1,-1.4530652464946283,2.8760856059283917,21.734154015101815,2.8760856059283917,0.6523152033156701
results/comprehensive_analysis_20250829_220147/convnext_tiny_svhn_analysis.json,convnext_tiny,svhn,layer_1,1,0.03410240543286145,0.1,0.98556513111289,2.9322584865276164,21.336941197126045,2.9322584865276164,0.6589759456713855
results/comprehensive_analysis_20250829_220147/convnext_tiny_svhn_analysis.json,convnext_tiny,svhn,layer_2,2,0.03471301893268998,0.1,3.4605067003393426,2.880680574435898,21.70108005133772,2.880680574435898,0.6528698106731002
results/comprehensive_analysis_20250829_220147/convnext_tiny_svhn_analysis.json,convnext_tiny,svhn,layer_3,3,0.03350262742690209,0.1,-1.5589477178976308,2.9847514338015815,20.979264080696854,2.9847514338015815,0.6649737257309791
results/comprehensive_analysis_20250829_220147/convnext_tiny_svhn_analysis.json,convnext_tiny,svhn,summary,-1,0.034768479668432994,0.1,,,,2.8760856059283917,0.6523152033156701
results/comprehensive_analysis_20250829_220147/convnext_tiny_svhn_analysis.json,convnext_tiny,svhn,summary_final,999,0.03350262742690209,0.1,,,,2.9847514338015815,0.6649737257309791
results/comprehensive_analysis_20250829_220147/resnet18_svhn_analysis.json,resnet18,svhn,layer_0,0,0.033566720873983026,0.1,-0.10109930710063834,2.979052416915976,41.20454986088438,2.979052416915976,0.6643327912601698
results/comprehensive_analysis_20250829_220147/resnet18_svhn_analysis.json,resnet18,svhn,layer_1,1,0.03325993819466758,0.1,-0.6081833056736342,3.006529744131874,40.837100815941966,3.006529744131874,0.6674006180533242
results/comprehensive_analysis_20250829_220147/resnet18_svhn_analysis.json,resnet18,svhn,layer_2,2,0.03345670917055608,0.1,-0.7252406420693179,2.9888477866262106,41.07278331054678,2.9888477866262106,0.6654329082944392
results/comprehensive_analysis_20250829_220147/resnet18_svhn_analysis.json,resnet18,svhn,layer_3,3,0.03427237840069846,0.1,-2.72227023529336,2.9177164512606697,42.04975137234713,2.9177164512606697,0.6572762159930154
results/comprehensive_analysis_20250829_220147/resnet18_svhn_analysis.json,resnet18,svhn,summary,-1,0.033566720873983026,0.1,,,,2.979052416915976,0.6643327912601698
results/comprehensive_analysis_20250829_220147/resnet18_svhn_analysis.json,resnet18,svhn,summary_final,999,0.03427237840069846,0.1,,,,2.9177164512606697,0.6572762159930154
results/comprehensive_analysis_20250829_220147/convnext_tiny_cifar10_analysis.json,convnext_tiny,cifar10,layer_0,0,0.03248735102454114,0.1,-1.4162572779426235,3.0780263339454113,-11.60823124185149,3.0780263339454113,0.6751264897545887
results/comprehensive_analysis_20250829_220147/convnext_tiny_cifar10_analysis.json,convnext_tiny,cifar10,layer_1,1,0.03360027532940863,0.1,0.8011860618721482,2.9760775155006582,-12.040153406876465,2.9760775155006582,0.6639972467059136
results/comprehensive_analysis_20250829_220147/convnext_tiny_cifar10_analysis.json,convnext_tiny,cifar10,layer_2,2,0.03387050099736703,0.1,3.9370107957050138,2.9523344716188817,-12.145027076217174,2.9523344716188817,0.6612949900263297
results/comprehensive_analysis_20250829_220147/convnext_tiny_cifar10_analysis.json,convnext_tiny,cifar10,layer_3,3,0.034065521908320136,0.1,-1.855374486866468,2.9354332170780486,-12.220714033286585,2.9354332170780486,0.6593447809167987
results/comprehensive_analysis_20250829_220147/convnext_tiny_cifar10_analysis.json,convnext_tiny,cifar10,summary,-1,0.03248735102454114,0.1,,,,3.0780263339454113,0.6751264897545887
results/comprehensive_analysis_20250829_220147/convnext_tiny_cifar10_analysis.json,convnext_tiny,cifar10,summary_final,999,0.034065521908320136,0.1,,,,2.9354332170780486,0.6593447809167987
results/comprehensive_analysis_20250829_220147/resnet18_cifar10_analysis.json,resnet18,cifar10,layer_0,0,0.034318653178345995,0.1,-0.07100598841986723,2.9137823590564444,-11.346210665458369,2.9137823590564444,0.6568134682165401
results/comprehensive_analysis_20250829_220147/resnet18_cifar10_analysis.json,resnet18,cifar10,layer_1,1,0.03360760233080198,0.1,-0.448665496356974,2.9754287017270844,-11.090408565299898,2.9754287017270844,0.6639239766919802
results/comprehensive_analysis_20250829_220147/resnet18_cifar10_analysis.json,resnet18,cifar10,layer_2,2,0.03423201789742727,0.1,-0.6845807884334376,2.9211564197942175,-11.315043433349194,2.9211564197942175,0.6576798210257273
results/comprehensive_analysis_20250829_220147/resnet18_cifar10_analysis.json,resnet18,cifar10,layer_3,3,0.03339315817419526,0.1,-2.656652091087628,2.9945357352135087,-11.0132618101611,2.9945357352135087,0.6660684182580474
results/comprehensive_analysis_20250829_220147/resnet18_cifar10_analysis.json,resnet18,cifar10,summary,-1,0.034318653178345995,0.1,,,,2.9137823590564444,0.6568134682165401
results/comprehensive_analysis_20250829_220147/resnet18_cifar10_analysis.json,resnet18,cifar10,summary_final,999,0.03339315817419526,0.1,,,,2.9945357352135087,0.6660684182580474
results/comprehensive_analysis_20250829_221807/convnext_tiny_cifar100_analysis.json,convnext_tiny,cifar100,layer_0,0,0.03222081829006242,0.1,-1.4267830753832154,3.10348718063627,12.597687321049666,3.10348718063627,0.6777918170993759
results/comprehensive_analysis_20250829_221807/convnext_tiny_cifar100_analysis.json,convnext_tiny,cifar100,layer_1,1,0.0323275899181566,0.1,0.7919212541852337,3.093237294084309,12.636119118350656,3.093237294084309,0.6767241008184339
results/comprehensive_analysis_20250829_221807/convnext_tiny_cifar100_analysis.json,convnext_tiny,cifar100,layer_2,2,0.033876083943657355,0.1,3.9166322139579073,2.9518479266490267,13.193490112612778,2.9518479266490267,0.6612391605634265
results/comprehensive_analysis_20250829_221807/convnext_tiny_cifar100_analysis.json,convnext_tiny,cifar100,layer_3,3,0.033586006520686044,0.1,-1.8196165652601144,2.9773418461216714,13.089078510764828,2.9773418461216714,0.6641399347931396
results/comprehensive_analysis_20250829_221807/convnext_tiny_cifar100_analysis.json,convnext_tiny,cifar100,summary,-1,0.03222081829006242,0.1,,,,3.10348718063627,0.6777918170993759
results/comprehensive_analysis_20250829_221807/convnext_tiny_cifar100_analysis.json,convnext_tiny,cifar100,summary_final,999,0.033586006520686044,0.1,,,,2.9773418461216714,0.6641399347931396
results/comprehensive_analysis_20250829_221807/vit_base_patch16_224_svhn_analysis.json,vit_base_patch16_224,svhn,layer_0,0,0.035052290278484055,0.1,-1.9565264014295405,2.852799243823929,-6.465842192263029,2.852799243823929,0.6494770972151594
results/comprehensive_analysis_20250829_221807/vit_base_patch16_224_svhn_analysis.json,vit_base_patch16_224,svhn,layer_1,1,0.03434239706081243,0.1,-2.7955218988066606,2.9117678668457967,-6.314640924260651,2.9117678668457967,0.6565760293918758
results/comprehensive_analysis_20250829_221807/vit_base_patch16_224_svhn_analysis.json,vit_base_patch16_224,svhn,layer_2,2,0.032736988639723505,0.1,0.29742626937102623,3.054555400470216,-5.97270247085987,3.054555400470216,0.672630113602765
results/comprehensive_analysis_20250829_221807/vit_base_patch16_224_svhn_analysis.json,vit_base_patch16_224,svhn,layer_3,3,0.032905650076316,0.1,1.302453462537142,3.038899425133928,-6.008625934334463,3.038899425133928,0.67094349923684
results/comprehensive_analysis_20250829_221807/vit_base_patch16_224_svhn_analysis.json,vit_base_patch16_224,svhn,layer_4,4,0.034361396270423325,0.1,-2.903193050865551,2.910157929994911,-6.318687595665166,2.910157929994911,0.6563860372957668
results/comprehensive_analysis_20250829_221807/vit_base_patch16_224_svhn_analysis.json,vit_base_patch16_224,svhn,layer_5,5,0.03400163362964843,0.1,-2.9661478321349133,2.9409486655999935,-6.242061187480195,2.9409486655999935,0.6599836637035157
results/comprehensive_analysis_20250829_221807/vit_base_patch16_224_svhn_analysis.json,vit_base_patch16_224,svhn,layer_6,6,0.03401956523017293,0.1,-3.1278242937075587,2.9393985468327766,-6.2458804671537065,2.9393985468327766,0.6598043476982707
results/comprehensive_analysis_20250829_221807/vit_base_patch16_224_svhn_analysis.json,vit_base_patch16_224,svhn,layer_7,7,0.03377494846346028,0.1,-2.9852546464809477,2.960686658679109,-6.193779158983859,2.960686658679109,0.6622505153653973
results/comprehensive_analysis_20250829_221807/vit_base_patch16_224_svhn_analysis.json,vit_base_patch16_224,svhn,layer_8,8,0.03340538397389012,0.1,-2.7516459522543264,2.99343981911237,-6.115065039675978,2.99343981911237,0.6659461602610988
results/comprehensive_analysis_20250829_221807/vit_base_patch16_224_svhn_analysis.json,vit_base_patch16_224,svhn,layer_9,9,0.03246533571092704,0.1,-2.086482919904694,3.080113533303467,-5.914842688193818,3.080113533303467,0.6753466428907297
results/comprehensive_analysis_20250829_221807/vit_base_patch16_224_svhn_analysis.json,vit_base_patch16_224,svhn,layer_10,10,0.03229426305336797,0.1,-1.29558977365729,3.0964293380967307,-5.878405654989998,3.0964293380967307,0.6770573694663202
results/comprehensive_analysis_20250829_221807/vit_base_patch16_224_svhn_analysis.json,vit_base_patch16_224,svhn,layer_11,11,0.032821553489509006,0.1,-0.722518486488268,3.046685567348158,-5.990714070629672,3.046685567348158,0.67178446510491
results/comprehensive_analysis_20250829_221807/vit_base_patch16_224_svhn_analysis.json,vit_base_patch16_224,svhn,summary,-1,0.035052290278484055,0.1,,,,2.852799243823929,0.6494770972151594
results/comprehensive_analysis_20250829_221807/vit_base_patch16_224_svhn_analysis.json,vit_base_patch16_224,svhn,summary_final,999,0.032821553489509006,0.1,,,,3.046685567348158,0.67178446510491
results/comprehensive_analysis_20250829_221807/resnet18_cifar100_analysis.json,resnet18,cifar100,layer_0,0,0.03222268774415138,0.1,-0.09029190086165396,3.103307132131395,-1.9766348439354053,3.103307132131395,0.6777731225584862
results/comprehensive_analysis_20250829_221807/resnet18_cifar100_analysis.json,resnet18,cifar100,layer_1,1,0.03239562880111944,0.1,-0.5297344128223578,3.0867409264677748,-1.9926106179057683,3.0867409264677748,0.6760437119888056
results/comprehensive_analysis_20250829_221807/resnet18_cifar100_analysis.json,resnet18,cifar100,layer_2,2,0.03183590504174184,0.1,-0.6943509318813694,3.1410088345235985,-1.9409050228179008,3.1410088345235985,0.6816409495825817
results/comprehensive_analysis_20250829_221807/resnet18_cifar100_analysis.json,resnet18,cifar100,layer_3,3,0.032590431776879765,0.1,-2.6357840122638723,3.0682910982431775,-2.010605930089363,3.0682910982431775,0.6740956822312023
results/comprehensive_analysis_20250829_221807/resnet18_cifar100_analysis.json,resnet18,cifar100,summary,-1,0.03222268774415138,0.1,,,,3.103307132131395,0.6777731225584862
results/comprehensive_analysis_20250829_221807/resnet18_cifar100_analysis.json,resnet18,cifar100,summary_final,999,0.032590431776879765,0.1,,,,3.0682910982431775,0.6740956822312023
results/comprehensive_analysis_20250829_221807/convnext_tiny_svhn_analysis.json,convnext_tiny,svhn,layer_0,0,0.032447676369959766,0.1,-1.4538324154209636,3.0817898043008523,7.019419609066451,3.0817898043008523,0.6755232363004023
results/comprehensive_analysis_20250829_221807/convnext_tiny_svhn_analysis.json,convnext_tiny,svhn,layer_1,1,0.033420660826501705,0.1,0.9935540239225644,2.992071534658894,7.19991948986678,2.992071534658894,0.665793391734983
results/comprehensive_analysis_20250829_221807/convnext_tiny_svhn_analysis.json,convnext_tiny,svhn,layer_2,2,0.032540579338363566,0.1,3.4611674879245244,3.0729916013052594,7.03665418523068,3.0729916013052594,0.6745942066163644
results/comprehensive_analysis_20250829_221807/convnext_tiny_svhn_analysis.json,convnext_tiny,svhn,layer_3,3,0.03258691811734881,0.1,-1.5537711677290986,3.068621924232805,7.045250565190331,3.068621924232805,0.6741308188265119
results/comprehensive_analysis_20250829_221807/convnext_tiny_svhn_analysis.json,convnext_tiny,svhn,summary,-1,0.032447676369959766,0.1,,,,3.0817898043008523,0.6755232363004023
results/comprehensive_analysis_20250829_221807/convnext_tiny_svhn_analysis.json,convnext_tiny,svhn,summary_final,999,0.03258691811734881,0.1,,,,3.068621924232805,0.6741308188265119
results/comprehensive_analysis_20250829_221807/vit_base_patch16_224_cifar100_analysis.json,vit_base_patch16_224,cifar100,layer_0,0,0.03432135806978266,0.1,-1.9405807185656379,2.913552728419316,-12.627692741590499,2.913552728419316,0.6567864193021734
results/comprehensive_analysis_20250829_221807/vit_base_patch16_224_cifar100_analysis.json,vit_base_patch16_224,cifar100,layer_1,1,0.03480452706705047,0.1,-2.840106030913756,2.873106900733232,-12.819540588159985,2.873106900733232,0.6519547293294954
results/comprehensive_analysis_20250829_221807/vit_base_patch16_224_cifar100_analysis.json,vit_base_patch16_224,cifar100,layer_2,2,0.033517653763410024,0.1,0.21034816632040834,2.983413376499119,-12.308572638007465,2.983413376499119,0.6648234623658997
results/comprehensive_analysis_20250829_221807/vit_base_patch16_224_cifar100_analysis.json,vit_base_patch16_224,cifar100,layer_3,3,0.033379096380209,0.1,1.1794854627117437,2.9957972218225777,-12.253556824195458,2.9957972218225777,0.66620903619791
results/comprehensive_analysis_20250829_221807/vit_base_patch16_224_cifar100_analysis.json,vit_base_patch16_224,cifar100,layer_4,4,0.034671660728153975,0.1,-2.9671810041348827,2.88411670462892,-12.766784469404428,2.88411670462892,0.6532833927184603
results/comprehensive_analysis_20250829_221807/vit_base_patch16_224_cifar100_analysis.json,vit_base_patch16_224,cifar100,layer_5,5,0.03367677194491988,0.1,-3.105146168623624,2.9693175713509308,-12.371752354929159,2.9693175713509308,0.6632322805508013
results/comprehensive_analysis_20250829_221807/vit_base_patch16_224_cifar100_analysis.json,vit_base_patch16_224,cifar100,layer_6,6,0.033888818274778805,0.1,-3.2620094974246316,2.9507387495913826,-12.455947806182106,2.9507387495913826,0.6611118172522119
results/comprehensive_analysis_20250829_221807/vit_base_patch16_224_cifar100_analysis.json,vit_base_patch16_224,cifar100,layer_7,7,0.033667732241744186,0.1,-3.145510909682767,2.970114802125367,-12.36816303608277,2.970114802125367,0.6633226775825581
results/comprehensive_analysis_20250829_221807/vit_base_patch16_224_cifar100_analysis.json,vit_base_patch16_224,cifar100,layer_8,8,0.03405246069337261,0.1,-2.8989200098650776,2.9365591033589644,-12.520923923839016,2.9365591033589644,0.659475393066274
results/comprehensive_analysis_20250829_221807/vit_base_patch16_224_cifar100_analysis.json,vit_base_patch16_224,cifar100,layer_9,9,0.033717948430367156,0.1,-2.336037256418122,2.965691537104413,-12.388101955394069,2.965691537104413,0.6628205156963285
results/comprehensive_analysis_20250829_221807/vit_base_patch16_224_cifar100_analysis.json,vit_base_patch16_224,cifar100,layer_10,10,0.03312358267026296,0.1,-1.6446219862780929,3.0189059586182596,-12.152102146227042,3.0189059586182596,0.6687641732973704
results/comprehensive_analysis_20250829_221807/vit_base_patch16_224_cifar100_analysis.json,vit_base_patch16_224,cifar100,layer_11,11,0.03375335671899915,0.1,-0.9677453330134714,2.9625805294554315,-12.402161226504532,2.9625805294554315,0.6624664328100085
results/comprehensive_analysis_20250829_221807/vit_base_patch16_224_cifar100_analysis.json,vit_base_patch16_224,cifar100,summary,-1,0.03432135806978266,0.1,,,,2.913552728419316,0.6567864193021734
results/comprehensive_analysis_20250829_221807/vit_base_patch16_224_cifar100_analysis.json,vit_base_patch16_224,cifar100,summary_final,999,0.03375335671899915,0.1,,,,2.9625805294554315,0.6624664328100085
results/comprehensive_analysis_20250829_221807/resnet18_svhn_analysis.json,resnet18,svhn,layer_0,0,0.03434924563090003,0.1,-0.10232678344467397,2.911187333986463,-14.490677436908289,2.911187333986463,0.6565075436909997
results/comprehensive_analysis_20250829_221807/resnet18_svhn_analysis.json,resnet18,svhn,layer_1,1,0.035018120907938724,0.1,-0.6121895721059546,2.8555828189659187,-14.792323978828506,2.8555828189659187,0.6498187909206128
results/comprehensive_analysis_20250829_221807/resnet18_svhn_analysis.json,resnet18,svhn,layer_2,2,0.03352027122102561,0.1,-0.7279957791037059,2.9831804211910917,-14.116830065562699,2.9831804211910917,0.6647972877897439
results/comprehensive_analysis_20250829_221807/resnet18_svhn_analysis.json,resnet18,svhn,layer_3,3,0.032923324902331276,0.1,-2.7164960925988004,3.037268047154986,-13.847621740890636,3.037268047154986,0.6707667509766873
results/comprehensive_analysis_20250829_221807/resnet18_svhn_analysis.json,resnet18,svhn,summary,-1,0.03434924563090003,0.1,,,,2.911187333986463,0.6565075436909997
results/comprehensive_analysis_20250829_221807/resnet18_svhn_analysis.json,resnet18,svhn,summary_final,999,0.032923324902331276,0.1,,,,3.037268047154986,0.6707667509766873
results/comprehensive_analysis_20250829_221807/convnext_tiny_cifar10_analysis.json,convnext_tiny,cifar10,layer_0,0,0.035823497187265026,0.1,-1.4161544087557631,2.7913860026358788,7.9472317660284935,2.7913860026358788,0.6417650281273497
results/comprehensive_analysis_20250829_221807/convnext_tiny_cifar10_analysis.json,convnext_tiny,cifar10,layer_1,1,0.035312222824489654,0.1,0.8090717069525393,2.8318004419197385,7.848080600645016,2.8318004419197385,0.6468777717551035
results/comprehensive_analysis_20250829_221807/convnext_tiny_cifar10_analysis.json,convnext_tiny,cifar10,layer_2,2,0.03452437523681734,0.1,3.960603612653216,2.896420366587689,7.695293736781491,2.896420366587689,0.6547562476318266
results/comprehensive_analysis_20250829_221807/convnext_tiny_cifar10_analysis.json,convnext_tiny,cifar10,layer_3,3,0.0335624143792475,0.1,-1.845240734622732,2.979434656738342,7.5087411790440255,2.979434656738342,0.664375856207525
results/comprehensive_analysis_20250829_221807/convnext_tiny_cifar10_analysis.json,convnext_tiny,cifar10,summary,-1,0.035823497187265026,0.1,,,,2.7913860026358788,0.6417650281273497
results/comprehensive_analysis_20250829_221807/convnext_tiny_cifar10_analysis.json,convnext_tiny,cifar10,summary_final,999,0.0335624143792475,0.1,,,,2.979434656738342,0.664375856207525
results/comprehensive_analysis_20250829_221807/vit_base_patch16_224_cifar10_analysis.json,vit_base_patch16_224,cifar10,layer_0,0,0.03215009030496779,0.1,-1.7473314850661859,3.1103144263990514,25.047552597149032,3.1103144263990514,0.6784990969503221
results/comprehensive_analysis_20250829_221807/vit_base_patch16_224_cifar10_analysis.json,vit_base_patch16_224,cifar10,layer_1,1,0.03248126159145012,0.1,-2.5190383824557676,3.078603369979684,25.295261354878985,3.078603369979684,0.6751873840854987
results/comprehensive_analysis_20250829_221807/vit_base_patch16_224_cifar10_analysis.json,vit_base_patch16_224,cifar10,layer_2,2,0.032539380758025496,0.1,0.2430049109386819,3.07310479074025,25.338733199028294,3.07310479074025,0.6746061924197451
results/comprehensive_analysis_20250829_221807/vit_base_patch16_224_cifar10_analysis.json,vit_base_patch16_224,cifar10,layer_3,3,0.03272667414135265,0.1,1.1520170787824962,3.055518078311781,25.478824484742717,3.055518078311781,0.6727332585864736
results/comprehensive_analysis_20250829_221807/vit_base_patch16_224_cifar10_analysis.json,vit_base_patch16_224,cifar10,layer_4,4,0.03150812177387499,0.1,-2.574940699172075,3.1736841387598598,24.567374411933073,3.1736841387598598,0.6849187822612501
results/comprehensive_analysis_20250829_221807/vit_base_patch16_224_cifar10_analysis.json,vit_base_patch16_224,cifar10,layer_5,5,0.0314125248749674,0.1,-2.7334912495437926,3.183342219570123,24.495870057425883,3.183342219570123,0.685874751250326
results/comprehensive_analysis_20250829_221807/vit_base_patch16_224_cifar10_analysis.json,vit_base_patch16_224,cifar10,layer_6,6,0.030249211704775177,0.1,-3.0023448996103963,3.3057619885752536,23.625737675781185,3.3057619885752536,0.6975078829522483
results/comprehensive_analysis_20250829_221807/vit_base_patch16_224_cifar10_analysis.json,vit_base_patch16_224,cifar10,layer_7,7,0.03135820957766192,0.1,-2.964979021299236,3.188855884659571,24.455243422900335,3.188855884659571,0.6864179042233808
results/comprehensive_analysis_20250829_221807/vit_base_patch16_224_cifar10_analysis.json,vit_base_patch16_224,cifar10,layer_8,8,0.0320582127266301,0.1,-2.777521923217673,3.11922818731399,24.97883021171819,3.11922818731399,0.679417872733699
results/comprehensive_analysis_20250829_221807/vit_base_patch16_224_cifar10_analysis.json,vit_base_patch16_224,cifar10,layer_9,9,0.03182545358050466,0.1,-2.2317371638927668,3.142040307665795,24.80473154649441,3.142040307665795,0.6817454641949534
results/comprehensive_analysis_20250829_221807/vit_base_patch16_224_cifar10_analysis.json,vit_base_patch16_224,cifar10,layer_10,10,0.032089260141587125,0.1,-1.5409526460662901,3.116210325462765,25.00205298767628,3.116210325462765,0.6791073985841287
results/comprehensive_analysis_20250829_221807/vit_base_patch16_224_cifar10_analysis.json,vit_base_patch16_224,cifar10,layer_11,11,0.032169934113049636,0.1,-0.8874620947669835,3.1083959094441265,25.06239532430934,3.1083959094441265,0.6783006588695036
results/comprehensive_analysis_20250829_221807/vit_base_patch16_224_cifar10_analysis.json,vit_base_patch16_224,cifar10,summary,-1,0.03215009030496779,0.1,,,,3.1103144263990514,0.6784990969503221
results/comprehensive_analysis_20250829_221807/vit_base_patch16_224_cifar10_analysis.json,vit_base_patch16_224,cifar10,summary_final,999,0.032169934113049636,0.1,,,,3.1083959094441265,0.6783006588695036
results/comprehensive_analysis_20250829_221807/resnet18_cifar10_analysis.json,resnet18,cifar10,layer_0,0,0.03432986832204523,0.1,-0.0697243062952031,2.9128304900982065,3.710847801505116,2.9128304900982065,0.6567013167795477
results/comprehensive_analysis_20250829_221807/resnet18_cifar10_analysis.json,resnet18,cifar10,layer_1,1,0.03369876496574868,0.1,-0.44923857419387664,2.9673797458717197,3.6610129134161227,2.9673797458717197,0.6630123503425132
results/comprehensive_analysis_20250829_221807/resnet18_cifar10_analysis.json,resnet18,cifar10,layer_2,2,0.03239985705737103,0.1,-0.6837391396516433,3.0863381120731965,3.558445038271608,3.0863381120731965,0.6760014294262897
results/comprehensive_analysis_20250829_221807/resnet18_cifar10_analysis.json,resnet18,cifar10,layer_3,3,0.031494499619104124,0.1,-2.649732186522189,3.1750567925375384,3.4869537584892702,3.1750567925375384,0.6850550038089588
results/comprehensive_analysis_20250829_221807/resnet18_cifar10_analysis.json,resnet18,cifar10,summary,-1,0.03432986832204523,0.1,,,,2.9128304900982065,0.6567013167795477
results/comprehensive_analysis_20250829_221807/resnet18_cifar10_analysis.json,resnet18,cifar10,summary_final,999,0.031494499619104124,0.1,,,,3.1750567925375384,0.6850550038089588
results/comprehensive_analysis_20250829_221807/resnet18_svhn/analysis_results.json,resnet18,svhn,layer_0,0,0.03434924563090003,0.1,-0.10232678344467397,2.911187333986463,-14.490677436908289,2.911187333986463,0.6565075436909997
results/comprehensive_analysis_20250829_221807/resnet18_svhn/analysis_results.json,resnet18,svhn,layer_1,1,0.035018120907938724,0.1,-0.6121895721059546,2.8555828189659187,-14.792323978828506,2.8555828189659187,0.6498187909206128
results/comprehensive_analysis_20250829_221807/resnet18_svhn/analysis_results.json,resnet18,svhn,layer_2,2,0.03352027122102561,0.1,-0.7279957791037059,2.9831804211910917,-14.116830065562699,2.9831804211910917,0.6647972877897439
results/comprehensive_analysis_20250829_221807/resnet18_svhn/analysis_results.json,resnet18,svhn,layer_3,3,0.032923324902331276,0.1,-2.7164960925988004,3.037268047154986,-13.847621740890636,3.037268047154986,0.6707667509766873
results/comprehensive_analysis_20250829_221807/resnet18_svhn/analysis_results.json,resnet18,svhn,summary,-1,0.03434924563090003,0.1,,,,2.911187333986463,0.6565075436909997
results/comprehensive_analysis_20250829_221807/resnet18_svhn/analysis_results.json,resnet18,svhn,summary_final,999,0.032923324902331276,0.1,,,,3.037268047154986,0.6707667509766873
results/comprehensive_analysis_20250829_221807/vit_base_patch16_224_svhn/analysis_results.json,vit_base_patch16_224,svhn,layer_0,0,0.035052290278484055,0.1,-1.9565264014295405,2.852799243823929,-6.465842192263029,2.852799243823929,0.6494770972151594
results/comprehensive_analysis_20250829_221807/vit_base_patch16_224_svhn/analysis_results.json,vit_base_patch16_224,svhn,layer_1,1,0.03434239706081243,0.1,-2.7955218988066606,2.9117678668457967,-6.314640924260651,2.9117678668457967,0.6565760293918758
results/comprehensive_analysis_20250829_221807/vit_base_patch16_224_svhn/analysis_results.json,vit_base_patch16_224,svhn,layer_2,2,0.032736988639723505,0.1,0.29742626937102623,3.054555400470216,-5.97270247085987,3.054555400470216,0.672630113602765
results/comprehensive_analysis_20250829_221807/vit_base_patch16_224_svhn/analysis_results.json,vit_base_patch16_224,svhn,layer_3,3,0.032905650076316,0.1,1.302453462537142,3.038899425133928,-6.008625934334463,3.038899425133928,0.67094349923684
results/comprehensive_analysis_20250829_221807/vit_base_patch16_224_svhn/analysis_results.json,vit_base_patch16_224,svhn,layer_4,4,0.034361396270423325,0.1,-2.903193050865551,2.910157929994911,-6.318687595665166,2.910157929994911,0.6563860372957668
results/comprehensive_analysis_20250829_221807/vit_base_patch16_224_svhn/analysis_results.json,vit_base_patch16_224,svhn,layer_5,5,0.03400163362964843,0.1,-2.9661478321349133,2.9409486655999935,-6.242061187480195,2.9409486655999935,0.6599836637035157
results/comprehensive_analysis_20250829_221807/vit_base_patch16_224_svhn/analysis_results.json,vit_base_patch16_224,svhn,layer_6,6,0.03401956523017293,0.1,-3.1278242937075587,2.9393985468327766,-6.2458804671537065,2.9393985468327766,0.6598043476982707
results/comprehensive_analysis_20250829_221807/vit_base_patch16_224_svhn/analysis_results.json,vit_base_patch16_224,svhn,layer_7,7,0.03377494846346028,0.1,-2.9852546464809477,2.960686658679109,-6.193779158983859,2.960686658679109,0.6622505153653973
results/comprehensive_analysis_20250829_221807/vit_base_patch16_224_svhn/analysis_results.json,vit_base_patch16_224,svhn,layer_8,8,0.03340538397389012,0.1,-2.7516459522543264,2.99343981911237,-6.115065039675978,2.99343981911237,0.6659461602610988
results/comprehensive_analysis_20250829_221807/vit_base_patch16_224_svhn/analysis_results.json,vit_base_patch16_224,svhn,layer_9,9,0.03246533571092704,0.1,-2.086482919904694,3.080113533303467,-5.914842688193818,3.080113533303467,0.6753466428907297
results/comprehensive_analysis_20250829_221807/vit_base_patch16_224_svhn/analysis_results.json,vit_base_patch16_224,svhn,layer_10,10,0.03229426305336797,0.1,-1.29558977365729,3.0964293380967307,-5.878405654989998,3.0964293380967307,0.6770573694663202
results/comprehensive_analysis_20250829_221807/vit_base_patch16_224_svhn/analysis_results.json,vit_base_patch16_224,svhn,layer_11,11,0.032821553489509006,0.1,-0.722518486488268,3.046685567348158,-5.990714070629672,3.046685567348158,0.67178446510491
results/comprehensive_analysis_20250829_221807/vit_base_patch16_224_svhn/analysis_results.json,vit_base_patch16_224,svhn,summary,-1,0.035052290278484055,0.1,,,,2.852799243823929,0.6494770972151594
results/comprehensive_analysis_20250829_221807/vit_base_patch16_224_svhn/analysis_results.json,vit_base_patch16_224,svhn,summary_final,999,0.032821553489509006,0.1,,,,3.046685567348158,0.67178446510491
results/comprehensive_analysis_20250829_221807/vit_base_patch16_224_cifar10/analysis_results.json,vit_base_patch16_224,cifar10,layer_0,0,0.03215009030496779,0.1,-1.7473314850661859,3.1103144263990514,25.047552597149032,3.1103144263990514,0.6784990969503221
results/comprehensive_analysis_20250829_221807/vit_base_patch16_224_cifar10/analysis_results.json,vit_base_patch16_224,cifar10,layer_1,1,0.03248126159145012,0.1,-2.5190383824557676,3.078603369979684,25.295261354878985,3.078603369979684,0.6751873840854987
results/comprehensive_analysis_20250829_221807/vit_base_patch16_224_cifar10/analysis_results.json,vit_base_patch16_224,cifar10,layer_2,2,0.032539380758025496,0.1,0.2430049109386819,3.07310479074025,25.338733199028294,3.07310479074025,0.6746061924197451
results/comprehensive_analysis_20250829_221807/vit_base_patch16_224_cifar10/analysis_results.json,vit_base_patch16_224,cifar10,layer_3,3,0.03272667414135265,0.1,1.1520170787824962,3.055518078311781,25.478824484742717,3.055518078311781,0.6727332585864736
results/comprehensive_analysis_20250829_221807/vit_base_patch16_224_cifar10/analysis_results.json,vit_base_patch16_224,cifar10,layer_4,4,0.03150812177387499,0.1,-2.574940699172075,3.1736841387598598,24.567374411933073,3.1736841387598598,0.6849187822612501
results/comprehensive_analysis_20250829_221807/vit_base_patch16_224_cifar10/analysis_results.json,vit_base_patch16_224,cifar10,layer_5,5,0.0314125248749674,0.1,-2.7334912495437926,3.183342219570123,24.495870057425883,3.183342219570123,0.685874751250326
results/comprehensive_analysis_20250829_221807/vit_base_patch16_224_cifar10/analysis_results.json,vit_base_patch16_224,cifar10,layer_6,6,0.030249211704775177,0.1,-3.0023448996103963,3.3057619885752536,23.625737675781185,3.3057619885752536,0.6975078829522483
results/comprehensive_analysis_20250829_221807/vit_base_patch16_224_cifar10/analysis_results.json,vit_base_patch16_224,cifar10,layer_7,7,0.03135820957766192,0.1,-2.964979021299236,3.188855884659571,24.455243422900335,3.188855884659571,0.6864179042233808
results/comprehensive_analysis_20250829_221807/vit_base_patch16_224_cifar10/analysis_results.json,vit_base_patch16_224,cifar10,layer_8,8,0.0320582127266301,0.1,-2.777521923217673,3.11922818731399,24.97883021171819,3.11922818731399,0.679417872733699
results/comprehensive_analysis_20250829_221807/vit_base_patch16_224_cifar10/analysis_results.json,vit_base_patch16_224,cifar10,layer_9,9,0.03182545358050466,0.1,-2.2317371638927668,3.142040307665795,24.80473154649441,3.142040307665795,0.6817454641949534
results/comprehensive_analysis_20250829_221807/vit_base_patch16_224_cifar10/analysis_results.json,vit_base_patch16_224,cifar10,layer_10,10,0.032089260141587125,0.1,-1.5409526460662901,3.116210325462765,25.00205298767628,3.116210325462765,0.6791073985841287
results/comprehensive_analysis_20250829_221807/vit_base_patch16_224_cifar10/analysis_results.json,vit_base_patch16_224,cifar10,layer_11,11,0.032169934113049636,0.1,-0.8874620947669835,3.1083959094441265,25.06239532430934,3.1083959094441265,0.6783006588695036
results/comprehensive_analysis_20250829_221807/vit_base_patch16_224_cifar10/analysis_results.json,vit_base_patch16_224,cifar10,summary,-1,0.03215009030496779,0.1,,,,3.1103144263990514,0.6784990969503221
results/comprehensive_analysis_20250829_221807/vit_base_patch16_224_cifar10/analysis_results.json,vit_base_patch16_224,cifar10,summary_final,999,0.032169934113049636,0.1,,,,3.1083959094441265,0.6783006588695036
results/comprehensive_analysis_20250829_221807/convnext_tiny_cifar10/analysis_results.json,convnext_tiny,cifar10,layer_0,0,0.035823497187265026,0.1,-1.4161544087557631,2.7913860026358788,7.9472317660284935,2.7913860026358788,0.6417650281273497
results/comprehensive_analysis_20250829_221807/convnext_tiny_cifar10/analysis_results.json,convnext_tiny,cifar10,layer_1,1,0.035312222824489654,0.1,0.8090717069525393,2.8318004419197385,7.848080600645016,2.8318004419197385,0.6468777717551035
results/comprehensive_analysis_20250829_221807/convnext_tiny_cifar10/analysis_results.json,convnext_tiny,cifar10,layer_2,2,0.03452437523681734,0.1,3.960603612653216,2.896420366587689,7.695293736781491,2.896420366587689,0.6547562476318266
results/comprehensive_analysis_20250829_221807/convnext_tiny_cifar10/analysis_results.json,convnext_tiny,cifar10,layer_3,3,0.0335624143792475,0.1,-1.845240734622732,2.979434656738342,7.5087411790440255,2.979434656738342,0.664375856207525
results/comprehensive_analysis_20250829_221807/convnext_tiny_cifar10/analysis_results.json,convnext_tiny,cifar10,summary,-1,0.035823497187265026,0.1,,,,2.7913860026358788,0.6417650281273497
results/comprehensive_analysis_20250829_221807/convnext_tiny_cifar10/analysis_results.json,convnext_tiny,cifar10,summary_final,999,0.0335624143792475,0.1,,,,2.979434656738342,0.664375856207525
results/comprehensive_analysis_20250829_221807/resnet18_cifar100/analysis_results.json,resnet18,cifar100,layer_0,0,0.03222268774415138,0.1,-0.09029190086165396,3.103307132131395,-1.9766348439354053,3.103307132131395,0.6777731225584862
results/comprehensive_analysis_20250829_221807/resnet18_cifar100/analysis_results.json,resnet18,cifar100,layer_1,1,0.03239562880111944,0.1,-0.5297344128223578,3.0867409264677748,-1.9926106179057683,3.0867409264677748,0.6760437119888056
results/comprehensive_analysis_20250829_221807/resnet18_cifar100/analysis_results.json,resnet18,cifar100,layer_2,2,0.03183590504174184,0.1,-0.6943509318813694,3.1410088345235985,-1.9409050228179008,3.1410088345235985,0.6816409495825817
results/comprehensive_analysis_20250829_221807/resnet18_cifar100/analysis_results.json,resnet18,cifar100,layer_3,3,0.032590431776879765,0.1,-2.6357840122638723,3.0682910982431775,-2.010605930089363,3.0682910982431775,0.6740956822312023
results/comprehensive_analysis_20250829_221807/resnet18_cifar100/analysis_results.json,resnet18,cifar100,summary,-1,0.03222268774415138,0.1,,,,3.103307132131395,0.6777731225584862
results/comprehensive_analysis_20250829_221807/resnet18_cifar100/analysis_results.json,resnet18,cifar100,summary_final,999,0.032590431776879765,0.1,,,,3.0682910982431775,0.6740956822312023
results/comprehensive_analysis_20250829_221807/convnext_tiny_cifar100/analysis_results.json,convnext_tiny,cifar100,layer_0,0,0.03222081829006242,0.1,-1.4267830753832154,3.10348718063627,12.597687321049666,3.10348718063627,0.6777918170993759
results/comprehensive_analysis_20250829_221807/convnext_tiny_cifar100/analysis_results.json,convnext_tiny,cifar100,layer_1,1,0.0323275899181566,0.1,0.7919212541852337,3.093237294084309,12.636119118350656,3.093237294084309,0.6767241008184339
results/comprehensive_analysis_20250829_221807/convnext_tiny_cifar100/analysis_results.json,convnext_tiny,cifar100,layer_2,2,0.033876083943657355,0.1,3.9166322139579073,2.9518479266490267,13.193490112612778,2.9518479266490267,0.6612391605634265
results/comprehensive_analysis_20250829_221807/convnext_tiny_cifar100/analysis_results.json,convnext_tiny,cifar100,layer_3,3,0.033586006520686044,0.1,-1.8196165652601144,2.9773418461216714,13.089078510764828,2.9773418461216714,0.6641399347931396
results/comprehensive_analysis_20250829_221807/convnext_tiny_cifar100/analysis_results.json,convnext_tiny,cifar100,summary,-1,0.03222081829006242,0.1,,,,3.10348718063627,0.6777918170993759
results/comprehensive_analysis_20250829_221807/convnext_tiny_cifar100/analysis_results.json,convnext_tiny,cifar100,summary_final,999,0.033586006520686044,0.1,,,,2.9773418461216714,0.6641399347931396
results/comprehensive_analysis_20250829_221807/convnext_tiny_svhn/analysis_results.json,convnext_tiny,svhn,layer_0,0,0.032447676369959766,0.1,-1.4538324154209636,3.0817898043008523,7.019419609066451,3.0817898043008523,0.6755232363004023
results/comprehensive_analysis_20250829_221807/convnext_tiny_svhn/analysis_results.json,convnext_tiny,svhn,layer_1,1,0.033420660826501705,0.1,0.9935540239225644,2.992071534658894,7.19991948986678,2.992071534658894,0.665793391734983
results/comprehensive_analysis_20250829_221807/convnext_tiny_svhn/analysis_results.json,convnext_tiny,svhn,layer_2,2,0.032540579338363566,0.1,3.4611674879245244,3.0729916013052594,7.03665418523068,3.0729916013052594,0.6745942066163644
results/comprehensive_analysis_20250829_221807/convnext_tiny_svhn/analysis_results.json,convnext_tiny,svhn,layer_3,3,0.03258691811734881,0.1,-1.5537711677290986,3.068621924232805,7.045250565190331,3.068621924232805,0.6741308188265119
results/comprehensive_analysis_20250829_221807/convnext_tiny_svhn/analysis_results.json,convnext_tiny,svhn,summary,-1,0.032447676369959766,0.1,,,,3.0817898043008523,0.6755232363004023
results/comprehensive_analysis_20250829_221807/convnext_tiny_svhn/analysis_results.json,convnext_tiny,svhn,summary_final,999,0.03258691811734881,0.1,,,,3.068621924232805,0.6741308188265119
results/comprehensive_analysis_20250829_221807/vit_base_patch16_224_cifar100/analysis_results.json,vit_base_patch16_224,cifar100,layer_0,0,0.03432135806978266,0.1,-1.9405807185656379,2.913552728419316,-12.627692741590499,2.913552728419316,0.6567864193021734
results/comprehensive_analysis_20250829_221807/vit_base_patch16_224_cifar100/analysis_results.json,vit_base_patch16_224,cifar100,layer_1,1,0.03480452706705047,0.1,-2.840106030913756,2.873106900733232,-12.819540588159985,2.873106900733232,0.6519547293294954
results/comprehensive_analysis_20250829_221807/vit_base_patch16_224_cifar100/analysis_results.json,vit_base_patch16_224,cifar100,layer_2,2,0.033517653763410024,0.1,0.21034816632040834,2.983413376499119,-12.308572638007465,2.983413376499119,0.6648234623658997
results/comprehensive_analysis_20250829_221807/vit_base_patch16_224_cifar100/analysis_results.json,vit_base_patch16_224,cifar100,layer_3,3,0.033379096380209,0.1,1.1794854627117437,2.9957972218225777,-12.253556824195458,2.9957972218225777,0.66620903619791
results/comprehensive_analysis_20250829_221807/vit_base_patch16_224_cifar100/analysis_results.json,vit_base_patch16_224,cifar100,layer_4,4,0.034671660728153975,0.1,-2.9671810041348827,2.88411670462892,-12.766784469404428,2.88411670462892,0.6532833927184603
results/comprehensive_analysis_20250829_221807/vit_base_patch16_224_cifar100/analysis_results.json,vit_base_patch16_224,cifar100,layer_5,5,0.03367677194491988,0.1,-3.105146168623624,2.9693175713509308,-12.371752354929159,2.9693175713509308,0.6632322805508013
results/comprehensive_analysis_20250829_221807/vit_base_patch16_224_cifar100/analysis_results.json,vit_base_patch16_224,cifar100,layer_6,6,0.033888818274778805,0.1,-3.2620094974246316,2.9507387495913826,-12.455947806182106,2.9507387495913826,0.6611118172522119
results/comprehensive_analysis_20250829_221807/vit_base_patch16_224_cifar100/analysis_results.json,vit_base_patch16_224,cifar100,layer_7,7,0.033667732241744186,0.1,-3.145510909682767,2.970114802125367,-12.36816303608277,2.970114802125367,0.6633226775825581
results/comprehensive_analysis_20250829_221807/vit_base_patch16_224_cifar100/analysis_results.json,vit_base_patch16_224,cifar100,layer_8,8,0.03405246069337261,0.1,-2.8989200098650776,2.9365591033589644,-12.520923923839016,2.9365591033589644,0.659475393066274
results/comprehensive_analysis_20250829_221807/vit_base_patch16_224_cifar100/analysis_results.json,vit_base_patch16_224,cifar100,layer_9,9,0.033717948430367156,0.1,-2.336037256418122,2.965691537104413,-12.388101955394069,2.965691537104413,0.6628205156963285
results/comprehensive_analysis_20250829_221807/vit_base_patch16_224_cifar100/analysis_results.json,vit_base_patch16_224,cifar100,layer_10,10,0.03312358267026296,0.1,-1.6446219862780929,3.0189059586182596,-12.152102146227042,3.0189059586182596,0.6687641732973704
results/comprehensive_analysis_20250829_221807/vit_base_patch16_224_cifar100/analysis_results.json,vit_base_patch16_224,cifar100,layer_11,11,0.03375335671899915,0.1,-0.9677453330134714,2.9625805294554315,-12.402161226504532,2.9625805294554315,0.6624664328100085
results/comprehensive_analysis_20250829_221807/vit_base_patch16_224_cifar100/analysis_results.json,vit_base_patch16_224,cifar100,summary,-1,0.03432135806978266,0.1,,,,2.913552728419316,0.6567864193021734
results/comprehensive_analysis_20250829_221807/vit_base_patch16_224_cifar100/analysis_results.json,vit_base_patch16_224,cifar100,summary_final,999,0.03375335671899915,0.1,,,,2.9625805294554315,0.6624664328100085
results/comprehensive_analysis_20250829_221807/resnet18_cifar10/analysis_results.json,resnet18,cifar10,layer_0,0,0.03432986832204523,0.1,-0.0697243062952031,2.9128304900982065,3.710847801505116,2.9128304900982065,0.6567013167795477
results/comprehensive_analysis_20250829_221807/resnet18_cifar10/analysis_results.json,resnet18,cifar10,layer_1,1,0.03369876496574868,0.1,-0.44923857419387664,2.9673797458717197,3.6610129134161227,2.9673797458717197,0.6630123503425132
results/comprehensive_analysis_20250829_221807/resnet18_cifar10/analysis_results.json,resnet18,cifar10,layer_2,2,0.03239985705737103,0.1,-0.6837391396516433,3.0863381120731965,3.558445038271608,3.0863381120731965,0.6760014294262897
results/comprehensive_analysis_20250829_221807/resnet18_cifar10/analysis_results.json,resnet18,cifar10,layer_3,3,0.031494499619104124,0.1,-2.649732186522189,3.1750567925375384,3.4869537584892702,3.1750567925375384,0.6850550038089588
results/comprehensive_analysis_20250829_221807/resnet18_cifar10/analysis_results.json,resnet18,cifar10,summary,-1,0.03432986832204523,0.1,,,,2.9128304900982065,0.6567013167795477
results/comprehensive_analysis_20250829_221807/resnet18_cifar10/analysis_results.json,resnet18,cifar10,summary_final,999,0.031494499619104124,0.1,,,,3.1750567925375384,0.6850550038089588
results/multi_model_analysis/resnet18_cifar10_analysis.json,resnet18,cifar10,layer_0,0,0.03017466807730878,0.1,-0.0708114752739192,3.313928286320099,10.564680878647652,3.313928286320099,0.6982533192269123
results/multi_model_analysis/resnet18_cifar10_analysis.json,resnet18,cifar10,layer_1,1,0.031897287005186514,0.1,-0.4534241330276549,3.1349645823846424,11.110711750584858,3.1349645823846424,0.6810271299481349
results/multi_model_analysis/resnet18_cifar10_analysis.json,resnet18,cifar10,layer_2,2,0.03192478370560622,0.1,-0.6862259616885982,3.132264533335163,11.119427576855305,3.132264533335163,0.6807521629439379
results/multi_model_analysis/resnet18_cifar10_analysis.json,resnet18,cifar10,layer_3,3,0.03386815032215674,0.1,-2.659034708044854,2.9525393772450608,11.735430426328264,2.9525393772450608,0.6613184967784327
results/multi_model_analysis/resnet18_cifar10_analysis.json,resnet18,cifar10,summary,-1,0.03017466807730878,0.1,,,,3.313928286320099,0.6982533192269123
results/multi_model_analysis/resnet18_cifar10_analysis.json,resnet18,cifar10,summary_final,999,0.03386815032215674,0.1,,,,2.9525393772450608,0.6613184967784327
results/example_cross_modal/convnext_tiny_cifar10_analysis.json,convnext_tiny,cifar10,layer_0,0,0.035087499260612415,0.1,-1.4162896455410432,2.8500178726688374,-10.0,2.8499366489649822,0.6491250073938759
results/example_cross_modal/convnext_tiny_cifar10_analysis.json,convnext_tiny,cifar10,layer_1,1,0.03429022934827216,0.1,0.8043765632466372,2.9162826233776378,-10.0,2.9161975788143835,0.6570977065172785
results/example_cross_modal/convnext_tiny_cifar10_analysis.json,convnext_tiny,cifar10,layer_2,2,0.0333304681419742,0.1,3.971234078544897,3.000257889389396,-10.0,3.0001678766159827,0.666695318580258
results/example_cross_modal/convnext_tiny_cifar10_analysis.json,convnext_tiny,cifar10,layer_3,3,0.03284876072609675,0.1,-1.8560437627293764,3.044254875665822,-10.0,3.0441622036095155,0.6715123927390325
results/example_cross_modal/convnext_tiny_cifar10_analysis.json,convnext_tiny,cifar10,summary,-1,0.035087499260612415,0.1,,,,2.8499366489649822,0.6491250073938759
results/example_cross_modal/convnext_tiny_cifar10_analysis.json,convnext_tiny,cifar10,summary_final,999,0.03284876072609675,0.1,,,,3.0441622036095155,0.6715123927390325
results/example_cross_modal/vit_base_patch16_224_cifar10_analysis.json,vit_base_patch16_224,cifar10,layer_0,0,0.03447315980376336,0.1,-1.7665206049471625,2.9008074852796994,-10.0,2.9007233408799,0.6552684019623665
results/example_cross_modal/vit_base_patch16_224_cifar10_analysis.json,vit_base_patch16_224,cifar10,layer_1,1,0.03345519822962776,0.1,-2.5476779328921983,2.989072111114873,-10.0,2.9889827682645405,0.6654480177037224
results/example_cross_modal/vit_base_patch16_224_cifar10_analysis.json,vit_base_patch16_224,cifar10,layer_2,2,0.034077092039638324,0.1,0.19941300004854873,2.9345226958826314,-10.0,2.934436584175072,0.6592290796036168
results/example_cross_modal/vit_base_patch16_224_cifar10_analysis.json,vit_base_patch16_224,cifar10,layer_3,3,0.034076015847800886,0.1,1.1297621238048166,2.9346153742458,-10.0,2.9345292570990593,0.6592398415219911
results/example_cross_modal/vit_base_patch16_224_cifar10_analysis.json,vit_base_patch16_224,cifar10,layer_4,4,0.0343128851256759,0.1,-2.600766953704624,2.914357088706926,-10.0,2.9142721564097513,0.656871148743241
results/example_cross_modal/vit_base_patch16_224_cifar10_analysis.json,vit_base_patch16_224,cifar10,layer_5,5,0.033998916034211325,0.1,-2.755754476536758,2.9412702422446424,-10.0,2.9411837340827023,0.6600108396578868
results/example_cross_modal/vit_base_patch16_224_cifar10_analysis.json,vit_base_patch16_224,cifar10,layer_6,6,0.03423074494359444,0.1,-3.016573875188317,2.9213503873427356,-10.0,2.921265046954971,0.6576925505640556
results/example_cross_modal/vit_base_patch16_224_cifar10_analysis.json,vit_base_patch16_224,cifar10,layer_7,7,0.033760297729702765,0.1,-2.9749940734854707,2.9620591856338594,-10.0,2.9619714502864403,0.6623970227029723
results/example_cross_modal/vit_base_patch16_224_cifar10_analysis.json,vit_base_patch16_224,cifar10,layer_8,8,0.03339949755846332,0.1,-2.7863660110264714,2.994057016125991,-10.0,2.993967375035738,0.6660050244153668
results/example_cross_modal/vit_base_patch16_224_cifar10_analysis.json,vit_base_patch16_224,cifar10,layer_9,9,0.033435667342594434,0.1,-2.2432633923513254,2.9908181277006487,-10.0,2.990728680445123,0.6656433265740557
results/example_cross_modal/vit_base_patch16_224_cifar10_analysis.json,vit_base_patch16_224,cifar10,layer_10,10,0.03447209998542519,0.1,-1.5604625887582,2.9008966683863187,-10.0,2.900812518812604,0.655279000145748
results/example_cross_modal/vit_base_patch16_224_cifar10_analysis.json,vit_base_patch16_224,cifar10,layer_11,11,0.0343622551213931,0.1,-0.9097346179546547,2.9101698839824532,-10.0,2.9100851955594935,0.656377448786069
results/example_cross_modal/vit_base_patch16_224_cifar10_analysis.json,vit_base_patch16_224,cifar10,summary,-1,0.03447315980376336,0.1,,,,2.9007233408799,0.6552684019623665
results/example_cross_modal/vit_base_patch16_224_cifar10_analysis.json,vit_base_patch16_224,cifar10,summary_final,999,0.0343622551213931,0.1,,,,2.9100851955594935,0.656377448786069
results/example_cross_modal/resnet18_cifar10_analysis.json,resnet18,cifar10,layer_0,0,0.031113302490966818,0.1,-0.07065832279663319,3.214059324915225,-8.15931305683643,3.213956026461858,0.6888669750903318
results/example_cross_modal/resnet18_cifar10_analysis.json,resnet18,cifar10,layer_1,1,0.031651727746993256,0.1,-0.45255677175885234,3.1593851937355764,-8.317817782558981,3.159285379741061,0.6834827225300675
results/example_cross_modal/resnet18_cifar10_analysis.json,resnet18,cifar10,layer_2,2,0.03221565389822894,0.1,-0.6831467243755542,3.1040810258238314,-8.483829608581118,3.103984675624471,0.6778434610177106
results/example_cross_modal/resnet18_cifar10_analysis.json,resnet18,cifar10,layer_3,3,0.0317832575392493,0.1,-2.6485322975440386,3.146310596908121,-8.356538279810069,3.146211607318919,0.682167424607507
results/example_cross_modal/resnet18_cifar10_analysis.json,resnet18,cifar10,summary,-1,0.031113302490966818,0.1,,,,3.213956026461858,0.6888669750903318
results/example_cross_modal/resnet18_cifar10_analysis.json,resnet18,cifar10,summary_final,999,0.0317832575392493,0.1,,,,3.146211607318919,0.682167424607507
results/comprehensive_analysis_20250829_221101/convnext_tiny_cifar100_analysis.json,convnext_tiny,cifar100,layer_0,0,0.03277360673403262,0.1,-1.4234993925521444,3.05114263647782,-9.991209041235331,3.05114263647782,0.6722639326596738
results/comprehensive_analysis_20250829_221101/convnext_tiny_cifar100_analysis.json,convnext_tiny,cifar100,layer_1,1,0.03312795189918876,0.1,0.7925906136310806,3.0185078086472377,-10.110044963524528,3.0185078086472377,0.6687204810081124
results/comprehensive_analysis_20250829_221101/convnext_tiny_cifar100_analysis.json,convnext_tiny,cifar100,layer_2,2,0.03313794549094133,0.1,3.9102628254865426,3.017597528181318,-10.113396491384023,3.017597528181318,0.6686205450905867
results/comprehensive_analysis_20250829_221101/convnext_tiny_cifar100_analysis.json,convnext_tiny,cifar100,layer_3,3,0.03273588445927245,0.1,-1.84051307129762,3.0546584273897155,-9.978558208790655,3.0546584273897155,0.6726411554072755
results/comprehensive_analysis_20250829_221101/convnext_tiny_cifar100_analysis.json,convnext_tiny,cifar100,summary,-1,0.03277360673403262,0.1,,,,3.05114263647782,0.6722639326596738
results/comprehensive_analysis_20250829_221101/convnext_tiny_cifar100_analysis.json,convnext_tiny,cifar100,summary_final,999,0.03273588445927245,0.1,,,,3.0546584273897155,0.6726411554072755
results/comprehensive_analysis_20250829_221101/vit_base_patch16_224_svhn_analysis.json,vit_base_patch16_224,svhn,layer_0,0,0.03551071175228257,0.1,-1.935523086455335,2.815972395179524,-5.610537753077849,2.815972395179524,0.6448928824771742
results/comprehensive_analysis_20250829_221101/vit_base_patch16_224_svhn_analysis.json,vit_base_patch16_224,svhn,layer_1,1,0.03490983808943706,0.1,-2.746640023825837,2.864439969725531,-5.49868141911363,2.864439969725531,0.6509016191056294
results/comprehensive_analysis_20250829_221101/vit_base_patch16_224_svhn_analysis.json,vit_base_patch16_224,svhn,layer_2,2,0.035170442073854245,0.1,0.3320469635024598,2.843215805312061,-5.547194456239156,2.843215805312061,0.6482955792614575
results/comprehensive_analysis_20250829_221101/vit_base_patch16_224_svhn_analysis.json,vit_base_patch16_224,svhn,layer_3,3,0.034436600915693075,0.1,1.3243975980587428,2.9038027429614126,-5.410585403888214,2.9038027429614126,0.6556339908430693
results/comprehensive_analysis_20250829_221101/vit_base_patch16_224_svhn_analysis.json,vit_base_patch16_224,svhn,layer_4,4,0.03632706633410148,0.1,-2.846407497356848,2.752692617336726,-5.762507187558843,2.752692617336726,0.6367293366589852
results/comprehensive_analysis_20250829_221101/vit_base_patch16_224_svhn_analysis.json,vit_base_patch16_224,svhn,layer_5,5,0.036116365752392174,0.1,-2.9161544134671695,2.76875120642974,-5.7232839762725956,2.76875120642974,0.6388363424760783
results/comprehensive_analysis_20250829_221101/vit_base_patch16_224_svhn_analysis.json,vit_base_patch16_224,svhn,layer_6,6,0.03627593367687089,0.1,-3.0897506883828023,2.756572561802738,-5.752988528417457,2.756572561802738,0.6372406632312911
results/comprehensive_analysis_20250829_221101/vit_base_patch16_224_svhn_analysis.json,vit_base_patch16_224,svhn,layer_7,7,0.03512512615494367,0.1,-2.9589961373990916,2.846883814027581,-5.538758618769508,2.846883814027581,0.6487487384505634
results/comprehensive_analysis_20250829_221101/vit_base_patch16_224_svhn_analysis.json,vit_base_patch16_224,svhn,layer_8,8,0.03472572192701651,0.1,-2.7321813318908217,2.87962682484587,-5.464407061248793,2.87962682484587,0.6527427807298349
results/comprehensive_analysis_20250829_221101/vit_base_patch16_224_svhn_analysis.json,vit_base_patch16_224,svhn,layer_9,9,0.03379859088215781,0.1,-2.070199514175813,2.9586156929724314,-5.291815905744988,2.9586156929724314,0.6620140911784219
results/comprehensive_analysis_20250829_221101/vit_base_patch16_224_svhn_analysis.json,vit_base_patch16_224,svhn,layer_10,10,0.033610549163702964,0.1,-1.2688718205759357,2.9751678362980596,-5.256810781441348,2.9751678362980596,0.6638945083629704
results/comprehensive_analysis_20250829_221101/vit_base_patch16_224_svhn_analysis.json,vit_base_patch16_224,svhn,layer_11,11,0.034400369023422764,0.1,-0.6921881515616275,2.906861059276835,-5.40384061393894,2.906861059276835,0.6559963097657724
results/comprehensive_analysis_20250829_221101/vit_base_patch16_224_svhn_analysis.json,vit_base_patch16_224,svhn,summary,-1,0.03551071175228257,0.1,,,,2.815972395179524,0.6448928824771742
results/comprehensive_analysis_20250829_221101/vit_base_patch16_224_svhn_analysis.json,vit_base_patch16_224,svhn,summary_final,999,0.034400369023422764,0.1,,,,2.906861059276835,0.6559963097657724
results/comprehensive_analysis_20250829_221101/resnet18_cifar100_analysis.json,resnet18,cifar100,layer_0,0,0.034618288801647586,0.1,-0.0900315742440187,2.888563094780874,11.668907108970693,2.888563094780874,0.6538171119835241
results/comprehensive_analysis_20250829_221101/resnet18_cifar100_analysis.json,resnet18,cifar100,layer_1,1,0.03377362328637338,0.1,-0.5209383283710805,2.960802823827372,11.408592164686604,2.960802823827372,0.6622637671362662
results/comprehensive_analysis_20250829_221101/resnet18_cifar100_analysis.json,resnet18,cifar100,layer_2,2,0.033411936740089604,0.1,-0.6948435031340076,2.9928527617273977,11.297125067425506,2.9928527617273977,0.665880632599104
results/comprehensive_analysis_20250829_221101/resnet18_cifar100_analysis.json,resnet18,cifar100,layer_3,3,0.03301448052606067,0.1,-2.6374558508607064,3.0288821609325147,11.17463422301508,3.0288821609325147,0.6698551947393934
results/comprehensive_analysis_20250829_221101/resnet18_cifar100_analysis.json,resnet18,cifar100,summary,-1,0.034618288801647586,0.1,,,,2.888563094780874,0.6538171119835241
results/comprehensive_analysis_20250829_221101/resnet18_cifar100_analysis.json,resnet18,cifar100,summary_final,999,0.03301448052606067,0.1,,,,3.0288821609325147,0.6698551947393934
results/comprehensive_analysis_20250829_221101/vit_base_patch16_224_cifar100_analysis.json,vit_base_patch16_224,cifar100,layer_0,0,0.03238243912661669,0.1,-1.9417890376515978,3.0879981464911093,4.61794288922408,3.0879981464911093,0.6761756087338331
results/comprehensive_analysis_20250829_221101/vit_base_patch16_224_cifar100_analysis.json,vit_base_patch16_224,cifar100,layer_1,1,0.03289399414117728,0.1,-2.836828633062693,3.0399762216349524,4.675096608254936,3.0399762216349524,0.6710600585882271
results/comprehensive_analysis_20250829_221101/vit_base_patch16_224_cifar100_analysis.json,vit_base_patch16_224,cifar100,layer_2,2,0.03325357407521076,0.1,0.18671209681123876,3.0071051210529216,4.715270841590398,3.0071051210529216,0.6674642592478923
results/comprehensive_analysis_20250829_221101/vit_base_patch16_224_cifar100_analysis.json,vit_base_patch16_224,cifar100,layer_3,3,0.03324023525389591,0.1,1.1432408256666393,3.008311792152185,4.713780555650602,3.008311792152185,0.6675976474610409
results/comprehensive_analysis_20250829_221101/vit_base_patch16_224_cifar100_analysis.json,vit_base_patch16_224,cifar100,layer_4,4,0.03318957363398905,0.1,-2.964425960731278,3.012903636519083,4.70812036289051,3.012903636519083,0.6681042636601096
results/comprehensive_analysis_20250829_221101/vit_base_patch16_224_cifar100_analysis.json,vit_base_patch16_224,cifar100,layer_5,5,0.03280760195222448,0.1,-3.1023779361849053,3.0479811406051036,4.665444401252117,3.0479811406051036,0.6719239804777553
results/comprehensive_analysis_20250829_221101/vit_base_patch16_224_cifar100_analysis.json,vit_base_patch16_224,cifar100,layer_6,6,0.03239884425258104,0.1,-3.258462356452672,3.0864345896364545,4.6197757594596265,3.0864345896364545,0.6760115574741896
results/comprehensive_analysis_20250829_221101/vit_base_patch16_224_cifar100_analysis.json,vit_base_patch16_224,cifar100,layer_7,7,0.03225709878461123,0.1,-3.143237037287246,3.0999967068023593,4.603939181927096,3.0999967068023593,0.6774290121538877
results/comprehensive_analysis_20250829_221101/vit_base_patch16_224_cifar100_analysis.json,vit_base_patch16_224,cifar100,layer_8,8,0.03217728464886543,0.1,-2.895779568910208,3.1076858537120904,4.595021910941053,3.1076858537120904,0.6782271535113458
results/comprehensive_analysis_20250829_221101/vit_base_patch16_224_cifar100_analysis.json,vit_base_patch16_224,cifar100,layer_9,9,0.03242148967174734,0.1,-2.3338877544364642,3.084278875941445,4.6223058293202035,3.084278875941445,0.6757851032825266
results/comprehensive_analysis_20250829_221101/vit_base_patch16_224_cifar100_analysis.json,vit_base_patch16_224,cifar100,layer_10,10,0.03330163732786357,0.1,-1.6433031828402542,3.002765186898043,4.720640730575235,3.002765186898043,0.6669836267213642
results/comprehensive_analysis_20250829_221101/vit_base_patch16_224_cifar100_analysis.json,vit_base_patch16_224,cifar100,layer_11,11,0.03352271485447468,0.1,-0.9625425647093735,2.9829629691726183,4.745340718807823,2.9829629691726183,0.6647728514552532
results/comprehensive_analysis_20250829_221101/vit_base_patch16_224_cifar100_analysis.json,vit_base_patch16_224,cifar100,summary,-1,0.03238243912661669,0.1,,,,3.0879981464911093,0.6761756087338331
results/comprehensive_analysis_20250829_221101/vit_base_patch16_224_cifar100_analysis.json,vit_base_patch16_224,cifar100,summary_final,999,0.03352271485447468,0.1,,,,2.9829629691726183,0.6647728514552532
results/comprehensive_analysis_20250829_221101/resnet18_svhn_analysis.json,resnet18,svhn,layer_0,0,0.031948198716362494,0.1,-0.10213770064868231,3.1299689512646807,4.130101836329119,3.1299689512646807,0.680518012836375
results/comprehensive_analysis_20250829_221101/resnet18_svhn_analysis.json,resnet18,svhn,layer_1,1,0.03245049958913898,0.1,-0.6100637495593715,3.0815216944078747,4.179314403780133,3.0815216944078747,0.6754950041086102
results/comprehensive_analysis_20250829_221101/resnet18_svhn_analysis.json,resnet18,svhn,layer_2,2,0.0333959836896582,0.1,-0.7261447070301433,2.9942823857762417,4.271947529845532,2.9942823857762417,0.6660401631034181
results/comprehensive_analysis_20250829_221101/resnet18_svhn_analysis.json,resnet18,svhn,layer_3,3,0.03347258402640271,0.1,-2.71822379863454,2.9874303247935368,4.27945239285318,2.9874303247935368,0.6652741597359728
results/comprehensive_analysis_20250829_221101/resnet18_svhn_analysis.json,resnet18,svhn,summary,-1,0.031948198716362494,0.1,,,,3.1299689512646807,0.680518012836375
results/comprehensive_analysis_20250829_221101/resnet18_svhn_analysis.json,resnet18,svhn,summary_final,999,0.03347258402640271,0.1,,,,2.9874303247935368,0.6652741597359728
results/comprehensive_analysis_20250829_221101/convnext_tiny_cifar10_analysis.json,convnext_tiny,cifar10,layer_0,0,0.03411468225488925,0.1,-1.4131642241008648,2.931203288061713,-102.26058195939879,2.931203288061713,0.6588531774511075
results/comprehensive_analysis_20250829_221101/convnext_tiny_cifar10_analysis.json,convnext_tiny,cifar10,layer_1,1,0.03377509209646129,0.1,0.7945654181230978,2.9606740683442467,-101.23268795396864,2.9606740683442467,0.6622490790353871
results/comprehensive_analysis_20250829_221101/convnext_tiny_cifar10_analysis.json,convnext_tiny,cifar10,layer_2,2,0.03300465879042117,0.1,3.9798404512146925,3.0297834875824923,-98.9006893456215,3.0297834875824923,0.6699534120957883
results/comprehensive_analysis_20250829_221101/convnext_tiny_cifar10_analysis.json,convnext_tiny,cifar10,layer_3,3,0.03263195871049155,0.1,-1.8497677963690324,3.064386557381015,-97.7725760346927,3.064386557381015,0.6736804128950845
results/comprehensive_analysis_20250829_221101/convnext_tiny_cifar10_analysis.json,convnext_tiny,cifar10,summary,-1,0.03411468225488925,0.1,,,,2.931203288061713,0.6588531774511075
results/comprehensive_analysis_20250829_221101/convnext_tiny_cifar10_analysis.json,convnext_tiny,cifar10,summary_final,999,0.03263195871049155,0.1,,,,3.064386557381015,0.6736804128950845
results/comprehensive_analysis_20250829_221101/vit_base_patch16_224_cifar10_analysis.json,vit_base_patch16_224,cifar10,layer_0,0,0.032798389663965415,0.1,-1.772662597013179,3.0488372199761873,-9.340826038811514,3.0488372199761873,0.6720161033603459
results/comprehensive_analysis_20250829_221101/vit_base_patch16_224_cifar10_analysis.json,vit_base_patch16_224,cifar10,layer_1,1,0.03447027190875022,0.1,-2.5574686617508346,2.9009663543809046,-9.867944706155473,2.9009663543809046,0.6552972809124978
results/comprehensive_analysis_20250829_221101/vit_base_patch16_224_cifar10_analysis.json,vit_base_patch16_224,cifar10,layer_2,2,0.03342164617586319,0.1,0.22322130980827362,2.99198332393612,-9.537329197445922,2.99198332393612,0.6657835382413682
results/comprehensive_analysis_20250829_221101/vit_base_patch16_224_cifar10_analysis.json,vit_base_patch16_224,cifar10,layer_3,3,0.03287513534135417,0.1,1.1328784314726008,3.041720048956369,-9.36502276637158,3.041720048956369,0.6712486465864583
results/comprehensive_analysis_20250829_221101/vit_base_patch16_224_cifar10_analysis.json,vit_base_patch16_224,cifar10,layer_4,4,0.03439116742340328,0.1,-2.614055287060899,2.9076387878930747,-9.843004282852888,2.9076387878930747,0.6560883257659673
results/comprehensive_analysis_20250829_221101/vit_base_patch16_224_cifar10_analysis.json,vit_base_patch16_224,cifar10,layer_5,5,0.034324146807883975,0.1,-2.7710248210532735,2.913316017545233,-9.821873717200129,2.913316017545233,0.6567585319211603
results/comprehensive_analysis_20250829_221101/vit_base_patch16_224_cifar10_analysis.json,vit_base_patch16_224,cifar10,layer_6,6,0.03391377715698467,0.1,-3.030685135964171,2.948567214141498,-9.692490500065544,2.948567214141498,0.6608622284301533
results/comprehensive_analysis_20250829_221101/vit_base_patch16_224_cifar10_analysis.json,vit_base_patch16_224,cifar10,layer_7,7,0.03358650485470771,0.1,-2.9851313787939184,2.977297671636473,-9.589306594396982,2.977297671636473,0.6641349514529229
results/comprehensive_analysis_20250829_221101/vit_base_patch16_224_cifar10_analysis.json,vit_base_patch16_224,cifar10,layer_8,8,0.03311797223336554,0.1,-2.7941913692304623,3.019417368853479,-9.441585490390134,3.019417368853479,0.6688202776663447
results/comprehensive_analysis_20250829_221101/vit_base_patch16_224_cifar10_analysis.json,vit_base_patch16_224,cifar10,layer_9,9,0.03278623046011518,0.1,-2.246675736205345,3.0499678867859066,-9.336992429507095,3.0499678867859066,0.6721376953988483
results/comprehensive_analysis_20250829_221101/vit_base_patch16_224_cifar10_analysis.json,vit_base_patch16_224,cifar10,layer_10,10,0.03316558767667716,0.1,-1.5624660883634465,3.0150825576283293,-9.456597904752275,3.0150825576283293,0.6683441232332283
results/comprehensive_analysis_20250829_221101/vit_base_patch16_224_cifar10_analysis.json,vit_base_patch16_224,cifar10,layer_11,11,0.033031510020653694,0.1,-0.904899418483282,3.027320658874383,-9.414325289211227,3.027320658874383,0.669684899793463
results/comprehensive_analysis_20250829_221101/vit_base_patch16_224_cifar10_analysis.json,vit_base_patch16_224,cifar10,summary,-1,0.032798389663965415,0.1,,,,3.0488372199761873,0.6720161033603459
results/comprehensive_analysis_20250829_221101/vit_base_patch16_224_cifar10_analysis.json,vit_base_patch16_224,cifar10,summary_final,999,0.033031510020653694,0.1,,,,3.027320658874383,0.669684899793463
results/comprehensive_analysis_20250829_221101/resnet18_cifar10_analysis.json,resnet18,cifar10,layer_0,0,0.03319802196644497,0.1,-0.07029977929292303,3.012136926836952,-2.7206676989059315,3.012136926836952,0.6680197803355503
results/comprehensive_analysis_20250829_221101/resnet18_cifar10_analysis.json,resnet18,cifar10,layer_1,1,0.03252049274399182,0.1,-0.45339833854656114,3.074889605689287,-2.644733623809703,3.074889605689287,0.6747950725600819
results/comprehensive_analysis_20250829_221101/resnet18_cifar10_analysis.json,resnet18,cifar10,layer_2,2,0.031995563667561636,0.1,-0.684019649920246,3.125335615379872,-2.5859022072613196,3.125335615379872,0.6800443633243837
results/comprehensive_analysis_20250829_221101/resnet18_cifar10_analysis.json,resnet18,cifar10,layer_3,3,0.03278668961328261,0.1,-2.6391185972572724,3.0499251755600683,-2.6745676330202888,3.0499251755600683,0.6721331038671738
results/comprehensive_analysis_20250829_221101/resnet18_cifar10_analysis.json,resnet18,cifar10,summary,-1,0.03319802196644497,0.1,,,,3.012136926836952,0.6680197803355503
results/comprehensive_analysis_20250829_221101/resnet18_cifar10_analysis.json,resnet18,cifar10,summary_final,999,0.03278668961328261,0.1,,,,3.0499251755600683,0.6721331038671738
results/comprehensive_analysis_20250829_221101/resnet18_svhn/analysis_results.json,resnet18,svhn,layer_0,0,0.031948198716362494,0.1,-0.10213770064868231,3.1299689512646807,4.130101836329119,3.1299689512646807,0.680518012836375
results/comprehensive_analysis_20250829_221101/resnet18_svhn/analysis_results.json,resnet18,svhn,layer_1,1,0.03245049958913898,0.1,-0.6100637495593715,3.0815216944078747,4.179314403780133,3.0815216944078747,0.6754950041086102
results/comprehensive_analysis_20250829_221101/resnet18_svhn/analysis_results.json,resnet18,svhn,layer_2,2,0.0333959836896582,0.1,-0.7261447070301433,2.9942823857762417,4.271947529845532,2.9942823857762417,0.6660401631034181
results/comprehensive_analysis_20250829_221101/resnet18_svhn/analysis_results.json,resnet18,svhn,layer_3,3,0.03347258402640271,0.1,-2.71822379863454,2.9874303247935368,4.27945239285318,2.9874303247935368,0.6652741597359728
results/comprehensive_analysis_20250829_221101/resnet18_svhn/analysis_results.json,resnet18,svhn,summary,-1,0.031948198716362494,0.1,,,,3.1299689512646807,0.680518012836375
results/comprehensive_analysis_20250829_221101/resnet18_svhn/analysis_results.json,resnet18,svhn,summary_final,999,0.03347258402640271,0.1,,,,2.9874303247935368,0.6652741597359728
results/comprehensive_analysis_20250829_221101/vit_base_patch16_224_svhn/analysis_results.json,vit_base_patch16_224,svhn,layer_0,0,0.03551071175228257,0.1,-1.935523086455335,2.815972395179524,-5.610537753077849,2.815972395179524,0.6448928824771742
results/comprehensive_analysis_20250829_221101/vit_base_patch16_224_svhn/analysis_results.json,vit_base_patch16_224,svhn,layer_1,1,0.03490983808943706,0.1,-2.746640023825837,2.864439969725531,-5.49868141911363,2.864439969725531,0.6509016191056294
results/comprehensive_analysis_20250829_221101/vit_base_patch16_224_svhn/analysis_results.json,vit_base_patch16_224,svhn,layer_2,2,0.035170442073854245,0.1,0.3320469635024598,2.843215805312061,-5.547194456239156,2.843215805312061,0.6482955792614575
results/comprehensive_analysis_20250829_221101/vit_base_patch16_224_svhn/analysis_results.json,vit_base_patch16_224,svhn,layer_3,3,0.034436600915693075,0.1,1.3243975980587428,2.9038027429614126,-5.410585403888214,2.9038027429614126,0.6556339908430693
results/comprehensive_analysis_20250829_221101/vit_base_patch16_224_svhn/analysis_results.json,vit_base_patch16_224,svhn,layer_4,4,0.03632706633410148,0.1,-2.846407497356848,2.752692617336726,-5.762507187558843,2.752692617336726,0.6367293366589852
results/comprehensive_analysis_20250829_221101/vit_base_patch16_224_svhn/analysis_results.json,vit_base_patch16_224,svhn,layer_5,5,0.036116365752392174,0.1,-2.9161544134671695,2.76875120642974,-5.7232839762725956,2.76875120642974,0.6388363424760783
results/comprehensive_analysis_20250829_221101/vit_base_patch16_224_svhn/analysis_results.json,vit_base_patch16_224,svhn,layer_6,6,0.03627593367687089,0.1,-3.0897506883828023,2.756572561802738,-5.752988528417457,2.756572561802738,0.6372406632312911
results/comprehensive_analysis_20250829_221101/vit_base_patch16_224_svhn/analysis_results.json,vit_base_patch16_224,svhn,layer_7,7,0.03512512615494367,0.1,-2.9589961373990916,2.846883814027581,-5.538758618769508,2.846883814027581,0.6487487384505634
results/comprehensive_analysis_20250829_221101/vit_base_patch16_224_svhn/analysis_results.json,vit_base_patch16_224,svhn,layer_8,8,0.03472572192701651,0.1,-2.7321813318908217,2.87962682484587,-5.464407061248793,2.87962682484587,0.6527427807298349
results/comprehensive_analysis_20250829_221101/vit_base_patch16_224_svhn/analysis_results.json,vit_base_patch16_224,svhn,layer_9,9,0.03379859088215781,0.1,-2.070199514175813,2.9586156929724314,-5.291815905744988,2.9586156929724314,0.6620140911784219
results/comprehensive_analysis_20250829_221101/vit_base_patch16_224_svhn/analysis_results.json,vit_base_patch16_224,svhn,layer_10,10,0.033610549163702964,0.1,-1.2688718205759357,2.9751678362980596,-5.256810781441348,2.9751678362980596,0.6638945083629704
results/comprehensive_analysis_20250829_221101/vit_base_patch16_224_svhn/analysis_results.json,vit_base_patch16_224,svhn,layer_11,11,0.034400369023422764,0.1,-0.6921881515616275,2.906861059276835,-5.40384061393894,2.906861059276835,0.6559963097657724
results/comprehensive_analysis_20250829_221101/vit_base_patch16_224_svhn/analysis_results.json,vit_base_patch16_224,svhn,summary,-1,0.03551071175228257,0.1,,,,2.815972395179524,0.6448928824771742
results/comprehensive_analysis_20250829_221101/vit_base_patch16_224_svhn/analysis_results.json,vit_base_patch16_224,svhn,summary_final,999,0.034400369023422764,0.1,,,,2.906861059276835,0.6559963097657724
results/comprehensive_analysis_20250829_221101/vit_base_patch16_224_cifar10/analysis_results.json,vit_base_patch16_224,cifar10,layer_0,0,0.032798389663965415,0.1,-1.772662597013179,3.0488372199761873,-9.340826038811514,3.0488372199761873,0.6720161033603459
results/comprehensive_analysis_20250829_221101/vit_base_patch16_224_cifar10/analysis_results.json,vit_base_patch16_224,cifar10,layer_1,1,0.03447027190875022,0.1,-2.5574686617508346,2.9009663543809046,-9.867944706155473,2.9009663543809046,0.6552972809124978
results/comprehensive_analysis_20250829_221101/vit_base_patch16_224_cifar10/analysis_results.json,vit_base_patch16_224,cifar10,layer_2,2,0.03342164617586319,0.1,0.22322130980827362,2.99198332393612,-9.537329197445922,2.99198332393612,0.6657835382413682
results/comprehensive_analysis_20250829_221101/vit_base_patch16_224_cifar10/analysis_results.json,vit_base_patch16_224,cifar10,layer_3,3,0.03287513534135417,0.1,1.1328784314726008,3.041720048956369,-9.36502276637158,3.041720048956369,0.6712486465864583
results/comprehensive_analysis_20250829_221101/vit_base_patch16_224_cifar10/analysis_results.json,vit_base_patch16_224,cifar10,layer_4,4,0.03439116742340328,0.1,-2.614055287060899,2.9076387878930747,-9.843004282852888,2.9076387878930747,0.6560883257659673
results/comprehensive_analysis_20250829_221101/vit_base_patch16_224_cifar10/analysis_results.json,vit_base_patch16_224,cifar10,layer_5,5,0.034324146807883975,0.1,-2.7710248210532735,2.913316017545233,-9.821873717200129,2.913316017545233,0.6567585319211603
results/comprehensive_analysis_20250829_221101/vit_base_patch16_224_cifar10/analysis_results.json,vit_base_patch16_224,cifar10,layer_6,6,0.03391377715698467,0.1,-3.030685135964171,2.948567214141498,-9.692490500065544,2.948567214141498,0.6608622284301533
results/comprehensive_analysis_20250829_221101/vit_base_patch16_224_cifar10/analysis_results.json,vit_base_patch16_224,cifar10,layer_7,7,0.03358650485470771,0.1,-2.9851313787939184,2.977297671636473,-9.589306594396982,2.977297671636473,0.6641349514529229
results/comprehensive_analysis_20250829_221101/vit_base_patch16_224_cifar10/analysis_results.json,vit_base_patch16_224,cifar10,layer_8,8,0.03311797223336554,0.1,-2.7941913692304623,3.019417368853479,-9.441585490390134,3.019417368853479,0.6688202776663447
results/comprehensive_analysis_20250829_221101/vit_base_patch16_224_cifar10/analysis_results.json,vit_base_patch16_224,cifar10,layer_9,9,0.03278623046011518,0.1,-2.246675736205345,3.0499678867859066,-9.336992429507095,3.0499678867859066,0.6721376953988483
results/comprehensive_analysis_20250829_221101/vit_base_patch16_224_cifar10/analysis_results.json,vit_base_patch16_224,cifar10,layer_10,10,0.03316558767667716,0.1,-1.5624660883634465,3.0150825576283293,-9.456597904752275,3.0150825576283293,0.6683441232332283
results/comprehensive_analysis_20250829_221101/vit_base_patch16_224_cifar10/analysis_results.json,vit_base_patch16_224,cifar10,layer_11,11,0.033031510020653694,0.1,-0.904899418483282,3.027320658874383,-9.414325289211227,3.027320658874383,0.669684899793463
results/comprehensive_analysis_20250829_221101/vit_base_patch16_224_cifar10/analysis_results.json,vit_base_patch16_224,cifar10,summary,-1,0.032798389663965415,0.1,,,,3.0488372199761873,0.6720161033603459
results/comprehensive_analysis_20250829_221101/vit_base_patch16_224_cifar10/analysis_results.json,vit_base_patch16_224,cifar10,summary_final,999,0.033031510020653694,0.1,,,,3.027320658874383,0.669684899793463
results/comprehensive_analysis_20250829_221101/convnext_tiny_cifar10/analysis_results.json,convnext_tiny,cifar10,layer_0,0,0.03411468225488925,0.1,-1.4131642241008648,2.931203288061713,-102.26058195939879,2.931203288061713,0.6588531774511075
results/comprehensive_analysis_20250829_221101/convnext_tiny_cifar10/analysis_results.json,convnext_tiny,cifar10,layer_1,1,0.03377509209646129,0.1,0.7945654181230978,2.9606740683442467,-101.23268795396864,2.9606740683442467,0.6622490790353871
results/comprehensive_analysis_20250829_221101/convnext_tiny_cifar10/analysis_results.json,convnext_tiny,cifar10,layer_2,2,0.03300465879042117,0.1,3.9798404512146925,3.0297834875824923,-98.9006893456215,3.0297834875824923,0.6699534120957883
results/comprehensive_analysis_20250829_221101/convnext_tiny_cifar10/analysis_results.json,convnext_tiny,cifar10,layer_3,3,0.03263195871049155,0.1,-1.8497677963690324,3.064386557381015,-97.7725760346927,3.064386557381015,0.6736804128950845
results/comprehensive_analysis_20250829_221101/convnext_tiny_cifar10/analysis_results.json,convnext_tiny,cifar10,summary,-1,0.03411468225488925,0.1,,,,2.931203288061713,0.6588531774511075
results/comprehensive_analysis_20250829_221101/convnext_tiny_cifar10/analysis_results.json,convnext_tiny,cifar10,summary_final,999,0.03263195871049155,0.1,,,,3.064386557381015,0.6736804128950845
results/comprehensive_analysis_20250829_221101/resnet18_cifar100/analysis_results.json,resnet18,cifar100,layer_0,0,0.034618288801647586,0.1,-0.0900315742440187,2.888563094780874,11.668907108970693,2.888563094780874,0.6538171119835241
results/comprehensive_analysis_20250829_221101/resnet18_cifar100/analysis_results.json,resnet18,cifar100,layer_1,1,0.03377362328637338,0.1,-0.5209383283710805,2.960802823827372,11.408592164686604,2.960802823827372,0.6622637671362662
results/comprehensive_analysis_20250829_221101/resnet18_cifar100/analysis_results.json,resnet18,cifar100,layer_2,2,0.033411936740089604,0.1,-0.6948435031340076,2.9928527617273977,11.297125067425506,2.9928527617273977,0.665880632599104
results/comprehensive_analysis_20250829_221101/resnet18_cifar100/analysis_results.json,resnet18,cifar100,layer_3,3,0.03301448052606067,0.1,-2.6374558508607064,3.0288821609325147,11.17463422301508,3.0288821609325147,0.6698551947393934
results/comprehensive_analysis_20250829_221101/resnet18_cifar100/analysis_results.json,resnet18,cifar100,summary,-1,0.034618288801647586,0.1,,,,2.888563094780874,0.6538171119835241
results/comprehensive_analysis_20250829_221101/resnet18_cifar100/analysis_results.json,resnet18,cifar100,summary_final,999,0.03301448052606067,0.1,,,,3.0288821609325147,0.6698551947393934
results/comprehensive_analysis_20250829_221101/convnext_tiny_cifar100/analysis_results.json,convnext_tiny,cifar100,layer_0,0,0.03277360673403262,0.1,-1.4234993925521444,3.05114263647782,-9.991209041235331,3.05114263647782,0.6722639326596738
results/comprehensive_analysis_20250829_221101/convnext_tiny_cifar100/analysis_results.json,convnext_tiny,cifar100,layer_1,1,0.03312795189918876,0.1,0.7925906136310806,3.0185078086472377,-10.110044963524528,3.0185078086472377,0.6687204810081124
results/comprehensive_analysis_20250829_221101/convnext_tiny_cifar100/analysis_results.json,convnext_tiny,cifar100,layer_2,2,0.03313794549094133,0.1,3.9102628254865426,3.017597528181318,-10.113396491384023,3.017597528181318,0.6686205450905867
results/comprehensive_analysis_20250829_221101/convnext_tiny_cifar100/analysis_results.json,convnext_tiny,cifar100,layer_3,3,0.03273588445927245,0.1,-1.84051307129762,3.0546584273897155,-9.978558208790655,3.0546584273897155,0.6726411554072755
results/comprehensive_analysis_20250829_221101/convnext_tiny_cifar100/analysis_results.json,convnext_tiny,cifar100,summary,-1,0.03277360673403262,0.1,,,,3.05114263647782,0.6722639326596738
results/comprehensive_analysis_20250829_221101/convnext_tiny_cifar100/analysis_results.json,convnext_tiny,cifar100,summary_final,999,0.03273588445927245,0.1,,,,3.0546584273897155,0.6726411554072755
results/comprehensive_analysis_20250829_221101/vit_base_patch16_224_cifar100/analysis_results.json,vit_base_patch16_224,cifar100,layer_0,0,0.03238243912661669,0.1,-1.9417890376515978,3.0879981464911093,4.61794288922408,3.0879981464911093,0.6761756087338331
results/comprehensive_analysis_20250829_221101/vit_base_patch16_224_cifar100/analysis_results.json,vit_base_patch16_224,cifar100,layer_1,1,0.03289399414117728,0.1,-2.836828633062693,3.0399762216349524,4.675096608254936,3.0399762216349524,0.6710600585882271
results/comprehensive_analysis_20250829_221101/vit_base_patch16_224_cifar100/analysis_results.json,vit_base_patch16_224,cifar100,layer_2,2,0.03325357407521076,0.1,0.18671209681123876,3.0071051210529216,4.715270841590398,3.0071051210529216,0.6674642592478923
results/comprehensive_analysis_20250829_221101/vit_base_patch16_224_cifar100/analysis_results.json,vit_base_patch16_224,cifar100,layer_3,3,0.03324023525389591,0.1,1.1432408256666393,3.008311792152185,4.713780555650602,3.008311792152185,0.6675976474610409
results/comprehensive_analysis_20250829_221101/vit_base_patch16_224_cifar100/analysis_results.json,vit_base_patch16_224,cifar100,layer_4,4,0.03318957363398905,0.1,-2.964425960731278,3.012903636519083,4.70812036289051,3.012903636519083,0.6681042636601096
results/comprehensive_analysis_20250829_221101/vit_base_patch16_224_cifar100/analysis_results.json,vit_base_patch16_224,cifar100,layer_5,5,0.03280760195222448,0.1,-3.1023779361849053,3.0479811406051036,4.665444401252117,3.0479811406051036,0.6719239804777553
results/comprehensive_analysis_20250829_221101/vit_base_patch16_224_cifar100/analysis_results.json,vit_base_patch16_224,cifar100,layer_6,6,0.03239884425258104,0.1,-3.258462356452672,3.0864345896364545,4.6197757594596265,3.0864345896364545,0.6760115574741896
results/comprehensive_analysis_20250829_221101/vit_base_patch16_224_cifar100/analysis_results.json,vit_base_patch16_224,cifar100,layer_7,7,0.03225709878461123,0.1,-3.143237037287246,3.0999967068023593,4.603939181927096,3.0999967068023593,0.6774290121538877
results/comprehensive_analysis_20250829_221101/vit_base_patch16_224_cifar100/analysis_results.json,vit_base_patch16_224,cifar100,layer_8,8,0.03217728464886543,0.1,-2.895779568910208,3.1076858537120904,4.595021910941053,3.1076858537120904,0.6782271535113458
results/comprehensive_analysis_20250829_221101/vit_base_patch16_224_cifar100/analysis_results.json,vit_base_patch16_224,cifar100,layer_9,9,0.03242148967174734,0.1,-2.3338877544364642,3.084278875941445,4.6223058293202035,3.084278875941445,0.6757851032825266
results/comprehensive_analysis_20250829_221101/vit_base_patch16_224_cifar100/analysis_results.json,vit_base_patch16_224,cifar100,layer_10,10,0.03330163732786357,0.1,-1.6433031828402542,3.002765186898043,4.720640730575235,3.002765186898043,0.6669836267213642
results/comprehensive_analysis_20250829_221101/vit_base_patch16_224_cifar100/analysis_results.json,vit_base_patch16_224,cifar100,layer_11,11,0.03352271485447468,0.1,-0.9625425647093735,2.9829629691726183,4.745340718807823,2.9829629691726183,0.6647728514552532
results/comprehensive_analysis_20250829_221101/vit_base_patch16_224_cifar100/analysis_results.json,vit_base_patch16_224,cifar100,summary,-1,0.03238243912661669,0.1,,,,3.0879981464911093,0.6761756087338331
results/comprehensive_analysis_20250829_221101/vit_base_patch16_224_cifar100/analysis_results.json,vit_base_patch16_224,cifar100,summary_final,999,0.03352271485447468,0.1,,,,2.9829629691726183,0.6647728514552532
results/comprehensive_analysis_20250829_221101/resnet18_cifar10/analysis_results.json,resnet18,cifar10,layer_0,0,0.03319802196644497,0.1,-0.07029977929292303,3.012136926836952,-2.7206676989059315,3.012136926836952,0.6680197803355503
results/comprehensive_analysis_20250829_221101/resnet18_cifar10/analysis_results.json,resnet18,cifar10,layer_1,1,0.03252049274399182,0.1,-0.45339833854656114,3.074889605689287,-2.644733623809703,3.074889605689287,0.6747950725600819
results/comprehensive_analysis_20250829_221101/resnet18_cifar10/analysis_results.json,resnet18,cifar10,layer_2,2,0.031995563667561636,0.1,-0.684019649920246,3.125335615379872,-2.5859022072613196,3.125335615379872,0.6800443633243837
results/comprehensive_analysis_20250829_221101/resnet18_cifar10/analysis_results.json,resnet18,cifar10,layer_3,3,0.03278668961328261,0.1,-2.6391185972572724,3.0499251755600683,-2.6745676330202888,3.0499251755600683,0.6721331038671738
results/comprehensive_analysis_20250829_221101/resnet18_cifar10/analysis_results.json,resnet18,cifar10,summary,-1,0.03319802196644497,0.1,,,,3.012136926836952,0.6680197803355503
results/comprehensive_analysis_20250829_221101/resnet18_cifar10/analysis_results.json,resnet18,cifar10,summary_final,999,0.03278668961328261,0.1,,,,3.0499251755600683,0.6721331038671738
results/quick_cross_modal_20250903_104033/convnext_tiny_cifar10_analysis.json,convnext_tiny,cifar10,layer_0,0,0.033756954344112806,0.1,-1.419677262330629,2.962352556472262,-10.0,2.9622648037451187,0.6624304565588719
results/quick_cross_modal_20250903_104033/convnext_tiny_cifar10_analysis.json,convnext_tiny,cifar10,layer_1,1,0.03389284102219571,0.1,0.7940900791353228,2.9504755867031656,-10.0,2.9503885362096915,0.6610715897780429
results/quick_cross_modal_20250903_104033/convnext_tiny_cifar10_analysis.json,convnext_tiny,cifar10,layer_2,2,0.03285311808731814,0.1,3.9592248685783686,3.0438511113075046,-10.0,3.043758463831678,0.6714688191268186
results/quick_cross_modal_20250903_104033/convnext_tiny_cifar10_analysis.json,convnext_tiny,cifar10,layer_3,3,0.03242298879136126,0.1,-1.8511019614325048,3.084231396540589,-10.0,3.084136274641294,0.6757701120863875
results/quick_cross_modal_20250903_104033/convnext_tiny_cifar10_analysis.json,convnext_tiny,cifar10,summary,-1,0.033756954344112806,0.1,,,,2.9622648037451187,0.6624304565588719
results/quick_cross_modal_20250903_104033/convnext_tiny_cifar10_analysis.json,convnext_tiny,cifar10,summary_final,999,0.03242298879136126,0.1,,,,3.084136274641294,0.6757701120863875
results/quick_cross_modal_20250903_104033/mixer_b16_224_cifar10_analysis.json,mixer_b16_224,cifar10,layer_0,0,0.03265552402023126,0.1,-2.1049486586233837,3.0622690341164467,-10.0,3.062175262071626,0.6734447597976874
results/quick_cross_modal_20250903_104033/mixer_b16_224_cifar10_analysis.json,mixer_b16_224,cifar10,layer_1,1,0.03251114579297969,0.1,-2.4206601543281363,3.075868215681084,-10.0,3.07577360893826,0.6748885420702031
results/quick_cross_modal_20250903_104033/mixer_b16_224_cifar10_analysis.json,mixer_b16_224,cifar10,layer_2,2,0.03338830987206611,0.1,-1.9305515073023707,2.995060258610565,-10.0,2.9949705574376417,0.6661169012793389
results/quick_cross_modal_20250903_104033/mixer_b16_224_cifar10_analysis.json,mixer_b16_224,cifar10,layer_3,3,0.03245845371402176,0.1,-1.1413609662642203,3.080861487767081,-10.0,3.080766573616186,0.6754154628597824
results/quick_cross_modal_20250903_104033/mixer_b16_224_cifar10_analysis.json,mixer_b16_224,cifar10,layer_4,4,0.033523720730824755,0.1,-2.787897308904068,2.98296244629108,-10.0,2.9828734682957005,0.6647627926917525
results/quick_cross_modal_20250903_104033/mixer_b16_224_cifar10_analysis.json,mixer_b16_224,cifar10,layer_5,5,0.033539439118078176,0.1,-3.204567285160383,2.981564469457653,-10.0,2.9814755748412476,0.6646056088192183
results/quick_cross_modal_20250903_104033/mixer_b16_224_cifar10_analysis.json,mixer_b16_224,cifar10,layer_6,6,0.03369456570286168,0.1,-3.087262581837175,2.96783762942245,-10.0,2.967749551434516,0.6630543429713832
results/quick_cross_modal_20250903_104033/mixer_b16_224_cifar10_analysis.json,mixer_b16_224,cifar10,layer_7,7,0.033456057191254635,0.1,-3.3594771562490156,2.9889953687112856,-10.0,2.9889060304484603,0.6654394280874536
results/quick_cross_modal_20250903_104033/mixer_b16_224_cifar10_analysis.json,mixer_b16_224,cifar10,layer_8,8,0.033149489771425296,0.1,-3.652246423244299,3.016637682496083,-10.0,3.0165466842120967,0.6685051022857471
results/quick_cross_modal_20250903_104033/mixer_b16_224_cifar10_analysis.json,mixer_b16_224,cifar10,layer_9,9,0.03385970704693613,0.1,-3.290651657229723,2.953362823292611,-10.0,2.9532756023489015,0.6614029295306387
results/quick_cross_modal_20250903_104033/mixer_b16_224_cifar10_analysis.json,mixer_b16_224,cifar10,layer_10,10,0.03340747319579004,0.1,-2.616968874722846,2.993342220584401,-10.0,2.993252622289889,0.6659252680420997
results/quick_cross_modal_20250903_104033/mixer_b16_224_cifar10_analysis.json,mixer_b16_224,cifar10,layer_11,11,0.03375435709359419,0.1,-2.382837480555962,2.9625804965776625,-10.0,2.9624927303458204,0.6624564290640582
results/quick_cross_modal_20250903_104033/mixer_b16_224_cifar10_analysis.json,mixer_b16_224,cifar10,summary,-1,0.03265552402023126,0.1,,,,3.062175262071626,0.6734447597976874
results/quick_cross_modal_20250903_104033/mixer_b16_224_cifar10_analysis.json,mixer_b16_224,cifar10,summary_final,999,0.03375435709359419,0.1,,,,2.9624927303458204,0.6624564290640582
results/quick_cross_modal_20250903_104033/vit_base_patch16_224_cifar10_analysis.json,vit_base_patch16_224,cifar10,layer_0,0,0.03208512284265937,0.1,-1.7651001659538887,3.1167092764576596,-10.0,3.1166121407179586,0.6791487715734064
results/quick_cross_modal_20250903_104033/vit_base_patch16_224_cifar10_analysis.json,vit_base_patch16_224,cifar10,layer_1,1,0.03189760736625451,0.1,-2.550468584742505,3.135031378742005,-10.0,3.1349330976056926,0.6810239263374549
results/quick_cross_modal_20250903_104033/vit_base_patch16_224_cifar10_analysis.json,vit_base_patch16_224,cifar10,layer_2,2,0.032740258929502775,0.1,0.25193769488892287,3.054343590114017,-10.0,3.054250302815667,0.6725974107049723
results/quick_cross_modal_20250903_104033/vit_base_patch16_224_cifar10_analysis.json,vit_base_patch16_224,cifar10,layer_3,3,0.03219757764991216,0.1,1.1580354715164012,3.1058237078363824,-10.0,3.1057272494231687,0.6780242235008784
results/quick_cross_modal_20250903_104033/vit_base_patch16_224_cifar10_analysis.json,vit_base_patch16_224,cifar10,layer_4,4,0.03162370556351934,0.1,-2.6093895435563503,3.162184766713696,-10.0,3.1620847757506065,0.6837629443648067
results/quick_cross_modal_20250903_104033/vit_base_patch16_224_cifar10_analysis.json,vit_base_patch16_224,cifar10,layer_5,5,0.03201069147610392,0.1,-2.7686926683729456,3.1239562592595136,-10.0,3.1238586712810217,0.6798930852389609
results/quick_cross_modal_20250903_104033/vit_base_patch16_224_cifar10_analysis.json,vit_base_patch16_224,cifar10,layer_6,6,0.03148192429682316,0.1,-3.027660799063793,3.176425908948997,-10.0,3.176325015338257,0.6851807570317685
results/quick_cross_modal_20250903_104033/vit_base_patch16_224_cifar10_analysis.json,vit_base_patch16_224,cifar10,layer_7,7,0.03170582776298941,0.1,-2.9811674985859185,3.153994298698967,-10.0,3.153894825035998,0.682941722370106
results/quick_cross_modal_20250903_104033/vit_base_patch16_224_cifar10_analysis.json,vit_base_patch16_224,cifar10,layer_8,8,0.03242075476251195,0.1,-2.7902866274079505,3.0844439228055784,-10.0,3.084348787796835,0.6757924523748805
results/quick_cross_modal_20250903_104033/vit_base_patch16_224_cifar10_analysis.json,vit_base_patch16_224,cifar10,layer_9,9,0.03249909040110878,0.1,-2.2430767093266377,3.0770091952046843,-10.0,3.0769145182620288,0.6750090959889122
results/quick_cross_modal_20250903_104033/vit_base_patch16_224_cifar10_analysis.json,vit_base_patch16_224,cifar10,layer_10,10,0.03215794537233206,0.1,-1.5548292951979465,3.109651404720578,-10.0,3.1095547084089072,0.6784205462766795
results/quick_cross_modal_20250903_104033/vit_base_patch16_224_cifar10_analysis.json,vit_base_patch16_224,cifar10,layer_11,11,0.03198108365853616,0.1,-0.8957126466033323,3.1268483916212997,-10.0,3.1267506228697384,0.6801891634146384
results/quick_cross_modal_20250903_104033/vit_base_patch16_224_cifar10_analysis.json,vit_base_patch16_224,cifar10,summary,-1,0.03208512284265937,0.1,,,,3.1166121407179586,0.6791487715734064
results/quick_cross_modal_20250903_104033/vit_base_patch16_224_cifar10_analysis.json,vit_base_patch16_224,cifar10,summary_final,999,0.03198108365853616,0.1,,,,3.1267506228697384,0.6801891634146384
results/quick_cross_modal_20250903_104033/resnet18_cifar10_analysis.json,resnet18,cifar10,layer_0,0,0.03283361156514913,0.1,-0.07090066509197353,3.0456594700701123,-10.0,3.0455667124791166,0.6716638843485088
results/quick_cross_modal_20250903_104033/resnet18_cifar10_analysis.json,resnet18,cifar10,layer_1,1,0.03349256960338933,0.1,-0.4516355733785406,2.9857368719144306,-10.0,2.9856477283293406,0.6650743039661067
results/quick_cross_modal_20250903_104033/resnet18_cifar10_analysis.json,resnet18,cifar10,layer_2,2,0.03305747378493297,0.1,-0.6872456756597687,3.025034539861854,-10.0,3.0249430342902555,0.6694252621506703
results/quick_cross_modal_20250903_104033/resnet18_cifar10_analysis.json,resnet18,cifar10,layer_3,3,0.03303490283945128,0.1,-2.638513338993197,3.027101380803124,-10.0,3.02700975014918,0.6696509716054873
results/quick_cross_modal_20250903_104033/resnet18_cifar10_analysis.json,resnet18,cifar10,summary,-1,0.03283361156514913,0.1,,,,3.0455667124791166,0.6716638843485088
results/quick_cross_modal_20250903_104033/resnet18_cifar10_analysis.json,resnet18,cifar10,summary_final,999,0.03303490283945128,0.1,,,,3.02700975014918,0.6696509716054873
results/comprehensive_analysis_20250829_220539/convnext_tiny_cifar100_analysis.json,convnext_tiny,cifar100,layer_0,0,0.033157148987244124,0.1,-1.4263768641588541,3.0158498907303244,20.73706091508143,3.0158498907303244,0.6684285101275588
results/comprehensive_analysis_20250829_220539/convnext_tiny_cifar100_analysis.json,convnext_tiny,cifar100,layer_1,1,0.033199480782730634,0.1,0.7957124330716252,3.012004574705298,20.762259258475893,3.012004574705298,0.6680051921726937
results/comprehensive_analysis_20250829_220539/convnext_tiny_cifar100_analysis.json,convnext_tiny,cifar100,layer_2,2,0.032475593768590987,0.1,3.91381067220478,3.079140648571119,20.33135966275953,3.079140648571119,0.6752440623140902
results/comprehensive_analysis_20250829_220539/convnext_tiny_cifar100_analysis.json,convnext_tiny,cifar100,layer_3,3,0.03380413129002886,0.1,-1.8268127710764717,2.9581307980157416,21.122182359809823,2.9581307980157416,0.6619586870997114
results/comprehensive_analysis_20250829_220539/convnext_tiny_cifar100_analysis.json,convnext_tiny,cifar100,summary,-1,0.033157148987244124,0.1,,,,3.0158498907303244,0.6684285101275588
results/comprehensive_analysis_20250829_220539/convnext_tiny_cifar100_analysis.json,convnext_tiny,cifar100,summary_final,999,0.03380413129002886,0.1,,,,2.9581307980157416,0.6619586870997114
results/comprehensive_analysis_20250829_220539/vit_base_patch16_224_svhn_analysis.json,vit_base_patch16_224,svhn,layer_0,0,0.03409894042355861,0.1,-1.9455496690855403,2.9325564431459545,6.971088033630983,2.9325564431459545,0.6590105957644139
results/comprehensive_analysis_20250829_220539/vit_base_patch16_224_svhn_analysis.json,vit_base_patch16_224,svhn,layer_1,1,0.033333189192410094,0.1,-2.779091380702318,2.9999229746607767,6.836996828559693,2.9999229746607767,0.6666681080758992
results/comprehensive_analysis_20250829_220539/vit_base_patch16_224_svhn_analysis.json,vit_base_patch16_224,svhn,layer_2,2,0.03265802886249686,0.1,0.317918870599043,3.0619404030973008,6.718769056181698,3.0619404030973008,0.6734197113750314
results/comprehensive_analysis_20250829_220539/vit_base_patch16_224_svhn_analysis.json,vit_base_patch16_224,svhn,layer_3,3,0.033160065602859994,0.1,1.3104980463333775,3.015584637647333,6.8066810421727455,3.015584637647333,0.6683993439714001
results/comprehensive_analysis_20250829_220539/vit_base_patch16_224_svhn_analysis.json,vit_base_patch16_224,svhn,layer_4,4,0.03313749062682134,0.1,-2.888132774622249,3.0176389481982886,6.802727923172287,3.0176389481982886,0.6686250937317866
results/comprehensive_analysis_20250829_220539/vit_base_patch16_224_svhn_analysis.json,vit_base_patch16_224,svhn,layer_5,5,0.03309850921448629,0.1,-2.950439418320652,3.021192832558198,6.79590186224967,3.021192832558198,0.6690149078551371
results/comprehensive_analysis_20250829_220539/vit_base_patch16_224_svhn_analysis.json,vit_base_patch16_224,svhn,layer_6,6,0.03320365227070932,0.1,-3.1180095669380403,3.011626177703194,6.814313532437492,3.011626177703194,0.6679634772929068
results/comprehensive_analysis_20250829_220539/vit_base_patch16_224_svhn_analysis.json,vit_base_patch16_224,svhn,layer_7,7,0.03382815411387067,0.1,-2.981776847120012,2.956030164496424,6.9236704636606365,2.956030164496424,0.6617184588612933
results/comprehensive_analysis_20250829_220539/vit_base_patch16_224_svhn_analysis.json,vit_base_patch16_224,svhn,layer_8,8,0.0331285219592351,0.1,-2.7472244580099994,3.0184558691503924,6.8011574138533275,3.0184558691503924,0.668714780407649
results/comprehensive_analysis_20250829_220539/vit_base_patch16_224_svhn_analysis.json,vit_base_patch16_224,svhn,layer_9,9,0.03385983074788253,0.1,-2.0792537916973246,2.953264813393672,6.929217380014766,2.953264813393672,0.6614016925211748
results/comprehensive_analysis_20250829_220539/vit_base_patch16_224_svhn_analysis.json,vit_base_patch16_224,svhn,layer_10,10,0.033219991910051525,0.1,-1.2827273832089654,3.0101449189343277,6.8171747775007745,3.0101449189343277,0.6678000808994848
results/comprehensive_analysis_20250829_220539/vit_base_patch16_224_svhn_analysis.json,vit_base_patch16_224,svhn,layer_11,11,0.03310938142318466,0.1,-0.7058400628614105,3.020200786028326,6.797805701913061,3.020200786028326,0.6689061857681534
results/comprehensive_analysis_20250829_220539/vit_base_patch16_224_svhn_analysis.json,vit_base_patch16_224,svhn,summary,-1,0.03409894042355861,0.1,,,,2.9325564431459545,0.6590105957644139
results/comprehensive_analysis_20250829_220539/vit_base_patch16_224_svhn_analysis.json,vit_base_patch16_224,svhn,summary_final,999,0.03310938142318466,0.1,,,,3.020200786028326,0.6689061857681534
results/comprehensive_analysis_20250829_220539/resnet18_cifar100_analysis.json,resnet18,cifar100,layer_0,0,0.03362009881387579,0.1,-0.09054798851882631,2.974322777301048,6.035867233059374,2.974322777301048,0.6637990118612421
results/comprehensive_analysis_20250829_220539/resnet18_cifar100_analysis.json,resnet18,cifar100,layer_1,1,0.03365153834692566,0.1,-0.5259841303353988,2.9715440472601244,6.040576479013261,2.9715440472601244,0.6634846165307435
results/comprehensive_analysis_20250829_220539/resnet18_cifar100_analysis.json,resnet18,cifar100,layer_2,2,0.03191921683101443,0.1,-0.6936473555495459,3.1328107991684333,5.7810965409144295,3.1328107991684333,0.6808078316898557
results/comprehensive_analysis_20250829_220539/resnet18_cifar100_analysis.json,resnet18,cifar100,layer_3,3,0.03225917941405922,0.1,-2.639887064572532,3.0997967716329335,5.832018652770773,3.0997967716329335,0.6774082058594078
results/comprehensive_analysis_20250829_220539/resnet18_cifar100_analysis.json,resnet18,cifar100,summary,-1,0.03362009881387579,0.1,,,,2.974322777301048,0.6637990118612421
results/comprehensive_analysis_20250829_220539/resnet18_cifar100_analysis.json,resnet18,cifar100,summary_final,999,0.03225917941405922,0.1,,,,3.0997967716329335,0.6774082058594078
results/comprehensive_analysis_20250829_220539/convnext_tiny_svhn_analysis.json,convnext_tiny,svhn,layer_0,0,0.03333308975305497,0.1,-1.452988848681959,2.999931923769879,-2.9578115336817885,2.999931923769879,0.6666691024694503
results/comprehensive_analysis_20250829_220539/convnext_tiny_svhn_analysis.json,convnext_tiny,svhn,layer_1,1,0.034492203945135455,0.1,0.9896446596468097,2.899121814229232,-3.0954392049314947,2.899121814229232,0.6550779605486454
results/comprehensive_analysis_20250829_220539/convnext_tiny_svhn_analysis.json,convnext_tiny,svhn,layer_2,2,0.03343993225330073,0.1,3.473665210191991,2.9903472559479756,-2.970497500776133,2.9903472559479756,0.6656006774669927
results/comprehensive_analysis_20250829_220539/convnext_tiny_svhn_analysis.json,convnext_tiny,svhn,layer_3,3,0.033797885589366194,0.1,-1.565317541820981,2.9586774314080344,-3.0129991666131533,2.9586774314080344,0.662021144106338
results/comprehensive_analysis_20250829_220539/convnext_tiny_svhn_analysis.json,convnext_tiny,svhn,summary,-1,0.03333308975305497,0.1,,,,2.999931923769879,0.6666691024694503
results/comprehensive_analysis_20250829_220539/convnext_tiny_svhn_analysis.json,convnext_tiny,svhn,summary_final,999,0.033797885589366194,0.1,,,,2.9586774314080344,0.662021144106338
results/comprehensive_analysis_20250829_220539/vit_base_patch16_224_cifar100_analysis.json,vit_base_patch16_224,cifar100,layer_0,0,0.035471641880998356,0.1,-1.9428420954447048,2.8190739312700317,-9.394832487821095,2.8190739312700317,0.6452835811900164
results/comprehensive_analysis_20250829_220539/vit_base_patch16_224_cifar100_analysis.json,vit_base_patch16_224,cifar100,layer_1,1,0.035030828662523925,0.1,-2.8464565894202094,2.854546959661778,-9.265653816593202,2.854546959661778,0.6496917133747608
results/comprehensive_analysis_20250829_220539/vit_base_patch16_224_cifar100_analysis.json,vit_base_patch16_224,cifar100,layer_2,2,0.03483300931650757,0.1,0.18790537622974457,2.870757686586791,-9.207683594307218,2.870757686586791,0.6516699068349243
results/comprehensive_analysis_20250829_220539/vit_base_patch16_224_cifar100_analysis.json,vit_base_patch16_224,cifar100,layer_3,3,0.03455600476222534,0.1,1.1596384347811108,2.8937693150220922,-9.126508441778691,2.8937693150220922,0.6544399523777467
results/comprehensive_analysis_20250829_220539/vit_base_patch16_224_cifar100_analysis.json,vit_base_patch16_224,cifar100,layer_4,4,0.0350485957404348,0.1,-2.977033073719855,2.8530999541496986,-9.27086039257582,2.8530999541496986,0.649514042595652
results/comprehensive_analysis_20250829_220539/vit_base_patch16_224_cifar100_analysis.json,vit_base_patch16_224,cifar100,layer_5,5,0.03496936003057088,0.1,-3.114896701632164,2.8595644972651297,-9.247640663028136,2.8595644972651297,0.6503063996942913
results/comprehensive_analysis_20250829_220539/vit_base_patch16_224_cifar100_analysis.json,vit_base_patch16_224,cifar100,layer_6,6,0.03478534113356858,0.1,-3.2718682053536234,2.874691523780312,-9.193714610906,2.874691523780312,0.6521465886643143
results/comprehensive_analysis_20250829_220539/vit_base_patch16_224_cifar100_analysis.json,vit_base_patch16_224,cifar100,layer_7,7,0.03498423921069113,0.1,-3.1560859072793264,2.858348327926854,-9.252000951323362,2.858348327926854,0.6501576078930886
results/comprehensive_analysis_20250829_220539/vit_base_patch16_224_cifar100_analysis.json,vit_base_patch16_224,cifar100,layer_8,8,0.03460513619978249,0.1,-2.9106357634819253,2.889660938242176,-9.140906226493755,2.889660938242176,0.6539486380021751
results/comprehensive_analysis_20250829_220539/vit_base_patch16_224_cifar100_analysis.json,vit_base_patch16_224,cifar100,layer_9,9,0.034567307148082725,0.1,-2.346605521352515,2.8928231738864985,-9.129820563842124,2.8928231738864985,0.6543269285191728
results/comprehensive_analysis_20250829_220539/vit_base_patch16_224_cifar100_analysis.json,vit_base_patch16_224,cifar100,layer_10,10,0.0342713920624648,0.1,-1.6659835225562305,2.9178004213344715,-9.043103750565281,2.9178004213344715,0.657286079375352
results/comprehensive_analysis_20250829_220539/vit_base_patch16_224_cifar100_analysis.json,vit_base_patch16_224,cifar100,layer_11,11,0.03386033109606713,0.1,-0.985677821470388,2.9532211748053414,-8.922643865953212,2.9532211748053414,0.6613966890393288
results/comprehensive_analysis_20250829_220539/vit_base_patch16_224_cifar100_analysis.json,vit_base_patch16_224,cifar100,summary,-1,0.035471641880998356,0.1,,,,2.8190739312700317,0.6452835811900164
results/comprehensive_analysis_20250829_220539/vit_base_patch16_224_cifar100_analysis.json,vit_base_patch16_224,cifar100,summary_final,999,0.03386033109606713,0.1,,,,2.9532211748053414,0.6613966890393288
results/comprehensive_analysis_20250829_220539/resnet18_svhn_analysis.json,resnet18,svhn,layer_0,0,0.034508805683239156,0.1,-0.10010316492028003,2.897727124802918,25.103141223532354,2.897727124802918,0.6549119431676085
results/comprehensive_analysis_20250829_220539/resnet18_svhn_analysis.json,resnet18,svhn,layer_1,1,0.03404132244617195,0.1,-0.6066320305396756,2.9375199109320747,24.776621245237724,2.9375199109320747,0.6595867755382805
results/comprehensive_analysis_20250829_220539/resnet18_svhn_analysis.json,resnet18,svhn,layer_2,2,0.03363851062774858,0.1,-0.7228926139506642,2.972694850011045,24.495271892406247,2.972694850011045,0.6636148937225143
results/comprehensive_analysis_20250829_220539/resnet18_svhn_analysis.json,resnet18,svhn,layer_3,3,0.03332659816299453,0.1,-2.722584856768786,3.000516254154658,24.277412420352757,3.000516254154658,0.6667340183700547
results/comprehensive_analysis_20250829_220539/resnet18_svhn_analysis.json,resnet18,svhn,summary,-1,0.034508805683239156,0.1,,,,2.897727124802918,0.6549119431676085
results/comprehensive_analysis_20250829_220539/resnet18_svhn_analysis.json,resnet18,svhn,summary_final,999,0.03332659816299453,0.1,,,,3.000516254154658,0.6667340183700547
results/comprehensive_analysis_20250829_220539/convnext_tiny_cifar10_analysis.json,convnext_tiny,cifar10,layer_0,0,0.03326985163513336,0.1,-1.4159375890289487,3.005633913332173,-2.486020515573645,3.005633913332173,0.6673014836486664
results/comprehensive_analysis_20250829_220539/convnext_tiny_cifar10_analysis.json,convnext_tiny,cifar10,layer_1,1,0.034141932906439784,0.1,0.8082430961674938,2.928863793688291,-2.5773973343332264,2.928863793688291,0.6585806709356021
results/comprehensive_analysis_20250829_220539/convnext_tiny_cifar10_analysis.json,convnext_tiny,cifar10,layer_2,2,0.0333009713925637,0.1,3.9422085002463643,3.002825232812791,-2.489281248865503,3.002825232812791,0.6669902860743631
results/comprehensive_analysis_20250829_220539/convnext_tiny_cifar10_analysis.json,convnext_tiny,cifar10,layer_3,3,0.033640540112685365,0.1,-1.861275078286712,2.972515516978147,-2.524861315100038,2.972515516978147,0.6635945988731464
results/comprehensive_analysis_20250829_220539/convnext_tiny_cifar10_analysis.json,convnext_tiny,cifar10,summary,-1,0.03326985163513336,0.1,,,,3.005633913332173,0.6673014836486664
results/comprehensive_analysis_20250829_220539/convnext_tiny_cifar10_analysis.json,convnext_tiny,cifar10,summary_final,999,0.033640540112685365,0.1,,,,2.972515516978147,0.6635945988731464
results/comprehensive_analysis_20250829_220539/vit_base_patch16_224_cifar10_analysis.json,vit_base_patch16_224,cifar10,layer_0,0,0.03440295526821906,0.1,-1.763785543389044,2.906642542125842,10.110591733429802,2.906642542125842,0.6559704473178094
results/comprehensive_analysis_20250829_220539/vit_base_patch16_224_cifar10_analysis.json,vit_base_patch16_224,cifar10,layer_1,1,0.034514196825413526,0.1,-2.541841021268431,2.8972745108719775,10.140050726225285,2.8972745108719775,0.6548580317458648
results/comprehensive_analysis_20250829_220539/vit_base_patch16_224_cifar10_analysis.json,vit_base_patch16_224,cifar10,layer_2,2,0.03303516652740925,0.1,0.24035904959558466,3.0269855891733863,9.748373874587548,3.0269855891733863,0.6696483347259075
results/comprehensive_analysis_20250829_220539/vit_base_patch16_224_cifar10_analysis.json,vit_base_patch16_224,cifar10,layer_3,3,0.03299858236640065,0.1,1.1457045007809097,3.0303413809811577,9.738685655878985,3.0303413809811577,0.6700141763359935
results/comprehensive_analysis_20250829_220539/vit_base_patch16_224_cifar10_analysis.json,vit_base_patch16_224,cifar10,layer_4,4,0.03471344355242362,0.1,-2.6005067776322734,2.880645338560192,10.19281525095459,2.880645338560192,0.6528655644757638
results/comprehensive_analysis_20250829_220539/vit_base_patch16_224_cifar10_analysis.json,vit_base_patch16_224,cifar10,layer_5,5,0.035395900168868115,0.1,-2.7569199635193975,2.825106139885969,10.373543434325144,2.825106139885969,0.6460409983113189
results/comprehensive_analysis_20250829_220539/vit_base_patch16_224_cifar10_analysis.json,vit_base_patch16_224,cifar10,layer_6,6,0.03507906425476591,0.1,-3.0213525860561723,2.850621916589397,10.289638937244343,2.850621916589397,0.649209357452341
results/comprehensive_analysis_20250829_220539/vit_base_patch16_224_cifar10_analysis.json,vit_base_patch16_224,cifar10,layer_7,7,0.03406630268758382,0.1,-2.975472038475522,2.935365940680887,10.02143938607299,2.935365940680887,0.6593369731241618
results/comprehensive_analysis_20250829_220539/vit_base_patch16_224_cifar10_analysis.json,vit_base_patch16_224,cifar10,layer_8,8,0.033999633072990816,0.1,-2.784982060027453,2.941121707508361,10.003783936567373,2.941121707508361,0.6600036692700919
results/comprehensive_analysis_20250829_220539/vit_base_patch16_224_cifar10_analysis.json,vit_base_patch16_224,cifar10,layer_9,9,0.03341192712918995,0.1,-2.2428659868394365,2.9928536225920404,9.848147629409018,2.9928536225920404,0.6658807287081006
results/comprehensive_analysis_20250829_220539/vit_base_patch16_224_cifar10_analysis.json,vit_base_patch16_224,cifar10,layer_10,10,0.03303037723708047,0.1,-1.5500420756334221,3.0274244783151723,9.747105574566861,3.0274244783151723,0.6696962276291953
results/comprehensive_analysis_20250829_220539/vit_base_patch16_224_cifar10_analysis.json,vit_base_patch16_224,cifar10,layer_11,11,0.03323423666335488,0.1,-0.8912946588860817,3.008854758969111,9.801091634465415,3.008854758969111,0.6676576333664512
results/comprehensive_analysis_20250829_220539/vit_base_patch16_224_cifar10_analysis.json,vit_base_patch16_224,cifar10,summary,-1,0.03440295526821906,0.1,,,,2.906642542125842,0.6559704473178094
results/comprehensive_analysis_20250829_220539/vit_base_patch16_224_cifar10_analysis.json,vit_base_patch16_224,cifar10,summary_final,999,0.03323423666335488,0.1,,,,3.008854758969111,0.6676576333664512
results/comprehensive_analysis_20250829_220539/resnet18_cifar10_analysis.json,resnet18,cifar10,layer_0,0,0.03317220411023319,0.1,-0.06976156584740453,3.0144811959587665,-12.794247456507302,3.0144811959587665,0.6682779588976682
results/comprehensive_analysis_20250829_220539/resnet18_cifar10_analysis.json,resnet18,cifar10,layer_1,1,0.033353197691246735,0.1,-0.4517011177214743,2.9981233824204194,-12.869511380370898,2.9981233824204194,0.6664680230875326
results/comprehensive_analysis_20250829_220539/resnet18_cifar10_analysis.json,resnet18,cifar10,layer_2,2,0.03243067073210633,0.1,-0.684495575302293,3.083405749460917,-12.485890047359858,3.083405749460917,0.6756932926789367
results/comprehensive_analysis_20250829_220539/resnet18_cifar10_analysis.json,resnet18,cifar10,layer_3,3,0.0325885120710583,0.1,-2.642618730405708,3.0684718378710185,-12.55152640004642,3.0684718378710185,0.674114879289417
results/comprehensive_analysis_20250829_220539/resnet18_cifar10_analysis.json,resnet18,cifar10,summary,-1,0.03317220411023319,0.1,,,,3.0144811959587665,0.6682779588976682
results/comprehensive_analysis_20250829_220539/resnet18_cifar10_analysis.json,resnet18,cifar10,summary_final,999,0.0325885120710583,0.1,,,,3.0684718378710185,0.674114879289417
results/comprehensive_analysis_20250829_220539/resnet18_svhn/analysis_results.json,resnet18,svhn,layer_0,0,0.034508805683239156,0.1,-0.10010316492028003,2.897727124802918,25.103141223532354,2.897727124802918,0.6549119431676085
results/comprehensive_analysis_20250829_220539/resnet18_svhn/analysis_results.json,resnet18,svhn,layer_1,1,0.03404132244617195,0.1,-0.6066320305396756,2.9375199109320747,24.776621245237724,2.9375199109320747,0.6595867755382805
results/comprehensive_analysis_20250829_220539/resnet18_svhn/analysis_results.json,resnet18,svhn,layer_2,2,0.03363851062774858,0.1,-0.7228926139506642,2.972694850011045,24.495271892406247,2.972694850011045,0.6636148937225143
results/comprehensive_analysis_20250829_220539/resnet18_svhn/analysis_results.json,resnet18,svhn,layer_3,3,0.03332659816299453,0.1,-2.722584856768786,3.000516254154658,24.277412420352757,3.000516254154658,0.6667340183700547
results/comprehensive_analysis_20250829_220539/resnet18_svhn/analysis_results.json,resnet18,svhn,summary,-1,0.034508805683239156,0.1,,,,2.897727124802918,0.6549119431676085
results/comprehensive_analysis_20250829_220539/resnet18_svhn/analysis_results.json,resnet18,svhn,summary_final,999,0.03332659816299453,0.1,,,,3.000516254154658,0.6667340183700547
results/comprehensive_analysis_20250829_220539/vit_base_patch16_224_svhn/analysis_results.json,vit_base_patch16_224,svhn,layer_0,0,0.03409894042355861,0.1,-1.9455496690855403,2.9325564431459545,6.971088033630983,2.9325564431459545,0.6590105957644139
results/comprehensive_analysis_20250829_220539/vit_base_patch16_224_svhn/analysis_results.json,vit_base_patch16_224,svhn,layer_1,1,0.033333189192410094,0.1,-2.779091380702318,2.9999229746607767,6.836996828559693,2.9999229746607767,0.6666681080758992
results/comprehensive_analysis_20250829_220539/vit_base_patch16_224_svhn/analysis_results.json,vit_base_patch16_224,svhn,layer_2,2,0.03265802886249686,0.1,0.317918870599043,3.0619404030973008,6.718769056181698,3.0619404030973008,0.6734197113750314
results/comprehensive_analysis_20250829_220539/vit_base_patch16_224_svhn/analysis_results.json,vit_base_patch16_224,svhn,layer_3,3,0.033160065602859994,0.1,1.3104980463333775,3.015584637647333,6.8066810421727455,3.015584637647333,0.6683993439714001
results/comprehensive_analysis_20250829_220539/vit_base_patch16_224_svhn/analysis_results.json,vit_base_patch16_224,svhn,layer_4,4,0.03313749062682134,0.1,-2.888132774622249,3.0176389481982886,6.802727923172287,3.0176389481982886,0.6686250937317866
results/comprehensive_analysis_20250829_220539/vit_base_patch16_224_svhn/analysis_results.json,vit_base_patch16_224,svhn,layer_5,5,0.03309850921448629,0.1,-2.950439418320652,3.021192832558198,6.79590186224967,3.021192832558198,0.6690149078551371
results/comprehensive_analysis_20250829_220539/vit_base_patch16_224_svhn/analysis_results.json,vit_base_patch16_224,svhn,layer_6,6,0.03320365227070932,0.1,-3.1180095669380403,3.011626177703194,6.814313532437492,3.011626177703194,0.6679634772929068
results/comprehensive_analysis_20250829_220539/vit_base_patch16_224_svhn/analysis_results.json,vit_base_patch16_224,svhn,layer_7,7,0.03382815411387067,0.1,-2.981776847120012,2.956030164496424,6.9236704636606365,2.956030164496424,0.6617184588612933
results/comprehensive_analysis_20250829_220539/vit_base_patch16_224_svhn/analysis_results.json,vit_base_patch16_224,svhn,layer_8,8,0.0331285219592351,0.1,-2.7472244580099994,3.0184558691503924,6.8011574138533275,3.0184558691503924,0.668714780407649
results/comprehensive_analysis_20250829_220539/vit_base_patch16_224_svhn/analysis_results.json,vit_base_patch16_224,svhn,layer_9,9,0.03385983074788253,0.1,-2.0792537916973246,2.953264813393672,6.929217380014766,2.953264813393672,0.6614016925211748
results/comprehensive_analysis_20250829_220539/vit_base_patch16_224_svhn/analysis_results.json,vit_base_patch16_224,svhn,layer_10,10,0.033219991910051525,0.1,-1.2827273832089654,3.0101449189343277,6.8171747775007745,3.0101449189343277,0.6678000808994848
results/comprehensive_analysis_20250829_220539/vit_base_patch16_224_svhn/analysis_results.json,vit_base_patch16_224,svhn,layer_11,11,0.03310938142318466,0.1,-0.7058400628614105,3.020200786028326,6.797805701913061,3.020200786028326,0.6689061857681534
results/comprehensive_analysis_20250829_220539/vit_base_patch16_224_svhn/analysis_results.json,vit_base_patch16_224,svhn,summary,-1,0.03409894042355861,0.1,,,,2.9325564431459545,0.6590105957644139
results/comprehensive_analysis_20250829_220539/vit_base_patch16_224_svhn/analysis_results.json,vit_base_patch16_224,svhn,summary_final,999,0.03310938142318466,0.1,,,,3.020200786028326,0.6689061857681534
results/comprehensive_analysis_20250829_220539/vit_base_patch16_224_cifar10/analysis_results.json,vit_base_patch16_224,cifar10,layer_0,0,0.03440295526821906,0.1,-1.763785543389044,2.906642542125842,10.110591733429802,2.906642542125842,0.6559704473178094
results/comprehensive_analysis_20250829_220539/vit_base_patch16_224_cifar10/analysis_results.json,vit_base_patch16_224,cifar10,layer_1,1,0.034514196825413526,0.1,-2.541841021268431,2.8972745108719775,10.140050726225285,2.8972745108719775,0.6548580317458648
results/comprehensive_analysis_20250829_220539/vit_base_patch16_224_cifar10/analysis_results.json,vit_base_patch16_224,cifar10,layer_2,2,0.03303516652740925,0.1,0.24035904959558466,3.0269855891733863,9.748373874587548,3.0269855891733863,0.6696483347259075
results/comprehensive_analysis_20250829_220539/vit_base_patch16_224_cifar10/analysis_results.json,vit_base_patch16_224,cifar10,layer_3,3,0.03299858236640065,0.1,1.1457045007809097,3.0303413809811577,9.738685655878985,3.0303413809811577,0.6700141763359935
results/comprehensive_analysis_20250829_220539/vit_base_patch16_224_cifar10/analysis_results.json,vit_base_patch16_224,cifar10,layer_4,4,0.03471344355242362,0.1,-2.6005067776322734,2.880645338560192,10.19281525095459,2.880645338560192,0.6528655644757638
results/comprehensive_analysis_20250829_220539/vit_base_patch16_224_cifar10/analysis_results.json,vit_base_patch16_224,cifar10,layer_5,5,0.035395900168868115,0.1,-2.7569199635193975,2.825106139885969,10.373543434325144,2.825106139885969,0.6460409983113189
results/comprehensive_analysis_20250829_220539/vit_base_patch16_224_cifar10/analysis_results.json,vit_base_patch16_224,cifar10,layer_6,6,0.03507906425476591,0.1,-3.0213525860561723,2.850621916589397,10.289638937244343,2.850621916589397,0.649209357452341
results/comprehensive_analysis_20250829_220539/vit_base_patch16_224_cifar10/analysis_results.json,vit_base_patch16_224,cifar10,layer_7,7,0.03406630268758382,0.1,-2.975472038475522,2.935365940680887,10.02143938607299,2.935365940680887,0.6593369731241618
results/comprehensive_analysis_20250829_220539/vit_base_patch16_224_cifar10/analysis_results.json,vit_base_patch16_224,cifar10,layer_8,8,0.033999633072990816,0.1,-2.784982060027453,2.941121707508361,10.003783936567373,2.941121707508361,0.6600036692700919
results/comprehensive_analysis_20250829_220539/vit_base_patch16_224_cifar10/analysis_results.json,vit_base_patch16_224,cifar10,layer_9,9,0.03341192712918995,0.1,-2.2428659868394365,2.9928536225920404,9.848147629409018,2.9928536225920404,0.6658807287081006
results/comprehensive_analysis_20250829_220539/vit_base_patch16_224_cifar10/analysis_results.json,vit_base_patch16_224,cifar10,layer_10,10,0.03303037723708047,0.1,-1.5500420756334221,3.0274244783151723,9.747105574566861,3.0274244783151723,0.6696962276291953
results/comprehensive_analysis_20250829_220539/vit_base_patch16_224_cifar10/analysis_results.json,vit_base_patch16_224,cifar10,layer_11,11,0.03323423666335488,0.1,-0.8912946588860817,3.008854758969111,9.801091634465415,3.008854758969111,0.6676576333664512
results/comprehensive_analysis_20250829_220539/vit_base_patch16_224_cifar10/analysis_results.json,vit_base_patch16_224,cifar10,summary,-1,0.03440295526821906,0.1,,,,2.906642542125842,0.6559704473178094
results/comprehensive_analysis_20250829_220539/vit_base_patch16_224_cifar10/analysis_results.json,vit_base_patch16_224,cifar10,summary_final,999,0.03323423666335488,0.1,,,,3.008854758969111,0.6676576333664512
results/comprehensive_analysis_20250829_220539/convnext_tiny_cifar10/analysis_results.json,convnext_tiny,cifar10,layer_0,0,0.03326985163513336,0.1,-1.4159375890289487,3.005633913332173,-2.486020515573645,3.005633913332173,0.6673014836486664
results/comprehensive_analysis_20250829_220539/convnext_tiny_cifar10/analysis_results.json,convnext_tiny,cifar10,layer_1,1,0.034141932906439784,0.1,0.8082430961674938,2.928863793688291,-2.5773973343332264,2.928863793688291,0.6585806709356021
results/comprehensive_analysis_20250829_220539/convnext_tiny_cifar10/analysis_results.json,convnext_tiny,cifar10,layer_2,2,0.0333009713925637,0.1,3.9422085002463643,3.002825232812791,-2.489281248865503,3.002825232812791,0.6669902860743631
results/comprehensive_analysis_20250829_220539/convnext_tiny_cifar10/analysis_results.json,convnext_tiny,cifar10,layer_3,3,0.033640540112685365,0.1,-1.861275078286712,2.972515516978147,-2.524861315100038,2.972515516978147,0.6635945988731464
results/comprehensive_analysis_20250829_220539/convnext_tiny_cifar10/analysis_results.json,convnext_tiny,cifar10,summary,-1,0.03326985163513336,0.1,,,,3.005633913332173,0.6673014836486664
results/comprehensive_analysis_20250829_220539/convnext_tiny_cifar10/analysis_results.json,convnext_tiny,cifar10,summary_final,999,0.033640540112685365,0.1,,,,2.972515516978147,0.6635945988731464
results/comprehensive_analysis_20250829_220539/resnet18_cifar100/analysis_results.json,resnet18,cifar100,layer_0,0,0.03362009881387579,0.1,-0.09054798851882631,2.974322777301048,6.035867233059374,2.974322777301048,0.6637990118612421
results/comprehensive_analysis_20250829_220539/resnet18_cifar100/analysis_results.json,resnet18,cifar100,layer_1,1,0.03365153834692566,0.1,-0.5259841303353988,2.9715440472601244,6.040576479013261,2.9715440472601244,0.6634846165307435
results/comprehensive_analysis_20250829_220539/resnet18_cifar100/analysis_results.json,resnet18,cifar100,layer_2,2,0.03191921683101443,0.1,-0.6936473555495459,3.1328107991684333,5.7810965409144295,3.1328107991684333,0.6808078316898557
results/comprehensive_analysis_20250829_220539/resnet18_cifar100/analysis_results.json,resnet18,cifar100,layer_3,3,0.03225917941405922,0.1,-2.639887064572532,3.0997967716329335,5.832018652770773,3.0997967716329335,0.6774082058594078
results/comprehensive_analysis_20250829_220539/resnet18_cifar100/analysis_results.json,resnet18,cifar100,summary,-1,0.03362009881387579,0.1,,,,2.974322777301048,0.6637990118612421
results/comprehensive_analysis_20250829_220539/resnet18_cifar100/analysis_results.json,resnet18,cifar100,summary_final,999,0.03225917941405922,0.1,,,,3.0997967716329335,0.6774082058594078
results/comprehensive_analysis_20250829_220539/convnext_tiny_cifar100/analysis_results.json,convnext_tiny,cifar100,layer_0,0,0.033157148987244124,0.1,-1.4263768641588541,3.0158498907303244,20.73706091508143,3.0158498907303244,0.6684285101275588
results/comprehensive_analysis_20250829_220539/convnext_tiny_cifar100/analysis_results.json,convnext_tiny,cifar100,layer_1,1,0.033199480782730634,0.1,0.7957124330716252,3.012004574705298,20.762259258475893,3.012004574705298,0.6680051921726937
results/comprehensive_analysis_20250829_220539/convnext_tiny_cifar100/analysis_results.json,convnext_tiny,cifar100,layer_2,2,0.032475593768590987,0.1,3.91381067220478,3.079140648571119,20.33135966275953,3.079140648571119,0.6752440623140902
results/comprehensive_analysis_20250829_220539/convnext_tiny_cifar100/analysis_results.json,convnext_tiny,cifar100,layer_3,3,0.03380413129002886,0.1,-1.8268127710764717,2.9581307980157416,21.122182359809823,2.9581307980157416,0.6619586870997114
results/comprehensive_analysis_20250829_220539/convnext_tiny_cifar100/analysis_results.json,convnext_tiny,cifar100,summary,-1,0.033157148987244124,0.1,,,,3.0158498907303244,0.6684285101275588
results/comprehensive_analysis_20250829_220539/convnext_tiny_cifar100/analysis_results.json,convnext_tiny,cifar100,summary_final,999,0.03380413129002886,0.1,,,,2.9581307980157416,0.6619586870997114
results/comprehensive_analysis_20250829_220539/convnext_tiny_svhn/analysis_results.json,convnext_tiny,svhn,layer_0,0,0.03333308975305497,0.1,-1.452988848681959,2.999931923769879,-2.9578115336817885,2.999931923769879,0.6666691024694503
results/comprehensive_analysis_20250829_220539/convnext_tiny_svhn/analysis_results.json,convnext_tiny,svhn,layer_1,1,0.034492203945135455,0.1,0.9896446596468097,2.899121814229232,-3.0954392049314947,2.899121814229232,0.6550779605486454
results/comprehensive_analysis_20250829_220539/convnext_tiny_svhn/analysis_results.json,convnext_tiny,svhn,layer_2,2,0.03343993225330073,0.1,3.473665210191991,2.9903472559479756,-2.970497500776133,2.9903472559479756,0.6656006774669927
results/comprehensive_analysis_20250829_220539/convnext_tiny_svhn/analysis_results.json,convnext_tiny,svhn,layer_3,3,0.033797885589366194,0.1,-1.565317541820981,2.9586774314080344,-3.0129991666131533,2.9586774314080344,0.662021144106338
results/comprehensive_analysis_20250829_220539/convnext_tiny_svhn/analysis_results.json,convnext_tiny,svhn,summary,-1,0.03333308975305497,0.1,,,,2.999931923769879,0.6666691024694503
results/comprehensive_analysis_20250829_220539/convnext_tiny_svhn/analysis_results.json,convnext_tiny,svhn,summary_final,999,0.033797885589366194,0.1,,,,2.9586774314080344,0.662021144106338
results/comprehensive_analysis_20250829_220539/vit_base_patch16_224_cifar100/analysis_results.json,vit_base_patch16_224,cifar100,layer_0,0,0.035471641880998356,0.1,-1.9428420954447048,2.8190739312700317,-9.394832487821095,2.8190739312700317,0.6452835811900164
results/comprehensive_analysis_20250829_220539/vit_base_patch16_224_cifar100/analysis_results.json,vit_base_patch16_224,cifar100,layer_1,1,0.035030828662523925,0.1,-2.8464565894202094,2.854546959661778,-9.265653816593202,2.854546959661778,0.6496917133747608
results/comprehensive_analysis_20250829_220539/vit_base_patch16_224_cifar100/analysis_results.json,vit_base_patch16_224,cifar100,layer_2,2,0.03483300931650757,0.1,0.18790537622974457,2.870757686586791,-9.207683594307218,2.870757686586791,0.6516699068349243
results/comprehensive_analysis_20250829_220539/vit_base_patch16_224_cifar100/analysis_results.json,vit_base_patch16_224,cifar100,layer_3,3,0.03455600476222534,0.1,1.1596384347811108,2.8937693150220922,-9.126508441778691,2.8937693150220922,0.6544399523777467
results/comprehensive_analysis_20250829_220539/vit_base_patch16_224_cifar100/analysis_results.json,vit_base_patch16_224,cifar100,layer_4,4,0.0350485957404348,0.1,-2.977033073719855,2.8530999541496986,-9.27086039257582,2.8530999541496986,0.649514042595652
results/comprehensive_analysis_20250829_220539/vit_base_patch16_224_cifar100/analysis_results.json,vit_base_patch16_224,cifar100,layer_5,5,0.03496936003057088,0.1,-3.114896701632164,2.8595644972651297,-9.247640663028136,2.8595644972651297,0.6503063996942913
results/comprehensive_analysis_20250829_220539/vit_base_patch16_224_cifar100/analysis_results.json,vit_base_patch16_224,cifar100,layer_6,6,0.03478534113356858,0.1,-3.2718682053536234,2.874691523780312,-9.193714610906,2.874691523780312,0.6521465886643143
results/comprehensive_analysis_20250829_220539/vit_base_patch16_224_cifar100/analysis_results.json,vit_base_patch16_224,cifar100,layer_7,7,0.03498423921069113,0.1,-3.1560859072793264,2.858348327926854,-9.252000951323362,2.858348327926854,0.6501576078930886
results/comprehensive_analysis_20250829_220539/vit_base_patch16_224_cifar100/analysis_results.json,vit_base_patch16_224,cifar100,layer_8,8,0.03460513619978249,0.1,-2.9106357634819253,2.889660938242176,-9.140906226493755,2.889660938242176,0.6539486380021751
results/comprehensive_analysis_20250829_220539/vit_base_patch16_224_cifar100/analysis_results.json,vit_base_patch16_224,cifar100,layer_9,9,0.034567307148082725,0.1,-2.346605521352515,2.8928231738864985,-9.129820563842124,2.8928231738864985,0.6543269285191728
results/comprehensive_analysis_20250829_220539/vit_base_patch16_224_cifar100/analysis_results.json,vit_base_patch16_224,cifar100,layer_10,10,0.0342713920624648,0.1,-1.6659835225562305,2.9178004213344715,-9.043103750565281,2.9178004213344715,0.657286079375352
results/comprehensive_analysis_20250829_220539/vit_base_patch16_224_cifar100/analysis_results.json,vit_base_patch16_224,cifar100,layer_11,11,0.03386033109606713,0.1,-0.985677821470388,2.9532211748053414,-8.922643865953212,2.9532211748053414,0.6613966890393288
results/comprehensive_analysis_20250829_220539/vit_base_patch16_224_cifar100/analysis_results.json,vit_base_patch16_224,cifar100,summary,-1,0.035471641880998356,0.1,,,,2.8190739312700317,0.6452835811900164
results/comprehensive_analysis_20250829_220539/vit_base_patch16_224_cifar100/analysis_results.json,vit_base_patch16_224,cifar100,summary_final,999,0.03386033109606713,0.1,,,,2.9532211748053414,0.6613966890393288
results/comprehensive_analysis_20250829_220539/resnet18_cifar10/analysis_results.json,resnet18,cifar10,layer_0,0,0.03317220411023319,0.1,-0.06976156584740453,3.0144811959587665,-12.794247456507302,3.0144811959587665,0.6682779588976682
results/comprehensive_analysis_20250829_220539/resnet18_cifar10/analysis_results.json,resnet18,cifar10,layer_1,1,0.033353197691246735,0.1,-0.4517011177214743,2.9981233824204194,-12.869511380370898,2.9981233824204194,0.6664680230875326
results/comprehensive_analysis_20250829_220539/resnet18_cifar10/analysis_results.json,resnet18,cifar10,layer_2,2,0.03243067073210633,0.1,-0.684495575302293,3.083405749460917,-12.485890047359858,3.083405749460917,0.6756932926789367
results/comprehensive_analysis_20250829_220539/resnet18_cifar10/analysis_results.json,resnet18,cifar10,layer_3,3,0.0325885120710583,0.1,-2.642618730405708,3.0684718378710185,-12.55152640004642,3.0684718378710185,0.674114879289417
results/comprehensive_analysis_20250829_220539/resnet18_cifar10/analysis_results.json,resnet18,cifar10,summary,-1,0.03317220411023319,0.1,,,,3.0144811959587665,0.6682779588976682
results/comprehensive_analysis_20250829_220539/resnet18_cifar10/analysis_results.json,resnet18,cifar10,summary_final,999,0.0325885120710583,0.1,,,,3.0684718378710185,0.674114879289417
results/comprehensive_analysis_20250829_222555/convnext_tiny_cifar100_analysis.json,convnext_tiny,cifar100,layer_0,0,0.032890880322846074,0.1,-1.4262589287488485,3.0402640110100942,-10.229946084704023,3.0402640110100942,0.6710911967715393
results/comprehensive_analysis_20250829_222555/convnext_tiny_cifar100_analysis.json,convnext_tiny,cifar100,layer_1,1,0.03299157726205538,0.1,0.7812861296159953,3.0309847941163897,-10.264327079895256,3.0309847941163897,0.6700842273794463
results/comprehensive_analysis_20250829_222555/convnext_tiny_cifar100_analysis.json,convnext_tiny,cifar100,layer_2,2,0.03270118882822518,0.1,3.896076546477994,3.057899290022148,-10.165179643781496,3.057899290022148,0.6729881117177482
results/comprehensive_analysis_20250829_222555/convnext_tiny_cifar100_analysis.json,convnext_tiny,cifar100,layer_3,3,0.03259050327480604,0.1,-1.8312994943210863,3.0682843671498343,-10.12738823214849,3.0682843671498343,0.6740949672519396
results/comprehensive_analysis_20250829_222555/convnext_tiny_cifar100_analysis.json,convnext_tiny,cifar100,summary,-1,0.032890880322846074,0.1,,,,3.0402640110100942,0.6710911967715393
results/comprehensive_analysis_20250829_222555/convnext_tiny_cifar100_analysis.json,convnext_tiny,cifar100,summary_final,999,0.03259050327480604,0.1,,,,3.0682843671498343,0.6740949672519396
results/comprehensive_analysis_20250829_222555/vit_base_patch16_224_svhn_analysis.json,vit_base_patch16_224,svhn,layer_0,0,0.03206708144307005,0.1,-1.918427701468781,3.118365536695059,-10.525352733966225,3.118365536695059,0.6793291855692996
results/comprehensive_analysis_20250829_222555/vit_base_patch16_224_svhn_analysis.json,vit_base_patch16_224,svhn,layer_1,1,0.031530361845297374,0.1,-2.7178528731056955,3.1714456384925893,-10.33244828475576,3.1714456384925893,0.6846963815470263
results/comprehensive_analysis_20250829_222555/vit_base_patch16_224_svhn_analysis.json,vit_base_patch16_224,svhn,layer_2,2,0.03250196450342101,0.1,0.35040986201055624,3.0766424394757834,-10.681655722670383,3.0766424394757834,0.67498035496579
results/comprehensive_analysis_20250829_222555/vit_base_patch16_224_svhn_analysis.json,vit_base_patch16_224,svhn,layer_3,3,0.03325163083653889,0.1,1.3317917645915986,3.00728085220004,-10.951096174783304,3.00728085220004,0.6674836916346112
results/comprehensive_analysis_20250829_222555/vit_base_patch16_224_svhn_analysis.json,vit_base_patch16_224,svhn,layer_4,4,0.031148039078755494,0.1,-2.8222072596902223,3.210371907369777,-10.195036192843252,3.210371907369777,0.688519609212445
results/comprehensive_analysis_20250829_222555/vit_base_patch16_224_svhn_analysis.json,vit_base_patch16_224,svhn,layer_5,5,0.03148625199464936,0.1,-2.897227019532368,3.1758884521581314,-10.316594594152097,3.1758884521581314,0.6851374800535064
results/comprehensive_analysis_20250829_222555/vit_base_patch16_224_svhn_analysis.json,vit_base_patch16_224,svhn,layer_6,6,0.03180711612207726,0.1,-3.081966786210234,3.1438517017545835,-10.43191760085753,3.1438517017545835,0.6819288387792274
results/comprehensive_analysis_20250829_222555/vit_base_patch16_224_svhn_analysis.json,vit_base_patch16_224,svhn,layer_7,7,0.03216292116781728,0.1,-2.954532687996526,3.1090736567299655,-10.559798857028564,3.1090736567299655,0.6783707883218273
results/comprehensive_analysis_20250829_222555/vit_base_patch16_224_svhn_analysis.json,vit_base_patch16_224,svhn,layer_8,8,0.032059058579959304,0.1,-2.7276482650876517,3.1191458914710113,-10.522469205964095,3.1191458914710113,0.679409414200407
results/comprehensive_analysis_20250829_222555/vit_base_patch16_224_svhn_analysis.json,vit_base_patch16_224,svhn,layer_9,9,0.03268259624001347,0.1,-2.063353453374556,3.0596388251049693,-10.74657726792772,3.0596388251049693,0.6731740375998654
results/comprehensive_analysis_20250829_222555/vit_base_patch16_224_svhn_analysis.json,vit_base_patch16_224,svhn,layer_10,10,0.032380551394204635,0.1,-1.2590389201490286,3.0881781660991425,-10.638018171409893,3.0881781660991425,0.6761944860579536
results/comprehensive_analysis_20250829_222555/vit_base_patch16_224_svhn_analysis.json,vit_base_patch16_224,svhn,layer_11,11,0.03279947852095204,0.1,-0.6818252672576425,3.048736009632383,-10.788586376819003,3.048736009632383,0.6720052147904796
results/comprehensive_analysis_20250829_222555/vit_base_patch16_224_svhn_analysis.json,vit_base_patch16_224,svhn,summary,-1,0.03206708144307005,0.1,,,,3.118365536695059,0.6793291855692996
results/comprehensive_analysis_20250829_222555/vit_base_patch16_224_svhn_analysis.json,vit_base_patch16_224,svhn,summary_final,999,0.03279947852095204,0.1,,,,3.048736009632383,0.6720052147904796
results/comprehensive_analysis_20250829_222555/mixer_b16_224_cifar100_analysis.json,mixer_b16_224,cifar100,layer_0,0,0.03231908947153517,0.1,-2.1575929069865514,3.094050840672073,-9.670879183419125,3.094050840672073,0.6768091052846483
results/comprehensive_analysis_20250829_222555/mixer_b16_224_cifar100_analysis.json,mixer_b16_224,cifar100,layer_1,1,0.03282824280153333,0.1,-2.43322999904994,3.046064772329424,-9.838987683970513,3.046064772329424,0.6717175719846666
results/comprehensive_analysis_20250829_222555/mixer_b16_224_cifar100_analysis.json,mixer_b16_224,cifar100,layer_2,2,0.03308202407820072,0.1,-1.964953882746205,3.0226982806536316,-9.922779318778687,3.0226982806536316,0.6691797592179929
results/comprehensive_analysis_20250829_222555/mixer_b16_224_cifar100_analysis.json,mixer_b16_224,cifar100,layer_3,3,0.03305656516151244,0.1,-1.1104605979698678,3.025026178165895,-9.914373480973119,3.025026178165895,0.6694343483848757
results/comprehensive_analysis_20250829_222555/mixer_b16_224_cifar100_analysis.json,mixer_b16_224,cifar100,layer_4,4,0.03338435457120284,0.1,-2.8012154509740608,2.995325383971116,-10.022600576649536,2.995325383971116,0.6661564542879717
results/comprehensive_analysis_20250829_222555/mixer_b16_224_cifar100_analysis.json,mixer_b16_224,cifar100,layer_5,5,0.03274531312091077,0.1,-3.326827631483294,3.0537788981240497,-9.81160657215354,3.0537788981240497,0.6725468687908923
results/comprehensive_analysis_20250829_222555/mixer_b16_224_cifar100_analysis.json,mixer_b16_224,cifar100,layer_6,6,0.032619103464132625,0.1,-3.1410159668466706,3.0655942005197754,-9.76993559622934,3.0655942005197754,0.6738089653586739
results/comprehensive_analysis_20250829_222555/mixer_b16_224_cifar100_analysis.json,mixer_b16_224,cifar100,layer_7,7,0.03193031416199588,0.1,-3.408910360779083,3.1317220297502923,-9.542516212016608,3.1317220297502923,0.6806968583800412
results/comprehensive_analysis_20250829_222555/mixer_b16_224_cifar100_analysis.json,mixer_b16_224,cifar100,layer_8,8,0.032098149564991275,0.1,-3.642694392447164,3.1153473333469353,-9.597930870577507,3.1153473333469353,0.6790185043500873
results/comprehensive_analysis_20250829_222555/mixer_b16_224_cifar100_analysis.json,mixer_b16_224,cifar100,layer_9,9,0.03207392979714312,0.1,-3.288041729958922,3.117699730987623,-9.589934165819296,3.117699730987623,0.6792607020285688
results/comprehensive_analysis_20250829_222555/mixer_b16_224_cifar100_analysis.json,mixer_b16_224,cifar100,layer_10,10,0.03289844572471825,0.1,-2.640442076459403,3.039564886190994,-9.86216676865014,3.039564886190994,0.6710155427528175
results/comprehensive_analysis_20250829_222555/mixer_b16_224_cifar100_analysis.json,mixer_b16_224,cifar100,layer_11,11,0.032885430947895304,0.1,-2.408372643109667,3.0407677913860063,-9.85786964539117,3.0407677913860063,0.671145690521047
results/comprehensive_analysis_20250829_222555/mixer_b16_224_cifar100_analysis.json,mixer_b16_224,cifar100,summary,-1,0.03231908947153517,0.1,,,,3.094050840672073,0.6768091052846483
results/comprehensive_analysis_20250829_222555/mixer_b16_224_cifar100_analysis.json,mixer_b16_224,cifar100,summary_final,999,0.032885430947895304,0.1,,,,3.0407677913860063,0.671145690521047
results/comprehensive_analysis_20250829_222555/resnet18_cifar100_analysis.json,resnet18,cifar100,layer_0,0,0.032426869907631585,0.1,-0.09065239975819453,3.0837671510599582,-4.0983420311323,3.0837671510599582,0.6757313009236842
results/comprehensive_analysis_20250829_222555/resnet18_cifar100_analysis.json,resnet18,cifar100,layer_1,1,0.032898445369044446,0.1,-0.5277862775300621,3.0395649190515357,-4.172485881667993,3.0395649190515357,0.6710155463095555
results/comprehensive_analysis_20250829_222555/resnet18_cifar100_analysis.json,resnet18,cifar100,layer_2,2,0.03394871952415873,0.1,-0.6924476932864785,2.9455324344826965,-4.337616123485471,2.9455324344826965,0.6605128047584127
results/comprehensive_analysis_20250829_222555/resnet18_cifar100_analysis.json,resnet18,cifar100,layer_3,3,0.033760865352621156,0.1,-2.646919017178544,2.9619216520048215,-4.308080592575405,2.9619216520048215,0.6623913464737885
results/comprehensive_analysis_20250829_222555/resnet18_cifar100_analysis.json,resnet18,cifar100,summary,-1,0.032426869907631585,0.1,,,,3.0837671510599582,0.6757313009236842
results/comprehensive_analysis_20250829_222555/resnet18_cifar100_analysis.json,resnet18,cifar100,summary_final,999,0.033760865352621156,0.1,,,,2.9619216520048215,0.6623913464737885
results/comprehensive_analysis_20250829_222555/vit_base_patch16_224_cifar100_analysis.json,vit_base_patch16_224,cifar100,layer_0,0,0.03399426031825054,0.1,-1.944367002419561,2.9415865348239283,-26.32161946416374,2.9415865348239283,0.6600573968174945
results/comprehensive_analysis_20250829_222555/vit_base_patch16_224_cifar100_analysis.json,vit_base_patch16_224,cifar100,layer_1,1,0.034762520417791265,0.1,-2.845632547172484,2.8765786318011117,-26.939079879323387,2.8765786318011117,0.6523747958220873
results/comprehensive_analysis_20250829_222555/vit_base_patch16_224_cifar100_analysis.json,vit_base_patch16_224,cifar100,layer_2,2,0.033976978855367074,0.1,0.19793835747523736,2.9430826484902664,-26.30773013260406,2.9430826484902664,0.6602302114463292
results/comprehensive_analysis_20250829_222555/vit_base_patch16_224_cifar100_analysis.json,vit_base_patch16_224,cifar100,layer_3,3,0.03389375342994574,0.1,1.1601287923434274,2.950309115146146,-26.240840799469073,2.950309115146146,0.6610624657005426
results/comprehensive_analysis_20250829_222555/vit_base_patch16_224_cifar100_analysis.json,vit_base_patch16_224,cifar100,layer_4,4,0.033930762000383086,0.1,-2.9761380519864202,2.947091282759528,-26.270585058321473,2.947091282759528,0.6606923799961691
results/comprehensive_analysis_20250829_222555/vit_base_patch16_224_cifar100_analysis.json,vit_base_patch16_224,cifar100,layer_5,5,0.03418106344743253,0.1,-3.1138554439664565,2.925510923405391,-26.471755515439586,2.925510923405391,0.6581893655256748
results/comprehensive_analysis_20250829_222555/vit_base_patch16_224_cifar100_analysis.json,vit_base_patch16_224,cifar100,layer_6,6,0.03428771000273489,0.1,-3.266867585375678,2.9164118449490792,-26.55746870860386,2.9164118449490792,0.6571228999726512
results/comprehensive_analysis_20250829_222555/vit_base_patch16_224_cifar100_analysis.json,vit_base_patch16_224,cifar100,layer_7,7,0.033746579550800064,0.1,-3.1508486391400603,2.9631754730578677,-26.122555280577398,2.9631754730578677,0.6625342044919994
results/comprehensive_analysis_20250829_222555/vit_base_patch16_224_cifar100_analysis.json,vit_base_patch16_224,cifar100,layer_8,8,0.033092129562808714,0.1,-2.908962255023548,3.0217752542927734,-25.59656549986649,3.0217752542927734,0.6690787043719129
results/comprehensive_analysis_20250829_222555/vit_base_patch16_224_cifar100_analysis.json,vit_base_patch16_224,cifar100,layer_9,9,0.034428003132195954,0.1,-2.3465485303033966,2.9045278951595885,-26.670224081442903,2.9045278951595885,0.6557199686780405
results/comprehensive_analysis_20250829_222555/vit_base_patch16_224_cifar100_analysis.json,vit_base_patch16_224,cifar100,layer_10,10,0.033786672141241376,0.1,-1.6609526352300379,2.9596593568794454,-26.154778205539294,2.9596593568794454,0.6621332785875862
results/comprehensive_analysis_20250829_222555/vit_base_patch16_224_cifar100_analysis.json,vit_base_patch16_224,cifar100,layer_11,11,0.03396877384131999,0.1,-0.9798890103487176,2.9437935167634968,-26.30113565843713,2.9437935167634968,0.6603122615868002
results/comprehensive_analysis_20250829_222555/vit_base_patch16_224_cifar100_analysis.json,vit_base_patch16_224,cifar100,summary,-1,0.03399426031825054,0.1,,,,2.9415865348239283,0.6600573968174945
results/comprehensive_analysis_20250829_222555/vit_base_patch16_224_cifar100_analysis.json,vit_base_patch16_224,cifar100,summary_final,999,0.03396877384131999,0.1,,,,2.9437935167634968,0.6603122615868002
results/comprehensive_analysis_20250829_222555/resnet18_svhn_analysis.json,resnet18,svhn,layer_0,0,0.03258649985550925,0.1,-0.1010878985466733,3.0686613101156324,-29.349497675748083,3.0686613101156324,0.6741350014449075
results/comprehensive_analysis_20250829_222555/resnet18_svhn_analysis.json,resnet18,svhn,layer_1,1,0.032774421629777416,0.1,-0.6057192186270108,3.051066775877785,-29.524518972194866,3.051066775877785,0.6722557837022258
results/comprehensive_analysis_20250829_222555/resnet18_svhn_analysis.json,resnet18,svhn,layer_2,2,0.032830729066348256,0.1,-0.7239953050443364,3.045834101454548,-29.576961008710338,3.045834101454548,0.6716927093365175
results/comprehensive_analysis_20250829_222555/resnet18_svhn_analysis.json,resnet18,svhn,layer_3,3,0.03278321319113273,0.1,-2.7209843213081872,3.050248588154233,-29.532707009329954,3.050248588154233,0.6721678680886727
results/comprehensive_analysis_20250829_222555/resnet18_svhn_analysis.json,resnet18,svhn,summary,-1,0.03258649985550925,0.1,,,,3.0686613101156324,0.6741350014449075
results/comprehensive_analysis_20250829_222555/resnet18_svhn_analysis.json,resnet18,svhn,summary_final,999,0.03278321319113273,0.1,,,,3.050248588154233,0.6721678680886727
results/comprehensive_analysis_20250829_222555/convnext_tiny_cifar10_analysis.json,convnext_tiny,cifar10,layer_0,0,0.0340460850923901,0.1,-1.4160199884960287,2.937108998571837,-2.1965454017251536,2.937108998571837,0.659539149076099
results/comprehensive_analysis_20250829_222555/convnext_tiny_cifar10_analysis.json,convnext_tiny,cifar10,layer_1,1,0.03296364303756123,0.1,0.8096901154422298,3.033553249342212,-2.094916237502377,3.033553249342212,0.6703635696243877
results/comprehensive_analysis_20250829_222555/convnext_tiny_cifar10_analysis.json,convnext_tiny,cifar10,layer_2,2,0.03339112490116643,0.1,3.9738428615231216,2.9947180748748004,-2.135051988256684,2.9947180748748004,0.6660887509883358
results/comprehensive_analysis_20250829_222555/convnext_tiny_cifar10_analysis.json,convnext_tiny,cifar10,layer_3,3,0.032150808743274355,0.1,-1.8500339752515338,3.110244925829201,-2.018600217063716,3.110244925829201,0.6784919125672565
results/comprehensive_analysis_20250829_222555/convnext_tiny_cifar10_analysis.json,convnext_tiny,cifar10,summary,-1,0.0340460850923901,0.1,,,,2.937108998571837,0.659539149076099
results/comprehensive_analysis_20250829_222555/convnext_tiny_cifar10_analysis.json,convnext_tiny,cifar10,summary_final,999,0.032150808743274355,0.1,,,,3.110244925829201,0.6784919125672565
results/comprehensive_analysis_20250829_222555/mixer_b16_224_cifar10_analysis.json,mixer_b16_224,cifar10,layer_0,0,0.03263499944471791,0.1,-2.1175436255210656,3.0641010449025745,3.7588689713754566,3.0641010449025745,0.673650005552821
results/comprehensive_analysis_20250829_222555/mixer_b16_224_cifar10_analysis.json,mixer_b16_224,cifar10,layer_1,1,0.032861939342211224,0.1,-2.432535385489595,3.0429414410765663,3.778053817467518,3.0429414410765663,0.6713806065778878
results/comprehensive_analysis_20250829_222555/mixer_b16_224_cifar10_analysis.json,mixer_b16_224,cifar10,layer_2,2,0.033471099368161276,0.1,-1.9435953605001492,2.9875628325577988,3.8295504536798983,2.9875628325577988,0.6652890063183873
results/comprehensive_analysis_20250829_222555/mixer_b16_224_cifar10_analysis.json,mixer_b16_224,cifar10,layer_3,3,0.033530452928355964,0.1,-1.141424047075713,2.982274588985517,3.8345680329153193,2.982274588985517,0.6646954707164403
results/comprehensive_analysis_20250829_222555/mixer_b16_224_cifar10_analysis.json,mixer_b16_224,cifar10,layer_4,4,0.03219069060989663,0.1,-2.7963743164609594,3.1063916838607164,3.7213083806307607,3.1063916838607164,0.6780930939010337
results/comprehensive_analysis_20250829_222555/mixer_b16_224_cifar10_analysis.json,mixer_b16_224,cifar10,layer_5,5,0.0325676073479456,0.1,-3.220728712082291,3.070441389515168,3.753171837382364,3.070441389515168,0.6743239265205441
results/comprehensive_analysis_20250829_222555/mixer_b16_224_cifar10_analysis.json,mixer_b16_224,cifar10,layer_6,6,0.03326791723390248,0.1,-3.0966564758534143,3.005808674112653,3.8123740205473045,3.005808674112653,0.6673208276609752
results/comprehensive_analysis_20250829_222555/mixer_b16_224_cifar10_analysis.json,mixer_b16_224,cifar10,layer_7,7,0.03333884971400896,0.1,-3.3663458680408143,2.999413640367471,3.818370448362784,2.999413640367471,0.6666115028599104
results/comprehensive_analysis_20250829_222555/mixer_b16_224_cifar10_analysis.json,mixer_b16_224,cifar10,layer_8,8,0.033727919741306026,0.1,-3.6612829548362207,2.964814787042684,3.8512613092258388,2.964814787042684,0.6627208025869398
results/comprehensive_analysis_20250829_222555/mixer_b16_224_cifar10_analysis.json,mixer_b16_224,cifar10,layer_9,9,0.03373582283645391,0.1,-3.2967063289313785,2.9641202577009187,3.851929414154667,2.9641202577009187,0.6626417716354609
results/comprehensive_analysis_20250829_222555/mixer_b16_224_cifar10_analysis.json,mixer_b16_224,cifar10,layer_10,10,0.033768448254892024,0.1,-2.61432532168794,2.961256554895399,3.854687473175306,2.961256554895399,0.6623155174510797
results/comprehensive_analysis_20250829_222555/mixer_b16_224_cifar10_analysis.json,mixer_b16_224,cifar10,layer_11,11,0.03353182964851793,0.1,-2.3817695689237435,2.9821521490483507,3.834684416877377,2.9821521490483507,0.6646817035148207
results/comprehensive_analysis_20250829_222555/mixer_b16_224_cifar10_analysis.json,mixer_b16_224,cifar10,summary,-1,0.03263499944471791,0.1,,,,3.0641010449025745,0.673650005552821
results/comprehensive_analysis_20250829_222555/mixer_b16_224_cifar10_analysis.json,mixer_b16_224,cifar10,summary_final,999,0.03353182964851793,0.1,,,,2.9821521490483507,0.6646817035148207
results/comprehensive_analysis_20250829_222555/vit_base_patch16_224_cifar10_analysis.json,vit_base_patch16_224,cifar10,layer_0,0,0.03273931829499406,0.1,-1.775318030534971,3.0543380519086107,-3.819792562752392,3.0543380519086107,0.6726068170500594
results/comprehensive_analysis_20250829_222555/vit_base_patch16_224_cifar10_analysis.json,vit_base_patch16_224,cifar10,layer_1,1,0.03196549416596028,0.1,-2.565492333059802,3.128275483724632,-3.705872298793638,3.128275483724632,0.6803450583403973
results/comprehensive_analysis_20250829_222555/vit_base_patch16_224_cifar10_analysis.json,vit_base_patch16_224,cifar10,layer_2,2,0.033425039668620114,0.1,0.21897536765574752,2.991679570519943,-3.9207425809214795,2.991679570519943,0.6657496033137988
results/comprehensive_analysis_20250829_222555/vit_base_patch16_224_cifar10_analysis.json,vit_base_patch16_224,cifar10,layer_3,3,0.03384832307640931,0.1,1.1416634856877197,2.954268827600078,-3.98305720221006,2.954268827600078,0.661516769235907
results/comprehensive_analysis_20250829_222555/vit_base_patch16_224_cifar10_analysis.json,vit_base_patch16_224,cifar10,layer_4,4,0.03257762797556751,0.1,-2.622673251869766,3.0694969743660003,-3.7959889578019395,3.0694969743660003,0.674223720244325
results/comprehensive_analysis_20250829_222555/vit_base_patch16_224_cifar10_analysis.json,vit_base_patch16_224,cifar10,layer_5,5,0.03349750410697442,0.1,-2.7771243300657664,2.985207926916949,-3.931410596605163,2.985207926916949,0.6650249589302558
results/comprehensive_analysis_20250829_222555/vit_base_patch16_224_cifar10_analysis.json,vit_base_patch16_224,cifar10,layer_6,6,0.0336024242415205,0.1,-3.0318466229117336,2.9758871977231323,-3.9468566507841683,2.9758871977231323,0.6639757575847951
results/comprehensive_analysis_20250829_222555/vit_base_patch16_224_cifar10_analysis.json,vit_base_patch16_224,cifar10,layer_7,7,0.03442435356120906,0.1,-2.985049773918246,2.904835815911018,-4.06785882885178,2.904835815911018,0.6557564643879095
results/comprehensive_analysis_20250829_222555/vit_base_patch16_224_cifar10_analysis.json,vit_base_patch16_224,cifar10,layer_8,8,0.03440712083571759,0.1,-2.7930802645613717,2.9062906538096756,-4.065321874312551,2.9062906538096756,0.655928791642824
results/comprehensive_analysis_20250829_222555/vit_base_patch16_224_cifar10_analysis.json,vit_base_patch16_224,cifar10,layer_9,9,0.03427795650320512,0.1,-2.2443723434600895,2.917241660802886,-4.046306655864595,2.917241660802886,0.6572204349679488
results/comprehensive_analysis_20250829_222555/vit_base_patch16_224_cifar10_analysis.json,vit_base_patch16_224,cifar10,layer_10,10,0.03384390077000383,0.1,-1.5588353052904163,2.9546548438584384,-3.98240616240125,2.9546548438584384,0.6615609922999617
results/comprehensive_analysis_20250829_222555/vit_base_patch16_224_cifar10_analysis.json,vit_base_patch16_224,cifar10,layer_11,11,0.03428635212062286,0.1,-0.9054811483770713,2.9165273436163908,-4.0475426356130155,2.9165273436163908,0.6571364787937715
results/comprehensive_analysis_20250829_222555/vit_base_patch16_224_cifar10_analysis.json,vit_base_patch16_224,cifar10,summary,-1,0.03273931829499406,0.1,,,,3.0543380519086107,0.6726068170500594
results/comprehensive_analysis_20250829_222555/vit_base_patch16_224_cifar10_analysis.json,vit_base_patch16_224,cifar10,summary_final,999,0.03428635212062286,0.1,,,,2.9165273436163908,0.6571364787937715
results/comprehensive_analysis_20250829_222555/resnet18_cifar10_analysis.json,resnet18,cifar10,layer_0,0,0.031755875217762665,0.1,-0.07116892229718798,3.148924423901339,-16.091949003982062,3.148924423901339,0.6824412478223734
results/comprehensive_analysis_20250829_222555/resnet18_cifar10_analysis.json,resnet18,cifar10,layer_1,1,0.03171479499538146,0.1,-0.45289786972883894,3.1530031019106493,-16.069838416218477,3.1530031019106493,0.6828520500461854
results/comprehensive_analysis_20250829_222555/resnet18_cifar10_analysis.json,resnet18,cifar10,layer_2,2,0.03221539791438228,0.1,-0.6830458197302401,3.104009339149529,-16.33927767758768,3.104009339149529,0.6778460208561772
results/comprehensive_analysis_20250829_222555/resnet18_cifar10_analysis.json,resnet18,cifar10,layer_3,3,0.032387107109061515,0.1,-2.6469244840261923,3.0875530843240324,-16.431696632469162,3.0875530843240324,0.6761289289093848
results/comprehensive_analysis_20250829_222555/resnet18_cifar10_analysis.json,resnet18,cifar10,summary,-1,0.031755875217762665,0.1,,,,3.148924423901339,0.6824412478223734
results/comprehensive_analysis_20250829_222555/resnet18_cifar10_analysis.json,resnet18,cifar10,summary_final,999,0.032387107109061515,0.1,,,,3.0875530843240324,0.6761289289093848
results/comprehensive_analysis_20250829_222555/resnet18_svhn/analysis_results.json,resnet18,svhn,layer_0,0,0.03258649985550925,0.1,-0.1010878985466733,3.0686613101156324,-29.349497675748083,3.0686613101156324,0.6741350014449075
results/comprehensive_analysis_20250829_222555/resnet18_svhn/analysis_results.json,resnet18,svhn,layer_1,1,0.032774421629777416,0.1,-0.6057192186270108,3.051066775877785,-29.524518972194866,3.051066775877785,0.6722557837022258
results/comprehensive_analysis_20250829_222555/resnet18_svhn/analysis_results.json,resnet18,svhn,layer_2,2,0.032830729066348256,0.1,-0.7239953050443364,3.045834101454548,-29.576961008710338,3.045834101454548,0.6716927093365175
results/comprehensive_analysis_20250829_222555/resnet18_svhn/analysis_results.json,resnet18,svhn,layer_3,3,0.03278321319113273,0.1,-2.7209843213081872,3.050248588154233,-29.532707009329954,3.050248588154233,0.6721678680886727
results/comprehensive_analysis_20250829_222555/resnet18_svhn/analysis_results.json,resnet18,svhn,summary,-1,0.03258649985550925,0.1,,,,3.0686613101156324,0.6741350014449075
results/comprehensive_analysis_20250829_222555/resnet18_svhn/analysis_results.json,resnet18,svhn,summary_final,999,0.03278321319113273,0.1,,,,3.050248588154233,0.6721678680886727
results/comprehensive_analysis_20250829_222555/mixer_b16_224_cifar10/analysis_results.json,mixer_b16_224,cifar10,layer_0,0,0.03263499944471791,0.1,-2.1175436255210656,3.0641010449025745,3.7588689713754566,3.0641010449025745,0.673650005552821
results/comprehensive_analysis_20250829_222555/mixer_b16_224_cifar10/analysis_results.json,mixer_b16_224,cifar10,layer_1,1,0.032861939342211224,0.1,-2.432535385489595,3.0429414410765663,3.778053817467518,3.0429414410765663,0.6713806065778878
results/comprehensive_analysis_20250829_222555/mixer_b16_224_cifar10/analysis_results.json,mixer_b16_224,cifar10,layer_2,2,0.033471099368161276,0.1,-1.9435953605001492,2.9875628325577988,3.8295504536798983,2.9875628325577988,0.6652890063183873
results/comprehensive_analysis_20250829_222555/mixer_b16_224_cifar10/analysis_results.json,mixer_b16_224,cifar10,layer_3,3,0.033530452928355964,0.1,-1.141424047075713,2.982274588985517,3.8345680329153193,2.982274588985517,0.6646954707164403
results/comprehensive_analysis_20250829_222555/mixer_b16_224_cifar10/analysis_results.json,mixer_b16_224,cifar10,layer_4,4,0.03219069060989663,0.1,-2.7963743164609594,3.1063916838607164,3.7213083806307607,3.1063916838607164,0.6780930939010337
results/comprehensive_analysis_20250829_222555/mixer_b16_224_cifar10/analysis_results.json,mixer_b16_224,cifar10,layer_5,5,0.0325676073479456,0.1,-3.220728712082291,3.070441389515168,3.753171837382364,3.070441389515168,0.6743239265205441
results/comprehensive_analysis_20250829_222555/mixer_b16_224_cifar10/analysis_results.json,mixer_b16_224,cifar10,layer_6,6,0.03326791723390248,0.1,-3.0966564758534143,3.005808674112653,3.8123740205473045,3.005808674112653,0.6673208276609752
results/comprehensive_analysis_20250829_222555/mixer_b16_224_cifar10/analysis_results.json,mixer_b16_224,cifar10,layer_7,7,0.03333884971400896,0.1,-3.3663458680408143,2.999413640367471,3.818370448362784,2.999413640367471,0.6666115028599104
results/comprehensive_analysis_20250829_222555/mixer_b16_224_cifar10/analysis_results.json,mixer_b16_224,cifar10,layer_8,8,0.033727919741306026,0.1,-3.6612829548362207,2.964814787042684,3.8512613092258388,2.964814787042684,0.6627208025869398
results/comprehensive_analysis_20250829_222555/mixer_b16_224_cifar10/analysis_results.json,mixer_b16_224,cifar10,layer_9,9,0.03373582283645391,0.1,-3.2967063289313785,2.9641202577009187,3.851929414154667,2.9641202577009187,0.6626417716354609
results/comprehensive_analysis_20250829_222555/mixer_b16_224_cifar10/analysis_results.json,mixer_b16_224,cifar10,layer_10,10,0.033768448254892024,0.1,-2.61432532168794,2.961256554895399,3.854687473175306,2.961256554895399,0.6623155174510797
results/comprehensive_analysis_20250829_222555/mixer_b16_224_cifar10/analysis_results.json,mixer_b16_224,cifar10,layer_11,11,0.03353182964851793,0.1,-2.3817695689237435,2.9821521490483507,3.834684416877377,2.9821521490483507,0.6646817035148207
results/comprehensive_analysis_20250829_222555/mixer_b16_224_cifar10/analysis_results.json,mixer_b16_224,cifar10,summary,-1,0.03263499944471791,0.1,,,,3.0641010449025745,0.673650005552821
results/comprehensive_analysis_20250829_222555/mixer_b16_224_cifar10/analysis_results.json,mixer_b16_224,cifar10,summary_final,999,0.03353182964851793,0.1,,,,2.9821521490483507,0.6646817035148207
results/comprehensive_analysis_20250829_222555/vit_base_patch16_224_svhn/analysis_results.json,vit_base_patch16_224,svhn,layer_0,0,0.03206708144307005,0.1,-1.918427701468781,3.118365536695059,-10.525352733966225,3.118365536695059,0.6793291855692996
results/comprehensive_analysis_20250829_222555/vit_base_patch16_224_svhn/analysis_results.json,vit_base_patch16_224,svhn,layer_1,1,0.031530361845297374,0.1,-2.7178528731056955,3.1714456384925893,-10.33244828475576,3.1714456384925893,0.6846963815470263
results/comprehensive_analysis_20250829_222555/vit_base_patch16_224_svhn/analysis_results.json,vit_base_patch16_224,svhn,layer_2,2,0.03250196450342101,0.1,0.35040986201055624,3.0766424394757834,-10.681655722670383,3.0766424394757834,0.67498035496579
results/comprehensive_analysis_20250829_222555/vit_base_patch16_224_svhn/analysis_results.json,vit_base_patch16_224,svhn,layer_3,3,0.03325163083653889,0.1,1.3317917645915986,3.00728085220004,-10.951096174783304,3.00728085220004,0.6674836916346112
results/comprehensive_analysis_20250829_222555/vit_base_patch16_224_svhn/analysis_results.json,vit_base_patch16_224,svhn,layer_4,4,0.031148039078755494,0.1,-2.8222072596902223,3.210371907369777,-10.195036192843252,3.210371907369777,0.688519609212445
results/comprehensive_analysis_20250829_222555/vit_base_patch16_224_svhn/analysis_results.json,vit_base_patch16_224,svhn,layer_5,5,0.03148625199464936,0.1,-2.897227019532368,3.1758884521581314,-10.316594594152097,3.1758884521581314,0.6851374800535064
results/comprehensive_analysis_20250829_222555/vit_base_patch16_224_svhn/analysis_results.json,vit_base_patch16_224,svhn,layer_6,6,0.03180711612207726,0.1,-3.081966786210234,3.1438517017545835,-10.43191760085753,3.1438517017545835,0.6819288387792274
results/comprehensive_analysis_20250829_222555/vit_base_patch16_224_svhn/analysis_results.json,vit_base_patch16_224,svhn,layer_7,7,0.03216292116781728,0.1,-2.954532687996526,3.1090736567299655,-10.559798857028564,3.1090736567299655,0.6783707883218273
results/comprehensive_analysis_20250829_222555/vit_base_patch16_224_svhn/analysis_results.json,vit_base_patch16_224,svhn,layer_8,8,0.032059058579959304,0.1,-2.7276482650876517,3.1191458914710113,-10.522469205964095,3.1191458914710113,0.679409414200407
results/comprehensive_analysis_20250829_222555/vit_base_patch16_224_svhn/analysis_results.json,vit_base_patch16_224,svhn,layer_9,9,0.03268259624001347,0.1,-2.063353453374556,3.0596388251049693,-10.74657726792772,3.0596388251049693,0.6731740375998654
results/comprehensive_analysis_20250829_222555/vit_base_patch16_224_svhn/analysis_results.json,vit_base_patch16_224,svhn,layer_10,10,0.032380551394204635,0.1,-1.2590389201490286,3.0881781660991425,-10.638018171409893,3.0881781660991425,0.6761944860579536
results/comprehensive_analysis_20250829_222555/vit_base_patch16_224_svhn/analysis_results.json,vit_base_patch16_224,svhn,layer_11,11,0.03279947852095204,0.1,-0.6818252672576425,3.048736009632383,-10.788586376819003,3.048736009632383,0.6720052147904796
results/comprehensive_analysis_20250829_222555/vit_base_patch16_224_svhn/analysis_results.json,vit_base_patch16_224,svhn,summary,-1,0.03206708144307005,0.1,,,,3.118365536695059,0.6793291855692996
results/comprehensive_analysis_20250829_222555/vit_base_patch16_224_svhn/analysis_results.json,vit_base_patch16_224,svhn,summary_final,999,0.03279947852095204,0.1,,,,3.048736009632383,0.6720052147904796
results/comprehensive_analysis_20250829_222555/vit_base_patch16_224_cifar10/analysis_results.json,vit_base_patch16_224,cifar10,layer_0,0,0.03273931829499406,0.1,-1.775318030534971,3.0543380519086107,-3.819792562752392,3.0543380519086107,0.6726068170500594
results/comprehensive_analysis_20250829_222555/vit_base_patch16_224_cifar10/analysis_results.json,vit_base_patch16_224,cifar10,layer_1,1,0.03196549416596028,0.1,-2.565492333059802,3.128275483724632,-3.705872298793638,3.128275483724632,0.6803450583403973
results/comprehensive_analysis_20250829_222555/vit_base_patch16_224_cifar10/analysis_results.json,vit_base_patch16_224,cifar10,layer_2,2,0.033425039668620114,0.1,0.21897536765574752,2.991679570519943,-3.9207425809214795,2.991679570519943,0.6657496033137988
results/comprehensive_analysis_20250829_222555/vit_base_patch16_224_cifar10/analysis_results.json,vit_base_patch16_224,cifar10,layer_3,3,0.03384832307640931,0.1,1.1416634856877197,2.954268827600078,-3.98305720221006,2.954268827600078,0.661516769235907
results/comprehensive_analysis_20250829_222555/vit_base_patch16_224_cifar10/analysis_results.json,vit_base_patch16_224,cifar10,layer_4,4,0.03257762797556751,0.1,-2.622673251869766,3.0694969743660003,-3.7959889578019395,3.0694969743660003,0.674223720244325
results/comprehensive_analysis_20250829_222555/vit_base_patch16_224_cifar10/analysis_results.json,vit_base_patch16_224,cifar10,layer_5,5,0.03349750410697442,0.1,-2.7771243300657664,2.985207926916949,-3.931410596605163,2.985207926916949,0.6650249589302558
results/comprehensive_analysis_20250829_222555/vit_base_patch16_224_cifar10/analysis_results.json,vit_base_patch16_224,cifar10,layer_6,6,0.0336024242415205,0.1,-3.0318466229117336,2.9758871977231323,-3.9468566507841683,2.9758871977231323,0.6639757575847951
results/comprehensive_analysis_20250829_222555/vit_base_patch16_224_cifar10/analysis_results.json,vit_base_patch16_224,cifar10,layer_7,7,0.03442435356120906,0.1,-2.985049773918246,2.904835815911018,-4.06785882885178,2.904835815911018,0.6557564643879095
results/comprehensive_analysis_20250829_222555/vit_base_patch16_224_cifar10/analysis_results.json,vit_base_patch16_224,cifar10,layer_8,8,0.03440712083571759,0.1,-2.7930802645613717,2.9062906538096756,-4.065321874312551,2.9062906538096756,0.655928791642824
results/comprehensive_analysis_20250829_222555/vit_base_patch16_224_cifar10/analysis_results.json,vit_base_patch16_224,cifar10,layer_9,9,0.03427795650320512,0.1,-2.2443723434600895,2.917241660802886,-4.046306655864595,2.917241660802886,0.6572204349679488
results/comprehensive_analysis_20250829_222555/vit_base_patch16_224_cifar10/analysis_results.json,vit_base_patch16_224,cifar10,layer_10,10,0.03384390077000383,0.1,-1.5588353052904163,2.9546548438584384,-3.98240616240125,2.9546548438584384,0.6615609922999617
results/comprehensive_analysis_20250829_222555/vit_base_patch16_224_cifar10/analysis_results.json,vit_base_patch16_224,cifar10,layer_11,11,0.03428635212062286,0.1,-0.9054811483770713,2.9165273436163908,-4.0475426356130155,2.9165273436163908,0.6571364787937715
results/comprehensive_analysis_20250829_222555/vit_base_patch16_224_cifar10/analysis_results.json,vit_base_patch16_224,cifar10,summary,-1,0.03273931829499406,0.1,,,,3.0543380519086107,0.6726068170500594
results/comprehensive_analysis_20250829_222555/vit_base_patch16_224_cifar10/analysis_results.json,vit_base_patch16_224,cifar10,summary_final,999,0.03428635212062286,0.1,,,,2.9165273436163908,0.6571364787937715
results/comprehensive_analysis_20250829_222555/convnext_tiny_cifar10/analysis_results.json,convnext_tiny,cifar10,layer_0,0,0.0340460850923901,0.1,-1.4160199884960287,2.937108998571837,-2.1965454017251536,2.937108998571837,0.659539149076099
results/comprehensive_analysis_20250829_222555/convnext_tiny_cifar10/analysis_results.json,convnext_tiny,cifar10,layer_1,1,0.03296364303756123,0.1,0.8096901154422298,3.033553249342212,-2.094916237502377,3.033553249342212,0.6703635696243877
results/comprehensive_analysis_20250829_222555/convnext_tiny_cifar10/analysis_results.json,convnext_tiny,cifar10,layer_2,2,0.03339112490116643,0.1,3.9738428615231216,2.9947180748748004,-2.135051988256684,2.9947180748748004,0.6660887509883358
results/comprehensive_analysis_20250829_222555/convnext_tiny_cifar10/analysis_results.json,convnext_tiny,cifar10,layer_3,3,0.032150808743274355,0.1,-1.8500339752515338,3.110244925829201,-2.018600217063716,3.110244925829201,0.6784919125672565
results/comprehensive_analysis_20250829_222555/convnext_tiny_cifar10/analysis_results.json,convnext_tiny,cifar10,summary,-1,0.0340460850923901,0.1,,,,2.937108998571837,0.659539149076099
results/comprehensive_analysis_20250829_222555/convnext_tiny_cifar10/analysis_results.json,convnext_tiny,cifar10,summary_final,999,0.032150808743274355,0.1,,,,3.110244925829201,0.6784919125672565
results/comprehensive_analysis_20250829_222555/resnet18_cifar100/analysis_results.json,resnet18,cifar100,layer_0,0,0.032426869907631585,0.1,-0.09065239975819453,3.0837671510599582,-4.0983420311323,3.0837671510599582,0.6757313009236842
results/comprehensive_analysis_20250829_222555/resnet18_cifar100/analysis_results.json,resnet18,cifar100,layer_1,1,0.032898445369044446,0.1,-0.5277862775300621,3.0395649190515357,-4.172485881667993,3.0395649190515357,0.6710155463095555
results/comprehensive_analysis_20250829_222555/resnet18_cifar100/analysis_results.json,resnet18,cifar100,layer_2,2,0.03394871952415873,0.1,-0.6924476932864785,2.9455324344826965,-4.337616123485471,2.9455324344826965,0.6605128047584127
results/comprehensive_analysis_20250829_222555/resnet18_cifar100/analysis_results.json,resnet18,cifar100,layer_3,3,0.033760865352621156,0.1,-2.646919017178544,2.9619216520048215,-4.308080592575405,2.9619216520048215,0.6623913464737885
results/comprehensive_analysis_20250829_222555/resnet18_cifar100/analysis_results.json,resnet18,cifar100,summary,-1,0.032426869907631585,0.1,,,,3.0837671510599582,0.6757313009236842
results/comprehensive_analysis_20250829_222555/resnet18_cifar100/analysis_results.json,resnet18,cifar100,summary_final,999,0.033760865352621156,0.1,,,,2.9619216520048215,0.6623913464737885
results/comprehensive_analysis_20250829_222555/convnext_tiny_cifar100/analysis_results.json,convnext_tiny,cifar100,layer_0,0,0.032890880322846074,0.1,-1.4262589287488485,3.0402640110100942,-10.229946084704023,3.0402640110100942,0.6710911967715393
results/comprehensive_analysis_20250829_222555/convnext_tiny_cifar100/analysis_results.json,convnext_tiny,cifar100,layer_1,1,0.03299157726205538,0.1,0.7812861296159953,3.0309847941163897,-10.264327079895256,3.0309847941163897,0.6700842273794463
results/comprehensive_analysis_20250829_222555/convnext_tiny_cifar100/analysis_results.json,convnext_tiny,cifar100,layer_2,2,0.03270118882822518,0.1,3.896076546477994,3.057899290022148,-10.165179643781496,3.057899290022148,0.6729881117177482
results/comprehensive_analysis_20250829_222555/convnext_tiny_cifar100/analysis_results.json,convnext_tiny,cifar100,layer_3,3,0.03259050327480604,0.1,-1.8312994943210863,3.0682843671498343,-10.12738823214849,3.0682843671498343,0.6740949672519396
results/comprehensive_analysis_20250829_222555/convnext_tiny_cifar100/analysis_results.json,convnext_tiny,cifar100,summary,-1,0.032890880322846074,0.1,,,,3.0402640110100942,0.6710911967715393
results/comprehensive_analysis_20250829_222555/convnext_tiny_cifar100/analysis_results.json,convnext_tiny,cifar100,summary_final,999,0.03259050327480604,0.1,,,,3.0682843671498343,0.6740949672519396
results/comprehensive_analysis_20250829_222555/vit_base_patch16_224_cifar100/analysis_results.json,vit_base_patch16_224,cifar100,layer_0,0,0.03399426031825054,0.1,-1.944367002419561,2.9415865348239283,-26.32161946416374,2.9415865348239283,0.6600573968174945
results/comprehensive_analysis_20250829_222555/vit_base_patch16_224_cifar100/analysis_results.json,vit_base_patch16_224,cifar100,layer_1,1,0.034762520417791265,0.1,-2.845632547172484,2.8765786318011117,-26.939079879323387,2.8765786318011117,0.6523747958220873
results/comprehensive_analysis_20250829_222555/vit_base_patch16_224_cifar100/analysis_results.json,vit_base_patch16_224,cifar100,layer_2,2,0.033976978855367074,0.1,0.19793835747523736,2.9430826484902664,-26.30773013260406,2.9430826484902664,0.6602302114463292
results/comprehensive_analysis_20250829_222555/vit_base_patch16_224_cifar100/analysis_results.json,vit_base_patch16_224,cifar100,layer_3,3,0.03389375342994574,0.1,1.1601287923434274,2.950309115146146,-26.240840799469073,2.950309115146146,0.6610624657005426
results/comprehensive_analysis_20250829_222555/vit_base_patch16_224_cifar100/analysis_results.json,vit_base_patch16_224,cifar100,layer_4,4,0.033930762000383086,0.1,-2.9761380519864202,2.947091282759528,-26.270585058321473,2.947091282759528,0.6606923799961691
results/comprehensive_analysis_20250829_222555/vit_base_patch16_224_cifar100/analysis_results.json,vit_base_patch16_224,cifar100,layer_5,5,0.03418106344743253,0.1,-3.1138554439664565,2.925510923405391,-26.471755515439586,2.925510923405391,0.6581893655256748
results/comprehensive_analysis_20250829_222555/vit_base_patch16_224_cifar100/analysis_results.json,vit_base_patch16_224,cifar100,layer_6,6,0.03428771000273489,0.1,-3.266867585375678,2.9164118449490792,-26.55746870860386,2.9164118449490792,0.6571228999726512
results/comprehensive_analysis_20250829_222555/vit_base_patch16_224_cifar100/analysis_results.json,vit_base_patch16_224,cifar100,layer_7,7,0.033746579550800064,0.1,-3.1508486391400603,2.9631754730578677,-26.122555280577398,2.9631754730578677,0.6625342044919994
results/comprehensive_analysis_20250829_222555/vit_base_patch16_224_cifar100/analysis_results.json,vit_base_patch16_224,cifar100,layer_8,8,0.033092129562808714,0.1,-2.908962255023548,3.0217752542927734,-25.59656549986649,3.0217752542927734,0.6690787043719129
results/comprehensive_analysis_20250829_222555/vit_base_patch16_224_cifar100/analysis_results.json,vit_base_patch16_224,cifar100,layer_9,9,0.034428003132195954,0.1,-2.3465485303033966,2.9045278951595885,-26.670224081442903,2.9045278951595885,0.6557199686780405
results/comprehensive_analysis_20250829_222555/vit_base_patch16_224_cifar100/analysis_results.json,vit_base_patch16_224,cifar100,layer_10,10,0.033786672141241376,0.1,-1.6609526352300379,2.9596593568794454,-26.154778205539294,2.9596593568794454,0.6621332785875862
results/comprehensive_analysis_20250829_222555/vit_base_patch16_224_cifar100/analysis_results.json,vit_base_patch16_224,cifar100,layer_11,11,0.03396877384131999,0.1,-0.9798890103487176,2.9437935167634968,-26.30113565843713,2.9437935167634968,0.6603122615868002
results/comprehensive_analysis_20250829_222555/vit_base_patch16_224_cifar100/analysis_results.json,vit_base_patch16_224,cifar100,summary,-1,0.03399426031825054,0.1,,,,2.9415865348239283,0.6600573968174945
results/comprehensive_analysis_20250829_222555/vit_base_patch16_224_cifar100/analysis_results.json,vit_base_patch16_224,cifar100,summary_final,999,0.03396877384131999,0.1,,,,2.9437935167634968,0.6603122615868002
results/comprehensive_analysis_20250829_222555/resnet18_cifar10/analysis_results.json,resnet18,cifar10,layer_0,0,0.031755875217762665,0.1,-0.07116892229718798,3.148924423901339,-16.091949003982062,3.148924423901339,0.6824412478223734
results/comprehensive_analysis_20250829_222555/resnet18_cifar10/analysis_results.json,resnet18,cifar10,layer_1,1,0.03171479499538146,0.1,-0.45289786972883894,3.1530031019106493,-16.069838416218477,3.1530031019106493,0.6828520500461854
results/comprehensive_analysis_20250829_222555/resnet18_cifar10/analysis_results.json,resnet18,cifar10,layer_2,2,0.03221539791438228,0.1,-0.6830458197302401,3.104009339149529,-16.33927767758768,3.104009339149529,0.6778460208561772
results/comprehensive_analysis_20250829_222555/resnet18_cifar10/analysis_results.json,resnet18,cifar10,layer_3,3,0.032387107109061515,0.1,-2.6469244840261923,3.0875530843240324,-16.431696632469162,3.0875530843240324,0.6761289289093848
results/comprehensive_analysis_20250829_222555/resnet18_cifar10/analysis_results.json,resnet18,cifar10,summary,-1,0.031755875217762665,0.1,,,,3.148924423901339,0.6824412478223734
results/comprehensive_analysis_20250829_222555/resnet18_cifar10/analysis_results.json,resnet18,cifar10,summary_final,999,0.032387107109061515,0.1,,,,3.0875530843240324,0.6761289289093848
results/comprehensive_analysis_20250829_222555/mixer_b16_224_cifar100/analysis_results.json,mixer_b16_224,cifar100,layer_0,0,0.03231908947153517,0.1,-2.1575929069865514,3.094050840672073,-9.670879183419125,3.094050840672073,0.6768091052846483
results/comprehensive_analysis_20250829_222555/mixer_b16_224_cifar100/analysis_results.json,mixer_b16_224,cifar100,layer_1,1,0.03282824280153333,0.1,-2.43322999904994,3.046064772329424,-9.838987683970513,3.046064772329424,0.6717175719846666
results/comprehensive_analysis_20250829_222555/mixer_b16_224_cifar100/analysis_results.json,mixer_b16_224,cifar100,layer_2,2,0.03308202407820072,0.1,-1.964953882746205,3.0226982806536316,-9.922779318778687,3.0226982806536316,0.6691797592179929
results/comprehensive_analysis_20250829_222555/mixer_b16_224_cifar100/analysis_results.json,mixer_b16_224,cifar100,layer_3,3,0.03305656516151244,0.1,-1.1104605979698678,3.025026178165895,-9.914373480973119,3.025026178165895,0.6694343483848757
results/comprehensive_analysis_20250829_222555/mixer_b16_224_cifar100/analysis_results.json,mixer_b16_224,cifar100,layer_4,4,0.03338435457120284,0.1,-2.8012154509740608,2.995325383971116,-10.022600576649536,2.995325383971116,0.6661564542879717
results/comprehensive_analysis_20250829_222555/mixer_b16_224_cifar100/analysis_results.json,mixer_b16_224,cifar100,layer_5,5,0.03274531312091077,0.1,-3.326827631483294,3.0537788981240497,-9.81160657215354,3.0537788981240497,0.6725468687908923
results/comprehensive_analysis_20250829_222555/mixer_b16_224_cifar100/analysis_results.json,mixer_b16_224,cifar100,layer_6,6,0.032619103464132625,0.1,-3.1410159668466706,3.0655942005197754,-9.76993559622934,3.0655942005197754,0.6738089653586739
results/comprehensive_analysis_20250829_222555/mixer_b16_224_cifar100/analysis_results.json,mixer_b16_224,cifar100,layer_7,7,0.03193031416199588,0.1,-3.408910360779083,3.1317220297502923,-9.542516212016608,3.1317220297502923,0.6806968583800412
results/comprehensive_analysis_20250829_222555/mixer_b16_224_cifar100/analysis_results.json,mixer_b16_224,cifar100,layer_8,8,0.032098149564991275,0.1,-3.642694392447164,3.1153473333469353,-9.597930870577507,3.1153473333469353,0.6790185043500873
results/comprehensive_analysis_20250829_222555/mixer_b16_224_cifar100/analysis_results.json,mixer_b16_224,cifar100,layer_9,9,0.03207392979714312,0.1,-3.288041729958922,3.117699730987623,-9.589934165819296,3.117699730987623,0.6792607020285688
results/comprehensive_analysis_20250829_222555/mixer_b16_224_cifar100/analysis_results.json,mixer_b16_224,cifar100,layer_10,10,0.03289844572471825,0.1,-2.640442076459403,3.039564886190994,-9.86216676865014,3.039564886190994,0.6710155427528175
results/comprehensive_analysis_20250829_222555/mixer_b16_224_cifar100/analysis_results.json,mixer_b16_224,cifar100,layer_11,11,0.032885430947895304,0.1,-2.408372643109667,3.0407677913860063,-9.85786964539117,3.0407677913860063,0.671145690521047
results/comprehensive_analysis_20250829_222555/mixer_b16_224_cifar100/analysis_results.json,mixer_b16_224,cifar100,summary,-1,0.03231908947153517,0.1,,,,3.094050840672073,0.6768091052846483
results/comprehensive_analysis_20250829_222555/mixer_b16_224_cifar100/analysis_results.json,mixer_b16_224,cifar100,summary_final,999,0.032885430947895304,0.1,,,,3.0407677913860063,0.671145690521047
results/medium_scale_analysis_20250903_170303/resnet50_svhn_analysis.json,resnet50,svhn,layer_0,0,0.1,0.1,-1.8219568718809744,1.0,-10.0,0.9999900000999989,0.0
results/medium_scale_analysis_20250903_170303/resnet50_svhn_analysis.json,resnet50,svhn,layer_1,1,0.03372736680654525,0.1,-0.004734813331125976,2.9649512982612585,-10.0,2.96486339150564,0.6627263319345476
results/medium_scale_analysis_20250903_170303/resnet50_svhn_analysis.json,resnet50,svhn,layer_2,2,0.033758990684338325,0.1,-0.17017770554342912,2.962173867549678,-10.0,2.9620861254085367,0.6624100931566168
results/medium_scale_analysis_20250903_170303/resnet50_svhn_analysis.json,resnet50,svhn,layer_3,3,0.033304127823531295,0.1,-4.2007575055849244,3.0026308008986264,-10.0,3.0025406456883896,0.6669587217646871
results/medium_scale_analysis_20250903_170303/resnet50_svhn_analysis.json,resnet50,svhn,summary,-1,0.1,0.1,,,,0.9999900000999989,0.0
results/medium_scale_analysis_20250903_170303/resnet50_svhn_analysis.json,resnet50,svhn,summary_final,999,0.033304127823531295,0.1,,,,3.0025406456883896,0.6669587217646871
results/medium_scale_analysis_20250903_170303/vit_small_patch16_224_svhn_analysis.json,vit_small_patch16_224,svhn,layer_0,0,0.03164093250261823,0.1,-0.4878929505255833,3.160463111879689,-10.0,3.160363229765611,0.6835906749738178
results/medium_scale_analysis_20250903_170303/vit_small_patch16_224_svhn_analysis.json,vit_small_patch16_224,svhn,layer_1,1,0.030520177492393896,0.1,-0.9133565501076483,3.2765209188223614,-10.0,3.2764135664464695,0.694798225076061
results/medium_scale_analysis_20250903_170303/vit_small_patch16_224_svhn_analysis.json,vit_small_patch16_224,svhn,layer_2,2,0.03358758049544972,0.1,1.8040928733902777,2.9772909666282006,-10.0,2.977202326652271,0.6641241950455028
results/medium_scale_analysis_20250903_170303/vit_small_patch16_224_svhn_analysis.json,vit_small_patch16_224,svhn,layer_3,3,0.033507305312964746,0.1,1.3518634249654653,2.984423816417959,-10.0,2.984334751220882,0.6649269468703526
results/medium_scale_analysis_20250903_170303/vit_small_patch16_224_svhn_analysis.json,vit_small_patch16_224,svhn,layer_4,4,0.03151094892101079,0.1,-1.0779468467382836,3.1735001142197357,-10.0,3.173399406385949,0.6848905107898922
results/medium_scale_analysis_20250903_170303/vit_small_patch16_224_svhn_analysis.json,vit_small_patch16_224,svhn,layer_5,5,0.03127537914991603,0.1,-1.2256959217214558,3.197403283926887,-10.0,3.1973010533180113,0.6872462085008397
results/medium_scale_analysis_20250903_170303/vit_small_patch16_224_svhn_analysis.json,vit_small_patch16_224,svhn,layer_6,6,0.03245879330845092,0.1,-1.514409063528379,3.080829254794391,-10.0,3.080734342629501,0.6754120669154908
results/medium_scale_analysis_20250903_170303/vit_small_patch16_224_svhn_analysis.json,vit_small_patch16_224,svhn,layer_7,7,0.03322664962267037,0.1,-1.6496980721082464,3.0096323624447083,-10.0,3.0095417863011464,0.6677335037732963
results/medium_scale_analysis_20250903_170303/vit_small_patch16_224_svhn_analysis.json,vit_small_patch16_224,svhn,layer_8,8,0.034006882838988235,0.1,-1.1034339094830217,2.9405811897981997,-10.0,2.9404947221635127,0.6599311716101177
results/medium_scale_analysis_20250903_170303/vit_small_patch16_224_svhn_analysis.json,vit_small_patch16_224,svhn,layer_9,9,0.03382199154696676,0.1,-0.5642546610791872,2.9566561703244307,-10.0,2.9565687547519133,0.6617800845303324
results/medium_scale_analysis_20250903_170303/vit_small_patch16_224_svhn_analysis.json,vit_small_patch16_224,svhn,layer_10,10,0.03356509274995415,0.1,0.25630349019036475,2.9792856747025254,-10.0,2.979196915915588,0.6643490725004585
results/medium_scale_analysis_20250903_170303/vit_small_patch16_224_svhn_analysis.json,vit_small_patch16_224,svhn,layer_11,11,0.033887323876473044,0.1,1.1264571629578604,2.9509559493255533,-10.0,2.950868870485063,0.6611267612352696
results/medium_scale_analysis_20250903_170303/vit_small_patch16_224_svhn_analysis.json,vit_small_patch16_224,svhn,summary,-1,0.03164093250261823,0.1,,,,3.160363229765611,0.6835906749738178
results/medium_scale_analysis_20250903_170303/vit_small_patch16_224_svhn_analysis.json,vit_small_patch16_224,svhn,summary_final,999,0.033887323876473044,0.1,,,,2.950868870485063,0.6611267612352696
results/medium_scale_analysis_20250903_170303/convnext_small_cifar10_analysis.json,convnext_small,cifar10,layer_0,0,0.032890224223320254,0.1,-1.6115897700156834,3.0404170953962883,-10.0,3.040324656845666,0.6710977577667975
results/medium_scale_analysis_20250903_170303/convnext_small_cifar10_analysis.json,convnext_small,cifar10,layer_1,1,0.03244874289851947,0.1,0.9848854141512707,3.081783485811485,-10.0,3.0816885148437505,0.6755125710148053
results/medium_scale_analysis_20250903_170303/convnext_small_cifar10_analysis.json,convnext_small,cifar10,layer_2,2,0.033762236864376086,0.1,3.9780827856091934,2.961889059711979,-10.0,2.961801334442284,0.6623776313562392
results/medium_scale_analysis_20250903_170303/convnext_small_cifar10_analysis.json,convnext_small,cifar10,layer_3,3,0.03296489132515344,0.1,-1.5746340006350341,3.0335304009844033,-10.0,3.0334383807089296,0.6703510867484657
results/medium_scale_analysis_20250903_170303/convnext_small_cifar10_analysis.json,convnext_small,cifar10,summary,-1,0.032890224223320254,0.1,,,,3.040324656845666,0.6710977577667975
results/medium_scale_analysis_20250903_170303/convnext_small_cifar10_analysis.json,convnext_small,cifar10,summary_final,999,0.03296489132515344,0.1,,,,3.0334383807089296,0.6703510867484657
results/medium_scale_analysis_20250903_170303/resnet50_cifar100_analysis.json,resnet50,cifar100,layer_0,0,0.1,0.1,-1.809523461536748,1.0,-6.580809515923402,0.9999900000999989,0.0
results/medium_scale_analysis_20250903_170303/resnet50_cifar100_analysis.json,resnet50,cifar100,layer_1,1,0.034190872345876804,0.1,-0.0014421141225880755,2.924757198014556,-1.5919449043734515,2.9246716584697063,0.658091276541232
results/medium_scale_analysis_20250903_170303/resnet50_cifar100_analysis.json,resnet50,cifar100,layer_2,2,0.03329331909787705,0.1,-0.28831473526347734,3.0036056094622454,-1.5239031023386063,3.003515395705339,0.6670668090212295
results/medium_scale_analysis_20250903_170303/resnet50_cifar100_analysis.json,resnet50,cifar100,layer_3,3,0.03384213049653338,0.1,-4.138671054694758,2.9548967081207698,-1.5655074490724181,2.95480939655518,0.6615786950346663
results/medium_scale_analysis_20250903_170303/resnet50_cifar100_analysis.json,resnet50,cifar100,summary,-1,0.1,0.1,,,,0.9999900000999989,0.0
results/medium_scale_analysis_20250903_170303/resnet50_cifar100_analysis.json,resnet50,cifar100,summary_final,999,0.03384213049653338,0.1,,,,2.95480939655518,0.6615786950346663
results/medium_scale_analysis_20250903_170303/swin_base_patch4_window7_224_cifar10_analysis.json,swin_base_patch4_window7_224,cifar10,layer_0,0,0.031218535296188614,0.1,-2.03116982151062,3.203225233062383,-0.4087911622808589,3.2031226298300584,0.6878146470381139
results/medium_scale_analysis_20250903_170303/swin_base_patch4_window7_224_cifar10_analysis.json,swin_base_patch4_window7_224,cifar10,summary,-1,0.031218535296188614,0.1,,,,3.2031226298300584,0.6878146470381139
results/medium_scale_analysis_20250903_170303/swin_base_patch4_window7_224_cifar10_analysis.json,swin_base_patch4_window7_224,cifar10,summary_final,999,0.031218535296188614,0.1,,,,3.2031226298300584,0.6878146470381139
results/medium_scale_analysis_20250903_170303/vit_base_patch16_224_svhn_analysis.json,vit_base_patch16_224,svhn,layer_0,0,0.032356746451249516,0.1,-1.948058957004935,3.0905455884035065,-3.2445699881593066,3.090450076635001,0.6764325354875049
results/medium_scale_analysis_20250903_170303/vit_base_patch16_224_svhn_analysis.json,vit_base_patch16_224,svhn,layer_1,1,0.032107163447082414,0.1,-2.7737428310977705,3.1145697490472966,-3.2118295971982302,3.114472746621288,0.6789283655291759
results/medium_scale_analysis_20250903_170303/vit_base_patch16_224_svhn_analysis.json,vit_base_patch16_224,svhn,layer_2,2,0.03341101794860908,0.1,0.3439655326573777,2.993024640967668,-3.3828697138071355,2.9929350616837835,0.6658898205139092
results/medium_scale_analysis_20250903_170303/vit_base_patch16_224_svhn_analysis.json,vit_base_patch16_224,svhn,layer_3,3,0.03348075229414216,0.1,1.3324196797196661,2.986790712510249,-3.3920174910918384,2.9867015059870576,0.6651924770585784
results/medium_scale_analysis_20250903_170303/vit_base_patch16_224_svhn_analysis.json,vit_base_patch16_224,svhn,layer_4,4,0.033466780086154356,0.1,-2.877957646462453,2.9880376822200265,-3.390184611671075,2.9879484011958737,0.6653321991384564
results/medium_scale_analysis_20250903_170303/vit_base_patch16_224_svhn_analysis.json,vit_base_patch16_224,svhn,layer_5,5,0.03370039624716733,0.1,-2.9408689937665353,2.9673241604215694,-3.4208304662312257,2.9672361129074942,0.6629960375283268
results/medium_scale_analysis_20250903_170303/vit_base_patch16_224_svhn_analysis.json,vit_base_patch16_224,svhn,layer_6,6,0.034036960630414705,0.1,-3.1073382118245547,2.9379826561435727,-3.4649811067280236,2.937896341258611,0.659630393695853
results/medium_scale_analysis_20250903_170303/vit_base_patch16_224_svhn_analysis.json,vit_base_patch16_224,svhn,layer_7,7,0.03350149819236653,0.1,-2.9723620632986543,2.9849411338501115,-3.3947389457075934,2.984852037773851,0.6649850180763347
results/medium_scale_analysis_20250903_170303/vit_base_patch16_224_svhn_analysis.json,vit_base_patch16_224,svhn,layer_8,8,0.03310446013378837,0.1,-2.742366390065886,3.0207409997281327,-3.342655346074454,3.020649753722564,0.6689553986621163
results/medium_scale_analysis_20250903_170303/vit_base_patch16_224_svhn_analysis.json,vit_base_patch16_224,svhn,layer_9,9,0.03271812029600996,0.1,-2.0721028195352647,3.0564103039927755,-3.291975143009685,3.0563168904084144,0.6728187970399004
results/medium_scale_analysis_20250903_170303/vit_base_patch16_224_svhn_analysis.json,vit_base_patch16_224,svhn,layer_10,10,0.03278615258772249,0.1,-1.2681530672443888,3.050068157050158,-3.30089964424357,3.049975130729898,0.6721384741227752
results/medium_scale_analysis_20250903_170303/vit_base_patch16_224_svhn_analysis.json,vit_base_patch16_224,svhn,layer_11,11,0.033183534576594925,0.1,-0.6888579703829961,3.0135427487140625,-3.3530283607801445,3.013451937051727,0.6681646542340507
results/medium_scale_analysis_20250903_170303/vit_base_patch16_224_svhn_analysis.json,vit_base_patch16_224,svhn,summary,-1,0.032356746451249516,0.1,,,,3.090450076635001,0.6764325354875049
results/medium_scale_analysis_20250903_170303/vit_base_patch16_224_svhn_analysis.json,vit_base_patch16_224,svhn,summary_final,999,0.033183534576594925,0.1,,,,3.013451937051727,0.6681646542340507
results/medium_scale_analysis_20250903_170303/convnext_base_svhn_analysis.json,convnext_base,svhn,layer_0,0,0.03160849091197891,0.1,0.43833868068745846,3.16370687479111,-10.0,3.163606787545681,0.683915090880211
results/medium_scale_analysis_20250903_170303/convnext_base_svhn_analysis.json,convnext_base,svhn,layer_1,1,0.0313207653143627,0.1,3.762599773864434,3.1927700040631892,-10.0,3.1926680695147365,0.686792346856373
results/medium_scale_analysis_20250903_170303/convnext_base_svhn_analysis.json,convnext_base,svhn,layer_2,2,0.03150251102246674,0.1,6.34408057684084,3.174350131285811,-10.0,3.174249369496783,0.6849748897753326
results/medium_scale_analysis_20250903_170303/convnext_base_svhn_analysis.json,convnext_base,svhn,layer_3,3,0.0318249031784226,0.1,2.0129865312902178,3.1421933772857598,-10.0,3.142094646595866,0.6817509682157741
results/medium_scale_analysis_20250903_170303/convnext_base_svhn_analysis.json,convnext_base,svhn,summary,-1,0.03160849091197891,0.1,,,,3.163606787545681,0.683915090880211
results/medium_scale_analysis_20250903_170303/convnext_base_svhn_analysis.json,convnext_base,svhn,summary_final,999,0.0318249031784226,0.1,,,,3.142094646595866,0.6817509682157741
results/medium_scale_analysis_20250903_170303/vit_small_patch16_224_cifar100_analysis.json,vit_small_patch16_224,cifar100,layer_0,0,0.03278405014596026,0.1,-0.5409818289971736,3.050263757979344,-3.7298239543265135,3.0501707197273236,0.6721594985403974
results/medium_scale_analysis_20250903_170303/vit_small_patch16_224_cifar100_analysis.json,vit_small_patch16_224,cifar100,layer_1,1,0.03291250154755487,0.1,-1.059664178309364,3.038359143121079,-3.7483559085397387,3.0382668296630673,0.6708749845244513
results/medium_scale_analysis_20250903_170303/vit_small_patch16_224_cifar100_analysis.json,vit_small_patch16_224,cifar100,layer_2,2,0.03370061921284909,0.1,1.6998417408904323,2.967304528394922,-3.8620593038048234,2.967216482045883,0.6629938078715092
results/medium_scale_analysis_20250903_170303/vit_small_patch16_224_cifar100_analysis.json,vit_small_patch16_224,cifar100,layer_3,3,0.033971238928771665,0.1,1.6578544477832615,2.943666558928642,-3.901102180117693,2.943579909751203,0.6602876107122834
results/medium_scale_analysis_20250903_170303/vit_small_patch16_224_cifar100_analysis.json,vit_small_patch16_224,cifar100,layer_4,4,0.03377973515597304,0.1,-1.2878767033370393,2.9603547670893358,-3.873473527529188,2.960267132680155,0.6622026484402697
results/medium_scale_analysis_20250903_170303/vit_small_patch16_224_cifar100_analysis.json,vit_small_patch16_224,cifar100,layer_5,5,0.03259960231749396,0.1,-1.4727705162054652,3.0675220828180745,-3.7032132776859124,3.067427988787144,0.6740039768250604
results/medium_scale_analysis_20250903_170303/vit_small_patch16_224_cifar100_analysis.json,vit_small_patch16_224,cifar100,layer_6,6,0.032020683505043314,0.1,-1.7340259820564434,3.122981431181812,-3.6196914414713977,3.1228839040973693,0.6797931649495669
results/medium_scale_analysis_20250903_170303/vit_small_patch16_224_cifar100_analysis.json,vit_small_patch16_224,cifar100,layer_7,7,0.03293417500787522,0.1,-1.7737673732091392,3.036359646965136,-3.751482784302188,3.0362674549653597,0.6706582499212479
results/medium_scale_analysis_20250903_170303/vit_small_patch16_224_cifar100_analysis.json,vit_small_patch16_224,cifar100,layer_8,8,0.03255667048725335,0.1,-1.0994580885720808,3.0715671628384786,-3.6970194121271707,3.0714728204879087,0.6744332951274665
results/medium_scale_analysis_20250903_170303/vit_small_patch16_224_cifar100_analysis.json,vit_small_patch16_224,cifar100,layer_9,9,0.03260738283979628,0.1,-0.676751482779236,3.066790134348138,-3.704335790023431,3.0666960852151464,0.6739261716020373
results/medium_scale_analysis_20250903_170303/vit_small_patch16_224_cifar100_analysis.json,vit_small_patch16_224,cifar100,layer_10,10,0.033216572104619715,0.1,0.012030823249043823,3.0105454495737125,-3.7922248081481635,3.010454818463164,0.6678342789538029
results/medium_scale_analysis_20250903_170303/vit_small_patch16_224_cifar100_analysis.json,vit_small_patch16_224,cifar100,layer_11,11,0.03360774788364748,0.1,0.8002872744332732,2.9755043493603743,-3.8486605615636353,2.9754158157333657,0.6639225211635251
results/medium_scale_analysis_20250903_170303/vit_small_patch16_224_cifar100_analysis.json,vit_small_patch16_224,cifar100,summary,-1,0.03278405014596026,0.1,,,,3.0501707197273236,0.6721594985403974
results/medium_scale_analysis_20250903_170303/vit_small_patch16_224_cifar100_analysis.json,vit_small_patch16_224,cifar100,summary_final,999,0.03360774788364748,0.1,,,,2.9754158157333657,0.6639225211635251
results/medium_scale_analysis_20250903_170303/mixer_b16_224_cifar100_analysis.json,mixer_b16_224,cifar100,layer_0,0,0.03159873807293196,0.1,-2.146254094111809,3.164683341758568,-4.886184996117517,3.1645831927214316,0.6840126192706804
results/medium_scale_analysis_20250903_170303/mixer_b16_224_cifar100_analysis.json,mixer_b16_224,cifar100,layer_1,1,0.03269831010487772,0.1,-2.4322358422772044,3.058262022693419,-5.091012302247626,3.0581684958877196,0.6730168989512229
results/medium_scale_analysis_20250903_170303/mixer_b16_224_cifar100_analysis.json,mixer_b16_224,cifar100,layer_2,2,0.03275831848999064,0.1,-1.9605615232191471,3.0526597398628743,-5.102190611181283,3.052566555392605,0.6724168151000935
results/medium_scale_analysis_20250903_170303/mixer_b16_224_cifar100_analysis.json,mixer_b16_224,cifar100,layer_3,3,0.032794086650749336,0.1,-1.1052786590132668,3.0493302364228225,-5.10885347254969,3.0492372551092224,0.6720591334925067
results/medium_scale_analysis_20250903_170303/mixer_b16_224_cifar100_analysis.json,mixer_b16_224,cifar100,layer_4,4,0.032947491402160654,0.1,-2.7959814831928256,3.03513244087051,-5.1374295740385,3.0350403233770615,0.6705250859783936
results/medium_scale_analysis_20250903_170303/mixer_b16_224_cifar100_analysis.json,mixer_b16_224,cifar100,layer_5,5,0.03204601030801207,0.1,-3.3173077631751644,3.120513256996558,-4.969502472696233,3.120415884005224,0.6795398969198794
results/medium_scale_analysis_20250903_170303/mixer_b16_224_cifar100_analysis.json,mixer_b16_224,cifar100,layer_6,6,0.0322091067027299,0.1,-3.143906369333151,3.10471199722917,-4.999883924933129,3.104615607855925,0.677908932972701
results/medium_scale_analysis_20250903_170303/mixer_b16_224_cifar100_analysis.json,mixer_b16_224,cifar100,layer_7,7,0.0324491011817173,0.1,-3.4076576402586416,3.081749458636552,-5.044589884332716,3.081654489765997,0.675508988182827
results/medium_scale_analysis_20250903_170303/mixer_b16_224_cifar100_analysis.json,mixer_b16_224,cifar100,layer_8,8,0.032488929160474495,0.1,-3.643758332712715,3.0779715608989164,-5.052009005009155,3.0778768247255717,0.675110708395255
results/medium_scale_analysis_20250903_170303/mixer_b16_224_cifar100_analysis.json,mixer_b16_224,cifar100,layer_9,9,0.0320767761938826,0.1,-3.2923817351418547,3.1175202706022285,-4.975233514720298,3.117423084305655,0.679232238061174
results/medium_scale_analysis_20250903_170303/mixer_b16_224_cifar100_analysis.json,mixer_b16_224,cifar100,layer_10,10,0.03219832523284549,0.1,-2.643178403056125,3.1057515966075795,-4.997875562253479,3.1056551426734007,0.6780167476715451
results/medium_scale_analysis_20250903_170303/mixer_b16_224_cifar100_analysis.json,mixer_b16_224,cifar100,layer_11,11,0.032292121617206015,0.1,-2.4109218465279523,3.096730564359005,-5.015347869819645,3.0966346699267144,0.6770787838279398
results/medium_scale_analysis_20250903_170303/mixer_b16_224_cifar100_analysis.json,mixer_b16_224,cifar100,summary,-1,0.03159873807293196,0.1,,,,3.1645831927214316,0.6840126192706804
results/medium_scale_analysis_20250903_170303/mixer_b16_224_cifar100_analysis.json,mixer_b16_224,cifar100,summary_final,999,0.032292121617206015,0.1,,,,3.0966346699267144,0.6770787838279398
results/medium_scale_analysis_20250903_170303/efficientnet_b1_svhn_analysis.json,efficientnet_b1,svhn,layer_0,0,0.017192246608521235,0.1,46.33997590811335,5.816575475972733,-10.0,5.816237170147869,0.8280775339147877
results/medium_scale_analysis_20250903_170303/efficientnet_b1_svhn_analysis.json,efficientnet_b1,svhn,summary,-1,0.017192246608521235,0.1,,,,5.816237170147869,0.8280775339147877
results/medium_scale_analysis_20250903_170303/efficientnet_b1_svhn_analysis.json,efficientnet_b1,svhn,summary_final,999,0.017192246608521235,0.1,,,,5.816237170147869,0.8280775339147877
results/medium_scale_analysis_20250903_170303/swin_base_patch4_window7_224_svhn_analysis.json,swin_base_patch4_window7_224,svhn,layer_0,0,0.029683769134778108,0.1,-2.235804513754735,3.3688444195194194,-10.0,3.3687309322154007,0.703162308652219
results/medium_scale_analysis_20250903_170303/swin_base_patch4_window7_224_svhn_analysis.json,swin_base_patch4_window7_224,svhn,summary,-1,0.029683769134778108,0.1,,,,3.3687309322154007,0.703162308652219
results/medium_scale_analysis_20250903_170303/swin_base_patch4_window7_224_svhn_analysis.json,swin_base_patch4_window7_224,svhn,summary_final,999,0.029683769134778108,0.1,,,,3.3687309322154007,0.703162308652219
results/medium_scale_analysis_20250903_170303/swin_small_patch4_window7_224_cifar10_analysis.json,swin_small_patch4_window7_224,cifar10,layer_0,0,0.03109478354500715,0.1,-2.2624676672173263,3.215973504213599,-10.0,3.21587008268381,0.6890521645499286
results/medium_scale_analysis_20250903_170303/swin_small_patch4_window7_224_cifar10_analysis.json,swin_small_patch4_window7_224,cifar10,summary,-1,0.03109478354500715,0.1,,,,3.21587008268381,0.6890521645499286
results/medium_scale_analysis_20250903_170303/swin_small_patch4_window7_224_cifar10_analysis.json,swin_small_patch4_window7_224,cifar10,summary_final,999,0.03109478354500715,0.1,,,,3.21587008268381,0.6890521645499286
results/medium_scale_analysis_20250903_170303/convnext_base_cifar10_analysis.json,convnext_base,cifar10,layer_0,0,0.03144897082295215,0.1,0.43299452524383353,3.1797542934860625,-10.0,3.1796531883272885,0.6855102917704785
results/medium_scale_analysis_20250903_170303/convnext_base_cifar10_analysis.json,convnext_base,cifar10,layer_1,1,0.031136017132806705,0.1,3.6568984272506686,3.2117145739438278,-10.0,3.2116114261515953,0.688639828671933
results/medium_scale_analysis_20250903_170303/convnext_base_cifar10_analysis.json,convnext_base,cifar10,layer_2,2,0.03381328967410803,0.1,7.320974507775466,2.957417067780109,-10.0,2.9573296072095547,0.6618671032589197
results/medium_scale_analysis_20250903_170303/convnext_base_cifar10_analysis.json,convnext_base,cifar10,layer_3,3,0.03305151819456904,0.1,1.4477895998828694,3.0255796242495085,-10.0,3.0254880856984534,0.6694848180543096
results/medium_scale_analysis_20250903_170303/convnext_base_cifar10_analysis.json,convnext_base,cifar10,summary,-1,0.03144897082295215,0.1,,,,3.1796531883272885,0.6855102917704785
results/medium_scale_analysis_20250903_170303/convnext_base_cifar10_analysis.json,convnext_base,cifar10,summary_final,999,0.03305151819456904,0.1,,,,3.0254880856984534,0.6694848180543096
results/medium_scale_analysis_20250903_170303/vit_base_patch16_224_cifar100_analysis.json,vit_base_patch16_224,cifar100,layer_0,0,0.03361511000050905,0.1,-1.956634464191469,2.9748526778132116,-1.207898901395371,2.974764182961256,0.6638488999949095
results/medium_scale_analysis_20250903_170303/vit_base_patch16_224_cifar100_analysis.json,vit_base_patch16_224,cifar100,layer_1,1,0.034552509266517595,0.1,-2.8699774493847263,2.8941458123535755,-1.2694689158786718,2.8940620539778332,0.654474907334824
results/medium_scale_analysis_20250903_170303/vit_base_patch16_224_cifar100_analysis.json,vit_base_patch16_224,cifar100,layer_2,2,0.03377755215136876,0.1,0.20664790190516477,2.9605460914356914,-1.218568384446833,2.9604584456988885,0.6622244784863125
results/medium_scale_analysis_20250903_170303/vit_base_patch16_224_cifar100_analysis.json,vit_base_patch16_224,cifar100,layer_3,3,0.03417994259454717,0.1,1.1778652765938362,2.92569245028379,-1.244998088749813,2.9256068560248782,0.6582005740545283
results/medium_scale_analysis_20250903_170303/vit_base_patch16_224_cifar100_analysis.json,vit_base_patch16_224,cifar100,layer_4,4,0.03418135452855304,0.1,-3.0052355279779883,2.925571598295382,-1.245090827031507,2.925486011107529,0.6581864547144696
results/medium_scale_analysis_20250903_170303/vit_base_patch16_224_cifar100_analysis.json,vit_base_patch16_224,cifar100,layer_5,5,0.03435818574406892,0.1,-3.136908736259348,2.91051456397876,-1.2567054088806815,2.9104298554939416,0.6564181425593109
results/medium_scale_analysis_20250903_170303/vit_base_patch16_224_cifar100_analysis.json,vit_base_patch16_224,cifar100,layer_6,6,0.03352913386546895,0.1,-3.280992282943364,2.982480859816907,-1.2022518392825776,2.98239191054901,0.6647086613453106
results/medium_scale_analysis_20250903_170303/vit_base_patch16_224_cifar100_analysis.json,vit_base_patch16_224,cifar100,layer_7,7,0.03441284193024717,0.1,-3.1596718053339834,2.905891940069762,-1.26029532226831,2.9058075004438124,0.6558715806975284
results/medium_scale_analysis_20250903_170303/vit_base_patch16_224_cifar100_analysis.json,vit_base_patch16_224,cifar100,layer_8,8,0.03444326951409279,0.1,-2.911316784438907,2.9033248414202975,-1.2622938589068582,2.9032405509161765,0.6555673048590722
results/medium_scale_analysis_20250903_170303/vit_base_patch16_224_cifar100_analysis.json,vit_base_patch16_224,cifar100,layer_9,9,0.03382728636865552,0.1,-2.34552176871694,2.956193379220047,-1.2218350143554524,2.956105991010458,0.6617271363134448
results/medium_scale_analysis_20250903_170303/vit_base_patch16_224_cifar100_analysis.json,vit_base_patch16_224,cifar100,layer_10,10,0.03395721609979441,0.1,-1.6602714980507967,2.9448821630759494,-1.2303690251213193,2.9447954423202294,0.6604278390020559
results/medium_scale_analysis_20250903_170303/vit_base_patch16_224_cifar100_analysis.json,vit_base_patch16_224,cifar100,layer_11,11,0.03354478914215106,0.1,-0.9771634160282072,2.981088942793322,-1.203280105088846,2.981000076529656,0.6645521085784893
results/medium_scale_analysis_20250903_170303/vit_base_patch16_224_cifar100_analysis.json,vit_base_patch16_224,cifar100,summary,-1,0.03361511000050905,0.1,,,,2.974764182961256,0.6638488999949095
results/medium_scale_analysis_20250903_170303/vit_base_patch16_224_cifar100_analysis.json,vit_base_patch16_224,cifar100,summary_final,999,0.03354478914215106,0.1,,,,2.981000076529656,0.6645521085784893
results/medium_scale_analysis_20250903_170303/efficientnet_b2_cifar10_analysis.json,efficientnet_b2,cifar10,layer_0,0,0.035590850185290936,0.1,1.5625078423974086,2.809710908263951,-3.3835312436452414,2.8096319657281277,0.6440914981470907
results/medium_scale_analysis_20250903_170303/efficientnet_b2_cifar10_analysis.json,efficientnet_b2,cifar10,summary,-1,0.035590850185290936,0.1,,,,2.8096319657281277,0.6440914981470907
results/medium_scale_analysis_20250903_170303/efficientnet_b2_cifar10_analysis.json,efficientnet_b2,cifar10,summary_final,999,0.035590850185290936,0.1,,,,2.8096319657281277,0.6440914981470907
results/medium_scale_analysis_20250903_170303/deit_base_patch16_224_svhn_analysis.json,deit_base_patch16_224,svhn,layer_0,0,0.03257981719757953,0.1,-1.163474867964814,3.0693849321975124,-10.0,3.069290723850509,0.6742018280242047
results/medium_scale_analysis_20250903_170303/deit_base_patch16_224_svhn_analysis.json,deit_base_patch16_224,svhn,layer_1,1,0.03205351218851528,0.1,-1.4025939963509328,3.1197829246253344,-10.0,3.1196855972067707,0.6794648781148472
results/medium_scale_analysis_20250903_170303/deit_base_patch16_224_svhn_analysis.json,deit_base_patch16_224,svhn,layer_2,2,0.032799667344887706,0.1,1.865868090010528,3.048811408618948,-10.0,3.0487184589427554,0.6720033265511229
results/medium_scale_analysis_20250903_170303/deit_base_patch16_224_svhn_analysis.json,deit_base_patch16_224,svhn,layer_3,3,0.033051646091240436,0.1,2.373602590229404,3.02556791646461,-10.0,3.0254763786219785,0.6694835390875957
results/medium_scale_analysis_20250903_170303/deit_base_patch16_224_svhn_analysis.json,deit_base_patch16_224,svhn,layer_4,4,0.032055112865599124,0.1,-1.2437363276519162,3.1196271377761366,-10.0,3.1195298200772985,0.6794488713440088
results/medium_scale_analysis_20250903_170303/deit_base_patch16_224_svhn_analysis.json,deit_base_patch16_224,svhn,layer_5,5,0.032485305274616454,0.1,-1.0557107966743076,3.078314922844162,-10.0,3.0782201655334487,0.6751469472538355
results/medium_scale_analysis_20250903_170303/deit_base_patch16_224_svhn_analysis.json,deit_base_patch16_224,svhn,layer_6,6,0.0321151193876278,0.1,-0.8481431344204907,3.113798170668627,-10.0,3.113701216297114,0.678848806123722
results/medium_scale_analysis_20250903_170303/deit_base_patch16_224_svhn_analysis.json,deit_base_patch16_224,svhn,layer_7,7,0.0328350447770583,0.1,-0.6580662617637535,3.0455265305400028,-10.0,3.045433781046231,0.671649552229417
results/medium_scale_analysis_20250903_170303/deit_base_patch16_224_svhn_analysis.json,deit_base_patch16_224,svhn,layer_8,8,0.032926725481715095,0.1,-0.28231540915973025,3.0370466099197175,-10.0,3.03695437619979,0.6707327451828491
results/medium_scale_analysis_20250903_170303/deit_base_patch16_224_svhn_analysis.json,deit_base_patch16_224,svhn,layer_9,9,0.03277249557161344,0.1,0.20785095416845928,3.051339187199922,-10.0,3.0512460833324835,0.6722750442838656
results/medium_scale_analysis_20250903_170303/deit_base_patch16_224_svhn_analysis.json,deit_base_patch16_224,svhn,layer_10,10,0.032087084553454374,0.1,0.8358113329954465,3.116518729939719,-10.0,3.1164216060766616,0.6791291544654563
results/medium_scale_analysis_20250903_170303/deit_base_patch16_224_svhn_analysis.json,deit_base_patch16_224,svhn,layer_11,11,0.03262234603489326,0.1,1.3121442004600448,3.0653834611722526,-10.0,3.0652894982949346,0.6737765396510674
results/medium_scale_analysis_20250903_170303/deit_base_patch16_224_svhn_analysis.json,deit_base_patch16_224,svhn,summary,-1,0.03257981719757953,0.1,,,,3.069290723850509,0.6742018280242047
results/medium_scale_analysis_20250903_170303/deit_base_patch16_224_svhn_analysis.json,deit_base_patch16_224,svhn,summary_final,999,0.03262234603489326,0.1,,,,3.0652894982949346,0.6737765396510674
results/medium_scale_analysis_20250903_170303/swin_small_patch4_window7_224_cifar100_analysis.json,swin_small_patch4_window7_224,cifar100,layer_0,0,0.03377118691445447,0.1,-2.1876618795637843,2.9611040989856003,-10.0,2.96101642020701,0.6622881308554553
results/medium_scale_analysis_20250903_170303/swin_small_patch4_window7_224_cifar100_analysis.json,swin_small_patch4_window7_224,cifar100,summary,-1,0.03377118691445447,0.1,,,,2.96101642020701,0.6622881308554553
results/medium_scale_analysis_20250903_170303/swin_small_patch4_window7_224_cifar100_analysis.json,swin_small_patch4_window7_224,cifar100,summary_final,999,0.03377118691445447,0.1,,,,2.96101642020701,0.6622881308554553
results/medium_scale_analysis_20250903_170303/convnext_small_cifar100_analysis.json,convnext_small,cifar100,layer_0,0,0.03284424637657068,0.1,-1.6587600059022667,3.044673299958395,-10.0,3.044580602425697,0.6715575362342933
results/medium_scale_analysis_20250903_170303/convnext_small_cifar100_analysis.json,convnext_small,cifar100,layer_1,1,0.03199676188711793,0.1,0.9650744650158861,3.125316253963203,-10.0,3.125218580998919,0.6800323811288207
results/medium_scale_analysis_20250903_170303/convnext_small_cifar100_analysis.json,convnext_small,cifar100,layer_2,2,0.033565593643901645,0.1,3.9751287681561847,2.9792412153022796,-10.0,2.9791524591643492,0.6643440635609836
results/medium_scale_analysis_20250903_170303/convnext_small_cifar100_analysis.json,convnext_small,cifar100,layer_3,3,0.03443517334319072,0.1,-1.5455734916476687,2.9040074520134285,-10.0,2.9039231218695685,0.6556482665680928
results/medium_scale_analysis_20250903_170303/convnext_small_cifar100_analysis.json,convnext_small,cifar100,summary,-1,0.03284424637657068,0.1,,,,3.044580602425697,0.6715575362342933
results/medium_scale_analysis_20250903_170303/convnext_small_cifar100_analysis.json,convnext_small,cifar100,summary_final,999,0.03443517334319072,0.1,,,,2.9039231218695685,0.6556482665680928
results/medium_scale_analysis_20250903_170303/efficientnet_b2_svhn_analysis.json,efficientnet_b2,svhn,layer_0,0,0.035735159050470984,0.1,1.3957693963101925,2.798364486324625,0.07596667122060163,2.7982861800779357,0.6426484094952902
results/medium_scale_analysis_20250903_170303/efficientnet_b2_svhn_analysis.json,efficientnet_b2,svhn,summary,-1,0.035735159050470984,0.1,,,,2.7982861800779357,0.6426484094952902
results/medium_scale_analysis_20250903_170303/efficientnet_b2_svhn_analysis.json,efficientnet_b2,svhn,summary_final,999,0.035735159050470984,0.1,,,,2.7982861800779357,0.6426484094952902
results/medium_scale_analysis_20250903_170303/resnet34_svhn_analysis.json,resnet34,svhn,layer_0,0,0.0317858644227225,0.1,0.8019964829062619,3.146052555629534,-10.0,3.14595358227646,0.682141355772775
results/medium_scale_analysis_20250903_170303/resnet34_svhn_analysis.json,resnet34,svhn,layer_1,1,0.033667503911331505,0.1,0.6638416016378179,2.970223164252545,-10.0,2.9701349446164107,0.6633249608866849
results/medium_scale_analysis_20250903_170303/resnet34_svhn_analysis.json,resnet34,svhn,layer_2,2,0.032105457702125036,0.1,0.953249303216979,3.11473522439087,-10.0,3.114638211657379,0.6789454229787497
results/medium_scale_analysis_20250903_170303/resnet34_svhn_analysis.json,resnet34,svhn,layer_3,3,0.032346081994224514,0.1,-2.9980514479351617,3.0915645368689564,-10.0,3.0914689621108558,0.6765391800577549
results/medium_scale_analysis_20250903_170303/resnet34_svhn_analysis.json,resnet34,svhn,summary,-1,0.0317858644227225,0.1,,,,3.14595358227646,0.682141355772775
results/medium_scale_analysis_20250903_170303/resnet34_svhn_analysis.json,resnet34,svhn,summary_final,999,0.032346081994224514,0.1,,,,3.0914689621108558,0.6765391800577549
results/medium_scale_analysis_20250903_170303/efficientnet_b2_cifar100_analysis.json,efficientnet_b2,cifar100,layer_0,0,0.03313650380861091,0.1,-0.6410241061145613,3.0178198815897357,-3.035691594513306,3.0177288119696755,0.6686349619138909
results/medium_scale_analysis_20250903_170303/efficientnet_b2_cifar100_analysis.json,efficientnet_b2,cifar100,summary,-1,0.03313650380861091,0.1,,,,3.0177288119696755,0.6686349619138909
results/medium_scale_analysis_20250903_170303/efficientnet_b2_cifar100_analysis.json,efficientnet_b2,cifar100,summary_final,999,0.03313650380861091,0.1,,,,3.0177288119696755,0.6686349619138909
results/medium_scale_analysis_20250903_170303/mixer_b16_224_cifar10_analysis.json,mixer_b16_224,cifar10,layer_0,0,0.0314169516361688,0.1,-2.109922274800845,3.18299500085409,-10.0,3.1828936895070705,0.685830483638312
results/medium_scale_analysis_20250903_170303/mixer_b16_224_cifar10_analysis.json,mixer_b16_224,cifar10,layer_1,1,0.03175355213561863,0.1,-2.4270635350511722,3.1492539660729135,-10.0,3.149154791190754,0.6824644786438137
results/medium_scale_analysis_20250903_170303/mixer_b16_224_cifar10_analysis.json,mixer_b16_224,cifar10,layer_2,2,0.03324258755201304,0.1,-1.9270035488619746,3.008189414964612,-10.0,3.008098925651139,0.6675741244798696
results/medium_scale_analysis_20250903_170303/mixer_b16_224_cifar10_analysis.json,mixer_b16_224,cifar10,layer_3,3,0.03354803008977038,0.1,-1.1333815033912469,2.980800951126262,-10.0,2.9807121020315743,0.6645196991022962
results/medium_scale_analysis_20250903_170303/mixer_b16_224_cifar10_analysis.json,mixer_b16_224,cifar10,layer_4,4,0.031971554012014666,0.1,-2.7913030447164595,3.127780400115076,-10.0,3.127682573072578,0.6802844598798534
results/medium_scale_analysis_20250903_170303/mixer_b16_224_cifar10_analysis.json,mixer_b16_224,cifar10,layer_5,5,0.0316318865168046,0.1,-3.214408188755704,3.1613669310198906,-10.0,3.1612669917706113,0.683681134831954
results/medium_scale_analysis_20250903_170303/mixer_b16_224_cifar10_analysis.json,mixer_b16_224,cifar10,layer_6,6,0.03355224548654801,0.1,-3.0900788812335658,2.980426452831381,-10.0,2.98033762606039,0.66447754513452
results/medium_scale_analysis_20250903_170303/mixer_b16_224_cifar10_analysis.json,mixer_b16_224,cifar10,layer_7,7,0.03301074029018214,0.1,-3.3630396974947616,3.0293170986456617,-10.0,3.029225333804668,0.6698925970981786
results/medium_scale_analysis_20250903_170303/mixer_b16_224_cifar10_analysis.json,mixer_b16_224,cifar10,layer_8,8,0.032926962099164556,0.1,-3.6515508166887365,3.0370247853061816,-10.0,3.0369325529118365,0.6707303790083545
results/medium_scale_analysis_20250903_170303/mixer_b16_224_cifar10_analysis.json,mixer_b16_224,cifar10,layer_9,9,0.03261621398360862,0.1,-3.2903430116062764,3.0659597723468246,-10.0,3.0658657741355153,0.6738378601639138
results/medium_scale_analysis_20250903_170303/mixer_b16_224_cifar10_analysis.json,mixer_b16_224,cifar10,layer_10,10,0.03276567152843103,0.1,-2.609794965471037,3.0519746837243735,-10.0,3.0518815410723628,0.6723432847156897
results/medium_scale_analysis_20250903_170303/mixer_b16_224_cifar10_analysis.json,mixer_b16_224,cifar10,layer_11,11,0.03309014918382148,0.1,-2.3775485590546106,3.0220474209554866,-10.0,3.021956096009225,0.6690985081617853
results/medium_scale_analysis_20250903_170303/mixer_b16_224_cifar10_analysis.json,mixer_b16_224,cifar10,summary,-1,0.0314169516361688,0.1,,,,3.1828936895070705,0.685830483638312
results/medium_scale_analysis_20250903_170303/mixer_b16_224_cifar10_analysis.json,mixer_b16_224,cifar10,summary_final,999,0.03309014918382148,0.1,,,,3.021956096009225,0.6690985081617853
results/medium_scale_analysis_20250903_170303/efficientnet_b1_cifar100_analysis.json,efficientnet_b1,cifar100,layer_0,0,0.03646240671351424,0.1,56.56374918940425,2.7425507258942545,-4.597191147973675,2.7424755121121893,0.6353759328648576
results/medium_scale_analysis_20250903_170303/efficientnet_b1_cifar100_analysis.json,efficientnet_b1,cifar100,summary,-1,0.03646240671351424,0.1,,,,2.7424755121121893,0.6353759328648576
results/medium_scale_analysis_20250903_170303/efficientnet_b1_cifar100_analysis.json,efficientnet_b1,cifar100,summary_final,999,0.03646240671351424,0.1,,,,2.7424755121121893,0.6353759328648576
results/medium_scale_analysis_20250903_170303/convnext_small_svhn_analysis.json,convnext_small,svhn,layer_0,0,0.0347988571472369,0.1,-1.6749222812318367,2.8736575910206352,-8.938312726444273,2.8735750143141026,0.652011428527631
results/medium_scale_analysis_20250903_170303/convnext_small_svhn_analysis.json,convnext_small,svhn,layer_1,1,0.03403687909714434,0.1,1.129570133027589,2.9379896939020447,-8.720697069686782,2.9379033786035644,0.6596312090285565
results/medium_scale_analysis_20250903_170303/convnext_small_svhn_analysis.json,convnext_small,svhn,layer_2,2,0.033239029064682256,0.1,3.4068057937450265,3.0085114642007955,-8.492836623067445,3.008420955511457,0.6676097093531774
results/medium_scale_analysis_20250903_170303/convnext_small_svhn_analysis.json,convnext_small,svhn,layer_3,3,0.03453222438219689,0.1,-1.2204917287975041,2.8958458885595295,-8.86216425435876,2.89576203175379,0.654677756178031
results/medium_scale_analysis_20250903_170303/convnext_small_svhn_analysis.json,convnext_small,svhn,summary,-1,0.0347988571472369,0.1,,,,2.8735750143141026,0.652011428527631
results/medium_scale_analysis_20250903_170303/convnext_small_svhn_analysis.json,convnext_small,svhn,summary_final,999,0.03453222438219689,0.1,,,,2.89576203175379,0.654677756178031
results/medium_scale_analysis_20250903_170303/swin_small_patch4_window7_224_svhn_analysis.json,swin_small_patch4_window7_224,svhn,layer_0,0,0.03451687211861758,0.1,-2.5503234883449357,2.8971338902421113,-10.0,2.897049958825937,0.6548312788138242
results/medium_scale_analysis_20250903_170303/swin_small_patch4_window7_224_svhn_analysis.json,swin_small_patch4_window7_224,svhn,summary,-1,0.03451687211861758,0.1,,,,2.897049958825937,0.6548312788138242
results/medium_scale_analysis_20250903_170303/swin_small_patch4_window7_224_svhn_analysis.json,swin_small_patch4_window7_224,svhn,summary_final,999,0.03451687211861758,0.1,,,,2.897049958825937,0.6548312788138242
results/medium_scale_analysis_20250903_170303/resnet50_cifar10_analysis.json,resnet50,cifar10,layer_0,0,0.1,0.1,-1.7829531096775453,1.0,-10.0,0.9999900000999989,0.0
results/medium_scale_analysis_20250903_170303/resnet50_cifar10_analysis.json,resnet50,cifar10,layer_1,1,0.03359543149976779,0.1,0.03357342700796156,2.976595195709607,-4.276790703203484,2.9765065971572358,0.6640456850023221
results/medium_scale_analysis_20250903_170303/resnet50_cifar10_analysis.json,resnet50,cifar10,layer_2,2,0.03287765523360431,0.1,-0.2922262464674436,3.0415794341011835,-4.164050519220499,3.041486924860386,0.6712234476639569
results/medium_scale_analysis_20250903_170303/resnet50_cifar10_analysis.json,resnet50,cifar10,layer_3,3,0.032653200155345626,0.1,-4.106190878034001,3.0624869698607196,-4.1287956521934035,3.0623931844684793,0.6734679984465437
results/medium_scale_analysis_20250903_170303/resnet50_cifar10_analysis.json,resnet50,cifar10,summary,-1,0.1,0.1,,,,0.9999900000999989,0.0
results/medium_scale_analysis_20250903_170303/resnet50_cifar10_analysis.json,resnet50,cifar10,summary_final,999,0.032653200155345626,0.1,,,,3.0623931844684793,0.6734679984465437
results/medium_scale_analysis_20250903_170303/efficientnet_b1_cifar10_analysis.json,efficientnet_b1,cifar10,layer_0,0,0.02805817672678224,0.1,69.18899178466995,3.5640234564688402,-10.0,3.5638964383638125,0.7194182327321776
results/medium_scale_analysis_20250903_170303/efficientnet_b1_cifar10_analysis.json,efficientnet_b1,cifar10,summary,-1,0.02805817672678224,0.1,,,,3.5638964383638125,0.7194182327321776
results/medium_scale_analysis_20250903_170303/efficientnet_b1_cifar10_analysis.json,efficientnet_b1,cifar10,summary_final,999,0.02805817672678224,0.1,,,,3.5638964383638125,0.7194182327321776
results/medium_scale_analysis_20250903_170303/vit_small_patch16_224_cifar10_analysis.json,vit_small_patch16_224,cifar10,layer_0,0,0.031636571021967555,0.1,-0.4341855785528531,3.160898819614894,-1.496021968990271,3.1607989099594587,0.6836342897803245
results/medium_scale_analysis_20250903_170303/vit_small_patch16_224_cifar10_analysis.json,vit_small_patch16_224,cifar10,layer_1,1,0.030626686254130283,0.1,-0.7921922925062879,3.265126340154221,-1.416345364186287,3.265019733134903,0.6937331374586972
results/medium_scale_analysis_20250903_170303/vit_small_patch16_224_cifar10_analysis.json,vit_small_patch16_224,cifar10,layer_2,2,0.03228963439484681,0.1,1.6691209916036411,3.0969691008938542,-1.5475465329108564,3.096873191688014,0.6771036560515319
results/medium_scale_analysis_20250903_170303/vit_small_patch16_224_cifar10_analysis.json,vit_small_patch16_224,cifar10,layer_3,3,0.03289428646259561,0.1,1.7108179850659984,3.040041622842645,-1.5952516032121995,3.039949207121435,0.671057135374044
results/medium_scale_analysis_20250903_170303/vit_small_patch16_224_cifar10_analysis.json,vit_small_patch16_224,cifar10,layer_4,4,0.031936884179935815,0.1,-0.9778389087168587,3.1311758353316286,-1.5197156948161554,3.131077795780302,0.6806311582006419
results/medium_scale_analysis_20250903_170303/vit_small_patch16_224_cifar10_analysis.json,vit_small_patch16_224,cifar10,layer_5,5,0.0326296894885547,0.1,-1.2444742539749654,3.0646935832802313,-1.574375767468943,3.0645996626910157,0.6737031051144531
results/medium_scale_analysis_20250903_170303/vit_small_patch16_224_cifar10_analysis.json,vit_small_patch16_224,cifar10,layer_6,6,0.03275228489224894,0.1,-1.6077814334524814,3.053222098213542,-1.584048143805354,3.053128879407909,0.6724771510775106
results/medium_scale_analysis_20250903_170303/vit_small_patch16_224_cifar10_analysis.json,vit_small_patch16_224,cifar10,layer_7,7,0.033119901158230686,0.1,-1.7693921175930023,3.0193326822519464,-1.6130518647020171,3.0192415213059376,0.6688009884176931
results/medium_scale_analysis_20250903_170303/vit_small_patch16_224_cifar10_analysis.json,vit_small_patch16_224,cifar10,layer_8,8,0.03337136560149654,0.1,-1.2410338381519699,2.996580996838664,-1.6328915867242189,2.9964912045526564,0.6662863439850346
results/medium_scale_analysis_20250903_170303/vit_small_patch16_224_cifar10_analysis.json,vit_small_patch16_224,cifar10,layer_9,9,0.03342457645810634,0.1,-0.7842170877211271,2.991810535739709,-1.637089749255633,2.99172102911476,0.6657542354189365
results/medium_scale_analysis_20250903_170303/vit_small_patch16_224_cifar10_analysis.json,vit_small_patch16_224,cifar10,layer_10,10,0.03288053841621241,0.1,-0.07238908197559163,3.041312728343067,-1.5941669273230414,3.0412202353249533,0.6711946158378759
results/medium_scale_analysis_20250903_170303/vit_small_patch16_224_cifar10_analysis.json,vit_small_patch16_224,cifar10,layer_11,11,0.033121994523981325,0.1,0.7459421033663792,3.0191418553492295,-1.6132170244122492,3.019050705925733,0.6687800547601868
results/medium_scale_analysis_20250903_170303/vit_small_patch16_224_cifar10_analysis.json,vit_small_patch16_224,cifar10,summary,-1,0.031636571021967555,0.1,,,,3.1607989099594587,0.6836342897803245
results/medium_scale_analysis_20250903_170303/vit_small_patch16_224_cifar10_analysis.json,vit_small_patch16_224,cifar10,summary_final,999,0.033121994523981325,0.1,,,,3.019050705925733,0.6687800547601868
results/medium_scale_analysis_20250903_170303/convnext_base_cifar100_analysis.json,convnext_base,cifar100,layer_0,0,0.031860134213607005,0.1,0.39884976047322995,3.138718730107905,-4.710336577734097,3.138620217647267,0.68139865786393
results/medium_scale_analysis_20250903_170303/convnext_base_cifar100_analysis.json,convnext_base,cifar100,layer_1,1,0.03309735206374751,0.1,3.642568697083655,3.021389741614191,-4.93208486971918,3.0212984564125653,0.6690264793625249
results/medium_scale_analysis_20250903_170303/convnext_base_cifar100_analysis.json,convnext_base,cifar100,layer_2,2,0.032667634817630624,0.1,7.145449197494316,3.0611337661344957,-4.855066044496014,3.0610400636035138,0.6733236518236938
results/medium_scale_analysis_20250903_170303/convnext_base_cifar100_analysis.json,convnext_base,cifar100,layer_3,3,0.033557572783976204,0.1,1.5786924532597235,2.9799533072234046,-5.014570875425668,2.9798645086524282,0.664424272160238
results/medium_scale_analysis_20250903_170303/convnext_base_cifar100_analysis.json,convnext_base,cifar100,summary,-1,0.031860134213607005,0.1,,,,3.138620217647267,0.68139865786393
results/medium_scale_analysis_20250903_170303/convnext_base_cifar100_analysis.json,convnext_base,cifar100,summary_final,999,0.033557572783976204,0.1,,,,2.9798645086524282,0.664424272160238
results/medium_scale_analysis_20250903_170303/vit_base_patch16_224_cifar10_analysis.json,vit_base_patch16_224,cifar10,layer_0,0,0.035078819390706326,0.1,-1.7490875901603764,2.850723078396809,-10.0,2.8506418144927204,0.6492118060929368
results/medium_scale_analysis_20250903_170303/vit_base_patch16_224_cifar10_analysis.json,vit_base_patch16_224,cifar10,layer_1,1,0.03467913761930259,0.1,-2.5181222007350366,2.8835780490786913,-10.0,2.8834949012526723,0.6532086238069741
results/medium_scale_analysis_20250903_170303/vit_base_patch16_224_cifar10_analysis.json,vit_base_patch16_224,cifar10,layer_2,2,0.03328723336350965,0.1,0.22618832197919161,3.0041547432903406,-10.0,3.0040644965442764,0.6671276663649035
results/medium_scale_analysis_20250903_170303/vit_base_patch16_224_cifar10_analysis.json,vit_base_patch16_224,cifar10,layer_3,3,0.033189497921021834,0.1,1.1466311623354504,3.0130012884787027,-10.0,3.012910509446232,0.6681050207897816
results/medium_scale_analysis_20250903_170303/vit_base_patch16_224_cifar10_analysis.json,vit_base_patch16_224,cifar10,layer_4,4,0.034666344558651335,0.1,-2.572155249325599,2.884642187491441,-10.0,2.8845589782862304,0.6533365544134866
results/medium_scale_analysis_20250903_170303/vit_base_patch16_224_cifar10_analysis.json,vit_base_patch16_224,cifar10,layer_5,5,0.035431837221041,0.1,-2.729639488526435,2.8223204847141137,-10.0,2.8222408320329833,0.64568162778959
results/medium_scale_analysis_20250903_170303/vit_base_patch16_224_cifar10_analysis.json,vit_base_patch16_224,cifar10,layer_6,6,0.034942056913729855,0.1,-2.9952963877501246,2.8618807486604143,-10.0,2.8617988473901357,0.6505794308627015
results/medium_scale_analysis_20250903_170303/vit_base_patch16_224_cifar10_analysis.json,vit_base_patch16_224,cifar10,layer_7,7,0.03470986780466585,0.1,-2.9545328309936787,2.881025089544062,-10.0,2.8809420888796664,0.6529013219533415
results/medium_scale_analysis_20250903_170303/vit_base_patch16_224_cifar10_analysis.json,vit_base_patch16_224,cifar10,layer_8,8,0.034308351897607454,0.1,-2.7706773342629814,2.9147421682757564,-10.0,2.9146572135328928,0.6569164810239254
results/medium_scale_analysis_20250903_170303/vit_base_patch16_224_cifar10_analysis.json,vit_base_patch16_224,cifar10,layer_9,9,0.03420584745417278,0.1,-2.2291961067945287,2.9234767574162523,-10.0,2.92339129275128,0.6579415254582722
results/medium_scale_analysis_20250903_170303/vit_base_patch16_224_cifar10_analysis.json,vit_base_patch16_224,cifar10,layer_10,10,0.03332713129138161,0.1,-1.5402611798853385,3.0005582876513586,-10.0,3.000468256852409,0.6667286870861839
results/medium_scale_analysis_20250903_170303/vit_base_patch16_224_cifar10_analysis.json,vit_base_patch16_224,cifar10,layer_11,11,0.033795250311148085,0.1,-0.8934381466778932,2.9589956896106453,-10.0,2.958908135646452,0.6620474968885192
results/medium_scale_analysis_20250903_170303/vit_base_patch16_224_cifar10_analysis.json,vit_base_patch16_224,cifar10,summary,-1,0.035078819390706326,0.1,,,,2.8506418144927204,0.6492118060929368
results/medium_scale_analysis_20250903_170303/vit_base_patch16_224_cifar10_analysis.json,vit_base_patch16_224,cifar10,summary_final,999,0.033795250311148085,0.1,,,,2.958908135646452,0.6620474968885192
results/medium_scale_analysis_20250903_170303/resnet34_cifar100_analysis.json,resnet34,cifar100,layer_0,0,0.03277032437747913,0.1,0.8180252458604192,3.051541353332571,-9.195462281218793,3.0514482371277394,0.6722967562252087
results/medium_scale_analysis_20250903_170303/resnet34_cifar100_analysis.json,resnet34,cifar100,layer_1,1,0.03274018267366705,0.1,0.7386385309621514,3.054350704048761,-9.186084632075994,3.054257416315862,0.6725981732633295
results/medium_scale_analysis_20250903_170303/resnet34_cifar100_analysis.json,resnet34,cifar100,layer_2,2,0.033085356682130626,0.1,0.949619560965333,3.0224851725419035,-9.293474737319078,3.0223938211368035,0.6691464331786938
results/medium_scale_analysis_20250903_170303/resnet34_cifar100_analysis.json,resnet34,cifar100,layer_3,3,0.0333767985251357,0.1,-2.8919335164162807,2.9960932269969245,-9.384147758534857,2.9960034639400606,0.666232014748643
results/medium_scale_analysis_20250903_170303/resnet34_cifar100_analysis.json,resnet34,cifar100,summary,-1,0.03277032437747913,0.1,,,,3.0514482371277394,0.6722967562252087
results/medium_scale_analysis_20250903_170303/resnet34_cifar100_analysis.json,resnet34,cifar100,summary_final,999,0.0333767985251357,0.1,,,,2.9960034639400606,0.666232014748643
results/medium_scale_analysis_20250903_170303/mixer_b16_224_svhn_analysis.json,mixer_b16_224,svhn,layer_0,0,0.03311623367223692,0.1,-2.031255245991477,3.0196670608661416,-10.0,3.019575879727923,0.6688376632776308
results/medium_scale_analysis_20250903_170303/mixer_b16_224_svhn_analysis.json,mixer_b16_224,svhn,layer_1,1,0.03267013495066789,0.1,-2.3236449178742093,3.060899508098165,-10.0,3.0608058199078796,0.6732986504933212
results/medium_scale_analysis_20250903_170303/mixer_b16_224_svhn_analysis.json,mixer_b16_224,svhn,layer_2,2,0.03455985654604598,0.1,-1.669570157904336,2.8935305291781104,-10.0,2.893446806411421,0.6544014345395402
results/medium_scale_analysis_20250903_170303/mixer_b16_224_svhn_analysis.json,mixer_b16_224,svhn,layer_3,3,0.034056464011809,0.1,-0.6735782521390448,2.93630013865577,-10.0,2.936213922602289,0.65943535988191
results/medium_scale_analysis_20250903_170303/mixer_b16_224_svhn_analysis.json,mixer_b16_224,svhn,layer_4,4,0.03299123651918129,0.1,-2.698238947692453,3.0311079714111187,-10.0,3.031016098040556,0.6700876348081871
results/medium_scale_analysis_20250903_170303/mixer_b16_224_svhn_analysis.json,mixer_b16_224,svhn,layer_5,5,0.03344123013830496,0.1,-3.116911404720113,2.99032061878178,-10.0,2.990231201281619,0.6655876986169504
results/medium_scale_analysis_20250903_170303/mixer_b16_224_svhn_analysis.json,mixer_b16_224,svhn,layer_6,6,0.03369375473831475,0.1,-3.0266286399679596,2.9679090613871333,-10.0,2.967820979159367,0.6630624526168525
results/medium_scale_analysis_20250903_170303/mixer_b16_224_svhn_analysis.json,mixer_b16_224,svhn,layer_7,7,0.03360329146832054,0.1,-3.2839935892046976,2.9758989560375317,-10.0,2.9758103989269364,0.6639670853167946
results/medium_scale_analysis_20250903_170303/mixer_b16_224_svhn_analysis.json,mixer_b16_224,svhn,layer_8,8,0.03416167358331348,0.1,-3.4696871496971045,2.92725705478451,-10.0,2.9271713689541063,0.6583832641668652
results/medium_scale_analysis_20250903_170303/mixer_b16_224_svhn_analysis.json,mixer_b16_224,svhn,layer_9,9,0.03400052543777149,0.1,-3.161117508398752,2.9411310181962396,-10.0,2.941044518223655,0.6599947456222851
results/medium_scale_analysis_20250903_170303/mixer_b16_224_svhn_analysis.json,mixer_b16_224,svhn,layer_10,10,0.033417499760429646,0.1,-2.5228359553758724,2.9924441001541378,-10.0,2.9923545556167825,0.6658250023957035
results/medium_scale_analysis_20250903_170303/mixer_b16_224_svhn_analysis.json,mixer_b16_224,svhn,layer_11,11,0.033744330317283126,0.1,-2.2140375821876286,2.963460796517338,-10.0,2.9633729781208764,0.6625566968271688
results/medium_scale_analysis_20250903_170303/mixer_b16_224_svhn_analysis.json,mixer_b16_224,svhn,summary,-1,0.03311623367223692,0.1,,,,3.019575879727923,0.6688376632776308
results/medium_scale_analysis_20250903_170303/mixer_b16_224_svhn_analysis.json,mixer_b16_224,svhn,summary_final,999,0.033744330317283126,0.1,,,,2.9633729781208764,0.6625566968271688
results/medium_scale_analysis_20250903_170303/deit_base_patch16_224_cifar100_analysis.json,deit_base_patch16_224,cifar100,layer_0,0,0.034400821422403555,0.1,-1.1318640403535245,2.9069073314300264,-3.040400764103034,2.9068228327839885,0.6559917857759645
results/medium_scale_analysis_20250903_170303/deit_base_patch16_224_cifar100_analysis.json,deit_base_patch16_224,cifar100,layer_1,1,0.03277966283528363,0.1,-1.4232269805743323,3.0506720127810842,-2.849994543457798,3.05057894962284,0.6722033716471638
results/medium_scale_analysis_20250903_170303/deit_base_patch16_224_cifar100_analysis.json,deit_base_patch16_224,cifar100,layer_2,2,0.03313609988810705,0.1,1.4427729228228021,3.0178566680350705,-2.89185832696747,3.0177655961948,0.6686390011189296
results/medium_scale_analysis_20250903_170303/deit_base_patch16_224_cifar100_analysis.json,deit_base_patch16_224,cifar100,layer_3,3,0.032932295129293514,0.1,1.9956799701761603,3.036532971886593,-2.86792131415237,3.0364407693614597,0.6706770487070649
results/medium_scale_analysis_20250903_170303/deit_base_patch16_224_cifar100_analysis.json,deit_base_patch16_224,cifar100,layer_4,4,0.033056801363959214,0.1,-1.2981701083879715,3.0250960732403724,-2.882544659319101,3.025004563946093,0.6694319863604079
results/medium_scale_analysis_20250903_170303/deit_base_patch16_224_cifar100_analysis.json,deit_base_patch16_224,cifar100,layer_5,5,0.033324857255921755,0.1,-1.1406135376701059,3.0007630409948782,-2.914028013085835,3.000672997908576,0.6667514274407824
results/medium_scale_analysis_20250903_170303/deit_base_patch16_224_cifar100_analysis.json,deit_base_patch16_224,cifar100,layer_6,6,0.03358397467603578,0.1,-1.0414071934340814,2.977610630207988,-2.9444615370231237,2.9775219711972567,0.6641602532396422
results/medium_scale_analysis_20250903_170303/deit_base_patch16_224_cifar100_analysis.json,deit_base_patch16_224,cifar100,layer_7,7,0.03327408815504061,0.1,-0.8935132294562121,3.0053415598963977,-2.9080651463427927,3.0052512418318478,0.667259118449594
results/medium_scale_analysis_20250903_170303/deit_base_patch16_224_cifar100_analysis.json,deit_base_patch16_224,cifar100,layer_8,8,0.033140587200869674,0.1,-0.5115373401476608,3.0174480432071467,-2.8923853650196216,3.0173569960275133,0.6685941279913032
results/medium_scale_analysis_20250903_170303/deit_base_patch16_224_cifar100_analysis.json,deit_base_patch16_224,cifar100,layer_9,9,0.03330172727045528,0.1,-0.046014698499435985,3.0028472453655066,-2.9113113799623136,3.00275707715733,0.6669827272954472
results/medium_scale_analysis_20250903_170303/deit_base_patch16_224_cifar100_analysis.json,deit_base_patch16_224,cifar100,layer_10,10,0.03332311950339941,0.1,0.43079001528981953,3.000919526450657,-2.913823912825179,3.000829473973017,0.6667688049660059
results/medium_scale_analysis_20250903_170303/deit_base_patch16_224_cifar100_analysis.json,deit_base_patch16_224,cifar100,layer_11,11,0.03307534660208232,0.1,0.8254687668108229,3.023399911815416,-2.8847228106301706,3.0233085051087385,0.6692465339791769
results/medium_scale_analysis_20250903_170303/deit_base_patch16_224_cifar100_analysis.json,deit_base_patch16_224,cifar100,summary,-1,0.034400821422403555,0.1,,,,2.9068228327839885,0.6559917857759645
results/medium_scale_analysis_20250903_170303/deit_base_patch16_224_cifar100_analysis.json,deit_base_patch16_224,cifar100,summary_final,999,0.03307534660208232,0.1,,,,3.0233085051087385,0.6692465339791769
results/medium_scale_analysis_20250903_170303/resnet34_cifar10_analysis.json,resnet34,cifar10,layer_0,0,0.03586772920586977,0.1,0.8279473671261037,2.7880214949218187,-10.0,2.787943766450344,0.6413227079413024
results/medium_scale_analysis_20250903_170303/resnet34_cifar10_analysis.json,resnet34,cifar10,layer_1,1,0.03428598024178444,0.1,0.7846536875395502,2.916644042107032,-10.0,2.9165589764634103,0.6571401975821556
results/medium_scale_analysis_20250903_170303/resnet34_cifar10_analysis.json,resnet34,cifar10,layer_2,2,0.034207046558026116,0.1,0.9564779297055722,2.9233742770036564,-10.0,2.9232888183302985,0.6579295344197389
results/medium_scale_analysis_20250903_170303/resnet34_cifar10_analysis.json,resnet34,cifar10,layer_3,3,0.03392289841206007,0.1,-2.86725756036568,2.9478613173115127,-10.0,2.9477744210096337,0.6607710158793993
results/medium_scale_analysis_20250903_170303/resnet34_cifar10_analysis.json,resnet34,cifar10,summary,-1,0.03586772920586977,0.1,,,,2.787943766450344,0.6413227079413024
results/medium_scale_analysis_20250903_170303/resnet34_cifar10_analysis.json,resnet34,cifar10,summary_final,999,0.03392289841206007,0.1,,,,2.9477744210096337,0.6607710158793993
results/medium_scale_analysis_20250903_170303/deit_base_patch16_224_cifar10_analysis.json,deit_base_patch16_224,cifar10,layer_0,0,0.032333932071797904,0.1,-1.1282699008255064,3.0927262350260634,-8.43602405204734,3.092630588428502,0.676660679282021
results/medium_scale_analysis_20250903_170303/deit_base_patch16_224_cifar10_analysis.json,deit_base_patch16_224,cifar10,layer_1,1,0.03350188297212087,0.1,-1.385262356070092,2.9849068508542227,-8.776867620425785,2.984817756824514,0.6649811702787913
results/medium_scale_analysis_20250903_170303/deit_base_patch16_224_cifar10_analysis.json,deit_base_patch16_224,cifar10,layer_2,2,0.03221177303810806,0.1,1.352843856967402,3.104455004128312,-8.40037433343246,3.104358630711455,0.6778822696189195
results/medium_scale_analysis_20250903_170303/deit_base_patch16_224_cifar10_analysis.json,deit_base_patch16_224,cifar10,layer_3,3,0.03219729410151232,0.1,1.873502386271904,3.105851059555435,-8.396148939698655,3.105754599443301,0.6780270589848768
results/medium_scale_analysis_20250903_170303/deit_base_patch16_224_cifar10_analysis.json,deit_base_patch16_224,cifar10,layer_4,4,0.03451384690691491,0.1,-1.2366049383173412,2.8973878301570846,-9.072189451600465,2.8973038840269463,0.654861530930851
results/medium_scale_analysis_20250903_170303/deit_base_patch16_224_cifar10_analysis.json,deit_base_patch16_224,cifar10,layer_5,5,0.033357594524565944,0.1,-1.062283903538261,2.997818080867785,-8.734759866301184,2.9977282144293573,0.6664240547543405
results/medium_scale_analysis_20250903_170303/deit_base_patch16_224_cifar10_analysis.json,deit_base_patch16_224,cifar10,layer_6,6,0.03265549069958933,0.1,-0.9847799692228101,3.062272158760045,-8.529864632254094,3.062178386523863,0.6734450930041067
results/medium_scale_analysis_20250903_170303/deit_base_patch16_224_cifar10_analysis.json,deit_base_patch16_224,cifar10,layer_7,7,0.033762003350461985,0.1,-0.8241668532555452,2.961909545531505,-8.852778652248459,2.9618218190483248,0.6623799664953802
results/medium_scale_analysis_20250903_170303/deit_base_patch16_224_cifar10_analysis.json,deit_base_patch16_224,cifar10,layer_8,8,0.03327078263260462,0.1,-0.44592399585568204,3.0056401469198457,-8.709425517891846,3.0055498109080934,0.6672921736739539
results/medium_scale_analysis_20250903_170303/deit_base_patch16_224_cifar10_analysis.json,deit_base_patch16_224,cifar10,layer_9,9,0.033948790105799216,0.1,0.004953539431692194,2.9456130745265576,-8.907288704167053,2.9455263107184355,0.6605120989420079
results/medium_scale_analysis_20250903_170303/deit_base_patch16_224_cifar10_analysis.json,deit_base_patch16_224,cifar10,layer_10,10,0.03291376662426956,0.1,0.4574746231182801,3.0382423604554334,-8.605237396442988,3.038150054093516,0.6708623337573045
results/medium_scale_analysis_20250903_170303/deit_base_patch16_224_cifar10_analysis.json,deit_base_patch16_224,cifar10,layer_11,11,0.0320919503706449,0.1,0.8145929417075132,3.1160461999053775,-8.36540643748797,3.115949105491685,0.679080496293551
results/medium_scale_analysis_20250903_170303/deit_base_patch16_224_cifar10_analysis.json,deit_base_patch16_224,cifar10,summary,-1,0.032333932071797904,0.1,,,,3.092630588428502,0.676660679282021
results/medium_scale_analysis_20250903_170303/deit_base_patch16_224_cifar10_analysis.json,deit_base_patch16_224,cifar10,summary_final,999,0.0320919503706449,0.1,,,,3.115949105491685,0.679080496293551
results/medium_scale_analysis_20250903_170303/swin_base_patch4_window7_224_cifar100_analysis.json,swin_base_patch4_window7_224,cifar100,layer_0,0,0.0332393237618092,0.1,-2.061353262886278,3.008484790984119,-10.0,3.008394283899635,0.667606762381908
results/medium_scale_analysis_20250903_170303/swin_base_patch4_window7_224_cifar100_analysis.json,swin_base_patch4_window7_224,cifar100,summary,-1,0.0332393237618092,0.1,,,,3.008394283899635,0.667606762381908
results/medium_scale_analysis_20250903_170303/swin_base_patch4_window7_224_cifar100_analysis.json,swin_base_patch4_window7_224,cifar100,summary_final,999,0.0332393237618092,0.1,,,,3.008394283899635,0.667606762381908
results/comprehensive_analysis_20250829_222522/convnext_tiny_cifar100_analysis.json,convnext_tiny,cifar100,layer_0,0,0.031540814718399965,0.1,-1.426722251100369,3.17039462988364,15.65981667756977,3.17039462988364,0.6845918528160004
results/comprehensive_analysis_20250829_222522/convnext_tiny_cifar100_analysis.json,convnext_tiny,cifar100,layer_1,1,0.03176481094269706,0.1,0.809810526358331,3.148038631231291,15.763927608564444,3.148038631231291,0.6823518905730295
results/comprehensive_analysis_20250829_222522/convnext_tiny_cifar100_analysis.json,convnext_tiny,cifar100,layer_2,2,0.03336048925290758,0.1,3.927419182987121,2.997468105872541,16.505580977791276,2.997468105872541,0.6663951074709242
results/comprehensive_analysis_20250829_222522/convnext_tiny_cifar100_analysis.json,convnext_tiny,cifar100,layer_3,3,0.033305597235370174,0.1,-1.8223975285589062,3.0024081803770786,16.480067784129513,3.0024081803770786,0.6669440276462983
results/comprehensive_analysis_20250829_222522/convnext_tiny_cifar100_analysis.json,convnext_tiny,cifar100,summary,-1,0.031540814718399965,0.1,,,,3.17039462988364,0.6845918528160004
results/comprehensive_analysis_20250829_222522/convnext_tiny_cifar100_analysis.json,convnext_tiny,cifar100,summary_final,999,0.033305597235370174,0.1,,,,3.0024081803770786,0.6669440276462983
results/comprehensive_analysis_20250829_222522/vit_base_patch16_224_svhn_analysis.json,vit_base_patch16_224,svhn,layer_0,0,0.03127091383963039,0.1,-1.9641988099023626,3.197757595292157,-7.871276514211708,3.197757595292157,0.6872908616036961
results/comprehensive_analysis_20250829_222522/vit_base_patch16_224_svhn_analysis.json,vit_base_patch16_224,svhn,layer_1,1,0.032608070223744824,0.1,-2.812382315880182,3.066631440696012,-8.25061573298405,3.066631440696012,0.6739192977625518
results/comprehensive_analysis_20250829_222522/vit_base_patch16_224_svhn_analysis.json,vit_base_patch16_224,svhn,layer_2,2,0.03320993874884921,0.1,0.3056991315404411,3.0110561088389916,-8.42136041089094,3.0110561088389916,0.6679006125115079
results/comprehensive_analysis_20250829_222522/vit_base_patch16_224_svhn_analysis.json,vit_base_patch16_224,svhn,layer_3,3,0.03335861743438985,0.1,1.3065314855446213,2.9976362947409503,-8.463539214425904,2.9976362947409503,0.6664138256561015
results/comprehensive_analysis_20250829_222522/vit_base_patch16_224_svhn_analysis.json,vit_base_patch16_224,svhn,layer_4,4,0.032793377140822935,0.1,-2.9175988803753325,3.049303225689824,-8.303185635796185,3.049303225689824,0.6720662285917707
results/comprehensive_analysis_20250829_222522/vit_base_patch16_224_svhn_analysis.json,vit_base_patch16_224,svhn,layer_5,5,0.03311798709037884,0.1,-2.978006190011846,3.019416014357827,-8.395274553841338,3.019416014357827,0.6688201290962117
results/comprehensive_analysis_20250829_222522/vit_base_patch16_224_svhn_analysis.json,vit_base_patch16_224,svhn,layer_6,6,0.033203123409723444,0.1,-3.1354466077947234,3.0116741455886817,-8.419426960585238,3.0116741455886817,0.6679687659027655
results/comprehensive_analysis_20250829_222522/vit_base_patch16_224_svhn_analysis.json,vit_base_patch16_224,svhn,layer_7,7,0.03210460268300375,0.1,-2.9925046337258543,3.114721159024951,-8.107786527775987,3.114721159024951,0.6789539731699625
results/comprehensive_analysis_20250829_222522/vit_base_patch16_224_svhn_analysis.json,vit_base_patch16_224,svhn,layer_8,8,0.031807120518708897,0.1,-2.7569578702211186,3.143851267200211,-8.023393517995721,3.143851267200211,0.6819287948129111
results/comprehensive_analysis_20250829_222522/vit_base_patch16_224_svhn_analysis.json,vit_base_patch16_224,svhn,layer_9,9,0.03347047583064658,0.1,-2.0906032257380245,2.9876184876329748,-8.495272433631417,2.9876184876329748,0.6652952416935343
results/comprehensive_analysis_20250829_222522/vit_base_patch16_224_svhn_analysis.json,vit_base_patch16_224,svhn,layer_10,10,0.0328878535907761,0.1,-1.299401682909632,3.040543803814605,-8.329987753441799,3.040543803814605,0.6711214640922389
results/comprehensive_analysis_20250829_222522/vit_base_patch16_224_svhn_analysis.json,vit_base_patch16_224,svhn,layer_11,11,0.03259296771746875,0.1,-0.723975880084083,3.0680523729673133,-8.246331288022839,3.0680523729673133,0.6740703228253124
results/comprehensive_analysis_20250829_222522/vit_base_patch16_224_svhn_analysis.json,vit_base_patch16_224,svhn,summary,-1,0.03127091383963039,0.1,,,,3.197757595292157,0.6872908616036961
results/comprehensive_analysis_20250829_222522/vit_base_patch16_224_svhn_analysis.json,vit_base_patch16_224,svhn,summary_final,999,0.03259296771746875,0.1,,,,3.0680523729673133,0.6740703228253124
results/comprehensive_analysis_20250829_222522/mixer_b16_224_cifar100_analysis.json,mixer_b16_224,cifar100,layer_0,0,0.0336470527130546,0.1,-2.146125827876288,2.971940184853625,5.281798899616624,2.971940184853625,0.6635294728694541
results/comprehensive_analysis_20250829_222522/mixer_b16_224_cifar100_analysis.json,mixer_b16_224,cifar100,layer_1,1,0.034394994548762034,0.1,-2.4298448366726992,2.9073152648118197,5.376979198361387,2.9073152648118197,0.6560500545123797
results/comprehensive_analysis_20250829_222522/mixer_b16_224_cifar100_analysis.json,mixer_b16_224,cifar100,layer_2,2,0.03306803151294773,0.1,-1.9707427957082047,3.023977281005232,5.20811481326839,3.023977281005232,0.6693196848705227
results/comprehensive_analysis_20250829_222522/mixer_b16_224_cifar100_analysis.json,mixer_b16_224,cifar100,layer_3,3,0.033366360859477175,0.1,-1.1053331135076874,2.9969406457147922,5.246079097349578,2.9969406457147922,0.6663363914052283
results/comprehensive_analysis_20250829_222522/mixer_b16_224_cifar100_analysis.json,mixer_b16_224,cifar100,layer_4,4,0.0336279036672689,0.1,-2.7964373721201476,2.9736324737023843,5.279362063205626,2.9736324737023843,0.663720963327311
results/comprehensive_analysis_20250829_222522/mixer_b16_224_cifar100_analysis.json,mixer_b16_224,cifar100,layer_5,5,0.03414714597651419,0.1,-3.3150936607214327,2.9284166721313722,5.345438910034421,2.9284166721313722,0.6585285402348581
results/comprehensive_analysis_20250829_222522/mixer_b16_224_cifar100_analysis.json,mixer_b16_224,cifar100,layer_6,6,0.03373180240817841,0.1,-3.1413233328816057,2.9644735349872775,5.2925838308977875,2.9644735349872775,0.6626819759182159
results/comprehensive_analysis_20250829_222522/mixer_b16_224_cifar100_analysis.json,mixer_b16_224,cifar100,layer_7,7,0.03370985426598385,0.1,-3.4044048651269208,2.966403616205764,5.289790791878924,2.966403616205764,0.6629014573401615
results/comprehensive_analysis_20250829_222522/mixer_b16_224_cifar100_analysis.json,mixer_b16_224,cifar100,layer_8,8,0.03412797075986456,0.1,-3.6426006303636065,2.9300619905479053,5.342998743216528,2.9300619905479053,0.6587202924013544
results/comprehensive_analysis_20250829_222522/mixer_b16_224_cifar100_analysis.json,mixer_b16_224,cifar100,layer_9,9,0.034358339376904634,0.1,-3.2932613913361397,2.910416841926162,5.372314597397292,2.910416841926162,0.6564166062309537
results/comprehensive_analysis_20250829_222522/mixer_b16_224_cifar100_analysis.json,mixer_b16_224,cifar100,layer_10,10,0.033977103749706535,0.1,-2.646573194682034,2.9430718305127224,5.323799968108584,2.9430718305127224,0.6602289625029347
results/comprehensive_analysis_20250829_222522/mixer_b16_224_cifar100_analysis.json,mixer_b16_224,cifar100,layer_11,11,0.03364736848961248,0.1,-2.4148010124054,2.971912294376793,5.28183908416799,2.971912294376793,0.6635263151038753
results/comprehensive_analysis_20250829_222522/mixer_b16_224_cifar100_analysis.json,mixer_b16_224,cifar100,summary,-1,0.0336470527130546,0.1,,,,2.971940184853625,0.6635294728694541
results/comprehensive_analysis_20250829_222522/mixer_b16_224_cifar100_analysis.json,mixer_b16_224,cifar100,summary_final,999,0.03364736848961248,0.1,,,,2.971912294376793,0.6635263151038753
results/comprehensive_analysis_20250829_222522/resnet18_cifar100_analysis.json,resnet18,cifar100,layer_0,0,0.03542043219615077,0.1,-0.09149193595886095,2.8231495396978032,-3.1342826877555625,2.8231495396978032,0.6457956780384924
results/comprehensive_analysis_20250829_222522/resnet18_cifar100_analysis.json,resnet18,cifar100,layer_1,1,0.03418748031289672,0.1,-0.5293045501338595,2.9249618317277934,-2.9903722013576357,2.9249618317277934,0.6581251968710329
results/comprehensive_analysis_20250829_222522/resnet18_cifar100_analysis.json,resnet18,cifar100,layer_2,2,0.03270050951025375,0.1,-0.6947015924238287,3.0579628126537832,-2.816812556107658,3.0579628126537832,0.6729949048974625
results/comprehensive_analysis_20250829_222522/resnet18_cifar100_analysis.json,resnet18,cifar100,layer_3,3,0.03383387723255482,0.1,-2.651229218263337,2.955530156432288,-2.9490995515689797,2.955530156432288,0.6616612276744518
results/comprehensive_analysis_20250829_222522/resnet18_cifar100_analysis.json,resnet18,cifar100,summary,-1,0.03542043219615077,0.1,,,,2.8231495396978032,0.6457956780384924
results/comprehensive_analysis_20250829_222522/resnet18_cifar100_analysis.json,resnet18,cifar100,summary_final,999,0.03383387723255482,0.1,,,,2.955530156432288,0.6616612276744518
results/comprehensive_analysis_20250829_222522/convnext_tiny_svhn_analysis.json,convnext_tiny,svhn,layer_0,0,0.03412866636106678,0.1,-1.452538163034896,2.9300022725705404,5.357670425250834,2.9300022725705404,0.6587133363893323
results/comprehensive_analysis_20250829_222522/convnext_tiny_svhn_analysis.json,convnext_tiny,svhn,layer_1,1,0.035013747049554796,0.1,0.9861981447590327,2.855939523380663,5.470680699352394,2.855939523380663,0.649862529504452
results/comprehensive_analysis_20250829_222522/convnext_tiny_svhn_analysis.json,convnext_tiny,svhn,layer_2,2,0.03291483430264304,0.1,3.4492645219531277,3.03805150677801,5.202683998114947,3.03805150677801,0.6708516569735696
results/comprehensive_analysis_20250829_222522/convnext_tiny_svhn_analysis.json,convnext_tiny,svhn,layer_3,3,0.033925489512856476,0.1,-1.5555804714810122,2.947549287765388,5.331728077162139,2.947549287765388,0.6607451048714352
results/comprehensive_analysis_20250829_222522/convnext_tiny_svhn_analysis.json,convnext_tiny,svhn,summary,-1,0.03412866636106678,0.1,,,,2.9300022725705404,0.6587133363893323
results/comprehensive_analysis_20250829_222522/convnext_tiny_svhn_analysis.json,convnext_tiny,svhn,summary_final,999,0.033925489512856476,0.1,,,,2.947549287765388,0.6607451048714352
results/comprehensive_analysis_20250829_222522/vit_base_patch16_224_cifar100_analysis.json,vit_base_patch16_224,cifar100,layer_0,0,0.03327986484932623,0.1,-1.944255779299628,3.00472960822184,107.84849198469442,3.00472960822184,0.6672013515067378
results/comprehensive_analysis_20250829_222522/vit_base_patch16_224_cifar100_analysis.json,vit_base_patch16_224,cifar100,layer_1,1,0.03296764849709022,0.1,-2.8523702384211385,3.0331846939017204,106.84608868286566,3.0331846939017204,0.6703235150290978
results/comprehensive_analysis_20250829_222522/vit_base_patch16_224_cifar100_analysis.json,vit_base_patch16_224,cifar100,layer_2,2,0.03458423854700456,0.1,0.20069910477234792,2.891406975958563,112.03632036718412,2.891406975958563,0.6541576145299544
results/comprehensive_analysis_20250829_222522/vit_base_patch16_224_cifar100_analysis.json,vit_base_patch16_224,cifar100,layer_3,3,0.03385000273959209,0.1,1.1886739860694728,2.954122238838146,109.67897940025483,2.954122238838146,0.6614999726040791
results/comprehensive_analysis_20250829_222522/vit_base_patch16_224_cifar100_analysis.json,vit_base_patch16_224,cifar100,layer_4,4,0.03309899434220646,0.1,-2.9792679460407587,3.021148552659661,107.26778827637855,3.021148552659661,0.6690100565779354
results/comprehensive_analysis_20250829_222522/vit_base_patch16_224_cifar100_analysis.json,vit_base_patch16_224,cifar100,layer_5,5,0.03314033685951799,0.1,-3.117663831341735,3.017379788385954,107.40052275861242,3.017379788385954,0.6685966314048202
results/comprehensive_analysis_20250829_222522/vit_base_patch16_224_cifar100_analysis.json,vit_base_patch16_224,cifar100,layer_6,6,0.0336085424131453,0.1,-3.269859565407558,2.9753454769109915,108.90374573053353,2.9753454769109915,0.663914575868547
results/comprehensive_analysis_20250829_222522/vit_base_patch16_224_cifar100_analysis.json,vit_base_patch16_224,cifar100,layer_7,7,0.033489113416868284,0.1,-3.1535323266166495,2.985955847782589,108.52030642844444,2.985955847782589,0.6651088658313171
results/comprehensive_analysis_20250829_222522/vit_base_patch16_224_cifar100_analysis.json,vit_base_patch16_224,cifar100,layer_8,8,0.033876938232221473,0.1,-2.9080649503488147,2.951773490893537,109.76545862068869,2.951773490893537,0.6612306176777853
results/comprehensive_analysis_20250829_222522/vit_base_patch16_224_cifar100_analysis.json,vit_base_patch16_224,cifar100,layer_9,9,0.034005846182434595,0.1,-2.342261803194722,2.9405843595003103,110.17933109725882,2.9405843595003103,0.6599415381756542
results/comprehensive_analysis_20250829_222522/vit_base_patch16_224_cifar100_analysis.json,vit_base_patch16_224,cifar100,layer_10,10,0.032817548857691704,0.1,-1.6582014512422578,3.0470573343636107,106.36417806845093,3.0470573343636107,0.671824511423083
results/comprehensive_analysis_20250829_222522/vit_base_patch16_224_cifar100_analysis.json,vit_base_patch16_224,cifar100,layer_11,11,0.03290099617292674,0.1,-0.9828871288589441,3.0393292697020176,106.63209441466816,3.0393292697020176,0.6709900382707327
results/comprehensive_analysis_20250829_222522/vit_base_patch16_224_cifar100_analysis.json,vit_base_patch16_224,cifar100,summary,-1,0.03327986484932623,0.1,,,,3.00472960822184,0.6672013515067378
results/comprehensive_analysis_20250829_222522/vit_base_patch16_224_cifar100_analysis.json,vit_base_patch16_224,cifar100,summary_final,999,0.03290099617292674,0.1,,,,3.0393292697020176,0.6709900382707327
results/comprehensive_analysis_20250829_222522/resnet18_svhn_analysis.json,resnet18,svhn,layer_0,0,0.03197433330545109,0.1,-0.1002417204029202,3.1274107151512385,11.631891904462599,3.1274107151512385,0.6802566669454891
results/comprehensive_analysis_20250829_222522/resnet18_svhn_analysis.json,resnet18,svhn,layer_1,1,0.03295494754198536,0.1,-0.6071228213985244,3.0343536587015616,11.957959205482195,3.0343536587015616,0.6704505245801464
results/comprehensive_analysis_20250829_222522/resnet18_svhn_analysis.json,resnet18,svhn,layer_2,2,0.03311221919738407,0.1,-0.7250963825772503,3.0199419574373474,12.0102541266573,3.0199419574373474,0.6688778080261593
results/comprehensive_analysis_20250829_222522/resnet18_svhn_analysis.json,resnet18,svhn,layer_3,3,0.03301593162284607,0.1,-2.7124019644531066,3.0287490413193026,11.978237225024001,3.0287490413193026,0.6698406837715394
results/comprehensive_analysis_20250829_222522/resnet18_svhn_analysis.json,resnet18,svhn,summary,-1,0.03197433330545109,0.1,,,,3.1274107151512385,0.6802566669454891
results/comprehensive_analysis_20250829_222522/resnet18_svhn_analysis.json,resnet18,svhn,summary_final,999,0.03301593162284607,0.1,,,,3.0287490413193026,0.6698406837715394
results/comprehensive_analysis_20250829_222522/convnext_tiny_cifar10_analysis.json,convnext_tiny,cifar10,layer_0,0,0.033826209194211525,0.1,-1.4148126744431246,2.9562001235712905,27.66994596823453,2.9562001235712905,0.6617379080578848
results/comprehensive_analysis_20250829_222522/convnext_tiny_cifar10_analysis.json,convnext_tiny,cifar10,layer_1,1,0.032777887486951665,0.1,0.8075054565810192,3.0507441730536806,26.84340690411935,3.0507441730536806,0.6722211251304834
results/comprehensive_analysis_20250829_222522/convnext_tiny_cifar10_analysis.json,convnext_tiny,cifar10,layer_2,2,0.03386766859448481,0.1,3.9698105889431097,2.9525813723980883,27.70263422954148,2.9525813723980883,0.6613233140551519
results/comprehensive_analysis_20250829_222522/convnext_tiny_cifar10_analysis.json,convnext_tiny,cifar10,layer_3,3,0.0334645310136437,0.1,-1.85210470433623,2.9881492081876897,27.384784320996687,2.9881492081876897,0.6653546898635629
results/comprehensive_analysis_20250829_222522/convnext_tiny_cifar10_analysis.json,convnext_tiny,cifar10,summary,-1,0.033826209194211525,0.1,,,,2.9562001235712905,0.6617379080578848
results/comprehensive_analysis_20250829_222522/convnext_tiny_cifar10_analysis.json,convnext_tiny,cifar10,summary_final,999,0.0334645310136437,0.1,,,,2.9881492081876897,0.6653546898635629
results/comprehensive_analysis_20250829_222522/mixer_b16_224_cifar10_analysis.json,mixer_b16_224,cifar10,layer_0,0,0.03252492366344378,0.1,-2.1100241631132626,3.0744707217151537,9.236066660033263,3.0744707217151537,0.6747507633655622
results/comprehensive_analysis_20250829_222522/mixer_b16_224_cifar10_analysis.json,mixer_b16_224,cifar10,layer_1,1,0.032152367474132956,0.1,-2.430283757451281,3.110094147384374,9.141726773442825,3.110094147384374,0.6784763252586705
results/comprehensive_analysis_20250829_222522/mixer_b16_224_cifar10_analysis.json,mixer_b16_224,cifar10,layer_2,2,0.03258706991190824,0.1,-1.9268253654794216,3.0686076306549928,9.251803534631973,3.0686076306549928,0.6741293008809176
results/comprehensive_analysis_20250829_222522/mixer_b16_224_cifar10_analysis.json,mixer_b16_224,cifar10,layer_3,3,0.032607831325708804,0.1,-1.1352324913167844,3.066653907377539,9.257060807171253,3.066653907377539,0.673921686742912
results/comprehensive_analysis_20250829_222522/mixer_b16_224_cifar10_analysis.json,mixer_b16_224,cifar10,layer_4,4,0.032425294853575024,0.1,-2.793972861402722,3.0839169399884403,9.210838329666384,3.0839169399884403,0.6757470514642498
results/comprehensive_analysis_20250829_222522/mixer_b16_224_cifar10_analysis.json,mixer_b16_224,cifar10,layer_5,5,0.032345070129719364,0.1,-3.218422727764132,3.091565670851639,9.190523564894143,3.091565670851639,0.6765492987028063
results/comprehensive_analysis_20250829_222522/mixer_b16_224_cifar10_analysis.json,mixer_b16_224,cifar10,layer_6,6,0.0327419341693491,0.1,-3.098614825561358,3.0540940369849547,9.291018764181398,3.0540940369849547,0.672580658306509
results/comprehensive_analysis_20250829_222522/mixer_b16_224_cifar10_analysis.json,mixer_b16_224,cifar10,layer_7,7,0.033018087217807815,0.1,-3.3706456736423442,3.028551314588373,9.360947134775353,3.028551314588373,0.6698191278219219
results/comprehensive_analysis_20250829_222522/mixer_b16_224_cifar10_analysis.json,mixer_b16_224,cifar10,layer_8,8,0.033077579556100765,0.1,-3.66242680140165,3.023104418084263,9.376011977632855,3.023104418084263,0.6692242044389924
results/comprehensive_analysis_20250829_222522/mixer_b16_224_cifar10_analysis.json,mixer_b16_224,cifar10,layer_9,9,0.032932190538584906,0.1,-3.2954718662555473,3.0364504126267042,9.339196099068834,3.0364504126267042,0.670678094614151
results/comprehensive_analysis_20250829_222522/mixer_b16_224_cifar10_analysis.json,mixer_b16_224,cifar10,layer_10,10,0.03311848019199166,0.1,-2.6166678313328893,3.0193710595790137,9.386368969308556,3.0193710595790137,0.6688151980800834
results/comprehensive_analysis_20250829_222522/mixer_b16_224_cifar10_analysis.json,mixer_b16_224,cifar10,layer_11,11,0.032918840828883696,0.1,-2.376966672717064,3.0376817591493492,9.335815642280405,3.0376817591493492,0.670811591711163
results/comprehensive_analysis_20250829_222522/mixer_b16_224_cifar10_analysis.json,mixer_b16_224,cifar10,summary,-1,0.03252492366344378,0.1,,,,3.0744707217151537,0.6747507633655622
results/comprehensive_analysis_20250829_222522/mixer_b16_224_cifar10_analysis.json,mixer_b16_224,cifar10,summary_final,999,0.032918840828883696,0.1,,,,3.0376817591493492,0.670811591711163
results/comprehensive_analysis_20250829_222522/vit_base_patch16_224_cifar10_analysis.json,vit_base_patch16_224,cifar10,layer_0,0,0.030743036967072885,0.1,-1.7643987492615565,3.2526632760395398,21.2451768545198,3.2526632760395398,0.6925696303292712
results/comprehensive_analysis_20250829_222522/vit_base_patch16_224_cifar10_analysis.json,vit_base_patch16_224,cifar10,layer_1,1,0.03170349344445889,0.1,-2.548472112993686,3.154127038023292,21.877665156393647,3.154127038023292,0.6829650655554111
results/comprehensive_analysis_20250829_222522/vit_base_patch16_224_cifar10_analysis.json,vit_base_patch16_224,cifar10,layer_2,2,0.03287302440975981,0.1,0.2090019745960207,3.041915366173163,22.647835040869076,3.041915366173163,0.6712697559024019
results/comprehensive_analysis_20250829_222522/vit_base_patch16_224_cifar10_analysis.json,vit_base_patch16_224,cifar10,layer_3,3,0.03196701858283382,0.1,1.1323911972862277,3.1281263097644083,22.051204063357407,3.1281263097644083,0.6803298141716618
results/comprehensive_analysis_20250829_222522/vit_base_patch16_224_cifar10_analysis.json,vit_base_patch16_224,cifar10,layer_4,4,0.03252853573056312,0.1,-2.605769109433556,3.0741293336702933,22.420979306278294,3.0741293336702933,0.6747146426943689
results/comprehensive_analysis_20250829_222522/vit_base_patch16_224_cifar10_analysis.json,vit_base_patch16_224,cifar10,layer_5,5,0.03284052165360268,0.1,-2.7641927260884205,3.0449259037006313,22.626431038155708,3.0449259037006313,0.6715947834639732
results/comprehensive_analysis_20250829_222522/vit_base_patch16_224_cifar10_analysis.json,vit_base_patch16_224,cifar10,layer_6,6,0.03304842687507956,0.1,-3.0262387342399055,3.0257710785116076,22.763342625071655,3.0257710785116076,0.6695157312492044
results/comprehensive_analysis_20250829_222522/vit_base_patch16_224_cifar10_analysis.json,vit_base_patch16_224,cifar10,layer_7,7,0.032887803753857754,0.1,-2.9847807535192126,3.040548411198152,22.657567665377744,3.040548411198152,0.6711219624614224
results/comprehensive_analysis_20250829_222522/vit_base_patch16_224_cifar10_analysis.json,vit_base_patch16_224,cifar10,layer_8,8,0.03312419559945778,0.1,-2.7989413230661686,3.018850098552683,22.81323851618746,3.018850098552683,0.6687580440054223
results/comprehensive_analysis_20250829_222522/vit_base_patch16_224_cifar10_analysis.json,vit_base_patch16_224,cifar10,layer_9,9,0.03201811074307984,0.1,-2.2515122105597434,3.123134830395394,22.08484972501302,3.123134830395394,0.6798188925692016
results/comprehensive_analysis_20250829_222522/vit_base_patch16_224_cifar10_analysis.json,vit_base_patch16_224,cifar10,layer_10,10,0.03240078871910364,0.1,-1.5654710410664083,3.086249369345508,22.33685421341894,3.086249369345508,0.6759921128089637
results/comprehensive_analysis_20250829_222522/vit_base_patch16_224_cifar10_analysis.json,vit_base_patch16_224,cifar10,layer_11,11,0.033092543482468935,0.1,-0.9101252181308334,3.0217374592410837,22.79239468390943,3.0217374592410837,0.6690745651753107
results/comprehensive_analysis_20250829_222522/vit_base_patch16_224_cifar10_analysis.json,vit_base_patch16_224,cifar10,summary,-1,0.030743036967072885,0.1,,,,3.2526632760395398,0.6925696303292712
results/comprehensive_analysis_20250829_222522/vit_base_patch16_224_cifar10_analysis.json,vit_base_patch16_224,cifar10,summary_final,999,0.033092543482468935,0.1,,,,3.0217374592410837,0.6690745651753107
results/comprehensive_analysis_20250829_222522/resnet18_cifar10_analysis.json,resnet18,cifar10,layer_0,0,0.03324726675233163,0.1,-0.07010975091966186,3.0076755803514845,68.27767402104509,3.0076755803514845,0.6675273324766837
results/comprehensive_analysis_20250829_222522/resnet18_cifar10_analysis.json,resnet18,cifar10,layer_1,1,0.03312464256838524,0.1,-0.44760266564854456,3.0188093647861476,68.02953723626523,3.0188093647861476,0.6687535743161477
results/comprehensive_analysis_20250829_222522/resnet18_cifar10_analysis.json,resnet18,cifar10,layer_2,2,0.03253307148652732,0.1,-0.6850075542567394,3.0737007521917747,66.83246059528923,3.0737007521917747,0.6746692851347268
results/comprehensive_analysis_20250829_222522/resnet18_cifar10_analysis.json,resnet18,cifar10,layer_3,3,0.0334154420471355,0.1,-2.6371683582966043,2.992538818433907,68.61798598552905,2.992538818433907,0.6658455795286451
results/comprehensive_analysis_20250829_222522/resnet18_cifar10_analysis.json,resnet18,cifar10,summary,-1,0.03324726675233163,0.1,,,,3.0076755803514845,0.6675273324766837
results/comprehensive_analysis_20250829_222522/resnet18_cifar10_analysis.json,resnet18,cifar10,summary_final,999,0.0334154420471355,0.1,,,,2.992538818433907,0.6658455795286451
results/comprehensive_analysis_20250829_222522/resnet18_svhn/analysis_results.json,resnet18,svhn,layer_0,0,0.03197433330545109,0.1,-0.1002417204029202,3.1274107151512385,11.631891904462599,3.1274107151512385,0.6802566669454891
results/comprehensive_analysis_20250829_222522/resnet18_svhn/analysis_results.json,resnet18,svhn,layer_1,1,0.03295494754198536,0.1,-0.6071228213985244,3.0343536587015616,11.957959205482195,3.0343536587015616,0.6704505245801464
results/comprehensive_analysis_20250829_222522/resnet18_svhn/analysis_results.json,resnet18,svhn,layer_2,2,0.03311221919738407,0.1,-0.7250963825772503,3.0199419574373474,12.0102541266573,3.0199419574373474,0.6688778080261593
results/comprehensive_analysis_20250829_222522/resnet18_svhn/analysis_results.json,resnet18,svhn,layer_3,3,0.03301593162284607,0.1,-2.7124019644531066,3.0287490413193026,11.978237225024001,3.0287490413193026,0.6698406837715394
results/comprehensive_analysis_20250829_222522/resnet18_svhn/analysis_results.json,resnet18,svhn,summary,-1,0.03197433330545109,0.1,,,,3.1274107151512385,0.6802566669454891
results/comprehensive_analysis_20250829_222522/resnet18_svhn/analysis_results.json,resnet18,svhn,summary_final,999,0.03301593162284607,0.1,,,,3.0287490413193026,0.6698406837715394
results/comprehensive_analysis_20250829_222522/mixer_b16_224_cifar10/analysis_results.json,mixer_b16_224,cifar10,layer_0,0,0.03252492366344378,0.1,-2.1100241631132626,3.0744707217151537,9.236066660033263,3.0744707217151537,0.6747507633655622
results/comprehensive_analysis_20250829_222522/mixer_b16_224_cifar10/analysis_results.json,mixer_b16_224,cifar10,layer_1,1,0.032152367474132956,0.1,-2.430283757451281,3.110094147384374,9.141726773442825,3.110094147384374,0.6784763252586705
results/comprehensive_analysis_20250829_222522/mixer_b16_224_cifar10/analysis_results.json,mixer_b16_224,cifar10,layer_2,2,0.03258706991190824,0.1,-1.9268253654794216,3.0686076306549928,9.251803534631973,3.0686076306549928,0.6741293008809176
results/comprehensive_analysis_20250829_222522/mixer_b16_224_cifar10/analysis_results.json,mixer_b16_224,cifar10,layer_3,3,0.032607831325708804,0.1,-1.1352324913167844,3.066653907377539,9.257060807171253,3.066653907377539,0.673921686742912
results/comprehensive_analysis_20250829_222522/mixer_b16_224_cifar10/analysis_results.json,mixer_b16_224,cifar10,layer_4,4,0.032425294853575024,0.1,-2.793972861402722,3.0839169399884403,9.210838329666384,3.0839169399884403,0.6757470514642498
results/comprehensive_analysis_20250829_222522/mixer_b16_224_cifar10/analysis_results.json,mixer_b16_224,cifar10,layer_5,5,0.032345070129719364,0.1,-3.218422727764132,3.091565670851639,9.190523564894143,3.091565670851639,0.6765492987028063
results/comprehensive_analysis_20250829_222522/mixer_b16_224_cifar10/analysis_results.json,mixer_b16_224,cifar10,layer_6,6,0.0327419341693491,0.1,-3.098614825561358,3.0540940369849547,9.291018764181398,3.0540940369849547,0.672580658306509
results/comprehensive_analysis_20250829_222522/mixer_b16_224_cifar10/analysis_results.json,mixer_b16_224,cifar10,layer_7,7,0.033018087217807815,0.1,-3.3706456736423442,3.028551314588373,9.360947134775353,3.028551314588373,0.6698191278219219
results/comprehensive_analysis_20250829_222522/mixer_b16_224_cifar10/analysis_results.json,mixer_b16_224,cifar10,layer_8,8,0.033077579556100765,0.1,-3.66242680140165,3.023104418084263,9.376011977632855,3.023104418084263,0.6692242044389924
results/comprehensive_analysis_20250829_222522/mixer_b16_224_cifar10/analysis_results.json,mixer_b16_224,cifar10,layer_9,9,0.032932190538584906,0.1,-3.2954718662555473,3.0364504126267042,9.339196099068834,3.0364504126267042,0.670678094614151
results/comprehensive_analysis_20250829_222522/mixer_b16_224_cifar10/analysis_results.json,mixer_b16_224,cifar10,layer_10,10,0.03311848019199166,0.1,-2.6166678313328893,3.0193710595790137,9.386368969308556,3.0193710595790137,0.6688151980800834
results/comprehensive_analysis_20250829_222522/mixer_b16_224_cifar10/analysis_results.json,mixer_b16_224,cifar10,layer_11,11,0.032918840828883696,0.1,-2.376966672717064,3.0376817591493492,9.335815642280405,3.0376817591493492,0.670811591711163
results/comprehensive_analysis_20250829_222522/mixer_b16_224_cifar10/analysis_results.json,mixer_b16_224,cifar10,summary,-1,0.03252492366344378,0.1,,,,3.0744707217151537,0.6747507633655622
results/comprehensive_analysis_20250829_222522/mixer_b16_224_cifar10/analysis_results.json,mixer_b16_224,cifar10,summary_final,999,0.032918840828883696,0.1,,,,3.0376817591493492,0.670811591711163
results/comprehensive_analysis_20250829_222522/vit_base_patch16_224_svhn/analysis_results.json,vit_base_patch16_224,svhn,layer_0,0,0.03127091383963039,0.1,-1.9641988099023626,3.197757595292157,-7.871276514211708,3.197757595292157,0.6872908616036961
results/comprehensive_analysis_20250829_222522/vit_base_patch16_224_svhn/analysis_results.json,vit_base_patch16_224,svhn,layer_1,1,0.032608070223744824,0.1,-2.812382315880182,3.066631440696012,-8.25061573298405,3.066631440696012,0.6739192977625518
results/comprehensive_analysis_20250829_222522/vit_base_patch16_224_svhn/analysis_results.json,vit_base_patch16_224,svhn,layer_2,2,0.03320993874884921,0.1,0.3056991315404411,3.0110561088389916,-8.42136041089094,3.0110561088389916,0.6679006125115079
results/comprehensive_analysis_20250829_222522/vit_base_patch16_224_svhn/analysis_results.json,vit_base_patch16_224,svhn,layer_3,3,0.03335861743438985,0.1,1.3065314855446213,2.9976362947409503,-8.463539214425904,2.9976362947409503,0.6664138256561015
results/comprehensive_analysis_20250829_222522/vit_base_patch16_224_svhn/analysis_results.json,vit_base_patch16_224,svhn,layer_4,4,0.032793377140822935,0.1,-2.9175988803753325,3.049303225689824,-8.303185635796185,3.049303225689824,0.6720662285917707
results/comprehensive_analysis_20250829_222522/vit_base_patch16_224_svhn/analysis_results.json,vit_base_patch16_224,svhn,layer_5,5,0.03311798709037884,0.1,-2.978006190011846,3.019416014357827,-8.395274553841338,3.019416014357827,0.6688201290962117
results/comprehensive_analysis_20250829_222522/vit_base_patch16_224_svhn/analysis_results.json,vit_base_patch16_224,svhn,layer_6,6,0.033203123409723444,0.1,-3.1354466077947234,3.0116741455886817,-8.419426960585238,3.0116741455886817,0.6679687659027655
results/comprehensive_analysis_20250829_222522/vit_base_patch16_224_svhn/analysis_results.json,vit_base_patch16_224,svhn,layer_7,7,0.03210460268300375,0.1,-2.9925046337258543,3.114721159024951,-8.107786527775987,3.114721159024951,0.6789539731699625
results/comprehensive_analysis_20250829_222522/vit_base_patch16_224_svhn/analysis_results.json,vit_base_patch16_224,svhn,layer_8,8,0.031807120518708897,0.1,-2.7569578702211186,3.143851267200211,-8.023393517995721,3.143851267200211,0.6819287948129111
results/comprehensive_analysis_20250829_222522/vit_base_patch16_224_svhn/analysis_results.json,vit_base_patch16_224,svhn,layer_9,9,0.03347047583064658,0.1,-2.0906032257380245,2.9876184876329748,-8.495272433631417,2.9876184876329748,0.6652952416935343
results/comprehensive_analysis_20250829_222522/vit_base_patch16_224_svhn/analysis_results.json,vit_base_patch16_224,svhn,layer_10,10,0.0328878535907761,0.1,-1.299401682909632,3.040543803814605,-8.329987753441799,3.040543803814605,0.6711214640922389
results/comprehensive_analysis_20250829_222522/vit_base_patch16_224_svhn/analysis_results.json,vit_base_patch16_224,svhn,layer_11,11,0.03259296771746875,0.1,-0.723975880084083,3.0680523729673133,-8.246331288022839,3.0680523729673133,0.6740703228253124
results/comprehensive_analysis_20250829_222522/vit_base_patch16_224_svhn/analysis_results.json,vit_base_patch16_224,svhn,summary,-1,0.03127091383963039,0.1,,,,3.197757595292157,0.6872908616036961
results/comprehensive_analysis_20250829_222522/vit_base_patch16_224_svhn/analysis_results.json,vit_base_patch16_224,svhn,summary_final,999,0.03259296771746875,0.1,,,,3.0680523729673133,0.6740703228253124
results/comprehensive_analysis_20250829_222522/vit_base_patch16_224_cifar10/analysis_results.json,vit_base_patch16_224,cifar10,layer_0,0,0.030743036967072885,0.1,-1.7643987492615565,3.2526632760395398,21.2451768545198,3.2526632760395398,0.6925696303292712
results/comprehensive_analysis_20250829_222522/vit_base_patch16_224_cifar10/analysis_results.json,vit_base_patch16_224,cifar10,layer_1,1,0.03170349344445889,0.1,-2.548472112993686,3.154127038023292,21.877665156393647,3.154127038023292,0.6829650655554111
results/comprehensive_analysis_20250829_222522/vit_base_patch16_224_cifar10/analysis_results.json,vit_base_patch16_224,cifar10,layer_2,2,0.03287302440975981,0.1,0.2090019745960207,3.041915366173163,22.647835040869076,3.041915366173163,0.6712697559024019
results/comprehensive_analysis_20250829_222522/vit_base_patch16_224_cifar10/analysis_results.json,vit_base_patch16_224,cifar10,layer_3,3,0.03196701858283382,0.1,1.1323911972862277,3.1281263097644083,22.051204063357407,3.1281263097644083,0.6803298141716618
results/comprehensive_analysis_20250829_222522/vit_base_patch16_224_cifar10/analysis_results.json,vit_base_patch16_224,cifar10,layer_4,4,0.03252853573056312,0.1,-2.605769109433556,3.0741293336702933,22.420979306278294,3.0741293336702933,0.6747146426943689
results/comprehensive_analysis_20250829_222522/vit_base_patch16_224_cifar10/analysis_results.json,vit_base_patch16_224,cifar10,layer_5,5,0.03284052165360268,0.1,-2.7641927260884205,3.0449259037006313,22.626431038155708,3.0449259037006313,0.6715947834639732
results/comprehensive_analysis_20250829_222522/vit_base_patch16_224_cifar10/analysis_results.json,vit_base_patch16_224,cifar10,layer_6,6,0.03304842687507956,0.1,-3.0262387342399055,3.0257710785116076,22.763342625071655,3.0257710785116076,0.6695157312492044
results/comprehensive_analysis_20250829_222522/vit_base_patch16_224_cifar10/analysis_results.json,vit_base_patch16_224,cifar10,layer_7,7,0.032887803753857754,0.1,-2.9847807535192126,3.040548411198152,22.657567665377744,3.040548411198152,0.6711219624614224
results/comprehensive_analysis_20250829_222522/vit_base_patch16_224_cifar10/analysis_results.json,vit_base_patch16_224,cifar10,layer_8,8,0.03312419559945778,0.1,-2.7989413230661686,3.018850098552683,22.81323851618746,3.018850098552683,0.6687580440054223
results/comprehensive_analysis_20250829_222522/vit_base_patch16_224_cifar10/analysis_results.json,vit_base_patch16_224,cifar10,layer_9,9,0.03201811074307984,0.1,-2.2515122105597434,3.123134830395394,22.08484972501302,3.123134830395394,0.6798188925692016
results/comprehensive_analysis_20250829_222522/vit_base_patch16_224_cifar10/analysis_results.json,vit_base_patch16_224,cifar10,layer_10,10,0.03240078871910364,0.1,-1.5654710410664083,3.086249369345508,22.33685421341894,3.086249369345508,0.6759921128089637
results/comprehensive_analysis_20250829_222522/vit_base_patch16_224_cifar10/analysis_results.json,vit_base_patch16_224,cifar10,layer_11,11,0.033092543482468935,0.1,-0.9101252181308334,3.0217374592410837,22.79239468390943,3.0217374592410837,0.6690745651753107
results/comprehensive_analysis_20250829_222522/vit_base_patch16_224_cifar10/analysis_results.json,vit_base_patch16_224,cifar10,summary,-1,0.030743036967072885,0.1,,,,3.2526632760395398,0.6925696303292712
results/comprehensive_analysis_20250829_222522/vit_base_patch16_224_cifar10/analysis_results.json,vit_base_patch16_224,cifar10,summary_final,999,0.033092543482468935,0.1,,,,3.0217374592410837,0.6690745651753107
results/comprehensive_analysis_20250829_222522/convnext_tiny_cifar10/analysis_results.json,convnext_tiny,cifar10,layer_0,0,0.033826209194211525,0.1,-1.4148126744431246,2.9562001235712905,27.66994596823453,2.9562001235712905,0.6617379080578848
results/comprehensive_analysis_20250829_222522/convnext_tiny_cifar10/analysis_results.json,convnext_tiny,cifar10,layer_1,1,0.032777887486951665,0.1,0.8075054565810192,3.0507441730536806,26.84340690411935,3.0507441730536806,0.6722211251304834
results/comprehensive_analysis_20250829_222522/convnext_tiny_cifar10/analysis_results.json,convnext_tiny,cifar10,layer_2,2,0.03386766859448481,0.1,3.9698105889431097,2.9525813723980883,27.70263422954148,2.9525813723980883,0.6613233140551519
results/comprehensive_analysis_20250829_222522/convnext_tiny_cifar10/analysis_results.json,convnext_tiny,cifar10,layer_3,3,0.0334645310136437,0.1,-1.85210470433623,2.9881492081876897,27.384784320996687,2.9881492081876897,0.6653546898635629
results/comprehensive_analysis_20250829_222522/convnext_tiny_cifar10/analysis_results.json,convnext_tiny,cifar10,summary,-1,0.033826209194211525,0.1,,,,2.9562001235712905,0.6617379080578848
results/comprehensive_analysis_20250829_222522/convnext_tiny_cifar10/analysis_results.json,convnext_tiny,cifar10,summary_final,999,0.0334645310136437,0.1,,,,2.9881492081876897,0.6653546898635629
results/comprehensive_analysis_20250829_222522/resnet18_cifar100/analysis_results.json,resnet18,cifar100,layer_0,0,0.03542043219615077,0.1,-0.09149193595886095,2.8231495396978032,-3.1342826877555625,2.8231495396978032,0.6457956780384924
results/comprehensive_analysis_20250829_222522/resnet18_cifar100/analysis_results.json,resnet18,cifar100,layer_1,1,0.03418748031289672,0.1,-0.5293045501338595,2.9249618317277934,-2.9903722013576357,2.9249618317277934,0.6581251968710329
results/comprehensive_analysis_20250829_222522/resnet18_cifar100/analysis_results.json,resnet18,cifar100,layer_2,2,0.03270050951025375,0.1,-0.6947015924238287,3.0579628126537832,-2.816812556107658,3.0579628126537832,0.6729949048974625
results/comprehensive_analysis_20250829_222522/resnet18_cifar100/analysis_results.json,resnet18,cifar100,layer_3,3,0.03383387723255482,0.1,-2.651229218263337,2.955530156432288,-2.9490995515689797,2.955530156432288,0.6616612276744518
results/comprehensive_analysis_20250829_222522/resnet18_cifar100/analysis_results.json,resnet18,cifar100,summary,-1,0.03542043219615077,0.1,,,,2.8231495396978032,0.6457956780384924
results/comprehensive_analysis_20250829_222522/resnet18_cifar100/analysis_results.json,resnet18,cifar100,summary_final,999,0.03383387723255482,0.1,,,,2.955530156432288,0.6616612276744518
results/comprehensive_analysis_20250829_222522/convnext_tiny_cifar100/analysis_results.json,convnext_tiny,cifar100,layer_0,0,0.031540814718399965,0.1,-1.426722251100369,3.17039462988364,15.65981667756977,3.17039462988364,0.6845918528160004
results/comprehensive_analysis_20250829_222522/convnext_tiny_cifar100/analysis_results.json,convnext_tiny,cifar100,layer_1,1,0.03176481094269706,0.1,0.809810526358331,3.148038631231291,15.763927608564444,3.148038631231291,0.6823518905730295
results/comprehensive_analysis_20250829_222522/convnext_tiny_cifar100/analysis_results.json,convnext_tiny,cifar100,layer_2,2,0.03336048925290758,0.1,3.927419182987121,2.997468105872541,16.505580977791276,2.997468105872541,0.6663951074709242
results/comprehensive_analysis_20250829_222522/convnext_tiny_cifar100/analysis_results.json,convnext_tiny,cifar100,layer_3,3,0.033305597235370174,0.1,-1.8223975285589062,3.0024081803770786,16.480067784129513,3.0024081803770786,0.6669440276462983
results/comprehensive_analysis_20250829_222522/convnext_tiny_cifar100/analysis_results.json,convnext_tiny,cifar100,summary,-1,0.031540814718399965,0.1,,,,3.17039462988364,0.6845918528160004
results/comprehensive_analysis_20250829_222522/convnext_tiny_cifar100/analysis_results.json,convnext_tiny,cifar100,summary_final,999,0.033305597235370174,0.1,,,,3.0024081803770786,0.6669440276462983
results/comprehensive_analysis_20250829_222522/convnext_tiny_svhn/analysis_results.json,convnext_tiny,svhn,layer_0,0,0.03412866636106678,0.1,-1.452538163034896,2.9300022725705404,5.357670425250834,2.9300022725705404,0.6587133363893323
results/comprehensive_analysis_20250829_222522/convnext_tiny_svhn/analysis_results.json,convnext_tiny,svhn,layer_1,1,0.035013747049554796,0.1,0.9861981447590327,2.855939523380663,5.470680699352394,2.855939523380663,0.649862529504452
results/comprehensive_analysis_20250829_222522/convnext_tiny_svhn/analysis_results.json,convnext_tiny,svhn,layer_2,2,0.03291483430264304,0.1,3.4492645219531277,3.03805150677801,5.202683998114947,3.03805150677801,0.6708516569735696
results/comprehensive_analysis_20250829_222522/convnext_tiny_svhn/analysis_results.json,convnext_tiny,svhn,layer_3,3,0.033925489512856476,0.1,-1.5555804714810122,2.947549287765388,5.331728077162139,2.947549287765388,0.6607451048714352
results/comprehensive_analysis_20250829_222522/convnext_tiny_svhn/analysis_results.json,convnext_tiny,svhn,summary,-1,0.03412866636106678,0.1,,,,2.9300022725705404,0.6587133363893323
results/comprehensive_analysis_20250829_222522/convnext_tiny_svhn/analysis_results.json,convnext_tiny,svhn,summary_final,999,0.033925489512856476,0.1,,,,2.947549287765388,0.6607451048714352
results/comprehensive_analysis_20250829_222522/vit_base_patch16_224_cifar100/analysis_results.json,vit_base_patch16_224,cifar100,layer_0,0,0.03327986484932623,0.1,-1.944255779299628,3.00472960822184,107.84849198469442,3.00472960822184,0.6672013515067378
results/comprehensive_analysis_20250829_222522/vit_base_patch16_224_cifar100/analysis_results.json,vit_base_patch16_224,cifar100,layer_1,1,0.03296764849709022,0.1,-2.8523702384211385,3.0331846939017204,106.84608868286566,3.0331846939017204,0.6703235150290978
results/comprehensive_analysis_20250829_222522/vit_base_patch16_224_cifar100/analysis_results.json,vit_base_patch16_224,cifar100,layer_2,2,0.03458423854700456,0.1,0.20069910477234792,2.891406975958563,112.03632036718412,2.891406975958563,0.6541576145299544
results/comprehensive_analysis_20250829_222522/vit_base_patch16_224_cifar100/analysis_results.json,vit_base_patch16_224,cifar100,layer_3,3,0.03385000273959209,0.1,1.1886739860694728,2.954122238838146,109.67897940025483,2.954122238838146,0.6614999726040791
results/comprehensive_analysis_20250829_222522/vit_base_patch16_224_cifar100/analysis_results.json,vit_base_patch16_224,cifar100,layer_4,4,0.03309899434220646,0.1,-2.9792679460407587,3.021148552659661,107.26778827637855,3.021148552659661,0.6690100565779354
results/comprehensive_analysis_20250829_222522/vit_base_patch16_224_cifar100/analysis_results.json,vit_base_patch16_224,cifar100,layer_5,5,0.03314033685951799,0.1,-3.117663831341735,3.017379788385954,107.40052275861242,3.017379788385954,0.6685966314048202
results/comprehensive_analysis_20250829_222522/vit_base_patch16_224_cifar100/analysis_results.json,vit_base_patch16_224,cifar100,layer_6,6,0.0336085424131453,0.1,-3.269859565407558,2.9753454769109915,108.90374573053353,2.9753454769109915,0.663914575868547
results/comprehensive_analysis_20250829_222522/vit_base_patch16_224_cifar100/analysis_results.json,vit_base_patch16_224,cifar100,layer_7,7,0.033489113416868284,0.1,-3.1535323266166495,2.985955847782589,108.52030642844444,2.985955847782589,0.6651088658313171
results/comprehensive_analysis_20250829_222522/vit_base_patch16_224_cifar100/analysis_results.json,vit_base_patch16_224,cifar100,layer_8,8,0.033876938232221473,0.1,-2.9080649503488147,2.951773490893537,109.76545862068869,2.951773490893537,0.6612306176777853
results/comprehensive_analysis_20250829_222522/vit_base_patch16_224_cifar100/analysis_results.json,vit_base_patch16_224,cifar100,layer_9,9,0.034005846182434595,0.1,-2.342261803194722,2.9405843595003103,110.17933109725882,2.9405843595003103,0.6599415381756542
results/comprehensive_analysis_20250829_222522/vit_base_patch16_224_cifar100/analysis_results.json,vit_base_patch16_224,cifar100,layer_10,10,0.032817548857691704,0.1,-1.6582014512422578,3.0470573343636107,106.36417806845093,3.0470573343636107,0.671824511423083
results/comprehensive_analysis_20250829_222522/vit_base_patch16_224_cifar100/analysis_results.json,vit_base_patch16_224,cifar100,layer_11,11,0.03290099617292674,0.1,-0.9828871288589441,3.0393292697020176,106.63209441466816,3.0393292697020176,0.6709900382707327
results/comprehensive_analysis_20250829_222522/vit_base_patch16_224_cifar100/analysis_results.json,vit_base_patch16_224,cifar100,summary,-1,0.03327986484932623,0.1,,,,3.00472960822184,0.6672013515067378
results/comprehensive_analysis_20250829_222522/vit_base_patch16_224_cifar100/analysis_results.json,vit_base_patch16_224,cifar100,summary_final,999,0.03290099617292674,0.1,,,,3.0393292697020176,0.6709900382707327
results/comprehensive_analysis_20250829_222522/resnet18_cifar10/analysis_results.json,resnet18,cifar10,layer_0,0,0.03324726675233163,0.1,-0.07010975091966186,3.0076755803514845,68.27767402104509,3.0076755803514845,0.6675273324766837
results/comprehensive_analysis_20250829_222522/resnet18_cifar10/analysis_results.json,resnet18,cifar10,layer_1,1,0.03312464256838524,0.1,-0.44760266564854456,3.0188093647861476,68.02953723626523,3.0188093647861476,0.6687535743161477
results/comprehensive_analysis_20250829_222522/resnet18_cifar10/analysis_results.json,resnet18,cifar10,layer_2,2,0.03253307148652732,0.1,-0.6850075542567394,3.0737007521917747,66.83246059528923,3.0737007521917747,0.6746692851347268
results/comprehensive_analysis_20250829_222522/resnet18_cifar10/analysis_results.json,resnet18,cifar10,layer_3,3,0.0334154420471355,0.1,-2.6371683582966043,2.992538818433907,68.61798598552905,2.992538818433907,0.6658455795286451
results/comprehensive_analysis_20250829_222522/resnet18_cifar10/analysis_results.json,resnet18,cifar10,summary,-1,0.03324726675233163,0.1,,,,3.0076755803514845,0.6675273324766837
results/comprehensive_analysis_20250829_222522/resnet18_cifar10/analysis_results.json,resnet18,cifar10,summary_final,999,0.0334154420471355,0.1,,,,2.992538818433907,0.6658455795286451
results/comprehensive_analysis_20250829_222522/mixer_b16_224_cifar100/analysis_results.json,mixer_b16_224,cifar100,layer_0,0,0.0336470527130546,0.1,-2.146125827876288,2.971940184853625,5.281798899616624,2.971940184853625,0.6635294728694541
results/comprehensive_analysis_20250829_222522/mixer_b16_224_cifar100/analysis_results.json,mixer_b16_224,cifar100,layer_1,1,0.034394994548762034,0.1,-2.4298448366726992,2.9073152648118197,5.376979198361387,2.9073152648118197,0.6560500545123797
results/comprehensive_analysis_20250829_222522/mixer_b16_224_cifar100/analysis_results.json,mixer_b16_224,cifar100,layer_2,2,0.03306803151294773,0.1,-1.9707427957082047,3.023977281005232,5.20811481326839,3.023977281005232,0.6693196848705227
results/comprehensive_analysis_20250829_222522/mixer_b16_224_cifar100/analysis_results.json,mixer_b16_224,cifar100,layer_3,3,0.033366360859477175,0.1,-1.1053331135076874,2.9969406457147922,5.246079097349578,2.9969406457147922,0.6663363914052283
results/comprehensive_analysis_20250829_222522/mixer_b16_224_cifar100/analysis_results.json,mixer_b16_224,cifar100,layer_4,4,0.0336279036672689,0.1,-2.7964373721201476,2.9736324737023843,5.279362063205626,2.9736324737023843,0.663720963327311
results/comprehensive_analysis_20250829_222522/mixer_b16_224_cifar100/analysis_results.json,mixer_b16_224,cifar100,layer_5,5,0.03414714597651419,0.1,-3.3150936607214327,2.9284166721313722,5.345438910034421,2.9284166721313722,0.6585285402348581
results/comprehensive_analysis_20250829_222522/mixer_b16_224_cifar100/analysis_results.json,mixer_b16_224,cifar100,layer_6,6,0.03373180240817841,0.1,-3.1413233328816057,2.9644735349872775,5.2925838308977875,2.9644735349872775,0.6626819759182159
results/comprehensive_analysis_20250829_222522/mixer_b16_224_cifar100/analysis_results.json,mixer_b16_224,cifar100,layer_7,7,0.03370985426598385,0.1,-3.4044048651269208,2.966403616205764,5.289790791878924,2.966403616205764,0.6629014573401615
results/comprehensive_analysis_20250829_222522/mixer_b16_224_cifar100/analysis_results.json,mixer_b16_224,cifar100,layer_8,8,0.03412797075986456,0.1,-3.6426006303636065,2.9300619905479053,5.342998743216528,2.9300619905479053,0.6587202924013544
results/comprehensive_analysis_20250829_222522/mixer_b16_224_cifar100/analysis_results.json,mixer_b16_224,cifar100,layer_9,9,0.034358339376904634,0.1,-3.2932613913361397,2.910416841926162,5.372314597397292,2.910416841926162,0.6564166062309537
results/comprehensive_analysis_20250829_222522/mixer_b16_224_cifar100/analysis_results.json,mixer_b16_224,cifar100,layer_10,10,0.033977103749706535,0.1,-2.646573194682034,2.9430718305127224,5.323799968108584,2.9430718305127224,0.6602289625029347
results/comprehensive_analysis_20250829_222522/mixer_b16_224_cifar100/analysis_results.json,mixer_b16_224,cifar100,layer_11,11,0.03364736848961248,0.1,-2.4148010124054,2.971912294376793,5.28183908416799,2.971912294376793,0.6635263151038753
results/comprehensive_analysis_20250829_222522/mixer_b16_224_cifar100/analysis_results.json,mixer_b16_224,cifar100,summary,-1,0.0336470527130546,0.1,,,,2.971940184853625,0.6635294728694541
results/comprehensive_analysis_20250829_222522/mixer_b16_224_cifar100/analysis_results.json,mixer_b16_224,cifar100,summary_final,999,0.03364736848961248,0.1,,,,2.971912294376793,0.6635263151038753
results/comprehensive_analysis_20250829_221811/convnext_tiny_cifar10_analysis.json,convnext_tiny,cifar10,layer_0,0,0.03285841377572462,0.1,-1.4150525606932869,3.0432679256705573,-7.330537541073241,3.0432679256705573,0.6714158622427538
results/comprehensive_analysis_20250829_221811/convnext_tiny_cifar10_analysis.json,convnext_tiny,cifar10,layer_1,1,0.03323605140627679,0.1,0.8121231014238592,3.0086904755069543,-7.4262793647568,3.0086904755069543,0.6676394859372321
results/comprehensive_analysis_20250829_221811/convnext_tiny_cifar10_analysis.json,convnext_tiny,cifar10,layer_2,2,0.03323627233156676,0.1,3.9507228226331343,3.008670477000185,-7.42633537556835,3.008670477000185,0.6676372766843324
results/comprehensive_analysis_20250829_221811/convnext_tiny_cifar10_analysis.json,convnext_tiny,cifar10,layer_3,3,0.032541129477089786,0.1,-1.855325514453965,3.072939651057615,-7.250096994581515,3.072939651057615,0.6745887052291022
results/comprehensive_analysis_20250829_221811/convnext_tiny_cifar10_analysis.json,convnext_tiny,cifar10,summary,-1,0.03285841377572462,0.1,,,,3.0432679256705573,0.6714158622427538
results/comprehensive_analysis_20250829_221811/convnext_tiny_cifar10_analysis.json,convnext_tiny,cifar10,summary_final,999,0.032541129477089786,0.1,,,,3.072939651057615,0.6745887052291022
results/comprehensive_analysis_20250829_221811/vit_base_patch16_224_cifar10_analysis.json,vit_base_patch16_224,cifar10,layer_0,0,0.03250238413387497,0.1,-1.7709917801015886,3.0766027189082807,17.015498107375677,3.0766027189082807,0.6749761586612504
results/comprehensive_analysis_20250829_221811/vit_base_patch16_224_cifar10_analysis.json,vit_base_patch16_224,cifar10,layer_1,1,0.031311753004185906,0.1,-2.5591946323759798,3.1935869703514075,16.42881651117105,3.1935869703514075,0.686882469958141
results/comprehensive_analysis_20250829_221811/vit_base_patch16_224_cifar10_analysis.json,vit_base_patch16_224,cifar10,layer_2,2,0.034166163232073554,0.1,0.22037668352703543,2.9267867314816334,17.835322612819237,2.9267867314816334,0.6583383676792645
results/comprehensive_analysis_20250829_221811/vit_base_patch16_224_cifar10_analysis.json,vit_base_patch16_224,cifar10,layer_3,3,0.034066709496436996,0.1,1.1400578065843918,2.9353308889304284,17.78631694270291,2.9353308889304284,0.65933290503563
results/comprehensive_analysis_20250829_221811/vit_base_patch16_224_cifar10_analysis.json,vit_base_patch16_224,cifar10,layer_4,4,0.03147691754499181,0.1,-2.614924053322046,3.17683022890789,16.510201076062877,3.17683022890789,0.685230824550082
results/comprehensive_analysis_20250829_221811/vit_base_patch16_224_cifar10_analysis.json,vit_base_patch16_224,cifar10,layer_5,5,0.03183299751297775,0.1,-2.7731565917334313,3.1412957156647714,16.68565891416681,3.1412957156647714,0.6816700248702225
results/comprehensive_analysis_20250829_221811/vit_base_patch16_224_cifar10_analysis.json,vit_base_patch16_224,cifar10,layer_6,6,0.03267447209951372,0.1,-3.0346501655017715,3.060399546652249,17.100294178846543,3.060399546652249,0.6732552790048628
results/comprehensive_analysis_20250829_221811/vit_base_patch16_224_cifar10_analysis.json,vit_base_patch16_224,cifar10,layer_7,7,0.033115958723351636,0.1,-2.986186501978541,3.019600949331358,17.317836010835986,3.019600949331358,0.6688404127664836
results/comprehensive_analysis_20250829_221811/vit_base_patch16_224_cifar10_analysis.json,vit_base_patch16_224,cifar10,layer_8,8,0.03320044215272982,0.1,-2.795662423564336,3.011917360095095,17.359465086344347,3.011917360095095,0.6679955784727019
results/comprehensive_analysis_20250829_221811/vit_base_patch16_224_cifar10_analysis.json,vit_base_patch16_224,cifar10,layer_9,9,0.03303307561854448,0.1,-2.2483278500976382,3.0271771837884445,17.276995492715688,3.0271771837884445,0.6696692438145553
results/comprehensive_analysis_20250829_221811/vit_base_patch16_224_cifar10_analysis.json,vit_base_patch16_224,cifar10,layer_10,10,0.032972780695809,0.1,-1.5674893257704605,3.032712594364713,17.247285265398915,3.032712594364713,0.67027219304191
results/comprehensive_analysis_20250829_221811/vit_base_patch16_224_cifar10_analysis.json,vit_base_patch16_224,cifar10,layer_11,11,0.032821936625565915,0.1,-0.9132345031721409,3.0466500039521023,17.172957089609216,3.0466500039521023,0.6717806337443408
results/comprehensive_analysis_20250829_221811/vit_base_patch16_224_cifar10_analysis.json,vit_base_patch16_224,cifar10,summary,-1,0.03250238413387497,0.1,,,,3.0766027189082807,0.6749761586612504
results/comprehensive_analysis_20250829_221811/vit_base_patch16_224_cifar10_analysis.json,vit_base_patch16_224,cifar10,summary_final,999,0.032821936625565915,0.1,,,,3.0466500039521023,0.6717806337443408
results/comprehensive_analysis_20250829_221811/resnet18_cifar10_analysis.json,resnet18,cifar10,layer_0,0,0.034364948282770445,0.1,-0.07230040004973907,2.9098571404804083,-64.60256509331614,2.9098571404804083,0.6563505171722956
results/comprehensive_analysis_20250829_221811/resnet18_cifar10_analysis.json,resnet18,cifar10,layer_1,1,0.03335984782211772,0.1,-0.45748327154935636,2.9975257383507374,-62.68383185813908,2.9975257383507374,0.6664015217788228
results/comprehensive_analysis_20250829_221811/resnet18_cifar10_analysis.json,resnet18,cifar10,layer_2,2,0.033671756818229016,0.1,-0.6853587973745371,2.9697598132465415,-63.27926503185468,2.9697598132465415,0.6632824318177098
results/comprehensive_analysis_20250829_221811/resnet18_cifar10_analysis.json,resnet18,cifar10,layer_3,3,0.0335238756649318,0.1,-2.6401265747229825,2.982859683044359,-62.9969604316723,2.982859683044359,0.664761243350682
results/comprehensive_analysis_20250829_221811/resnet18_cifar10_analysis.json,resnet18,cifar10,summary,-1,0.034364948282770445,0.1,,,,2.9098571404804083,0.6563505171722956
results/comprehensive_analysis_20250829_221811/resnet18_cifar10_analysis.json,resnet18,cifar10,summary_final,999,0.0335238756649318,0.1,,,,2.982859683044359,0.664761243350682
results/comprehensive_analysis_20250829_221811/vit_base_patch16_224_cifar10/analysis_results.json,vit_base_patch16_224,cifar10,layer_0,0,0.03250238413387497,0.1,-1.7709917801015886,3.0766027189082807,17.015498107375677,3.0766027189082807,0.6749761586612504
results/comprehensive_analysis_20250829_221811/vit_base_patch16_224_cifar10/analysis_results.json,vit_base_patch16_224,cifar10,layer_1,1,0.031311753004185906,0.1,-2.5591946323759798,3.1935869703514075,16.42881651117105,3.1935869703514075,0.686882469958141
results/comprehensive_analysis_20250829_221811/vit_base_patch16_224_cifar10/analysis_results.json,vit_base_patch16_224,cifar10,layer_2,2,0.034166163232073554,0.1,0.22037668352703543,2.9267867314816334,17.835322612819237,2.9267867314816334,0.6583383676792645
results/comprehensive_analysis_20250829_221811/vit_base_patch16_224_cifar10/analysis_results.json,vit_base_patch16_224,cifar10,layer_3,3,0.034066709496436996,0.1,1.1400578065843918,2.9353308889304284,17.78631694270291,2.9353308889304284,0.65933290503563
results/comprehensive_analysis_20250829_221811/vit_base_patch16_224_cifar10/analysis_results.json,vit_base_patch16_224,cifar10,layer_4,4,0.03147691754499181,0.1,-2.614924053322046,3.17683022890789,16.510201076062877,3.17683022890789,0.685230824550082
results/comprehensive_analysis_20250829_221811/vit_base_patch16_224_cifar10/analysis_results.json,vit_base_patch16_224,cifar10,layer_5,5,0.03183299751297775,0.1,-2.7731565917334313,3.1412957156647714,16.68565891416681,3.1412957156647714,0.6816700248702225
results/comprehensive_analysis_20250829_221811/vit_base_patch16_224_cifar10/analysis_results.json,vit_base_patch16_224,cifar10,layer_6,6,0.03267447209951372,0.1,-3.0346501655017715,3.060399546652249,17.100294178846543,3.060399546652249,0.6732552790048628
results/comprehensive_analysis_20250829_221811/vit_base_patch16_224_cifar10/analysis_results.json,vit_base_patch16_224,cifar10,layer_7,7,0.033115958723351636,0.1,-2.986186501978541,3.019600949331358,17.317836010835986,3.019600949331358,0.6688404127664836
results/comprehensive_analysis_20250829_221811/vit_base_patch16_224_cifar10/analysis_results.json,vit_base_patch16_224,cifar10,layer_8,8,0.03320044215272982,0.1,-2.795662423564336,3.011917360095095,17.359465086344347,3.011917360095095,0.6679955784727019
results/comprehensive_analysis_20250829_221811/vit_base_patch16_224_cifar10/analysis_results.json,vit_base_patch16_224,cifar10,layer_9,9,0.03303307561854448,0.1,-2.2483278500976382,3.0271771837884445,17.276995492715688,3.0271771837884445,0.6696692438145553
results/comprehensive_analysis_20250829_221811/vit_base_patch16_224_cifar10/analysis_results.json,vit_base_patch16_224,cifar10,layer_10,10,0.032972780695809,0.1,-1.5674893257704605,3.032712594364713,17.247285265398915,3.032712594364713,0.67027219304191
results/comprehensive_analysis_20250829_221811/vit_base_patch16_224_cifar10/analysis_results.json,vit_base_patch16_224,cifar10,layer_11,11,0.032821936625565915,0.1,-0.9132345031721409,3.0466500039521023,17.172957089609216,3.0466500039521023,0.6717806337443408
results/comprehensive_analysis_20250829_221811/vit_base_patch16_224_cifar10/analysis_results.json,vit_base_patch16_224,cifar10,summary,-1,0.03250238413387497,0.1,,,,3.0766027189082807,0.6749761586612504
results/comprehensive_analysis_20250829_221811/vit_base_patch16_224_cifar10/analysis_results.json,vit_base_patch16_224,cifar10,summary_final,999,0.032821936625565915,0.1,,,,3.0466500039521023,0.6717806337443408
results/comprehensive_analysis_20250829_221811/convnext_tiny_cifar10/analysis_results.json,convnext_tiny,cifar10,layer_0,0,0.03285841377572462,0.1,-1.4150525606932869,3.0432679256705573,-7.330537541073241,3.0432679256705573,0.6714158622427538
results/comprehensive_analysis_20250829_221811/convnext_tiny_cifar10/analysis_results.json,convnext_tiny,cifar10,layer_1,1,0.03323605140627679,0.1,0.8121231014238592,3.0086904755069543,-7.4262793647568,3.0086904755069543,0.6676394859372321
results/comprehensive_analysis_20250829_221811/convnext_tiny_cifar10/analysis_results.json,convnext_tiny,cifar10,layer_2,2,0.03323627233156676,0.1,3.9507228226331343,3.008670477000185,-7.42633537556835,3.008670477000185,0.6676372766843324
results/comprehensive_analysis_20250829_221811/convnext_tiny_cifar10/analysis_results.json,convnext_tiny,cifar10,layer_3,3,0.032541129477089786,0.1,-1.855325514453965,3.072939651057615,-7.250096994581515,3.072939651057615,0.6745887052291022
results/comprehensive_analysis_20250829_221811/convnext_tiny_cifar10/analysis_results.json,convnext_tiny,cifar10,summary,-1,0.03285841377572462,0.1,,,,3.0432679256705573,0.6714158622427538
results/comprehensive_analysis_20250829_221811/convnext_tiny_cifar10/analysis_results.json,convnext_tiny,cifar10,summary_final,999,0.032541129477089786,0.1,,,,3.072939651057615,0.6745887052291022
results/comprehensive_analysis_20250829_221811/resnet18_cifar10/analysis_results.json,resnet18,cifar10,layer_0,0,0.034364948282770445,0.1,-0.07230040004973907,2.9098571404804083,-64.60256509331614,2.9098571404804083,0.6563505171722956
results/comprehensive_analysis_20250829_221811/resnet18_cifar10/analysis_results.json,resnet18,cifar10,layer_1,1,0.03335984782211772,0.1,-0.45748327154935636,2.9975257383507374,-62.68383185813908,2.9975257383507374,0.6664015217788228
results/comprehensive_analysis_20250829_221811/resnet18_cifar10/analysis_results.json,resnet18,cifar10,layer_2,2,0.033671756818229016,0.1,-0.6853587973745371,2.9697598132465415,-63.27926503185468,2.9697598132465415,0.6632824318177098
results/comprehensive_analysis_20250829_221811/resnet18_cifar10/analysis_results.json,resnet18,cifar10,layer_3,3,0.0335238756649318,0.1,-2.6401265747229825,2.982859683044359,-62.9969604316723,2.982859683044359,0.664761243350682
results/comprehensive_analysis_20250829_221811/resnet18_cifar10/analysis_results.json,resnet18,cifar10,summary,-1,0.034364948282770445,0.1,,,,2.9098571404804083,0.6563505171722956
results/comprehensive_analysis_20250829_221811/resnet18_cifar10/analysis_results.json,resnet18,cifar10,summary_final,999,0.0335238756649318,0.1,,,,2.982859683044359,0.664761243350682
test_output/resnet18_cifar10_analysis.json,resnet18,cifar10,layer_0,0,0.037096363652545754,0.1,-5.2872485932851045,2.6956093413160276,4.767825307965767,2.6956093413160276,0.6290363634745425
test_output/resnet18_cifar10_analysis.json,resnet18,cifar10,layer_2,2,0.03595079831448816,0.1,-5.438579273202009,2.7815020301696887,4.651471853134202,2.7815020301696887,0.6404920168551185
test_output/resnet18_cifar10_analysis.json,resnet18,cifar10,summary,-1,0.037096363652545754,0.1,,,,2.6956093413160276,0.6290363634745425
./test_output/resnet18_cifar10_analysis.json,resnet18,cifar10,layer_0,0,0.037096363652545754,0.1,-5.2872485932851045,2.6956093413160276,4.767825307965767,2.6956093413160276,0.6290363634745425
./test_output/resnet18_cifar10_analysis.json,resnet18,cifar10,layer_2,2,0.03595079831448816,0.1,-5.438579273202009,2.7815020301696887,4.651471853134202,2.7815020301696887,0.6404920168551185
./test_output/resnet18_cifar10_analysis.json,resnet18,cifar10,summary,-1,0.037096363652545754,0.1,,,,2.6956093413160276,0.6290363634745425
./results/cmdline_test/convnext_tiny_cifar10_analysis.json,convnext_tiny,cifar10,layer_0,0,0.033029676738138,0.1,-1.4159119864042662,3.0275803421513396,-10.0,3.0274886824991274,0.66970323261862
./results/cmdline_test/convnext_tiny_cifar10_analysis.json,convnext_tiny,cifar10,layer_1,1,0.03197582945959996,0.1,0.8092533318103072,3.1273621885663845,-10.0,3.127264387682388,0.6802417054040004
./results/cmdline_test/convnext_tiny_cifar10_analysis.json,convnext_tiny,cifar10,layer_2,2,0.03343416645181094,0.1,3.975649941822959,2.990952388304078,-10.0,2.990862933017752,0.6656583354818906
./results/cmdline_test/convnext_tiny_cifar10_analysis.json,convnext_tiny,cifar10,layer_3,3,0.033307469967088346,0.1,-1.8503485727203868,3.0023295104314927,-10.0,3.002239373312814,0.6669253003291166
./results/cmdline_test/convnext_tiny_cifar10_analysis.json,convnext_tiny,cifar10,summary,-1,0.033029676738138,0.1,,,,3.0274886824991274,0.66970323261862
./results/cmdline_test/convnext_tiny_cifar10_analysis.json,convnext_tiny,cifar10,summary_final,999,0.033307469967088346,0.1,,,,3.002239373312814,0.6669253003291166
./results/cmdline_test/mixer_b16_224_cifar10_analysis.json,mixer_b16_224,cifar10,layer_0,0,0.03265442800847902,0.1,-2.104006559406132,3.0623718159765065,-10.0,3.062278037636955,0.6734557199152098
./results/cmdline_test/mixer_b16_224_cifar10_analysis.json,mixer_b16_224,cifar10,layer_1,1,0.03164999813368898,0.1,-2.4257790519447036,3.1595578482375237,-10.0,3.1594580233335856,0.6835000186631102
./results/cmdline_test/mixer_b16_224_cifar10_analysis.json,mixer_b16_224,cifar10,layer_2,2,0.03312824108816705,0.1,-1.9251070809529742,3.018572574796874,-10.0,3.0184814597433545,0.6687175891183295
./results/cmdline_test/mixer_b16_224_cifar10_analysis.json,mixer_b16_224,cifar10,layer_3,3,0.03307668731446808,0.1,-1.134430504062733,3.0232773629739818,-10.0,3.0231859636771015,0.6692331268553193
./results/cmdline_test/mixer_b16_224_cifar10_analysis.json,mixer_b16_224,cifar10,layer_4,4,0.03135620272270245,0.1,-2.7901660248836757,3.189161675102904,-10.0,3.189059970824519,0.6864379727729755
./results/cmdline_test/mixer_b16_224_cifar10_analysis.json,mixer_b16_224,cifar10,layer_5,5,0.031348146973857856,0.1,-3.2099868414746466,3.1899812159038605,-10.0,3.189879459348297,0.6865185302614214
./results/cmdline_test/mixer_b16_224_cifar10_analysis.json,mixer_b16_224,cifar10,layer_6,6,0.03244531313205687,0.1,-3.0942767762425447,3.0821092585232974,-10.0,3.0820142674762105,0.6755468686794313
./results/cmdline_test/mixer_b16_224_cifar10_analysis.json,mixer_b16_224,cifar10,layer_7,7,0.031976360624481164,0.1,-3.3635048506195475,3.127310239409791,-10.0,3.1272124417748914,0.6802363937551884
./results/cmdline_test/mixer_b16_224_cifar10_analysis.json,mixer_b16_224,cifar10,layer_8,8,0.03197574219527392,0.1,-3.652103356445042,3.1273707233848107,-10.0,3.1272729219670086,0.6802425780472608
./results/cmdline_test/mixer_b16_224_cifar10_analysis.json,mixer_b16_224,cifar10,layer_9,9,0.031929435033932044,0.1,-3.2898163830211065,3.1319063395180033,-10.0,3.131808254216748,0.6807056496606796
./results/cmdline_test/mixer_b16_224_cifar10_analysis.json,mixer_b16_224,cifar10,layer_10,10,0.03226885736428792,0.1,-2.6122167382451074,3.09896315419803,-10.0,3.0988671214477383,0.6773114263571208
./results/cmdline_test/mixer_b16_224_cifar10_analysis.json,mixer_b16_224,cifar10,layer_11,11,0.032823173497655,0.1,-2.379363024926945,3.046628017462856,-10.0,3.0465352008678646,0.67176826502345
./results/cmdline_test/mixer_b16_224_cifar10_analysis.json,mixer_b16_224,cifar10,summary,-1,0.03265442800847902,0.1,,,,3.062278037636955,0.6734557199152098
./results/cmdline_test/mixer_b16_224_cifar10_analysis.json,mixer_b16_224,cifar10,summary_final,999,0.032823173497655,0.1,,,,3.0465352008678646,0.67176826502345
./results/cmdline_test/vit_base_patch16_224_cifar10_analysis.json,vit_base_patch16_224,cifar10,layer_0,0,0.03437710434516991,0.1,-1.7597896638741544,2.9089128332604988,-10.0,2.908828217983168,0.6562289565483008
./results/cmdline_test/vit_base_patch16_224_cifar10_analysis.json,vit_base_patch16_224,cifar10,layer_1,1,0.03438281352001527,0.1,-2.543649238747757,2.908429816012206,-10.0,2.908345228832418,0.6561718647998473
./results/cmdline_test/vit_base_patch16_224_cifar10_analysis.json,vit_base_patch16_224,cifar10,layer_2,2,0.03371896061092248,0.1,0.22534310620847509,2.9656904657852152,-10.0,2.9656025151941687,0.6628103938907752
./results/cmdline_test/vit_base_patch16_224_cifar10_analysis.json,vit_base_patch16_224,cifar10,layer_3,3,0.034094295616122705,0.1,1.1432905311004142,2.9330419705961437,-10.0,2.9329559457672754,0.659057043838773
./results/cmdline_test/vit_base_patch16_224_cifar10_analysis.json,vit_base_patch16_224,cifar10,layer_4,4,0.03485907794228878,0.1,-2.6040124908561344,2.868693204265351,-10.0,2.8686109126190438,0.6514092205771123
./results/cmdline_test/vit_base_patch16_224_cifar10_analysis.json,vit_base_patch16_224,cifar10,layer_5,5,0.0344712217901556,0.1,-2.762412847149579,2.900970572170387,-10.0,2.90088641830906,0.6552877820984441
./results/cmdline_test/vit_base_patch16_224_cifar10_analysis.json,vit_base_patch16_224,cifar10,layer_6,6,0.033805602500162193,0.1,-3.0281758545833544,2.958089565169567,-10.0,2.95800206481915,0.6619439749983781
./results/cmdline_test/vit_base_patch16_224_cifar10_analysis.json,vit_base_patch16_224,cifar10,layer_7,7,0.033653196758705144,0.1,-2.981577387093059,2.97148591015006,-10.0,2.971397615488581,0.6634680324129486
./results/cmdline_test/vit_base_patch16_224_cifar10_analysis.json,vit_base_patch16_224,cifar10,layer_8,8,0.033966586312802916,0.1,-2.7925923360807463,2.9440697713654944,-10.0,2.9439830984490185,0.6603341368719708
./results/cmdline_test/vit_base_patch16_224_cifar10_analysis.json,vit_base_patch16_224,cifar10,layer_9,9,0.03378745465102917,0.1,-2.248008214391396,2.95967840823884,-10.0,2.95959081386855,0.6621254534897083
./results/cmdline_test/vit_base_patch16_224_cifar10_analysis.json,vit_base_patch16_224,cifar10,layer_10,10,0.032967658725791237,0.1,-1.5625349740907952,3.0332757576675613,-10.0,3.033183752840101,0.6703234127420876
./results/cmdline_test/vit_base_patch16_224_cifar10_analysis.json,vit_base_patch16_224,cifar10,layer_11,11,0.03326697393646549,0.1,-0.9139568247648702,3.0059842590727897,-10.0,3.00589390237524,0.6673302606353452
./results/cmdline_test/vit_base_patch16_224_cifar10_analysis.json,vit_base_patch16_224,cifar10,summary,-1,0.03437710434516991,0.1,,,,2.908828217983168,0.6562289565483008
./results/cmdline_test/vit_base_patch16_224_cifar10_analysis.json,vit_base_patch16_224,cifar10,summary_final,999,0.03326697393646549,0.1,,,,3.00589390237524,0.6673302606353452
./results/cmdline_test/resnet18_cifar10_analysis.json,resnet18,cifar10,layer_0,0,0.032427365179664616,0.1,-0.07093093001574181,3.0838151495179313,-10.0,3.0837200532917595,0.6757263482033539
./results/cmdline_test/resnet18_cifar10_analysis.json,resnet18,cifar10,layer_1,1,0.032085618756236785,0.1,-0.44858577519636345,3.116661104768692,-10.0,3.1165639720315705,0.6791438124376321
./results/cmdline_test/resnet18_cifar10_analysis.json,resnet18,cifar10,layer_2,2,0.031686735738747675,0.1,-0.6837178831334513,3.1558946565050063,-10.0,3.155795062937245,0.6831326426125233
./results/cmdline_test/resnet18_cifar10_analysis.json,resnet18,cifar10,layer_3,3,0.03216908007188783,0.1,-2.6563752650514187,3.108575059545728,-10.0,3.1084784301605164,0.6783091992811217
./results/cmdline_test/resnet18_cifar10_analysis.json,resnet18,cifar10,summary,-1,0.032427365179664616,0.1,,,,3.0837200532917595,0.6757263482033539
./results/cmdline_test/resnet18_cifar10_analysis.json,resnet18,cifar10,summary_final,999,0.03216908007188783,0.1,,,,3.1084784301605164,0.6783091992811217
./results/comprehensive_analysis_20250829_220147/convnext_tiny_cifar100_analysis.json,convnext_tiny,cifar100,layer_0,0,0.033246428832349406,0.1,-1.4248504868144,3.0077513814452033,41.82156341405248,3.0077513814452033,0.6675357116765059
./results/comprehensive_analysis_20250829_220147/convnext_tiny_cifar100_analysis.json,convnext_tiny,cifar100,layer_1,1,0.032956379443939046,0.1,0.7881099018460953,3.0342218248905795,41.46542683283026,3.0342218248905795,0.6704362055606096
./results/comprehensive_analysis_20250829_220147/convnext_tiny_cifar100_analysis.json,convnext_tiny,cifar100,layer_2,2,0.03331829700966421,0.1,3.889277824257059,3.0012638013039457,41.90980661672855,3.0012638013039457,0.6668170299033579
./results/comprehensive_analysis_20250829_220147/convnext_tiny_cifar100_analysis.json,convnext_tiny,cifar100,layer_3,3,0.03262524385557184,0.1,-1.842364381035793,3.0650172432559137,41.05884264036419,3.0650172432559137,0.6737475614442816
./results/comprehensive_analysis_20250829_220147/convnext_tiny_cifar100_analysis.json,convnext_tiny,cifar100,summary,-1,0.033246428832349406,0.1,,,,3.0077513814452033,0.6675357116765059
./results/comprehensive_analysis_20250829_220147/convnext_tiny_cifar100_analysis.json,convnext_tiny,cifar100,summary_final,999,0.03262524385557184,0.1,,,,3.0650172432559137,0.6737475614442816
./results/comprehensive_analysis_20250829_220147/resnet18_cifar100_analysis.json,resnet18,cifar100,layer_0,0,0.03445705637720801,0.1,-0.09011473311076497,2.9020789479624907,3.6017154653655066,2.9020789479624907,0.6554294362279199
./results/comprehensive_analysis_20250829_220147/resnet18_cifar100_analysis.json,resnet18,cifar100,layer_1,1,0.033212899757572766,0.1,-0.5238230542882699,3.0107876741333275,3.507774140743738,3.0107876741333275,0.6678710024242724
./results/comprehensive_analysis_20250829_220147/resnet18_cifar100_analysis.json,resnet18,cifar100,layer_2,2,0.03238329212434966,0.1,-0.6953867947101269,3.087916809051086,3.445133763518435,3.087916809051086,0.6761670787565035
./results/comprehensive_analysis_20250829_220147/resnet18_cifar100_analysis.json,resnet18,cifar100,layer_3,3,0.033004688842109636,0.1,-2.6376693631431625,3.0297807289638214,3.492052961520296,3.0297807289638214,0.6699531115789037
./results/comprehensive_analysis_20250829_220147/resnet18_cifar100_analysis.json,resnet18,cifar100,summary,-1,0.03445705637720801,0.1,,,,2.9020789479624907,0.6554294362279199
./results/comprehensive_analysis_20250829_220147/resnet18_cifar100_analysis.json,resnet18,cifar100,summary_final,999,0.033004688842109636,0.1,,,,3.0297807289638214,0.6699531115789037
./results/comprehensive_analysis_20250829_220147/convnext_tiny_svhn_analysis.json,convnext_tiny,svhn,layer_0,0,0.034768479668432994,0.1,-1.4530652464946283,2.8760856059283917,21.734154015101815,2.8760856059283917,0.6523152033156701
./results/comprehensive_analysis_20250829_220147/convnext_tiny_svhn_analysis.json,convnext_tiny,svhn,layer_1,1,0.03410240543286145,0.1,0.98556513111289,2.9322584865276164,21.336941197126045,2.9322584865276164,0.6589759456713855
./results/comprehensive_analysis_20250829_220147/convnext_tiny_svhn_analysis.json,convnext_tiny,svhn,layer_2,2,0.03471301893268998,0.1,3.4605067003393426,2.880680574435898,21.70108005133772,2.880680574435898,0.6528698106731002
./results/comprehensive_analysis_20250829_220147/convnext_tiny_svhn_analysis.json,convnext_tiny,svhn,layer_3,3,0.03350262742690209,0.1,-1.5589477178976308,2.9847514338015815,20.979264080696854,2.9847514338015815,0.6649737257309791
./results/comprehensive_analysis_20250829_220147/convnext_tiny_svhn_analysis.json,convnext_tiny,svhn,summary,-1,0.034768479668432994,0.1,,,,2.8760856059283917,0.6523152033156701
./results/comprehensive_analysis_20250829_220147/convnext_tiny_svhn_analysis.json,convnext_tiny,svhn,summary_final,999,0.03350262742690209,0.1,,,,2.9847514338015815,0.6649737257309791
./results/comprehensive_analysis_20250829_220147/resnet18_svhn_analysis.json,resnet18,svhn,layer_0,0,0.033566720873983026,0.1,-0.10109930710063834,2.979052416915976,41.20454986088438,2.979052416915976,0.6643327912601698
./results/comprehensive_analysis_20250829_220147/resnet18_svhn_analysis.json,resnet18,svhn,layer_1,1,0.03325993819466758,0.1,-0.6081833056736342,3.006529744131874,40.837100815941966,3.006529744131874,0.6674006180533242
./results/comprehensive_analysis_20250829_220147/resnet18_svhn_analysis.json,resnet18,svhn,layer_2,2,0.03345670917055608,0.1,-0.7252406420693179,2.9888477866262106,41.07278331054678,2.9888477866262106,0.6654329082944392
./results/comprehensive_analysis_20250829_220147/resnet18_svhn_analysis.json,resnet18,svhn,layer_3,3,0.03427237840069846,0.1,-2.72227023529336,2.9177164512606697,42.04975137234713,2.9177164512606697,0.6572762159930154
./results/comprehensive_analysis_20250829_220147/resnet18_svhn_analysis.json,resnet18,svhn,summary,-1,0.033566720873983026,0.1,,,,2.979052416915976,0.6643327912601698
./results/comprehensive_analysis_20250829_220147/resnet18_svhn_analysis.json,resnet18,svhn,summary_final,999,0.03427237840069846,0.1,,,,2.9177164512606697,0.6572762159930154
./results/comprehensive_analysis_20250829_220147/convnext_tiny_cifar10_analysis.json,convnext_tiny,cifar10,layer_0,0,0.03248735102454114,0.1,-1.4162572779426235,3.0780263339454113,-11.60823124185149,3.0780263339454113,0.6751264897545887
./results/comprehensive_analysis_20250829_220147/convnext_tiny_cifar10_analysis.json,convnext_tiny,cifar10,layer_1,1,0.03360027532940863,0.1,0.8011860618721482,2.9760775155006582,-12.040153406876465,2.9760775155006582,0.6639972467059136
./results/comprehensive_analysis_20250829_220147/convnext_tiny_cifar10_analysis.json,convnext_tiny,cifar10,layer_2,2,0.03387050099736703,0.1,3.9370107957050138,2.9523344716188817,-12.145027076217174,2.9523344716188817,0.6612949900263297
./results/comprehensive_analysis_20250829_220147/convnext_tiny_cifar10_analysis.json,convnext_tiny,cifar10,layer_3,3,0.034065521908320136,0.1,-1.855374486866468,2.9354332170780486,-12.220714033286585,2.9354332170780486,0.6593447809167987
./results/comprehensive_analysis_20250829_220147/convnext_tiny_cifar10_analysis.json,convnext_tiny,cifar10,summary,-1,0.03248735102454114,0.1,,,,3.0780263339454113,0.6751264897545887
./results/comprehensive_analysis_20250829_220147/convnext_tiny_cifar10_analysis.json,convnext_tiny,cifar10,summary_final,999,0.034065521908320136,0.1,,,,2.9354332170780486,0.6593447809167987
./results/comprehensive_analysis_20250829_220147/resnet18_cifar10_analysis.json,resnet18,cifar10,layer_0,0,0.034318653178345995,0.1,-0.07100598841986723,2.9137823590564444,-11.346210665458369,2.9137823590564444,0.6568134682165401
./results/comprehensive_analysis_20250829_220147/resnet18_cifar10_analysis.json,resnet18,cifar10,layer_1,1,0.03360760233080198,0.1,-0.448665496356974,2.9754287017270844,-11.090408565299898,2.9754287017270844,0.6639239766919802
./results/comprehensive_analysis_20250829_220147/resnet18_cifar10_analysis.json,resnet18,cifar10,layer_2,2,0.03423201789742727,0.1,-0.6845807884334376,2.9211564197942175,-11.315043433349194,2.9211564197942175,0.6576798210257273
./results/comprehensive_analysis_20250829_220147/resnet18_cifar10_analysis.json,resnet18,cifar10,layer_3,3,0.03339315817419526,0.1,-2.656652091087628,2.9945357352135087,-11.0132618101611,2.9945357352135087,0.6660684182580474
./results/comprehensive_analysis_20250829_220147/resnet18_cifar10_analysis.json,resnet18,cifar10,summary,-1,0.034318653178345995,0.1,,,,2.9137823590564444,0.6568134682165401
./results/comprehensive_analysis_20250829_220147/resnet18_cifar10_analysis.json,resnet18,cifar10,summary_final,999,0.03339315817419526,0.1,,,,2.9945357352135087,0.6660684182580474
./results/comprehensive_analysis_20250829_221807/convnext_tiny_cifar100_analysis.json,convnext_tiny,cifar100,layer_0,0,0.03222081829006242,0.1,-1.4267830753832154,3.10348718063627,12.597687321049666,3.10348718063627,0.6777918170993759
./results/comprehensive_analysis_20250829_221807/convnext_tiny_cifar100_analysis.json,convnext_tiny,cifar100,layer_1,1,0.0323275899181566,0.1,0.7919212541852337,3.093237294084309,12.636119118350656,3.093237294084309,0.6767241008184339
./results/comprehensive_analysis_20250829_221807/convnext_tiny_cifar100_analysis.json,convnext_tiny,cifar100,layer_2,2,0.033876083943657355,0.1,3.9166322139579073,2.9518479266490267,13.193490112612778,2.9518479266490267,0.6612391605634265
./results/comprehensive_analysis_20250829_221807/convnext_tiny_cifar100_analysis.json,convnext_tiny,cifar100,layer_3,3,0.033586006520686044,0.1,-1.8196165652601144,2.9773418461216714,13.089078510764828,2.9773418461216714,0.6641399347931396
./results/comprehensive_analysis_20250829_221807/convnext_tiny_cifar100_analysis.json,convnext_tiny,cifar100,summary,-1,0.03222081829006242,0.1,,,,3.10348718063627,0.6777918170993759
./results/comprehensive_analysis_20250829_221807/convnext_tiny_cifar100_analysis.json,convnext_tiny,cifar100,summary_final,999,0.033586006520686044,0.1,,,,2.9773418461216714,0.6641399347931396
./results/comprehensive_analysis_20250829_221807/vit_base_patch16_224_svhn_analysis.json,vit_base_patch16_224,svhn,layer_0,0,0.035052290278484055,0.1,-1.9565264014295405,2.852799243823929,-6.465842192263029,2.852799243823929,0.6494770972151594
./results/comprehensive_analysis_20250829_221807/vit_base_patch16_224_svhn_analysis.json,vit_base_patch16_224,svhn,layer_1,1,0.03434239706081243,0.1,-2.7955218988066606,2.9117678668457967,-6.314640924260651,2.9117678668457967,0.6565760293918758
./results/comprehensive_analysis_20250829_221807/vit_base_patch16_224_svhn_analysis.json,vit_base_patch16_224,svhn,layer_2,2,0.032736988639723505,0.1,0.29742626937102623,3.054555400470216,-5.97270247085987,3.054555400470216,0.672630113602765
./results/comprehensive_analysis_20250829_221807/vit_base_patch16_224_svhn_analysis.json,vit_base_patch16_224,svhn,layer_3,3,0.032905650076316,0.1,1.302453462537142,3.038899425133928,-6.008625934334463,3.038899425133928,0.67094349923684
./results/comprehensive_analysis_20250829_221807/vit_base_patch16_224_svhn_analysis.json,vit_base_patch16_224,svhn,layer_4,4,0.034361396270423325,0.1,-2.903193050865551,2.910157929994911,-6.318687595665166,2.910157929994911,0.6563860372957668
./results/comprehensive_analysis_20250829_221807/vit_base_patch16_224_svhn_analysis.json,vit_base_patch16_224,svhn,layer_5,5,0.03400163362964843,0.1,-2.9661478321349133,2.9409486655999935,-6.242061187480195,2.9409486655999935,0.6599836637035157
./results/comprehensive_analysis_20250829_221807/vit_base_patch16_224_svhn_analysis.json,vit_base_patch16_224,svhn,layer_6,6,0.03401956523017293,0.1,-3.1278242937075587,2.9393985468327766,-6.2458804671537065,2.9393985468327766,0.6598043476982707
./results/comprehensive_analysis_20250829_221807/vit_base_patch16_224_svhn_analysis.json,vit_base_patch16_224,svhn,layer_7,7,0.03377494846346028,0.1,-2.9852546464809477,2.960686658679109,-6.193779158983859,2.960686658679109,0.6622505153653973
./results/comprehensive_analysis_20250829_221807/vit_base_patch16_224_svhn_analysis.json,vit_base_patch16_224,svhn,layer_8,8,0.03340538397389012,0.1,-2.7516459522543264,2.99343981911237,-6.115065039675978,2.99343981911237,0.6659461602610988
./results/comprehensive_analysis_20250829_221807/vit_base_patch16_224_svhn_analysis.json,vit_base_patch16_224,svhn,layer_9,9,0.03246533571092704,0.1,-2.086482919904694,3.080113533303467,-5.914842688193818,3.080113533303467,0.6753466428907297
./results/comprehensive_analysis_20250829_221807/vit_base_patch16_224_svhn_analysis.json,vit_base_patch16_224,svhn,layer_10,10,0.03229426305336797,0.1,-1.29558977365729,3.0964293380967307,-5.878405654989998,3.0964293380967307,0.6770573694663202
./results/comprehensive_analysis_20250829_221807/vit_base_patch16_224_svhn_analysis.json,vit_base_patch16_224,svhn,layer_11,11,0.032821553489509006,0.1,-0.722518486488268,3.046685567348158,-5.990714070629672,3.046685567348158,0.67178446510491
./results/comprehensive_analysis_20250829_221807/vit_base_patch16_224_svhn_analysis.json,vit_base_patch16_224,svhn,summary,-1,0.035052290278484055,0.1,,,,2.852799243823929,0.6494770972151594
./results/comprehensive_analysis_20250829_221807/vit_base_patch16_224_svhn_analysis.json,vit_base_patch16_224,svhn,summary_final,999,0.032821553489509006,0.1,,,,3.046685567348158,0.67178446510491
./results/comprehensive_analysis_20250829_221807/resnet18_cifar100_analysis.json,resnet18,cifar100,layer_0,0,0.03222268774415138,0.1,-0.09029190086165396,3.103307132131395,-1.9766348439354053,3.103307132131395,0.6777731225584862
./results/comprehensive_analysis_20250829_221807/resnet18_cifar100_analysis.json,resnet18,cifar100,layer_1,1,0.03239562880111944,0.1,-0.5297344128223578,3.0867409264677748,-1.9926106179057683,3.0867409264677748,0.6760437119888056
./results/comprehensive_analysis_20250829_221807/resnet18_cifar100_analysis.json,resnet18,cifar100,layer_2,2,0.03183590504174184,0.1,-0.6943509318813694,3.1410088345235985,-1.9409050228179008,3.1410088345235985,0.6816409495825817
./results/comprehensive_analysis_20250829_221807/resnet18_cifar100_analysis.json,resnet18,cifar100,layer_3,3,0.032590431776879765,0.1,-2.6357840122638723,3.0682910982431775,-2.010605930089363,3.0682910982431775,0.6740956822312023
./results/comprehensive_analysis_20250829_221807/resnet18_cifar100_analysis.json,resnet18,cifar100,summary,-1,0.03222268774415138,0.1,,,,3.103307132131395,0.6777731225584862
./results/comprehensive_analysis_20250829_221807/resnet18_cifar100_analysis.json,resnet18,cifar100,summary_final,999,0.032590431776879765,0.1,,,,3.0682910982431775,0.6740956822312023
./results/comprehensive_analysis_20250829_221807/convnext_tiny_svhn_analysis.json,convnext_tiny,svhn,layer_0,0,0.032447676369959766,0.1,-1.4538324154209636,3.0817898043008523,7.019419609066451,3.0817898043008523,0.6755232363004023
./results/comprehensive_analysis_20250829_221807/convnext_tiny_svhn_analysis.json,convnext_tiny,svhn,layer_1,1,0.033420660826501705,0.1,0.9935540239225644,2.992071534658894,7.19991948986678,2.992071534658894,0.665793391734983
./results/comprehensive_analysis_20250829_221807/convnext_tiny_svhn_analysis.json,convnext_tiny,svhn,layer_2,2,0.032540579338363566,0.1,3.4611674879245244,3.0729916013052594,7.03665418523068,3.0729916013052594,0.6745942066163644
./results/comprehensive_analysis_20250829_221807/convnext_tiny_svhn_analysis.json,convnext_tiny,svhn,layer_3,3,0.03258691811734881,0.1,-1.5537711677290986,3.068621924232805,7.045250565190331,3.068621924232805,0.6741308188265119
./results/comprehensive_analysis_20250829_221807/convnext_tiny_svhn_analysis.json,convnext_tiny,svhn,summary,-1,0.032447676369959766,0.1,,,,3.0817898043008523,0.6755232363004023
./results/comprehensive_analysis_20250829_221807/convnext_tiny_svhn_analysis.json,convnext_tiny,svhn,summary_final,999,0.03258691811734881,0.1,,,,3.068621924232805,0.6741308188265119
./results/comprehensive_analysis_20250829_221807/vit_base_patch16_224_cifar100_analysis.json,vit_base_patch16_224,cifar100,layer_0,0,0.03432135806978266,0.1,-1.9405807185656379,2.913552728419316,-12.627692741590499,2.913552728419316,0.6567864193021734
./results/comprehensive_analysis_20250829_221807/vit_base_patch16_224_cifar100_analysis.json,vit_base_patch16_224,cifar100,layer_1,1,0.03480452706705047,0.1,-2.840106030913756,2.873106900733232,-12.819540588159985,2.873106900733232,0.6519547293294954
./results/comprehensive_analysis_20250829_221807/vit_base_patch16_224_cifar100_analysis.json,vit_base_patch16_224,cifar100,layer_2,2,0.033517653763410024,0.1,0.21034816632040834,2.983413376499119,-12.308572638007465,2.983413376499119,0.6648234623658997
./results/comprehensive_analysis_20250829_221807/vit_base_patch16_224_cifar100_analysis.json,vit_base_patch16_224,cifar100,layer_3,3,0.033379096380209,0.1,1.1794854627117437,2.9957972218225777,-12.253556824195458,2.9957972218225777,0.66620903619791
./results/comprehensive_analysis_20250829_221807/vit_base_patch16_224_cifar100_analysis.json,vit_base_patch16_224,cifar100,layer_4,4,0.034671660728153975,0.1,-2.9671810041348827,2.88411670462892,-12.766784469404428,2.88411670462892,0.6532833927184603
./results/comprehensive_analysis_20250829_221807/vit_base_patch16_224_cifar100_analysis.json,vit_base_patch16_224,cifar100,layer_5,5,0.03367677194491988,0.1,-3.105146168623624,2.9693175713509308,-12.371752354929159,2.9693175713509308,0.6632322805508013
./results/comprehensive_analysis_20250829_221807/vit_base_patch16_224_cifar100_analysis.json,vit_base_patch16_224,cifar100,layer_6,6,0.033888818274778805,0.1,-3.2620094974246316,2.9507387495913826,-12.455947806182106,2.9507387495913826,0.6611118172522119
./results/comprehensive_analysis_20250829_221807/vit_base_patch16_224_cifar100_analysis.json,vit_base_patch16_224,cifar100,layer_7,7,0.033667732241744186,0.1,-3.145510909682767,2.970114802125367,-12.36816303608277,2.970114802125367,0.6633226775825581
./results/comprehensive_analysis_20250829_221807/vit_base_patch16_224_cifar100_analysis.json,vit_base_patch16_224,cifar100,layer_8,8,0.03405246069337261,0.1,-2.8989200098650776,2.9365591033589644,-12.520923923839016,2.9365591033589644,0.659475393066274
./results/comprehensive_analysis_20250829_221807/vit_base_patch16_224_cifar100_analysis.json,vit_base_patch16_224,cifar100,layer_9,9,0.033717948430367156,0.1,-2.336037256418122,2.965691537104413,-12.388101955394069,2.965691537104413,0.6628205156963285
./results/comprehensive_analysis_20250829_221807/vit_base_patch16_224_cifar100_analysis.json,vit_base_patch16_224,cifar100,layer_10,10,0.03312358267026296,0.1,-1.6446219862780929,3.0189059586182596,-12.152102146227042,3.0189059586182596,0.6687641732973704
./results/comprehensive_analysis_20250829_221807/vit_base_patch16_224_cifar100_analysis.json,vit_base_patch16_224,cifar100,layer_11,11,0.03375335671899915,0.1,-0.9677453330134714,2.9625805294554315,-12.402161226504532,2.9625805294554315,0.6624664328100085
./results/comprehensive_analysis_20250829_221807/vit_base_patch16_224_cifar100_analysis.json,vit_base_patch16_224,cifar100,summary,-1,0.03432135806978266,0.1,,,,2.913552728419316,0.6567864193021734
./results/comprehensive_analysis_20250829_221807/vit_base_patch16_224_cifar100_analysis.json,vit_base_patch16_224,cifar100,summary_final,999,0.03375335671899915,0.1,,,,2.9625805294554315,0.6624664328100085
./results/comprehensive_analysis_20250829_221807/resnet18_svhn_analysis.json,resnet18,svhn,layer_0,0,0.03434924563090003,0.1,-0.10232678344467397,2.911187333986463,-14.490677436908289,2.911187333986463,0.6565075436909997
./results/comprehensive_analysis_20250829_221807/resnet18_svhn_analysis.json,resnet18,svhn,layer_1,1,0.035018120907938724,0.1,-0.6121895721059546,2.8555828189659187,-14.792323978828506,2.8555828189659187,0.6498187909206128
./results/comprehensive_analysis_20250829_221807/resnet18_svhn_analysis.json,resnet18,svhn,layer_2,2,0.03352027122102561,0.1,-0.7279957791037059,2.9831804211910917,-14.116830065562699,2.9831804211910917,0.6647972877897439
./results/comprehensive_analysis_20250829_221807/resnet18_svhn_analysis.json,resnet18,svhn,layer_3,3,0.032923324902331276,0.1,-2.7164960925988004,3.037268047154986,-13.847621740890636,3.037268047154986,0.6707667509766873
./results/comprehensive_analysis_20250829_221807/resnet18_svhn_analysis.json,resnet18,svhn,summary,-1,0.03434924563090003,0.1,,,,2.911187333986463,0.6565075436909997
./results/comprehensive_analysis_20250829_221807/resnet18_svhn_analysis.json,resnet18,svhn,summary_final,999,0.032923324902331276,0.1,,,,3.037268047154986,0.6707667509766873
./results/comprehensive_analysis_20250829_221807/convnext_tiny_cifar10_analysis.json,convnext_tiny,cifar10,layer_0,0,0.035823497187265026,0.1,-1.4161544087557631,2.7913860026358788,7.9472317660284935,2.7913860026358788,0.6417650281273497
./results/comprehensive_analysis_20250829_221807/convnext_tiny_cifar10_analysis.json,convnext_tiny,cifar10,layer_1,1,0.035312222824489654,0.1,0.8090717069525393,2.8318004419197385,7.848080600645016,2.8318004419197385,0.6468777717551035
./results/comprehensive_analysis_20250829_221807/convnext_tiny_cifar10_analysis.json,convnext_tiny,cifar10,layer_2,2,0.03452437523681734,0.1,3.960603612653216,2.896420366587689,7.695293736781491,2.896420366587689,0.6547562476318266
./results/comprehensive_analysis_20250829_221807/convnext_tiny_cifar10_analysis.json,convnext_tiny,cifar10,layer_3,3,0.0335624143792475,0.1,-1.845240734622732,2.979434656738342,7.5087411790440255,2.979434656738342,0.664375856207525
./results/comprehensive_analysis_20250829_221807/convnext_tiny_cifar10_analysis.json,convnext_tiny,cifar10,summary,-1,0.035823497187265026,0.1,,,,2.7913860026358788,0.6417650281273497
./results/comprehensive_analysis_20250829_221807/convnext_tiny_cifar10_analysis.json,convnext_tiny,cifar10,summary_final,999,0.0335624143792475,0.1,,,,2.979434656738342,0.664375856207525
./results/comprehensive_analysis_20250829_221807/vit_base_patch16_224_cifar10_analysis.json,vit_base_patch16_224,cifar10,layer_0,0,0.03215009030496779,0.1,-1.7473314850661859,3.1103144263990514,25.047552597149032,3.1103144263990514,0.6784990969503221
./results/comprehensive_analysis_20250829_221807/vit_base_patch16_224_cifar10_analysis.json,vit_base_patch16_224,cifar10,layer_1,1,0.03248126159145012,0.1,-2.5190383824557676,3.078603369979684,25.295261354878985,3.078603369979684,0.6751873840854987
./results/comprehensive_analysis_20250829_221807/vit_base_patch16_224_cifar10_analysis.json,vit_base_patch16_224,cifar10,layer_2,2,0.032539380758025496,0.1,0.2430049109386819,3.07310479074025,25.338733199028294,3.07310479074025,0.6746061924197451
./results/comprehensive_analysis_20250829_221807/vit_base_patch16_224_cifar10_analysis.json,vit_base_patch16_224,cifar10,layer_3,3,0.03272667414135265,0.1,1.1520170787824962,3.055518078311781,25.478824484742717,3.055518078311781,0.6727332585864736
./results/comprehensive_analysis_20250829_221807/vit_base_patch16_224_cifar10_analysis.json,vit_base_patch16_224,cifar10,layer_4,4,0.03150812177387499,0.1,-2.574940699172075,3.1736841387598598,24.567374411933073,3.1736841387598598,0.6849187822612501
./results/comprehensive_analysis_20250829_221807/vit_base_patch16_224_cifar10_analysis.json,vit_base_patch16_224,cifar10,layer_5,5,0.0314125248749674,0.1,-2.7334912495437926,3.183342219570123,24.495870057425883,3.183342219570123,0.685874751250326
./results/comprehensive_analysis_20250829_221807/vit_base_patch16_224_cifar10_analysis.json,vit_base_patch16_224,cifar10,layer_6,6,0.030249211704775177,0.1,-3.0023448996103963,3.3057619885752536,23.625737675781185,3.3057619885752536,0.6975078829522483
./results/comprehensive_analysis_20250829_221807/vit_base_patch16_224_cifar10_analysis.json,vit_base_patch16_224,cifar10,layer_7,7,0.03135820957766192,0.1,-2.964979021299236,3.188855884659571,24.455243422900335,3.188855884659571,0.6864179042233808
./results/comprehensive_analysis_20250829_221807/vit_base_patch16_224_cifar10_analysis.json,vit_base_patch16_224,cifar10,layer_8,8,0.0320582127266301,0.1,-2.777521923217673,3.11922818731399,24.97883021171819,3.11922818731399,0.679417872733699
./results/comprehensive_analysis_20250829_221807/vit_base_patch16_224_cifar10_analysis.json,vit_base_patch16_224,cifar10,layer_9,9,0.03182545358050466,0.1,-2.2317371638927668,3.142040307665795,24.80473154649441,3.142040307665795,0.6817454641949534
./results/comprehensive_analysis_20250829_221807/vit_base_patch16_224_cifar10_analysis.json,vit_base_patch16_224,cifar10,layer_10,10,0.032089260141587125,0.1,-1.5409526460662901,3.116210325462765,25.00205298767628,3.116210325462765,0.6791073985841287
./results/comprehensive_analysis_20250829_221807/vit_base_patch16_224_cifar10_analysis.json,vit_base_patch16_224,cifar10,layer_11,11,0.032169934113049636,0.1,-0.8874620947669835,3.1083959094441265,25.06239532430934,3.1083959094441265,0.6783006588695036
./results/comprehensive_analysis_20250829_221807/vit_base_patch16_224_cifar10_analysis.json,vit_base_patch16_224,cifar10,summary,-1,0.03215009030496779,0.1,,,,3.1103144263990514,0.6784990969503221
./results/comprehensive_analysis_20250829_221807/vit_base_patch16_224_cifar10_analysis.json,vit_base_patch16_224,cifar10,summary_final,999,0.032169934113049636,0.1,,,,3.1083959094441265,0.6783006588695036
./results/comprehensive_analysis_20250829_221807/resnet18_cifar10_analysis.json,resnet18,cifar10,layer_0,0,0.03432986832204523,0.1,-0.0697243062952031,2.9128304900982065,3.710847801505116,2.9128304900982065,0.6567013167795477
./results/comprehensive_analysis_20250829_221807/resnet18_cifar10_analysis.json,resnet18,cifar10,layer_1,1,0.03369876496574868,0.1,-0.44923857419387664,2.9673797458717197,3.6610129134161227,2.9673797458717197,0.6630123503425132
./results/comprehensive_analysis_20250829_221807/resnet18_cifar10_analysis.json,resnet18,cifar10,layer_2,2,0.03239985705737103,0.1,-0.6837391396516433,3.0863381120731965,3.558445038271608,3.0863381120731965,0.6760014294262897
./results/comprehensive_analysis_20250829_221807/resnet18_cifar10_analysis.json,resnet18,cifar10,layer_3,3,0.031494499619104124,0.1,-2.649732186522189,3.1750567925375384,3.4869537584892702,3.1750567925375384,0.6850550038089588
./results/comprehensive_analysis_20250829_221807/resnet18_cifar10_analysis.json,resnet18,cifar10,summary,-1,0.03432986832204523,0.1,,,,2.9128304900982065,0.6567013167795477
./results/comprehensive_analysis_20250829_221807/resnet18_cifar10_analysis.json,resnet18,cifar10,summary_final,999,0.031494499619104124,0.1,,,,3.1750567925375384,0.6850550038089588
./results/comprehensive_analysis_20250829_221807/resnet18_svhn/analysis_results.json,resnet18,svhn,layer_0,0,0.03434924563090003,0.1,-0.10232678344467397,2.911187333986463,-14.490677436908289,2.911187333986463,0.6565075436909997
./results/comprehensive_analysis_20250829_221807/resnet18_svhn/analysis_results.json,resnet18,svhn,layer_1,1,0.035018120907938724,0.1,-0.6121895721059546,2.8555828189659187,-14.792323978828506,2.8555828189659187,0.6498187909206128
./results/comprehensive_analysis_20250829_221807/resnet18_svhn/analysis_results.json,resnet18,svhn,layer_2,2,0.03352027122102561,0.1,-0.7279957791037059,2.9831804211910917,-14.116830065562699,2.9831804211910917,0.6647972877897439
./results/comprehensive_analysis_20250829_221807/resnet18_svhn/analysis_results.json,resnet18,svhn,layer_3,3,0.032923324902331276,0.1,-2.7164960925988004,3.037268047154986,-13.847621740890636,3.037268047154986,0.6707667509766873
./results/comprehensive_analysis_20250829_221807/resnet18_svhn/analysis_results.json,resnet18,svhn,summary,-1,0.03434924563090003,0.1,,,,2.911187333986463,0.6565075436909997
./results/comprehensive_analysis_20250829_221807/resnet18_svhn/analysis_results.json,resnet18,svhn,summary_final,999,0.032923324902331276,0.1,,,,3.037268047154986,0.6707667509766873
./results/comprehensive_analysis_20250829_221807/vit_base_patch16_224_svhn/analysis_results.json,vit_base_patch16_224,svhn,layer_0,0,0.035052290278484055,0.1,-1.9565264014295405,2.852799243823929,-6.465842192263029,2.852799243823929,0.6494770972151594
./results/comprehensive_analysis_20250829_221807/vit_base_patch16_224_svhn/analysis_results.json,vit_base_patch16_224,svhn,layer_1,1,0.03434239706081243,0.1,-2.7955218988066606,2.9117678668457967,-6.314640924260651,2.9117678668457967,0.6565760293918758
./results/comprehensive_analysis_20250829_221807/vit_base_patch16_224_svhn/analysis_results.json,vit_base_patch16_224,svhn,layer_2,2,0.032736988639723505,0.1,0.29742626937102623,3.054555400470216,-5.97270247085987,3.054555400470216,0.672630113602765
./results/comprehensive_analysis_20250829_221807/vit_base_patch16_224_svhn/analysis_results.json,vit_base_patch16_224,svhn,layer_3,3,0.032905650076316,0.1,1.302453462537142,3.038899425133928,-6.008625934334463,3.038899425133928,0.67094349923684
./results/comprehensive_analysis_20250829_221807/vit_base_patch16_224_svhn/analysis_results.json,vit_base_patch16_224,svhn,layer_4,4,0.034361396270423325,0.1,-2.903193050865551,2.910157929994911,-6.318687595665166,2.910157929994911,0.6563860372957668
./results/comprehensive_analysis_20250829_221807/vit_base_patch16_224_svhn/analysis_results.json,vit_base_patch16_224,svhn,layer_5,5,0.03400163362964843,0.1,-2.9661478321349133,2.9409486655999935,-6.242061187480195,2.9409486655999935,0.6599836637035157
./results/comprehensive_analysis_20250829_221807/vit_base_patch16_224_svhn/analysis_results.json,vit_base_patch16_224,svhn,layer_6,6,0.03401956523017293,0.1,-3.1278242937075587,2.9393985468327766,-6.2458804671537065,2.9393985468327766,0.6598043476982707
./results/comprehensive_analysis_20250829_221807/vit_base_patch16_224_svhn/analysis_results.json,vit_base_patch16_224,svhn,layer_7,7,0.03377494846346028,0.1,-2.9852546464809477,2.960686658679109,-6.193779158983859,2.960686658679109,0.6622505153653973
./results/comprehensive_analysis_20250829_221807/vit_base_patch16_224_svhn/analysis_results.json,vit_base_patch16_224,svhn,layer_8,8,0.03340538397389012,0.1,-2.7516459522543264,2.99343981911237,-6.115065039675978,2.99343981911237,0.6659461602610988
./results/comprehensive_analysis_20250829_221807/vit_base_patch16_224_svhn/analysis_results.json,vit_base_patch16_224,svhn,layer_9,9,0.03246533571092704,0.1,-2.086482919904694,3.080113533303467,-5.914842688193818,3.080113533303467,0.6753466428907297
./results/comprehensive_analysis_20250829_221807/vit_base_patch16_224_svhn/analysis_results.json,vit_base_patch16_224,svhn,layer_10,10,0.03229426305336797,0.1,-1.29558977365729,3.0964293380967307,-5.878405654989998,3.0964293380967307,0.6770573694663202
./results/comprehensive_analysis_20250829_221807/vit_base_patch16_224_svhn/analysis_results.json,vit_base_patch16_224,svhn,layer_11,11,0.032821553489509006,0.1,-0.722518486488268,3.046685567348158,-5.990714070629672,3.046685567348158,0.67178446510491
./results/comprehensive_analysis_20250829_221807/vit_base_patch16_224_svhn/analysis_results.json,vit_base_patch16_224,svhn,summary,-1,0.035052290278484055,0.1,,,,2.852799243823929,0.6494770972151594
./results/comprehensive_analysis_20250829_221807/vit_base_patch16_224_svhn/analysis_results.json,vit_base_patch16_224,svhn,summary_final,999,0.032821553489509006,0.1,,,,3.046685567348158,0.67178446510491
./results/comprehensive_analysis_20250829_221807/vit_base_patch16_224_cifar10/analysis_results.json,vit_base_patch16_224,cifar10,layer_0,0,0.03215009030496779,0.1,-1.7473314850661859,3.1103144263990514,25.047552597149032,3.1103144263990514,0.6784990969503221
./results/comprehensive_analysis_20250829_221807/vit_base_patch16_224_cifar10/analysis_results.json,vit_base_patch16_224,cifar10,layer_1,1,0.03248126159145012,0.1,-2.5190383824557676,3.078603369979684,25.295261354878985,3.078603369979684,0.6751873840854987
./results/comprehensive_analysis_20250829_221807/vit_base_patch16_224_cifar10/analysis_results.json,vit_base_patch16_224,cifar10,layer_2,2,0.032539380758025496,0.1,0.2430049109386819,3.07310479074025,25.338733199028294,3.07310479074025,0.6746061924197451
./results/comprehensive_analysis_20250829_221807/vit_base_patch16_224_cifar10/analysis_results.json,vit_base_patch16_224,cifar10,layer_3,3,0.03272667414135265,0.1,1.1520170787824962,3.055518078311781,25.478824484742717,3.055518078311781,0.6727332585864736
./results/comprehensive_analysis_20250829_221807/vit_base_patch16_224_cifar10/analysis_results.json,vit_base_patch16_224,cifar10,layer_4,4,0.03150812177387499,0.1,-2.574940699172075,3.1736841387598598,24.567374411933073,3.1736841387598598,0.6849187822612501
./results/comprehensive_analysis_20250829_221807/vit_base_patch16_224_cifar10/analysis_results.json,vit_base_patch16_224,cifar10,layer_5,5,0.0314125248749674,0.1,-2.7334912495437926,3.183342219570123,24.495870057425883,3.183342219570123,0.685874751250326
./results/comprehensive_analysis_20250829_221807/vit_base_patch16_224_cifar10/analysis_results.json,vit_base_patch16_224,cifar10,layer_6,6,0.030249211704775177,0.1,-3.0023448996103963,3.3057619885752536,23.625737675781185,3.3057619885752536,0.6975078829522483
./results/comprehensive_analysis_20250829_221807/vit_base_patch16_224_cifar10/analysis_results.json,vit_base_patch16_224,cifar10,layer_7,7,0.03135820957766192,0.1,-2.964979021299236,3.188855884659571,24.455243422900335,3.188855884659571,0.6864179042233808
./results/comprehensive_analysis_20250829_221807/vit_base_patch16_224_cifar10/analysis_results.json,vit_base_patch16_224,cifar10,layer_8,8,0.0320582127266301,0.1,-2.777521923217673,3.11922818731399,24.97883021171819,3.11922818731399,0.679417872733699
./results/comprehensive_analysis_20250829_221807/vit_base_patch16_224_cifar10/analysis_results.json,vit_base_patch16_224,cifar10,layer_9,9,0.03182545358050466,0.1,-2.2317371638927668,3.142040307665795,24.80473154649441,3.142040307665795,0.6817454641949534
./results/comprehensive_analysis_20250829_221807/vit_base_patch16_224_cifar10/analysis_results.json,vit_base_patch16_224,cifar10,layer_10,10,0.032089260141587125,0.1,-1.5409526460662901,3.116210325462765,25.00205298767628,3.116210325462765,0.6791073985841287
./results/comprehensive_analysis_20250829_221807/vit_base_patch16_224_cifar10/analysis_results.json,vit_base_patch16_224,cifar10,layer_11,11,0.032169934113049636,0.1,-0.8874620947669835,3.1083959094441265,25.06239532430934,3.1083959094441265,0.6783006588695036
./results/comprehensive_analysis_20250829_221807/vit_base_patch16_224_cifar10/analysis_results.json,vit_base_patch16_224,cifar10,summary,-1,0.03215009030496779,0.1,,,,3.1103144263990514,0.6784990969503221
./results/comprehensive_analysis_20250829_221807/vit_base_patch16_224_cifar10/analysis_results.json,vit_base_patch16_224,cifar10,summary_final,999,0.032169934113049636,0.1,,,,3.1083959094441265,0.6783006588695036
./results/comprehensive_analysis_20250829_221807/convnext_tiny_cifar10/analysis_results.json,convnext_tiny,cifar10,layer_0,0,0.035823497187265026,0.1,-1.4161544087557631,2.7913860026358788,7.9472317660284935,2.7913860026358788,0.6417650281273497
./results/comprehensive_analysis_20250829_221807/convnext_tiny_cifar10/analysis_results.json,convnext_tiny,cifar10,layer_1,1,0.035312222824489654,0.1,0.8090717069525393,2.8318004419197385,7.848080600645016,2.8318004419197385,0.6468777717551035
./results/comprehensive_analysis_20250829_221807/convnext_tiny_cifar10/analysis_results.json,convnext_tiny,cifar10,layer_2,2,0.03452437523681734,0.1,3.960603612653216,2.896420366587689,7.695293736781491,2.896420366587689,0.6547562476318266
./results/comprehensive_analysis_20250829_221807/convnext_tiny_cifar10/analysis_results.json,convnext_tiny,cifar10,layer_3,3,0.0335624143792475,0.1,-1.845240734622732,2.979434656738342,7.5087411790440255,2.979434656738342,0.664375856207525
./results/comprehensive_analysis_20250829_221807/convnext_tiny_cifar10/analysis_results.json,convnext_tiny,cifar10,summary,-1,0.035823497187265026,0.1,,,,2.7913860026358788,0.6417650281273497
./results/comprehensive_analysis_20250829_221807/convnext_tiny_cifar10/analysis_results.json,convnext_tiny,cifar10,summary_final,999,0.0335624143792475,0.1,,,,2.979434656738342,0.664375856207525
./results/comprehensive_analysis_20250829_221807/resnet18_cifar100/analysis_results.json,resnet18,cifar100,layer_0,0,0.03222268774415138,0.1,-0.09029190086165396,3.103307132131395,-1.9766348439354053,3.103307132131395,0.6777731225584862
./results/comprehensive_analysis_20250829_221807/resnet18_cifar100/analysis_results.json,resnet18,cifar100,layer_1,1,0.03239562880111944,0.1,-0.5297344128223578,3.0867409264677748,-1.9926106179057683,3.0867409264677748,0.6760437119888056
./results/comprehensive_analysis_20250829_221807/resnet18_cifar100/analysis_results.json,resnet18,cifar100,layer_2,2,0.03183590504174184,0.1,-0.6943509318813694,3.1410088345235985,-1.9409050228179008,3.1410088345235985,0.6816409495825817
./results/comprehensive_analysis_20250829_221807/resnet18_cifar100/analysis_results.json,resnet18,cifar100,layer_3,3,0.032590431776879765,0.1,-2.6357840122638723,3.0682910982431775,-2.010605930089363,3.0682910982431775,0.6740956822312023
./results/comprehensive_analysis_20250829_221807/resnet18_cifar100/analysis_results.json,resnet18,cifar100,summary,-1,0.03222268774415138,0.1,,,,3.103307132131395,0.6777731225584862
./results/comprehensive_analysis_20250829_221807/resnet18_cifar100/analysis_results.json,resnet18,cifar100,summary_final,999,0.032590431776879765,0.1,,,,3.0682910982431775,0.6740956822312023
./results/comprehensive_analysis_20250829_221807/convnext_tiny_cifar100/analysis_results.json,convnext_tiny,cifar100,layer_0,0,0.03222081829006242,0.1,-1.4267830753832154,3.10348718063627,12.597687321049666,3.10348718063627,0.6777918170993759
./results/comprehensive_analysis_20250829_221807/convnext_tiny_cifar100/analysis_results.json,convnext_tiny,cifar100,layer_1,1,0.0323275899181566,0.1,0.7919212541852337,3.093237294084309,12.636119118350656,3.093237294084309,0.6767241008184339
./results/comprehensive_analysis_20250829_221807/convnext_tiny_cifar100/analysis_results.json,convnext_tiny,cifar100,layer_2,2,0.033876083943657355,0.1,3.9166322139579073,2.9518479266490267,13.193490112612778,2.9518479266490267,0.6612391605634265
./results/comprehensive_analysis_20250829_221807/convnext_tiny_cifar100/analysis_results.json,convnext_tiny,cifar100,layer_3,3,0.033586006520686044,0.1,-1.8196165652601144,2.9773418461216714,13.089078510764828,2.9773418461216714,0.6641399347931396
./results/comprehensive_analysis_20250829_221807/convnext_tiny_cifar100/analysis_results.json,convnext_tiny,cifar100,summary,-1,0.03222081829006242,0.1,,,,3.10348718063627,0.6777918170993759
./results/comprehensive_analysis_20250829_221807/convnext_tiny_cifar100/analysis_results.json,convnext_tiny,cifar100,summary_final,999,0.033586006520686044,0.1,,,,2.9773418461216714,0.6641399347931396
./results/comprehensive_analysis_20250829_221807/convnext_tiny_svhn/analysis_results.json,convnext_tiny,svhn,layer_0,0,0.032447676369959766,0.1,-1.4538324154209636,3.0817898043008523,7.019419609066451,3.0817898043008523,0.6755232363004023
./results/comprehensive_analysis_20250829_221807/convnext_tiny_svhn/analysis_results.json,convnext_tiny,svhn,layer_1,1,0.033420660826501705,0.1,0.9935540239225644,2.992071534658894,7.19991948986678,2.992071534658894,0.665793391734983
./results/comprehensive_analysis_20250829_221807/convnext_tiny_svhn/analysis_results.json,convnext_tiny,svhn,layer_2,2,0.032540579338363566,0.1,3.4611674879245244,3.0729916013052594,7.03665418523068,3.0729916013052594,0.6745942066163644
./results/comprehensive_analysis_20250829_221807/convnext_tiny_svhn/analysis_results.json,convnext_tiny,svhn,layer_3,3,0.03258691811734881,0.1,-1.5537711677290986,3.068621924232805,7.045250565190331,3.068621924232805,0.6741308188265119
./results/comprehensive_analysis_20250829_221807/convnext_tiny_svhn/analysis_results.json,convnext_tiny,svhn,summary,-1,0.032447676369959766,0.1,,,,3.0817898043008523,0.6755232363004023
./results/comprehensive_analysis_20250829_221807/convnext_tiny_svhn/analysis_results.json,convnext_tiny,svhn,summary_final,999,0.03258691811734881,0.1,,,,3.068621924232805,0.6741308188265119
./results/comprehensive_analysis_20250829_221807/vit_base_patch16_224_cifar100/analysis_results.json,vit_base_patch16_224,cifar100,layer_0,0,0.03432135806978266,0.1,-1.9405807185656379,2.913552728419316,-12.627692741590499,2.913552728419316,0.6567864193021734
./results/comprehensive_analysis_20250829_221807/vit_base_patch16_224_cifar100/analysis_results.json,vit_base_patch16_224,cifar100,layer_1,1,0.03480452706705047,0.1,-2.840106030913756,2.873106900733232,-12.819540588159985,2.873106900733232,0.6519547293294954
./results/comprehensive_analysis_20250829_221807/vit_base_patch16_224_cifar100/analysis_results.json,vit_base_patch16_224,cifar100,layer_2,2,0.033517653763410024,0.1,0.21034816632040834,2.983413376499119,-12.308572638007465,2.983413376499119,0.6648234623658997
./results/comprehensive_analysis_20250829_221807/vit_base_patch16_224_cifar100/analysis_results.json,vit_base_patch16_224,cifar100,layer_3,3,0.033379096380209,0.1,1.1794854627117437,2.9957972218225777,-12.253556824195458,2.9957972218225777,0.66620903619791
./results/comprehensive_analysis_20250829_221807/vit_base_patch16_224_cifar100/analysis_results.json,vit_base_patch16_224,cifar100,layer_4,4,0.034671660728153975,0.1,-2.9671810041348827,2.88411670462892,-12.766784469404428,2.88411670462892,0.6532833927184603
./results/comprehensive_analysis_20250829_221807/vit_base_patch16_224_cifar100/analysis_results.json,vit_base_patch16_224,cifar100,layer_5,5,0.03367677194491988,0.1,-3.105146168623624,2.9693175713509308,-12.371752354929159,2.9693175713509308,0.6632322805508013
./results/comprehensive_analysis_20250829_221807/vit_base_patch16_224_cifar100/analysis_results.json,vit_base_patch16_224,cifar100,layer_6,6,0.033888818274778805,0.1,-3.2620094974246316,2.9507387495913826,-12.455947806182106,2.9507387495913826,0.6611118172522119
./results/comprehensive_analysis_20250829_221807/vit_base_patch16_224_cifar100/analysis_results.json,vit_base_patch16_224,cifar100,layer_7,7,0.033667732241744186,0.1,-3.145510909682767,2.970114802125367,-12.36816303608277,2.970114802125367,0.6633226775825581
./results/comprehensive_analysis_20250829_221807/vit_base_patch16_224_cifar100/analysis_results.json,vit_base_patch16_224,cifar100,layer_8,8,0.03405246069337261,0.1,-2.8989200098650776,2.9365591033589644,-12.520923923839016,2.9365591033589644,0.659475393066274
./results/comprehensive_analysis_20250829_221807/vit_base_patch16_224_cifar100/analysis_results.json,vit_base_patch16_224,cifar100,layer_9,9,0.033717948430367156,0.1,-2.336037256418122,2.965691537104413,-12.388101955394069,2.965691537104413,0.6628205156963285
./results/comprehensive_analysis_20250829_221807/vit_base_patch16_224_cifar100/analysis_results.json,vit_base_patch16_224,cifar100,layer_10,10,0.03312358267026296,0.1,-1.6446219862780929,3.0189059586182596,-12.152102146227042,3.0189059586182596,0.6687641732973704
./results/comprehensive_analysis_20250829_221807/vit_base_patch16_224_cifar100/analysis_results.json,vit_base_patch16_224,cifar100,layer_11,11,0.03375335671899915,0.1,-0.9677453330134714,2.9625805294554315,-12.402161226504532,2.9625805294554315,0.6624664328100085
./results/comprehensive_analysis_20250829_221807/vit_base_patch16_224_cifar100/analysis_results.json,vit_base_patch16_224,cifar100,summary,-1,0.03432135806978266,0.1,,,,2.913552728419316,0.6567864193021734
./results/comprehensive_analysis_20250829_221807/vit_base_patch16_224_cifar100/analysis_results.json,vit_base_patch16_224,cifar100,summary_final,999,0.03375335671899915,0.1,,,,2.9625805294554315,0.6624664328100085
./results/comprehensive_analysis_20250829_221807/resnet18_cifar10/analysis_results.json,resnet18,cifar10,layer_0,0,0.03432986832204523,0.1,-0.0697243062952031,2.9128304900982065,3.710847801505116,2.9128304900982065,0.6567013167795477
./results/comprehensive_analysis_20250829_221807/resnet18_cifar10/analysis_results.json,resnet18,cifar10,layer_1,1,0.03369876496574868,0.1,-0.44923857419387664,2.9673797458717197,3.6610129134161227,2.9673797458717197,0.6630123503425132
./results/comprehensive_analysis_20250829_221807/resnet18_cifar10/analysis_results.json,resnet18,cifar10,layer_2,2,0.03239985705737103,0.1,-0.6837391396516433,3.0863381120731965,3.558445038271608,3.0863381120731965,0.6760014294262897
./results/comprehensive_analysis_20250829_221807/resnet18_cifar10/analysis_results.json,resnet18,cifar10,layer_3,3,0.031494499619104124,0.1,-2.649732186522189,3.1750567925375384,3.4869537584892702,3.1750567925375384,0.6850550038089588
./results/comprehensive_analysis_20250829_221807/resnet18_cifar10/analysis_results.json,resnet18,cifar10,summary,-1,0.03432986832204523,0.1,,,,2.9128304900982065,0.6567013167795477
./results/comprehensive_analysis_20250829_221807/resnet18_cifar10/analysis_results.json,resnet18,cifar10,summary_final,999,0.031494499619104124,0.1,,,,3.1750567925375384,0.6850550038089588
./results/multi_model_analysis/resnet18_cifar10_analysis.json,resnet18,cifar10,layer_0,0,0.03017466807730878,0.1,-0.0708114752739192,3.313928286320099,10.564680878647652,3.313928286320099,0.6982533192269123
./results/multi_model_analysis/resnet18_cifar10_analysis.json,resnet18,cifar10,layer_1,1,0.031897287005186514,0.1,-0.4534241330276549,3.1349645823846424,11.110711750584858,3.1349645823846424,0.6810271299481349
./results/multi_model_analysis/resnet18_cifar10_analysis.json,resnet18,cifar10,layer_2,2,0.03192478370560622,0.1,-0.6862259616885982,3.132264533335163,11.119427576855305,3.132264533335163,0.6807521629439379
./results/multi_model_analysis/resnet18_cifar10_analysis.json,resnet18,cifar10,layer_3,3,0.03386815032215674,0.1,-2.659034708044854,2.9525393772450608,11.735430426328264,2.9525393772450608,0.6613184967784327
./results/multi_model_analysis/resnet18_cifar10_analysis.json,resnet18,cifar10,summary,-1,0.03017466807730878,0.1,,,,3.313928286320099,0.6982533192269123
./results/multi_model_analysis/resnet18_cifar10_analysis.json,resnet18,cifar10,summary_final,999,0.03386815032215674,0.1,,,,2.9525393772450608,0.6613184967784327
./results/example_cross_modal/convnext_tiny_cifar10_analysis.json,convnext_tiny,cifar10,layer_0,0,0.035087499260612415,0.1,-1.4162896455410432,2.8500178726688374,-10.0,2.8499366489649822,0.6491250073938759
./results/example_cross_modal/convnext_tiny_cifar10_analysis.json,convnext_tiny,cifar10,layer_1,1,0.03429022934827216,0.1,0.8043765632466372,2.9162826233776378,-10.0,2.9161975788143835,0.6570977065172785
./results/example_cross_modal/convnext_tiny_cifar10_analysis.json,convnext_tiny,cifar10,layer_2,2,0.0333304681419742,0.1,3.971234078544897,3.000257889389396,-10.0,3.0001678766159827,0.666695318580258
./results/example_cross_modal/convnext_tiny_cifar10_analysis.json,convnext_tiny,cifar10,layer_3,3,0.03284876072609675,0.1,-1.8560437627293764,3.044254875665822,-10.0,3.0441622036095155,0.6715123927390325
./results/example_cross_modal/convnext_tiny_cifar10_analysis.json,convnext_tiny,cifar10,summary,-1,0.035087499260612415,0.1,,,,2.8499366489649822,0.6491250073938759
./results/example_cross_modal/convnext_tiny_cifar10_analysis.json,convnext_tiny,cifar10,summary_final,999,0.03284876072609675,0.1,,,,3.0441622036095155,0.6715123927390325
./results/example_cross_modal/vit_base_patch16_224_cifar10_analysis.json,vit_base_patch16_224,cifar10,layer_0,0,0.03447315980376336,0.1,-1.7665206049471625,2.9008074852796994,-10.0,2.9007233408799,0.6552684019623665
./results/example_cross_modal/vit_base_patch16_224_cifar10_analysis.json,vit_base_patch16_224,cifar10,layer_1,1,0.03345519822962776,0.1,-2.5476779328921983,2.989072111114873,-10.0,2.9889827682645405,0.6654480177037224
./results/example_cross_modal/vit_base_patch16_224_cifar10_analysis.json,vit_base_patch16_224,cifar10,layer_2,2,0.034077092039638324,0.1,0.19941300004854873,2.9345226958826314,-10.0,2.934436584175072,0.6592290796036168
./results/example_cross_modal/vit_base_patch16_224_cifar10_analysis.json,vit_base_patch16_224,cifar10,layer_3,3,0.034076015847800886,0.1,1.1297621238048166,2.9346153742458,-10.0,2.9345292570990593,0.6592398415219911
./results/example_cross_modal/vit_base_patch16_224_cifar10_analysis.json,vit_base_patch16_224,cifar10,layer_4,4,0.0343128851256759,0.1,-2.600766953704624,2.914357088706926,-10.0,2.9142721564097513,0.656871148743241
./results/example_cross_modal/vit_base_patch16_224_cifar10_analysis.json,vit_base_patch16_224,cifar10,layer_5,5,0.033998916034211325,0.1,-2.755754476536758,2.9412702422446424,-10.0,2.9411837340827023,0.6600108396578868
./results/example_cross_modal/vit_base_patch16_224_cifar10_analysis.json,vit_base_patch16_224,cifar10,layer_6,6,0.03423074494359444,0.1,-3.016573875188317,2.9213503873427356,-10.0,2.921265046954971,0.6576925505640556
./results/example_cross_modal/vit_base_patch16_224_cifar10_analysis.json,vit_base_patch16_224,cifar10,layer_7,7,0.033760297729702765,0.1,-2.9749940734854707,2.9620591856338594,-10.0,2.9619714502864403,0.6623970227029723
./results/example_cross_modal/vit_base_patch16_224_cifar10_analysis.json,vit_base_patch16_224,cifar10,layer_8,8,0.03339949755846332,0.1,-2.7863660110264714,2.994057016125991,-10.0,2.993967375035738,0.6660050244153668
./results/example_cross_modal/vit_base_patch16_224_cifar10_analysis.json,vit_base_patch16_224,cifar10,layer_9,9,0.033435667342594434,0.1,-2.2432633923513254,2.9908181277006487,-10.0,2.990728680445123,0.6656433265740557
./results/example_cross_modal/vit_base_patch16_224_cifar10_analysis.json,vit_base_patch16_224,cifar10,layer_10,10,0.03447209998542519,0.1,-1.5604625887582,2.9008966683863187,-10.0,2.900812518812604,0.655279000145748
./results/example_cross_modal/vit_base_patch16_224_cifar10_analysis.json,vit_base_patch16_224,cifar10,layer_11,11,0.0343622551213931,0.1,-0.9097346179546547,2.9101698839824532,-10.0,2.9100851955594935,0.656377448786069
./results/example_cross_modal/vit_base_patch16_224_cifar10_analysis.json,vit_base_patch16_224,cifar10,summary,-1,0.03447315980376336,0.1,,,,2.9007233408799,0.6552684019623665
./results/example_cross_modal/vit_base_patch16_224_cifar10_analysis.json,vit_base_patch16_224,cifar10,summary_final,999,0.0343622551213931,0.1,,,,2.9100851955594935,0.656377448786069
./results/example_cross_modal/resnet18_cifar10_analysis.json,resnet18,cifar10,layer_0,0,0.031113302490966818,0.1,-0.07065832279663319,3.214059324915225,-8.15931305683643,3.213956026461858,0.6888669750903318
./results/example_cross_modal/resnet18_cifar10_analysis.json,resnet18,cifar10,layer_1,1,0.031651727746993256,0.1,-0.45255677175885234,3.1593851937355764,-8.317817782558981,3.159285379741061,0.6834827225300675
./results/example_cross_modal/resnet18_cifar10_analysis.json,resnet18,cifar10,layer_2,2,0.03221565389822894,0.1,-0.6831467243755542,3.1040810258238314,-8.483829608581118,3.103984675624471,0.6778434610177106
./results/example_cross_modal/resnet18_cifar10_analysis.json,resnet18,cifar10,layer_3,3,0.0317832575392493,0.1,-2.6485322975440386,3.146310596908121,-8.356538279810069,3.146211607318919,0.682167424607507
./results/example_cross_modal/resnet18_cifar10_analysis.json,resnet18,cifar10,summary,-1,0.031113302490966818,0.1,,,,3.213956026461858,0.6888669750903318
./results/example_cross_modal/resnet18_cifar10_analysis.json,resnet18,cifar10,summary_final,999,0.0317832575392493,0.1,,,,3.146211607318919,0.682167424607507
./results/comprehensive_analysis_20250829_221101/convnext_tiny_cifar100_analysis.json,convnext_tiny,cifar100,layer_0,0,0.03277360673403262,0.1,-1.4234993925521444,3.05114263647782,-9.991209041235331,3.05114263647782,0.6722639326596738
./results/comprehensive_analysis_20250829_221101/convnext_tiny_cifar100_analysis.json,convnext_tiny,cifar100,layer_1,1,0.03312795189918876,0.1,0.7925906136310806,3.0185078086472377,-10.110044963524528,3.0185078086472377,0.6687204810081124
./results/comprehensive_analysis_20250829_221101/convnext_tiny_cifar100_analysis.json,convnext_tiny,cifar100,layer_2,2,0.03313794549094133,0.1,3.9102628254865426,3.017597528181318,-10.113396491384023,3.017597528181318,0.6686205450905867
./results/comprehensive_analysis_20250829_221101/convnext_tiny_cifar100_analysis.json,convnext_tiny,cifar100,layer_3,3,0.03273588445927245,0.1,-1.84051307129762,3.0546584273897155,-9.978558208790655,3.0546584273897155,0.6726411554072755
./results/comprehensive_analysis_20250829_221101/convnext_tiny_cifar100_analysis.json,convnext_tiny,cifar100,summary,-1,0.03277360673403262,0.1,,,,3.05114263647782,0.6722639326596738
./results/comprehensive_analysis_20250829_221101/convnext_tiny_cifar100_analysis.json,convnext_tiny,cifar100,summary_final,999,0.03273588445927245,0.1,,,,3.0546584273897155,0.6726411554072755
./results/comprehensive_analysis_20250829_221101/vit_base_patch16_224_svhn_analysis.json,vit_base_patch16_224,svhn,layer_0,0,0.03551071175228257,0.1,-1.935523086455335,2.815972395179524,-5.610537753077849,2.815972395179524,0.6448928824771742
./results/comprehensive_analysis_20250829_221101/vit_base_patch16_224_svhn_analysis.json,vit_base_patch16_224,svhn,layer_1,1,0.03490983808943706,0.1,-2.746640023825837,2.864439969725531,-5.49868141911363,2.864439969725531,0.6509016191056294
./results/comprehensive_analysis_20250829_221101/vit_base_patch16_224_svhn_analysis.json,vit_base_patch16_224,svhn,layer_2,2,0.035170442073854245,0.1,0.3320469635024598,2.843215805312061,-5.547194456239156,2.843215805312061,0.6482955792614575
./results/comprehensive_analysis_20250829_221101/vit_base_patch16_224_svhn_analysis.json,vit_base_patch16_224,svhn,layer_3,3,0.034436600915693075,0.1,1.3243975980587428,2.9038027429614126,-5.410585403888214,2.9038027429614126,0.6556339908430693
./results/comprehensive_analysis_20250829_221101/vit_base_patch16_224_svhn_analysis.json,vit_base_patch16_224,svhn,layer_4,4,0.03632706633410148,0.1,-2.846407497356848,2.752692617336726,-5.762507187558843,2.752692617336726,0.6367293366589852
./results/comprehensive_analysis_20250829_221101/vit_base_patch16_224_svhn_analysis.json,vit_base_patch16_224,svhn,layer_5,5,0.036116365752392174,0.1,-2.9161544134671695,2.76875120642974,-5.7232839762725956,2.76875120642974,0.6388363424760783
./results/comprehensive_analysis_20250829_221101/vit_base_patch16_224_svhn_analysis.json,vit_base_patch16_224,svhn,layer_6,6,0.03627593367687089,0.1,-3.0897506883828023,2.756572561802738,-5.752988528417457,2.756572561802738,0.6372406632312911
./results/comprehensive_analysis_20250829_221101/vit_base_patch16_224_svhn_analysis.json,vit_base_patch16_224,svhn,layer_7,7,0.03512512615494367,0.1,-2.9589961373990916,2.846883814027581,-5.538758618769508,2.846883814027581,0.6487487384505634
./results/comprehensive_analysis_20250829_221101/vit_base_patch16_224_svhn_analysis.json,vit_base_patch16_224,svhn,layer_8,8,0.03472572192701651,0.1,-2.7321813318908217,2.87962682484587,-5.464407061248793,2.87962682484587,0.6527427807298349
./results/comprehensive_analysis_20250829_221101/vit_base_patch16_224_svhn_analysis.json,vit_base_patch16_224,svhn,layer_9,9,0.03379859088215781,0.1,-2.070199514175813,2.9586156929724314,-5.291815905744988,2.9586156929724314,0.6620140911784219
./results/comprehensive_analysis_20250829_221101/vit_base_patch16_224_svhn_analysis.json,vit_base_patch16_224,svhn,layer_10,10,0.033610549163702964,0.1,-1.2688718205759357,2.9751678362980596,-5.256810781441348,2.9751678362980596,0.6638945083629704
./results/comprehensive_analysis_20250829_221101/vit_base_patch16_224_svhn_analysis.json,vit_base_patch16_224,svhn,layer_11,11,0.034400369023422764,0.1,-0.6921881515616275,2.906861059276835,-5.40384061393894,2.906861059276835,0.6559963097657724
./results/comprehensive_analysis_20250829_221101/vit_base_patch16_224_svhn_analysis.json,vit_base_patch16_224,svhn,summary,-1,0.03551071175228257,0.1,,,,2.815972395179524,0.6448928824771742
./results/comprehensive_analysis_20250829_221101/vit_base_patch16_224_svhn_analysis.json,vit_base_patch16_224,svhn,summary_final,999,0.034400369023422764,0.1,,,,2.906861059276835,0.6559963097657724
./results/comprehensive_analysis_20250829_221101/resnet18_cifar100_analysis.json,resnet18,cifar100,layer_0,0,0.034618288801647586,0.1,-0.0900315742440187,2.888563094780874,11.668907108970693,2.888563094780874,0.6538171119835241
./results/comprehensive_analysis_20250829_221101/resnet18_cifar100_analysis.json,resnet18,cifar100,layer_1,1,0.03377362328637338,0.1,-0.5209383283710805,2.960802823827372,11.408592164686604,2.960802823827372,0.6622637671362662
./results/comprehensive_analysis_20250829_221101/resnet18_cifar100_analysis.json,resnet18,cifar100,layer_2,2,0.033411936740089604,0.1,-0.6948435031340076,2.9928527617273977,11.297125067425506,2.9928527617273977,0.665880632599104
./results/comprehensive_analysis_20250829_221101/resnet18_cifar100_analysis.json,resnet18,cifar100,layer_3,3,0.03301448052606067,0.1,-2.6374558508607064,3.0288821609325147,11.17463422301508,3.0288821609325147,0.6698551947393934
./results/comprehensive_analysis_20250829_221101/resnet18_cifar100_analysis.json,resnet18,cifar100,summary,-1,0.034618288801647586,0.1,,,,2.888563094780874,0.6538171119835241
./results/comprehensive_analysis_20250829_221101/resnet18_cifar100_analysis.json,resnet18,cifar100,summary_final,999,0.03301448052606067,0.1,,,,3.0288821609325147,0.6698551947393934
./results/comprehensive_analysis_20250829_221101/vit_base_patch16_224_cifar100_analysis.json,vit_base_patch16_224,cifar100,layer_0,0,0.03238243912661669,0.1,-1.9417890376515978,3.0879981464911093,4.61794288922408,3.0879981464911093,0.6761756087338331
./results/comprehensive_analysis_20250829_221101/vit_base_patch16_224_cifar100_analysis.json,vit_base_patch16_224,cifar100,layer_1,1,0.03289399414117728,0.1,-2.836828633062693,3.0399762216349524,4.675096608254936,3.0399762216349524,0.6710600585882271
./results/comprehensive_analysis_20250829_221101/vit_base_patch16_224_cifar100_analysis.json,vit_base_patch16_224,cifar100,layer_2,2,0.03325357407521076,0.1,0.18671209681123876,3.0071051210529216,4.715270841590398,3.0071051210529216,0.6674642592478923
./results/comprehensive_analysis_20250829_221101/vit_base_patch16_224_cifar100_analysis.json,vit_base_patch16_224,cifar100,layer_3,3,0.03324023525389591,0.1,1.1432408256666393,3.008311792152185,4.713780555650602,3.008311792152185,0.6675976474610409
./results/comprehensive_analysis_20250829_221101/vit_base_patch16_224_cifar100_analysis.json,vit_base_patch16_224,cifar100,layer_4,4,0.03318957363398905,0.1,-2.964425960731278,3.012903636519083,4.70812036289051,3.012903636519083,0.6681042636601096
./results/comprehensive_analysis_20250829_221101/vit_base_patch16_224_cifar100_analysis.json,vit_base_patch16_224,cifar100,layer_5,5,0.03280760195222448,0.1,-3.1023779361849053,3.0479811406051036,4.665444401252117,3.0479811406051036,0.6719239804777553
./results/comprehensive_analysis_20250829_221101/vit_base_patch16_224_cifar100_analysis.json,vit_base_patch16_224,cifar100,layer_6,6,0.03239884425258104,0.1,-3.258462356452672,3.0864345896364545,4.6197757594596265,3.0864345896364545,0.6760115574741896
./results/comprehensive_analysis_20250829_221101/vit_base_patch16_224_cifar100_analysis.json,vit_base_patch16_224,cifar100,layer_7,7,0.03225709878461123,0.1,-3.143237037287246,3.0999967068023593,4.603939181927096,3.0999967068023593,0.6774290121538877
./results/comprehensive_analysis_20250829_221101/vit_base_patch16_224_cifar100_analysis.json,vit_base_patch16_224,cifar100,layer_8,8,0.03217728464886543,0.1,-2.895779568910208,3.1076858537120904,4.595021910941053,3.1076858537120904,0.6782271535113458
./results/comprehensive_analysis_20250829_221101/vit_base_patch16_224_cifar100_analysis.json,vit_base_patch16_224,cifar100,layer_9,9,0.03242148967174734,0.1,-2.3338877544364642,3.084278875941445,4.6223058293202035,3.084278875941445,0.6757851032825266
./results/comprehensive_analysis_20250829_221101/vit_base_patch16_224_cifar100_analysis.json,vit_base_patch16_224,cifar100,layer_10,10,0.03330163732786357,0.1,-1.6433031828402542,3.002765186898043,4.720640730575235,3.002765186898043,0.6669836267213642
./results/comprehensive_analysis_20250829_221101/vit_base_patch16_224_cifar100_analysis.json,vit_base_patch16_224,cifar100,layer_11,11,0.03352271485447468,0.1,-0.9625425647093735,2.9829629691726183,4.745340718807823,2.9829629691726183,0.6647728514552532
./results/comprehensive_analysis_20250829_221101/vit_base_patch16_224_cifar100_analysis.json,vit_base_patch16_224,cifar100,summary,-1,0.03238243912661669,0.1,,,,3.0879981464911093,0.6761756087338331
./results/comprehensive_analysis_20250829_221101/vit_base_patch16_224_cifar100_analysis.json,vit_base_patch16_224,cifar100,summary_final,999,0.03352271485447468,0.1,,,,2.9829629691726183,0.6647728514552532
./results/comprehensive_analysis_20250829_221101/resnet18_svhn_analysis.json,resnet18,svhn,layer_0,0,0.031948198716362494,0.1,-0.10213770064868231,3.1299689512646807,4.130101836329119,3.1299689512646807,0.680518012836375
./results/comprehensive_analysis_20250829_221101/resnet18_svhn_analysis.json,resnet18,svhn,layer_1,1,0.03245049958913898,0.1,-0.6100637495593715,3.0815216944078747,4.179314403780133,3.0815216944078747,0.6754950041086102
./results/comprehensive_analysis_20250829_221101/resnet18_svhn_analysis.json,resnet18,svhn,layer_2,2,0.0333959836896582,0.1,-0.7261447070301433,2.9942823857762417,4.271947529845532,2.9942823857762417,0.6660401631034181
./results/comprehensive_analysis_20250829_221101/resnet18_svhn_analysis.json,resnet18,svhn,layer_3,3,0.03347258402640271,0.1,-2.71822379863454,2.9874303247935368,4.27945239285318,2.9874303247935368,0.6652741597359728
./results/comprehensive_analysis_20250829_221101/resnet18_svhn_analysis.json,resnet18,svhn,summary,-1,0.031948198716362494,0.1,,,,3.1299689512646807,0.680518012836375
./results/comprehensive_analysis_20250829_221101/resnet18_svhn_analysis.json,resnet18,svhn,summary_final,999,0.03347258402640271,0.1,,,,2.9874303247935368,0.6652741597359728
./results/comprehensive_analysis_20250829_221101/convnext_tiny_cifar10_analysis.json,convnext_tiny,cifar10,layer_0,0,0.03411468225488925,0.1,-1.4131642241008648,2.931203288061713,-102.26058195939879,2.931203288061713,0.6588531774511075
./results/comprehensive_analysis_20250829_221101/convnext_tiny_cifar10_analysis.json,convnext_tiny,cifar10,layer_1,1,0.03377509209646129,0.1,0.7945654181230978,2.9606740683442467,-101.23268795396864,2.9606740683442467,0.6622490790353871
./results/comprehensive_analysis_20250829_221101/convnext_tiny_cifar10_analysis.json,convnext_tiny,cifar10,layer_2,2,0.03300465879042117,0.1,3.9798404512146925,3.0297834875824923,-98.9006893456215,3.0297834875824923,0.6699534120957883
./results/comprehensive_analysis_20250829_221101/convnext_tiny_cifar10_analysis.json,convnext_tiny,cifar10,layer_3,3,0.03263195871049155,0.1,-1.8497677963690324,3.064386557381015,-97.7725760346927,3.064386557381015,0.6736804128950845
./results/comprehensive_analysis_20250829_221101/convnext_tiny_cifar10_analysis.json,convnext_tiny,cifar10,summary,-1,0.03411468225488925,0.1,,,,2.931203288061713,0.6588531774511075
./results/comprehensive_analysis_20250829_221101/convnext_tiny_cifar10_analysis.json,convnext_tiny,cifar10,summary_final,999,0.03263195871049155,0.1,,,,3.064386557381015,0.6736804128950845
./results/comprehensive_analysis_20250829_221101/vit_base_patch16_224_cifar10_analysis.json,vit_base_patch16_224,cifar10,layer_0,0,0.032798389663965415,0.1,-1.772662597013179,3.0488372199761873,-9.340826038811514,3.0488372199761873,0.6720161033603459
./results/comprehensive_analysis_20250829_221101/vit_base_patch16_224_cifar10_analysis.json,vit_base_patch16_224,cifar10,layer_1,1,0.03447027190875022,0.1,-2.5574686617508346,2.9009663543809046,-9.867944706155473,2.9009663543809046,0.6552972809124978
./results/comprehensive_analysis_20250829_221101/vit_base_patch16_224_cifar10_analysis.json,vit_base_patch16_224,cifar10,layer_2,2,0.03342164617586319,0.1,0.22322130980827362,2.99198332393612,-9.537329197445922,2.99198332393612,0.6657835382413682
./results/comprehensive_analysis_20250829_221101/vit_base_patch16_224_cifar10_analysis.json,vit_base_patch16_224,cifar10,layer_3,3,0.03287513534135417,0.1,1.1328784314726008,3.041720048956369,-9.36502276637158,3.041720048956369,0.6712486465864583
./results/comprehensive_analysis_20250829_221101/vit_base_patch16_224_cifar10_analysis.json,vit_base_patch16_224,cifar10,layer_4,4,0.03439116742340328,0.1,-2.614055287060899,2.9076387878930747,-9.843004282852888,2.9076387878930747,0.6560883257659673
./results/comprehensive_analysis_20250829_221101/vit_base_patch16_224_cifar10_analysis.json,vit_base_patch16_224,cifar10,layer_5,5,0.034324146807883975,0.1,-2.7710248210532735,2.913316017545233,-9.821873717200129,2.913316017545233,0.6567585319211603
./results/comprehensive_analysis_20250829_221101/vit_base_patch16_224_cifar10_analysis.json,vit_base_patch16_224,cifar10,layer_6,6,0.03391377715698467,0.1,-3.030685135964171,2.948567214141498,-9.692490500065544,2.948567214141498,0.6608622284301533
./results/comprehensive_analysis_20250829_221101/vit_base_patch16_224_cifar10_analysis.json,vit_base_patch16_224,cifar10,layer_7,7,0.03358650485470771,0.1,-2.9851313787939184,2.977297671636473,-9.589306594396982,2.977297671636473,0.6641349514529229
./results/comprehensive_analysis_20250829_221101/vit_base_patch16_224_cifar10_analysis.json,vit_base_patch16_224,cifar10,layer_8,8,0.03311797223336554,0.1,-2.7941913692304623,3.019417368853479,-9.441585490390134,3.019417368853479,0.6688202776663447
./results/comprehensive_analysis_20250829_221101/vit_base_patch16_224_cifar10_analysis.json,vit_base_patch16_224,cifar10,layer_9,9,0.03278623046011518,0.1,-2.246675736205345,3.0499678867859066,-9.336992429507095,3.0499678867859066,0.6721376953988483
./results/comprehensive_analysis_20250829_221101/vit_base_patch16_224_cifar10_analysis.json,vit_base_patch16_224,cifar10,layer_10,10,0.03316558767667716,0.1,-1.5624660883634465,3.0150825576283293,-9.456597904752275,3.0150825576283293,0.6683441232332283
./results/comprehensive_analysis_20250829_221101/vit_base_patch16_224_cifar10_analysis.json,vit_base_patch16_224,cifar10,layer_11,11,0.033031510020653694,0.1,-0.904899418483282,3.027320658874383,-9.414325289211227,3.027320658874383,0.669684899793463
./results/comprehensive_analysis_20250829_221101/vit_base_patch16_224_cifar10_analysis.json,vit_base_patch16_224,cifar10,summary,-1,0.032798389663965415,0.1,,,,3.0488372199761873,0.6720161033603459
./results/comprehensive_analysis_20250829_221101/vit_base_patch16_224_cifar10_analysis.json,vit_base_patch16_224,cifar10,summary_final,999,0.033031510020653694,0.1,,,,3.027320658874383,0.669684899793463
./results/comprehensive_analysis_20250829_221101/resnet18_cifar10_analysis.json,resnet18,cifar10,layer_0,0,0.03319802196644497,0.1,-0.07029977929292303,3.012136926836952,-2.7206676989059315,3.012136926836952,0.6680197803355503
./results/comprehensive_analysis_20250829_221101/resnet18_cifar10_analysis.json,resnet18,cifar10,layer_1,1,0.03252049274399182,0.1,-0.45339833854656114,3.074889605689287,-2.644733623809703,3.074889605689287,0.6747950725600819
./results/comprehensive_analysis_20250829_221101/resnet18_cifar10_analysis.json,resnet18,cifar10,layer_2,2,0.031995563667561636,0.1,-0.684019649920246,3.125335615379872,-2.5859022072613196,3.125335615379872,0.6800443633243837
./results/comprehensive_analysis_20250829_221101/resnet18_cifar10_analysis.json,resnet18,cifar10,layer_3,3,0.03278668961328261,0.1,-2.6391185972572724,3.0499251755600683,-2.6745676330202888,3.0499251755600683,0.6721331038671738
./results/comprehensive_analysis_20250829_221101/resnet18_cifar10_analysis.json,resnet18,cifar10,summary,-1,0.03319802196644497,0.1,,,,3.012136926836952,0.6680197803355503
./results/comprehensive_analysis_20250829_221101/resnet18_cifar10_analysis.json,resnet18,cifar10,summary_final,999,0.03278668961328261,0.1,,,,3.0499251755600683,0.6721331038671738
./results/comprehensive_analysis_20250829_221101/resnet18_svhn/analysis_results.json,resnet18,svhn,layer_0,0,0.031948198716362494,0.1,-0.10213770064868231,3.1299689512646807,4.130101836329119,3.1299689512646807,0.680518012836375
./results/comprehensive_analysis_20250829_221101/resnet18_svhn/analysis_results.json,resnet18,svhn,layer_1,1,0.03245049958913898,0.1,-0.6100637495593715,3.0815216944078747,4.179314403780133,3.0815216944078747,0.6754950041086102
./results/comprehensive_analysis_20250829_221101/resnet18_svhn/analysis_results.json,resnet18,svhn,layer_2,2,0.0333959836896582,0.1,-0.7261447070301433,2.9942823857762417,4.271947529845532,2.9942823857762417,0.6660401631034181
./results/comprehensive_analysis_20250829_221101/resnet18_svhn/analysis_results.json,resnet18,svhn,layer_3,3,0.03347258402640271,0.1,-2.71822379863454,2.9874303247935368,4.27945239285318,2.9874303247935368,0.6652741597359728
./results/comprehensive_analysis_20250829_221101/resnet18_svhn/analysis_results.json,resnet18,svhn,summary,-1,0.031948198716362494,0.1,,,,3.1299689512646807,0.680518012836375
./results/comprehensive_analysis_20250829_221101/resnet18_svhn/analysis_results.json,resnet18,svhn,summary_final,999,0.03347258402640271,0.1,,,,2.9874303247935368,0.6652741597359728
./results/comprehensive_analysis_20250829_221101/vit_base_patch16_224_svhn/analysis_results.json,vit_base_patch16_224,svhn,layer_0,0,0.03551071175228257,0.1,-1.935523086455335,2.815972395179524,-5.610537753077849,2.815972395179524,0.6448928824771742
./results/comprehensive_analysis_20250829_221101/vit_base_patch16_224_svhn/analysis_results.json,vit_base_patch16_224,svhn,layer_1,1,0.03490983808943706,0.1,-2.746640023825837,2.864439969725531,-5.49868141911363,2.864439969725531,0.6509016191056294
./results/comprehensive_analysis_20250829_221101/vit_base_patch16_224_svhn/analysis_results.json,vit_base_patch16_224,svhn,layer_2,2,0.035170442073854245,0.1,0.3320469635024598,2.843215805312061,-5.547194456239156,2.843215805312061,0.6482955792614575
./results/comprehensive_analysis_20250829_221101/vit_base_patch16_224_svhn/analysis_results.json,vit_base_patch16_224,svhn,layer_3,3,0.034436600915693075,0.1,1.3243975980587428,2.9038027429614126,-5.410585403888214,2.9038027429614126,0.6556339908430693
./results/comprehensive_analysis_20250829_221101/vit_base_patch16_224_svhn/analysis_results.json,vit_base_patch16_224,svhn,layer_4,4,0.03632706633410148,0.1,-2.846407497356848,2.752692617336726,-5.762507187558843,2.752692617336726,0.6367293366589852
./results/comprehensive_analysis_20250829_221101/vit_base_patch16_224_svhn/analysis_results.json,vit_base_patch16_224,svhn,layer_5,5,0.036116365752392174,0.1,-2.9161544134671695,2.76875120642974,-5.7232839762725956,2.76875120642974,0.6388363424760783
./results/comprehensive_analysis_20250829_221101/vit_base_patch16_224_svhn/analysis_results.json,vit_base_patch16_224,svhn,layer_6,6,0.03627593367687089,0.1,-3.0897506883828023,2.756572561802738,-5.752988528417457,2.756572561802738,0.6372406632312911
./results/comprehensive_analysis_20250829_221101/vit_base_patch16_224_svhn/analysis_results.json,vit_base_patch16_224,svhn,layer_7,7,0.03512512615494367,0.1,-2.9589961373990916,2.846883814027581,-5.538758618769508,2.846883814027581,0.6487487384505634
./results/comprehensive_analysis_20250829_221101/vit_base_patch16_224_svhn/analysis_results.json,vit_base_patch16_224,svhn,layer_8,8,0.03472572192701651,0.1,-2.7321813318908217,2.87962682484587,-5.464407061248793,2.87962682484587,0.6527427807298349
./results/comprehensive_analysis_20250829_221101/vit_base_patch16_224_svhn/analysis_results.json,vit_base_patch16_224,svhn,layer_9,9,0.03379859088215781,0.1,-2.070199514175813,2.9586156929724314,-5.291815905744988,2.9586156929724314,0.6620140911784219
./results/comprehensive_analysis_20250829_221101/vit_base_patch16_224_svhn/analysis_results.json,vit_base_patch16_224,svhn,layer_10,10,0.033610549163702964,0.1,-1.2688718205759357,2.9751678362980596,-5.256810781441348,2.9751678362980596,0.6638945083629704
./results/comprehensive_analysis_20250829_221101/vit_base_patch16_224_svhn/analysis_results.json,vit_base_patch16_224,svhn,layer_11,11,0.034400369023422764,0.1,-0.6921881515616275,2.906861059276835,-5.40384061393894,2.906861059276835,0.6559963097657724
./results/comprehensive_analysis_20250829_221101/vit_base_patch16_224_svhn/analysis_results.json,vit_base_patch16_224,svhn,summary,-1,0.03551071175228257,0.1,,,,2.815972395179524,0.6448928824771742
./results/comprehensive_analysis_20250829_221101/vit_base_patch16_224_svhn/analysis_results.json,vit_base_patch16_224,svhn,summary_final,999,0.034400369023422764,0.1,,,,2.906861059276835,0.6559963097657724
./results/comprehensive_analysis_20250829_221101/vit_base_patch16_224_cifar10/analysis_results.json,vit_base_patch16_224,cifar10,layer_0,0,0.032798389663965415,0.1,-1.772662597013179,3.0488372199761873,-9.340826038811514,3.0488372199761873,0.6720161033603459
./results/comprehensive_analysis_20250829_221101/vit_base_patch16_224_cifar10/analysis_results.json,vit_base_patch16_224,cifar10,layer_1,1,0.03447027190875022,0.1,-2.5574686617508346,2.9009663543809046,-9.867944706155473,2.9009663543809046,0.6552972809124978
./results/comprehensive_analysis_20250829_221101/vit_base_patch16_224_cifar10/analysis_results.json,vit_base_patch16_224,cifar10,layer_2,2,0.03342164617586319,0.1,0.22322130980827362,2.99198332393612,-9.537329197445922,2.99198332393612,0.6657835382413682
./results/comprehensive_analysis_20250829_221101/vit_base_patch16_224_cifar10/analysis_results.json,vit_base_patch16_224,cifar10,layer_3,3,0.03287513534135417,0.1,1.1328784314726008,3.041720048956369,-9.36502276637158,3.041720048956369,0.6712486465864583
./results/comprehensive_analysis_20250829_221101/vit_base_patch16_224_cifar10/analysis_results.json,vit_base_patch16_224,cifar10,layer_4,4,0.03439116742340328,0.1,-2.614055287060899,2.9076387878930747,-9.843004282852888,2.9076387878930747,0.6560883257659673
./results/comprehensive_analysis_20250829_221101/vit_base_patch16_224_cifar10/analysis_results.json,vit_base_patch16_224,cifar10,layer_5,5,0.034324146807883975,0.1,-2.7710248210532735,2.913316017545233,-9.821873717200129,2.913316017545233,0.6567585319211603
./results/comprehensive_analysis_20250829_221101/vit_base_patch16_224_cifar10/analysis_results.json,vit_base_patch16_224,cifar10,layer_6,6,0.03391377715698467,0.1,-3.030685135964171,2.948567214141498,-9.692490500065544,2.948567214141498,0.6608622284301533
./results/comprehensive_analysis_20250829_221101/vit_base_patch16_224_cifar10/analysis_results.json,vit_base_patch16_224,cifar10,layer_7,7,0.03358650485470771,0.1,-2.9851313787939184,2.977297671636473,-9.589306594396982,2.977297671636473,0.6641349514529229
./results/comprehensive_analysis_20250829_221101/vit_base_patch16_224_cifar10/analysis_results.json,vit_base_patch16_224,cifar10,layer_8,8,0.03311797223336554,0.1,-2.7941913692304623,3.019417368853479,-9.441585490390134,3.019417368853479,0.6688202776663447
./results/comprehensive_analysis_20250829_221101/vit_base_patch16_224_cifar10/analysis_results.json,vit_base_patch16_224,cifar10,layer_9,9,0.03278623046011518,0.1,-2.246675736205345,3.0499678867859066,-9.336992429507095,3.0499678867859066,0.6721376953988483
./results/comprehensive_analysis_20250829_221101/vit_base_patch16_224_cifar10/analysis_results.json,vit_base_patch16_224,cifar10,layer_10,10,0.03316558767667716,0.1,-1.5624660883634465,3.0150825576283293,-9.456597904752275,3.0150825576283293,0.6683441232332283
./results/comprehensive_analysis_20250829_221101/vit_base_patch16_224_cifar10/analysis_results.json,vit_base_patch16_224,cifar10,layer_11,11,0.033031510020653694,0.1,-0.904899418483282,3.027320658874383,-9.414325289211227,3.027320658874383,0.669684899793463
./results/comprehensive_analysis_20250829_221101/vit_base_patch16_224_cifar10/analysis_results.json,vit_base_patch16_224,cifar10,summary,-1,0.032798389663965415,0.1,,,,3.0488372199761873,0.6720161033603459
./results/comprehensive_analysis_20250829_221101/vit_base_patch16_224_cifar10/analysis_results.json,vit_base_patch16_224,cifar10,summary_final,999,0.033031510020653694,0.1,,,,3.027320658874383,0.669684899793463
./results/comprehensive_analysis_20250829_221101/convnext_tiny_cifar10/analysis_results.json,convnext_tiny,cifar10,layer_0,0,0.03411468225488925,0.1,-1.4131642241008648,2.931203288061713,-102.26058195939879,2.931203288061713,0.6588531774511075
./results/comprehensive_analysis_20250829_221101/convnext_tiny_cifar10/analysis_results.json,convnext_tiny,cifar10,layer_1,1,0.03377509209646129,0.1,0.7945654181230978,2.9606740683442467,-101.23268795396864,2.9606740683442467,0.6622490790353871
./results/comprehensive_analysis_20250829_221101/convnext_tiny_cifar10/analysis_results.json,convnext_tiny,cifar10,layer_2,2,0.03300465879042117,0.1,3.9798404512146925,3.0297834875824923,-98.9006893456215,3.0297834875824923,0.6699534120957883
./results/comprehensive_analysis_20250829_221101/convnext_tiny_cifar10/analysis_results.json,convnext_tiny,cifar10,layer_3,3,0.03263195871049155,0.1,-1.8497677963690324,3.064386557381015,-97.7725760346927,3.064386557381015,0.6736804128950845
./results/comprehensive_analysis_20250829_221101/convnext_tiny_cifar10/analysis_results.json,convnext_tiny,cifar10,summary,-1,0.03411468225488925,0.1,,,,2.931203288061713,0.6588531774511075
./results/comprehensive_analysis_20250829_221101/convnext_tiny_cifar10/analysis_results.json,convnext_tiny,cifar10,summary_final,999,0.03263195871049155,0.1,,,,3.064386557381015,0.6736804128950845
./results/comprehensive_analysis_20250829_221101/resnet18_cifar100/analysis_results.json,resnet18,cifar100,layer_0,0,0.034618288801647586,0.1,-0.0900315742440187,2.888563094780874,11.668907108970693,2.888563094780874,0.6538171119835241
./results/comprehensive_analysis_20250829_221101/resnet18_cifar100/analysis_results.json,resnet18,cifar100,layer_1,1,0.03377362328637338,0.1,-0.5209383283710805,2.960802823827372,11.408592164686604,2.960802823827372,0.6622637671362662
./results/comprehensive_analysis_20250829_221101/resnet18_cifar100/analysis_results.json,resnet18,cifar100,layer_2,2,0.033411936740089604,0.1,-0.6948435031340076,2.9928527617273977,11.297125067425506,2.9928527617273977,0.665880632599104
./results/comprehensive_analysis_20250829_221101/resnet18_cifar100/analysis_results.json,resnet18,cifar100,layer_3,3,0.03301448052606067,0.1,-2.6374558508607064,3.0288821609325147,11.17463422301508,3.0288821609325147,0.6698551947393934
./results/comprehensive_analysis_20250829_221101/resnet18_cifar100/analysis_results.json,resnet18,cifar100,summary,-1,0.034618288801647586,0.1,,,,2.888563094780874,0.6538171119835241
./results/comprehensive_analysis_20250829_221101/resnet18_cifar100/analysis_results.json,resnet18,cifar100,summary_final,999,0.03301448052606067,0.1,,,,3.0288821609325147,0.6698551947393934
./results/comprehensive_analysis_20250829_221101/convnext_tiny_cifar100/analysis_results.json,convnext_tiny,cifar100,layer_0,0,0.03277360673403262,0.1,-1.4234993925521444,3.05114263647782,-9.991209041235331,3.05114263647782,0.6722639326596738
./results/comprehensive_analysis_20250829_221101/convnext_tiny_cifar100/analysis_results.json,convnext_tiny,cifar100,layer_1,1,0.03312795189918876,0.1,0.7925906136310806,3.0185078086472377,-10.110044963524528,3.0185078086472377,0.6687204810081124
./results/comprehensive_analysis_20250829_221101/convnext_tiny_cifar100/analysis_results.json,convnext_tiny,cifar100,layer_2,2,0.03313794549094133,0.1,3.9102628254865426,3.017597528181318,-10.113396491384023,3.017597528181318,0.6686205450905867
./results/comprehensive_analysis_20250829_221101/convnext_tiny_cifar100/analysis_results.json,convnext_tiny,cifar100,layer_3,3,0.03273588445927245,0.1,-1.84051307129762,3.0546584273897155,-9.978558208790655,3.0546584273897155,0.6726411554072755
./results/comprehensive_analysis_20250829_221101/convnext_tiny_cifar100/analysis_results.json,convnext_tiny,cifar100,summary,-1,0.03277360673403262,0.1,,,,3.05114263647782,0.6722639326596738
./results/comprehensive_analysis_20250829_221101/convnext_tiny_cifar100/analysis_results.json,convnext_tiny,cifar100,summary_final,999,0.03273588445927245,0.1,,,,3.0546584273897155,0.6726411554072755
./results/comprehensive_analysis_20250829_221101/vit_base_patch16_224_cifar100/analysis_results.json,vit_base_patch16_224,cifar100,layer_0,0,0.03238243912661669,0.1,-1.9417890376515978,3.0879981464911093,4.61794288922408,3.0879981464911093,0.6761756087338331
./results/comprehensive_analysis_20250829_221101/vit_base_patch16_224_cifar100/analysis_results.json,vit_base_patch16_224,cifar100,layer_1,1,0.03289399414117728,0.1,-2.836828633062693,3.0399762216349524,4.675096608254936,3.0399762216349524,0.6710600585882271
./results/comprehensive_analysis_20250829_221101/vit_base_patch16_224_cifar100/analysis_results.json,vit_base_patch16_224,cifar100,layer_2,2,0.03325357407521076,0.1,0.18671209681123876,3.0071051210529216,4.715270841590398,3.0071051210529216,0.6674642592478923
./results/comprehensive_analysis_20250829_221101/vit_base_patch16_224_cifar100/analysis_results.json,vit_base_patch16_224,cifar100,layer_3,3,0.03324023525389591,0.1,1.1432408256666393,3.008311792152185,4.713780555650602,3.008311792152185,0.6675976474610409
./results/comprehensive_analysis_20250829_221101/vit_base_patch16_224_cifar100/analysis_results.json,vit_base_patch16_224,cifar100,layer_4,4,0.03318957363398905,0.1,-2.964425960731278,3.012903636519083,4.70812036289051,3.012903636519083,0.6681042636601096
./results/comprehensive_analysis_20250829_221101/vit_base_patch16_224_cifar100/analysis_results.json,vit_base_patch16_224,cifar100,layer_5,5,0.03280760195222448,0.1,-3.1023779361849053,3.0479811406051036,4.665444401252117,3.0479811406051036,0.6719239804777553
./results/comprehensive_analysis_20250829_221101/vit_base_patch16_224_cifar100/analysis_results.json,vit_base_patch16_224,cifar100,layer_6,6,0.03239884425258104,0.1,-3.258462356452672,3.0864345896364545,4.6197757594596265,3.0864345896364545,0.6760115574741896
./results/comprehensive_analysis_20250829_221101/vit_base_patch16_224_cifar100/analysis_results.json,vit_base_patch16_224,cifar100,layer_7,7,0.03225709878461123,0.1,-3.143237037287246,3.0999967068023593,4.603939181927096,3.0999967068023593,0.6774290121538877
./results/comprehensive_analysis_20250829_221101/vit_base_patch16_224_cifar100/analysis_results.json,vit_base_patch16_224,cifar100,layer_8,8,0.03217728464886543,0.1,-2.895779568910208,3.1076858537120904,4.595021910941053,3.1076858537120904,0.6782271535113458
./results/comprehensive_analysis_20250829_221101/vit_base_patch16_224_cifar100/analysis_results.json,vit_base_patch16_224,cifar100,layer_9,9,0.03242148967174734,0.1,-2.3338877544364642,3.084278875941445,4.6223058293202035,3.084278875941445,0.6757851032825266
./results/comprehensive_analysis_20250829_221101/vit_base_patch16_224_cifar100/analysis_results.json,vit_base_patch16_224,cifar100,layer_10,10,0.03330163732786357,0.1,-1.6433031828402542,3.002765186898043,4.720640730575235,3.002765186898043,0.6669836267213642
./results/comprehensive_analysis_20250829_221101/vit_base_patch16_224_cifar100/analysis_results.json,vit_base_patch16_224,cifar100,layer_11,11,0.03352271485447468,0.1,-0.9625425647093735,2.9829629691726183,4.745340718807823,2.9829629691726183,0.6647728514552532
./results/comprehensive_analysis_20250829_221101/vit_base_patch16_224_cifar100/analysis_results.json,vit_base_patch16_224,cifar100,summary,-1,0.03238243912661669,0.1,,,,3.0879981464911093,0.6761756087338331
./results/comprehensive_analysis_20250829_221101/vit_base_patch16_224_cifar100/analysis_results.json,vit_base_patch16_224,cifar100,summary_final,999,0.03352271485447468,0.1,,,,2.9829629691726183,0.6647728514552532
./results/comprehensive_analysis_20250829_221101/resnet18_cifar10/analysis_results.json,resnet18,cifar10,layer_0,0,0.03319802196644497,0.1,-0.07029977929292303,3.012136926836952,-2.7206676989059315,3.012136926836952,0.6680197803355503
./results/comprehensive_analysis_20250829_221101/resnet18_cifar10/analysis_results.json,resnet18,cifar10,layer_1,1,0.03252049274399182,0.1,-0.45339833854656114,3.074889605689287,-2.644733623809703,3.074889605689287,0.6747950725600819
./results/comprehensive_analysis_20250829_221101/resnet18_cifar10/analysis_results.json,resnet18,cifar10,layer_2,2,0.031995563667561636,0.1,-0.684019649920246,3.125335615379872,-2.5859022072613196,3.125335615379872,0.6800443633243837
./results/comprehensive_analysis_20250829_221101/resnet18_cifar10/analysis_results.json,resnet18,cifar10,layer_3,3,0.03278668961328261,0.1,-2.6391185972572724,3.0499251755600683,-2.6745676330202888,3.0499251755600683,0.6721331038671738
./results/comprehensive_analysis_20250829_221101/resnet18_cifar10/analysis_results.json,resnet18,cifar10,summary,-1,0.03319802196644497,0.1,,,,3.012136926836952,0.6680197803355503
./results/comprehensive_analysis_20250829_221101/resnet18_cifar10/analysis_results.json,resnet18,cifar10,summary_final,999,0.03278668961328261,0.1,,,,3.0499251755600683,0.6721331038671738
./results/quick_cross_modal_20250903_104033/convnext_tiny_cifar10_analysis.json,convnext_tiny,cifar10,layer_0,0,0.033756954344112806,0.1,-1.419677262330629,2.962352556472262,-10.0,2.9622648037451187,0.6624304565588719
./results/quick_cross_modal_20250903_104033/convnext_tiny_cifar10_analysis.json,convnext_tiny,cifar10,layer_1,1,0.03389284102219571,0.1,0.7940900791353228,2.9504755867031656,-10.0,2.9503885362096915,0.6610715897780429
./results/quick_cross_modal_20250903_104033/convnext_tiny_cifar10_analysis.json,convnext_tiny,cifar10,layer_2,2,0.03285311808731814,0.1,3.9592248685783686,3.0438511113075046,-10.0,3.043758463831678,0.6714688191268186
./results/quick_cross_modal_20250903_104033/convnext_tiny_cifar10_analysis.json,convnext_tiny,cifar10,layer_3,3,0.03242298879136126,0.1,-1.8511019614325048,3.084231396540589,-10.0,3.084136274641294,0.6757701120863875
./results/quick_cross_modal_20250903_104033/convnext_tiny_cifar10_analysis.json,convnext_tiny,cifar10,summary,-1,0.033756954344112806,0.1,,,,2.9622648037451187,0.6624304565588719
./results/quick_cross_modal_20250903_104033/convnext_tiny_cifar10_analysis.json,convnext_tiny,cifar10,summary_final,999,0.03242298879136126,0.1,,,,3.084136274641294,0.6757701120863875
./results/quick_cross_modal_20250903_104033/mixer_b16_224_cifar10_analysis.json,mixer_b16_224,cifar10,layer_0,0,0.03265552402023126,0.1,-2.1049486586233837,3.0622690341164467,-10.0,3.062175262071626,0.6734447597976874
./results/quick_cross_modal_20250903_104033/mixer_b16_224_cifar10_analysis.json,mixer_b16_224,cifar10,layer_1,1,0.03251114579297969,0.1,-2.4206601543281363,3.075868215681084,-10.0,3.07577360893826,0.6748885420702031
./results/quick_cross_modal_20250903_104033/mixer_b16_224_cifar10_analysis.json,mixer_b16_224,cifar10,layer_2,2,0.03338830987206611,0.1,-1.9305515073023707,2.995060258610565,-10.0,2.9949705574376417,0.6661169012793389
./results/quick_cross_modal_20250903_104033/mixer_b16_224_cifar10_analysis.json,mixer_b16_224,cifar10,layer_3,3,0.03245845371402176,0.1,-1.1413609662642203,3.080861487767081,-10.0,3.080766573616186,0.6754154628597824
./results/quick_cross_modal_20250903_104033/mixer_b16_224_cifar10_analysis.json,mixer_b16_224,cifar10,layer_4,4,0.033523720730824755,0.1,-2.787897308904068,2.98296244629108,-10.0,2.9828734682957005,0.6647627926917525
./results/quick_cross_modal_20250903_104033/mixer_b16_224_cifar10_analysis.json,mixer_b16_224,cifar10,layer_5,5,0.033539439118078176,0.1,-3.204567285160383,2.981564469457653,-10.0,2.9814755748412476,0.6646056088192183
./results/quick_cross_modal_20250903_104033/mixer_b16_224_cifar10_analysis.json,mixer_b16_224,cifar10,layer_6,6,0.03369456570286168,0.1,-3.087262581837175,2.96783762942245,-10.0,2.967749551434516,0.6630543429713832
./results/quick_cross_modal_20250903_104033/mixer_b16_224_cifar10_analysis.json,mixer_b16_224,cifar10,layer_7,7,0.033456057191254635,0.1,-3.3594771562490156,2.9889953687112856,-10.0,2.9889060304484603,0.6654394280874536
./results/quick_cross_modal_20250903_104033/mixer_b16_224_cifar10_analysis.json,mixer_b16_224,cifar10,layer_8,8,0.033149489771425296,0.1,-3.652246423244299,3.016637682496083,-10.0,3.0165466842120967,0.6685051022857471
./results/quick_cross_modal_20250903_104033/mixer_b16_224_cifar10_analysis.json,mixer_b16_224,cifar10,layer_9,9,0.03385970704693613,0.1,-3.290651657229723,2.953362823292611,-10.0,2.9532756023489015,0.6614029295306387
./results/quick_cross_modal_20250903_104033/mixer_b16_224_cifar10_analysis.json,mixer_b16_224,cifar10,layer_10,10,0.03340747319579004,0.1,-2.616968874722846,2.993342220584401,-10.0,2.993252622289889,0.6659252680420997
./results/quick_cross_modal_20250903_104033/mixer_b16_224_cifar10_analysis.json,mixer_b16_224,cifar10,layer_11,11,0.03375435709359419,0.1,-2.382837480555962,2.9625804965776625,-10.0,2.9624927303458204,0.6624564290640582
./results/quick_cross_modal_20250903_104033/mixer_b16_224_cifar10_analysis.json,mixer_b16_224,cifar10,summary,-1,0.03265552402023126,0.1,,,,3.062175262071626,0.6734447597976874
./results/quick_cross_modal_20250903_104033/mixer_b16_224_cifar10_analysis.json,mixer_b16_224,cifar10,summary_final,999,0.03375435709359419,0.1,,,,2.9624927303458204,0.6624564290640582
./results/quick_cross_modal_20250903_104033/vit_base_patch16_224_cifar10_analysis.json,vit_base_patch16_224,cifar10,layer_0,0,0.03208512284265937,0.1,-1.7651001659538887,3.1167092764576596,-10.0,3.1166121407179586,0.6791487715734064
./results/quick_cross_modal_20250903_104033/vit_base_patch16_224_cifar10_analysis.json,vit_base_patch16_224,cifar10,layer_1,1,0.03189760736625451,0.1,-2.550468584742505,3.135031378742005,-10.0,3.1349330976056926,0.6810239263374549
./results/quick_cross_modal_20250903_104033/vit_base_patch16_224_cifar10_analysis.json,vit_base_patch16_224,cifar10,layer_2,2,0.032740258929502775,0.1,0.25193769488892287,3.054343590114017,-10.0,3.054250302815667,0.6725974107049723
./results/quick_cross_modal_20250903_104033/vit_base_patch16_224_cifar10_analysis.json,vit_base_patch16_224,cifar10,layer_3,3,0.03219757764991216,0.1,1.1580354715164012,3.1058237078363824,-10.0,3.1057272494231687,0.6780242235008784
./results/quick_cross_modal_20250903_104033/vit_base_patch16_224_cifar10_analysis.json,vit_base_patch16_224,cifar10,layer_4,4,0.03162370556351934,0.1,-2.6093895435563503,3.162184766713696,-10.0,3.1620847757506065,0.6837629443648067
./results/quick_cross_modal_20250903_104033/vit_base_patch16_224_cifar10_analysis.json,vit_base_patch16_224,cifar10,layer_5,5,0.03201069147610392,0.1,-2.7686926683729456,3.1239562592595136,-10.0,3.1238586712810217,0.6798930852389609
./results/quick_cross_modal_20250903_104033/vit_base_patch16_224_cifar10_analysis.json,vit_base_patch16_224,cifar10,layer_6,6,0.03148192429682316,0.1,-3.027660799063793,3.176425908948997,-10.0,3.176325015338257,0.6851807570317685
./results/quick_cross_modal_20250903_104033/vit_base_patch16_224_cifar10_analysis.json,vit_base_patch16_224,cifar10,layer_7,7,0.03170582776298941,0.1,-2.9811674985859185,3.153994298698967,-10.0,3.153894825035998,0.682941722370106
./results/quick_cross_modal_20250903_104033/vit_base_patch16_224_cifar10_analysis.json,vit_base_patch16_224,cifar10,layer_8,8,0.03242075476251195,0.1,-2.7902866274079505,3.0844439228055784,-10.0,3.084348787796835,0.6757924523748805
./results/quick_cross_modal_20250903_104033/vit_base_patch16_224_cifar10_analysis.json,vit_base_patch16_224,cifar10,layer_9,9,0.03249909040110878,0.1,-2.2430767093266377,3.0770091952046843,-10.0,3.0769145182620288,0.6750090959889122
./results/quick_cross_modal_20250903_104033/vit_base_patch16_224_cifar10_analysis.json,vit_base_patch16_224,cifar10,layer_10,10,0.03215794537233206,0.1,-1.5548292951979465,3.109651404720578,-10.0,3.1095547084089072,0.6784205462766795
./results/quick_cross_modal_20250903_104033/vit_base_patch16_224_cifar10_analysis.json,vit_base_patch16_224,cifar10,layer_11,11,0.03198108365853616,0.1,-0.8957126466033323,3.1268483916212997,-10.0,3.1267506228697384,0.6801891634146384
./results/quick_cross_modal_20250903_104033/vit_base_patch16_224_cifar10_analysis.json,vit_base_patch16_224,cifar10,summary,-1,0.03208512284265937,0.1,,,,3.1166121407179586,0.6791487715734064
./results/quick_cross_modal_20250903_104033/vit_base_patch16_224_cifar10_analysis.json,vit_base_patch16_224,cifar10,summary_final,999,0.03198108365853616,0.1,,,,3.1267506228697384,0.6801891634146384
./results/quick_cross_modal_20250903_104033/resnet18_cifar10_analysis.json,resnet18,cifar10,layer_0,0,0.03283361156514913,0.1,-0.07090066509197353,3.0456594700701123,-10.0,3.0455667124791166,0.6716638843485088
./results/quick_cross_modal_20250903_104033/resnet18_cifar10_analysis.json,resnet18,cifar10,layer_1,1,0.03349256960338933,0.1,-0.4516355733785406,2.9857368719144306,-10.0,2.9856477283293406,0.6650743039661067
./results/quick_cross_modal_20250903_104033/resnet18_cifar10_analysis.json,resnet18,cifar10,layer_2,2,0.03305747378493297,0.1,-0.6872456756597687,3.025034539861854,-10.0,3.0249430342902555,0.6694252621506703
./results/quick_cross_modal_20250903_104033/resnet18_cifar10_analysis.json,resnet18,cifar10,layer_3,3,0.03303490283945128,0.1,-2.638513338993197,3.027101380803124,-10.0,3.02700975014918,0.6696509716054873
./results/quick_cross_modal_20250903_104033/resnet18_cifar10_analysis.json,resnet18,cifar10,summary,-1,0.03283361156514913,0.1,,,,3.0455667124791166,0.6716638843485088
./results/quick_cross_modal_20250903_104033/resnet18_cifar10_analysis.json,resnet18,cifar10,summary_final,999,0.03303490283945128,0.1,,,,3.02700975014918,0.6696509716054873
./results/comprehensive_analysis_20250829_220539/convnext_tiny_cifar100_analysis.json,convnext_tiny,cifar100,layer_0,0,0.033157148987244124,0.1,-1.4263768641588541,3.0158498907303244,20.73706091508143,3.0158498907303244,0.6684285101275588
./results/comprehensive_analysis_20250829_220539/convnext_tiny_cifar100_analysis.json,convnext_tiny,cifar100,layer_1,1,0.033199480782730634,0.1,0.7957124330716252,3.012004574705298,20.762259258475893,3.012004574705298,0.6680051921726937
./results/comprehensive_analysis_20250829_220539/convnext_tiny_cifar100_analysis.json,convnext_tiny,cifar100,layer_2,2,0.032475593768590987,0.1,3.91381067220478,3.079140648571119,20.33135966275953,3.079140648571119,0.6752440623140902
./results/comprehensive_analysis_20250829_220539/convnext_tiny_cifar100_analysis.json,convnext_tiny,cifar100,layer_3,3,0.03380413129002886,0.1,-1.8268127710764717,2.9581307980157416,21.122182359809823,2.9581307980157416,0.6619586870997114
./results/comprehensive_analysis_20250829_220539/convnext_tiny_cifar100_analysis.json,convnext_tiny,cifar100,summary,-1,0.033157148987244124,0.1,,,,3.0158498907303244,0.6684285101275588
./results/comprehensive_analysis_20250829_220539/convnext_tiny_cifar100_analysis.json,convnext_tiny,cifar100,summary_final,999,0.03380413129002886,0.1,,,,2.9581307980157416,0.6619586870997114
./results/comprehensive_analysis_20250829_220539/vit_base_patch16_224_svhn_analysis.json,vit_base_patch16_224,svhn,layer_0,0,0.03409894042355861,0.1,-1.9455496690855403,2.9325564431459545,6.971088033630983,2.9325564431459545,0.6590105957644139
./results/comprehensive_analysis_20250829_220539/vit_base_patch16_224_svhn_analysis.json,vit_base_patch16_224,svhn,layer_1,1,0.033333189192410094,0.1,-2.779091380702318,2.9999229746607767,6.836996828559693,2.9999229746607767,0.6666681080758992
./results/comprehensive_analysis_20250829_220539/vit_base_patch16_224_svhn_analysis.json,vit_base_patch16_224,svhn,layer_2,2,0.03265802886249686,0.1,0.317918870599043,3.0619404030973008,6.718769056181698,3.0619404030973008,0.6734197113750314
./results/comprehensive_analysis_20250829_220539/vit_base_patch16_224_svhn_analysis.json,vit_base_patch16_224,svhn,layer_3,3,0.033160065602859994,0.1,1.3104980463333775,3.015584637647333,6.8066810421727455,3.015584637647333,0.6683993439714001
./results/comprehensive_analysis_20250829_220539/vit_base_patch16_224_svhn_analysis.json,vit_base_patch16_224,svhn,layer_4,4,0.03313749062682134,0.1,-2.888132774622249,3.0176389481982886,6.802727923172287,3.0176389481982886,0.6686250937317866
./results/comprehensive_analysis_20250829_220539/vit_base_patch16_224_svhn_analysis.json,vit_base_patch16_224,svhn,layer_5,5,0.03309850921448629,0.1,-2.950439418320652,3.021192832558198,6.79590186224967,3.021192832558198,0.6690149078551371
./results/comprehensive_analysis_20250829_220539/vit_base_patch16_224_svhn_analysis.json,vit_base_patch16_224,svhn,layer_6,6,0.03320365227070932,0.1,-3.1180095669380403,3.011626177703194,6.814313532437492,3.011626177703194,0.6679634772929068
./results/comprehensive_analysis_20250829_220539/vit_base_patch16_224_svhn_analysis.json,vit_base_patch16_224,svhn,layer_7,7,0.03382815411387067,0.1,-2.981776847120012,2.956030164496424,6.9236704636606365,2.956030164496424,0.6617184588612933
./results/comprehensive_analysis_20250829_220539/vit_base_patch16_224_svhn_analysis.json,vit_base_patch16_224,svhn,layer_8,8,0.0331285219592351,0.1,-2.7472244580099994,3.0184558691503924,6.8011574138533275,3.0184558691503924,0.668714780407649
./results/comprehensive_analysis_20250829_220539/vit_base_patch16_224_svhn_analysis.json,vit_base_patch16_224,svhn,layer_9,9,0.03385983074788253,0.1,-2.0792537916973246,2.953264813393672,6.929217380014766,2.953264813393672,0.6614016925211748
./results/comprehensive_analysis_20250829_220539/vit_base_patch16_224_svhn_analysis.json,vit_base_patch16_224,svhn,layer_10,10,0.033219991910051525,0.1,-1.2827273832089654,3.0101449189343277,6.8171747775007745,3.0101449189343277,0.6678000808994848
./results/comprehensive_analysis_20250829_220539/vit_base_patch16_224_svhn_analysis.json,vit_base_patch16_224,svhn,layer_11,11,0.03310938142318466,0.1,-0.7058400628614105,3.020200786028326,6.797805701913061,3.020200786028326,0.6689061857681534
./results/comprehensive_analysis_20250829_220539/vit_base_patch16_224_svhn_analysis.json,vit_base_patch16_224,svhn,summary,-1,0.03409894042355861,0.1,,,,2.9325564431459545,0.6590105957644139
./results/comprehensive_analysis_20250829_220539/vit_base_patch16_224_svhn_analysis.json,vit_base_patch16_224,svhn,summary_final,999,0.03310938142318466,0.1,,,,3.020200786028326,0.6689061857681534
./results/comprehensive_analysis_20250829_220539/resnet18_cifar100_analysis.json,resnet18,cifar100,layer_0,0,0.03362009881387579,0.1,-0.09054798851882631,2.974322777301048,6.035867233059374,2.974322777301048,0.6637990118612421
./results/comprehensive_analysis_20250829_220539/resnet18_cifar100_analysis.json,resnet18,cifar100,layer_1,1,0.03365153834692566,0.1,-0.5259841303353988,2.9715440472601244,6.040576479013261,2.9715440472601244,0.6634846165307435
./results/comprehensive_analysis_20250829_220539/resnet18_cifar100_analysis.json,resnet18,cifar100,layer_2,2,0.03191921683101443,0.1,-0.6936473555495459,3.1328107991684333,5.7810965409144295,3.1328107991684333,0.6808078316898557
./results/comprehensive_analysis_20250829_220539/resnet18_cifar100_analysis.json,resnet18,cifar100,layer_3,3,0.03225917941405922,0.1,-2.639887064572532,3.0997967716329335,5.832018652770773,3.0997967716329335,0.6774082058594078
./results/comprehensive_analysis_20250829_220539/resnet18_cifar100_analysis.json,resnet18,cifar100,summary,-1,0.03362009881387579,0.1,,,,2.974322777301048,0.6637990118612421
./results/comprehensive_analysis_20250829_220539/resnet18_cifar100_analysis.json,resnet18,cifar100,summary_final,999,0.03225917941405922,0.1,,,,3.0997967716329335,0.6774082058594078
./results/comprehensive_analysis_20250829_220539/convnext_tiny_svhn_analysis.json,convnext_tiny,svhn,layer_0,0,0.03333308975305497,0.1,-1.452988848681959,2.999931923769879,-2.9578115336817885,2.999931923769879,0.6666691024694503
./results/comprehensive_analysis_20250829_220539/convnext_tiny_svhn_analysis.json,convnext_tiny,svhn,layer_1,1,0.034492203945135455,0.1,0.9896446596468097,2.899121814229232,-3.0954392049314947,2.899121814229232,0.6550779605486454
./results/comprehensive_analysis_20250829_220539/convnext_tiny_svhn_analysis.json,convnext_tiny,svhn,layer_2,2,0.03343993225330073,0.1,3.473665210191991,2.9903472559479756,-2.970497500776133,2.9903472559479756,0.6656006774669927
./results/comprehensive_analysis_20250829_220539/convnext_tiny_svhn_analysis.json,convnext_tiny,svhn,layer_3,3,0.033797885589366194,0.1,-1.565317541820981,2.9586774314080344,-3.0129991666131533,2.9586774314080344,0.662021144106338
./results/comprehensive_analysis_20250829_220539/convnext_tiny_svhn_analysis.json,convnext_tiny,svhn,summary,-1,0.03333308975305497,0.1,,,,2.999931923769879,0.6666691024694503
./results/comprehensive_analysis_20250829_220539/convnext_tiny_svhn_analysis.json,convnext_tiny,svhn,summary_final,999,0.033797885589366194,0.1,,,,2.9586774314080344,0.662021144106338
./results/comprehensive_analysis_20250829_220539/vit_base_patch16_224_cifar100_analysis.json,vit_base_patch16_224,cifar100,layer_0,0,0.035471641880998356,0.1,-1.9428420954447048,2.8190739312700317,-9.394832487821095,2.8190739312700317,0.6452835811900164
./results/comprehensive_analysis_20250829_220539/vit_base_patch16_224_cifar100_analysis.json,vit_base_patch16_224,cifar100,layer_1,1,0.035030828662523925,0.1,-2.8464565894202094,2.854546959661778,-9.265653816593202,2.854546959661778,0.6496917133747608
./results/comprehensive_analysis_20250829_220539/vit_base_patch16_224_cifar100_analysis.json,vit_base_patch16_224,cifar100,layer_2,2,0.03483300931650757,0.1,0.18790537622974457,2.870757686586791,-9.207683594307218,2.870757686586791,0.6516699068349243
./results/comprehensive_analysis_20250829_220539/vit_base_patch16_224_cifar100_analysis.json,vit_base_patch16_224,cifar100,layer_3,3,0.03455600476222534,0.1,1.1596384347811108,2.8937693150220922,-9.126508441778691,2.8937693150220922,0.6544399523777467
./results/comprehensive_analysis_20250829_220539/vit_base_patch16_224_cifar100_analysis.json,vit_base_patch16_224,cifar100,layer_4,4,0.0350485957404348,0.1,-2.977033073719855,2.8530999541496986,-9.27086039257582,2.8530999541496986,0.649514042595652
./results/comprehensive_analysis_20250829_220539/vit_base_patch16_224_cifar100_analysis.json,vit_base_patch16_224,cifar100,layer_5,5,0.03496936003057088,0.1,-3.114896701632164,2.8595644972651297,-9.247640663028136,2.8595644972651297,0.6503063996942913
./results/comprehensive_analysis_20250829_220539/vit_base_patch16_224_cifar100_analysis.json,vit_base_patch16_224,cifar100,layer_6,6,0.03478534113356858,0.1,-3.2718682053536234,2.874691523780312,-9.193714610906,2.874691523780312,0.6521465886643143
./results/comprehensive_analysis_20250829_220539/vit_base_patch16_224_cifar100_analysis.json,vit_base_patch16_224,cifar100,layer_7,7,0.03498423921069113,0.1,-3.1560859072793264,2.858348327926854,-9.252000951323362,2.858348327926854,0.6501576078930886
./results/comprehensive_analysis_20250829_220539/vit_base_patch16_224_cifar100_analysis.json,vit_base_patch16_224,cifar100,layer_8,8,0.03460513619978249,0.1,-2.9106357634819253,2.889660938242176,-9.140906226493755,2.889660938242176,0.6539486380021751
./results/comprehensive_analysis_20250829_220539/vit_base_patch16_224_cifar100_analysis.json,vit_base_patch16_224,cifar100,layer_9,9,0.034567307148082725,0.1,-2.346605521352515,2.8928231738864985,-9.129820563842124,2.8928231738864985,0.6543269285191728
./results/comprehensive_analysis_20250829_220539/vit_base_patch16_224_cifar100_analysis.json,vit_base_patch16_224,cifar100,layer_10,10,0.0342713920624648,0.1,-1.6659835225562305,2.9178004213344715,-9.043103750565281,2.9178004213344715,0.657286079375352
./results/comprehensive_analysis_20250829_220539/vit_base_patch16_224_cifar100_analysis.json,vit_base_patch16_224,cifar100,layer_11,11,0.03386033109606713,0.1,-0.985677821470388,2.9532211748053414,-8.922643865953212,2.9532211748053414,0.6613966890393288
./results/comprehensive_analysis_20250829_220539/vit_base_patch16_224_cifar100_analysis.json,vit_base_patch16_224,cifar100,summary,-1,0.035471641880998356,0.1,,,,2.8190739312700317,0.6452835811900164
./results/comprehensive_analysis_20250829_220539/vit_base_patch16_224_cifar100_analysis.json,vit_base_patch16_224,cifar100,summary_final,999,0.03386033109606713,0.1,,,,2.9532211748053414,0.6613966890393288
./results/comprehensive_analysis_20250829_220539/resnet18_svhn_analysis.json,resnet18,svhn,layer_0,0,0.034508805683239156,0.1,-0.10010316492028003,2.897727124802918,25.103141223532354,2.897727124802918,0.6549119431676085
./results/comprehensive_analysis_20250829_220539/resnet18_svhn_analysis.json,resnet18,svhn,layer_1,1,0.03404132244617195,0.1,-0.6066320305396756,2.9375199109320747,24.776621245237724,2.9375199109320747,0.6595867755382805
./results/comprehensive_analysis_20250829_220539/resnet18_svhn_analysis.json,resnet18,svhn,layer_2,2,0.03363851062774858,0.1,-0.7228926139506642,2.972694850011045,24.495271892406247,2.972694850011045,0.6636148937225143
./results/comprehensive_analysis_20250829_220539/resnet18_svhn_analysis.json,resnet18,svhn,layer_3,3,0.03332659816299453,0.1,-2.722584856768786,3.000516254154658,24.277412420352757,3.000516254154658,0.6667340183700547
./results/comprehensive_analysis_20250829_220539/resnet18_svhn_analysis.json,resnet18,svhn,summary,-1,0.034508805683239156,0.1,,,,2.897727124802918,0.6549119431676085
./results/comprehensive_analysis_20250829_220539/resnet18_svhn_analysis.json,resnet18,svhn,summary_final,999,0.03332659816299453,0.1,,,,3.000516254154658,0.6667340183700547
./results/comprehensive_analysis_20250829_220539/convnext_tiny_cifar10_analysis.json,convnext_tiny,cifar10,layer_0,0,0.03326985163513336,0.1,-1.4159375890289487,3.005633913332173,-2.486020515573645,3.005633913332173,0.6673014836486664
./results/comprehensive_analysis_20250829_220539/convnext_tiny_cifar10_analysis.json,convnext_tiny,cifar10,layer_1,1,0.034141932906439784,0.1,0.8082430961674938,2.928863793688291,-2.5773973343332264,2.928863793688291,0.6585806709356021
./results/comprehensive_analysis_20250829_220539/convnext_tiny_cifar10_analysis.json,convnext_tiny,cifar10,layer_2,2,0.0333009713925637,0.1,3.9422085002463643,3.002825232812791,-2.489281248865503,3.002825232812791,0.6669902860743631
./results/comprehensive_analysis_20250829_220539/convnext_tiny_cifar10_analysis.json,convnext_tiny,cifar10,layer_3,3,0.033640540112685365,0.1,-1.861275078286712,2.972515516978147,-2.524861315100038,2.972515516978147,0.6635945988731464
./results/comprehensive_analysis_20250829_220539/convnext_tiny_cifar10_analysis.json,convnext_tiny,cifar10,summary,-1,0.03326985163513336,0.1,,,,3.005633913332173,0.6673014836486664
./results/comprehensive_analysis_20250829_220539/convnext_tiny_cifar10_analysis.json,convnext_tiny,cifar10,summary_final,999,0.033640540112685365,0.1,,,,2.972515516978147,0.6635945988731464
./results/comprehensive_analysis_20250829_220539/vit_base_patch16_224_cifar10_analysis.json,vit_base_patch16_224,cifar10,layer_0,0,0.03440295526821906,0.1,-1.763785543389044,2.906642542125842,10.110591733429802,2.906642542125842,0.6559704473178094
./results/comprehensive_analysis_20250829_220539/vit_base_patch16_224_cifar10_analysis.json,vit_base_patch16_224,cifar10,layer_1,1,0.034514196825413526,0.1,-2.541841021268431,2.8972745108719775,10.140050726225285,2.8972745108719775,0.6548580317458648
./results/comprehensive_analysis_20250829_220539/vit_base_patch16_224_cifar10_analysis.json,vit_base_patch16_224,cifar10,layer_2,2,0.03303516652740925,0.1,0.24035904959558466,3.0269855891733863,9.748373874587548,3.0269855891733863,0.6696483347259075
./results/comprehensive_analysis_20250829_220539/vit_base_patch16_224_cifar10_analysis.json,vit_base_patch16_224,cifar10,layer_3,3,0.03299858236640065,0.1,1.1457045007809097,3.0303413809811577,9.738685655878985,3.0303413809811577,0.6700141763359935
./results/comprehensive_analysis_20250829_220539/vit_base_patch16_224_cifar10_analysis.json,vit_base_patch16_224,cifar10,layer_4,4,0.03471344355242362,0.1,-2.6005067776322734,2.880645338560192,10.19281525095459,2.880645338560192,0.6528655644757638
./results/comprehensive_analysis_20250829_220539/vit_base_patch16_224_cifar10_analysis.json,vit_base_patch16_224,cifar10,layer_5,5,0.035395900168868115,0.1,-2.7569199635193975,2.825106139885969,10.373543434325144,2.825106139885969,0.6460409983113189
./results/comprehensive_analysis_20250829_220539/vit_base_patch16_224_cifar10_analysis.json,vit_base_patch16_224,cifar10,layer_6,6,0.03507906425476591,0.1,-3.0213525860561723,2.850621916589397,10.289638937244343,2.850621916589397,0.649209357452341
./results/comprehensive_analysis_20250829_220539/vit_base_patch16_224_cifar10_analysis.json,vit_base_patch16_224,cifar10,layer_7,7,0.03406630268758382,0.1,-2.975472038475522,2.935365940680887,10.02143938607299,2.935365940680887,0.6593369731241618
./results/comprehensive_analysis_20250829_220539/vit_base_patch16_224_cifar10_analysis.json,vit_base_patch16_224,cifar10,layer_8,8,0.033999633072990816,0.1,-2.784982060027453,2.941121707508361,10.003783936567373,2.941121707508361,0.6600036692700919
./results/comprehensive_analysis_20250829_220539/vit_base_patch16_224_cifar10_analysis.json,vit_base_patch16_224,cifar10,layer_9,9,0.03341192712918995,0.1,-2.2428659868394365,2.9928536225920404,9.848147629409018,2.9928536225920404,0.6658807287081006
./results/comprehensive_analysis_20250829_220539/vit_base_patch16_224_cifar10_analysis.json,vit_base_patch16_224,cifar10,layer_10,10,0.03303037723708047,0.1,-1.5500420756334221,3.0274244783151723,9.747105574566861,3.0274244783151723,0.6696962276291953
./results/comprehensive_analysis_20250829_220539/vit_base_patch16_224_cifar10_analysis.json,vit_base_patch16_224,cifar10,layer_11,11,0.03323423666335488,0.1,-0.8912946588860817,3.008854758969111,9.801091634465415,3.008854758969111,0.6676576333664512
./results/comprehensive_analysis_20250829_220539/vit_base_patch16_224_cifar10_analysis.json,vit_base_patch16_224,cifar10,summary,-1,0.03440295526821906,0.1,,,,2.906642542125842,0.6559704473178094
./results/comprehensive_analysis_20250829_220539/vit_base_patch16_224_cifar10_analysis.json,vit_base_patch16_224,cifar10,summary_final,999,0.03323423666335488,0.1,,,,3.008854758969111,0.6676576333664512
./results/comprehensive_analysis_20250829_220539/resnet18_cifar10_analysis.json,resnet18,cifar10,layer_0,0,0.03317220411023319,0.1,-0.06976156584740453,3.0144811959587665,-12.794247456507302,3.0144811959587665,0.6682779588976682
./results/comprehensive_analysis_20250829_220539/resnet18_cifar10_analysis.json,resnet18,cifar10,layer_1,1,0.033353197691246735,0.1,-0.4517011177214743,2.9981233824204194,-12.869511380370898,2.9981233824204194,0.6664680230875326
./results/comprehensive_analysis_20250829_220539/resnet18_cifar10_analysis.json,resnet18,cifar10,layer_2,2,0.03243067073210633,0.1,-0.684495575302293,3.083405749460917,-12.485890047359858,3.083405749460917,0.6756932926789367
./results/comprehensive_analysis_20250829_220539/resnet18_cifar10_analysis.json,resnet18,cifar10,layer_3,3,0.0325885120710583,0.1,-2.642618730405708,3.0684718378710185,-12.55152640004642,3.0684718378710185,0.674114879289417
./results/comprehensive_analysis_20250829_220539/resnet18_cifar10_analysis.json,resnet18,cifar10,summary,-1,0.03317220411023319,0.1,,,,3.0144811959587665,0.6682779588976682
./results/comprehensive_analysis_20250829_220539/resnet18_cifar10_analysis.json,resnet18,cifar10,summary_final,999,0.0325885120710583,0.1,,,,3.0684718378710185,0.674114879289417
./results/comprehensive_analysis_20250829_220539/resnet18_svhn/analysis_results.json,resnet18,svhn,layer_0,0,0.034508805683239156,0.1,-0.10010316492028003,2.897727124802918,25.103141223532354,2.897727124802918,0.6549119431676085
./results/comprehensive_analysis_20250829_220539/resnet18_svhn/analysis_results.json,resnet18,svhn,layer_1,1,0.03404132244617195,0.1,-0.6066320305396756,2.9375199109320747,24.776621245237724,2.9375199109320747,0.6595867755382805
./results/comprehensive_analysis_20250829_220539/resnet18_svhn/analysis_results.json,resnet18,svhn,layer_2,2,0.03363851062774858,0.1,-0.7228926139506642,2.972694850011045,24.495271892406247,2.972694850011045,0.6636148937225143
./results/comprehensive_analysis_20250829_220539/resnet18_svhn/analysis_results.json,resnet18,svhn,layer_3,3,0.03332659816299453,0.1,-2.722584856768786,3.000516254154658,24.277412420352757,3.000516254154658,0.6667340183700547
./results/comprehensive_analysis_20250829_220539/resnet18_svhn/analysis_results.json,resnet18,svhn,summary,-1,0.034508805683239156,0.1,,,,2.897727124802918,0.6549119431676085
./results/comprehensive_analysis_20250829_220539/resnet18_svhn/analysis_results.json,resnet18,svhn,summary_final,999,0.03332659816299453,0.1,,,,3.000516254154658,0.6667340183700547
./results/comprehensive_analysis_20250829_220539/vit_base_patch16_224_svhn/analysis_results.json,vit_base_patch16_224,svhn,layer_0,0,0.03409894042355861,0.1,-1.9455496690855403,2.9325564431459545,6.971088033630983,2.9325564431459545,0.6590105957644139
./results/comprehensive_analysis_20250829_220539/vit_base_patch16_224_svhn/analysis_results.json,vit_base_patch16_224,svhn,layer_1,1,0.033333189192410094,0.1,-2.779091380702318,2.9999229746607767,6.836996828559693,2.9999229746607767,0.6666681080758992
./results/comprehensive_analysis_20250829_220539/vit_base_patch16_224_svhn/analysis_results.json,vit_base_patch16_224,svhn,layer_2,2,0.03265802886249686,0.1,0.317918870599043,3.0619404030973008,6.718769056181698,3.0619404030973008,0.6734197113750314
./results/comprehensive_analysis_20250829_220539/vit_base_patch16_224_svhn/analysis_results.json,vit_base_patch16_224,svhn,layer_3,3,0.033160065602859994,0.1,1.3104980463333775,3.015584637647333,6.8066810421727455,3.015584637647333,0.6683993439714001
./results/comprehensive_analysis_20250829_220539/vit_base_patch16_224_svhn/analysis_results.json,vit_base_patch16_224,svhn,layer_4,4,0.03313749062682134,0.1,-2.888132774622249,3.0176389481982886,6.802727923172287,3.0176389481982886,0.6686250937317866
./results/comprehensive_analysis_20250829_220539/vit_base_patch16_224_svhn/analysis_results.json,vit_base_patch16_224,svhn,layer_5,5,0.03309850921448629,0.1,-2.950439418320652,3.021192832558198,6.79590186224967,3.021192832558198,0.6690149078551371
./results/comprehensive_analysis_20250829_220539/vit_base_patch16_224_svhn/analysis_results.json,vit_base_patch16_224,svhn,layer_6,6,0.03320365227070932,0.1,-3.1180095669380403,3.011626177703194,6.814313532437492,3.011626177703194,0.6679634772929068
./results/comprehensive_analysis_20250829_220539/vit_base_patch16_224_svhn/analysis_results.json,vit_base_patch16_224,svhn,layer_7,7,0.03382815411387067,0.1,-2.981776847120012,2.956030164496424,6.9236704636606365,2.956030164496424,0.6617184588612933
./results/comprehensive_analysis_20250829_220539/vit_base_patch16_224_svhn/analysis_results.json,vit_base_patch16_224,svhn,layer_8,8,0.0331285219592351,0.1,-2.7472244580099994,3.0184558691503924,6.8011574138533275,3.0184558691503924,0.668714780407649
./results/comprehensive_analysis_20250829_220539/vit_base_patch16_224_svhn/analysis_results.json,vit_base_patch16_224,svhn,layer_9,9,0.03385983074788253,0.1,-2.0792537916973246,2.953264813393672,6.929217380014766,2.953264813393672,0.6614016925211748
./results/comprehensive_analysis_20250829_220539/vit_base_patch16_224_svhn/analysis_results.json,vit_base_patch16_224,svhn,layer_10,10,0.033219991910051525,0.1,-1.2827273832089654,3.0101449189343277,6.8171747775007745,3.0101449189343277,0.6678000808994848
./results/comprehensive_analysis_20250829_220539/vit_base_patch16_224_svhn/analysis_results.json,vit_base_patch16_224,svhn,layer_11,11,0.03310938142318466,0.1,-0.7058400628614105,3.020200786028326,6.797805701913061,3.020200786028326,0.6689061857681534
./results/comprehensive_analysis_20250829_220539/vit_base_patch16_224_svhn/analysis_results.json,vit_base_patch16_224,svhn,summary,-1,0.03409894042355861,0.1,,,,2.9325564431459545,0.6590105957644139
./results/comprehensive_analysis_20250829_220539/vit_base_patch16_224_svhn/analysis_results.json,vit_base_patch16_224,svhn,summary_final,999,0.03310938142318466,0.1,,,,3.020200786028326,0.6689061857681534
./results/comprehensive_analysis_20250829_220539/vit_base_patch16_224_cifar10/analysis_results.json,vit_base_patch16_224,cifar10,layer_0,0,0.03440295526821906,0.1,-1.763785543389044,2.906642542125842,10.110591733429802,2.906642542125842,0.6559704473178094
./results/comprehensive_analysis_20250829_220539/vit_base_patch16_224_cifar10/analysis_results.json,vit_base_patch16_224,cifar10,layer_1,1,0.034514196825413526,0.1,-2.541841021268431,2.8972745108719775,10.140050726225285,2.8972745108719775,0.6548580317458648
./results/comprehensive_analysis_20250829_220539/vit_base_patch16_224_cifar10/analysis_results.json,vit_base_patch16_224,cifar10,layer_2,2,0.03303516652740925,0.1,0.24035904959558466,3.0269855891733863,9.748373874587548,3.0269855891733863,0.6696483347259075
./results/comprehensive_analysis_20250829_220539/vit_base_patch16_224_cifar10/analysis_results.json,vit_base_patch16_224,cifar10,layer_3,3,0.03299858236640065,0.1,1.1457045007809097,3.0303413809811577,9.738685655878985,3.0303413809811577,0.6700141763359935
./results/comprehensive_analysis_20250829_220539/vit_base_patch16_224_cifar10/analysis_results.json,vit_base_patch16_224,cifar10,layer_4,4,0.03471344355242362,0.1,-2.6005067776322734,2.880645338560192,10.19281525095459,2.880645338560192,0.6528655644757638
./results/comprehensive_analysis_20250829_220539/vit_base_patch16_224_cifar10/analysis_results.json,vit_base_patch16_224,cifar10,layer_5,5,0.035395900168868115,0.1,-2.7569199635193975,2.825106139885969,10.373543434325144,2.825106139885969,0.6460409983113189
./results/comprehensive_analysis_20250829_220539/vit_base_patch16_224_cifar10/analysis_results.json,vit_base_patch16_224,cifar10,layer_6,6,0.03507906425476591,0.1,-3.0213525860561723,2.850621916589397,10.289638937244343,2.850621916589397,0.649209357452341
./results/comprehensive_analysis_20250829_220539/vit_base_patch16_224_cifar10/analysis_results.json,vit_base_patch16_224,cifar10,layer_7,7,0.03406630268758382,0.1,-2.975472038475522,2.935365940680887,10.02143938607299,2.935365940680887,0.6593369731241618
./results/comprehensive_analysis_20250829_220539/vit_base_patch16_224_cifar10/analysis_results.json,vit_base_patch16_224,cifar10,layer_8,8,0.033999633072990816,0.1,-2.784982060027453,2.941121707508361,10.003783936567373,2.941121707508361,0.6600036692700919
./results/comprehensive_analysis_20250829_220539/vit_base_patch16_224_cifar10/analysis_results.json,vit_base_patch16_224,cifar10,layer_9,9,0.03341192712918995,0.1,-2.2428659868394365,2.9928536225920404,9.848147629409018,2.9928536225920404,0.6658807287081006
./results/comprehensive_analysis_20250829_220539/vit_base_patch16_224_cifar10/analysis_results.json,vit_base_patch16_224,cifar10,layer_10,10,0.03303037723708047,0.1,-1.5500420756334221,3.0274244783151723,9.747105574566861,3.0274244783151723,0.6696962276291953
./results/comprehensive_analysis_20250829_220539/vit_base_patch16_224_cifar10/analysis_results.json,vit_base_patch16_224,cifar10,layer_11,11,0.03323423666335488,0.1,-0.8912946588860817,3.008854758969111,9.801091634465415,3.008854758969111,0.6676576333664512
./results/comprehensive_analysis_20250829_220539/vit_base_patch16_224_cifar10/analysis_results.json,vit_base_patch16_224,cifar10,summary,-1,0.03440295526821906,0.1,,,,2.906642542125842,0.6559704473178094
./results/comprehensive_analysis_20250829_220539/vit_base_patch16_224_cifar10/analysis_results.json,vit_base_patch16_224,cifar10,summary_final,999,0.03323423666335488,0.1,,,,3.008854758969111,0.6676576333664512
./results/comprehensive_analysis_20250829_220539/convnext_tiny_cifar10/analysis_results.json,convnext_tiny,cifar10,layer_0,0,0.03326985163513336,0.1,-1.4159375890289487,3.005633913332173,-2.486020515573645,3.005633913332173,0.6673014836486664
./results/comprehensive_analysis_20250829_220539/convnext_tiny_cifar10/analysis_results.json,convnext_tiny,cifar10,layer_1,1,0.034141932906439784,0.1,0.8082430961674938,2.928863793688291,-2.5773973343332264,2.928863793688291,0.6585806709356021
./results/comprehensive_analysis_20250829_220539/convnext_tiny_cifar10/analysis_results.json,convnext_tiny,cifar10,layer_2,2,0.0333009713925637,0.1,3.9422085002463643,3.002825232812791,-2.489281248865503,3.002825232812791,0.6669902860743631
./results/comprehensive_analysis_20250829_220539/convnext_tiny_cifar10/analysis_results.json,convnext_tiny,cifar10,layer_3,3,0.033640540112685365,0.1,-1.861275078286712,2.972515516978147,-2.524861315100038,2.972515516978147,0.6635945988731464
./results/comprehensive_analysis_20250829_220539/convnext_tiny_cifar10/analysis_results.json,convnext_tiny,cifar10,summary,-1,0.03326985163513336,0.1,,,,3.005633913332173,0.6673014836486664
./results/comprehensive_analysis_20250829_220539/convnext_tiny_cifar10/analysis_results.json,convnext_tiny,cifar10,summary_final,999,0.033640540112685365,0.1,,,,2.972515516978147,0.6635945988731464
./results/comprehensive_analysis_20250829_220539/resnet18_cifar100/analysis_results.json,resnet18,cifar100,layer_0,0,0.03362009881387579,0.1,-0.09054798851882631,2.974322777301048,6.035867233059374,2.974322777301048,0.6637990118612421
./results/comprehensive_analysis_20250829_220539/resnet18_cifar100/analysis_results.json,resnet18,cifar100,layer_1,1,0.03365153834692566,0.1,-0.5259841303353988,2.9715440472601244,6.040576479013261,2.9715440472601244,0.6634846165307435
./results/comprehensive_analysis_20250829_220539/resnet18_cifar100/analysis_results.json,resnet18,cifar100,layer_2,2,0.03191921683101443,0.1,-0.6936473555495459,3.1328107991684333,5.7810965409144295,3.1328107991684333,0.6808078316898557
./results/comprehensive_analysis_20250829_220539/resnet18_cifar100/analysis_results.json,resnet18,cifar100,layer_3,3,0.03225917941405922,0.1,-2.639887064572532,3.0997967716329335,5.832018652770773,3.0997967716329335,0.6774082058594078
./results/comprehensive_analysis_20250829_220539/resnet18_cifar100/analysis_results.json,resnet18,cifar100,summary,-1,0.03362009881387579,0.1,,,,2.974322777301048,0.6637990118612421
./results/comprehensive_analysis_20250829_220539/resnet18_cifar100/analysis_results.json,resnet18,cifar100,summary_final,999,0.03225917941405922,0.1,,,,3.0997967716329335,0.6774082058594078
./results/comprehensive_analysis_20250829_220539/convnext_tiny_cifar100/analysis_results.json,convnext_tiny,cifar100,layer_0,0,0.033157148987244124,0.1,-1.4263768641588541,3.0158498907303244,20.73706091508143,3.0158498907303244,0.6684285101275588
./results/comprehensive_analysis_20250829_220539/convnext_tiny_cifar100/analysis_results.json,convnext_tiny,cifar100,layer_1,1,0.033199480782730634,0.1,0.7957124330716252,3.012004574705298,20.762259258475893,3.012004574705298,0.6680051921726937
./results/comprehensive_analysis_20250829_220539/convnext_tiny_cifar100/analysis_results.json,convnext_tiny,cifar100,layer_2,2,0.032475593768590987,0.1,3.91381067220478,3.079140648571119,20.33135966275953,3.079140648571119,0.6752440623140902
./results/comprehensive_analysis_20250829_220539/convnext_tiny_cifar100/analysis_results.json,convnext_tiny,cifar100,layer_3,3,0.03380413129002886,0.1,-1.8268127710764717,2.9581307980157416,21.122182359809823,2.9581307980157416,0.6619586870997114
./results/comprehensive_analysis_20250829_220539/convnext_tiny_cifar100/analysis_results.json,convnext_tiny,cifar100,summary,-1,0.033157148987244124,0.1,,,,3.0158498907303244,0.6684285101275588
./results/comprehensive_analysis_20250829_220539/convnext_tiny_cifar100/analysis_results.json,convnext_tiny,cifar100,summary_final,999,0.03380413129002886,0.1,,,,2.9581307980157416,0.6619586870997114
./results/comprehensive_analysis_20250829_220539/convnext_tiny_svhn/analysis_results.json,convnext_tiny,svhn,layer_0,0,0.03333308975305497,0.1,-1.452988848681959,2.999931923769879,-2.9578115336817885,2.999931923769879,0.6666691024694503
./results/comprehensive_analysis_20250829_220539/convnext_tiny_svhn/analysis_results.json,convnext_tiny,svhn,layer_1,1,0.034492203945135455,0.1,0.9896446596468097,2.899121814229232,-3.0954392049314947,2.899121814229232,0.6550779605486454
./results/comprehensive_analysis_20250829_220539/convnext_tiny_svhn/analysis_results.json,convnext_tiny,svhn,layer_2,2,0.03343993225330073,0.1,3.473665210191991,2.9903472559479756,-2.970497500776133,2.9903472559479756,0.6656006774669927
./results/comprehensive_analysis_20250829_220539/convnext_tiny_svhn/analysis_results.json,convnext_tiny,svhn,layer_3,3,0.033797885589366194,0.1,-1.565317541820981,2.9586774314080344,-3.0129991666131533,2.9586774314080344,0.662021144106338
./results/comprehensive_analysis_20250829_220539/convnext_tiny_svhn/analysis_results.json,convnext_tiny,svhn,summary,-1,0.03333308975305497,0.1,,,,2.999931923769879,0.6666691024694503
./results/comprehensive_analysis_20250829_220539/convnext_tiny_svhn/analysis_results.json,convnext_tiny,svhn,summary_final,999,0.033797885589366194,0.1,,,,2.9586774314080344,0.662021144106338
./results/comprehensive_analysis_20250829_220539/vit_base_patch16_224_cifar100/analysis_results.json,vit_base_patch16_224,cifar100,layer_0,0,0.035471641880998356,0.1,-1.9428420954447048,2.8190739312700317,-9.394832487821095,2.8190739312700317,0.6452835811900164
./results/comprehensive_analysis_20250829_220539/vit_base_patch16_224_cifar100/analysis_results.json,vit_base_patch16_224,cifar100,layer_1,1,0.035030828662523925,0.1,-2.8464565894202094,2.854546959661778,-9.265653816593202,2.854546959661778,0.6496917133747608
./results/comprehensive_analysis_20250829_220539/vit_base_patch16_224_cifar100/analysis_results.json,vit_base_patch16_224,cifar100,layer_2,2,0.03483300931650757,0.1,0.18790537622974457,2.870757686586791,-9.207683594307218,2.870757686586791,0.6516699068349243
./results/comprehensive_analysis_20250829_220539/vit_base_patch16_224_cifar100/analysis_results.json,vit_base_patch16_224,cifar100,layer_3,3,0.03455600476222534,0.1,1.1596384347811108,2.8937693150220922,-9.126508441778691,2.8937693150220922,0.6544399523777467
./results/comprehensive_analysis_20250829_220539/vit_base_patch16_224_cifar100/analysis_results.json,vit_base_patch16_224,cifar100,layer_4,4,0.0350485957404348,0.1,-2.977033073719855,2.8530999541496986,-9.27086039257582,2.8530999541496986,0.649514042595652
./results/comprehensive_analysis_20250829_220539/vit_base_patch16_224_cifar100/analysis_results.json,vit_base_patch16_224,cifar100,layer_5,5,0.03496936003057088,0.1,-3.114896701632164,2.8595644972651297,-9.247640663028136,2.8595644972651297,0.6503063996942913
./results/comprehensive_analysis_20250829_220539/vit_base_patch16_224_cifar100/analysis_results.json,vit_base_patch16_224,cifar100,layer_6,6,0.03478534113356858,0.1,-3.2718682053536234,2.874691523780312,-9.193714610906,2.874691523780312,0.6521465886643143
./results/comprehensive_analysis_20250829_220539/vit_base_patch16_224_cifar100/analysis_results.json,vit_base_patch16_224,cifar100,layer_7,7,0.03498423921069113,0.1,-3.1560859072793264,2.858348327926854,-9.252000951323362,2.858348327926854,0.6501576078930886
./results/comprehensive_analysis_20250829_220539/vit_base_patch16_224_cifar100/analysis_results.json,vit_base_patch16_224,cifar100,layer_8,8,0.03460513619978249,0.1,-2.9106357634819253,2.889660938242176,-9.140906226493755,2.889660938242176,0.6539486380021751
./results/comprehensive_analysis_20250829_220539/vit_base_patch16_224_cifar100/analysis_results.json,vit_base_patch16_224,cifar100,layer_9,9,0.034567307148082725,0.1,-2.346605521352515,2.8928231738864985,-9.129820563842124,2.8928231738864985,0.6543269285191728
./results/comprehensive_analysis_20250829_220539/vit_base_patch16_224_cifar100/analysis_results.json,vit_base_patch16_224,cifar100,layer_10,10,0.0342713920624648,0.1,-1.6659835225562305,2.9178004213344715,-9.043103750565281,2.9178004213344715,0.657286079375352
./results/comprehensive_analysis_20250829_220539/vit_base_patch16_224_cifar100/analysis_results.json,vit_base_patch16_224,cifar100,layer_11,11,0.03386033109606713,0.1,-0.985677821470388,2.9532211748053414,-8.922643865953212,2.9532211748053414,0.6613966890393288
./results/comprehensive_analysis_20250829_220539/vit_base_patch16_224_cifar100/analysis_results.json,vit_base_patch16_224,cifar100,summary,-1,0.035471641880998356,0.1,,,,2.8190739312700317,0.6452835811900164
./results/comprehensive_analysis_20250829_220539/vit_base_patch16_224_cifar100/analysis_results.json,vit_base_patch16_224,cifar100,summary_final,999,0.03386033109606713,0.1,,,,2.9532211748053414,0.6613966890393288
./results/comprehensive_analysis_20250829_220539/resnet18_cifar10/analysis_results.json,resnet18,cifar10,layer_0,0,0.03317220411023319,0.1,-0.06976156584740453,3.0144811959587665,-12.794247456507302,3.0144811959587665,0.6682779588976682
./results/comprehensive_analysis_20250829_220539/resnet18_cifar10/analysis_results.json,resnet18,cifar10,layer_1,1,0.033353197691246735,0.1,-0.4517011177214743,2.9981233824204194,-12.869511380370898,2.9981233824204194,0.6664680230875326
./results/comprehensive_analysis_20250829_220539/resnet18_cifar10/analysis_results.json,resnet18,cifar10,layer_2,2,0.03243067073210633,0.1,-0.684495575302293,3.083405749460917,-12.485890047359858,3.083405749460917,0.6756932926789367
./results/comprehensive_analysis_20250829_220539/resnet18_cifar10/analysis_results.json,resnet18,cifar10,layer_3,3,0.0325885120710583,0.1,-2.642618730405708,3.0684718378710185,-12.55152640004642,3.0684718378710185,0.674114879289417
./results/comprehensive_analysis_20250829_220539/resnet18_cifar10/analysis_results.json,resnet18,cifar10,summary,-1,0.03317220411023319,0.1,,,,3.0144811959587665,0.6682779588976682
./results/comprehensive_analysis_20250829_220539/resnet18_cifar10/analysis_results.json,resnet18,cifar10,summary_final,999,0.0325885120710583,0.1,,,,3.0684718378710185,0.674114879289417
./results/comprehensive_analysis_20250829_222555/convnext_tiny_cifar100_analysis.json,convnext_tiny,cifar100,layer_0,0,0.032890880322846074,0.1,-1.4262589287488485,3.0402640110100942,-10.229946084704023,3.0402640110100942,0.6710911967715393
./results/comprehensive_analysis_20250829_222555/convnext_tiny_cifar100_analysis.json,convnext_tiny,cifar100,layer_1,1,0.03299157726205538,0.1,0.7812861296159953,3.0309847941163897,-10.264327079895256,3.0309847941163897,0.6700842273794463
./results/comprehensive_analysis_20250829_222555/convnext_tiny_cifar100_analysis.json,convnext_tiny,cifar100,layer_2,2,0.03270118882822518,0.1,3.896076546477994,3.057899290022148,-10.165179643781496,3.057899290022148,0.6729881117177482
./results/comprehensive_analysis_20250829_222555/convnext_tiny_cifar100_analysis.json,convnext_tiny,cifar100,layer_3,3,0.03259050327480604,0.1,-1.8312994943210863,3.0682843671498343,-10.12738823214849,3.0682843671498343,0.6740949672519396
./results/comprehensive_analysis_20250829_222555/convnext_tiny_cifar100_analysis.json,convnext_tiny,cifar100,summary,-1,0.032890880322846074,0.1,,,,3.0402640110100942,0.6710911967715393
./results/comprehensive_analysis_20250829_222555/convnext_tiny_cifar100_analysis.json,convnext_tiny,cifar100,summary_final,999,0.03259050327480604,0.1,,,,3.0682843671498343,0.6740949672519396
./results/comprehensive_analysis_20250829_222555/vit_base_patch16_224_svhn_analysis.json,vit_base_patch16_224,svhn,layer_0,0,0.03206708144307005,0.1,-1.918427701468781,3.118365536695059,-10.525352733966225,3.118365536695059,0.6793291855692996
./results/comprehensive_analysis_20250829_222555/vit_base_patch16_224_svhn_analysis.json,vit_base_patch16_224,svhn,layer_1,1,0.031530361845297374,0.1,-2.7178528731056955,3.1714456384925893,-10.33244828475576,3.1714456384925893,0.6846963815470263
./results/comprehensive_analysis_20250829_222555/vit_base_patch16_224_svhn_analysis.json,vit_base_patch16_224,svhn,layer_2,2,0.03250196450342101,0.1,0.35040986201055624,3.0766424394757834,-10.681655722670383,3.0766424394757834,0.67498035496579
./results/comprehensive_analysis_20250829_222555/vit_base_patch16_224_svhn_analysis.json,vit_base_patch16_224,svhn,layer_3,3,0.03325163083653889,0.1,1.3317917645915986,3.00728085220004,-10.951096174783304,3.00728085220004,0.6674836916346112
./results/comprehensive_analysis_20250829_222555/vit_base_patch16_224_svhn_analysis.json,vit_base_patch16_224,svhn,layer_4,4,0.031148039078755494,0.1,-2.8222072596902223,3.210371907369777,-10.195036192843252,3.210371907369777,0.688519609212445
./results/comprehensive_analysis_20250829_222555/vit_base_patch16_224_svhn_analysis.json,vit_base_patch16_224,svhn,layer_5,5,0.03148625199464936,0.1,-2.897227019532368,3.1758884521581314,-10.316594594152097,3.1758884521581314,0.6851374800535064
./results/comprehensive_analysis_20250829_222555/vit_base_patch16_224_svhn_analysis.json,vit_base_patch16_224,svhn,layer_6,6,0.03180711612207726,0.1,-3.081966786210234,3.1438517017545835,-10.43191760085753,3.1438517017545835,0.6819288387792274
./results/comprehensive_analysis_20250829_222555/vit_base_patch16_224_svhn_analysis.json,vit_base_patch16_224,svhn,layer_7,7,0.03216292116781728,0.1,-2.954532687996526,3.1090736567299655,-10.559798857028564,3.1090736567299655,0.6783707883218273
./results/comprehensive_analysis_20250829_222555/vit_base_patch16_224_svhn_analysis.json,vit_base_patch16_224,svhn,layer_8,8,0.032059058579959304,0.1,-2.7276482650876517,3.1191458914710113,-10.522469205964095,3.1191458914710113,0.679409414200407
./results/comprehensive_analysis_20250829_222555/vit_base_patch16_224_svhn_analysis.json,vit_base_patch16_224,svhn,layer_9,9,0.03268259624001347,0.1,-2.063353453374556,3.0596388251049693,-10.74657726792772,3.0596388251049693,0.6731740375998654
./results/comprehensive_analysis_20250829_222555/vit_base_patch16_224_svhn_analysis.json,vit_base_patch16_224,svhn,layer_10,10,0.032380551394204635,0.1,-1.2590389201490286,3.0881781660991425,-10.638018171409893,3.0881781660991425,0.6761944860579536
./results/comprehensive_analysis_20250829_222555/vit_base_patch16_224_svhn_analysis.json,vit_base_patch16_224,svhn,layer_11,11,0.03279947852095204,0.1,-0.6818252672576425,3.048736009632383,-10.788586376819003,3.048736009632383,0.6720052147904796
./results/comprehensive_analysis_20250829_222555/vit_base_patch16_224_svhn_analysis.json,vit_base_patch16_224,svhn,summary,-1,0.03206708144307005,0.1,,,,3.118365536695059,0.6793291855692996
./results/comprehensive_analysis_20250829_222555/vit_base_patch16_224_svhn_analysis.json,vit_base_patch16_224,svhn,summary_final,999,0.03279947852095204,0.1,,,,3.048736009632383,0.6720052147904796
./results/comprehensive_analysis_20250829_222555/mixer_b16_224_cifar100_analysis.json,mixer_b16_224,cifar100,layer_0,0,0.03231908947153517,0.1,-2.1575929069865514,3.094050840672073,-9.670879183419125,3.094050840672073,0.6768091052846483
./results/comprehensive_analysis_20250829_222555/mixer_b16_224_cifar100_analysis.json,mixer_b16_224,cifar100,layer_1,1,0.03282824280153333,0.1,-2.43322999904994,3.046064772329424,-9.838987683970513,3.046064772329424,0.6717175719846666
./results/comprehensive_analysis_20250829_222555/mixer_b16_224_cifar100_analysis.json,mixer_b16_224,cifar100,layer_2,2,0.03308202407820072,0.1,-1.964953882746205,3.0226982806536316,-9.922779318778687,3.0226982806536316,0.6691797592179929
./results/comprehensive_analysis_20250829_222555/mixer_b16_224_cifar100_analysis.json,mixer_b16_224,cifar100,layer_3,3,0.03305656516151244,0.1,-1.1104605979698678,3.025026178165895,-9.914373480973119,3.025026178165895,0.6694343483848757
./results/comprehensive_analysis_20250829_222555/mixer_b16_224_cifar100_analysis.json,mixer_b16_224,cifar100,layer_4,4,0.03338435457120284,0.1,-2.8012154509740608,2.995325383971116,-10.022600576649536,2.995325383971116,0.6661564542879717
./results/comprehensive_analysis_20250829_222555/mixer_b16_224_cifar100_analysis.json,mixer_b16_224,cifar100,layer_5,5,0.03274531312091077,0.1,-3.326827631483294,3.0537788981240497,-9.81160657215354,3.0537788981240497,0.6725468687908923
./results/comprehensive_analysis_20250829_222555/mixer_b16_224_cifar100_analysis.json,mixer_b16_224,cifar100,layer_6,6,0.032619103464132625,0.1,-3.1410159668466706,3.0655942005197754,-9.76993559622934,3.0655942005197754,0.6738089653586739
./results/comprehensive_analysis_20250829_222555/mixer_b16_224_cifar100_analysis.json,mixer_b16_224,cifar100,layer_7,7,0.03193031416199588,0.1,-3.408910360779083,3.1317220297502923,-9.542516212016608,3.1317220297502923,0.6806968583800412
./results/comprehensive_analysis_20250829_222555/mixer_b16_224_cifar100_analysis.json,mixer_b16_224,cifar100,layer_8,8,0.032098149564991275,0.1,-3.642694392447164,3.1153473333469353,-9.597930870577507,3.1153473333469353,0.6790185043500873
./results/comprehensive_analysis_20250829_222555/mixer_b16_224_cifar100_analysis.json,mixer_b16_224,cifar100,layer_9,9,0.03207392979714312,0.1,-3.288041729958922,3.117699730987623,-9.589934165819296,3.117699730987623,0.6792607020285688
./results/comprehensive_analysis_20250829_222555/mixer_b16_224_cifar100_analysis.json,mixer_b16_224,cifar100,layer_10,10,0.03289844572471825,0.1,-2.640442076459403,3.039564886190994,-9.86216676865014,3.039564886190994,0.6710155427528175
./results/comprehensive_analysis_20250829_222555/mixer_b16_224_cifar100_analysis.json,mixer_b16_224,cifar100,layer_11,11,0.032885430947895304,0.1,-2.408372643109667,3.0407677913860063,-9.85786964539117,3.0407677913860063,0.671145690521047
./results/comprehensive_analysis_20250829_222555/mixer_b16_224_cifar100_analysis.json,mixer_b16_224,cifar100,summary,-1,0.03231908947153517,0.1,,,,3.094050840672073,0.6768091052846483
./results/comprehensive_analysis_20250829_222555/mixer_b16_224_cifar100_analysis.json,mixer_b16_224,cifar100,summary_final,999,0.032885430947895304,0.1,,,,3.0407677913860063,0.671145690521047
./results/comprehensive_analysis_20250829_222555/resnet18_cifar100_analysis.json,resnet18,cifar100,layer_0,0,0.032426869907631585,0.1,-0.09065239975819453,3.0837671510599582,-4.0983420311323,3.0837671510599582,0.6757313009236842
./results/comprehensive_analysis_20250829_222555/resnet18_cifar100_analysis.json,resnet18,cifar100,layer_1,1,0.032898445369044446,0.1,-0.5277862775300621,3.0395649190515357,-4.172485881667993,3.0395649190515357,0.6710155463095555
./results/comprehensive_analysis_20250829_222555/resnet18_cifar100_analysis.json,resnet18,cifar100,layer_2,2,0.03394871952415873,0.1,-0.6924476932864785,2.9455324344826965,-4.337616123485471,2.9455324344826965,0.6605128047584127
./results/comprehensive_analysis_20250829_222555/resnet18_cifar100_analysis.json,resnet18,cifar100,layer_3,3,0.033760865352621156,0.1,-2.646919017178544,2.9619216520048215,-4.308080592575405,2.9619216520048215,0.6623913464737885
./results/comprehensive_analysis_20250829_222555/resnet18_cifar100_analysis.json,resnet18,cifar100,summary,-1,0.032426869907631585,0.1,,,,3.0837671510599582,0.6757313009236842
./results/comprehensive_analysis_20250829_222555/resnet18_cifar100_analysis.json,resnet18,cifar100,summary_final,999,0.033760865352621156,0.1,,,,2.9619216520048215,0.6623913464737885
./results/comprehensive_analysis_20250829_222555/vit_base_patch16_224_cifar100_analysis.json,vit_base_patch16_224,cifar100,layer_0,0,0.03399426031825054,0.1,-1.944367002419561,2.9415865348239283,-26.32161946416374,2.9415865348239283,0.6600573968174945
./results/comprehensive_analysis_20250829_222555/vit_base_patch16_224_cifar100_analysis.json,vit_base_patch16_224,cifar100,layer_1,1,0.034762520417791265,0.1,-2.845632547172484,2.8765786318011117,-26.939079879323387,2.8765786318011117,0.6523747958220873
./results/comprehensive_analysis_20250829_222555/vit_base_patch16_224_cifar100_analysis.json,vit_base_patch16_224,cifar100,layer_2,2,0.033976978855367074,0.1,0.19793835747523736,2.9430826484902664,-26.30773013260406,2.9430826484902664,0.6602302114463292
./results/comprehensive_analysis_20250829_222555/vit_base_patch16_224_cifar100_analysis.json,vit_base_patch16_224,cifar100,layer_3,3,0.03389375342994574,0.1,1.1601287923434274,2.950309115146146,-26.240840799469073,2.950309115146146,0.6610624657005426
./results/comprehensive_analysis_20250829_222555/vit_base_patch16_224_cifar100_analysis.json,vit_base_patch16_224,cifar100,layer_4,4,0.033930762000383086,0.1,-2.9761380519864202,2.947091282759528,-26.270585058321473,2.947091282759528,0.6606923799961691
./results/comprehensive_analysis_20250829_222555/vit_base_patch16_224_cifar100_analysis.json,vit_base_patch16_224,cifar100,layer_5,5,0.03418106344743253,0.1,-3.1138554439664565,2.925510923405391,-26.471755515439586,2.925510923405391,0.6581893655256748
./results/comprehensive_analysis_20250829_222555/vit_base_patch16_224_cifar100_analysis.json,vit_base_patch16_224,cifar100,layer_6,6,0.03428771000273489,0.1,-3.266867585375678,2.9164118449490792,-26.55746870860386,2.9164118449490792,0.6571228999726512
./results/comprehensive_analysis_20250829_222555/vit_base_patch16_224_cifar100_analysis.json,vit_base_patch16_224,cifar100,layer_7,7,0.033746579550800064,0.1,-3.1508486391400603,2.9631754730578677,-26.122555280577398,2.9631754730578677,0.6625342044919994
./results/comprehensive_analysis_20250829_222555/vit_base_patch16_224_cifar100_analysis.json,vit_base_patch16_224,cifar100,layer_8,8,0.033092129562808714,0.1,-2.908962255023548,3.0217752542927734,-25.59656549986649,3.0217752542927734,0.6690787043719129
./results/comprehensive_analysis_20250829_222555/vit_base_patch16_224_cifar100_analysis.json,vit_base_patch16_224,cifar100,layer_9,9,0.034428003132195954,0.1,-2.3465485303033966,2.9045278951595885,-26.670224081442903,2.9045278951595885,0.6557199686780405
./results/comprehensive_analysis_20250829_222555/vit_base_patch16_224_cifar100_analysis.json,vit_base_patch16_224,cifar100,layer_10,10,0.033786672141241376,0.1,-1.6609526352300379,2.9596593568794454,-26.154778205539294,2.9596593568794454,0.6621332785875862
./results/comprehensive_analysis_20250829_222555/vit_base_patch16_224_cifar100_analysis.json,vit_base_patch16_224,cifar100,layer_11,11,0.03396877384131999,0.1,-0.9798890103487176,2.9437935167634968,-26.30113565843713,2.9437935167634968,0.6603122615868002
./results/comprehensive_analysis_20250829_222555/vit_base_patch16_224_cifar100_analysis.json,vit_base_patch16_224,cifar100,summary,-1,0.03399426031825054,0.1,,,,2.9415865348239283,0.6600573968174945
./results/comprehensive_analysis_20250829_222555/vit_base_patch16_224_cifar100_analysis.json,vit_base_patch16_224,cifar100,summary_final,999,0.03396877384131999,0.1,,,,2.9437935167634968,0.6603122615868002
./results/comprehensive_analysis_20250829_222555/resnet18_svhn_analysis.json,resnet18,svhn,layer_0,0,0.03258649985550925,0.1,-0.1010878985466733,3.0686613101156324,-29.349497675748083,3.0686613101156324,0.6741350014449075
./results/comprehensive_analysis_20250829_222555/resnet18_svhn_analysis.json,resnet18,svhn,layer_1,1,0.032774421629777416,0.1,-0.6057192186270108,3.051066775877785,-29.524518972194866,3.051066775877785,0.6722557837022258
./results/comprehensive_analysis_20250829_222555/resnet18_svhn_analysis.json,resnet18,svhn,layer_2,2,0.032830729066348256,0.1,-0.7239953050443364,3.045834101454548,-29.576961008710338,3.045834101454548,0.6716927093365175
./results/comprehensive_analysis_20250829_222555/resnet18_svhn_analysis.json,resnet18,svhn,layer_3,3,0.03278321319113273,0.1,-2.7209843213081872,3.050248588154233,-29.532707009329954,3.050248588154233,0.6721678680886727
./results/comprehensive_analysis_20250829_222555/resnet18_svhn_analysis.json,resnet18,svhn,summary,-1,0.03258649985550925,0.1,,,,3.0686613101156324,0.6741350014449075
./results/comprehensive_analysis_20250829_222555/resnet18_svhn_analysis.json,resnet18,svhn,summary_final,999,0.03278321319113273,0.1,,,,3.050248588154233,0.6721678680886727
./results/comprehensive_analysis_20250829_222555/convnext_tiny_cifar10_analysis.json,convnext_tiny,cifar10,layer_0,0,0.0340460850923901,0.1,-1.4160199884960287,2.937108998571837,-2.1965454017251536,2.937108998571837,0.659539149076099
./results/comprehensive_analysis_20250829_222555/convnext_tiny_cifar10_analysis.json,convnext_tiny,cifar10,layer_1,1,0.03296364303756123,0.1,0.8096901154422298,3.033553249342212,-2.094916237502377,3.033553249342212,0.6703635696243877
./results/comprehensive_analysis_20250829_222555/convnext_tiny_cifar10_analysis.json,convnext_tiny,cifar10,layer_2,2,0.03339112490116643,0.1,3.9738428615231216,2.9947180748748004,-2.135051988256684,2.9947180748748004,0.6660887509883358
./results/comprehensive_analysis_20250829_222555/convnext_tiny_cifar10_analysis.json,convnext_tiny,cifar10,layer_3,3,0.032150808743274355,0.1,-1.8500339752515338,3.110244925829201,-2.018600217063716,3.110244925829201,0.6784919125672565
./results/comprehensive_analysis_20250829_222555/convnext_tiny_cifar10_analysis.json,convnext_tiny,cifar10,summary,-1,0.0340460850923901,0.1,,,,2.937108998571837,0.659539149076099
./results/comprehensive_analysis_20250829_222555/convnext_tiny_cifar10_analysis.json,convnext_tiny,cifar10,summary_final,999,0.032150808743274355,0.1,,,,3.110244925829201,0.6784919125672565
./results/comprehensive_analysis_20250829_222555/mixer_b16_224_cifar10_analysis.json,mixer_b16_224,cifar10,layer_0,0,0.03263499944471791,0.1,-2.1175436255210656,3.0641010449025745,3.7588689713754566,3.0641010449025745,0.673650005552821
./results/comprehensive_analysis_20250829_222555/mixer_b16_224_cifar10_analysis.json,mixer_b16_224,cifar10,layer_1,1,0.032861939342211224,0.1,-2.432535385489595,3.0429414410765663,3.778053817467518,3.0429414410765663,0.6713806065778878
./results/comprehensive_analysis_20250829_222555/mixer_b16_224_cifar10_analysis.json,mixer_b16_224,cifar10,layer_2,2,0.033471099368161276,0.1,-1.9435953605001492,2.9875628325577988,3.8295504536798983,2.9875628325577988,0.6652890063183873
./results/comprehensive_analysis_20250829_222555/mixer_b16_224_cifar10_analysis.json,mixer_b16_224,cifar10,layer_3,3,0.033530452928355964,0.1,-1.141424047075713,2.982274588985517,3.8345680329153193,2.982274588985517,0.6646954707164403
./results/comprehensive_analysis_20250829_222555/mixer_b16_224_cifar10_analysis.json,mixer_b16_224,cifar10,layer_4,4,0.03219069060989663,0.1,-2.7963743164609594,3.1063916838607164,3.7213083806307607,3.1063916838607164,0.6780930939010337
./results/comprehensive_analysis_20250829_222555/mixer_b16_224_cifar10_analysis.json,mixer_b16_224,cifar10,layer_5,5,0.0325676073479456,0.1,-3.220728712082291,3.070441389515168,3.753171837382364,3.070441389515168,0.6743239265205441
./results/comprehensive_analysis_20250829_222555/mixer_b16_224_cifar10_analysis.json,mixer_b16_224,cifar10,layer_6,6,0.03326791723390248,0.1,-3.0966564758534143,3.005808674112653,3.8123740205473045,3.005808674112653,0.6673208276609752
./results/comprehensive_analysis_20250829_222555/mixer_b16_224_cifar10_analysis.json,mixer_b16_224,cifar10,layer_7,7,0.03333884971400896,0.1,-3.3663458680408143,2.999413640367471,3.818370448362784,2.999413640367471,0.6666115028599104
./results/comprehensive_analysis_20250829_222555/mixer_b16_224_cifar10_analysis.json,mixer_b16_224,cifar10,layer_8,8,0.033727919741306026,0.1,-3.6612829548362207,2.964814787042684,3.8512613092258388,2.964814787042684,0.6627208025869398
./results/comprehensive_analysis_20250829_222555/mixer_b16_224_cifar10_analysis.json,mixer_b16_224,cifar10,layer_9,9,0.03373582283645391,0.1,-3.2967063289313785,2.9641202577009187,3.851929414154667,2.9641202577009187,0.6626417716354609
./results/comprehensive_analysis_20250829_222555/mixer_b16_224_cifar10_analysis.json,mixer_b16_224,cifar10,layer_10,10,0.033768448254892024,0.1,-2.61432532168794,2.961256554895399,3.854687473175306,2.961256554895399,0.6623155174510797
./results/comprehensive_analysis_20250829_222555/mixer_b16_224_cifar10_analysis.json,mixer_b16_224,cifar10,layer_11,11,0.03353182964851793,0.1,-2.3817695689237435,2.9821521490483507,3.834684416877377,2.9821521490483507,0.6646817035148207
./results/comprehensive_analysis_20250829_222555/mixer_b16_224_cifar10_analysis.json,mixer_b16_224,cifar10,summary,-1,0.03263499944471791,0.1,,,,3.0641010449025745,0.673650005552821
./results/comprehensive_analysis_20250829_222555/mixer_b16_224_cifar10_analysis.json,mixer_b16_224,cifar10,summary_final,999,0.03353182964851793,0.1,,,,2.9821521490483507,0.6646817035148207
./results/comprehensive_analysis_20250829_222555/vit_base_patch16_224_cifar10_analysis.json,vit_base_patch16_224,cifar10,layer_0,0,0.03273931829499406,0.1,-1.775318030534971,3.0543380519086107,-3.819792562752392,3.0543380519086107,0.6726068170500594
./results/comprehensive_analysis_20250829_222555/vit_base_patch16_224_cifar10_analysis.json,vit_base_patch16_224,cifar10,layer_1,1,0.03196549416596028,0.1,-2.565492333059802,3.128275483724632,-3.705872298793638,3.128275483724632,0.6803450583403973
./results/comprehensive_analysis_20250829_222555/vit_base_patch16_224_cifar10_analysis.json,vit_base_patch16_224,cifar10,layer_2,2,0.033425039668620114,0.1,0.21897536765574752,2.991679570519943,-3.9207425809214795,2.991679570519943,0.6657496033137988
./results/comprehensive_analysis_20250829_222555/vit_base_patch16_224_cifar10_analysis.json,vit_base_patch16_224,cifar10,layer_3,3,0.03384832307640931,0.1,1.1416634856877197,2.954268827600078,-3.98305720221006,2.954268827600078,0.661516769235907
./results/comprehensive_analysis_20250829_222555/vit_base_patch16_224_cifar10_analysis.json,vit_base_patch16_224,cifar10,layer_4,4,0.03257762797556751,0.1,-2.622673251869766,3.0694969743660003,-3.7959889578019395,3.0694969743660003,0.674223720244325
./results/comprehensive_analysis_20250829_222555/vit_base_patch16_224_cifar10_analysis.json,vit_base_patch16_224,cifar10,layer_5,5,0.03349750410697442,0.1,-2.7771243300657664,2.985207926916949,-3.931410596605163,2.985207926916949,0.6650249589302558
./results/comprehensive_analysis_20250829_222555/vit_base_patch16_224_cifar10_analysis.json,vit_base_patch16_224,cifar10,layer_6,6,0.0336024242415205,0.1,-3.0318466229117336,2.9758871977231323,-3.9468566507841683,2.9758871977231323,0.6639757575847951
./results/comprehensive_analysis_20250829_222555/vit_base_patch16_224_cifar10_analysis.json,vit_base_patch16_224,cifar10,layer_7,7,0.03442435356120906,0.1,-2.985049773918246,2.904835815911018,-4.06785882885178,2.904835815911018,0.6557564643879095
./results/comprehensive_analysis_20250829_222555/vit_base_patch16_224_cifar10_analysis.json,vit_base_patch16_224,cifar10,layer_8,8,0.03440712083571759,0.1,-2.7930802645613717,2.9062906538096756,-4.065321874312551,2.9062906538096756,0.655928791642824
./results/comprehensive_analysis_20250829_222555/vit_base_patch16_224_cifar10_analysis.json,vit_base_patch16_224,cifar10,layer_9,9,0.03427795650320512,0.1,-2.2443723434600895,2.917241660802886,-4.046306655864595,2.917241660802886,0.6572204349679488
./results/comprehensive_analysis_20250829_222555/vit_base_patch16_224_cifar10_analysis.json,vit_base_patch16_224,cifar10,layer_10,10,0.03384390077000383,0.1,-1.5588353052904163,2.9546548438584384,-3.98240616240125,2.9546548438584384,0.6615609922999617
./results/comprehensive_analysis_20250829_222555/vit_base_patch16_224_cifar10_analysis.json,vit_base_patch16_224,cifar10,layer_11,11,0.03428635212062286,0.1,-0.9054811483770713,2.9165273436163908,-4.0475426356130155,2.9165273436163908,0.6571364787937715
./results/comprehensive_analysis_20250829_222555/vit_base_patch16_224_cifar10_analysis.json,vit_base_patch16_224,cifar10,summary,-1,0.03273931829499406,0.1,,,,3.0543380519086107,0.6726068170500594
./results/comprehensive_analysis_20250829_222555/vit_base_patch16_224_cifar10_analysis.json,vit_base_patch16_224,cifar10,summary_final,999,0.03428635212062286,0.1,,,,2.9165273436163908,0.6571364787937715
./results/comprehensive_analysis_20250829_222555/resnet18_cifar10_analysis.json,resnet18,cifar10,layer_0,0,0.031755875217762665,0.1,-0.07116892229718798,3.148924423901339,-16.091949003982062,3.148924423901339,0.6824412478223734
./results/comprehensive_analysis_20250829_222555/resnet18_cifar10_analysis.json,resnet18,cifar10,layer_1,1,0.03171479499538146,0.1,-0.45289786972883894,3.1530031019106493,-16.069838416218477,3.1530031019106493,0.6828520500461854
./results/comprehensive_analysis_20250829_222555/resnet18_cifar10_analysis.json,resnet18,cifar10,layer_2,2,0.03221539791438228,0.1,-0.6830458197302401,3.104009339149529,-16.33927767758768,3.104009339149529,0.6778460208561772
./results/comprehensive_analysis_20250829_222555/resnet18_cifar10_analysis.json,resnet18,cifar10,layer_3,3,0.032387107109061515,0.1,-2.6469244840261923,3.0875530843240324,-16.431696632469162,3.0875530843240324,0.6761289289093848
./results/comprehensive_analysis_20250829_222555/resnet18_cifar10_analysis.json,resnet18,cifar10,summary,-1,0.031755875217762665,0.1,,,,3.148924423901339,0.6824412478223734
./results/comprehensive_analysis_20250829_222555/resnet18_cifar10_analysis.json,resnet18,cifar10,summary_final,999,0.032387107109061515,0.1,,,,3.0875530843240324,0.6761289289093848
./results/comprehensive_analysis_20250829_222555/resnet18_svhn/analysis_results.json,resnet18,svhn,layer_0,0,0.03258649985550925,0.1,-0.1010878985466733,3.0686613101156324,-29.349497675748083,3.0686613101156324,0.6741350014449075
./results/comprehensive_analysis_20250829_222555/resnet18_svhn/analysis_results.json,resnet18,svhn,layer_1,1,0.032774421629777416,0.1,-0.6057192186270108,3.051066775877785,-29.524518972194866,3.051066775877785,0.6722557837022258
./results/comprehensive_analysis_20250829_222555/resnet18_svhn/analysis_results.json,resnet18,svhn,layer_2,2,0.032830729066348256,0.1,-0.7239953050443364,3.045834101454548,-29.576961008710338,3.045834101454548,0.6716927093365175
./results/comprehensive_analysis_20250829_222555/resnet18_svhn/analysis_results.json,resnet18,svhn,layer_3,3,0.03278321319113273,0.1,-2.7209843213081872,3.050248588154233,-29.532707009329954,3.050248588154233,0.6721678680886727
./results/comprehensive_analysis_20250829_222555/resnet18_svhn/analysis_results.json,resnet18,svhn,summary,-1,0.03258649985550925,0.1,,,,3.0686613101156324,0.6741350014449075
./results/comprehensive_analysis_20250829_222555/resnet18_svhn/analysis_results.json,resnet18,svhn,summary_final,999,0.03278321319113273,0.1,,,,3.050248588154233,0.6721678680886727
./results/comprehensive_analysis_20250829_222555/mixer_b16_224_cifar10/analysis_results.json,mixer_b16_224,cifar10,layer_0,0,0.03263499944471791,0.1,-2.1175436255210656,3.0641010449025745,3.7588689713754566,3.0641010449025745,0.673650005552821
./results/comprehensive_analysis_20250829_222555/mixer_b16_224_cifar10/analysis_results.json,mixer_b16_224,cifar10,layer_1,1,0.032861939342211224,0.1,-2.432535385489595,3.0429414410765663,3.778053817467518,3.0429414410765663,0.6713806065778878
./results/comprehensive_analysis_20250829_222555/mixer_b16_224_cifar10/analysis_results.json,mixer_b16_224,cifar10,layer_2,2,0.033471099368161276,0.1,-1.9435953605001492,2.9875628325577988,3.8295504536798983,2.9875628325577988,0.6652890063183873
./results/comprehensive_analysis_20250829_222555/mixer_b16_224_cifar10/analysis_results.json,mixer_b16_224,cifar10,layer_3,3,0.033530452928355964,0.1,-1.141424047075713,2.982274588985517,3.8345680329153193,2.982274588985517,0.6646954707164403
./results/comprehensive_analysis_20250829_222555/mixer_b16_224_cifar10/analysis_results.json,mixer_b16_224,cifar10,layer_4,4,0.03219069060989663,0.1,-2.7963743164609594,3.1063916838607164,3.7213083806307607,3.1063916838607164,0.6780930939010337
./results/comprehensive_analysis_20250829_222555/mixer_b16_224_cifar10/analysis_results.json,mixer_b16_224,cifar10,layer_5,5,0.0325676073479456,0.1,-3.220728712082291,3.070441389515168,3.753171837382364,3.070441389515168,0.6743239265205441
./results/comprehensive_analysis_20250829_222555/mixer_b16_224_cifar10/analysis_results.json,mixer_b16_224,cifar10,layer_6,6,0.03326791723390248,0.1,-3.0966564758534143,3.005808674112653,3.8123740205473045,3.005808674112653,0.6673208276609752
./results/comprehensive_analysis_20250829_222555/mixer_b16_224_cifar10/analysis_results.json,mixer_b16_224,cifar10,layer_7,7,0.03333884971400896,0.1,-3.3663458680408143,2.999413640367471,3.818370448362784,2.999413640367471,0.6666115028599104
./results/comprehensive_analysis_20250829_222555/mixer_b16_224_cifar10/analysis_results.json,mixer_b16_224,cifar10,layer_8,8,0.033727919741306026,0.1,-3.6612829548362207,2.964814787042684,3.8512613092258388,2.964814787042684,0.6627208025869398
./results/comprehensive_analysis_20250829_222555/mixer_b16_224_cifar10/analysis_results.json,mixer_b16_224,cifar10,layer_9,9,0.03373582283645391,0.1,-3.2967063289313785,2.9641202577009187,3.851929414154667,2.9641202577009187,0.6626417716354609
./results/comprehensive_analysis_20250829_222555/mixer_b16_224_cifar10/analysis_results.json,mixer_b16_224,cifar10,layer_10,10,0.033768448254892024,0.1,-2.61432532168794,2.961256554895399,3.854687473175306,2.961256554895399,0.6623155174510797
./results/comprehensive_analysis_20250829_222555/mixer_b16_224_cifar10/analysis_results.json,mixer_b16_224,cifar10,layer_11,11,0.03353182964851793,0.1,-2.3817695689237435,2.9821521490483507,3.834684416877377,2.9821521490483507,0.6646817035148207
./results/comprehensive_analysis_20250829_222555/mixer_b16_224_cifar10/analysis_results.json,mixer_b16_224,cifar10,summary,-1,0.03263499944471791,0.1,,,,3.0641010449025745,0.673650005552821
./results/comprehensive_analysis_20250829_222555/mixer_b16_224_cifar10/analysis_results.json,mixer_b16_224,cifar10,summary_final,999,0.03353182964851793,0.1,,,,2.9821521490483507,0.6646817035148207
./results/comprehensive_analysis_20250829_222555/vit_base_patch16_224_svhn/analysis_results.json,vit_base_patch16_224,svhn,layer_0,0,0.03206708144307005,0.1,-1.918427701468781,3.118365536695059,-10.525352733966225,3.118365536695059,0.6793291855692996
./results/comprehensive_analysis_20250829_222555/vit_base_patch16_224_svhn/analysis_results.json,vit_base_patch16_224,svhn,layer_1,1,0.031530361845297374,0.1,-2.7178528731056955,3.1714456384925893,-10.33244828475576,3.1714456384925893,0.6846963815470263
./results/comprehensive_analysis_20250829_222555/vit_base_patch16_224_svhn/analysis_results.json,vit_base_patch16_224,svhn,layer_2,2,0.03250196450342101,0.1,0.35040986201055624,3.0766424394757834,-10.681655722670383,3.0766424394757834,0.67498035496579
./results/comprehensive_analysis_20250829_222555/vit_base_patch16_224_svhn/analysis_results.json,vit_base_patch16_224,svhn,layer_3,3,0.03325163083653889,0.1,1.3317917645915986,3.00728085220004,-10.951096174783304,3.00728085220004,0.6674836916346112
./results/comprehensive_analysis_20250829_222555/vit_base_patch16_224_svhn/analysis_results.json,vit_base_patch16_224,svhn,layer_4,4,0.031148039078755494,0.1,-2.8222072596902223,3.210371907369777,-10.195036192843252,3.210371907369777,0.688519609212445
./results/comprehensive_analysis_20250829_222555/vit_base_patch16_224_svhn/analysis_results.json,vit_base_patch16_224,svhn,layer_5,5,0.03148625199464936,0.1,-2.897227019532368,3.1758884521581314,-10.316594594152097,3.1758884521581314,0.6851374800535064
./results/comprehensive_analysis_20250829_222555/vit_base_patch16_224_svhn/analysis_results.json,vit_base_patch16_224,svhn,layer_6,6,0.03180711612207726,0.1,-3.081966786210234,3.1438517017545835,-10.43191760085753,3.1438517017545835,0.6819288387792274
./results/comprehensive_analysis_20250829_222555/vit_base_patch16_224_svhn/analysis_results.json,vit_base_patch16_224,svhn,layer_7,7,0.03216292116781728,0.1,-2.954532687996526,3.1090736567299655,-10.559798857028564,3.1090736567299655,0.6783707883218273
./results/comprehensive_analysis_20250829_222555/vit_base_patch16_224_svhn/analysis_results.json,vit_base_patch16_224,svhn,layer_8,8,0.032059058579959304,0.1,-2.7276482650876517,3.1191458914710113,-10.522469205964095,3.1191458914710113,0.679409414200407
./results/comprehensive_analysis_20250829_222555/vit_base_patch16_224_svhn/analysis_results.json,vit_base_patch16_224,svhn,layer_9,9,0.03268259624001347,0.1,-2.063353453374556,3.0596388251049693,-10.74657726792772,3.0596388251049693,0.6731740375998654
./results/comprehensive_analysis_20250829_222555/vit_base_patch16_224_svhn/analysis_results.json,vit_base_patch16_224,svhn,layer_10,10,0.032380551394204635,0.1,-1.2590389201490286,3.0881781660991425,-10.638018171409893,3.0881781660991425,0.6761944860579536
./results/comprehensive_analysis_20250829_222555/vit_base_patch16_224_svhn/analysis_results.json,vit_base_patch16_224,svhn,layer_11,11,0.03279947852095204,0.1,-0.6818252672576425,3.048736009632383,-10.788586376819003,3.048736009632383,0.6720052147904796
./results/comprehensive_analysis_20250829_222555/vit_base_patch16_224_svhn/analysis_results.json,vit_base_patch16_224,svhn,summary,-1,0.03206708144307005,0.1,,,,3.118365536695059,0.6793291855692996
./results/comprehensive_analysis_20250829_222555/vit_base_patch16_224_svhn/analysis_results.json,vit_base_patch16_224,svhn,summary_final,999,0.03279947852095204,0.1,,,,3.048736009632383,0.6720052147904796
./results/comprehensive_analysis_20250829_222555/vit_base_patch16_224_cifar10/analysis_results.json,vit_base_patch16_224,cifar10,layer_0,0,0.03273931829499406,0.1,-1.775318030534971,3.0543380519086107,-3.819792562752392,3.0543380519086107,0.6726068170500594
./results/comprehensive_analysis_20250829_222555/vit_base_patch16_224_cifar10/analysis_results.json,vit_base_patch16_224,cifar10,layer_1,1,0.03196549416596028,0.1,-2.565492333059802,3.128275483724632,-3.705872298793638,3.128275483724632,0.6803450583403973
./results/comprehensive_analysis_20250829_222555/vit_base_patch16_224_cifar10/analysis_results.json,vit_base_patch16_224,cifar10,layer_2,2,0.033425039668620114,0.1,0.21897536765574752,2.991679570519943,-3.9207425809214795,2.991679570519943,0.6657496033137988
./results/comprehensive_analysis_20250829_222555/vit_base_patch16_224_cifar10/analysis_results.json,vit_base_patch16_224,cifar10,layer_3,3,0.03384832307640931,0.1,1.1416634856877197,2.954268827600078,-3.98305720221006,2.954268827600078,0.661516769235907
./results/comprehensive_analysis_20250829_222555/vit_base_patch16_224_cifar10/analysis_results.json,vit_base_patch16_224,cifar10,layer_4,4,0.03257762797556751,0.1,-2.622673251869766,3.0694969743660003,-3.7959889578019395,3.0694969743660003,0.674223720244325
./results/comprehensive_analysis_20250829_222555/vit_base_patch16_224_cifar10/analysis_results.json,vit_base_patch16_224,cifar10,layer_5,5,0.03349750410697442,0.1,-2.7771243300657664,2.985207926916949,-3.931410596605163,2.985207926916949,0.6650249589302558
./results/comprehensive_analysis_20250829_222555/vit_base_patch16_224_cifar10/analysis_results.json,vit_base_patch16_224,cifar10,layer_6,6,0.0336024242415205,0.1,-3.0318466229117336,2.9758871977231323,-3.9468566507841683,2.9758871977231323,0.6639757575847951
./results/comprehensive_analysis_20250829_222555/vit_base_patch16_224_cifar10/analysis_results.json,vit_base_patch16_224,cifar10,layer_7,7,0.03442435356120906,0.1,-2.985049773918246,2.904835815911018,-4.06785882885178,2.904835815911018,0.6557564643879095
./results/comprehensive_analysis_20250829_222555/vit_base_patch16_224_cifar10/analysis_results.json,vit_base_patch16_224,cifar10,layer_8,8,0.03440712083571759,0.1,-2.7930802645613717,2.9062906538096756,-4.065321874312551,2.9062906538096756,0.655928791642824
./results/comprehensive_analysis_20250829_222555/vit_base_patch16_224_cifar10/analysis_results.json,vit_base_patch16_224,cifar10,layer_9,9,0.03427795650320512,0.1,-2.2443723434600895,2.917241660802886,-4.046306655864595,2.917241660802886,0.6572204349679488
./results/comprehensive_analysis_20250829_222555/vit_base_patch16_224_cifar10/analysis_results.json,vit_base_patch16_224,cifar10,layer_10,10,0.03384390077000383,0.1,-1.5588353052904163,2.9546548438584384,-3.98240616240125,2.9546548438584384,0.6615609922999617
./results/comprehensive_analysis_20250829_222555/vit_base_patch16_224_cifar10/analysis_results.json,vit_base_patch16_224,cifar10,layer_11,11,0.03428635212062286,0.1,-0.9054811483770713,2.9165273436163908,-4.0475426356130155,2.9165273436163908,0.6571364787937715
./results/comprehensive_analysis_20250829_222555/vit_base_patch16_224_cifar10/analysis_results.json,vit_base_patch16_224,cifar10,summary,-1,0.03273931829499406,0.1,,,,3.0543380519086107,0.6726068170500594
./results/comprehensive_analysis_20250829_222555/vit_base_patch16_224_cifar10/analysis_results.json,vit_base_patch16_224,cifar10,summary_final,999,0.03428635212062286,0.1,,,,2.9165273436163908,0.6571364787937715
./results/comprehensive_analysis_20250829_222555/convnext_tiny_cifar10/analysis_results.json,convnext_tiny,cifar10,layer_0,0,0.0340460850923901,0.1,-1.4160199884960287,2.937108998571837,-2.1965454017251536,2.937108998571837,0.659539149076099
./results/comprehensive_analysis_20250829_222555/convnext_tiny_cifar10/analysis_results.json,convnext_tiny,cifar10,layer_1,1,0.03296364303756123,0.1,0.8096901154422298,3.033553249342212,-2.094916237502377,3.033553249342212,0.6703635696243877
./results/comprehensive_analysis_20250829_222555/convnext_tiny_cifar10/analysis_results.json,convnext_tiny,cifar10,layer_2,2,0.03339112490116643,0.1,3.9738428615231216,2.9947180748748004,-2.135051988256684,2.9947180748748004,0.6660887509883358
./results/comprehensive_analysis_20250829_222555/convnext_tiny_cifar10/analysis_results.json,convnext_tiny,cifar10,layer_3,3,0.032150808743274355,0.1,-1.8500339752515338,3.110244925829201,-2.018600217063716,3.110244925829201,0.6784919125672565
./results/comprehensive_analysis_20250829_222555/convnext_tiny_cifar10/analysis_results.json,convnext_tiny,cifar10,summary,-1,0.0340460850923901,0.1,,,,2.937108998571837,0.659539149076099
./results/comprehensive_analysis_20250829_222555/convnext_tiny_cifar10/analysis_results.json,convnext_tiny,cifar10,summary_final,999,0.032150808743274355,0.1,,,,3.110244925829201,0.6784919125672565
./results/comprehensive_analysis_20250829_222555/resnet18_cifar100/analysis_results.json,resnet18,cifar100,layer_0,0,0.032426869907631585,0.1,-0.09065239975819453,3.0837671510599582,-4.0983420311323,3.0837671510599582,0.6757313009236842
./results/comprehensive_analysis_20250829_222555/resnet18_cifar100/analysis_results.json,resnet18,cifar100,layer_1,1,0.032898445369044446,0.1,-0.5277862775300621,3.0395649190515357,-4.172485881667993,3.0395649190515357,0.6710155463095555
./results/comprehensive_analysis_20250829_222555/resnet18_cifar100/analysis_results.json,resnet18,cifar100,layer_2,2,0.03394871952415873,0.1,-0.6924476932864785,2.9455324344826965,-4.337616123485471,2.9455324344826965,0.6605128047584127
./results/comprehensive_analysis_20250829_222555/resnet18_cifar100/analysis_results.json,resnet18,cifar100,layer_3,3,0.033760865352621156,0.1,-2.646919017178544,2.9619216520048215,-4.308080592575405,2.9619216520048215,0.6623913464737885
./results/comprehensive_analysis_20250829_222555/resnet18_cifar100/analysis_results.json,resnet18,cifar100,summary,-1,0.032426869907631585,0.1,,,,3.0837671510599582,0.6757313009236842
./results/comprehensive_analysis_20250829_222555/resnet18_cifar100/analysis_results.json,resnet18,cifar100,summary_final,999,0.033760865352621156,0.1,,,,2.9619216520048215,0.6623913464737885
./results/comprehensive_analysis_20250829_222555/convnext_tiny_cifar100/analysis_results.json,convnext_tiny,cifar100,layer_0,0,0.032890880322846074,0.1,-1.4262589287488485,3.0402640110100942,-10.229946084704023,3.0402640110100942,0.6710911967715393
./results/comprehensive_analysis_20250829_222555/convnext_tiny_cifar100/analysis_results.json,convnext_tiny,cifar100,layer_1,1,0.03299157726205538,0.1,0.7812861296159953,3.0309847941163897,-10.264327079895256,3.0309847941163897,0.6700842273794463
./results/comprehensive_analysis_20250829_222555/convnext_tiny_cifar100/analysis_results.json,convnext_tiny,cifar100,layer_2,2,0.03270118882822518,0.1,3.896076546477994,3.057899290022148,-10.165179643781496,3.057899290022148,0.6729881117177482
./results/comprehensive_analysis_20250829_222555/convnext_tiny_cifar100/analysis_results.json,convnext_tiny,cifar100,layer_3,3,0.03259050327480604,0.1,-1.8312994943210863,3.0682843671498343,-10.12738823214849,3.0682843671498343,0.6740949672519396
./results/comprehensive_analysis_20250829_222555/convnext_tiny_cifar100/analysis_results.json,convnext_tiny,cifar100,summary,-1,0.032890880322846074,0.1,,,,3.0402640110100942,0.6710911967715393
./results/comprehensive_analysis_20250829_222555/convnext_tiny_cifar100/analysis_results.json,convnext_tiny,cifar100,summary_final,999,0.03259050327480604,0.1,,,,3.0682843671498343,0.6740949672519396
./results/comprehensive_analysis_20250829_222555/vit_base_patch16_224_cifar100/analysis_results.json,vit_base_patch16_224,cifar100,layer_0,0,0.03399426031825054,0.1,-1.944367002419561,2.9415865348239283,-26.32161946416374,2.9415865348239283,0.6600573968174945
./results/comprehensive_analysis_20250829_222555/vit_base_patch16_224_cifar100/analysis_results.json,vit_base_patch16_224,cifar100,layer_1,1,0.034762520417791265,0.1,-2.845632547172484,2.8765786318011117,-26.939079879323387,2.8765786318011117,0.6523747958220873
./results/comprehensive_analysis_20250829_222555/vit_base_patch16_224_cifar100/analysis_results.json,vit_base_patch16_224,cifar100,layer_2,2,0.033976978855367074,0.1,0.19793835747523736,2.9430826484902664,-26.30773013260406,2.9430826484902664,0.6602302114463292
./results/comprehensive_analysis_20250829_222555/vit_base_patch16_224_cifar100/analysis_results.json,vit_base_patch16_224,cifar100,layer_3,3,0.03389375342994574,0.1,1.1601287923434274,2.950309115146146,-26.240840799469073,2.950309115146146,0.6610624657005426
./results/comprehensive_analysis_20250829_222555/vit_base_patch16_224_cifar100/analysis_results.json,vit_base_patch16_224,cifar100,layer_4,4,0.033930762000383086,0.1,-2.9761380519864202,2.947091282759528,-26.270585058321473,2.947091282759528,0.6606923799961691
./results/comprehensive_analysis_20250829_222555/vit_base_patch16_224_cifar100/analysis_results.json,vit_base_patch16_224,cifar100,layer_5,5,0.03418106344743253,0.1,-3.1138554439664565,2.925510923405391,-26.471755515439586,2.925510923405391,0.6581893655256748
./results/comprehensive_analysis_20250829_222555/vit_base_patch16_224_cifar100/analysis_results.json,vit_base_patch16_224,cifar100,layer_6,6,0.03428771000273489,0.1,-3.266867585375678,2.9164118449490792,-26.55746870860386,2.9164118449490792,0.6571228999726512
./results/comprehensive_analysis_20250829_222555/vit_base_patch16_224_cifar100/analysis_results.json,vit_base_patch16_224,cifar100,layer_7,7,0.033746579550800064,0.1,-3.1508486391400603,2.9631754730578677,-26.122555280577398,2.9631754730578677,0.6625342044919994
./results/comprehensive_analysis_20250829_222555/vit_base_patch16_224_cifar100/analysis_results.json,vit_base_patch16_224,cifar100,layer_8,8,0.033092129562808714,0.1,-2.908962255023548,3.0217752542927734,-25.59656549986649,3.0217752542927734,0.6690787043719129
./results/comprehensive_analysis_20250829_222555/vit_base_patch16_224_cifar100/analysis_results.json,vit_base_patch16_224,cifar100,layer_9,9,0.034428003132195954,0.1,-2.3465485303033966,2.9045278951595885,-26.670224081442903,2.9045278951595885,0.6557199686780405
./results/comprehensive_analysis_20250829_222555/vit_base_patch16_224_cifar100/analysis_results.json,vit_base_patch16_224,cifar100,layer_10,10,0.033786672141241376,0.1,-1.6609526352300379,2.9596593568794454,-26.154778205539294,2.9596593568794454,0.6621332785875862
./results/comprehensive_analysis_20250829_222555/vit_base_patch16_224_cifar100/analysis_results.json,vit_base_patch16_224,cifar100,layer_11,11,0.03396877384131999,0.1,-0.9798890103487176,2.9437935167634968,-26.30113565843713,2.9437935167634968,0.6603122615868002
./results/comprehensive_analysis_20250829_222555/vit_base_patch16_224_cifar100/analysis_results.json,vit_base_patch16_224,cifar100,summary,-1,0.03399426031825054,0.1,,,,2.9415865348239283,0.6600573968174945
./results/comprehensive_analysis_20250829_222555/vit_base_patch16_224_cifar100/analysis_results.json,vit_base_patch16_224,cifar100,summary_final,999,0.03396877384131999,0.1,,,,2.9437935167634968,0.6603122615868002
./results/comprehensive_analysis_20250829_222555/resnet18_cifar10/analysis_results.json,resnet18,cifar10,layer_0,0,0.031755875217762665,0.1,-0.07116892229718798,3.148924423901339,-16.091949003982062,3.148924423901339,0.6824412478223734
./results/comprehensive_analysis_20250829_222555/resnet18_cifar10/analysis_results.json,resnet18,cifar10,layer_1,1,0.03171479499538146,0.1,-0.45289786972883894,3.1530031019106493,-16.069838416218477,3.1530031019106493,0.6828520500461854
./results/comprehensive_analysis_20250829_222555/resnet18_cifar10/analysis_results.json,resnet18,cifar10,layer_2,2,0.03221539791438228,0.1,-0.6830458197302401,3.104009339149529,-16.33927767758768,3.104009339149529,0.6778460208561772
./results/comprehensive_analysis_20250829_222555/resnet18_cifar10/analysis_results.json,resnet18,cifar10,layer_3,3,0.032387107109061515,0.1,-2.6469244840261923,3.0875530843240324,-16.431696632469162,3.0875530843240324,0.6761289289093848
./results/comprehensive_analysis_20250829_222555/resnet18_cifar10/analysis_results.json,resnet18,cifar10,summary,-1,0.031755875217762665,0.1,,,,3.148924423901339,0.6824412478223734
./results/comprehensive_analysis_20250829_222555/resnet18_cifar10/analysis_results.json,resnet18,cifar10,summary_final,999,0.032387107109061515,0.1,,,,3.0875530843240324,0.6761289289093848
./results/comprehensive_analysis_20250829_222555/mixer_b16_224_cifar100/analysis_results.json,mixer_b16_224,cifar100,layer_0,0,0.03231908947153517,0.1,-2.1575929069865514,3.094050840672073,-9.670879183419125,3.094050840672073,0.6768091052846483
./results/comprehensive_analysis_20250829_222555/mixer_b16_224_cifar100/analysis_results.json,mixer_b16_224,cifar100,layer_1,1,0.03282824280153333,0.1,-2.43322999904994,3.046064772329424,-9.838987683970513,3.046064772329424,0.6717175719846666
./results/comprehensive_analysis_20250829_222555/mixer_b16_224_cifar100/analysis_results.json,mixer_b16_224,cifar100,layer_2,2,0.03308202407820072,0.1,-1.964953882746205,3.0226982806536316,-9.922779318778687,3.0226982806536316,0.6691797592179929
./results/comprehensive_analysis_20250829_222555/mixer_b16_224_cifar100/analysis_results.json,mixer_b16_224,cifar100,layer_3,3,0.03305656516151244,0.1,-1.1104605979698678,3.025026178165895,-9.914373480973119,3.025026178165895,0.6694343483848757
./results/comprehensive_analysis_20250829_222555/mixer_b16_224_cifar100/analysis_results.json,mixer_b16_224,cifar100,layer_4,4,0.03338435457120284,0.1,-2.8012154509740608,2.995325383971116,-10.022600576649536,2.995325383971116,0.6661564542879717
./results/comprehensive_analysis_20250829_222555/mixer_b16_224_cifar100/analysis_results.json,mixer_b16_224,cifar100,layer_5,5,0.03274531312091077,0.1,-3.326827631483294,3.0537788981240497,-9.81160657215354,3.0537788981240497,0.6725468687908923
./results/comprehensive_analysis_20250829_222555/mixer_b16_224_cifar100/analysis_results.json,mixer_b16_224,cifar100,layer_6,6,0.032619103464132625,0.1,-3.1410159668466706,3.0655942005197754,-9.76993559622934,3.0655942005197754,0.6738089653586739
./results/comprehensive_analysis_20250829_222555/mixer_b16_224_cifar100/analysis_results.json,mixer_b16_224,cifar100,layer_7,7,0.03193031416199588,0.1,-3.408910360779083,3.1317220297502923,-9.542516212016608,3.1317220297502923,0.6806968583800412
./results/comprehensive_analysis_20250829_222555/mixer_b16_224_cifar100/analysis_results.json,mixer_b16_224,cifar100,layer_8,8,0.032098149564991275,0.1,-3.642694392447164,3.1153473333469353,-9.597930870577507,3.1153473333469353,0.6790185043500873
./results/comprehensive_analysis_20250829_222555/mixer_b16_224_cifar100/analysis_results.json,mixer_b16_224,cifar100,layer_9,9,0.03207392979714312,0.1,-3.288041729958922,3.117699730987623,-9.589934165819296,3.117699730987623,0.6792607020285688
./results/comprehensive_analysis_20250829_222555/mixer_b16_224_cifar100/analysis_results.json,mixer_b16_224,cifar100,layer_10,10,0.03289844572471825,0.1,-2.640442076459403,3.039564886190994,-9.86216676865014,3.039564886190994,0.6710155427528175
./results/comprehensive_analysis_20250829_222555/mixer_b16_224_cifar100/analysis_results.json,mixer_b16_224,cifar100,layer_11,11,0.032885430947895304,0.1,-2.408372643109667,3.0407677913860063,-9.85786964539117,3.0407677913860063,0.671145690521047
./results/comprehensive_analysis_20250829_222555/mixer_b16_224_cifar100/analysis_results.json,mixer_b16_224,cifar100,summary,-1,0.03231908947153517,0.1,,,,3.094050840672073,0.6768091052846483
./results/comprehensive_analysis_20250829_222555/mixer_b16_224_cifar100/analysis_results.json,mixer_b16_224,cifar100,summary_final,999,0.032885430947895304,0.1,,,,3.0407677913860063,0.671145690521047
./results/medium_scale_analysis_20250903_170303/resnet50_svhn_analysis.json,resnet50,svhn,layer_0,0,0.1,0.1,-1.8219568718809744,1.0,-10.0,0.9999900000999989,0.0
./results/medium_scale_analysis_20250903_170303/resnet50_svhn_analysis.json,resnet50,svhn,layer_1,1,0.03372736680654525,0.1,-0.004734813331125976,2.9649512982612585,-10.0,2.96486339150564,0.6627263319345476
./results/medium_scale_analysis_20250903_170303/resnet50_svhn_analysis.json,resnet50,svhn,layer_2,2,0.033758990684338325,0.1,-0.17017770554342912,2.962173867549678,-10.0,2.9620861254085367,0.6624100931566168
./results/medium_scale_analysis_20250903_170303/resnet50_svhn_analysis.json,resnet50,svhn,layer_3,3,0.033304127823531295,0.1,-4.2007575055849244,3.0026308008986264,-10.0,3.0025406456883896,0.6669587217646871
./results/medium_scale_analysis_20250903_170303/resnet50_svhn_analysis.json,resnet50,svhn,summary,-1,0.1,0.1,,,,0.9999900000999989,0.0
./results/medium_scale_analysis_20250903_170303/resnet50_svhn_analysis.json,resnet50,svhn,summary_final,999,0.033304127823531295,0.1,,,,3.0025406456883896,0.6669587217646871
./results/medium_scale_analysis_20250903_170303/vit_small_patch16_224_svhn_analysis.json,vit_small_patch16_224,svhn,layer_0,0,0.03164093250261823,0.1,-0.4878929505255833,3.160463111879689,-10.0,3.160363229765611,0.6835906749738178
./results/medium_scale_analysis_20250903_170303/vit_small_patch16_224_svhn_analysis.json,vit_small_patch16_224,svhn,layer_1,1,0.030520177492393896,0.1,-0.9133565501076483,3.2765209188223614,-10.0,3.2764135664464695,0.694798225076061
./results/medium_scale_analysis_20250903_170303/vit_small_patch16_224_svhn_analysis.json,vit_small_patch16_224,svhn,layer_2,2,0.03358758049544972,0.1,1.8040928733902777,2.9772909666282006,-10.0,2.977202326652271,0.6641241950455028
./results/medium_scale_analysis_20250903_170303/vit_small_patch16_224_svhn_analysis.json,vit_small_patch16_224,svhn,layer_3,3,0.033507305312964746,0.1,1.3518634249654653,2.984423816417959,-10.0,2.984334751220882,0.6649269468703526
./results/medium_scale_analysis_20250903_170303/vit_small_patch16_224_svhn_analysis.json,vit_small_patch16_224,svhn,layer_4,4,0.03151094892101079,0.1,-1.0779468467382836,3.1735001142197357,-10.0,3.173399406385949,0.6848905107898922
./results/medium_scale_analysis_20250903_170303/vit_small_patch16_224_svhn_analysis.json,vit_small_patch16_224,svhn,layer_5,5,0.03127537914991603,0.1,-1.2256959217214558,3.197403283926887,-10.0,3.1973010533180113,0.6872462085008397
./results/medium_scale_analysis_20250903_170303/vit_small_patch16_224_svhn_analysis.json,vit_small_patch16_224,svhn,layer_6,6,0.03245879330845092,0.1,-1.514409063528379,3.080829254794391,-10.0,3.080734342629501,0.6754120669154908
./results/medium_scale_analysis_20250903_170303/vit_small_patch16_224_svhn_analysis.json,vit_small_patch16_224,svhn,layer_7,7,0.03322664962267037,0.1,-1.6496980721082464,3.0096323624447083,-10.0,3.0095417863011464,0.6677335037732963
./results/medium_scale_analysis_20250903_170303/vit_small_patch16_224_svhn_analysis.json,vit_small_patch16_224,svhn,layer_8,8,0.034006882838988235,0.1,-1.1034339094830217,2.9405811897981997,-10.0,2.9404947221635127,0.6599311716101177
./results/medium_scale_analysis_20250903_170303/vit_small_patch16_224_svhn_analysis.json,vit_small_patch16_224,svhn,layer_9,9,0.03382199154696676,0.1,-0.5642546610791872,2.9566561703244307,-10.0,2.9565687547519133,0.6617800845303324
./results/medium_scale_analysis_20250903_170303/vit_small_patch16_224_svhn_analysis.json,vit_small_patch16_224,svhn,layer_10,10,0.03356509274995415,0.1,0.25630349019036475,2.9792856747025254,-10.0,2.979196915915588,0.6643490725004585
./results/medium_scale_analysis_20250903_170303/vit_small_patch16_224_svhn_analysis.json,vit_small_patch16_224,svhn,layer_11,11,0.033887323876473044,0.1,1.1264571629578604,2.9509559493255533,-10.0,2.950868870485063,0.6611267612352696
./results/medium_scale_analysis_20250903_170303/vit_small_patch16_224_svhn_analysis.json,vit_small_patch16_224,svhn,summary,-1,0.03164093250261823,0.1,,,,3.160363229765611,0.6835906749738178
./results/medium_scale_analysis_20250903_170303/vit_small_patch16_224_svhn_analysis.json,vit_small_patch16_224,svhn,summary_final,999,0.033887323876473044,0.1,,,,2.950868870485063,0.6611267612352696
./results/medium_scale_analysis_20250903_170303/convnext_small_cifar10_analysis.json,convnext_small,cifar10,layer_0,0,0.032890224223320254,0.1,-1.6115897700156834,3.0404170953962883,-10.0,3.040324656845666,0.6710977577667975
./results/medium_scale_analysis_20250903_170303/convnext_small_cifar10_analysis.json,convnext_small,cifar10,layer_1,1,0.03244874289851947,0.1,0.9848854141512707,3.081783485811485,-10.0,3.0816885148437505,0.6755125710148053
./results/medium_scale_analysis_20250903_170303/convnext_small_cifar10_analysis.json,convnext_small,cifar10,layer_2,2,0.033762236864376086,0.1,3.9780827856091934,2.961889059711979,-10.0,2.961801334442284,0.6623776313562392
./results/medium_scale_analysis_20250903_170303/convnext_small_cifar10_analysis.json,convnext_small,cifar10,layer_3,3,0.03296489132515344,0.1,-1.5746340006350341,3.0335304009844033,-10.0,3.0334383807089296,0.6703510867484657
./results/medium_scale_analysis_20250903_170303/convnext_small_cifar10_analysis.json,convnext_small,cifar10,summary,-1,0.032890224223320254,0.1,,,,3.040324656845666,0.6710977577667975
./results/medium_scale_analysis_20250903_170303/convnext_small_cifar10_analysis.json,convnext_small,cifar10,summary_final,999,0.03296489132515344,0.1,,,,3.0334383807089296,0.6703510867484657
./results/medium_scale_analysis_20250903_170303/resnet50_cifar100_analysis.json,resnet50,cifar100,layer_0,0,0.1,0.1,-1.809523461536748,1.0,-6.580809515923402,0.9999900000999989,0.0
./results/medium_scale_analysis_20250903_170303/resnet50_cifar100_analysis.json,resnet50,cifar100,layer_1,1,0.034190872345876804,0.1,-0.0014421141225880755,2.924757198014556,-1.5919449043734515,2.9246716584697063,0.658091276541232
./results/medium_scale_analysis_20250903_170303/resnet50_cifar100_analysis.json,resnet50,cifar100,layer_2,2,0.03329331909787705,0.1,-0.28831473526347734,3.0036056094622454,-1.5239031023386063,3.003515395705339,0.6670668090212295
./results/medium_scale_analysis_20250903_170303/resnet50_cifar100_analysis.json,resnet50,cifar100,layer_3,3,0.03384213049653338,0.1,-4.138671054694758,2.9548967081207698,-1.5655074490724181,2.95480939655518,0.6615786950346663
./results/medium_scale_analysis_20250903_170303/resnet50_cifar100_analysis.json,resnet50,cifar100,summary,-1,0.1,0.1,,,,0.9999900000999989,0.0
./results/medium_scale_analysis_20250903_170303/resnet50_cifar100_analysis.json,resnet50,cifar100,summary_final,999,0.03384213049653338,0.1,,,,2.95480939655518,0.6615786950346663
./results/medium_scale_analysis_20250903_170303/swin_base_patch4_window7_224_cifar10_analysis.json,swin_base_patch4_window7_224,cifar10,layer_0,0,0.031218535296188614,0.1,-2.03116982151062,3.203225233062383,-0.4087911622808589,3.2031226298300584,0.6878146470381139
./results/medium_scale_analysis_20250903_170303/swin_base_patch4_window7_224_cifar10_analysis.json,swin_base_patch4_window7_224,cifar10,summary,-1,0.031218535296188614,0.1,,,,3.2031226298300584,0.6878146470381139
./results/medium_scale_analysis_20250903_170303/swin_base_patch4_window7_224_cifar10_analysis.json,swin_base_patch4_window7_224,cifar10,summary_final,999,0.031218535296188614,0.1,,,,3.2031226298300584,0.6878146470381139
./results/medium_scale_analysis_20250903_170303/vit_base_patch16_224_svhn_analysis.json,vit_base_patch16_224,svhn,layer_0,0,0.032356746451249516,0.1,-1.948058957004935,3.0905455884035065,-3.2445699881593066,3.090450076635001,0.6764325354875049
./results/medium_scale_analysis_20250903_170303/vit_base_patch16_224_svhn_analysis.json,vit_base_patch16_224,svhn,layer_1,1,0.032107163447082414,0.1,-2.7737428310977705,3.1145697490472966,-3.2118295971982302,3.114472746621288,0.6789283655291759
./results/medium_scale_analysis_20250903_170303/vit_base_patch16_224_svhn_analysis.json,vit_base_patch16_224,svhn,layer_2,2,0.03341101794860908,0.1,0.3439655326573777,2.993024640967668,-3.3828697138071355,2.9929350616837835,0.6658898205139092
./results/medium_scale_analysis_20250903_170303/vit_base_patch16_224_svhn_analysis.json,vit_base_patch16_224,svhn,layer_3,3,0.03348075229414216,0.1,1.3324196797196661,2.986790712510249,-3.3920174910918384,2.9867015059870576,0.6651924770585784
./results/medium_scale_analysis_20250903_170303/vit_base_patch16_224_svhn_analysis.json,vit_base_patch16_224,svhn,layer_4,4,0.033466780086154356,0.1,-2.877957646462453,2.9880376822200265,-3.390184611671075,2.9879484011958737,0.6653321991384564
./results/medium_scale_analysis_20250903_170303/vit_base_patch16_224_svhn_analysis.json,vit_base_patch16_224,svhn,layer_5,5,0.03370039624716733,0.1,-2.9408689937665353,2.9673241604215694,-3.4208304662312257,2.9672361129074942,0.6629960375283268
./results/medium_scale_analysis_20250903_170303/vit_base_patch16_224_svhn_analysis.json,vit_base_patch16_224,svhn,layer_6,6,0.034036960630414705,0.1,-3.1073382118245547,2.9379826561435727,-3.4649811067280236,2.937896341258611,0.659630393695853
./results/medium_scale_analysis_20250903_170303/vit_base_patch16_224_svhn_analysis.json,vit_base_patch16_224,svhn,layer_7,7,0.03350149819236653,0.1,-2.9723620632986543,2.9849411338501115,-3.3947389457075934,2.984852037773851,0.6649850180763347
./results/medium_scale_analysis_20250903_170303/vit_base_patch16_224_svhn_analysis.json,vit_base_patch16_224,svhn,layer_8,8,0.03310446013378837,0.1,-2.742366390065886,3.0207409997281327,-3.342655346074454,3.020649753722564,0.6689553986621163
./results/medium_scale_analysis_20250903_170303/vit_base_patch16_224_svhn_analysis.json,vit_base_patch16_224,svhn,layer_9,9,0.03271812029600996,0.1,-2.0721028195352647,3.0564103039927755,-3.291975143009685,3.0563168904084144,0.6728187970399004
./results/medium_scale_analysis_20250903_170303/vit_base_patch16_224_svhn_analysis.json,vit_base_patch16_224,svhn,layer_10,10,0.03278615258772249,0.1,-1.2681530672443888,3.050068157050158,-3.30089964424357,3.049975130729898,0.6721384741227752
./results/medium_scale_analysis_20250903_170303/vit_base_patch16_224_svhn_analysis.json,vit_base_patch16_224,svhn,layer_11,11,0.033183534576594925,0.1,-0.6888579703829961,3.0135427487140625,-3.3530283607801445,3.013451937051727,0.6681646542340507
./results/medium_scale_analysis_20250903_170303/vit_base_patch16_224_svhn_analysis.json,vit_base_patch16_224,svhn,summary,-1,0.032356746451249516,0.1,,,,3.090450076635001,0.6764325354875049
./results/medium_scale_analysis_20250903_170303/vit_base_patch16_224_svhn_analysis.json,vit_base_patch16_224,svhn,summary_final,999,0.033183534576594925,0.1,,,,3.013451937051727,0.6681646542340507
./results/medium_scale_analysis_20250903_170303/convnext_base_svhn_analysis.json,convnext_base,svhn,layer_0,0,0.03160849091197891,0.1,0.43833868068745846,3.16370687479111,-10.0,3.163606787545681,0.683915090880211
./results/medium_scale_analysis_20250903_170303/convnext_base_svhn_analysis.json,convnext_base,svhn,layer_1,1,0.0313207653143627,0.1,3.762599773864434,3.1927700040631892,-10.0,3.1926680695147365,0.686792346856373
./results/medium_scale_analysis_20250903_170303/convnext_base_svhn_analysis.json,convnext_base,svhn,layer_2,2,0.03150251102246674,0.1,6.34408057684084,3.174350131285811,-10.0,3.174249369496783,0.6849748897753326
./results/medium_scale_analysis_20250903_170303/convnext_base_svhn_analysis.json,convnext_base,svhn,layer_3,3,0.0318249031784226,0.1,2.0129865312902178,3.1421933772857598,-10.0,3.142094646595866,0.6817509682157741
./results/medium_scale_analysis_20250903_170303/convnext_base_svhn_analysis.json,convnext_base,svhn,summary,-1,0.03160849091197891,0.1,,,,3.163606787545681,0.683915090880211
./results/medium_scale_analysis_20250903_170303/convnext_base_svhn_analysis.json,convnext_base,svhn,summary_final,999,0.0318249031784226,0.1,,,,3.142094646595866,0.6817509682157741
./results/medium_scale_analysis_20250903_170303/vit_small_patch16_224_cifar100_analysis.json,vit_small_patch16_224,cifar100,layer_0,0,0.03278405014596026,0.1,-0.5409818289971736,3.050263757979344,-3.7298239543265135,3.0501707197273236,0.6721594985403974
./results/medium_scale_analysis_20250903_170303/vit_small_patch16_224_cifar100_analysis.json,vit_small_patch16_224,cifar100,layer_1,1,0.03291250154755487,0.1,-1.059664178309364,3.038359143121079,-3.7483559085397387,3.0382668296630673,0.6708749845244513
./results/medium_scale_analysis_20250903_170303/vit_small_patch16_224_cifar100_analysis.json,vit_small_patch16_224,cifar100,layer_2,2,0.03370061921284909,0.1,1.6998417408904323,2.967304528394922,-3.8620593038048234,2.967216482045883,0.6629938078715092
./results/medium_scale_analysis_20250903_170303/vit_small_patch16_224_cifar100_analysis.json,vit_small_patch16_224,cifar100,layer_3,3,0.033971238928771665,0.1,1.6578544477832615,2.943666558928642,-3.901102180117693,2.943579909751203,0.6602876107122834
./results/medium_scale_analysis_20250903_170303/vit_small_patch16_224_cifar100_analysis.json,vit_small_patch16_224,cifar100,layer_4,4,0.03377973515597304,0.1,-1.2878767033370393,2.9603547670893358,-3.873473527529188,2.960267132680155,0.6622026484402697
./results/medium_scale_analysis_20250903_170303/vit_small_patch16_224_cifar100_analysis.json,vit_small_patch16_224,cifar100,layer_5,5,0.03259960231749396,0.1,-1.4727705162054652,3.0675220828180745,-3.7032132776859124,3.067427988787144,0.6740039768250604
./results/medium_scale_analysis_20250903_170303/vit_small_patch16_224_cifar100_analysis.json,vit_small_patch16_224,cifar100,layer_6,6,0.032020683505043314,0.1,-1.7340259820564434,3.122981431181812,-3.6196914414713977,3.1228839040973693,0.6797931649495669
./results/medium_scale_analysis_20250903_170303/vit_small_patch16_224_cifar100_analysis.json,vit_small_patch16_224,cifar100,layer_7,7,0.03293417500787522,0.1,-1.7737673732091392,3.036359646965136,-3.751482784302188,3.0362674549653597,0.6706582499212479
./results/medium_scale_analysis_20250903_170303/vit_small_patch16_224_cifar100_analysis.json,vit_small_patch16_224,cifar100,layer_8,8,0.03255667048725335,0.1,-1.0994580885720808,3.0715671628384786,-3.6970194121271707,3.0714728204879087,0.6744332951274665
./results/medium_scale_analysis_20250903_170303/vit_small_patch16_224_cifar100_analysis.json,vit_small_patch16_224,cifar100,layer_9,9,0.03260738283979628,0.1,-0.676751482779236,3.066790134348138,-3.704335790023431,3.0666960852151464,0.6739261716020373
./results/medium_scale_analysis_20250903_170303/vit_small_patch16_224_cifar100_analysis.json,vit_small_patch16_224,cifar100,layer_10,10,0.033216572104619715,0.1,0.012030823249043823,3.0105454495737125,-3.7922248081481635,3.010454818463164,0.6678342789538029
./results/medium_scale_analysis_20250903_170303/vit_small_patch16_224_cifar100_analysis.json,vit_small_patch16_224,cifar100,layer_11,11,0.03360774788364748,0.1,0.8002872744332732,2.9755043493603743,-3.8486605615636353,2.9754158157333657,0.6639225211635251
./results/medium_scale_analysis_20250903_170303/vit_small_patch16_224_cifar100_analysis.json,vit_small_patch16_224,cifar100,summary,-1,0.03278405014596026,0.1,,,,3.0501707197273236,0.6721594985403974
./results/medium_scale_analysis_20250903_170303/vit_small_patch16_224_cifar100_analysis.json,vit_small_patch16_224,cifar100,summary_final,999,0.03360774788364748,0.1,,,,2.9754158157333657,0.6639225211635251
./results/medium_scale_analysis_20250903_170303/mixer_b16_224_cifar100_analysis.json,mixer_b16_224,cifar100,layer_0,0,0.03159873807293196,0.1,-2.146254094111809,3.164683341758568,-4.886184996117517,3.1645831927214316,0.6840126192706804
./results/medium_scale_analysis_20250903_170303/mixer_b16_224_cifar100_analysis.json,mixer_b16_224,cifar100,layer_1,1,0.03269831010487772,0.1,-2.4322358422772044,3.058262022693419,-5.091012302247626,3.0581684958877196,0.6730168989512229
./results/medium_scale_analysis_20250903_170303/mixer_b16_224_cifar100_analysis.json,mixer_b16_224,cifar100,layer_2,2,0.03275831848999064,0.1,-1.9605615232191471,3.0526597398628743,-5.102190611181283,3.052566555392605,0.6724168151000935
./results/medium_scale_analysis_20250903_170303/mixer_b16_224_cifar100_analysis.json,mixer_b16_224,cifar100,layer_3,3,0.032794086650749336,0.1,-1.1052786590132668,3.0493302364228225,-5.10885347254969,3.0492372551092224,0.6720591334925067
./results/medium_scale_analysis_20250903_170303/mixer_b16_224_cifar100_analysis.json,mixer_b16_224,cifar100,layer_4,4,0.032947491402160654,0.1,-2.7959814831928256,3.03513244087051,-5.1374295740385,3.0350403233770615,0.6705250859783936
./results/medium_scale_analysis_20250903_170303/mixer_b16_224_cifar100_analysis.json,mixer_b16_224,cifar100,layer_5,5,0.03204601030801207,0.1,-3.3173077631751644,3.120513256996558,-4.969502472696233,3.120415884005224,0.6795398969198794
./results/medium_scale_analysis_20250903_170303/mixer_b16_224_cifar100_analysis.json,mixer_b16_224,cifar100,layer_6,6,0.0322091067027299,0.1,-3.143906369333151,3.10471199722917,-4.999883924933129,3.104615607855925,0.677908932972701
./results/medium_scale_analysis_20250903_170303/mixer_b16_224_cifar100_analysis.json,mixer_b16_224,cifar100,layer_7,7,0.0324491011817173,0.1,-3.4076576402586416,3.081749458636552,-5.044589884332716,3.081654489765997,0.675508988182827
./results/medium_scale_analysis_20250903_170303/mixer_b16_224_cifar100_analysis.json,mixer_b16_224,cifar100,layer_8,8,0.032488929160474495,0.1,-3.643758332712715,3.0779715608989164,-5.052009005009155,3.0778768247255717,0.675110708395255
./results/medium_scale_analysis_20250903_170303/mixer_b16_224_cifar100_analysis.json,mixer_b16_224,cifar100,layer_9,9,0.0320767761938826,0.1,-3.2923817351418547,3.1175202706022285,-4.975233514720298,3.117423084305655,0.679232238061174
./results/medium_scale_analysis_20250903_170303/mixer_b16_224_cifar100_analysis.json,mixer_b16_224,cifar100,layer_10,10,0.03219832523284549,0.1,-2.643178403056125,3.1057515966075795,-4.997875562253479,3.1056551426734007,0.6780167476715451
./results/medium_scale_analysis_20250903_170303/mixer_b16_224_cifar100_analysis.json,mixer_b16_224,cifar100,layer_11,11,0.032292121617206015,0.1,-2.4109218465279523,3.096730564359005,-5.015347869819645,3.0966346699267144,0.6770787838279398
./results/medium_scale_analysis_20250903_170303/mixer_b16_224_cifar100_analysis.json,mixer_b16_224,cifar100,summary,-1,0.03159873807293196,0.1,,,,3.1645831927214316,0.6840126192706804
./results/medium_scale_analysis_20250903_170303/mixer_b16_224_cifar100_analysis.json,mixer_b16_224,cifar100,summary_final,999,0.032292121617206015,0.1,,,,3.0966346699267144,0.6770787838279398
./results/medium_scale_analysis_20250903_170303/efficientnet_b1_svhn_analysis.json,efficientnet_b1,svhn,layer_0,0,0.017192246608521235,0.1,46.33997590811335,5.816575475972733,-10.0,5.816237170147869,0.8280775339147877
./results/medium_scale_analysis_20250903_170303/efficientnet_b1_svhn_analysis.json,efficientnet_b1,svhn,summary,-1,0.017192246608521235,0.1,,,,5.816237170147869,0.8280775339147877
./results/medium_scale_analysis_20250903_170303/efficientnet_b1_svhn_analysis.json,efficientnet_b1,svhn,summary_final,999,0.017192246608521235,0.1,,,,5.816237170147869,0.8280775339147877
./results/medium_scale_analysis_20250903_170303/swin_base_patch4_window7_224_svhn_analysis.json,swin_base_patch4_window7_224,svhn,layer_0,0,0.029683769134778108,0.1,-2.235804513754735,3.3688444195194194,-10.0,3.3687309322154007,0.703162308652219
./results/medium_scale_analysis_20250903_170303/swin_base_patch4_window7_224_svhn_analysis.json,swin_base_patch4_window7_224,svhn,summary,-1,0.029683769134778108,0.1,,,,3.3687309322154007,0.703162308652219
./results/medium_scale_analysis_20250903_170303/swin_base_patch4_window7_224_svhn_analysis.json,swin_base_patch4_window7_224,svhn,summary_final,999,0.029683769134778108,0.1,,,,3.3687309322154007,0.703162308652219
./results/medium_scale_analysis_20250903_170303/swin_small_patch4_window7_224_cifar10_analysis.json,swin_small_patch4_window7_224,cifar10,layer_0,0,0.03109478354500715,0.1,-2.2624676672173263,3.215973504213599,-10.0,3.21587008268381,0.6890521645499286
./results/medium_scale_analysis_20250903_170303/swin_small_patch4_window7_224_cifar10_analysis.json,swin_small_patch4_window7_224,cifar10,summary,-1,0.03109478354500715,0.1,,,,3.21587008268381,0.6890521645499286
./results/medium_scale_analysis_20250903_170303/swin_small_patch4_window7_224_cifar10_analysis.json,swin_small_patch4_window7_224,cifar10,summary_final,999,0.03109478354500715,0.1,,,,3.21587008268381,0.6890521645499286
./results/medium_scale_analysis_20250903_170303/convnext_base_cifar10_analysis.json,convnext_base,cifar10,layer_0,0,0.03144897082295215,0.1,0.43299452524383353,3.1797542934860625,-10.0,3.1796531883272885,0.6855102917704785
./results/medium_scale_analysis_20250903_170303/convnext_base_cifar10_analysis.json,convnext_base,cifar10,layer_1,1,0.031136017132806705,0.1,3.6568984272506686,3.2117145739438278,-10.0,3.2116114261515953,0.688639828671933
./results/medium_scale_analysis_20250903_170303/convnext_base_cifar10_analysis.json,convnext_base,cifar10,layer_2,2,0.03381328967410803,0.1,7.320974507775466,2.957417067780109,-10.0,2.9573296072095547,0.6618671032589197
./results/medium_scale_analysis_20250903_170303/convnext_base_cifar10_analysis.json,convnext_base,cifar10,layer_3,3,0.03305151819456904,0.1,1.4477895998828694,3.0255796242495085,-10.0,3.0254880856984534,0.6694848180543096
./results/medium_scale_analysis_20250903_170303/convnext_base_cifar10_analysis.json,convnext_base,cifar10,summary,-1,0.03144897082295215,0.1,,,,3.1796531883272885,0.6855102917704785
./results/medium_scale_analysis_20250903_170303/convnext_base_cifar10_analysis.json,convnext_base,cifar10,summary_final,999,0.03305151819456904,0.1,,,,3.0254880856984534,0.6694848180543096
./results/medium_scale_analysis_20250903_170303/vit_base_patch16_224_cifar100_analysis.json,vit_base_patch16_224,cifar100,layer_0,0,0.03361511000050905,0.1,-1.956634464191469,2.9748526778132116,-1.207898901395371,2.974764182961256,0.6638488999949095
./results/medium_scale_analysis_20250903_170303/vit_base_patch16_224_cifar100_analysis.json,vit_base_patch16_224,cifar100,layer_1,1,0.034552509266517595,0.1,-2.8699774493847263,2.8941458123535755,-1.2694689158786718,2.8940620539778332,0.654474907334824
./results/medium_scale_analysis_20250903_170303/vit_base_patch16_224_cifar100_analysis.json,vit_base_patch16_224,cifar100,layer_2,2,0.03377755215136876,0.1,0.20664790190516477,2.9605460914356914,-1.218568384446833,2.9604584456988885,0.6622244784863125
./results/medium_scale_analysis_20250903_170303/vit_base_patch16_224_cifar100_analysis.json,vit_base_patch16_224,cifar100,layer_3,3,0.03417994259454717,0.1,1.1778652765938362,2.92569245028379,-1.244998088749813,2.9256068560248782,0.6582005740545283
./results/medium_scale_analysis_20250903_170303/vit_base_patch16_224_cifar100_analysis.json,vit_base_patch16_224,cifar100,layer_4,4,0.03418135452855304,0.1,-3.0052355279779883,2.925571598295382,-1.245090827031507,2.925486011107529,0.6581864547144696
./results/medium_scale_analysis_20250903_170303/vit_base_patch16_224_cifar100_analysis.json,vit_base_patch16_224,cifar100,layer_5,5,0.03435818574406892,0.1,-3.136908736259348,2.91051456397876,-1.2567054088806815,2.9104298554939416,0.6564181425593109
./results/medium_scale_analysis_20250903_170303/vit_base_patch16_224_cifar100_analysis.json,vit_base_patch16_224,cifar100,layer_6,6,0.03352913386546895,0.1,-3.280992282943364,2.982480859816907,-1.2022518392825776,2.98239191054901,0.6647086613453106
./results/medium_scale_analysis_20250903_170303/vit_base_patch16_224_cifar100_analysis.json,vit_base_patch16_224,cifar100,layer_7,7,0.03441284193024717,0.1,-3.1596718053339834,2.905891940069762,-1.26029532226831,2.9058075004438124,0.6558715806975284
./results/medium_scale_analysis_20250903_170303/vit_base_patch16_224_cifar100_analysis.json,vit_base_patch16_224,cifar100,layer_8,8,0.03444326951409279,0.1,-2.911316784438907,2.9033248414202975,-1.2622938589068582,2.9032405509161765,0.6555673048590722
./results/medium_scale_analysis_20250903_170303/vit_base_patch16_224_cifar100_analysis.json,vit_base_patch16_224,cifar100,layer_9,9,0.03382728636865552,0.1,-2.34552176871694,2.956193379220047,-1.2218350143554524,2.956105991010458,0.6617271363134448
./results/medium_scale_analysis_20250903_170303/vit_base_patch16_224_cifar100_analysis.json,vit_base_patch16_224,cifar100,layer_10,10,0.03395721609979441,0.1,-1.6602714980507967,2.9448821630759494,-1.2303690251213193,2.9447954423202294,0.6604278390020559
./results/medium_scale_analysis_20250903_170303/vit_base_patch16_224_cifar100_analysis.json,vit_base_patch16_224,cifar100,layer_11,11,0.03354478914215106,0.1,-0.9771634160282072,2.981088942793322,-1.203280105088846,2.981000076529656,0.6645521085784893
./results/medium_scale_analysis_20250903_170303/vit_base_patch16_224_cifar100_analysis.json,vit_base_patch16_224,cifar100,summary,-1,0.03361511000050905,0.1,,,,2.974764182961256,0.6638488999949095
./results/medium_scale_analysis_20250903_170303/vit_base_patch16_224_cifar100_analysis.json,vit_base_patch16_224,cifar100,summary_final,999,0.03354478914215106,0.1,,,,2.981000076529656,0.6645521085784893
./results/medium_scale_analysis_20250903_170303/efficientnet_b2_cifar10_analysis.json,efficientnet_b2,cifar10,layer_0,0,0.035590850185290936,0.1,1.5625078423974086,2.809710908263951,-3.3835312436452414,2.8096319657281277,0.6440914981470907
./results/medium_scale_analysis_20250903_170303/efficientnet_b2_cifar10_analysis.json,efficientnet_b2,cifar10,summary,-1,0.035590850185290936,0.1,,,,2.8096319657281277,0.6440914981470907
./results/medium_scale_analysis_20250903_170303/efficientnet_b2_cifar10_analysis.json,efficientnet_b2,cifar10,summary_final,999,0.035590850185290936,0.1,,,,2.8096319657281277,0.6440914981470907
./results/medium_scale_analysis_20250903_170303/deit_base_patch16_224_svhn_analysis.json,deit_base_patch16_224,svhn,layer_0,0,0.03257981719757953,0.1,-1.163474867964814,3.0693849321975124,-10.0,3.069290723850509,0.6742018280242047
./results/medium_scale_analysis_20250903_170303/deit_base_patch16_224_svhn_analysis.json,deit_base_patch16_224,svhn,layer_1,1,0.03205351218851528,0.1,-1.4025939963509328,3.1197829246253344,-10.0,3.1196855972067707,0.6794648781148472
./results/medium_scale_analysis_20250903_170303/deit_base_patch16_224_svhn_analysis.json,deit_base_patch16_224,svhn,layer_2,2,0.032799667344887706,0.1,1.865868090010528,3.048811408618948,-10.0,3.0487184589427554,0.6720033265511229
./results/medium_scale_analysis_20250903_170303/deit_base_patch16_224_svhn_analysis.json,deit_base_patch16_224,svhn,layer_3,3,0.033051646091240436,0.1,2.373602590229404,3.02556791646461,-10.0,3.0254763786219785,0.6694835390875957
./results/medium_scale_analysis_20250903_170303/deit_base_patch16_224_svhn_analysis.json,deit_base_patch16_224,svhn,layer_4,4,0.032055112865599124,0.1,-1.2437363276519162,3.1196271377761366,-10.0,3.1195298200772985,0.6794488713440088
./results/medium_scale_analysis_20250903_170303/deit_base_patch16_224_svhn_analysis.json,deit_base_patch16_224,svhn,layer_5,5,0.032485305274616454,0.1,-1.0557107966743076,3.078314922844162,-10.0,3.0782201655334487,0.6751469472538355
./results/medium_scale_analysis_20250903_170303/deit_base_patch16_224_svhn_analysis.json,deit_base_patch16_224,svhn,layer_6,6,0.0321151193876278,0.1,-0.8481431344204907,3.113798170668627,-10.0,3.113701216297114,0.678848806123722
./results/medium_scale_analysis_20250903_170303/deit_base_patch16_224_svhn_analysis.json,deit_base_patch16_224,svhn,layer_7,7,0.0328350447770583,0.1,-0.6580662617637535,3.0455265305400028,-10.0,3.045433781046231,0.671649552229417
./results/medium_scale_analysis_20250903_170303/deit_base_patch16_224_svhn_analysis.json,deit_base_patch16_224,svhn,layer_8,8,0.032926725481715095,0.1,-0.28231540915973025,3.0370466099197175,-10.0,3.03695437619979,0.6707327451828491
./results/medium_scale_analysis_20250903_170303/deit_base_patch16_224_svhn_analysis.json,deit_base_patch16_224,svhn,layer_9,9,0.03277249557161344,0.1,0.20785095416845928,3.051339187199922,-10.0,3.0512460833324835,0.6722750442838656
./results/medium_scale_analysis_20250903_170303/deit_base_patch16_224_svhn_analysis.json,deit_base_patch16_224,svhn,layer_10,10,0.032087084553454374,0.1,0.8358113329954465,3.116518729939719,-10.0,3.1164216060766616,0.6791291544654563
./results/medium_scale_analysis_20250903_170303/deit_base_patch16_224_svhn_analysis.json,deit_base_patch16_224,svhn,layer_11,11,0.03262234603489326,0.1,1.3121442004600448,3.0653834611722526,-10.0,3.0652894982949346,0.6737765396510674
./results/medium_scale_analysis_20250903_170303/deit_base_patch16_224_svhn_analysis.json,deit_base_patch16_224,svhn,summary,-1,0.03257981719757953,0.1,,,,3.069290723850509,0.6742018280242047
./results/medium_scale_analysis_20250903_170303/deit_base_patch16_224_svhn_analysis.json,deit_base_patch16_224,svhn,summary_final,999,0.03262234603489326,0.1,,,,3.0652894982949346,0.6737765396510674
./results/medium_scale_analysis_20250903_170303/swin_small_patch4_window7_224_cifar100_analysis.json,swin_small_patch4_window7_224,cifar100,layer_0,0,0.03377118691445447,0.1,-2.1876618795637843,2.9611040989856003,-10.0,2.96101642020701,0.6622881308554553
./results/medium_scale_analysis_20250903_170303/swin_small_patch4_window7_224_cifar100_analysis.json,swin_small_patch4_window7_224,cifar100,summary,-1,0.03377118691445447,0.1,,,,2.96101642020701,0.6622881308554553
./results/medium_scale_analysis_20250903_170303/swin_small_patch4_window7_224_cifar100_analysis.json,swin_small_patch4_window7_224,cifar100,summary_final,999,0.03377118691445447,0.1,,,,2.96101642020701,0.6622881308554553
./results/medium_scale_analysis_20250903_170303/convnext_small_cifar100_analysis.json,convnext_small,cifar100,layer_0,0,0.03284424637657068,0.1,-1.6587600059022667,3.044673299958395,-10.0,3.044580602425697,0.6715575362342933
./results/medium_scale_analysis_20250903_170303/convnext_small_cifar100_analysis.json,convnext_small,cifar100,layer_1,1,0.03199676188711793,0.1,0.9650744650158861,3.125316253963203,-10.0,3.125218580998919,0.6800323811288207
./results/medium_scale_analysis_20250903_170303/convnext_small_cifar100_analysis.json,convnext_small,cifar100,layer_2,2,0.033565593643901645,0.1,3.9751287681561847,2.9792412153022796,-10.0,2.9791524591643492,0.6643440635609836
./results/medium_scale_analysis_20250903_170303/convnext_small_cifar100_analysis.json,convnext_small,cifar100,layer_3,3,0.03443517334319072,0.1,-1.5455734916476687,2.9040074520134285,-10.0,2.9039231218695685,0.6556482665680928
./results/medium_scale_analysis_20250903_170303/convnext_small_cifar100_analysis.json,convnext_small,cifar100,summary,-1,0.03284424637657068,0.1,,,,3.044580602425697,0.6715575362342933
./results/medium_scale_analysis_20250903_170303/convnext_small_cifar100_analysis.json,convnext_small,cifar100,summary_final,999,0.03443517334319072,0.1,,,,2.9039231218695685,0.6556482665680928
./results/medium_scale_analysis_20250903_170303/efficientnet_b2_svhn_analysis.json,efficientnet_b2,svhn,layer_0,0,0.035735159050470984,0.1,1.3957693963101925,2.798364486324625,0.07596667122060163,2.7982861800779357,0.6426484094952902
./results/medium_scale_analysis_20250903_170303/efficientnet_b2_svhn_analysis.json,efficientnet_b2,svhn,summary,-1,0.035735159050470984,0.1,,,,2.7982861800779357,0.6426484094952902
./results/medium_scale_analysis_20250903_170303/efficientnet_b2_svhn_analysis.json,efficientnet_b2,svhn,summary_final,999,0.035735159050470984,0.1,,,,2.7982861800779357,0.6426484094952902
./results/medium_scale_analysis_20250903_170303/resnet34_svhn_analysis.json,resnet34,svhn,layer_0,0,0.0317858644227225,0.1,0.8019964829062619,3.146052555629534,-10.0,3.14595358227646,0.682141355772775
./results/medium_scale_analysis_20250903_170303/resnet34_svhn_analysis.json,resnet34,svhn,layer_1,1,0.033667503911331505,0.1,0.6638416016378179,2.970223164252545,-10.0,2.9701349446164107,0.6633249608866849
./results/medium_scale_analysis_20250903_170303/resnet34_svhn_analysis.json,resnet34,svhn,layer_2,2,0.032105457702125036,0.1,0.953249303216979,3.11473522439087,-10.0,3.114638211657379,0.6789454229787497
./results/medium_scale_analysis_20250903_170303/resnet34_svhn_analysis.json,resnet34,svhn,layer_3,3,0.032346081994224514,0.1,-2.9980514479351617,3.0915645368689564,-10.0,3.0914689621108558,0.6765391800577549
./results/medium_scale_analysis_20250903_170303/resnet34_svhn_analysis.json,resnet34,svhn,summary,-1,0.0317858644227225,0.1,,,,3.14595358227646,0.682141355772775
./results/medium_scale_analysis_20250903_170303/resnet34_svhn_analysis.json,resnet34,svhn,summary_final,999,0.032346081994224514,0.1,,,,3.0914689621108558,0.6765391800577549
./results/medium_scale_analysis_20250903_170303/efficientnet_b2_cifar100_analysis.json,efficientnet_b2,cifar100,layer_0,0,0.03313650380861091,0.1,-0.6410241061145613,3.0178198815897357,-3.035691594513306,3.0177288119696755,0.6686349619138909
./results/medium_scale_analysis_20250903_170303/efficientnet_b2_cifar100_analysis.json,efficientnet_b2,cifar100,summary,-1,0.03313650380861091,0.1,,,,3.0177288119696755,0.6686349619138909
./results/medium_scale_analysis_20250903_170303/efficientnet_b2_cifar100_analysis.json,efficientnet_b2,cifar100,summary_final,999,0.03313650380861091,0.1,,,,3.0177288119696755,0.6686349619138909
./results/medium_scale_analysis_20250903_170303/mixer_b16_224_cifar10_analysis.json,mixer_b16_224,cifar10,layer_0,0,0.0314169516361688,0.1,-2.109922274800845,3.18299500085409,-10.0,3.1828936895070705,0.685830483638312
./results/medium_scale_analysis_20250903_170303/mixer_b16_224_cifar10_analysis.json,mixer_b16_224,cifar10,layer_1,1,0.03175355213561863,0.1,-2.4270635350511722,3.1492539660729135,-10.0,3.149154791190754,0.6824644786438137
./results/medium_scale_analysis_20250903_170303/mixer_b16_224_cifar10_analysis.json,mixer_b16_224,cifar10,layer_2,2,0.03324258755201304,0.1,-1.9270035488619746,3.008189414964612,-10.0,3.008098925651139,0.6675741244798696
./results/medium_scale_analysis_20250903_170303/mixer_b16_224_cifar10_analysis.json,mixer_b16_224,cifar10,layer_3,3,0.03354803008977038,0.1,-1.1333815033912469,2.980800951126262,-10.0,2.9807121020315743,0.6645196991022962
./results/medium_scale_analysis_20250903_170303/mixer_b16_224_cifar10_analysis.json,mixer_b16_224,cifar10,layer_4,4,0.031971554012014666,0.1,-2.7913030447164595,3.127780400115076,-10.0,3.127682573072578,0.6802844598798534
./results/medium_scale_analysis_20250903_170303/mixer_b16_224_cifar10_analysis.json,mixer_b16_224,cifar10,layer_5,5,0.0316318865168046,0.1,-3.214408188755704,3.1613669310198906,-10.0,3.1612669917706113,0.683681134831954
./results/medium_scale_analysis_20250903_170303/mixer_b16_224_cifar10_analysis.json,mixer_b16_224,cifar10,layer_6,6,0.03355224548654801,0.1,-3.0900788812335658,2.980426452831381,-10.0,2.98033762606039,0.66447754513452
./results/medium_scale_analysis_20250903_170303/mixer_b16_224_cifar10_analysis.json,mixer_b16_224,cifar10,layer_7,7,0.03301074029018214,0.1,-3.3630396974947616,3.0293170986456617,-10.0,3.029225333804668,0.6698925970981786
./results/medium_scale_analysis_20250903_170303/mixer_b16_224_cifar10_analysis.json,mixer_b16_224,cifar10,layer_8,8,0.032926962099164556,0.1,-3.6515508166887365,3.0370247853061816,-10.0,3.0369325529118365,0.6707303790083545
./results/medium_scale_analysis_20250903_170303/mixer_b16_224_cifar10_analysis.json,mixer_b16_224,cifar10,layer_9,9,0.03261621398360862,0.1,-3.2903430116062764,3.0659597723468246,-10.0,3.0658657741355153,0.6738378601639138
./results/medium_scale_analysis_20250903_170303/mixer_b16_224_cifar10_analysis.json,mixer_b16_224,cifar10,layer_10,10,0.03276567152843103,0.1,-2.609794965471037,3.0519746837243735,-10.0,3.0518815410723628,0.6723432847156897
./results/medium_scale_analysis_20250903_170303/mixer_b16_224_cifar10_analysis.json,mixer_b16_224,cifar10,layer_11,11,0.03309014918382148,0.1,-2.3775485590546106,3.0220474209554866,-10.0,3.021956096009225,0.6690985081617853
./results/medium_scale_analysis_20250903_170303/mixer_b16_224_cifar10_analysis.json,mixer_b16_224,cifar10,summary,-1,0.0314169516361688,0.1,,,,3.1828936895070705,0.685830483638312
./results/medium_scale_analysis_20250903_170303/mixer_b16_224_cifar10_analysis.json,mixer_b16_224,cifar10,summary_final,999,0.03309014918382148,0.1,,,,3.021956096009225,0.6690985081617853
./results/medium_scale_analysis_20250903_170303/efficientnet_b1_cifar100_analysis.json,efficientnet_b1,cifar100,layer_0,0,0.03646240671351424,0.1,56.56374918940425,2.7425507258942545,-4.597191147973675,2.7424755121121893,0.6353759328648576
./results/medium_scale_analysis_20250903_170303/efficientnet_b1_cifar100_analysis.json,efficientnet_b1,cifar100,summary,-1,0.03646240671351424,0.1,,,,2.7424755121121893,0.6353759328648576
./results/medium_scale_analysis_20250903_170303/efficientnet_b1_cifar100_analysis.json,efficientnet_b1,cifar100,summary_final,999,0.03646240671351424,0.1,,,,2.7424755121121893,0.6353759328648576
./results/medium_scale_analysis_20250903_170303/convnext_small_svhn_analysis.json,convnext_small,svhn,layer_0,0,0.0347988571472369,0.1,-1.6749222812318367,2.8736575910206352,-8.938312726444273,2.8735750143141026,0.652011428527631
./results/medium_scale_analysis_20250903_170303/convnext_small_svhn_analysis.json,convnext_small,svhn,layer_1,1,0.03403687909714434,0.1,1.129570133027589,2.9379896939020447,-8.720697069686782,2.9379033786035644,0.6596312090285565
./results/medium_scale_analysis_20250903_170303/convnext_small_svhn_analysis.json,convnext_small,svhn,layer_2,2,0.033239029064682256,0.1,3.4068057937450265,3.0085114642007955,-8.492836623067445,3.008420955511457,0.6676097093531774
./results/medium_scale_analysis_20250903_170303/convnext_small_svhn_analysis.json,convnext_small,svhn,layer_3,3,0.03453222438219689,0.1,-1.2204917287975041,2.8958458885595295,-8.86216425435876,2.89576203175379,0.654677756178031
./results/medium_scale_analysis_20250903_170303/convnext_small_svhn_analysis.json,convnext_small,svhn,summary,-1,0.0347988571472369,0.1,,,,2.8735750143141026,0.652011428527631
./results/medium_scale_analysis_20250903_170303/convnext_small_svhn_analysis.json,convnext_small,svhn,summary_final,999,0.03453222438219689,0.1,,,,2.89576203175379,0.654677756178031
./results/medium_scale_analysis_20250903_170303/swin_small_patch4_window7_224_svhn_analysis.json,swin_small_patch4_window7_224,svhn,layer_0,0,0.03451687211861758,0.1,-2.5503234883449357,2.8971338902421113,-10.0,2.897049958825937,0.6548312788138242
./results/medium_scale_analysis_20250903_170303/swin_small_patch4_window7_224_svhn_analysis.json,swin_small_patch4_window7_224,svhn,summary,-1,0.03451687211861758,0.1,,,,2.897049958825937,0.6548312788138242
./results/medium_scale_analysis_20250903_170303/swin_small_patch4_window7_224_svhn_analysis.json,swin_small_patch4_window7_224,svhn,summary_final,999,0.03451687211861758,0.1,,,,2.897049958825937,0.6548312788138242
./results/medium_scale_analysis_20250903_170303/resnet50_cifar10_analysis.json,resnet50,cifar10,layer_0,0,0.1,0.1,-1.7829531096775453,1.0,-10.0,0.9999900000999989,0.0
./results/medium_scale_analysis_20250903_170303/resnet50_cifar10_analysis.json,resnet50,cifar10,layer_1,1,0.03359543149976779,0.1,0.03357342700796156,2.976595195709607,-4.276790703203484,2.9765065971572358,0.6640456850023221
./results/medium_scale_analysis_20250903_170303/resnet50_cifar10_analysis.json,resnet50,cifar10,layer_2,2,0.03287765523360431,0.1,-0.2922262464674436,3.0415794341011835,-4.164050519220499,3.041486924860386,0.6712234476639569
./results/medium_scale_analysis_20250903_170303/resnet50_cifar10_analysis.json,resnet50,cifar10,layer_3,3,0.032653200155345626,0.1,-4.106190878034001,3.0624869698607196,-4.1287956521934035,3.0623931844684793,0.6734679984465437
./results/medium_scale_analysis_20250903_170303/resnet50_cifar10_analysis.json,resnet50,cifar10,summary,-1,0.1,0.1,,,,0.9999900000999989,0.0
./results/medium_scale_analysis_20250903_170303/resnet50_cifar10_analysis.json,resnet50,cifar10,summary_final,999,0.032653200155345626,0.1,,,,3.0623931844684793,0.6734679984465437
./results/medium_scale_analysis_20250903_170303/efficientnet_b1_cifar10_analysis.json,efficientnet_b1,cifar10,layer_0,0,0.02805817672678224,0.1,69.18899178466995,3.5640234564688402,-10.0,3.5638964383638125,0.7194182327321776
./results/medium_scale_analysis_20250903_170303/efficientnet_b1_cifar10_analysis.json,efficientnet_b1,cifar10,summary,-1,0.02805817672678224,0.1,,,,3.5638964383638125,0.7194182327321776
./results/medium_scale_analysis_20250903_170303/efficientnet_b1_cifar10_analysis.json,efficientnet_b1,cifar10,summary_final,999,0.02805817672678224,0.1,,,,3.5638964383638125,0.7194182327321776
./results/medium_scale_analysis_20250903_170303/vit_small_patch16_224_cifar10_analysis.json,vit_small_patch16_224,cifar10,layer_0,0,0.031636571021967555,0.1,-0.4341855785528531,3.160898819614894,-1.496021968990271,3.1607989099594587,0.6836342897803245
./results/medium_scale_analysis_20250903_170303/vit_small_patch16_224_cifar10_analysis.json,vit_small_patch16_224,cifar10,layer_1,1,0.030626686254130283,0.1,-0.7921922925062879,3.265126340154221,-1.416345364186287,3.265019733134903,0.6937331374586972
./results/medium_scale_analysis_20250903_170303/vit_small_patch16_224_cifar10_analysis.json,vit_small_patch16_224,cifar10,layer_2,2,0.03228963439484681,0.1,1.6691209916036411,3.0969691008938542,-1.5475465329108564,3.096873191688014,0.6771036560515319
./results/medium_scale_analysis_20250903_170303/vit_small_patch16_224_cifar10_analysis.json,vit_small_patch16_224,cifar10,layer_3,3,0.03289428646259561,0.1,1.7108179850659984,3.040041622842645,-1.5952516032121995,3.039949207121435,0.671057135374044
./results/medium_scale_analysis_20250903_170303/vit_small_patch16_224_cifar10_analysis.json,vit_small_patch16_224,cifar10,layer_4,4,0.031936884179935815,0.1,-0.9778389087168587,3.1311758353316286,-1.5197156948161554,3.131077795780302,0.6806311582006419
./results/medium_scale_analysis_20250903_170303/vit_small_patch16_224_cifar10_analysis.json,vit_small_patch16_224,cifar10,layer_5,5,0.0326296894885547,0.1,-1.2444742539749654,3.0646935832802313,-1.574375767468943,3.0645996626910157,0.6737031051144531
./results/medium_scale_analysis_20250903_170303/vit_small_patch16_224_cifar10_analysis.json,vit_small_patch16_224,cifar10,layer_6,6,0.03275228489224894,0.1,-1.6077814334524814,3.053222098213542,-1.584048143805354,3.053128879407909,0.6724771510775106
./results/medium_scale_analysis_20250903_170303/vit_small_patch16_224_cifar10_analysis.json,vit_small_patch16_224,cifar10,layer_7,7,0.033119901158230686,0.1,-1.7693921175930023,3.0193326822519464,-1.6130518647020171,3.0192415213059376,0.6688009884176931
./results/medium_scale_analysis_20250903_170303/vit_small_patch16_224_cifar10_analysis.json,vit_small_patch16_224,cifar10,layer_8,8,0.03337136560149654,0.1,-1.2410338381519699,2.996580996838664,-1.6328915867242189,2.9964912045526564,0.6662863439850346
./results/medium_scale_analysis_20250903_170303/vit_small_patch16_224_cifar10_analysis.json,vit_small_patch16_224,cifar10,layer_9,9,0.03342457645810634,0.1,-0.7842170877211271,2.991810535739709,-1.637089749255633,2.99172102911476,0.6657542354189365
./results/medium_scale_analysis_20250903_170303/vit_small_patch16_224_cifar10_analysis.json,vit_small_patch16_224,cifar10,layer_10,10,0.03288053841621241,0.1,-0.07238908197559163,3.041312728343067,-1.5941669273230414,3.0412202353249533,0.6711946158378759
./results/medium_scale_analysis_20250903_170303/vit_small_patch16_224_cifar10_analysis.json,vit_small_patch16_224,cifar10,layer_11,11,0.033121994523981325,0.1,0.7459421033663792,3.0191418553492295,-1.6132170244122492,3.019050705925733,0.6687800547601868
./results/medium_scale_analysis_20250903_170303/vit_small_patch16_224_cifar10_analysis.json,vit_small_patch16_224,cifar10,summary,-1,0.031636571021967555,0.1,,,,3.1607989099594587,0.6836342897803245
./results/medium_scale_analysis_20250903_170303/vit_small_patch16_224_cifar10_analysis.json,vit_small_patch16_224,cifar10,summary_final,999,0.033121994523981325,0.1,,,,3.019050705925733,0.6687800547601868
./results/medium_scale_analysis_20250903_170303/convnext_base_cifar100_analysis.json,convnext_base,cifar100,layer_0,0,0.031860134213607005,0.1,0.39884976047322995,3.138718730107905,-4.710336577734097,3.138620217647267,0.68139865786393
./results/medium_scale_analysis_20250903_170303/convnext_base_cifar100_analysis.json,convnext_base,cifar100,layer_1,1,0.03309735206374751,0.1,3.642568697083655,3.021389741614191,-4.93208486971918,3.0212984564125653,0.6690264793625249
./results/medium_scale_analysis_20250903_170303/convnext_base_cifar100_analysis.json,convnext_base,cifar100,layer_2,2,0.032667634817630624,0.1,7.145449197494316,3.0611337661344957,-4.855066044496014,3.0610400636035138,0.6733236518236938
./results/medium_scale_analysis_20250903_170303/convnext_base_cifar100_analysis.json,convnext_base,cifar100,layer_3,3,0.033557572783976204,0.1,1.5786924532597235,2.9799533072234046,-5.014570875425668,2.9798645086524282,0.664424272160238
./results/medium_scale_analysis_20250903_170303/convnext_base_cifar100_analysis.json,convnext_base,cifar100,summary,-1,0.031860134213607005,0.1,,,,3.138620217647267,0.68139865786393
./results/medium_scale_analysis_20250903_170303/convnext_base_cifar100_analysis.json,convnext_base,cifar100,summary_final,999,0.033557572783976204,0.1,,,,2.9798645086524282,0.664424272160238
./results/medium_scale_analysis_20250903_170303/vit_base_patch16_224_cifar10_analysis.json,vit_base_patch16_224,cifar10,layer_0,0,0.035078819390706326,0.1,-1.7490875901603764,2.850723078396809,-10.0,2.8506418144927204,0.6492118060929368
./results/medium_scale_analysis_20250903_170303/vit_base_patch16_224_cifar10_analysis.json,vit_base_patch16_224,cifar10,layer_1,1,0.03467913761930259,0.1,-2.5181222007350366,2.8835780490786913,-10.0,2.8834949012526723,0.6532086238069741
./results/medium_scale_analysis_20250903_170303/vit_base_patch16_224_cifar10_analysis.json,vit_base_patch16_224,cifar10,layer_2,2,0.03328723336350965,0.1,0.22618832197919161,3.0041547432903406,-10.0,3.0040644965442764,0.6671276663649035
./results/medium_scale_analysis_20250903_170303/vit_base_patch16_224_cifar10_analysis.json,vit_base_patch16_224,cifar10,layer_3,3,0.033189497921021834,0.1,1.1466311623354504,3.0130012884787027,-10.0,3.012910509446232,0.6681050207897816
./results/medium_scale_analysis_20250903_170303/vit_base_patch16_224_cifar10_analysis.json,vit_base_patch16_224,cifar10,layer_4,4,0.034666344558651335,0.1,-2.572155249325599,2.884642187491441,-10.0,2.8845589782862304,0.6533365544134866
./results/medium_scale_analysis_20250903_170303/vit_base_patch16_224_cifar10_analysis.json,vit_base_patch16_224,cifar10,layer_5,5,0.035431837221041,0.1,-2.729639488526435,2.8223204847141137,-10.0,2.8222408320329833,0.64568162778959
./results/medium_scale_analysis_20250903_170303/vit_base_patch16_224_cifar10_analysis.json,vit_base_patch16_224,cifar10,layer_6,6,0.034942056913729855,0.1,-2.9952963877501246,2.8618807486604143,-10.0,2.8617988473901357,0.6505794308627015
./results/medium_scale_analysis_20250903_170303/vit_base_patch16_224_cifar10_analysis.json,vit_base_patch16_224,cifar10,layer_7,7,0.03470986780466585,0.1,-2.9545328309936787,2.881025089544062,-10.0,2.8809420888796664,0.6529013219533415
./results/medium_scale_analysis_20250903_170303/vit_base_patch16_224_cifar10_analysis.json,vit_base_patch16_224,cifar10,layer_8,8,0.034308351897607454,0.1,-2.7706773342629814,2.9147421682757564,-10.0,2.9146572135328928,0.6569164810239254
./results/medium_scale_analysis_20250903_170303/vit_base_patch16_224_cifar10_analysis.json,vit_base_patch16_224,cifar10,layer_9,9,0.03420584745417278,0.1,-2.2291961067945287,2.9234767574162523,-10.0,2.92339129275128,0.6579415254582722
./results/medium_scale_analysis_20250903_170303/vit_base_patch16_224_cifar10_analysis.json,vit_base_patch16_224,cifar10,layer_10,10,0.03332713129138161,0.1,-1.5402611798853385,3.0005582876513586,-10.0,3.000468256852409,0.6667286870861839
./results/medium_scale_analysis_20250903_170303/vit_base_patch16_224_cifar10_analysis.json,vit_base_patch16_224,cifar10,layer_11,11,0.033795250311148085,0.1,-0.8934381466778932,2.9589956896106453,-10.0,2.958908135646452,0.6620474968885192
./results/medium_scale_analysis_20250903_170303/vit_base_patch16_224_cifar10_analysis.json,vit_base_patch16_224,cifar10,summary,-1,0.035078819390706326,0.1,,,,2.8506418144927204,0.6492118060929368
./results/medium_scale_analysis_20250903_170303/vit_base_patch16_224_cifar10_analysis.json,vit_base_patch16_224,cifar10,summary_final,999,0.033795250311148085,0.1,,,,2.958908135646452,0.6620474968885192
./results/medium_scale_analysis_20250903_170303/resnet34_cifar100_analysis.json,resnet34,cifar100,layer_0,0,0.03277032437747913,0.1,0.8180252458604192,3.051541353332571,-9.195462281218793,3.0514482371277394,0.6722967562252087
./results/medium_scale_analysis_20250903_170303/resnet34_cifar100_analysis.json,resnet34,cifar100,layer_1,1,0.03274018267366705,0.1,0.7386385309621514,3.054350704048761,-9.186084632075994,3.054257416315862,0.6725981732633295
./results/medium_scale_analysis_20250903_170303/resnet34_cifar100_analysis.json,resnet34,cifar100,layer_2,2,0.033085356682130626,0.1,0.949619560965333,3.0224851725419035,-9.293474737319078,3.0223938211368035,0.6691464331786938
./results/medium_scale_analysis_20250903_170303/resnet34_cifar100_analysis.json,resnet34,cifar100,layer_3,3,0.0333767985251357,0.1,-2.8919335164162807,2.9960932269969245,-9.384147758534857,2.9960034639400606,0.666232014748643
./results/medium_scale_analysis_20250903_170303/resnet34_cifar100_analysis.json,resnet34,cifar100,summary,-1,0.03277032437747913,0.1,,,,3.0514482371277394,0.6722967562252087
./results/medium_scale_analysis_20250903_170303/resnet34_cifar100_analysis.json,resnet34,cifar100,summary_final,999,0.0333767985251357,0.1,,,,2.9960034639400606,0.666232014748643
./results/medium_scale_analysis_20250903_170303/mixer_b16_224_svhn_analysis.json,mixer_b16_224,svhn,layer_0,0,0.03311623367223692,0.1,-2.031255245991477,3.0196670608661416,-10.0,3.019575879727923,0.6688376632776308
./results/medium_scale_analysis_20250903_170303/mixer_b16_224_svhn_analysis.json,mixer_b16_224,svhn,layer_1,1,0.03267013495066789,0.1,-2.3236449178742093,3.060899508098165,-10.0,3.0608058199078796,0.6732986504933212
./results/medium_scale_analysis_20250903_170303/mixer_b16_224_svhn_analysis.json,mixer_b16_224,svhn,layer_2,2,0.03455985654604598,0.1,-1.669570157904336,2.8935305291781104,-10.0,2.893446806411421,0.6544014345395402
./results/medium_scale_analysis_20250903_170303/mixer_b16_224_svhn_analysis.json,mixer_b16_224,svhn,layer_3,3,0.034056464011809,0.1,-0.6735782521390448,2.93630013865577,-10.0,2.936213922602289,0.65943535988191
./results/medium_scale_analysis_20250903_170303/mixer_b16_224_svhn_analysis.json,mixer_b16_224,svhn,layer_4,4,0.03299123651918129,0.1,-2.698238947692453,3.0311079714111187,-10.0,3.031016098040556,0.6700876348081871
./results/medium_scale_analysis_20250903_170303/mixer_b16_224_svhn_analysis.json,mixer_b16_224,svhn,layer_5,5,0.03344123013830496,0.1,-3.116911404720113,2.99032061878178,-10.0,2.990231201281619,0.6655876986169504
./results/medium_scale_analysis_20250903_170303/mixer_b16_224_svhn_analysis.json,mixer_b16_224,svhn,layer_6,6,0.03369375473831475,0.1,-3.0266286399679596,2.9679090613871333,-10.0,2.967820979159367,0.6630624526168525
./results/medium_scale_analysis_20250903_170303/mixer_b16_224_svhn_analysis.json,mixer_b16_224,svhn,layer_7,7,0.03360329146832054,0.1,-3.2839935892046976,2.9758989560375317,-10.0,2.9758103989269364,0.6639670853167946
./results/medium_scale_analysis_20250903_170303/mixer_b16_224_svhn_analysis.json,mixer_b16_224,svhn,layer_8,8,0.03416167358331348,0.1,-3.4696871496971045,2.92725705478451,-10.0,2.9271713689541063,0.6583832641668652
./results/medium_scale_analysis_20250903_170303/mixer_b16_224_svhn_analysis.json,mixer_b16_224,svhn,layer_9,9,0.03400052543777149,0.1,-3.161117508398752,2.9411310181962396,-10.0,2.941044518223655,0.6599947456222851
./results/medium_scale_analysis_20250903_170303/mixer_b16_224_svhn_analysis.json,mixer_b16_224,svhn,layer_10,10,0.033417499760429646,0.1,-2.5228359553758724,2.9924441001541378,-10.0,2.9923545556167825,0.6658250023957035
./results/medium_scale_analysis_20250903_170303/mixer_b16_224_svhn_analysis.json,mixer_b16_224,svhn,layer_11,11,0.033744330317283126,0.1,-2.2140375821876286,2.963460796517338,-10.0,2.9633729781208764,0.6625566968271688
./results/medium_scale_analysis_20250903_170303/mixer_b16_224_svhn_analysis.json,mixer_b16_224,svhn,summary,-1,0.03311623367223692,0.1,,,,3.019575879727923,0.6688376632776308
./results/medium_scale_analysis_20250903_170303/mixer_b16_224_svhn_analysis.json,mixer_b16_224,svhn,summary_final,999,0.033744330317283126,0.1,,,,2.9633729781208764,0.6625566968271688
./results/medium_scale_analysis_20250903_170303/deit_base_patch16_224_cifar100_analysis.json,deit_base_patch16_224,cifar100,layer_0,0,0.034400821422403555,0.1,-1.1318640403535245,2.9069073314300264,-3.040400764103034,2.9068228327839885,0.6559917857759645
./results/medium_scale_analysis_20250903_170303/deit_base_patch16_224_cifar100_analysis.json,deit_base_patch16_224,cifar100,layer_1,1,0.03277966283528363,0.1,-1.4232269805743323,3.0506720127810842,-2.849994543457798,3.05057894962284,0.6722033716471638
./results/medium_scale_analysis_20250903_170303/deit_base_patch16_224_cifar100_analysis.json,deit_base_patch16_224,cifar100,layer_2,2,0.03313609988810705,0.1,1.4427729228228021,3.0178566680350705,-2.89185832696747,3.0177655961948,0.6686390011189296
./results/medium_scale_analysis_20250903_170303/deit_base_patch16_224_cifar100_analysis.json,deit_base_patch16_224,cifar100,layer_3,3,0.032932295129293514,0.1,1.9956799701761603,3.036532971886593,-2.86792131415237,3.0364407693614597,0.6706770487070649
./results/medium_scale_analysis_20250903_170303/deit_base_patch16_224_cifar100_analysis.json,deit_base_patch16_224,cifar100,layer_4,4,0.033056801363959214,0.1,-1.2981701083879715,3.0250960732403724,-2.882544659319101,3.025004563946093,0.6694319863604079
./results/medium_scale_analysis_20250903_170303/deit_base_patch16_224_cifar100_analysis.json,deit_base_patch16_224,cifar100,layer_5,5,0.033324857255921755,0.1,-1.1406135376701059,3.0007630409948782,-2.914028013085835,3.000672997908576,0.6667514274407824
./results/medium_scale_analysis_20250903_170303/deit_base_patch16_224_cifar100_analysis.json,deit_base_patch16_224,cifar100,layer_6,6,0.03358397467603578,0.1,-1.0414071934340814,2.977610630207988,-2.9444615370231237,2.9775219711972567,0.6641602532396422
./results/medium_scale_analysis_20250903_170303/deit_base_patch16_224_cifar100_analysis.json,deit_base_patch16_224,cifar100,layer_7,7,0.03327408815504061,0.1,-0.8935132294562121,3.0053415598963977,-2.9080651463427927,3.0052512418318478,0.667259118449594
./results/medium_scale_analysis_20250903_170303/deit_base_patch16_224_cifar100_analysis.json,deit_base_patch16_224,cifar100,layer_8,8,0.033140587200869674,0.1,-0.5115373401476608,3.0174480432071467,-2.8923853650196216,3.0173569960275133,0.6685941279913032
./results/medium_scale_analysis_20250903_170303/deit_base_patch16_224_cifar100_analysis.json,deit_base_patch16_224,cifar100,layer_9,9,0.03330172727045528,0.1,-0.046014698499435985,3.0028472453655066,-2.9113113799623136,3.00275707715733,0.6669827272954472
./results/medium_scale_analysis_20250903_170303/deit_base_patch16_224_cifar100_analysis.json,deit_base_patch16_224,cifar100,layer_10,10,0.03332311950339941,0.1,0.43079001528981953,3.000919526450657,-2.913823912825179,3.000829473973017,0.6667688049660059
./results/medium_scale_analysis_20250903_170303/deit_base_patch16_224_cifar100_analysis.json,deit_base_patch16_224,cifar100,layer_11,11,0.03307534660208232,0.1,0.8254687668108229,3.023399911815416,-2.8847228106301706,3.0233085051087385,0.6692465339791769
./results/medium_scale_analysis_20250903_170303/deit_base_patch16_224_cifar100_analysis.json,deit_base_patch16_224,cifar100,summary,-1,0.034400821422403555,0.1,,,,2.9068228327839885,0.6559917857759645
./results/medium_scale_analysis_20250903_170303/deit_base_patch16_224_cifar100_analysis.json,deit_base_patch16_224,cifar100,summary_final,999,0.03307534660208232,0.1,,,,3.0233085051087385,0.6692465339791769
./results/medium_scale_analysis_20250903_170303/resnet34_cifar10_analysis.json,resnet34,cifar10,layer_0,0,0.03586772920586977,0.1,0.8279473671261037,2.7880214949218187,-10.0,2.787943766450344,0.6413227079413024
./results/medium_scale_analysis_20250903_170303/resnet34_cifar10_analysis.json,resnet34,cifar10,layer_1,1,0.03428598024178444,0.1,0.7846536875395502,2.916644042107032,-10.0,2.9165589764634103,0.6571401975821556
./results/medium_scale_analysis_20250903_170303/resnet34_cifar10_analysis.json,resnet34,cifar10,layer_2,2,0.034207046558026116,0.1,0.9564779297055722,2.9233742770036564,-10.0,2.9232888183302985,0.6579295344197389
./results/medium_scale_analysis_20250903_170303/resnet34_cifar10_analysis.json,resnet34,cifar10,layer_3,3,0.03392289841206007,0.1,-2.86725756036568,2.9478613173115127,-10.0,2.9477744210096337,0.6607710158793993
./results/medium_scale_analysis_20250903_170303/resnet34_cifar10_analysis.json,resnet34,cifar10,summary,-1,0.03586772920586977,0.1,,,,2.787943766450344,0.6413227079413024
./results/medium_scale_analysis_20250903_170303/resnet34_cifar10_analysis.json,resnet34,cifar10,summary_final,999,0.03392289841206007,0.1,,,,2.9477744210096337,0.6607710158793993
./results/medium_scale_analysis_20250903_170303/deit_base_patch16_224_cifar10_analysis.json,deit_base_patch16_224,cifar10,layer_0,0,0.032333932071797904,0.1,-1.1282699008255064,3.0927262350260634,-8.43602405204734,3.092630588428502,0.676660679282021
./results/medium_scale_analysis_20250903_170303/deit_base_patch16_224_cifar10_analysis.json,deit_base_patch16_224,cifar10,layer_1,1,0.03350188297212087,0.1,-1.385262356070092,2.9849068508542227,-8.776867620425785,2.984817756824514,0.6649811702787913
./results/medium_scale_analysis_20250903_170303/deit_base_patch16_224_cifar10_analysis.json,deit_base_patch16_224,cifar10,layer_2,2,0.03221177303810806,0.1,1.352843856967402,3.104455004128312,-8.40037433343246,3.104358630711455,0.6778822696189195
./results/medium_scale_analysis_20250903_170303/deit_base_patch16_224_cifar10_analysis.json,deit_base_patch16_224,cifar10,layer_3,3,0.03219729410151232,0.1,1.873502386271904,3.105851059555435,-8.396148939698655,3.105754599443301,0.6780270589848768
./results/medium_scale_analysis_20250903_170303/deit_base_patch16_224_cifar10_analysis.json,deit_base_patch16_224,cifar10,layer_4,4,0.03451384690691491,0.1,-1.2366049383173412,2.8973878301570846,-9.072189451600465,2.8973038840269463,0.654861530930851
./results/medium_scale_analysis_20250903_170303/deit_base_patch16_224_cifar10_analysis.json,deit_base_patch16_224,cifar10,layer_5,5,0.033357594524565944,0.1,-1.062283903538261,2.997818080867785,-8.734759866301184,2.9977282144293573,0.6664240547543405
./results/medium_scale_analysis_20250903_170303/deit_base_patch16_224_cifar10_analysis.json,deit_base_patch16_224,cifar10,layer_6,6,0.03265549069958933,0.1,-0.9847799692228101,3.062272158760045,-8.529864632254094,3.062178386523863,0.6734450930041067
./results/medium_scale_analysis_20250903_170303/deit_base_patch16_224_cifar10_analysis.json,deit_base_patch16_224,cifar10,layer_7,7,0.033762003350461985,0.1,-0.8241668532555452,2.961909545531505,-8.852778652248459,2.9618218190483248,0.6623799664953802
./results/medium_scale_analysis_20250903_170303/deit_base_patch16_224_cifar10_analysis.json,deit_base_patch16_224,cifar10,layer_8,8,0.03327078263260462,0.1,-0.44592399585568204,3.0056401469198457,-8.709425517891846,3.0055498109080934,0.6672921736739539
./results/medium_scale_analysis_20250903_170303/deit_base_patch16_224_cifar10_analysis.json,deit_base_patch16_224,cifar10,layer_9,9,0.033948790105799216,0.1,0.004953539431692194,2.9456130745265576,-8.907288704167053,2.9455263107184355,0.6605120989420079
./results/medium_scale_analysis_20250903_170303/deit_base_patch16_224_cifar10_analysis.json,deit_base_patch16_224,cifar10,layer_10,10,0.03291376662426956,0.1,0.4574746231182801,3.0382423604554334,-8.605237396442988,3.038150054093516,0.6708623337573045
./results/medium_scale_analysis_20250903_170303/deit_base_patch16_224_cifar10_analysis.json,deit_base_patch16_224,cifar10,layer_11,11,0.0320919503706449,0.1,0.8145929417075132,3.1160461999053775,-8.36540643748797,3.115949105491685,0.679080496293551
./results/medium_scale_analysis_20250903_170303/deit_base_patch16_224_cifar10_analysis.json,deit_base_patch16_224,cifar10,summary,-1,0.032333932071797904,0.1,,,,3.092630588428502,0.676660679282021
./results/medium_scale_analysis_20250903_170303/deit_base_patch16_224_cifar10_analysis.json,deit_base_patch16_224,cifar10,summary_final,999,0.0320919503706449,0.1,,,,3.115949105491685,0.679080496293551
./results/medium_scale_analysis_20250903_170303/swin_base_patch4_window7_224_cifar100_analysis.json,swin_base_patch4_window7_224,cifar100,layer_0,0,0.0332393237618092,0.1,-2.061353262886278,3.008484790984119,-10.0,3.008394283899635,0.667606762381908
./results/medium_scale_analysis_20250903_170303/swin_base_patch4_window7_224_cifar100_analysis.json,swin_base_patch4_window7_224,cifar100,summary,-1,0.0332393237618092,0.1,,,,3.008394283899635,0.667606762381908
./results/medium_scale_analysis_20250903_170303/swin_base_patch4_window7_224_cifar100_analysis.json,swin_base_patch4_window7_224,cifar100,summary_final,999,0.0332393237618092,0.1,,,,3.008394283899635,0.667606762381908
./results/comprehensive_analysis_20250829_222522/convnext_tiny_cifar100_analysis.json,convnext_tiny,cifar100,layer_0,0,0.031540814718399965,0.1,-1.426722251100369,3.17039462988364,15.65981667756977,3.17039462988364,0.6845918528160004
./results/comprehensive_analysis_20250829_222522/convnext_tiny_cifar100_analysis.json,convnext_tiny,cifar100,layer_1,1,0.03176481094269706,0.1,0.809810526358331,3.148038631231291,15.763927608564444,3.148038631231291,0.6823518905730295
./results/comprehensive_analysis_20250829_222522/convnext_tiny_cifar100_analysis.json,convnext_tiny,cifar100,layer_2,2,0.03336048925290758,0.1,3.927419182987121,2.997468105872541,16.505580977791276,2.997468105872541,0.6663951074709242
./results/comprehensive_analysis_20250829_222522/convnext_tiny_cifar100_analysis.json,convnext_tiny,cifar100,layer_3,3,0.033305597235370174,0.1,-1.8223975285589062,3.0024081803770786,16.480067784129513,3.0024081803770786,0.6669440276462983
./results/comprehensive_analysis_20250829_222522/convnext_tiny_cifar100_analysis.json,convnext_tiny,cifar100,summary,-1,0.031540814718399965,0.1,,,,3.17039462988364,0.6845918528160004
./results/comprehensive_analysis_20250829_222522/convnext_tiny_cifar100_analysis.json,convnext_tiny,cifar100,summary_final,999,0.033305597235370174,0.1,,,,3.0024081803770786,0.6669440276462983
./results/comprehensive_analysis_20250829_222522/vit_base_patch16_224_svhn_analysis.json,vit_base_patch16_224,svhn,layer_0,0,0.03127091383963039,0.1,-1.9641988099023626,3.197757595292157,-7.871276514211708,3.197757595292157,0.6872908616036961
./results/comprehensive_analysis_20250829_222522/vit_base_patch16_224_svhn_analysis.json,vit_base_patch16_224,svhn,layer_1,1,0.032608070223744824,0.1,-2.812382315880182,3.066631440696012,-8.25061573298405,3.066631440696012,0.6739192977625518
./results/comprehensive_analysis_20250829_222522/vit_base_patch16_224_svhn_analysis.json,vit_base_patch16_224,svhn,layer_2,2,0.03320993874884921,0.1,0.3056991315404411,3.0110561088389916,-8.42136041089094,3.0110561088389916,0.6679006125115079
./results/comprehensive_analysis_20250829_222522/vit_base_patch16_224_svhn_analysis.json,vit_base_patch16_224,svhn,layer_3,3,0.03335861743438985,0.1,1.3065314855446213,2.9976362947409503,-8.463539214425904,2.9976362947409503,0.6664138256561015
./results/comprehensive_analysis_20250829_222522/vit_base_patch16_224_svhn_analysis.json,vit_base_patch16_224,svhn,layer_4,4,0.032793377140822935,0.1,-2.9175988803753325,3.049303225689824,-8.303185635796185,3.049303225689824,0.6720662285917707
./results/comprehensive_analysis_20250829_222522/vit_base_patch16_224_svhn_analysis.json,vit_base_patch16_224,svhn,layer_5,5,0.03311798709037884,0.1,-2.978006190011846,3.019416014357827,-8.395274553841338,3.019416014357827,0.6688201290962117
./results/comprehensive_analysis_20250829_222522/vit_base_patch16_224_svhn_analysis.json,vit_base_patch16_224,svhn,layer_6,6,0.033203123409723444,0.1,-3.1354466077947234,3.0116741455886817,-8.419426960585238,3.0116741455886817,0.6679687659027655
./results/comprehensive_analysis_20250829_222522/vit_base_patch16_224_svhn_analysis.json,vit_base_patch16_224,svhn,layer_7,7,0.03210460268300375,0.1,-2.9925046337258543,3.114721159024951,-8.107786527775987,3.114721159024951,0.6789539731699625
./results/comprehensive_analysis_20250829_222522/vit_base_patch16_224_svhn_analysis.json,vit_base_patch16_224,svhn,layer_8,8,0.031807120518708897,0.1,-2.7569578702211186,3.143851267200211,-8.023393517995721,3.143851267200211,0.6819287948129111
./results/comprehensive_analysis_20250829_222522/vit_base_patch16_224_svhn_analysis.json,vit_base_patch16_224,svhn,layer_9,9,0.03347047583064658,0.1,-2.0906032257380245,2.9876184876329748,-8.495272433631417,2.9876184876329748,0.6652952416935343
./results/comprehensive_analysis_20250829_222522/vit_base_patch16_224_svhn_analysis.json,vit_base_patch16_224,svhn,layer_10,10,0.0328878535907761,0.1,-1.299401682909632,3.040543803814605,-8.329987753441799,3.040543803814605,0.6711214640922389
./results/comprehensive_analysis_20250829_222522/vit_base_patch16_224_svhn_analysis.json,vit_base_patch16_224,svhn,layer_11,11,0.03259296771746875,0.1,-0.723975880084083,3.0680523729673133,-8.246331288022839,3.0680523729673133,0.6740703228253124
./results/comprehensive_analysis_20250829_222522/vit_base_patch16_224_svhn_analysis.json,vit_base_patch16_224,svhn,summary,-1,0.03127091383963039,0.1,,,,3.197757595292157,0.6872908616036961
./results/comprehensive_analysis_20250829_222522/vit_base_patch16_224_svhn_analysis.json,vit_base_patch16_224,svhn,summary_final,999,0.03259296771746875,0.1,,,,3.0680523729673133,0.6740703228253124
./results/comprehensive_analysis_20250829_222522/mixer_b16_224_cifar100_analysis.json,mixer_b16_224,cifar100,layer_0,0,0.0336470527130546,0.1,-2.146125827876288,2.971940184853625,5.281798899616624,2.971940184853625,0.6635294728694541
./results/comprehensive_analysis_20250829_222522/mixer_b16_224_cifar100_analysis.json,mixer_b16_224,cifar100,layer_1,1,0.034394994548762034,0.1,-2.4298448366726992,2.9073152648118197,5.376979198361387,2.9073152648118197,0.6560500545123797
./results/comprehensive_analysis_20250829_222522/mixer_b16_224_cifar100_analysis.json,mixer_b16_224,cifar100,layer_2,2,0.03306803151294773,0.1,-1.9707427957082047,3.023977281005232,5.20811481326839,3.023977281005232,0.6693196848705227
./results/comprehensive_analysis_20250829_222522/mixer_b16_224_cifar100_analysis.json,mixer_b16_224,cifar100,layer_3,3,0.033366360859477175,0.1,-1.1053331135076874,2.9969406457147922,5.246079097349578,2.9969406457147922,0.6663363914052283
./results/comprehensive_analysis_20250829_222522/mixer_b16_224_cifar100_analysis.json,mixer_b16_224,cifar100,layer_4,4,0.0336279036672689,0.1,-2.7964373721201476,2.9736324737023843,5.279362063205626,2.9736324737023843,0.663720963327311
./results/comprehensive_analysis_20250829_222522/mixer_b16_224_cifar100_analysis.json,mixer_b16_224,cifar100,layer_5,5,0.03414714597651419,0.1,-3.3150936607214327,2.9284166721313722,5.345438910034421,2.9284166721313722,0.6585285402348581
./results/comprehensive_analysis_20250829_222522/mixer_b16_224_cifar100_analysis.json,mixer_b16_224,cifar100,layer_6,6,0.03373180240817841,0.1,-3.1413233328816057,2.9644735349872775,5.2925838308977875,2.9644735349872775,0.6626819759182159
./results/comprehensive_analysis_20250829_222522/mixer_b16_224_cifar100_analysis.json,mixer_b16_224,cifar100,layer_7,7,0.03370985426598385,0.1,-3.4044048651269208,2.966403616205764,5.289790791878924,2.966403616205764,0.6629014573401615
./results/comprehensive_analysis_20250829_222522/mixer_b16_224_cifar100_analysis.json,mixer_b16_224,cifar100,layer_8,8,0.03412797075986456,0.1,-3.6426006303636065,2.9300619905479053,5.342998743216528,2.9300619905479053,0.6587202924013544
./results/comprehensive_analysis_20250829_222522/mixer_b16_224_cifar100_analysis.json,mixer_b16_224,cifar100,layer_9,9,0.034358339376904634,0.1,-3.2932613913361397,2.910416841926162,5.372314597397292,2.910416841926162,0.6564166062309537
./results/comprehensive_analysis_20250829_222522/mixer_b16_224_cifar100_analysis.json,mixer_b16_224,cifar100,layer_10,10,0.033977103749706535,0.1,-2.646573194682034,2.9430718305127224,5.323799968108584,2.9430718305127224,0.6602289625029347
./results/comprehensive_analysis_20250829_222522/mixer_b16_224_cifar100_analysis.json,mixer_b16_224,cifar100,layer_11,11,0.03364736848961248,0.1,-2.4148010124054,2.971912294376793,5.28183908416799,2.971912294376793,0.6635263151038753
./results/comprehensive_analysis_20250829_222522/mixer_b16_224_cifar100_analysis.json,mixer_b16_224,cifar100,summary,-1,0.0336470527130546,0.1,,,,2.971940184853625,0.6635294728694541
./results/comprehensive_analysis_20250829_222522/mixer_b16_224_cifar100_analysis.json,mixer_b16_224,cifar100,summary_final,999,0.03364736848961248,0.1,,,,2.971912294376793,0.6635263151038753
./results/comprehensive_analysis_20250829_222522/resnet18_cifar100_analysis.json,resnet18,cifar100,layer_0,0,0.03542043219615077,0.1,-0.09149193595886095,2.8231495396978032,-3.1342826877555625,2.8231495396978032,0.6457956780384924
./results/comprehensive_analysis_20250829_222522/resnet18_cifar100_analysis.json,resnet18,cifar100,layer_1,1,0.03418748031289672,0.1,-0.5293045501338595,2.9249618317277934,-2.9903722013576357,2.9249618317277934,0.6581251968710329
./results/comprehensive_analysis_20250829_222522/resnet18_cifar100_analysis.json,resnet18,cifar100,layer_2,2,0.03270050951025375,0.1,-0.6947015924238287,3.0579628126537832,-2.816812556107658,3.0579628126537832,0.6729949048974625
./results/comprehensive_analysis_20250829_222522/resnet18_cifar100_analysis.json,resnet18,cifar100,layer_3,3,0.03383387723255482,0.1,-2.651229218263337,2.955530156432288,-2.9490995515689797,2.955530156432288,0.6616612276744518
./results/comprehensive_analysis_20250829_222522/resnet18_cifar100_analysis.json,resnet18,cifar100,summary,-1,0.03542043219615077,0.1,,,,2.8231495396978032,0.6457956780384924
./results/comprehensive_analysis_20250829_222522/resnet18_cifar100_analysis.json,resnet18,cifar100,summary_final,999,0.03383387723255482,0.1,,,,2.955530156432288,0.6616612276744518
./results/comprehensive_analysis_20250829_222522/convnext_tiny_svhn_analysis.json,convnext_tiny,svhn,layer_0,0,0.03412866636106678,0.1,-1.452538163034896,2.9300022725705404,5.357670425250834,2.9300022725705404,0.6587133363893323
./results/comprehensive_analysis_20250829_222522/convnext_tiny_svhn_analysis.json,convnext_tiny,svhn,layer_1,1,0.035013747049554796,0.1,0.9861981447590327,2.855939523380663,5.470680699352394,2.855939523380663,0.649862529504452
./results/comprehensive_analysis_20250829_222522/convnext_tiny_svhn_analysis.json,convnext_tiny,svhn,layer_2,2,0.03291483430264304,0.1,3.4492645219531277,3.03805150677801,5.202683998114947,3.03805150677801,0.6708516569735696
./results/comprehensive_analysis_20250829_222522/convnext_tiny_svhn_analysis.json,convnext_tiny,svhn,layer_3,3,0.033925489512856476,0.1,-1.5555804714810122,2.947549287765388,5.331728077162139,2.947549287765388,0.6607451048714352
./results/comprehensive_analysis_20250829_222522/convnext_tiny_svhn_analysis.json,convnext_tiny,svhn,summary,-1,0.03412866636106678,0.1,,,,2.9300022725705404,0.6587133363893323
./results/comprehensive_analysis_20250829_222522/convnext_tiny_svhn_analysis.json,convnext_tiny,svhn,summary_final,999,0.033925489512856476,0.1,,,,2.947549287765388,0.6607451048714352
./results/comprehensive_analysis_20250829_222522/vit_base_patch16_224_cifar100_analysis.json,vit_base_patch16_224,cifar100,layer_0,0,0.03327986484932623,0.1,-1.944255779299628,3.00472960822184,107.84849198469442,3.00472960822184,0.6672013515067378
./results/comprehensive_analysis_20250829_222522/vit_base_patch16_224_cifar100_analysis.json,vit_base_patch16_224,cifar100,layer_1,1,0.03296764849709022,0.1,-2.8523702384211385,3.0331846939017204,106.84608868286566,3.0331846939017204,0.6703235150290978
./results/comprehensive_analysis_20250829_222522/vit_base_patch16_224_cifar100_analysis.json,vit_base_patch16_224,cifar100,layer_2,2,0.03458423854700456,0.1,0.20069910477234792,2.891406975958563,112.03632036718412,2.891406975958563,0.6541576145299544
./results/comprehensive_analysis_20250829_222522/vit_base_patch16_224_cifar100_analysis.json,vit_base_patch16_224,cifar100,layer_3,3,0.03385000273959209,0.1,1.1886739860694728,2.954122238838146,109.67897940025483,2.954122238838146,0.6614999726040791
./results/comprehensive_analysis_20250829_222522/vit_base_patch16_224_cifar100_analysis.json,vit_base_patch16_224,cifar100,layer_4,4,0.03309899434220646,0.1,-2.9792679460407587,3.021148552659661,107.26778827637855,3.021148552659661,0.6690100565779354
./results/comprehensive_analysis_20250829_222522/vit_base_patch16_224_cifar100_analysis.json,vit_base_patch16_224,cifar100,layer_5,5,0.03314033685951799,0.1,-3.117663831341735,3.017379788385954,107.40052275861242,3.017379788385954,0.6685966314048202
./results/comprehensive_analysis_20250829_222522/vit_base_patch16_224_cifar100_analysis.json,vit_base_patch16_224,cifar100,layer_6,6,0.0336085424131453,0.1,-3.269859565407558,2.9753454769109915,108.90374573053353,2.9753454769109915,0.663914575868547
./results/comprehensive_analysis_20250829_222522/vit_base_patch16_224_cifar100_analysis.json,vit_base_patch16_224,cifar100,layer_7,7,0.033489113416868284,0.1,-3.1535323266166495,2.985955847782589,108.52030642844444,2.985955847782589,0.6651088658313171
./results/comprehensive_analysis_20250829_222522/vit_base_patch16_224_cifar100_analysis.json,vit_base_patch16_224,cifar100,layer_8,8,0.033876938232221473,0.1,-2.9080649503488147,2.951773490893537,109.76545862068869,2.951773490893537,0.6612306176777853
./results/comprehensive_analysis_20250829_222522/vit_base_patch16_224_cifar100_analysis.json,vit_base_patch16_224,cifar100,layer_9,9,0.034005846182434595,0.1,-2.342261803194722,2.9405843595003103,110.17933109725882,2.9405843595003103,0.6599415381756542
./results/comprehensive_analysis_20250829_222522/vit_base_patch16_224_cifar100_analysis.json,vit_base_patch16_224,cifar100,layer_10,10,0.032817548857691704,0.1,-1.6582014512422578,3.0470573343636107,106.36417806845093,3.0470573343636107,0.671824511423083
./results/comprehensive_analysis_20250829_222522/vit_base_patch16_224_cifar100_analysis.json,vit_base_patch16_224,cifar100,layer_11,11,0.03290099617292674,0.1,-0.9828871288589441,3.0393292697020176,106.63209441466816,3.0393292697020176,0.6709900382707327
./results/comprehensive_analysis_20250829_222522/vit_base_patch16_224_cifar100_analysis.json,vit_base_patch16_224,cifar100,summary,-1,0.03327986484932623,0.1,,,,3.00472960822184,0.6672013515067378
./results/comprehensive_analysis_20250829_222522/vit_base_patch16_224_cifar100_analysis.json,vit_base_patch16_224,cifar100,summary_final,999,0.03290099617292674,0.1,,,,3.0393292697020176,0.6709900382707327
./results/comprehensive_analysis_20250829_222522/resnet18_svhn_analysis.json,resnet18,svhn,layer_0,0,0.03197433330545109,0.1,-0.1002417204029202,3.1274107151512385,11.631891904462599,3.1274107151512385,0.6802566669454891
./results/comprehensive_analysis_20250829_222522/resnet18_svhn_analysis.json,resnet18,svhn,layer_1,1,0.03295494754198536,0.1,-0.6071228213985244,3.0343536587015616,11.957959205482195,3.0343536587015616,0.6704505245801464
./results/comprehensive_analysis_20250829_222522/resnet18_svhn_analysis.json,resnet18,svhn,layer_2,2,0.03311221919738407,0.1,-0.7250963825772503,3.0199419574373474,12.0102541266573,3.0199419574373474,0.6688778080261593
./results/comprehensive_analysis_20250829_222522/resnet18_svhn_analysis.json,resnet18,svhn,layer_3,3,0.03301593162284607,0.1,-2.7124019644531066,3.0287490413193026,11.978237225024001,3.0287490413193026,0.6698406837715394
./results/comprehensive_analysis_20250829_222522/resnet18_svhn_analysis.json,resnet18,svhn,summary,-1,0.03197433330545109,0.1,,,,3.1274107151512385,0.6802566669454891
./results/comprehensive_analysis_20250829_222522/resnet18_svhn_analysis.json,resnet18,svhn,summary_final,999,0.03301593162284607,0.1,,,,3.0287490413193026,0.6698406837715394
./results/comprehensive_analysis_20250829_222522/convnext_tiny_cifar10_analysis.json,convnext_tiny,cifar10,layer_0,0,0.033826209194211525,0.1,-1.4148126744431246,2.9562001235712905,27.66994596823453,2.9562001235712905,0.6617379080578848
./results/comprehensive_analysis_20250829_222522/convnext_tiny_cifar10_analysis.json,convnext_tiny,cifar10,layer_1,1,0.032777887486951665,0.1,0.8075054565810192,3.0507441730536806,26.84340690411935,3.0507441730536806,0.6722211251304834
./results/comprehensive_analysis_20250829_222522/convnext_tiny_cifar10_analysis.json,convnext_tiny,cifar10,layer_2,2,0.03386766859448481,0.1,3.9698105889431097,2.9525813723980883,27.70263422954148,2.9525813723980883,0.6613233140551519
./results/comprehensive_analysis_20250829_222522/convnext_tiny_cifar10_analysis.json,convnext_tiny,cifar10,layer_3,3,0.0334645310136437,0.1,-1.85210470433623,2.9881492081876897,27.384784320996687,2.9881492081876897,0.6653546898635629
./results/comprehensive_analysis_20250829_222522/convnext_tiny_cifar10_analysis.json,convnext_tiny,cifar10,summary,-1,0.033826209194211525,0.1,,,,2.9562001235712905,0.6617379080578848
./results/comprehensive_analysis_20250829_222522/convnext_tiny_cifar10_analysis.json,convnext_tiny,cifar10,summary_final,999,0.0334645310136437,0.1,,,,2.9881492081876897,0.6653546898635629
./results/comprehensive_analysis_20250829_222522/mixer_b16_224_cifar10_analysis.json,mixer_b16_224,cifar10,layer_0,0,0.03252492366344378,0.1,-2.1100241631132626,3.0744707217151537,9.236066660033263,3.0744707217151537,0.6747507633655622
./results/comprehensive_analysis_20250829_222522/mixer_b16_224_cifar10_analysis.json,mixer_b16_224,cifar10,layer_1,1,0.032152367474132956,0.1,-2.430283757451281,3.110094147384374,9.141726773442825,3.110094147384374,0.6784763252586705
./results/comprehensive_analysis_20250829_222522/mixer_b16_224_cifar10_analysis.json,mixer_b16_224,cifar10,layer_2,2,0.03258706991190824,0.1,-1.9268253654794216,3.0686076306549928,9.251803534631973,3.0686076306549928,0.6741293008809176
./results/comprehensive_analysis_20250829_222522/mixer_b16_224_cifar10_analysis.json,mixer_b16_224,cifar10,layer_3,3,0.032607831325708804,0.1,-1.1352324913167844,3.066653907377539,9.257060807171253,3.066653907377539,0.673921686742912
./results/comprehensive_analysis_20250829_222522/mixer_b16_224_cifar10_analysis.json,mixer_b16_224,cifar10,layer_4,4,0.032425294853575024,0.1,-2.793972861402722,3.0839169399884403,9.210838329666384,3.0839169399884403,0.6757470514642498
./results/comprehensive_analysis_20250829_222522/mixer_b16_224_cifar10_analysis.json,mixer_b16_224,cifar10,layer_5,5,0.032345070129719364,0.1,-3.218422727764132,3.091565670851639,9.190523564894143,3.091565670851639,0.6765492987028063
./results/comprehensive_analysis_20250829_222522/mixer_b16_224_cifar10_analysis.json,mixer_b16_224,cifar10,layer_6,6,0.0327419341693491,0.1,-3.098614825561358,3.0540940369849547,9.291018764181398,3.0540940369849547,0.672580658306509
./results/comprehensive_analysis_20250829_222522/mixer_b16_224_cifar10_analysis.json,mixer_b16_224,cifar10,layer_7,7,0.033018087217807815,0.1,-3.3706456736423442,3.028551314588373,9.360947134775353,3.028551314588373,0.6698191278219219
./results/comprehensive_analysis_20250829_222522/mixer_b16_224_cifar10_analysis.json,mixer_b16_224,cifar10,layer_8,8,0.033077579556100765,0.1,-3.66242680140165,3.023104418084263,9.376011977632855,3.023104418084263,0.6692242044389924
./results/comprehensive_analysis_20250829_222522/mixer_b16_224_cifar10_analysis.json,mixer_b16_224,cifar10,layer_9,9,0.032932190538584906,0.1,-3.2954718662555473,3.0364504126267042,9.339196099068834,3.0364504126267042,0.670678094614151
./results/comprehensive_analysis_20250829_222522/mixer_b16_224_cifar10_analysis.json,mixer_b16_224,cifar10,layer_10,10,0.03311848019199166,0.1,-2.6166678313328893,3.0193710595790137,9.386368969308556,3.0193710595790137,0.6688151980800834
./results/comprehensive_analysis_20250829_222522/mixer_b16_224_cifar10_analysis.json,mixer_b16_224,cifar10,layer_11,11,0.032918840828883696,0.1,-2.376966672717064,3.0376817591493492,9.335815642280405,3.0376817591493492,0.670811591711163
./results/comprehensive_analysis_20250829_222522/mixer_b16_224_cifar10_analysis.json,mixer_b16_224,cifar10,summary,-1,0.03252492366344378,0.1,,,,3.0744707217151537,0.6747507633655622
./results/comprehensive_analysis_20250829_222522/mixer_b16_224_cifar10_analysis.json,mixer_b16_224,cifar10,summary_final,999,0.032918840828883696,0.1,,,,3.0376817591493492,0.670811591711163
./results/comprehensive_analysis_20250829_222522/vit_base_patch16_224_cifar10_analysis.json,vit_base_patch16_224,cifar10,layer_0,0,0.030743036967072885,0.1,-1.7643987492615565,3.2526632760395398,21.2451768545198,3.2526632760395398,0.6925696303292712
./results/comprehensive_analysis_20250829_222522/vit_base_patch16_224_cifar10_analysis.json,vit_base_patch16_224,cifar10,layer_1,1,0.03170349344445889,0.1,-2.548472112993686,3.154127038023292,21.877665156393647,3.154127038023292,0.6829650655554111
./results/comprehensive_analysis_20250829_222522/vit_base_patch16_224_cifar10_analysis.json,vit_base_patch16_224,cifar10,layer_2,2,0.03287302440975981,0.1,0.2090019745960207,3.041915366173163,22.647835040869076,3.041915366173163,0.6712697559024019
./results/comprehensive_analysis_20250829_222522/vit_base_patch16_224_cifar10_analysis.json,vit_base_patch16_224,cifar10,layer_3,3,0.03196701858283382,0.1,1.1323911972862277,3.1281263097644083,22.051204063357407,3.1281263097644083,0.6803298141716618
./results/comprehensive_analysis_20250829_222522/vit_base_patch16_224_cifar10_analysis.json,vit_base_patch16_224,cifar10,layer_4,4,0.03252853573056312,0.1,-2.605769109433556,3.0741293336702933,22.420979306278294,3.0741293336702933,0.6747146426943689
./results/comprehensive_analysis_20250829_222522/vit_base_patch16_224_cifar10_analysis.json,vit_base_patch16_224,cifar10,layer_5,5,0.03284052165360268,0.1,-2.7641927260884205,3.0449259037006313,22.626431038155708,3.0449259037006313,0.6715947834639732
./results/comprehensive_analysis_20250829_222522/vit_base_patch16_224_cifar10_analysis.json,vit_base_patch16_224,cifar10,layer_6,6,0.03304842687507956,0.1,-3.0262387342399055,3.0257710785116076,22.763342625071655,3.0257710785116076,0.6695157312492044
./results/comprehensive_analysis_20250829_222522/vit_base_patch16_224_cifar10_analysis.json,vit_base_patch16_224,cifar10,layer_7,7,0.032887803753857754,0.1,-2.9847807535192126,3.040548411198152,22.657567665377744,3.040548411198152,0.6711219624614224
./results/comprehensive_analysis_20250829_222522/vit_base_patch16_224_cifar10_analysis.json,vit_base_patch16_224,cifar10,layer_8,8,0.03312419559945778,0.1,-2.7989413230661686,3.018850098552683,22.81323851618746,3.018850098552683,0.6687580440054223
./results/comprehensive_analysis_20250829_222522/vit_base_patch16_224_cifar10_analysis.json,vit_base_patch16_224,cifar10,layer_9,9,0.03201811074307984,0.1,-2.2515122105597434,3.123134830395394,22.08484972501302,3.123134830395394,0.6798188925692016
./results/comprehensive_analysis_20250829_222522/vit_base_patch16_224_cifar10_analysis.json,vit_base_patch16_224,cifar10,layer_10,10,0.03240078871910364,0.1,-1.5654710410664083,3.086249369345508,22.33685421341894,3.086249369345508,0.6759921128089637
./results/comprehensive_analysis_20250829_222522/vit_base_patch16_224_cifar10_analysis.json,vit_base_patch16_224,cifar10,layer_11,11,0.033092543482468935,0.1,-0.9101252181308334,3.0217374592410837,22.79239468390943,3.0217374592410837,0.6690745651753107
./results/comprehensive_analysis_20250829_222522/vit_base_patch16_224_cifar10_analysis.json,vit_base_patch16_224,cifar10,summary,-1,0.030743036967072885,0.1,,,,3.2526632760395398,0.6925696303292712
./results/comprehensive_analysis_20250829_222522/vit_base_patch16_224_cifar10_analysis.json,vit_base_patch16_224,cifar10,summary_final,999,0.033092543482468935,0.1,,,,3.0217374592410837,0.6690745651753107
./results/comprehensive_analysis_20250829_222522/resnet18_cifar10_analysis.json,resnet18,cifar10,layer_0,0,0.03324726675233163,0.1,-0.07010975091966186,3.0076755803514845,68.27767402104509,3.0076755803514845,0.6675273324766837
./results/comprehensive_analysis_20250829_222522/resnet18_cifar10_analysis.json,resnet18,cifar10,layer_1,1,0.03312464256838524,0.1,-0.44760266564854456,3.0188093647861476,68.02953723626523,3.0188093647861476,0.6687535743161477
./results/comprehensive_analysis_20250829_222522/resnet18_cifar10_analysis.json,resnet18,cifar10,layer_2,2,0.03253307148652732,0.1,-0.6850075542567394,3.0737007521917747,66.83246059528923,3.0737007521917747,0.6746692851347268
./results/comprehensive_analysis_20250829_222522/resnet18_cifar10_analysis.json,resnet18,cifar10,layer_3,3,0.0334154420471355,0.1,-2.6371683582966043,2.992538818433907,68.61798598552905,2.992538818433907,0.6658455795286451
./results/comprehensive_analysis_20250829_222522/resnet18_cifar10_analysis.json,resnet18,cifar10,summary,-1,0.03324726675233163,0.1,,,,3.0076755803514845,0.6675273324766837
./results/comprehensive_analysis_20250829_222522/resnet18_cifar10_analysis.json,resnet18,cifar10,summary_final,999,0.0334154420471355,0.1,,,,2.992538818433907,0.6658455795286451
./results/comprehensive_analysis_20250829_222522/resnet18_svhn/analysis_results.json,resnet18,svhn,layer_0,0,0.03197433330545109,0.1,-0.1002417204029202,3.1274107151512385,11.631891904462599,3.1274107151512385,0.6802566669454891
./results/comprehensive_analysis_20250829_222522/resnet18_svhn/analysis_results.json,resnet18,svhn,layer_1,1,0.03295494754198536,0.1,-0.6071228213985244,3.0343536587015616,11.957959205482195,3.0343536587015616,0.6704505245801464
./results/comprehensive_analysis_20250829_222522/resnet18_svhn/analysis_results.json,resnet18,svhn,layer_2,2,0.03311221919738407,0.1,-0.7250963825772503,3.0199419574373474,12.0102541266573,3.0199419574373474,0.6688778080261593
./results/comprehensive_analysis_20250829_222522/resnet18_svhn/analysis_results.json,resnet18,svhn,layer_3,3,0.03301593162284607,0.1,-2.7124019644531066,3.0287490413193026,11.978237225024001,3.0287490413193026,0.6698406837715394
./results/comprehensive_analysis_20250829_222522/resnet18_svhn/analysis_results.json,resnet18,svhn,summary,-1,0.03197433330545109,0.1,,,,3.1274107151512385,0.6802566669454891
./results/comprehensive_analysis_20250829_222522/resnet18_svhn/analysis_results.json,resnet18,svhn,summary_final,999,0.03301593162284607,0.1,,,,3.0287490413193026,0.6698406837715394
./results/comprehensive_analysis_20250829_222522/mixer_b16_224_cifar10/analysis_results.json,mixer_b16_224,cifar10,layer_0,0,0.03252492366344378,0.1,-2.1100241631132626,3.0744707217151537,9.236066660033263,3.0744707217151537,0.6747507633655622
./results/comprehensive_analysis_20250829_222522/mixer_b16_224_cifar10/analysis_results.json,mixer_b16_224,cifar10,layer_1,1,0.032152367474132956,0.1,-2.430283757451281,3.110094147384374,9.141726773442825,3.110094147384374,0.6784763252586705
./results/comprehensive_analysis_20250829_222522/mixer_b16_224_cifar10/analysis_results.json,mixer_b16_224,cifar10,layer_2,2,0.03258706991190824,0.1,-1.9268253654794216,3.0686076306549928,9.251803534631973,3.0686076306549928,0.6741293008809176
./results/comprehensive_analysis_20250829_222522/mixer_b16_224_cifar10/analysis_results.json,mixer_b16_224,cifar10,layer_3,3,0.032607831325708804,0.1,-1.1352324913167844,3.066653907377539,9.257060807171253,3.066653907377539,0.673921686742912
./results/comprehensive_analysis_20250829_222522/mixer_b16_224_cifar10/analysis_results.json,mixer_b16_224,cifar10,layer_4,4,0.032425294853575024,0.1,-2.793972861402722,3.0839169399884403,9.210838329666384,3.0839169399884403,0.6757470514642498
./results/comprehensive_analysis_20250829_222522/mixer_b16_224_cifar10/analysis_results.json,mixer_b16_224,cifar10,layer_5,5,0.032345070129719364,0.1,-3.218422727764132,3.091565670851639,9.190523564894143,3.091565670851639,0.6765492987028063
./results/comprehensive_analysis_20250829_222522/mixer_b16_224_cifar10/analysis_results.json,mixer_b16_224,cifar10,layer_6,6,0.0327419341693491,0.1,-3.098614825561358,3.0540940369849547,9.291018764181398,3.0540940369849547,0.672580658306509
./results/comprehensive_analysis_20250829_222522/mixer_b16_224_cifar10/analysis_results.json,mixer_b16_224,cifar10,layer_7,7,0.033018087217807815,0.1,-3.3706456736423442,3.028551314588373,9.360947134775353,3.028551314588373,0.6698191278219219
./results/comprehensive_analysis_20250829_222522/mixer_b16_224_cifar10/analysis_results.json,mixer_b16_224,cifar10,layer_8,8,0.033077579556100765,0.1,-3.66242680140165,3.023104418084263,9.376011977632855,3.023104418084263,0.6692242044389924
./results/comprehensive_analysis_20250829_222522/mixer_b16_224_cifar10/analysis_results.json,mixer_b16_224,cifar10,layer_9,9,0.032932190538584906,0.1,-3.2954718662555473,3.0364504126267042,9.339196099068834,3.0364504126267042,0.670678094614151
./results/comprehensive_analysis_20250829_222522/mixer_b16_224_cifar10/analysis_results.json,mixer_b16_224,cifar10,layer_10,10,0.03311848019199166,0.1,-2.6166678313328893,3.0193710595790137,9.386368969308556,3.0193710595790137,0.6688151980800834
./results/comprehensive_analysis_20250829_222522/mixer_b16_224_cifar10/analysis_results.json,mixer_b16_224,cifar10,layer_11,11,0.032918840828883696,0.1,-2.376966672717064,3.0376817591493492,9.335815642280405,3.0376817591493492,0.670811591711163
./results/comprehensive_analysis_20250829_222522/mixer_b16_224_cifar10/analysis_results.json,mixer_b16_224,cifar10,summary,-1,0.03252492366344378,0.1,,,,3.0744707217151537,0.6747507633655622
./results/comprehensive_analysis_20250829_222522/mixer_b16_224_cifar10/analysis_results.json,mixer_b16_224,cifar10,summary_final,999,0.032918840828883696,0.1,,,,3.0376817591493492,0.670811591711163
./results/comprehensive_analysis_20250829_222522/vit_base_patch16_224_svhn/analysis_results.json,vit_base_patch16_224,svhn,layer_0,0,0.03127091383963039,0.1,-1.9641988099023626,3.197757595292157,-7.871276514211708,3.197757595292157,0.6872908616036961
./results/comprehensive_analysis_20250829_222522/vit_base_patch16_224_svhn/analysis_results.json,vit_base_patch16_224,svhn,layer_1,1,0.032608070223744824,0.1,-2.812382315880182,3.066631440696012,-8.25061573298405,3.066631440696012,0.6739192977625518
./results/comprehensive_analysis_20250829_222522/vit_base_patch16_224_svhn/analysis_results.json,vit_base_patch16_224,svhn,layer_2,2,0.03320993874884921,0.1,0.3056991315404411,3.0110561088389916,-8.42136041089094,3.0110561088389916,0.6679006125115079
./results/comprehensive_analysis_20250829_222522/vit_base_patch16_224_svhn/analysis_results.json,vit_base_patch16_224,svhn,layer_3,3,0.03335861743438985,0.1,1.3065314855446213,2.9976362947409503,-8.463539214425904,2.9976362947409503,0.6664138256561015
./results/comprehensive_analysis_20250829_222522/vit_base_patch16_224_svhn/analysis_results.json,vit_base_patch16_224,svhn,layer_4,4,0.032793377140822935,0.1,-2.9175988803753325,3.049303225689824,-8.303185635796185,3.049303225689824,0.6720662285917707
./results/comprehensive_analysis_20250829_222522/vit_base_patch16_224_svhn/analysis_results.json,vit_base_patch16_224,svhn,layer_5,5,0.03311798709037884,0.1,-2.978006190011846,3.019416014357827,-8.395274553841338,3.019416014357827,0.6688201290962117
./results/comprehensive_analysis_20250829_222522/vit_base_patch16_224_svhn/analysis_results.json,vit_base_patch16_224,svhn,layer_6,6,0.033203123409723444,0.1,-3.1354466077947234,3.0116741455886817,-8.419426960585238,3.0116741455886817,0.6679687659027655
./results/comprehensive_analysis_20250829_222522/vit_base_patch16_224_svhn/analysis_results.json,vit_base_patch16_224,svhn,layer_7,7,0.03210460268300375,0.1,-2.9925046337258543,3.114721159024951,-8.107786527775987,3.114721159024951,0.6789539731699625
./results/comprehensive_analysis_20250829_222522/vit_base_patch16_224_svhn/analysis_results.json,vit_base_patch16_224,svhn,layer_8,8,0.031807120518708897,0.1,-2.7569578702211186,3.143851267200211,-8.023393517995721,3.143851267200211,0.6819287948129111
./results/comprehensive_analysis_20250829_222522/vit_base_patch16_224_svhn/analysis_results.json,vit_base_patch16_224,svhn,layer_9,9,0.03347047583064658,0.1,-2.0906032257380245,2.9876184876329748,-8.495272433631417,2.9876184876329748,0.6652952416935343
./results/comprehensive_analysis_20250829_222522/vit_base_patch16_224_svhn/analysis_results.json,vit_base_patch16_224,svhn,layer_10,10,0.0328878535907761,0.1,-1.299401682909632,3.040543803814605,-8.329987753441799,3.040543803814605,0.6711214640922389
./results/comprehensive_analysis_20250829_222522/vit_base_patch16_224_svhn/analysis_results.json,vit_base_patch16_224,svhn,layer_11,11,0.03259296771746875,0.1,-0.723975880084083,3.0680523729673133,-8.246331288022839,3.0680523729673133,0.6740703228253124
./results/comprehensive_analysis_20250829_222522/vit_base_patch16_224_svhn/analysis_results.json,vit_base_patch16_224,svhn,summary,-1,0.03127091383963039,0.1,,,,3.197757595292157,0.6872908616036961
./results/comprehensive_analysis_20250829_222522/vit_base_patch16_224_svhn/analysis_results.json,vit_base_patch16_224,svhn,summary_final,999,0.03259296771746875,0.1,,,,3.0680523729673133,0.6740703228253124
./results/comprehensive_analysis_20250829_222522/vit_base_patch16_224_cifar10/analysis_results.json,vit_base_patch16_224,cifar10,layer_0,0,0.030743036967072885,0.1,-1.7643987492615565,3.2526632760395398,21.2451768545198,3.2526632760395398,0.6925696303292712
./results/comprehensive_analysis_20250829_222522/vit_base_patch16_224_cifar10/analysis_results.json,vit_base_patch16_224,cifar10,layer_1,1,0.03170349344445889,0.1,-2.548472112993686,3.154127038023292,21.877665156393647,3.154127038023292,0.6829650655554111
./results/comprehensive_analysis_20250829_222522/vit_base_patch16_224_cifar10/analysis_results.json,vit_base_patch16_224,cifar10,layer_2,2,0.03287302440975981,0.1,0.2090019745960207,3.041915366173163,22.647835040869076,3.041915366173163,0.6712697559024019
./results/comprehensive_analysis_20250829_222522/vit_base_patch16_224_cifar10/analysis_results.json,vit_base_patch16_224,cifar10,layer_3,3,0.03196701858283382,0.1,1.1323911972862277,3.1281263097644083,22.051204063357407,3.1281263097644083,0.6803298141716618
./results/comprehensive_analysis_20250829_222522/vit_base_patch16_224_cifar10/analysis_results.json,vit_base_patch16_224,cifar10,layer_4,4,0.03252853573056312,0.1,-2.605769109433556,3.0741293336702933,22.420979306278294,3.0741293336702933,0.6747146426943689
./results/comprehensive_analysis_20250829_222522/vit_base_patch16_224_cifar10/analysis_results.json,vit_base_patch16_224,cifar10,layer_5,5,0.03284052165360268,0.1,-2.7641927260884205,3.0449259037006313,22.626431038155708,3.0449259037006313,0.6715947834639732
./results/comprehensive_analysis_20250829_222522/vit_base_patch16_224_cifar10/analysis_results.json,vit_base_patch16_224,cifar10,layer_6,6,0.03304842687507956,0.1,-3.0262387342399055,3.0257710785116076,22.763342625071655,3.0257710785116076,0.6695157312492044
./results/comprehensive_analysis_20250829_222522/vit_base_patch16_224_cifar10/analysis_results.json,vit_base_patch16_224,cifar10,layer_7,7,0.032887803753857754,0.1,-2.9847807535192126,3.040548411198152,22.657567665377744,3.040548411198152,0.6711219624614224
./results/comprehensive_analysis_20250829_222522/vit_base_patch16_224_cifar10/analysis_results.json,vit_base_patch16_224,cifar10,layer_8,8,0.03312419559945778,0.1,-2.7989413230661686,3.018850098552683,22.81323851618746,3.018850098552683,0.6687580440054223
./results/comprehensive_analysis_20250829_222522/vit_base_patch16_224_cifar10/analysis_results.json,vit_base_patch16_224,cifar10,layer_9,9,0.03201811074307984,0.1,-2.2515122105597434,3.123134830395394,22.08484972501302,3.123134830395394,0.6798188925692016
./results/comprehensive_analysis_20250829_222522/vit_base_patch16_224_cifar10/analysis_results.json,vit_base_patch16_224,cifar10,layer_10,10,0.03240078871910364,0.1,-1.5654710410664083,3.086249369345508,22.33685421341894,3.086249369345508,0.6759921128089637
./results/comprehensive_analysis_20250829_222522/vit_base_patch16_224_cifar10/analysis_results.json,vit_base_patch16_224,cifar10,layer_11,11,0.033092543482468935,0.1,-0.9101252181308334,3.0217374592410837,22.79239468390943,3.0217374592410837,0.6690745651753107
./results/comprehensive_analysis_20250829_222522/vit_base_patch16_224_cifar10/analysis_results.json,vit_base_patch16_224,cifar10,summary,-1,0.030743036967072885,0.1,,,,3.2526632760395398,0.6925696303292712
./results/comprehensive_analysis_20250829_222522/vit_base_patch16_224_cifar10/analysis_results.json,vit_base_patch16_224,cifar10,summary_final,999,0.033092543482468935,0.1,,,,3.0217374592410837,0.6690745651753107
./results/comprehensive_analysis_20250829_222522/convnext_tiny_cifar10/analysis_results.json,convnext_tiny,cifar10,layer_0,0,0.033826209194211525,0.1,-1.4148126744431246,2.9562001235712905,27.66994596823453,2.9562001235712905,0.6617379080578848
./results/comprehensive_analysis_20250829_222522/convnext_tiny_cifar10/analysis_results.json,convnext_tiny,cifar10,layer_1,1,0.032777887486951665,0.1,0.8075054565810192,3.0507441730536806,26.84340690411935,3.0507441730536806,0.6722211251304834
./results/comprehensive_analysis_20250829_222522/convnext_tiny_cifar10/analysis_results.json,convnext_tiny,cifar10,layer_2,2,0.03386766859448481,0.1,3.9698105889431097,2.9525813723980883,27.70263422954148,2.9525813723980883,0.6613233140551519
./results/comprehensive_analysis_20250829_222522/convnext_tiny_cifar10/analysis_results.json,convnext_tiny,cifar10,layer_3,3,0.0334645310136437,0.1,-1.85210470433623,2.9881492081876897,27.384784320996687,2.9881492081876897,0.6653546898635629
./results/comprehensive_analysis_20250829_222522/convnext_tiny_cifar10/analysis_results.json,convnext_tiny,cifar10,summary,-1,0.033826209194211525,0.1,,,,2.9562001235712905,0.6617379080578848
./results/comprehensive_analysis_20250829_222522/convnext_tiny_cifar10/analysis_results.json,convnext_tiny,cifar10,summary_final,999,0.0334645310136437,0.1,,,,2.9881492081876897,0.6653546898635629
./results/comprehensive_analysis_20250829_222522/resnet18_cifar100/analysis_results.json,resnet18,cifar100,layer_0,0,0.03542043219615077,0.1,-0.09149193595886095,2.8231495396978032,-3.1342826877555625,2.8231495396978032,0.6457956780384924
./results/comprehensive_analysis_20250829_222522/resnet18_cifar100/analysis_results.json,resnet18,cifar100,layer_1,1,0.03418748031289672,0.1,-0.5293045501338595,2.9249618317277934,-2.9903722013576357,2.9249618317277934,0.6581251968710329
./results/comprehensive_analysis_20250829_222522/resnet18_cifar100/analysis_results.json,resnet18,cifar100,layer_2,2,0.03270050951025375,0.1,-0.6947015924238287,3.0579628126537832,-2.816812556107658,3.0579628126537832,0.6729949048974625
./results/comprehensive_analysis_20250829_222522/resnet18_cifar100/analysis_results.json,resnet18,cifar100,layer_3,3,0.03383387723255482,0.1,-2.651229218263337,2.955530156432288,-2.9490995515689797,2.955530156432288,0.6616612276744518
./results/comprehensive_analysis_20250829_222522/resnet18_cifar100/analysis_results.json,resnet18,cifar100,summary,-1,0.03542043219615077,0.1,,,,2.8231495396978032,0.6457956780384924
./results/comprehensive_analysis_20250829_222522/resnet18_cifar100/analysis_results.json,resnet18,cifar100,summary_final,999,0.03383387723255482,0.1,,,,2.955530156432288,0.6616612276744518
./results/comprehensive_analysis_20250829_222522/convnext_tiny_cifar100/analysis_results.json,convnext_tiny,cifar100,layer_0,0,0.031540814718399965,0.1,-1.426722251100369,3.17039462988364,15.65981667756977,3.17039462988364,0.6845918528160004
./results/comprehensive_analysis_20250829_222522/convnext_tiny_cifar100/analysis_results.json,convnext_tiny,cifar100,layer_1,1,0.03176481094269706,0.1,0.809810526358331,3.148038631231291,15.763927608564444,3.148038631231291,0.6823518905730295
./results/comprehensive_analysis_20250829_222522/convnext_tiny_cifar100/analysis_results.json,convnext_tiny,cifar100,layer_2,2,0.03336048925290758,0.1,3.927419182987121,2.997468105872541,16.505580977791276,2.997468105872541,0.6663951074709242
./results/comprehensive_analysis_20250829_222522/convnext_tiny_cifar100/analysis_results.json,convnext_tiny,cifar100,layer_3,3,0.033305597235370174,0.1,-1.8223975285589062,3.0024081803770786,16.480067784129513,3.0024081803770786,0.6669440276462983
./results/comprehensive_analysis_20250829_222522/convnext_tiny_cifar100/analysis_results.json,convnext_tiny,cifar100,summary,-1,0.031540814718399965,0.1,,,,3.17039462988364,0.6845918528160004
./results/comprehensive_analysis_20250829_222522/convnext_tiny_cifar100/analysis_results.json,convnext_tiny,cifar100,summary_final,999,0.033305597235370174,0.1,,,,3.0024081803770786,0.6669440276462983
./results/comprehensive_analysis_20250829_222522/convnext_tiny_svhn/analysis_results.json,convnext_tiny,svhn,layer_0,0,0.03412866636106678,0.1,-1.452538163034896,2.9300022725705404,5.357670425250834,2.9300022725705404,0.6587133363893323
./results/comprehensive_analysis_20250829_222522/convnext_tiny_svhn/analysis_results.json,convnext_tiny,svhn,layer_1,1,0.035013747049554796,0.1,0.9861981447590327,2.855939523380663,5.470680699352394,2.855939523380663,0.649862529504452
./results/comprehensive_analysis_20250829_222522/convnext_tiny_svhn/analysis_results.json,convnext_tiny,svhn,layer_2,2,0.03291483430264304,0.1,3.4492645219531277,3.03805150677801,5.202683998114947,3.03805150677801,0.6708516569735696
./results/comprehensive_analysis_20250829_222522/convnext_tiny_svhn/analysis_results.json,convnext_tiny,svhn,layer_3,3,0.033925489512856476,0.1,-1.5555804714810122,2.947549287765388,5.331728077162139,2.947549287765388,0.6607451048714352
./results/comprehensive_analysis_20250829_222522/convnext_tiny_svhn/analysis_results.json,convnext_tiny,svhn,summary,-1,0.03412866636106678,0.1,,,,2.9300022725705404,0.6587133363893323
./results/comprehensive_analysis_20250829_222522/convnext_tiny_svhn/analysis_results.json,convnext_tiny,svhn,summary_final,999,0.033925489512856476,0.1,,,,2.947549287765388,0.6607451048714352
./results/comprehensive_analysis_20250829_222522/vit_base_patch16_224_cifar100/analysis_results.json,vit_base_patch16_224,cifar100,layer_0,0,0.03327986484932623,0.1,-1.944255779299628,3.00472960822184,107.84849198469442,3.00472960822184,0.6672013515067378
./results/comprehensive_analysis_20250829_222522/vit_base_patch16_224_cifar100/analysis_results.json,vit_base_patch16_224,cifar100,layer_1,1,0.03296764849709022,0.1,-2.8523702384211385,3.0331846939017204,106.84608868286566,3.0331846939017204,0.6703235150290978
./results/comprehensive_analysis_20250829_222522/vit_base_patch16_224_cifar100/analysis_results.json,vit_base_patch16_224,cifar100,layer_2,2,0.03458423854700456,0.1,0.20069910477234792,2.891406975958563,112.03632036718412,2.891406975958563,0.6541576145299544
./results/comprehensive_analysis_20250829_222522/vit_base_patch16_224_cifar100/analysis_results.json,vit_base_patch16_224,cifar100,layer_3,3,0.03385000273959209,0.1,1.1886739860694728,2.954122238838146,109.67897940025483,2.954122238838146,0.6614999726040791
./results/comprehensive_analysis_20250829_222522/vit_base_patch16_224_cifar100/analysis_results.json,vit_base_patch16_224,cifar100,layer_4,4,0.03309899434220646,0.1,-2.9792679460407587,3.021148552659661,107.26778827637855,3.021148552659661,0.6690100565779354
./results/comprehensive_analysis_20250829_222522/vit_base_patch16_224_cifar100/analysis_results.json,vit_base_patch16_224,cifar100,layer_5,5,0.03314033685951799,0.1,-3.117663831341735,3.017379788385954,107.40052275861242,3.017379788385954,0.6685966314048202
./results/comprehensive_analysis_20250829_222522/vit_base_patch16_224_cifar100/analysis_results.json,vit_base_patch16_224,cifar100,layer_6,6,0.0336085424131453,0.1,-3.269859565407558,2.9753454769109915,108.90374573053353,2.9753454769109915,0.663914575868547
./results/comprehensive_analysis_20250829_222522/vit_base_patch16_224_cifar100/analysis_results.json,vit_base_patch16_224,cifar100,layer_7,7,0.033489113416868284,0.1,-3.1535323266166495,2.985955847782589,108.52030642844444,2.985955847782589,0.6651088658313171
./results/comprehensive_analysis_20250829_222522/vit_base_patch16_224_cifar100/analysis_results.json,vit_base_patch16_224,cifar100,layer_8,8,0.033876938232221473,0.1,-2.9080649503488147,2.951773490893537,109.76545862068869,2.951773490893537,0.6612306176777853
./results/comprehensive_analysis_20250829_222522/vit_base_patch16_224_cifar100/analysis_results.json,vit_base_patch16_224,cifar100,layer_9,9,0.034005846182434595,0.1,-2.342261803194722,2.9405843595003103,110.17933109725882,2.9405843595003103,0.6599415381756542
./results/comprehensive_analysis_20250829_222522/vit_base_patch16_224_cifar100/analysis_results.json,vit_base_patch16_224,cifar100,layer_10,10,0.032817548857691704,0.1,-1.6582014512422578,3.0470573343636107,106.36417806845093,3.0470573343636107,0.671824511423083
./results/comprehensive_analysis_20250829_222522/vit_base_patch16_224_cifar100/analysis_results.json,vit_base_patch16_224,cifar100,layer_11,11,0.03290099617292674,0.1,-0.9828871288589441,3.0393292697020176,106.63209441466816,3.0393292697020176,0.6709900382707327
./results/comprehensive_analysis_20250829_222522/vit_base_patch16_224_cifar100/analysis_results.json,vit_base_patch16_224,cifar100,summary,-1,0.03327986484932623,0.1,,,,3.00472960822184,0.6672013515067378
./results/comprehensive_analysis_20250829_222522/vit_base_patch16_224_cifar100/analysis_results.json,vit_base_patch16_224,cifar100,summary_final,999,0.03290099617292674,0.1,,,,3.0393292697020176,0.6709900382707327
./results/comprehensive_analysis_20250829_222522/resnet18_cifar10/analysis_results.json,resnet18,cifar10,layer_0,0,0.03324726675233163,0.1,-0.07010975091966186,3.0076755803514845,68.27767402104509,3.0076755803514845,0.6675273324766837
./results/comprehensive_analysis_20250829_222522/resnet18_cifar10/analysis_results.json,resnet18,cifar10,layer_1,1,0.03312464256838524,0.1,-0.44760266564854456,3.0188093647861476,68.02953723626523,3.0188093647861476,0.6687535743161477
./results/comprehensive_analysis_20250829_222522/resnet18_cifar10/analysis_results.json,resnet18,cifar10,layer_2,2,0.03253307148652732,0.1,-0.6850075542567394,3.0737007521917747,66.83246059528923,3.0737007521917747,0.6746692851347268
./results/comprehensive_analysis_20250829_222522/resnet18_cifar10/analysis_results.json,resnet18,cifar10,layer_3,3,0.0334154420471355,0.1,-2.6371683582966043,2.992538818433907,68.61798598552905,2.992538818433907,0.6658455795286451
./results/comprehensive_analysis_20250829_222522/resnet18_cifar10/analysis_results.json,resnet18,cifar10,summary,-1,0.03324726675233163,0.1,,,,3.0076755803514845,0.6675273324766837
./results/comprehensive_analysis_20250829_222522/resnet18_cifar10/analysis_results.json,resnet18,cifar10,summary_final,999,0.0334154420471355,0.1,,,,2.992538818433907,0.6658455795286451
./results/comprehensive_analysis_20250829_222522/mixer_b16_224_cifar100/analysis_results.json,mixer_b16_224,cifar100,layer_0,0,0.0336470527130546,0.1,-2.146125827876288,2.971940184853625,5.281798899616624,2.971940184853625,0.6635294728694541
./results/comprehensive_analysis_20250829_222522/mixer_b16_224_cifar100/analysis_results.json,mixer_b16_224,cifar100,layer_1,1,0.034394994548762034,0.1,-2.4298448366726992,2.9073152648118197,5.376979198361387,2.9073152648118197,0.6560500545123797
./results/comprehensive_analysis_20250829_222522/mixer_b16_224_cifar100/analysis_results.json,mixer_b16_224,cifar100,layer_2,2,0.03306803151294773,0.1,-1.9707427957082047,3.023977281005232,5.20811481326839,3.023977281005232,0.6693196848705227
./results/comprehensive_analysis_20250829_222522/mixer_b16_224_cifar100/analysis_results.json,mixer_b16_224,cifar100,layer_3,3,0.033366360859477175,0.1,-1.1053331135076874,2.9969406457147922,5.246079097349578,2.9969406457147922,0.6663363914052283
./results/comprehensive_analysis_20250829_222522/mixer_b16_224_cifar100/analysis_results.json,mixer_b16_224,cifar100,layer_4,4,0.0336279036672689,0.1,-2.7964373721201476,2.9736324737023843,5.279362063205626,2.9736324737023843,0.663720963327311
./results/comprehensive_analysis_20250829_222522/mixer_b16_224_cifar100/analysis_results.json,mixer_b16_224,cifar100,layer_5,5,0.03414714597651419,0.1,-3.3150936607214327,2.9284166721313722,5.345438910034421,2.9284166721313722,0.6585285402348581
./results/comprehensive_analysis_20250829_222522/mixer_b16_224_cifar100/analysis_results.json,mixer_b16_224,cifar100,layer_6,6,0.03373180240817841,0.1,-3.1413233328816057,2.9644735349872775,5.2925838308977875,2.9644735349872775,0.6626819759182159
./results/comprehensive_analysis_20250829_222522/mixer_b16_224_cifar100/analysis_results.json,mixer_b16_224,cifar100,layer_7,7,0.03370985426598385,0.1,-3.4044048651269208,2.966403616205764,5.289790791878924,2.966403616205764,0.6629014573401615
./results/comprehensive_analysis_20250829_222522/mixer_b16_224_cifar100/analysis_results.json,mixer_b16_224,cifar100,layer_8,8,0.03412797075986456,0.1,-3.6426006303636065,2.9300619905479053,5.342998743216528,2.9300619905479053,0.6587202924013544
./results/comprehensive_analysis_20250829_222522/mixer_b16_224_cifar100/analysis_results.json,mixer_b16_224,cifar100,layer_9,9,0.034358339376904634,0.1,-3.2932613913361397,2.910416841926162,5.372314597397292,2.910416841926162,0.6564166062309537
./results/comprehensive_analysis_20250829_222522/mixer_b16_224_cifar100/analysis_results.json,mixer_b16_224,cifar100,layer_10,10,0.033977103749706535,0.1,-2.646573194682034,2.9430718305127224,5.323799968108584,2.9430718305127224,0.6602289625029347
./results/comprehensive_analysis_20250829_222522/mixer_b16_224_cifar100/analysis_results.json,mixer_b16_224,cifar100,layer_11,11,0.03364736848961248,0.1,-2.4148010124054,2.971912294376793,5.28183908416799,2.971912294376793,0.6635263151038753
./results/comprehensive_analysis_20250829_222522/mixer_b16_224_cifar100/analysis_results.json,mixer_b16_224,cifar100,summary,-1,0.0336470527130546,0.1,,,,2.971940184853625,0.6635294728694541
./results/comprehensive_analysis_20250829_222522/mixer_b16_224_cifar100/analysis_results.json,mixer_b16_224,cifar100,summary_final,999,0.03364736848961248,0.1,,,,2.971912294376793,0.6635263151038753
./results/comprehensive_analysis_20250829_221811/convnext_tiny_cifar10_analysis.json,convnext_tiny,cifar10,layer_0,0,0.03285841377572462,0.1,-1.4150525606932869,3.0432679256705573,-7.330537541073241,3.0432679256705573,0.6714158622427538
./results/comprehensive_analysis_20250829_221811/convnext_tiny_cifar10_analysis.json,convnext_tiny,cifar10,layer_1,1,0.03323605140627679,0.1,0.8121231014238592,3.0086904755069543,-7.4262793647568,3.0086904755069543,0.6676394859372321
./results/comprehensive_analysis_20250829_221811/convnext_tiny_cifar10_analysis.json,convnext_tiny,cifar10,layer_2,2,0.03323627233156676,0.1,3.9507228226331343,3.008670477000185,-7.42633537556835,3.008670477000185,0.6676372766843324
./results/comprehensive_analysis_20250829_221811/convnext_tiny_cifar10_analysis.json,convnext_tiny,cifar10,layer_3,3,0.032541129477089786,0.1,-1.855325514453965,3.072939651057615,-7.250096994581515,3.072939651057615,0.6745887052291022
./results/comprehensive_analysis_20250829_221811/convnext_tiny_cifar10_analysis.json,convnext_tiny,cifar10,summary,-1,0.03285841377572462,0.1,,,,3.0432679256705573,0.6714158622427538
./results/comprehensive_analysis_20250829_221811/convnext_tiny_cifar10_analysis.json,convnext_tiny,cifar10,summary_final,999,0.032541129477089786,0.1,,,,3.072939651057615,0.6745887052291022
./results/comprehensive_analysis_20250829_221811/vit_base_patch16_224_cifar10_analysis.json,vit_base_patch16_224,cifar10,layer_0,0,0.03250238413387497,0.1,-1.7709917801015886,3.0766027189082807,17.015498107375677,3.0766027189082807,0.6749761586612504
./results/comprehensive_analysis_20250829_221811/vit_base_patch16_224_cifar10_analysis.json,vit_base_patch16_224,cifar10,layer_1,1,0.031311753004185906,0.1,-2.5591946323759798,3.1935869703514075,16.42881651117105,3.1935869703514075,0.686882469958141
./results/comprehensive_analysis_20250829_221811/vit_base_patch16_224_cifar10_analysis.json,vit_base_patch16_224,cifar10,layer_2,2,0.034166163232073554,0.1,0.22037668352703543,2.9267867314816334,17.835322612819237,2.9267867314816334,0.6583383676792645
./results/comprehensive_analysis_20250829_221811/vit_base_patch16_224_cifar10_analysis.json,vit_base_patch16_224,cifar10,layer_3,3,0.034066709496436996,0.1,1.1400578065843918,2.9353308889304284,17.78631694270291,2.9353308889304284,0.65933290503563
./results/comprehensive_analysis_20250829_221811/vit_base_patch16_224_cifar10_analysis.json,vit_base_patch16_224,cifar10,layer_4,4,0.03147691754499181,0.1,-2.614924053322046,3.17683022890789,16.510201076062877,3.17683022890789,0.685230824550082
./results/comprehensive_analysis_20250829_221811/vit_base_patch16_224_cifar10_analysis.json,vit_base_patch16_224,cifar10,layer_5,5,0.03183299751297775,0.1,-2.7731565917334313,3.1412957156647714,16.68565891416681,3.1412957156647714,0.6816700248702225
./results/comprehensive_analysis_20250829_221811/vit_base_patch16_224_cifar10_analysis.json,vit_base_patch16_224,cifar10,layer_6,6,0.03267447209951372,0.1,-3.0346501655017715,3.060399546652249,17.100294178846543,3.060399546652249,0.6732552790048628
./results/comprehensive_analysis_20250829_221811/vit_base_patch16_224_cifar10_analysis.json,vit_base_patch16_224,cifar10,layer_7,7,0.033115958723351636,0.1,-2.986186501978541,3.019600949331358,17.317836010835986,3.019600949331358,0.6688404127664836
./results/comprehensive_analysis_20250829_221811/vit_base_patch16_224_cifar10_analysis.json,vit_base_patch16_224,cifar10,layer_8,8,0.03320044215272982,0.1,-2.795662423564336,3.011917360095095,17.359465086344347,3.011917360095095,0.6679955784727019
./results/comprehensive_analysis_20250829_221811/vit_base_patch16_224_cifar10_analysis.json,vit_base_patch16_224,cifar10,layer_9,9,0.03303307561854448,0.1,-2.2483278500976382,3.0271771837884445,17.276995492715688,3.0271771837884445,0.6696692438145553
./results/comprehensive_analysis_20250829_221811/vit_base_patch16_224_cifar10_analysis.json,vit_base_patch16_224,cifar10,layer_10,10,0.032972780695809,0.1,-1.5674893257704605,3.032712594364713,17.247285265398915,3.032712594364713,0.67027219304191
./results/comprehensive_analysis_20250829_221811/vit_base_patch16_224_cifar10_analysis.json,vit_base_patch16_224,cifar10,layer_11,11,0.032821936625565915,0.1,-0.9132345031721409,3.0466500039521023,17.172957089609216,3.0466500039521023,0.6717806337443408
./results/comprehensive_analysis_20250829_221811/vit_base_patch16_224_cifar10_analysis.json,vit_base_patch16_224,cifar10,summary,-1,0.03250238413387497,0.1,,,,3.0766027189082807,0.6749761586612504
./results/comprehensive_analysis_20250829_221811/vit_base_patch16_224_cifar10_analysis.json,vit_base_patch16_224,cifar10,summary_final,999,0.032821936625565915,0.1,,,,3.0466500039521023,0.6717806337443408
./results/comprehensive_analysis_20250829_221811/resnet18_cifar10_analysis.json,resnet18,cifar10,layer_0,0,0.034364948282770445,0.1,-0.07230040004973907,2.9098571404804083,-64.60256509331614,2.9098571404804083,0.6563505171722956
./results/comprehensive_analysis_20250829_221811/resnet18_cifar10_analysis.json,resnet18,cifar10,layer_1,1,0.03335984782211772,0.1,-0.45748327154935636,2.9975257383507374,-62.68383185813908,2.9975257383507374,0.6664015217788228
./results/comprehensive_analysis_20250829_221811/resnet18_cifar10_analysis.json,resnet18,cifar10,layer_2,2,0.033671756818229016,0.1,-0.6853587973745371,2.9697598132465415,-63.27926503185468,2.9697598132465415,0.6632824318177098
./results/comprehensive_analysis_20250829_221811/resnet18_cifar10_analysis.json,resnet18,cifar10,layer_3,3,0.0335238756649318,0.1,-2.6401265747229825,2.982859683044359,-62.9969604316723,2.982859683044359,0.664761243350682
./results/comprehensive_analysis_20250829_221811/resnet18_cifar10_analysis.json,resnet18,cifar10,summary,-1,0.034364948282770445,0.1,,,,2.9098571404804083,0.6563505171722956
./results/comprehensive_analysis_20250829_221811/resnet18_cifar10_analysis.json,resnet18,cifar10,summary_final,999,0.0335238756649318,0.1,,,,2.982859683044359,0.664761243350682
./results/comprehensive_analysis_20250829_221811/vit_base_patch16_224_cifar10/analysis_results.json,vit_base_patch16_224,cifar10,layer_0,0,0.03250238413387497,0.1,-1.7709917801015886,3.0766027189082807,17.015498107375677,3.0766027189082807,0.6749761586612504
./results/comprehensive_analysis_20250829_221811/vit_base_patch16_224_cifar10/analysis_results.json,vit_base_patch16_224,cifar10,layer_1,1,0.031311753004185906,0.1,-2.5591946323759798,3.1935869703514075,16.42881651117105,3.1935869703514075,0.686882469958141
./results/comprehensive_analysis_20250829_221811/vit_base_patch16_224_cifar10/analysis_results.json,vit_base_patch16_224,cifar10,layer_2,2,0.034166163232073554,0.1,0.22037668352703543,2.9267867314816334,17.835322612819237,2.9267867314816334,0.6583383676792645
./results/comprehensive_analysis_20250829_221811/vit_base_patch16_224_cifar10/analysis_results.json,vit_base_patch16_224,cifar10,layer_3,3,0.034066709496436996,0.1,1.1400578065843918,2.9353308889304284,17.78631694270291,2.9353308889304284,0.65933290503563
./results/comprehensive_analysis_20250829_221811/vit_base_patch16_224_cifar10/analysis_results.json,vit_base_patch16_224,cifar10,layer_4,4,0.03147691754499181,0.1,-2.614924053322046,3.17683022890789,16.510201076062877,3.17683022890789,0.685230824550082
./results/comprehensive_analysis_20250829_221811/vit_base_patch16_224_cifar10/analysis_results.json,vit_base_patch16_224,cifar10,layer_5,5,0.03183299751297775,0.1,-2.7731565917334313,3.1412957156647714,16.68565891416681,3.1412957156647714,0.6816700248702225
./results/comprehensive_analysis_20250829_221811/vit_base_patch16_224_cifar10/analysis_results.json,vit_base_patch16_224,cifar10,layer_6,6,0.03267447209951372,0.1,-3.0346501655017715,3.060399546652249,17.100294178846543,3.060399546652249,0.6732552790048628
./results/comprehensive_analysis_20250829_221811/vit_base_patch16_224_cifar10/analysis_results.json,vit_base_patch16_224,cifar10,layer_7,7,0.033115958723351636,0.1,-2.986186501978541,3.019600949331358,17.317836010835986,3.019600949331358,0.6688404127664836
./results/comprehensive_analysis_20250829_221811/vit_base_patch16_224_cifar10/analysis_results.json,vit_base_patch16_224,cifar10,layer_8,8,0.03320044215272982,0.1,-2.795662423564336,3.011917360095095,17.359465086344347,3.011917360095095,0.6679955784727019
./results/comprehensive_analysis_20250829_221811/vit_base_patch16_224_cifar10/analysis_results.json,vit_base_patch16_224,cifar10,layer_9,9,0.03303307561854448,0.1,-2.2483278500976382,3.0271771837884445,17.276995492715688,3.0271771837884445,0.6696692438145553
./results/comprehensive_analysis_20250829_221811/vit_base_patch16_224_cifar10/analysis_results.json,vit_base_patch16_224,cifar10,layer_10,10,0.032972780695809,0.1,-1.5674893257704605,3.032712594364713,17.247285265398915,3.032712594364713,0.67027219304191
./results/comprehensive_analysis_20250829_221811/vit_base_patch16_224_cifar10/analysis_results.json,vit_base_patch16_224,cifar10,layer_11,11,0.032821936625565915,0.1,-0.9132345031721409,3.0466500039521023,17.172957089609216,3.0466500039521023,0.6717806337443408
./results/comprehensive_analysis_20250829_221811/vit_base_patch16_224_cifar10/analysis_results.json,vit_base_patch16_224,cifar10,summary,-1,0.03250238413387497,0.1,,,,3.0766027189082807,0.6749761586612504
./results/comprehensive_analysis_20250829_221811/vit_base_patch16_224_cifar10/analysis_results.json,vit_base_patch16_224,cifar10,summary_final,999,0.032821936625565915,0.1,,,,3.0466500039521023,0.6717806337443408
./results/comprehensive_analysis_20250829_221811/convnext_tiny_cifar10/analysis_results.json,convnext_tiny,cifar10,layer_0,0,0.03285841377572462,0.1,-1.4150525606932869,3.0432679256705573,-7.330537541073241,3.0432679256705573,0.6714158622427538
./results/comprehensive_analysis_20250829_221811/convnext_tiny_cifar10/analysis_results.json,convnext_tiny,cifar10,layer_1,1,0.03323605140627679,0.1,0.8121231014238592,3.0086904755069543,-7.4262793647568,3.0086904755069543,0.6676394859372321
./results/comprehensive_analysis_20250829_221811/convnext_tiny_cifar10/analysis_results.json,convnext_tiny,cifar10,layer_2,2,0.03323627233156676,0.1,3.9507228226331343,3.008670477000185,-7.42633537556835,3.008670477000185,0.6676372766843324
./results/comprehensive_analysis_20250829_221811/convnext_tiny_cifar10/analysis_results.json,convnext_tiny,cifar10,layer_3,3,0.032541129477089786,0.1,-1.855325514453965,3.072939651057615,-7.250096994581515,3.072939651057615,0.6745887052291022
./results/comprehensive_analysis_20250829_221811/convnext_tiny_cifar10/analysis_results.json,convnext_tiny,cifar10,summary,-1,0.03285841377572462,0.1,,,,3.0432679256705573,0.6714158622427538
./results/comprehensive_analysis_20250829_221811/convnext_tiny_cifar10/analysis_results.json,convnext_tiny,cifar10,summary_final,999,0.032541129477089786,0.1,,,,3.072939651057615,0.6745887052291022
./results/comprehensive_analysis_20250829_221811/resnet18_cifar10/analysis_results.json,resnet18,cifar10,layer_0,0,0.034364948282770445,0.1,-0.07230040004973907,2.9098571404804083,-64.60256509331614,2.9098571404804083,0.6563505171722956
./results/comprehensive_analysis_20250829_221811/resnet18_cifar10/analysis_results.json,resnet18,cifar10,layer_1,1,0.03335984782211772,0.1,-0.45748327154935636,2.9975257383507374,-62.68383185813908,2.9975257383507374,0.6664015217788228
./results/comprehensive_analysis_20250829_221811/resnet18_cifar10/analysis_results.json,resnet18,cifar10,layer_2,2,0.033671756818229016,0.1,-0.6853587973745371,2.9697598132465415,-63.27926503185468,2.9697598132465415,0.6632824318177098
./results/comprehensive_analysis_20250829_221811/resnet18_cifar10/analysis_results.json,resnet18,cifar10,layer_3,3,0.0335238756649318,0.1,-2.6401265747229825,2.982859683044359,-62.9969604316723,2.982859683044359,0.664761243350682
./results/comprehensive_analysis_20250829_221811/resnet18_cifar10/analysis_results.json,resnet18,cifar10,summary,-1,0.034364948282770445,0.1,,,,2.9098571404804083,0.6563505171722956
./results/comprehensive_analysis_20250829_221811/resnet18_cifar10/analysis_results.json,resnet18,cifar10,summary_final,999,0.0335238756649318,0.1,,,,2.982859683044359,0.664761243350682
