seed,a,b,prior,fraction,n_alignment,n_train,dim_a,dim_b,eu_agreement,acquisition_overlap,eu_group0,eu_group1,eu_id,eu_heldout,cka,mknn,predictivity,cca_type,smoother_001,smoother_1,noise_condition,head
0,clip_b16|2,convnext_s|2,0.1,0.1,532,102,768,768,0.2774548818191161,0.26666666666666666,0.1153155973568024,0.12340750434472497,0.33292501981730904,-0.04115893181228935,0.5554326892156511,0.3093984962406015,-0.45415842812344287,0.99999999896571,0.9753088772101673,0.6666366913854866,heteroscedastic,rbf
0,clip_b16|2,dinov2_b|2,0.1,0.1,532,102,768,768,0.346343184286623,0.2833333333333333,0.1337480350252978,0.2832352960068186,0.33303587382640154,0.23405496499870365,0.6676092243529299,0.37593984962406013,-0.24729168187948036,0.9999999988641977,0.9740131119456134,0.6898007985892928,heteroscedastic,rbf
0,clip_b16|2,mae_b16|2,0.1,0.1,532,102,768,768,0.29772693813038364,0.3,0.14119153082649258,0.38454453625873025,0.2875378357699729,0.19542390458905884,0.4528263640269545,0.16654135338345863,-0.3158313913756984,0.9999999901944604,0.9354953416477189,0.5616721620988093,heteroscedastic,rbf
0,clip_b16|2,vit_sup_b16|2,0.1,0.1,532,102,768,768,0.5070544640401778,0.38333333333333336,0.24032240411723196,0.44761796246012386,0.5037018793164858,0.06040964480165932,0.6624475509057176,0.3603383458646616,-0.2278066336397011,0.9999999990723215,0.977802931110365,0.6966828773946164,heteroscedastic,rbf
0,convnext_s|2,dinov2_b|2,0.1,0.1,532,102,768,768,0.39578493273592424,0.25,0.3467932565357031,0.2810664941902306,0.4138558667029634,0.26769509981851186,0.7132865292851648,0.3763157894736842,-0.38954816335467235,0.9999999994073582,0.9827094086531779,0.7146926568945218,heteroscedastic,rbf
0,convnext_s|2,mae_b16|2,0.1,0.1,532,102,768,768,0.0974340484279123,0.18333333333333332,-0.025636012012966183,0.1324708952995982,0.12651163195089865,-0.13183821623023076,0.2904668712091842,0.1323308270676692,-0.6234194949903528,0.9999999906319718,0.9418588376658805,0.5586884882569082,heteroscedastic,rbf
0,convnext_s|2,vit_sup_b16|2,0.1,0.1,532,102,768,768,0.48366201017225047,0.4166666666666667,0.4087080885520444,0.34262628327523137,0.5104201269507008,0.26199118485869854,0.7394794867785122,0.4473684210526316,-0.21404204777527847,0.9999999996220706,0.9866706797811686,0.7485855121357504,heteroscedastic,rbf
0,dinov2_b|2,mae_b16|2,0.1,0.1,532,102,768,768,0.23760349334303704,0.21666666666666667,0.20793390604172549,0.1510992440471752,0.26112467575764486,-0.2234249416645061,0.3404639561969015,0.15319548872180452,-0.4847149973686343,0.9999999905911495,0.9411959669692287,0.5796666705634248,heteroscedastic,rbf
0,dinov2_b|2,vit_sup_b16|2,0.1,0.1,532,102,768,768,0.4278350217639494,0.36666666666666664,0.2464802084567012,0.39466077074290257,0.4208693502680884,0.36304122374902775,0.8440082460109617,0.4911654135338345,-0.08477563885328121,0.9999999995094154,0.9851261052470925,0.7581877454030201,heteroscedastic,rbf
0,mae_b16|2,vit_sup_b16|2,0.1,0.1,532,102,768,768,0.21614471151308753,0.21666666666666667,0.08343030533285194,0.2441181094951685,0.22855945552468201,-0.1593207155820586,0.3458231739901204,0.1505639097744361,-0.4538033088686755,0.9999999907763983,0.9443120107346153,0.575119819996734,heteroscedastic,rbf
0,clip_b16|2,convnext_s|2,0.1,0.25,532,256,768,768,0.3581852727368687,0.25,0.19305769742615497,0.15820831165508956,0.3907701258114304,-0.0211952294529427,0.5554326892156511,0.3093984962406015,-0.45415842812344287,0.99999999896571,0.9753088772101673,0.6666366913854866,heteroscedastic,rbf
0,clip_b16|2,dinov2_b|2,0.1,0.25,532,256,768,768,0.4272217978383273,0.26666666666666666,0.2332563128547041,0.3464651127589834,0.387076191407023,0.2811122634171636,0.6676092243529299,0.37593984962406013,-0.24729168187948036,0.9999999988641977,0.9740131119456134,0.6898007985892928,heteroscedastic,rbf
0,clip_b16|2,mae_b16|2,0.1,0.25,532,256,768,768,0.3937492048589024,0.3333333333333333,0.1687118697860889,0.4488076477213478,0.369084713149699,0.24799066632097486,0.4528263640269545,0.16654135338345863,-0.3158313913756984,0.9999999901944604,0.9354953416477189,0.5616721620988093,heteroscedastic,rbf
0,clip_b16|2,vit_sup_b16|2,0.1,0.25,532,256,768,768,0.5666654074039094,0.31666666666666665,0.2789247780636667,0.48788294390689846,0.5382926024174118,0.14071817474721288,0.6624475509057176,0.3603383458646616,-0.2278066336397011,0.9999999990723215,0.977802931110365,0.6966828773946164,heteroscedastic,rbf
0,convnext_s|2,dinov2_b|2,0.1,0.25,532,256,768,768,0.4501156392101089,0.2833333333333333,0.37769693732622545,0.3265197321588402,0.4635255082645074,0.2904459424423127,0.7132865292851648,0.3763157894736842,-0.38954816335467235,0.9999999994073582,0.9827094086531779,0.7146926568945218,heteroscedastic,rbf
0,convnext_s|2,mae_b16|2,0.1,0.25,532,256,768,768,0.1718727552020978,0.21666666666666667,-0.006411024813270119,0.15874003952771168,0.19555336762337397,-0.19944257194710915,0.2904668712091842,0.1323308270676692,-0.6234194949903528,0.9999999906319718,0.9418588376658805,0.5586884882569082,heteroscedastic,rbf
0,convnext_s|2,vit_sup_b16|2,0.1,0.25,532,256,768,768,0.5113129203136675,0.38333333333333336,0.3926403598929681,0.356859499008456,0.5265081241972641,0.25252787140264454,0.7394794867785122,0.4473684210526316,-0.21404204777527847,0.9999999996220706,0.9866706797811686,0.7485855121357504,heteroscedastic,rbf
0,dinov2_b|2,mae_b16|2,0.1,0.25,532,256,768,768,0.31103164175456044,0.21666666666666667,0.23525152484912357,0.17820284357118937,0.31489509118360604,-0.22083225304640913,0.3404639561969015,0.15319548872180452,-0.4847149973686343,0.9999999905911495,0.9411959669692287,0.5796666705634248,heteroscedastic,rbf
0,dinov2_b|2,vit_sup_b16|2,0.1,0.25,532,256,768,768,0.4851459031830643,0.31666666666666665,0.308777477072225,0.4315287260118538,0.461221483761799,0.3761991184858699,0.8440082460109617,0.4911654135338345,-0.08477563885328121,0.9999999995094154,0.9851261052470925,0.7581877454030201,heteroscedastic,rbf
0,mae_b16|2,vit_sup_b16|2,0.1,0.25,532,256,768,768,0.2922734229817305,0.26666666666666666,0.08177907061796041,0.2784452768517688,0.28499381496089904,-0.15841327456572465,0.3458231739901204,0.1505639097744361,-0.4538033088686755,0.9999999907763983,0.9443120107346153,0.575119819996734,heteroscedastic,rbf
0,clip_b16|2,convnext_s|2,0.1,1.0,532,1024,768,768,0.3486143572621035,0.21666666666666667,0.152662831637499,0.1400748272931672,0.34917791146549754,0.08166969147005446,0.5554326892156511,0.3093984962406015,-0.45415842812344287,0.99999999896571,0.9753088772101673,0.6666366913854866,heteroscedastic,rbf
0,clip_b16|2,dinov2_b|2,0.1,1.0,532,1024,768,768,0.41642310117528103,0.2833333333333333,0.2214661950667476,0.31749990714311044,0.34784698878837994,0.3019185895773918,0.6676092243529299,0.37593984962406013,-0.24729168187948036,0.9999999988641977,0.9740131119456134,0.6898007985892928,heteroscedastic,rbf
0,clip_b16|2,mae_b16|2,0.1,1.0,532,1024,768,768,0.41730043694565816,0.3333333333333333,0.13112165886906957,0.4584865472010419,0.38470433534364595,0.2258231786362458,0.4528263640269545,0.16654135338345863,-0.3158313913756984,0.9999999901944604,0.9354953416477189,0.5616721620988093,heteroscedastic,rbf
0,clip_b16|2,vit_sup_b16|2,0.1,1.0,532,1024,768,768,0.5537004269456304,0.31666666666666665,0.24527143563428494,0.45653780923089643,0.5102843888773629,0.21292455276121341,0.6624475509057176,0.3603383458646616,-0.2278066336397011,0.9999999990723215,0.977802931110365,0.6966828773946164,heteroscedastic,rbf
0,convnext_s|2,dinov2_b|2,0.1,1.0,532,1024,768,768,0.4986189961638782,0.3333333333333333,0.37004245441627115,0.4083427097846586,0.49899624280610694,0.32758620689655177,0.7132865292851648,0.3763157894736842,-0.38954816335467235,0.9999999994073582,0.9827094086531779,0.7146926568945218,heteroscedastic,rbf
0,convnext_s|2,mae_b16|2,0.1,1.0,532,1024,768,768,0.1855390153861538,0.18333333333333332,-0.005217707605294519,0.11494174870887033,0.1943704001957147,-0.1748768472906404,0.2904668712091842,0.1323308270676692,-0.6234194949903528,0.9999999906319718,0.9418588376658805,0.5586884882569082,heteroscedastic,rbf
0,convnext_s|2,vit_sup_b16|2,0.1,1.0,532,1024,768,768,0.5430177306048072,0.4,0.39714405405439407,0.4290678089879325,0.5430372139681747,0.3133912367124708,0.7394794867785122,0.4473684210526316,-0.21404204777527847,0.9999999996220706,0.9866706797811686,0.7485855121357504,heteroscedastic,rbf
0,dinov2_b|2,mae_b16|2,0.1,1.0,532,1024,768,768,0.3276801324448123,0.18333333333333332,0.25915884435854797,0.12013447353215599,0.3123767039587848,-0.21597096188747736,0.3404639561969015,0.15319548872180452,-0.4847149973686343,0.9999999905911495,0.9411959669692287,0.5796666705634248,heteroscedastic,rbf
0,dinov2_b|2,vit_sup_b16|2,0.1,1.0,532,1024,768,768,0.516205433903983,0.36666666666666664,0.32973205535769773,0.4592226998650293,0.476560260808978,0.36433756805807627,0.8440082460109617,0.4911654135338345,-0.08477563885328121,0.9999999995094154,0.9851261052470925,0.7581877454030201,heteroscedastic,rbf
0,mae_b16|2,vit_sup_b16|2,0.1,1.0,532,1024,768,768,0.34571523809788357,0.21666666666666667,0.13609297522554864,0.2540785119662509,0.332871953800786,-0.08808659579984444,0.3458231739901204,0.1505639097744361,-0.4538033088686755,0.9999999907763983,0.9443120107346153,0.575119819996734,heteroscedastic,rbf
0,clip_b16|2,convnext_s|2,1.0,0.1,532,102,768,768,0.3057813493926372,0.25,0.16359174821150688,0.2382903273282154,0.32454133872667945,0.06598392533056781,0.5554326892156511,0.3093984962406015,-0.45415842812344287,0.99999999896571,0.9753088772101673,0.6666366913854866,heteroscedastic,rbf
0,clip_b16|2,dinov2_b|2,1.0,0.1,532,102,768,768,0.37792349423192834,0.2833333333333333,0.19717859555550446,0.4176183450584356,0.31697455949210124,0.30477054705729845,0.6676092243529299,0.37593984962406013,-0.24729168187948036,0.9999999988641977,0.9740131119456134,0.6898007985892928,heteroscedastic,rbf
0,clip_b16|2,mae_b16|2,1.0,0.1,532,102,768,768,0.3276711879755221,0.26666666666666666,0.12227026442219995,0.4282808293949445,0.31021531311348216,0.24474980554835368,0.4528263640269545,0.16654135338345863,-0.3158313913756984,0.9999999901944604,0.9354953416477189,0.5616721620988093,heteroscedastic,rbf
0,clip_b16|2,vit_sup_b16|2,1.0,0.1,532,102,768,768,0.5161274892430257,0.3333333333333333,0.2960334243836759,0.5402022855920458,0.4807061557778399,0.13365309826289865,0.6624475509057176,0.3603383458646616,-0.2278066336397011,0.9999999990723215,0.977802931110365,0.6966828773946164,heteroscedastic,rbf
0,convnext_s|2,dinov2_b|2,1.0,0.1,532,102,768,768,0.4961109891971922,0.2833333333333333,0.4162741509700824,0.4690792143273852,0.5119044763733306,0.3025019445164636,0.7132865292851648,0.3763157894736842,-0.38954816335467235,0.9999999994073582,0.9827094086531779,0.7146926568945218,heteroscedastic,rbf
0,convnext_s|2,mae_b16|2,1.0,0.1,532,102,768,768,0.14171733810371692,0.15,0.004305466920402328,0.1902745184776832,0.16052447512612925,-0.18116411718952555,0.2904668712091842,0.1323308270676692,-0.6234194949903528,0.9999999906319718,0.9418588376658805,0.5586884882569082,heteroscedastic,rbf
0,convnext_s|2,vit_sup_b16|2,1.0,0.1,532,102,768,768,0.52423123397565,0.4666666666666667,0.44376609473105527,0.5023055039140925,0.53622767479706,0.28098262898625875,0.7394794867785122,0.4473684210526316,-0.21404204777527847,0.9999999996220706,0.9866706797811686,0.7485855121357504,heteroscedastic,rbf
0,dinov2_b|2,mae_b16|2,1.0,0.1,532,102,768,768,0.2896045822349506,0.18333333333333332,0.2691647372608446,0.1966345870549397,0.29810029657007653,-0.20281306715063524,0.3404639561969015,0.15319548872180452,-0.4847149973686343,0.9999999905911495,0.9411959669692287,0.5796666705634248,heteroscedastic,rbf
0,dinov2_b|2,vit_sup_b16|2,1.0,0.1,532,102,768,768,0.5099731388142744,0.38333333333333336,0.32571215787155344,0.5689111224121901,0.4805840589686365,0.3923386051335235,0.8440082460109617,0.4911654135338345,-0.08477563885328121,0.9999999995094154,0.9851261052470925,0.7581877454030201,heteroscedastic,rbf
0,mae_b16|2,vit_sup_b16|2,1.0,0.1,532,102,768,768,0.2705913071980755,0.23333333333333334,0.1418658269355776,0.2898818944145952,0.2702434860715198,-0.061381903033445685,0.3458231739901204,0.1505639097744361,-0.4538033088686755,0.9999999907763983,0.9443120107346153,0.575119819996734,heteroscedastic,rbf
0,clip_b16|2,convnext_s|2,1.0,0.25,532,256,768,768,0.3497896383045508,0.18333333333333332,0.17418387616386619,0.2761167332583217,0.32383589049572653,0.06987295825771327,0.5554326892156511,0.3093984962406015,-0.45415842812344287,0.99999999896571,0.9753088772101673,0.6666366913854866,heteroscedastic,rbf
0,clip_b16|2,dinov2_b|2,1.0,0.25,532,256,768,768,0.4261939616498935,0.35,0.24920327206140694,0.4544220684940343,0.32869472889561524,0.3312807881773399,0.6676092243529299,0.37593984962406013,-0.24729168187948036,0.9999999988641977,0.9740131119456134,0.6898007985892928,heteroscedastic,rbf
0,clip_b16|2,mae_b16|2,1.0,0.25,532,256,768,768,0.39789093858594043,0.31666666666666665,0.15836523450031012,0.4572789887340156,0.36297245244145654,0.2610189266269121,0.4528263640269545,0.16654135338345863,-0.3158313913756984,0.9999999901944604,0.9354953416477189,0.5616721620988093,heteroscedastic,rbf
0,clip_b16|2,vit_sup_b16|2,1.0,0.25,532,256,768,768,0.5200743335398154,0.3,0.25271457200258574,0.5382239451247899,0.4476419800759594,0.21013741249675916,0.6624475509057176,0.3603383458646616,-0.2278066336397011,0.9999999990723215,0.977802931110365,0.6966828773946164,heteroscedastic,rbf
0,convnext_s|2,dinov2_b|2,1.0,0.25,532,256,768,768,0.5283546898741385,0.2833333333333333,0.42093815220221836,0.490891227858519,0.5205519135545597,0.3122245268343272,0.7132865292851648,0.3763157894736842,-0.38954816335467235,0.9999999994073582,0.9827094086531779,0.7146926568945218,heteroscedastic,rbf
0,convnext_s|2,mae_b16|2,1.0,0.25,532,256,768,768,0.17398448329023133,0.16666666666666666,0.013818217892174085,0.16812123842325927,0.16876874549538476,-0.20696136893959036,0.2904668712091842,0.1323308270676692,-0.6234194949903528,0.9999999906319718,0.9418588376658805,0.5586884882569082,heteroscedastic,rbf
0,convnext_s|2,vit_sup_b16|2,1.0,0.25,532,256,768,768,0.5611635032319534,0.45,0.4396157231044004,0.5417136885577133,0.5492755439416598,0.27949183303085307,0.7394794867785122,0.4473684210526316,-0.21404204777527847,0.9999999996220706,0.9866706797811686,0.7485855121357504,heteroscedastic,rbf
0,dinov2_b|2,mae_b16|2,1.0,0.25,532,256,768,768,0.31293225814516146,0.2,0.2675275204288179,0.1762429348474173,0.28891417935953817,-0.2400181488203267,0.3404639561969015,0.15319548872180452,-0.4847149973686343,0.9999999905911495,0.9411959669692287,0.5796666705634248,heteroscedastic,rbf
0,dinov2_b|2,vit_sup_b16|2,1.0,0.25,532,256,768,768,0.531026808407801,0.31666666666666665,0.34429843281866734,0.5643836159673634,0.4764723421121114,0.39454239045890593,0.8440082460109617,0.4911654135338345,-0.08477563885328121,0.9999999995094154,0.9851261052470925,0.7581877454030201,heteroscedastic,rbf
0,mae_b16|2,vit_sup_b16|2,1.0,0.25,532,256,768,768,0.31500120833668976,0.21666666666666667,0.1366328434322894,0.29310521537352624,0.28791259577366657,-0.07888255120560023,0.3458231739901204,0.1505639097744361,-0.4538033088686755,0.9999999907763983,0.9443120107346153,0.575119819996734,heteroscedastic,rbf
0,clip_b16|2,convnext_s|2,1.0,1.0,532,1024,768,768,0.2995292764702124,0.18333333333333332,0.13589492770097197,0.2410081716855466,0.266399347857632,0.1472647135079077,0.5554326892156511,0.3093984962406015,-0.45415842812344287,0.99999999896571,0.9753088772101673,0.6666366913854866,heteroscedastic,rbf
0,clip_b16|2,dinov2_b|2,1.0,1.0,532,1024,768,768,0.3769741582615507,0.3,0.22412456075053902,0.3817093989883207,0.27999639031164447,0.3348457350272233,0.6676092243529299,0.37593984962406013,-0.24729168187948036,0.9999999988641977,0.9740131119456134,0.6898007985892928,heteroscedastic,rbf
0,clip_b16|2,mae_b16|2,1.0,1.0,532,1024,768,768,0.3975011041697337,0.2833333333333333,0.13186999815431208,0.4484250494096396,0.3563828224405091,0.22109152190821885,0.4528263640269545,0.16654135338345863,-0.3158313913756984,0.9999999901944604,0.9354953416477189,0.5616721620988093,heteroscedastic,rbf
0,clip_b16|2,vit_sup_b16|2,1.0,1.0,532,1024,768,768,0.47026952852646814,0.31666666666666665,0.18545569171872003,0.48678094906164265,0.398486809047486,0.24578688099559243,0.6624475509057176,0.3603383458646616,-0.2278066336397011,0.9999999990723215,0.977802931110365,0.6966828773946164,heteroscedastic,rbf
0,convnext_s|2,dinov2_b|2,1.0,1.0,532,1024,768,768,0.5416568934913708,0.2833333333333333,0.4240468873021524,0.547679988069635,0.5345994924850126,0.3465128338086596,0.7132865292851648,0.3763157894736842,-0.38954816335467235,0.9999999994073582,0.9827094086531779,0.7146926568945218,heteroscedastic,rbf
0,convnext_s|2,mae_b16|2,1.0,1.0,532,1024,768,768,0.15151603198897773,0.2,0.011542648240459169,0.11130455132807693,0.14145661118619637,-0.16722841586725437,0.2904668712091842,0.1323308270676692,-0.6234194949903528,0.9999999906319718,0.9418588376658805,0.5586884882569082,heteroscedastic,rbf
0,convnext_s|2,vit_sup_b16|2,1.0,1.0,532,1024,768,768,0.5525634793429982,0.3333333333333333,0.4293815903144337,0.5556793647415827,0.5386063514925042,0.34962406015037595,0.7394794867785122,0.4473684210526316,-0.21404204777527847,0.9999999996220706,0.9866706797811686,0.7485855121357504,heteroscedastic,rbf
0,dinov2_b|2,mae_b16|2,1.0,1.0,532,1024,768,768,0.30298606385017735,0.18333333333333332,0.2703091715952405,0.13773343733304957,0.269447945535679,-0.18045112781954886,0.3404639561969015,0.15319548872180452,-0.4847149973686343,0.9999999905911495,0.9411959669692287,0.5796666705634248,heteroscedastic,rbf
0,dinov2_b|2,vit_sup_b16|2,1.0,1.0,532,1024,768,768,0.5287681354670429,0.36666666666666664,0.3542439409947773,0.5776125809495644,0.4784456034355599,0.39227378791807105,0.8440082460109617,0.4911654135338345,-0.08477563885328121,0.9999999995094154,0.9851261052470925,0.7581877454030201,heteroscedastic,rbf
0,mae_b16|2,vit_sup_b16|2,1.0,1.0,532,1024,768,768,0.3291271920199778,0.18333333333333332,0.1754055885704653,0.24830490795438642,0.30624533049035396,-0.0683821623023075,0.3458231739901204,0.1505639097744361,-0.4538033088686755,0.9999999907763983,0.9443120107346153,0.575119819996734,heteroscedastic,rbf
0,clip_b16|2,convnext_s|2,10.0,0.1,532,102,768,768,0.2785319959222109,0.13333333333333333,0.1565709454936191,0.3395504162641704,0.27573746772566854,0.09651283380865959,0.5554326892156511,0.3093984962406015,-0.45415842812344287,0.99999999896571,0.9753088772101673,0.6666366913854866,heteroscedastic,rbf
0,clip_b16|2,dinov2_b|2,10.0,0.1,532,102,768,768,0.35827088408578905,0.3,0.199595422334549,0.5143135055249151,0.27742313822228243,0.33847549909255903,0.6676092243529299,0.37593984962406013,-0.24729168187948036,0.9999999988641977,0.9740131119456134,0.6898007985892928,heteroscedastic,rbf
0,clip_b16|2,mae_b16|2,10.0,0.1,532,102,768,768,0.3075682432451201,0.25,0.12334245274490814,0.4481446634936141,0.29683570641361273,0.2667876588021779,0.4528263640269545,0.16654135338345863,-0.3158313913756984,0.9999999901944604,0.9354953416477189,0.5616721620988093,heteroscedastic,rbf
0,clip_b16|2,vit_sup_b16|2,10.0,0.1,532,102,768,768,0.45307364742679834,0.26666666666666666,0.2754019762698809,0.5685039484425036,0.3978662064813694,0.164570910033705,0.6624475509057176,0.3603383458646616,-0.2278066336397011,0.9999999990723215,0.977802931110365,0.6966828773946164,heteroscedastic,rbf
0,convnext_s|2,dinov2_b|2,10.0,0.1,532,102,768,768,0.5264518512551423,0.31666666666666665,0.43754251417198975,0.5860034925361213,0.5392578342829252,0.31151153746435056,0.7132865292851648,0.3763157894736842,-0.38954816335467235,0.9999999994073582,0.9827094086531779,0.7146926568945218,heteroscedastic,rbf
0,convnext_s|2,mae_b16|2,10.0,0.1,532,102,768,768,0.14296461934616483,0.18333333333333332,0.012006316673678605,0.2598247476317304,0.1526852453688658,-0.1166709878143635,0.2904668712091842,0.1323308270676692,-0.6234194949903528,0.9999999906319718,0.9418588376658805,0.5586884882569082,heteroscedastic,rbf
0,convnext_s|2,vit_sup_b16|2,10.0,0.1,532,102,768,768,0.5534123705899182,0.43333333333333335,0.4451901678569587,0.6316801455772612,0.5602930383382482,0.2707415089447757,0.7394794867785122,0.4473684210526316,-0.21404204777527847,0.9999999996220706,0.9866706797811686,0.7485855121357504,heteroscedastic,rbf
0,dinov2_b|2,mae_b16|2,10.0,0.1,532,102,768,768,0.28542073727982575,0.18333333333333332,0.27824976308879373,0.2637367455517361,0.29533134480678574,-0.21674876847290642,0.3404639561969015,0.15319548872180452,-0.4847149973686343,0.9999999905911495,0.9411959669692287,0.5796666705634248,heteroscedastic,rbf
0,dinov2_b|2,vit_sup_b16|2,10.0,0.1,532,102,768,768,0.5214143928177578,0.26666666666666666,0.33815752182521464,0.6715586189485584,0.4885576776632245,0.40595022037853257,0.8440082460109617,0.4911654135338345,-0.08477563885328121,0.9999999995094154,0.9851261052470925,0.7581877454030201,heteroscedastic,rbf
0,mae_b16|2,vit_sup_b16|2,10.0,0.1,532,102,768,768,0.25040769557693215,0.2,0.14118865536334085,0.32988324607578406,0.25034073179535826,-0.0466683951257454,0.3458231739901204,0.1505639097744361,-0.4538033088686755,0.9999999907763983,0.9443120107346153,0.575119819996734,heteroscedastic,rbf
0,clip_b16|2,convnext_s|2,10.0,0.25,532,256,768,768,0.29576465490181914,0.15,0.15467745300819274,0.3609183923386503,0.23876334595325158,0.12730101114856107,0.5554326892156511,0.3093984962406015,-0.45415842812344287,0.99999999896571,0.9753088772101673,0.6666366913854866,heteroscedastic,rbf
0,clip_b16|2,dinov2_b|2,10.0,0.25,532,256,768,768,0.38882769118803107,0.38333333333333336,0.24202431887017303,0.5329412957348107,0.2711428351283838,0.36083743842364535,0.6676092243529299,0.37593984962406013,-0.24729168187948036,0.9999999988641977,0.9740131119456134,0.6898007985892928,heteroscedastic,rbf
0,clip_b16|2,mae_b16|2,10.0,0.25,532,256,768,768,0.34812085589126635,0.25,0.16323914454252372,0.4433831297603119,0.3111779216589696,0.2566113559761473,0.4528263640269545,0.16654135338345863,-0.3158313913756984,0.9999999901944604,0.9354953416477189,0.5616721620988093,heteroscedastic,rbf
0,clip_b16|2,vit_sup_b16|2,10.0,0.25,532,256,768,768,0.43042425117847544,0.26666666666666666,0.2092213946679209,0.5617847401361546,0.32933879143796313,0.2357402126004667,0.6624475509057176,0.3603383458646616,-0.2278066336397011,0.9999999990723215,0.977802931110365,0.6966828773946164,heteroscedastic,rbf
0,convnext_s|2,dinov2_b|2,10.0,0.25,532,256,768,768,0.5362738785385514,0.3,0.43703679209017593,0.59495964425618,0.5181062297704551,0.33510500388903297,0.7132865292851648,0.3763157894736842,-0.38954816335467235,0.9999999994073582,0.9827094086531779,0.7146926568945218,heteroscedastic,rbf
0,convnext_s|2,mae_b16|2,10.0,0.25,532,256,768,768,0.1341635948988747,0.16666666666666666,0.008400845314280037,0.20886321104988606,0.11823085995728334,-0.17202488981073374,0.2904668712091842,0.1323308270676692,-0.6234194949903528,0.9999999906319718,0.9418588376658805,0.5586884882569082,heteroscedastic,rbf
0,convnext_s|2,vit_sup_b16|2,10.0,0.25,532,256,768,768,0.5652968480468,0.4166666666666667,0.4464338056700899,0.6249871885419346,0.5434905236686426,0.27949183303085307,0.7394794867785122,0.4473684210526316,-0.21404204777527847,0.9999999996220706,0.9866706797811686,0.7485855121357504,heteroscedastic,rbf
0,dinov2_b|2,mae_b16|2,10.0,0.25,532,256,768,768,0.2736869269081303,0.23333333333333334,0.265845374485045,0.22961567859954493,0.24301762151518172,-0.2332771584132746,0.3404639561969015,0.15319548872180452,-0.4847149973686343,0.9999999905911495,0.9411959669692287,0.5796666705634248,heteroscedastic,rbf
0,dinov2_b|2,vit_sup_b16|2,10.0,0.25,532,256,768,768,0.5116196989436081,0.3,0.3345107156830097,0.649379087623112,0.44918644100318156,0.35785584651283386,0.8440082460109617,0.4911654135338345,-0.08477563885328121,0.9999999995094154,0.9851261052470925,0.7581877454030201,heteroscedastic,rbf
0,mae_b16|2,vit_sup_b16|2,10.0,0.25,532,256,768,768,0.2688045800127222,0.18333333333333332,0.1358773154891675,0.3188348122014791,0.23756134071740462,-0.04977962146746176,0.3458231739901204,0.1505639097744361,-0.4538033088686755,0.9999999907763983,0.9443120107346153,0.575119819996734,heteroscedastic,rbf
0,clip_b16|2,convnext_s|2,10.0,1.0,532,1024,768,768,0.21651965699904718,0.15,0.11583461845569298,0.2778275341762225,0.17864719433674675,0.18090484832771583,0.5554326892156511,0.3093984962406015,-0.45415842812344287,0.99999999896571,0.9753088772101673,0.6666366913854866,heteroscedastic,rbf
0,clip_b16|2,dinov2_b|2,10.0,1.0,532,1024,768,768,0.3049537359825999,0.2833333333333333,0.2165020673681479,0.4062772374391158,0.20509445750941097,0.3272621208192896,0.6676092243529299,0.37593984962406013,-0.24729168187948036,0.9999999988641977,0.9740131119456134,0.6898007985892928,heteroscedastic,rbf
0,clip_b16|2,mae_b16|2,10.0,1.0,532,1024,768,768,0.3335657599048886,0.26666666666666666,0.13864207330957362,0.43411252132566674,0.29552029880064806,0.21506352087114342,0.4528263640269545,0.16654135338345863,-0.3158313913756984,0.9999999901944604,0.9354953416477189,0.5616721620988093,heteroscedastic,rbf
0,clip_b16|2,vit_sup_b16|2,10.0,1.0,532,1024,768,768,0.3594085539126497,0.2833333333333333,0.145678691074796,0.4798986477523466,0.2827703638589847,0.22621208192896036,0.6624475509057176,0.3603383458646616,-0.2278066336397011,0.9999999990723215,0.977802931110365,0.6966828773946164,heteroscedastic,rbf
0,convnext_s|2,dinov2_b|2,10.0,1.0,532,1024,768,768,0.5339282609118359,0.3333333333333333,0.43481405907387444,0.6143710628329757,0.5324858460641806,0.37937516204303867,0.7132865292851648,0.3763157894736842,-0.38954816335467235,0.9999999994073582,0.9827094086531779,0.7146926568945218,heteroscedastic,rbf
0,convnext_s|2,mae_b16|2,10.0,1.0,532,1024,768,768,0.09807105019736166,0.16666666666666666,0.018568842451756468,0.15049546481366205,0.09110745478595508,-0.1214674617578429,0.2904668712091842,0.1323308270676692,-0.6234194949903528,0.9999999906319718,0.9418588376658805,0.5586884882569082,heteroscedastic,rbf
0,convnext_s|2,vit_sup_b16|2,10.0,1.0,532,1024,768,768,0.5157232103422509,0.35,0.4080133047680032,0.5856901528968975,0.5020366707160734,0.38844957220637805,0.7394794867785122,0.4473684210526316,-0.21404204777527847,0.9999999996220706,0.9866706797811686,0.7485855121357504,heteroscedastic,rbf
0,dinov2_b|2,mae_b16|2,10.0,1.0,532,1024,768,768,0.2506284184122733,0.2,0.2664467057166544,0.18767005726966116,0.22266275677056416,-0.12678247342494167,0.3404639561969015,0.15319548872180452,-0.4847149973686343,0.9999999905911495,0.9411959669692287,0.5796666705634248,heteroscedastic,rbf
0,dinov2_b|2,vit_sup_b16|2,10.0,1.0,532,1024,768,768,0.48754607651687915,0.3333333333333333,0.33074242122264336,0.6221330609903598,0.44599153701969263,0.4365439460720768,0.8440082460109617,0.4911654135338345,-0.08477563885328121,0.9999999995094154,0.9851261052470925,0.7581877454030201,heteroscedastic,rbf
0,mae_b16|2,vit_sup_b16|2,10.0,1.0,532,1024,768,768,0.264765402126117,0.2,0.16428473483107825,0.28595258182646843,0.24792847660358308,-0.07233601244490537,0.3458231739901204,0.1505639097744361,-0.4538033088686755,0.9999999907763983,0.9443120107346153,0.575119819996734,heteroscedastic,rbf
0,clip_b16|2,convnext_s|2,0.1,0.1,532,102,768,768,0.1838344550957086,0.2,0.1838344550957086,,0.2292888883958713,0.08186414311641173,0.5554326892156511,0.3093984962406015,-0.45415842812344287,0.99999999896571,0.9753088772101673,0.6666366913854866,homoscedastic,rbf
0,clip_b16|2,dinov2_b|2,0.1,0.1,532,102,768,768,0.26646229572859925,0.21666666666666667,0.26646229572859925,,0.23450254956725713,0.3037334716100597,0.6676092243529299,0.37593984962406013,-0.24729168187948036,0.9999999988641977,0.9740131119456134,0.6898007985892928,homoscedastic,rbf
0,clip_b16|2,mae_b16|2,0.1,0.1,532,102,768,768,0.2671739643721232,0.21666666666666667,0.2671739643721232,,0.2714598820915086,0.23548094373865702,0.4528263640269545,0.16654135338345863,-0.3158313913756984,0.9999999901944604,0.9354953416477189,0.5616721620988093,homoscedastic,rbf
0,clip_b16|2,vit_sup_b16|2,0.1,0.1,532,102,768,768,0.3875249097914161,0.23333333333333334,0.3875249097914161,,0.36914602388630324,0.10753176043557171,0.6624475509057176,0.3603383458646616,-0.2278066336397011,0.9999999990723215,0.977802931110365,0.6966828773946164,homoscedastic,rbf
0,convnext_s|2,dinov2_b|2,0.1,0.1,532,102,768,768,0.41701676949102634,0.26666666666666666,0.41701676949102634,,0.43831098064799295,0.33218822919367386,0.7132865292851648,0.3763157894736842,-0.38954816335467235,0.9999999994073582,0.9827094086531779,0.7146926568945218,homoscedastic,rbf
0,convnext_s|2,mae_b16|2,0.1,0.1,532,102,768,768,0.08006744463179064,0.15,0.08006744463179064,,0.09881199579789103,-0.10597614726471352,0.2904668712091842,0.1323308270676692,-0.6234194949903528,0.9999999906319718,0.9418588376658805,0.5586884882569082,homoscedastic,rbf
0,convnext_s|2,vit_sup_b16|2,0.1,0.1,532,102,768,768,0.4619780610501696,0.45,0.4619780610501696,,0.48527987676691847,0.27093596059113306,0.7394794867785122,0.4473684210526316,-0.21404204777527847,0.9999999996220706,0.9866706797811686,0.7485855121357504,homoscedastic,rbf
0,dinov2_b|2,mae_b16|2,0.1,0.1,532,102,768,768,0.22825235625654516,0.16666666666666666,0.22825235625654516,,0.2528237416758308,-0.21402644542390462,0.3404639561969015,0.15319548872180452,-0.4847149973686343,0.9999999905911495,0.9411959669692287,0.5796666705634248,homoscedastic,rbf
0,dinov2_b|2,vit_sup_b16|2,0.1,0.1,532,102,768,768,0.39660371278809103,0.25,0.39660371278809103,,0.38698677367014167,0.3714674617578429,0.8440082460109617,0.4911654135338345,-0.08477563885328121,0.9999999995094154,0.9851261052470925,0.7581877454030201,homoscedastic,rbf
0,mae_b16|2,vit_sup_b16|2,0.1,0.1,532,102,768,768,0.1756359878777441,0.2,0.1756359878777441,,0.19215789208590822,-0.1456442831215971,0.3458231739901204,0.1505639097744361,-0.4538033088686755,0.9999999907763983,0.9443120107346153,0.575119819996734,homoscedastic,rbf
0,clip_b16|2,convnext_s|2,0.1,0.25,532,256,768,768,0.24087161353225978,0.1,0.24087161353225978,,0.24344439820738797,0.09314233860513353,0.5554326892156511,0.3093984962406015,-0.45415842812344287,0.99999999896571,0.9753088772101673,0.6666366913854866,homoscedastic,rbf
0,clip_b16|2,dinov2_b|2,0.1,0.25,532,256,768,768,0.3345932627590632,0.25,0.3345932627590632,,0.2610261888286741,0.2984832771584133,0.6676092243529299,0.37593984962406013,-0.24729168187948036,0.9999999988641977,0.9740131119456134,0.6898007985892928,homoscedastic,rbf
0,clip_b16|2,mae_b16|2,0.1,0.25,532,256,768,768,0.3007778910496973,0.15,0.3007778910496973,,0.2824753527840771,0.2599818511796733,0.4528263640269545,0.16654135338345863,-0.3158313913756984,0.9999999901944604,0.9354953416477189,0.5616721620988093,homoscedastic,rbf
0,clip_b16|2,vit_sup_b16|2,0.1,0.25,532,256,768,768,0.41472170756029875,0.23333333333333334,0.41472170756029875,,0.35214323747072374,0.14447757324345345,0.6624475509057176,0.3603383458646616,-0.2278066336397011,0.9999999990723215,0.977802931110365,0.6966828773946164,homoscedastic,rbf
0,convnext_s|2,dinov2_b|2,0.1,0.25,532,256,768,768,0.44157294881374665,0.26666666666666666,0.44157294881374665,,0.45065737401767914,0.3434016074669432,0.7132865292851648,0.3763157894736842,-0.38954816335467235,0.9999999994073582,0.9827094086531779,0.7146926568945218,homoscedastic,rbf
0,convnext_s|2,mae_b16|2,0.1,0.25,532,256,768,768,0.08243861788504968,0.15,0.08243861788504968,,0.09326329918320307,-0.1424682395644283,0.2904668712091842,0.1323308270676692,-0.6234194949903528,0.9999999906319718,0.9418588376658805,0.5586884882569082,homoscedastic,rbf
0,convnext_s|2,vit_sup_b16|2,0.1,0.25,532,256,768,768,0.47721043669565744,0.43333333333333335,0.47721043669565744,,0.4814430088971023,0.2723619393310864,0.7394794867785122,0.4473684210526316,-0.21404204777527847,0.9999999996220706,0.9866706797811686,0.7485855121357504,homoscedastic,rbf
0,dinov2_b|2,mae_b16|2,0.1,0.25,532,256,768,768,0.23323892566368237,0.18333333333333332,0.23323892566368237,,0.2331298786257281,-0.1887477313974592,0.3404639561969015,0.15319548872180452,-0.4847149973686343,0.9999999905911495,0.9411959669692287,0.5796666705634248,homoscedastic,rbf
0,dinov2_b|2,vit_sup_b16|2,0.1,0.25,532,256,768,768,0.42999319442554007,0.23333333333333334,0.42999319442554007,,0.3930097665455043,0.3507907700285196,0.8440082460109617,0.4911654135338345,-0.08477563885328121,0.9999999995094154,0.9851261052470925,0.7581877454030201,homoscedastic,rbf
0,mae_b16|2,vit_sup_b16|2,0.1,0.25,532,256,768,768,0.1899007497243048,0.16666666666666666,0.1899007497243048,,0.18105540212048205,-0.12781954887218047,0.3458231739901204,0.1505639097744361,-0.4538033088686755,0.9999999907763983,0.9443120107346153,0.575119819996734,homoscedastic,rbf
0,clip_b16|2,convnext_s|2,0.1,1.0,532,1024,768,768,0.23751654865707958,0.13333333333333333,0.23751654865707958,,0.20932032626306116,0.1531630801140783,0.5554326892156511,0.3093984962406015,-0.45415842812344287,0.99999999896571,0.9753088772101673,0.6666366913854866,homoscedastic,rbf
0,clip_b16|2,dinov2_b|2,0.1,1.0,532,1024,768,768,0.32762768785468843,0.31666666666666665,0.32762768785468843,,0.239388895351417,0.3241508944775733,0.6676092243529299,0.37593984962406013,-0.24729168187948036,0.9999999988641977,0.9740131119456134,0.6898007985892928,homoscedastic,rbf
0,clip_b16|2,mae_b16|2,0.1,1.0,532,1024,768,768,0.26052866813518927,0.16666666666666666,0.26052866813518927,,0.23581885660423066,0.229517759917034,0.4528263640269545,0.16654135338345863,-0.3158313913756984,0.9999999901944604,0.9354953416477189,0.5616721620988093,homoscedastic,rbf
0,clip_b16|2,vit_sup_b16|2,0.1,1.0,532,1024,768,768,0.38437984549957077,0.3,0.38437984549957077,,0.3155237885658025,0.21921182266009856,0.6624475509057176,0.3603383458646616,-0.2278066336397011,0.9999999990723215,0.977802931110365,0.6966828773946164,homoscedastic,rbf
0,convnext_s|2,dinov2_b|2,0.1,1.0,532,1024,768,768,0.49975488820802266,0.3333333333333333,0.49975488820802266,,0.4956595296372203,0.4014130152968629,0.7132865292851648,0.3763157894736842,-0.38954816335467235,0.9999999994073582,0.9827094086531779,0.7146926568945218,homoscedastic,rbf
0,convnext_s|2,mae_b16|2,0.1,1.0,532,1024,768,768,0.06311928644246234,0.11666666666666667,0.06311928644246234,,0.06061698088544097,-0.09152190821882292,0.2904668712091842,0.1323308270676692,-0.6234194949903528,0.9999999906319718,0.9418588376658805,0.5586884882569082,homoscedastic,rbf
0,convnext_s|2,vit_sup_b16|2,0.1,1.0,532,1024,768,768,0.507822521729227,0.38333333333333336,0.507822521729227,,0.4971774575561811,0.34534612393051595,0.7394794867785122,0.4473684210526316,-0.21404204777527847,0.9999999996220706,0.9866706797811686,0.7485855121357504,homoscedastic,rbf
0,dinov2_b|2,mae_b16|2,0.1,1.0,532,1024,768,768,0.21837805105014177,0.18333333333333332,0.21837805105014177,,0.20640409381831878,-0.13903292714544985,0.3404639561969015,0.15319548872180452,-0.4847149973686343,0.9999999905911495,0.9411959669692287,0.5796666705634248,homoscedastic,rbf
0,dinov2_b|2,vit_sup_b16|2,0.1,1.0,532,1024,768,768,0.47047097353048195,0.35,0.47047097353048195,,0.43282112135388495,0.4196266528389941,0.8440082460109617,0.4911654135338345,-0.08477563885328121,0.9999999995094154,0.9851261052470925,0.7581877454030201,homoscedastic,rbf
0,mae_b16|2,vit_sup_b16|2,0.1,1.0,532,1024,768,768,0.19700315834210647,0.18333333333333332,0.19700315834210647,,0.1875584625605762,-0.05263157894736843,0.3458231739901204,0.1505639097744361,-0.4538033088686755,0.9999999907763983,0.9443120107346153,0.575119819996734,homoscedastic,rbf
0,clip_b16|2,convnext_s|2,1.0,0.1,532,102,768,768,0.2630105083625232,0.13333333333333333,0.2630105083625232,,0.2692980415342015,0.10688358828104745,0.5554326892156511,0.3093984962406015,-0.45415842812344287,0.99999999896571,0.9753088772101673,0.6666366913854866,homoscedastic,rbf
0,clip_b16|2,dinov2_b|2,1.0,0.1,532,102,768,768,0.3521554226539517,0.26666666666666666,0.3521554226539517,,0.28200772725146817,0.33977184340160743,0.6676092243529299,0.37593984962406013,-0.24729168187948036,0.9999999988641977,0.9740131119456134,0.6898007985892928,homoscedastic,rbf
0,clip_b16|2,mae_b16|2,1.0,0.1,532,102,768,768,0.2928259800721668,0.21666666666666667,0.2928259800721668,,0.2915961868019721,0.2407959554057558,0.4528263640269545,0.16654135338345863,-0.3158313913756984,0.9999999901944604,0.9354953416477189,0.5616721620988093,homoscedastic,rbf
0,clip_b16|2,vit_sup_b16|2,1.0,0.1,532,102,768,768,0.4391394976097156,0.21666666666666667,0.4391394976097156,,0.38926478982859375,0.16178376976925074,0.6624475509057176,0.3603383458646616,-0.2278066336397011,0.9999999990723215,0.977802931110365,0.6966828773946164,homoscedastic,rbf
0,convnext_s|2,dinov2_b|2,1.0,0.1,532,102,768,768,0.5134832041200114,0.31666666666666665,0.5134832041200114,,0.5296597808763268,0.32914182006741,0.7132865292851648,0.3763157894736842,-0.38954816335467235,0.9999999994073582,0.9827094086531779,0.7146926568945218,homoscedastic,rbf
0,convnext_s|2,mae_b16|2,1.0,0.1,532,102,768,768,0.13012397256659045,0.18333333333333332,0.13012397256659045,,0.1425117105005954,-0.11096707285455017,0.2904668712091842,0.1323308270676692,-0.6234194949903528,0.9999999906319718,0.9418588376658805,0.5586884882569082,homoscedastic,rbf
0,convnext_s|2,vit_sup_b16|2,1.0,0.1,532,102,768,768,0.5468019077830772,0.43333333333333335,0.5468019077830772,,0.558273531630344,0.2657505833549391,0.7394794867785122,0.4473684210526316,-0.21404204777527847,0.9999999996220706,0.9866706797811686,0.7485855121357504,homoscedastic,rbf
0,dinov2_b|2,mae_b16|2,1.0,0.1,532,102,768,768,0.2714198094994708,0.16666666666666666,0.2714198094994708,,0.2898321165125854,-0.22446201711174488,0.3404639561969015,0.15319548872180452,-0.4847149973686343,0.9999999905911495,0.9411959669692287,0.5796666705634248,homoscedastic,rbf
0,dinov2_b|2,vit_sup_b16|2,1.0,0.1,532,102,768,768,0.5066047961244337,0.25,0.5066047961244337,,0.47940431447700893,0.4045890588540317,0.8440082460109617,0.4911654135338345,-0.08477563885328121,0.9999999995094154,0.9851261052470925,0.7581877454030201,homoscedastic,rbf
0,mae_b16|2,vit_sup_b16|2,1.0,0.1,532,102,768,768,0.22922874785763292,0.2,0.22922874785763292,,0.23551335224921963,-0.06520611874513871,0.3458231739901204,0.1505639097744361,-0.4538033088686755,0.9999999907763983,0.9443120107346153,0.575119819996734,homoscedastic,rbf
0,clip_b16|2,convnext_s|2,1.0,0.25,532,256,768,768,0.28044900124722566,0.1,0.28044900124722566,,0.23286394892710707,0.12658802177858441,0.5554326892156511,0.3093984962406015,-0.45415842812344287,0.99999999896571,0.9753088772101673,0.6666366913854866,homoscedastic,rbf
0,clip_b16|2,dinov2_b|2,1.0,0.25,532,256,768,768,0.38515379209386685,0.36666666666666664,0.38515379209386685,,0.2777148514091576,0.34210526315789475,0.6676092243529299,0.37593984962406013,-0.24729168187948036,0.9999999988641977,0.9740131119456134,0.6898007985892928,homoscedastic,rbf
0,clip_b16|2,mae_b16|2,1.0,0.25,532,256,768,768,0.3153567093241926,0.23333333333333334,0.3153567093241926,,0.28404454787154304,0.2660746694322012,0.4528263640269545,0.16654135338345863,-0.3158313913756984,0.9999999901944604,0.9354953416477189,0.5616721620988093,homoscedastic,rbf
0,clip_b16|2,vit_sup_b16|2,1.0,0.25,532,256,768,768,0.421008780579946,0.25,0.421008780579946,,0.32556450848876384,0.22886958776250974,0.6624475509057176,0.3603383458646616,-0.2278066336397011,0.9999999990723215,0.977802931110365,0.6966828773946164,homoscedastic,rbf
0,convnext_s|2,dinov2_b|2,1.0,0.25,532,256,768,768,0.5167406576129377,0.3,0.5167406576129377,,0.5038281734377305,0.33076225045372054,0.7132865292851648,0.3763157894736842,-0.38954816335467235,0.9999999994073582,0.9827094086531779,0.7146926568945218,homoscedastic,rbf
0,convnext_s|2,mae_b16|2,1.0,0.25,532,256,768,768,0.11674754652096254,0.15,0.11674754652096254,,0.10746048230713054,-0.12412496759139229,0.2904668712091842,0.1323308270676692,-0.6234194949903528,0.9999999906319718,0.9418588376658805,0.5586884882569082,homoscedastic,rbf
0,convnext_s|2,vit_sup_b16|2,1.0,0.25,532,256,768,768,0.5473205758904885,0.4166666666666667,0.5473205758904885,,0.531028404409816,0.2683432719730361,0.7394794867785122,0.4473684210526316,-0.21404204777527847,0.9999999996220706,0.9866706797811686,0.7485855121357504,homoscedastic,rbf
0,dinov2_b|2,mae_b16|2,1.0,0.25,532,256,768,768,0.26309717526993126,0.21666666666666667,0.26309717526993126,,0.24224659028358245,-0.20106300233341975,0.3404639561969015,0.15319548872180452,-0.4847149973686343,0.9999999905911495,0.9411959669692287,0.5796666705634248,homoscedastic,rbf
0,dinov2_b|2,vit_sup_b16|2,1.0,0.25,532,256,768,768,0.49987122186450517,0.3333333333333333,0.49987122186450517,,0.4444510485485096,0.35331864143116415,0.8440082460109617,0.4911654135338345,-0.08477563885328121,0.9999999995094154,0.9851261052470925,0.7581877454030201,homoscedastic,rbf
0,mae_b16|2,vit_sup_b16|2,1.0,0.25,532,256,768,768,0.2418870052416812,0.18333333333333332,0.2418870052416812,,0.21775864736222922,-0.054316826549131454,0.3458231739901204,0.1505639097744361,-0.4538033088686755,0.9999999907763983,0.9443120107346153,0.575119819996734,homoscedastic,rbf
0,clip_b16|2,convnext_s|2,1.0,1.0,532,1024,768,768,0.22593423870621862,0.16666666666666666,0.22593423870621862,,0.19030927593968822,0.18122893440497798,0.5554326892156511,0.3093984962406015,-0.45415842812344287,0.99999999896571,0.9753088772101673,0.6666366913854866,homoscedastic,rbf
0,clip_b16|2,dinov2_b|2,1.0,1.0,532,1024,768,768,0.32261834060650163,0.25,0.32261834060650163,,0.23448501079908432,0.34904070521130415,0.6676092243529299,0.37593984962406013,-0.24729168187948036,0.9999999988641977,0.9740131119456134,0.6898007985892928,homoscedastic,rbf
0,clip_b16|2,mae_b16|2,1.0,1.0,532,1024,768,768,0.28647990688863023,0.2,0.28647990688863023,,0.25700816197307247,0.23535130930775217,0.4528263640269545,0.16654135338345863,-0.3158313913756984,0.9999999901944604,0.9354953416477189,0.5616721620988093,homoscedastic,rbf
0,clip_b16|2,vit_sup_b16|2,1.0,1.0,532,1024,768,768,0.3490490251361809,0.31666666666666665,0.3490490251361809,,0.27785088929049834,0.231656728026964,0.6624475509057176,0.3603383458646616,-0.2278066336397011,0.9999999990723215,0.977802931110365,0.6966828773946164,homoscedastic,rbf
0,convnext_s|2,dinov2_b|2,1.0,1.0,532,1024,768,768,0.5344263178508829,0.3333333333333333,0.5344263178508829,,0.5336930229880784,0.3843012704174229,0.7132865292851648,0.3763157894736842,-0.38954816335467235,0.9999999994073582,0.9827094086531779,0.7146926568945218,homoscedastic,rbf
0,convnext_s|2,mae_b16|2,1.0,1.0,532,1024,768,768,0.08668812968924912,0.13333333333333333,0.08668812968924912,,0.08306105769864978,-0.07324345346123931,0.2904668712091842,0.1323308270676692,-0.6234194949903528,0.9999999906319718,0.9418588376658805,0.5586884882569082,homoscedastic,rbf
0,convnext_s|2,vit_sup_b16|2,1.0,1.0,532,1024,768,768,0.5208224467290187,0.4,0.5208224467290187,,0.5097699932962931,0.39227378791807105,0.7394794867785122,0.4473684210526316,-0.21404204777527847,0.9999999996220706,0.9866706797811686,0.7485855121357504,homoscedastic,rbf
0,dinov2_b|2,mae_b16|2,1.0,1.0,532,1024,768,768,0.23787338298161936,0.18333333333333332,0.23787338298161936,,0.22134869829361276,-0.10701322271195231,0.3404639561969015,0.15319548872180452,-0.4847149973686343,0.9999999905911495,0.9411959669692287,0.5796666705634248,homoscedastic,rbf
0,dinov2_b|2,vit_sup_b16|2,1.0,1.0,532,1024,768,768,0.48896991380531607,0.31666666666666665,0.48896991380531607,,0.45566896459507333,0.4614337568058077,0.8440082460109617,0.4911654135338345,-0.08477563885328121,0.9999999995094154,0.9851261052470925,0.7581877454030201,homoscedastic,rbf
0,mae_b16|2,vit_sup_b16|2,1.0,1.0,532,1024,768,768,0.23555265431292866,0.2,0.23555265431292866,,0.2273889301291453,-0.06079854809437387,0.3458231739901204,0.1505639097744361,-0.4538033088686755,0.9999999907763983,0.9443120107346153,0.575119819996734,homoscedastic,rbf
0,clip_b16|2,convnext_s|2,10.0,0.1,532,102,768,768,0.27321003669454635,0.11666666666666667,0.27321003669454635,,0.2695830090410101,0.09891107078039928,0.5554326892156511,0.3093984962406015,-0.45415842812344287,0.99999999896571,0.9753088772101673,0.6666366913854866,homoscedastic,rbf
0,clip_b16|2,dinov2_b|2,10.0,0.1,532,102,768,768,0.3613396148322634,0.3,0.3613396148322634,,0.2845708608207304,0.34560539279232566,0.6676092243529299,0.37593984962406013,-0.24729168187948036,0.9999999988641977,0.9740131119456134,0.6898007985892928,homoscedastic,rbf
0,clip_b16|2,mae_b16|2,10.0,0.1,532,102,768,768,0.29677360214889487,0.23333333333333334,0.29677360214889487,,0.2959598922849807,0.24468498833290123,0.4528263640269545,0.16654135338345863,-0.3158313913756984,0.9999999901944604,0.9354953416477189,0.5616721620988093,homoscedastic,rbf
0,clip_b16|2,vit_sup_b16|2,10.0,0.1,532,102,768,768,0.4407113353092647,0.23333333333333334,0.4407113353092647,,0.384908279737656,0.1702748249935183,0.6624475509057176,0.3603383458646616,-0.2278066336397011,0.9999999990723215,0.977802931110365,0.6966828773946164,homoscedastic,rbf
0,convnext_s|2,dinov2_b|2,10.0,0.1,532,102,768,768,0.5355409876138544,0.31666666666666665,0.5355409876138544,,0.5488325026652933,0.3150764843142339,0.7132865292851648,0.3763157894736842,-0.38954816335467235,0.9999999994073582,0.9827094086531779,0.7146926568945218,homoscedastic,rbf
0,convnext_s|2,mae_b16|2,10.0,0.1,532,102,768,768,0.1467076852991258,0.2,0.1467076852991258,,0.15744717083179932,-0.0935960591133005,0.2904668712091842,0.1323308270676692,-0.6234194949903528,0.9999999906319718,0.9418588376658805,0.5586884882569082,homoscedastic,rbf
0,convnext_s|2,vit_sup_b16|2,10.0,0.1,532,102,768,768,0.5633095091930811,0.43333333333333335,0.5633095091930811,,0.570544748143289,0.2762509722582318,0.7394794867785122,0.4473684210526316,-0.21404204777527847,0.9999999996220706,0.9866706797811686,0.7485855121357504,homoscedastic,rbf
0,dinov2_b|2,mae_b16|2,10.0,0.1,532,102,768,768,0.2841685671349086,0.16666666666666666,0.2841685671349086,,0.3025439008858727,-0.23424941664506094,0.3404639561969015,0.15319548872180452,-0.4847149973686343,0.9999999905911495,0.9411959669692287,0.5796666705634248,homoscedastic,rbf
0,dinov2_b|2,vit_sup_b16|2,10.0,0.1,532,102,768,768,0.5255777932716479,0.23333333333333334,0.5255777932716479,,0.49633222384385045,0.3996629504796474,0.8440082460109617,0.4911654135338345,-0.08477563885328121,0.9999999995094154,0.9851261052470925,0.7581877454030201,homoscedastic,rbf
0,mae_b16|2,vit_sup_b16|2,10.0,0.1,532,102,768,768,0.24520412556701543,0.18333333333333332,0.24520412556701543,,0.250915688593025,-0.04919626652838994,0.3458231739901204,0.1505639097744361,-0.4538033088686755,0.9999999907763983,0.9443120107346153,0.575119819996734,homoscedastic,rbf
0,clip_b16|2,convnext_s|2,10.0,0.25,532,256,768,768,0.27855255153486536,0.13333333333333333,0.27855255153486536,,0.2209440324416244,0.14279232564169045,0.5554326892156511,0.3093984962406015,-0.45415842812344287,0.99999999896571,0.9753088772101673,0.6666366913854866,homoscedastic,rbf
0,clip_b16|2,dinov2_b|2,10.0,0.25,532,256,768,768,0.3868937413715038,0.35,0.3868937413715038,,0.27650550087723824,0.36083743842364535,0.6676092243529299,0.37593984962406013,-0.24729168187948036,0.9999999988641977,0.9740131119456134,0.6898007985892928,homoscedastic,rbf
0,clip_b16|2,mae_b16|2,10.0,0.25,532,256,768,768,0.32581851616254487,0.21666666666666667,0.32581851616254487,,0.29471456479270675,0.2581669691470055,0.4528263640269545,0.16654135338345863,-0.3158313913756984,0.9999999901944604,0.9354953416477189,0.5616721620988093,homoscedastic,rbf
0,clip_b16|2,vit_sup_b16|2,10.0,0.25,532,256,768,768,0.4099441942894286,0.25,0.4099441942894286,,0.3096132236915479,0.23800881514130157,0.6624475509057176,0.3603383458646616,-0.2278066336397011,0.9999999990723215,0.977802931110365,0.6966828773946164,homoscedastic,rbf
0,convnext_s|2,dinov2_b|2,10.0,0.25,532,256,768,768,0.5394311650865696,0.3333333333333333,0.5394311650865696,,0.5238988201955468,0.3409385532797511,0.7132865292851648,0.3763157894736842,-0.38954816335467235,0.9999999994073582,0.9827094086531779,0.7146926568945218,homoscedastic,rbf
0,convnext_s|2,mae_b16|2,10.0,0.25,532,256,768,768,0.12604229456192934,0.16666666666666666,0.12604229456192934,,0.11360497237569062,-0.12555094633134561,0.2904668712091842,0.1323308270676692,-0.6234194949903528,0.9999999906319718,0.9418588376658805,0.5586884882569082,homoscedastic,rbf
0,convnext_s|2,vit_sup_b16|2,10.0,0.25,532,256,768,768,0.5608868913524759,0.4666666666666667,0.5608868913524759,,0.5416580971545822,0.29167746953590873,0.7394794867785122,0.4473684210526316,-0.21404204777527847,0.9999999996220706,0.9866706797811686,0.7485855121357504,homoscedastic,rbf
0,dinov2_b|2,mae_b16|2,10.0,0.25,532,256,768,768,0.2697323048119578,0.21666666666666667,0.2697323048119578,,0.24697621143419757,-0.21350790770028522,0.3404639561969015,0.15319548872180452,-0.4847149973686343,0.9999999905911495,0.9411959669692287,0.5796666705634248,homoscedastic,rbf
0,dinov2_b|2,vit_sup_b16|2,10.0,0.25,532,256,768,768,0.5071856866269072,0.3333333333333333,0.5071856866269072,,0.4517619416525657,0.36109670728545507,0.8440082460109617,0.4911654135338345,-0.08477563885328121,0.9999999995094154,0.9851261052470925,0.7581877454030201,homoscedastic,rbf
0,mae_b16|2,vit_sup_b16|2,10.0,0.25,532,256,768,768,0.25650960141555945,0.18333333333333332,0.25650960141555945,,0.23114282613414372,-0.032603059372569354,0.3458231739901204,0.1505639097744361,-0.4538033088686755,0.9999999907763983,0.9443120107346153,0.575119819996734,homoscedastic,rbf
0,clip_b16|2,convnext_s|2,10.0,1.0,532,1024,768,768,0.20203445009569468,0.18333333333333332,0.20203445009569468,,0.17266310154976752,0.21253564946849884,0.5554326892156511,0.3093984962406015,-0.45415842812344287,0.99999999896571,0.9753088772101673,0.6666366913854866,homoscedastic,rbf
0,clip_b16|2,dinov2_b|2,10.0,1.0,532,1024,768,768,0.30103466954074865,0.25,0.30103466954074865,,0.21898343800630077,0.34787399533316055,0.6676092243529299,0.37593984962406013,-0.24729168187948036,0.9999999988641977,0.9740131119456134,0.6898007985892928,homoscedastic,rbf
0,clip_b16|2,mae_b16|2,10.0,1.0,532,1024,768,768,0.29135447598465547,0.21666666666666667,0.29135447598465547,,0.2645960027198582,0.23262898625875034,0.4528263640269545,0.16654135338345863,-0.3158313913756984,0.9999999901944604,0.9354953416477189,0.5616721620988093,homoscedastic,rbf
0,clip_b16|2,vit_sup_b16|2,10.0,1.0,532,1024,768,768,0.3183183286620241,0.3,0.3183183286620241,,0.25391114530254827,0.21862846772102673,0.6624475509057176,0.3603383458646616,-0.2278066336397011,0.9999999990723215,0.977802931110365,0.6966828773946164,homoscedastic,rbf
0,convnext_s|2,dinov2_b|2,10.0,1.0,532,1024,768,768,0.5393252759035442,0.3333333333333333,0.5393252759035442,,0.544487010518464,0.40082966035779105,0.7132865292851648,0.3763157894736842,-0.38954816335467235,0.9999999994073582,0.9827094086531779,0.7146926568945218,homoscedastic,rbf
0,convnext_s|2,mae_b16|2,10.0,1.0,532,1024,768,768,0.09197886660796278,0.16666666666666666,0.09197886660796278,,0.09164673443127022,-0.047316567280269645,0.2904668712091842,0.1323308270676692,-0.6234194949903528,0.9999999906319718,0.9418588376658805,0.5586884882569082,homoscedastic,rbf
0,convnext_s|2,vit_sup_b16|2,10.0,1.0,532,1024,768,768,0.5108084744679846,0.43333333333333335,0.5108084744679846,,0.5033662442571777,0.41690432978999226,0.7394794867785122,0.4473684210526316,-0.21404204777527847,0.9999999996220706,0.9866706797811686,0.7485855121357504,homoscedastic,rbf
0,dinov2_b|2,mae_b16|2,10.0,1.0,532,1024,768,768,0.23546115405876125,0.21666666666666667,0.23546115405876125,,0.22284219186033266,-0.07136375421311901,0.3404639561969015,0.15319548872180452,-0.4847149973686343,0.9999999905911495,0.9411959669692287,0.5796666705634248,homoscedastic,rbf
0,dinov2_b|2,vit_sup_b16|2,10.0,1.0,532,1024,768,768,0.4767630465640182,0.3,0.4767630465640182,,0.4499669161868739,0.4508037334716101,0.8440082460109617,0.4911654135338345,-0.08477563885328121,0.9999999995094154,0.9851261052470925,0.7581877454030201,homoscedastic,rbf
0,mae_b16|2,vit_sup_b16|2,10.0,1.0,532,1024,768,768,0.23966472129089242,0.18333333333333332,0.23966472129089242,,0.2358447150444855,-0.05535390199637024,0.3458231739901204,0.1505639097744361,-0.4538033088686755,0.9999999907763983,0.9443120107346153,0.575119819996734,homoscedastic,rbf
1,clip_b16|2,convnext_s|2,0.1,0.1,532,102,768,768,0.22371312142533728,0.26666666666666666,0.11005062432595102,0.11961726763924832,0.28767619716333664,-0.0058983666061706,0.5312150835017987,0.3171052631578947,-0.3898362647901994,0.9999999989124229,0.9752751443714899,0.6681161419474021,heteroscedastic,rbf
1,clip_b16|2,dinov2_b|2,0.1,0.1,532,102,768,768,0.34886552462645726,0.23333333333333334,0.2070094446384384,0.2602866582941868,0.33595862709520824,0.21188747731397461,0.6665947413045636,0.38289473684210523,-0.19935230964410688,0.9999999988367568,0.974192582516013,0.6890921179514441,heteroscedastic,rbf
1,clip_b16|2,mae_b16|2,0.1,0.1,532,102,768,768,0.34957052658479604,0.3,0.2024396148245222,0.4144743364502528,0.3360341787119529,0.28513093077521395,0.4307613506050173,0.15808270676691727,-0.22969298304838814,0.9999999913432017,0.9366086294079049,0.5627478358188643,heteroscedastic,rbf
1,clip_b16|2,vit_sup_b16|2,0.1,0.1,532,102,768,768,0.466512518090328,0.4,0.23538882821461957,0.3797154194659877,0.46743972659908595,0.09054964998703656,0.6468483758008671,0.36296992481203005,-0.18101546362386495,0.9999999989966234,0.9773080905607565,0.6946408054802129,heteroscedastic,rbf
1,convnext_s|2,dinov2_b|2,0.1,0.1,532,102,768,768,0.3516638657329603,0.26666666666666666,0.30879185438798373,0.28014155578995514,0.3726690677290263,0.3026315789473685,0.7051888514496096,0.3954887218045113,-0.28155321134871125,0.9999999994616248,0.9835681161312995,0.7194309253011225,heteroscedastic,rbf
1,convnext_s|2,mae_b16|2,0.1,0.1,532,102,768,768,0.08041289003580564,0.15,-0.011831991720103855,0.09659825417876947,0.12088640934345646,-0.19944257194710915,0.2818737494913485,0.1285714285714286,-0.49010380445433066,0.9999999918487148,0.9440083199123643,0.56048983341938,heteroscedastic,rbf
1,convnext_s|2,vit_sup_b16|2,0.1,0.1,532,102,768,768,0.45076869657971275,0.43333333333333335,0.37236475034420197,0.3582385285436493,0.4787508079825679,0.2803344568317345,0.7319257232155998,0.475375939849624,-0.11392937414021653,0.9999999996257622,0.9868765211196051,0.7510995494021947,heteroscedastic,rbf
1,dinov2_b|2,mae_b16|2,0.1,0.1,532,102,768,768,0.25763343787066073,0.25,0.21915863588746948,0.16802796263047787,0.27569077262920827,-0.21020222971221159,0.340251262960809,0.1449248120300752,-0.4131415668781421,0.999999991814313,0.9428808091873996,0.577967781380967,heteroscedastic,rbf
1,dinov2_b|2,vit_sup_b16|2,0.1,0.1,532,102,768,768,0.41430648418467825,0.2833333333333333,0.3002197392997277,0.36786548401898017,0.4130414382629365,0.3671247083225305,0.8312641021390909,0.5013157894736843,-0.022050383904161197,0.9999999995365985,0.9853928736316679,0.7575192104759517,heteroscedastic,rbf
1,mae_b16|2,vit_sup_b16|2,0.1,0.1,532,102,768,768,0.23126386462184612,0.2,0.11675512609714644,0.22910461662113188,0.24516687013636465,-0.21363754213119007,0.3382817285969025,0.13439849624060152,-0.3361997051914836,0.9999999919708725,0.9460289923751836,0.5799448657107453,heteroscedastic,rbf
1,clip_b16|2,convnext_s|2,0.1,0.25,532,256,768,768,0.2852699035275098,0.21666666666666667,0.12646304913034312,0.1207198210221854,0.3223745513373236,0.020028519574799068,0.5312150835017987,0.3171052631578947,-0.3898362647901994,0.9999999989124229,0.9752751443714899,0.6681161419474021,heteroscedastic,rbf
1,clip_b16|2,dinov2_b|2,0.1,0.25,532,256,768,768,0.378835385653849,0.25,0.18678775002376752,0.29306164943438284,0.34354714241000067,0.2787140264454239,0.6665947413045636,0.38289473684210523,-0.19935230964410688,0.9999999988367568,0.974192582516013,0.6890921179514441,heteroscedastic,rbf
1,clip_b16|2,mae_b16|2,0.1,0.25,532,256,768,768,0.36521001447226237,0.3333333333333333,0.14835538783617985,0.4495410076969284,0.3387587588908063,0.29874254602022304,0.4307613506050173,0.15808270676691727,-0.22969298304838814,0.9999999913432017,0.9366086294079049,0.5627478358188643,heteroscedastic,rbf
1,clip_b16|2,vit_sup_b16|2,0.1,0.25,532,256,768,768,0.520664224067289,0.3333333333333333,0.24309794492445708,0.43263909892232943,0.5002256804742243,0.17085817993259012,0.6468483758008671,0.36296992481203005,-0.18101546362386495,0.9999999989966234,0.9773080905607565,0.6946408054802129,heteroscedastic,rbf
1,convnext_s|2,dinov2_b|2,0.1,0.25,532,256,768,768,0.4505723627010074,0.3,0.39398967097692605,0.33437221342059925,0.4689512835979839,0.32058594762768994,0.7051888514496096,0.3954887218045113,-0.28155321134871125,0.9999999994616248,0.9835681161312995,0.7194309253011225,heteroscedastic,rbf
1,convnext_s|2,mae_b16|2,0.1,0.25,532,256,768,768,0.1349713749204859,0.15,0.00598581569970532,0.13252842468077475,0.16719760165589956,-0.19866476536168007,0.2818737494913485,0.1285714285714286,-0.49010380445433066,0.9999999918487148,0.9440083199123643,0.56048983341938,heteroscedastic,rbf
1,convnext_s|2,vit_sup_b16|2,0.1,0.25,532,256,768,768,0.4947747077075214,0.38333333333333336,0.40531036940535964,0.3513137783705724,0.5155089930408566,0.2755379828882551,0.7319257232155998,0.475375939849624,-0.11392937414021653,0.9999999996257622,0.9868765211196051,0.7510995494021947,heteroscedastic,rbf
1,dinov2_b|2,mae_b16|2,0.1,0.25,532,256,768,768,0.3078367995466654,0.26666666666666666,0.25149501619335046,0.17986170048472688,0.31521775954678627,-0.1906274306455795,0.340251262960809,0.1449248120300752,-0.4131415668781421,0.999999991814313,0.9428808091873996,0.577967781380967,heteroscedastic,rbf
1,dinov2_b|2,vit_sup_b16|2,0.1,0.25,532,256,768,768,0.4826293961927671,0.3333333333333333,0.34132700108422936,0.4265867846074834,0.4683715298722698,0.37056002074150896,0.8312641021390909,0.5013157894736843,-0.022050383904161197,0.9999999995365985,0.9853928736316679,0.7575192104759517,heteroscedastic,rbf
1,mae_b16|2,vit_sup_b16|2,0.1,0.25,532,256,768,768,0.2894270817418937,0.2,0.13751597005277014,0.2770344106687399,0.29228911804880153,-0.13741249675913925,0.3382817285969025,0.13439849624060152,-0.3361997051914836,0.9999999919708725,0.9460289923751836,0.5799448657107453,heteroscedastic,rbf
1,clip_b16|2,convnext_s|2,0.1,1.0,532,1024,768,768,0.3216962824896736,0.18333333333333332,0.1336578173689117,0.12031208851481756,0.32563428880145157,0.05217785843920146,0.5312150835017987,0.3171052631578947,-0.3898362647901994,0.9999999989124229,0.9752751443714899,0.6681161419474021,heteroscedastic,rbf
1,clip_b16|2,dinov2_b|2,0.1,1.0,532,1024,768,768,0.41245647904577504,0.26666666666666666,0.19041838168574388,0.34902377387713673,0.33300371941808465,0.30029815919108116,0.6665947413045636,0.38289473684210523,-0.19935230964410688,0.9999999988367568,0.974192582516013,0.6890921179514441,heteroscedastic,rbf
1,clip_b16|2,mae_b16|2,0.1,1.0,532,1024,768,768,0.4204730568696024,0.31666666666666665,0.1658245453488395,0.4559535788162296,0.3924891499483731,0.26166709878143635,0.4307613506050173,0.15808270676691727,-0.22969298304838814,0.9999999913432017,0.9366086294079049,0.5627478358188643,heteroscedastic,rbf
1,clip_b16|2,vit_sup_b16|2,0.1,1.0,532,1024,768,768,0.5497160825446736,0.3,0.24956450211984538,0.46824699318220975,0.5027700760433019,0.22588799585169822,0.6468483758008671,0.36296992481203005,-0.18101546362386495,0.9999999989966234,0.9773080905607565,0.6946408054802129,heteroscedastic,rbf
1,convnext_s|2,dinov2_b|2,0.1,1.0,532,1024,768,768,0.4933844260678501,0.35,0.3767857749400152,0.39933182137182993,0.49812687454953847,0.33283640134819814,0.7051888514496096,0.3954887218045113,-0.28155321134871125,0.9999999994616248,0.9835681161312995,0.7194309253011225,heteroscedastic,rbf
1,convnext_s|2,mae_b16|2,0.1,1.0,532,1024,768,768,0.18484873569093244,0.15,0.029339608552418163,0.10103639459458401,0.19912835320260905,-0.20968369198859219,0.2818737494913485,0.1285714285714286,-0.49010380445433066,0.9999999918487148,0.9440083199123643,0.56048983341938,heteroscedastic,rbf
1,convnext_s|2,vit_sup_b16|2,0.1,1.0,532,1024,768,768,0.5250690696363045,0.4166666666666667,0.3971871860016703,0.4117324749726246,0.5296630787643594,0.26698211044853515,0.7319257232155998,0.475375939849624,-0.11392937414021653,0.9999999996257622,0.9868765211196051,0.7510995494021947,heteroscedastic,rbf
1,dinov2_b|2,mae_b16|2,0.1,1.0,532,1024,768,768,0.3332397034436207,0.2,0.27320332525747526,0.1317855695646115,0.31930204397104095,-0.21331345605392796,0.340251262960809,0.1449248120300752,-0.4131415668781421,0.999999991814313,0.9428808091873996,0.577967781380967,heteroscedastic,rbf
1,dinov2_b|2,vit_sup_b16|2,0.1,1.0,532,1024,768,768,0.5226058405717793,0.36666666666666664,0.3387146428108659,0.47180767090066145,0.48098595159659757,0.3545501685247602,0.8312641021390909,0.5013157894736843,-0.022050383904161197,0.9999999995365985,0.9853928736316679,0.7575192104759517,heteroscedastic,rbf
1,mae_b16|2,vit_sup_b16|2,0.1,1.0,532,1024,768,768,0.34689624137844827,0.21666666666666667,0.15154032270963522,0.26932435651571907,0.33493583209312755,-0.06604874254602022,0.3382817285969025,0.13439849624060152,-0.3361997051914836,0.9999999919708725,0.9460289923751836,0.5799448657107453,heteroscedastic,rbf
1,clip_b16|2,convnext_s|2,1.0,0.1,532,102,768,768,0.18536212600590557,0.18333333333333332,0.12943771576082688,0.08696403771358133,0.21620032031487038,0.06799325900959297,0.5312150835017987,0.3171052631578947,-0.3898362647901994,0.9999999989124229,0.9752751443714899,0.6681161419474021,heteroscedastic,rbf
1,clip_b16|2,dinov2_b|2,1.0,0.1,532,102,768,768,0.33074391873310754,0.23333333333333334,0.23230273738700555,0.28792310276618577,0.2753686289300332,0.19775732434534612,0.6665947413045636,0.38289473684210523,-0.19935230964410688,0.9999999988367568,0.974192582516013,0.6890921179514441,heteroscedastic,rbf
1,clip_b16|2,mae_b16|2,1.0,0.1,532,102,768,768,0.38269034080650216,0.31666666666666665,0.18437954963417819,0.46467793739853813,0.35945750341481314,0.3181228934404978,0.4307613506050173,0.15808270676691727,-0.22969298304838814,0.9999999913432017,0.9366086294079049,0.5627478358188643,heteroscedastic,rbf
1,clip_b16|2,vit_sup_b16|2,1.0,0.1,532,102,768,768,0.42994919430331746,0.23333333333333334,0.2501830861303653,0.3855152747488744,0.40371845869904915,0.17669172932330826,0.6468483758008671,0.36296992481203005,-0.18101546362386495,0.9999999989966234,0.9773080905607565,0.6946408054802129,heteroscedastic,rbf
1,convnext_s|2,dinov2_b|2,1.0,0.1,532,102,768,768,0.42354250984030506,0.25,0.3590154126622098,0.42167779692631124,0.4472408369680057,0.356040964480166,0.7051888514496096,0.3954887218045113,-0.28155321134871125,0.9999999994616248,0.9835681161312995,0.7194309253011225,heteroscedastic,rbf
1,convnext_s|2,mae_b16|2,1.0,0.1,532,102,768,768,0.08882680229667303,0.13333333333333333,0.02868508125250143,0.06430807374596421,0.121132102001878,-0.24384236453201974,0.2818737494913485,0.1285714285714286,-0.49010380445433066,0.9999999918487148,0.9440083199123643,0.56048983341938,heteroscedastic,rbf
1,convnext_s|2,vit_sup_b16|2,1.0,0.1,532,102,768,768,0.4666627407298353,0.4666666666666667,0.399454488696824,0.455016352586965,0.48552946692937843,0.33218822919367386,0.7319257232155998,0.475375939849624,-0.11392937414021653,0.9999999996257622,0.9868765211196051,0.7510995494021947,heteroscedastic,rbf
1,dinov2_b|2,mae_b16|2,1.0,0.1,532,102,768,768,0.2978356606546129,0.2,0.28292921993537035,0.16987672235566614,0.2965784711470774,-0.1919885921700804,0.340251262960809,0.1449248120300752,-0.4131415668781421,0.999999991814313,0.9428808091873996,0.577967781380967,heteroscedastic,rbf
1,dinov2_b|2,vit_sup_b16|2,1.0,0.1,532,102,768,768,0.47581482170783806,0.26666666666666666,0.3892634878541335,0.49686199567189143,0.45533970045582806,0.41061705989110714,0.8312641021390909,0.5013157894736843,-0.022050383904161197,0.9999999995365985,0.9853928736316679,0.7575192104759517,heteroscedastic,rbf
1,mae_b16|2,vit_sup_b16|2,1.0,0.1,532,102,768,768,0.29852371812143924,0.18333333333333332,0.21899257789045604,0.23516251631279114,0.30414959759769844,-0.12211563391236711,0.3382817285969025,0.13439849624060152,-0.3361997051914836,0.9999999919708725,0.9460289923751836,0.5799448657107453,heteroscedastic,rbf
1,clip_b16|2,convnext_s|2,1.0,0.25,532,256,768,768,0.2360037666771296,0.15,0.11697689619272506,0.17663279414898267,0.23208444811942436,0.075641690432979,0.5312150835017987,0.3171052631578947,-0.3898362647901994,0.9999999989124229,0.9752751443714899,0.6681161419474021,heteroscedastic,rbf
1,clip_b16|2,dinov2_b|2,1.0,0.25,532,256,768,768,0.3506955297098047,0.26666666666666666,0.18058178167650646,0.3763630763026704,0.26544978096027305,0.27391755250194455,0.6665947413045636,0.38289473684210523,-0.19935230964410688,0.9999999988367568,0.974192582516013,0.6890921179514441,heteroscedastic,rbf
1,clip_b16|2,mae_b16|2,1.0,0.25,532,256,768,768,0.3731653699038052,0.2833333333333333,0.141175356346264,0.4733760447098243,0.33266073906270427,0.3157246564687581,0.4307613506050173,0.15808270676691727,-0.22969298304838814,0.9999999913432017,0.9366086294079049,0.5627478358188643,heteroscedastic,rbf
1,clip_b16|2,vit_sup_b16|2,1.0,0.25,532,256,768,768,0.4705605848905135,0.2833333333333333,0.2342623655249221,0.47267005308062854,0.4143749093080791,0.2341197822141561,0.6468483758008671,0.36296992481203005,-0.18101546362386495,0.9999999989966234,0.9773080905607565,0.6946408054802129,heteroscedastic,rbf
1,convnext_s|2,dinov2_b|2,1.0,0.25,532,256,768,768,0.5143042619562831,0.31666666666666665,0.42138205182626964,0.5167922957546388,0.5247820545722519,0.3301140782991963,0.7051888514496096,0.3954887218045113,-0.28155321134871125,0.9999999994616248,0.9835681161312995,0.7194309253011225,heteroscedastic,rbf
1,convnext_s|2,mae_b16|2,1.0,0.25,532,256,768,768,0.12718335328709243,0.16666666666666666,0.03036327343444061,0.11325664052431049,0.13938021590973143,-0.22543427534353125,0.2818737494913485,0.1285714285714286,-0.49010380445433066,0.9999999918487148,0.9440083199123643,0.56048983341938,heteroscedastic,rbf
1,convnext_s|2,vit_sup_b16|2,1.0,0.25,532,256,768,768,0.5112874757985439,0.38333333333333336,0.42007263779354215,0.5175714558200883,0.5167853506614365,0.2706118745138709,0.7319257232155998,0.475375939849624,-0.11392937414021653,0.9999999996257622,0.9868765211196051,0.7510995494021947,heteroscedastic,rbf
1,dinov2_b|2,mae_b16|2,1.0,0.25,532,256,768,768,0.3165006569462693,0.18333333333333332,0.2858532065278046,0.1858726830111548,0.295965813493039,-0.17234897588799586,0.340251262960809,0.1449248120300752,-0.4131415668781421,0.999999991814313,0.9428808091873996,0.577967781380967,heteroscedastic,rbf
1,dinov2_b|2,vit_sup_b16|2,1.0,0.25,532,256,768,768,0.5209697249159025,0.31666666666666665,0.3778011728654764,0.5604107374400933,0.48397691118607644,0.3706248379569614,0.8312641021390909,0.5013157894736843,-0.022050383904161197,0.9999999995365985,0.9853928736316679,0.7575192104759517,heteroscedastic,rbf
1,mae_b16|2,vit_sup_b16|2,1.0,0.25,532,256,768,768,0.32407362242672894,0.2,0.20699039469505803,0.2942558029970573,0.3087276658028199,-0.05982628986258751,0.3382817285969025,0.13439849624060152,-0.3361997051914836,0.9999999919708725,0.9460289923751836,0.5799448657107453,heteroscedastic,rbf
1,clip_b16|2,convnext_s|2,1.0,1.0,532,1024,768,768,0.2666482406895575,0.16666666666666666,0.11093734527537144,0.21225856161466541,0.22856125437269975,0.11180969665543168,0.5312150835017987,0.3171052631578947,-0.3898362647901994,0.9999999989124229,0.9752751443714899,0.6681161419474021,heteroscedastic,rbf
1,clip_b16|2,dinov2_b|2,1.0,1.0,532,1024,768,768,0.36886474684651893,0.35,0.18094732492967247,0.41235468594962155,0.2515973770397437,0.31941923774954634,0.6665947413045636,0.38289473684210523,-0.19935230964410688,0.9999999988367568,0.974192582516013,0.6890921179514441,heteroscedastic,rbf
1,clip_b16|2,mae_b16|2,1.0,1.0,532,1024,768,768,0.40286239683999125,0.2833333333333333,0.16918668063902137,0.44885847465034834,0.3646470300419612,0.2728804770547058,0.4307613506050173,0.15808270676691727,-0.22969298304838814,0.9999999913432017,0.9366086294079049,0.5627478358188643,heteroscedastic,rbf
1,clip_b16|2,vit_sup_b16|2,1.0,1.0,532,1024,768,768,0.4727228131189253,0.3,0.1955859484023298,0.49154974378480204,0.3921915155534397,0.2825382421571169,0.6468483758008671,0.36296992481203005,-0.18101546362386495,0.9999999989966234,0.9773080905607565,0.6946408054802129,heteroscedastic,rbf
1,convnext_s|2,dinov2_b|2,1.0,1.0,532,1024,768,768,0.5422706174183817,0.2833333333333333,0.4311169323265139,0.5485518653901846,0.5331236126384663,0.36874513870884107,0.7051888514496096,0.3954887218045113,-0.28155321134871125,0.9999999994616248,0.9835681161312995,0.7194309253011225,heteroscedastic,rbf
1,convnext_s|2,mae_b16|2,1.0,1.0,532,1024,768,768,0.1522774785485515,0.16666666666666666,0.04932587462153964,0.09147590510333087,0.14632879104221658,-0.21441534871661916,0.2818737494913485,0.1285714285714286,-0.49010380445433066,0.9999999918487148,0.9440083199123643,0.56048983341938,heteroscedastic,rbf
1,convnext_s|2,vit_sup_b16|2,1.0,1.0,532,1024,768,768,0.5332790368862136,0.38333333333333336,0.4122510185878925,0.5362377851299954,0.5184330204936758,0.2712600466683951,0.7319257232155998,0.475375939849624,-0.11392937414021653,0.9999999996257622,0.9868765211196051,0.7510995494021947,heteroscedastic,rbf
1,dinov2_b|2,mae_b16|2,1.0,1.0,532,1024,768,768,0.30889530248695135,0.18333333333333332,0.2853129788881698,0.14225926816483228,0.27343434264696886,-0.18362717137671766,0.340251262960809,0.1449248120300752,-0.4131415668781421,0.999999991814313,0.9428808091873996,0.577967781380967,heteroscedastic,rbf
1,dinov2_b|2,vit_sup_b16|2,1.0,1.0,532,1024,768,768,0.5328741468726301,0.36666666666666664,0.3514644464257184,0.5869926627697493,0.47386581133442146,0.3719211822660099,0.8312641021390909,0.5013157894736843,-0.022050383904161197,0.9999999995365985,0.9853928736316679,0.7575192104759517,heteroscedastic,rbf
1,mae_b16|2,vit_sup_b16|2,1.0,1.0,532,1024,768,768,0.3268526301461948,0.2,0.1860908096423625,0.25023912394481757,0.3011788000964183,-0.05697433238268085,0.3382817285969025,0.13439849624060152,-0.3361997051914836,0.9999999919708725,0.9460289923751836,0.5799448657107453,heteroscedastic,rbf
1,clip_b16|2,convnext_s|2,10.0,0.1,532,102,768,768,0.1337814827263409,0.2,0.12283816839467027,0.15418739888722538,0.1369508716617878,0.1005963183821623,0.5312150835017987,0.3171052631578947,-0.3898362647901994,0.9999999989124229,0.9752751443714899,0.6681161419474021,heteroscedastic,rbf
1,clip_b16|2,dinov2_b|2,10.0,0.1,532,102,768,768,0.2899614721152003,0.21666666666666667,0.24008266237695486,0.3719137651332294,0.21198861748935982,0.2134430904848328,0.6665947413045636,0.38289473684210523,-0.19935230964410688,0.9999999988367568,0.974192582516013,0.6890921179514441,heteroscedastic,rbf
1,clip_b16|2,mae_b16|2,10.0,0.1,532,102,768,768,0.32102805841127335,0.25,0.16949471462915244,0.43023626981726604,0.29256704006754075,0.3106040964480166,0.4307613506050173,0.15808270676691727,-0.22969298304838814,0.9999999913432017,0.9366086294079049,0.5627478358188643,heteroscedastic,rbf
1,clip_b16|2,vit_sup_b16|2,10.0,0.1,532,102,768,768,0.3364867680188,0.26666666666666666,0.22548429538842207,0.39977418321544,0.2847156680861576,0.21260046668395127,0.6468483758008671,0.36296992481203005,-0.18101546362386495,0.9999999989966234,0.9773080905607565,0.6946408054802129,heteroscedastic,rbf
1,convnext_s|2,dinov2_b|2,10.0,0.1,532,102,768,768,0.4715959766554907,0.26666666666666666,0.37334420498026627,0.5617015180216371,0.4912967985302213,0.3922089707026186,0.7051888514496096,0.3954887218045113,-0.28155321134871125,0.9999999994616248,0.9835681161312995,0.7194309253011225,heteroscedastic,rbf
1,convnext_s|2,mae_b16|2,10.0,0.1,532,102,768,768,0.05149692082478006,0.15,0.028940278607219105,0.08214441606142125,0.07075109100132275,-0.250907441016334,0.2818737494913485,0.1285714285714286,-0.49010380445433066,0.9999999918487148,0.9440083199123643,0.56048983341938,heteroscedastic,rbf
1,convnext_s|2,vit_sup_b16|2,10.0,0.1,532,102,768,768,0.5001097225270069,0.5333333333333333,0.41209502471191006,0.5929232158700662,0.5135400789334511,0.3194840549649987,0.7319257232155998,0.475375939849624,-0.11392937414021653,0.9999999996257622,0.9868765211196051,0.7510995494021947,heteroscedastic,rbf
1,dinov2_b|2,mae_b16|2,10.0,0.1,532,102,768,768,0.2621372837146769,0.2,0.2962052333069929,0.19517959639508609,0.2529049896446316,-0.15186673580502985,0.340251262960809,0.1449248120300752,-0.4131415668781421,0.999999991814313,0.9428808091873996,0.577967781380967,heteroscedastic,rbf
1,dinov2_b|2,vit_sup_b16|2,10.0,0.1,532,102,768,768,0.512306089739138,0.25,0.4016980688209757,0.6298665737259965,0.4901882584392956,0.42124708322530463,0.8312641021390909,0.5013157894736843,-0.022050383904161197,0.9999999995365985,0.9853928736316679,0.7575192104759517,heteroscedastic,rbf
1,mae_b16|2,vit_sup_b16|2,10.0,0.1,532,102,768,768,0.2524694790818863,0.2,0.21624974547658196,0.24401533856180455,0.24854195872962956,-0.06241897848068447,0.3382817285969025,0.13439849624060152,-0.3361997051914836,0.9999999919708725,0.9460289923751836,0.5799448657107453,heteroscedastic,rbf
1,clip_b16|2,convnext_s|2,10.0,0.25,532,256,768,768,0.1833002869452415,0.16666666666666666,0.10109247830957271,0.23801664386436577,0.15811724171840355,0.10623541612652322,0.5312150835017987,0.3171052631578947,-0.3898362647901994,0.9999999989124229,0.9752751443714899,0.6681161419474021,heteroscedastic,rbf
1,clip_b16|2,dinov2_b|2,10.0,0.25,532,256,768,768,0.3174898263606288,0.31666666666666665,0.189948602893327,0.45065529037117336,0.21750763311175528,0.2853253824215712,0.6665947413045636,0.38289473684210523,-0.19935230964410688,0.9999999988367568,0.974192582516013,0.6890921179514441,heteroscedastic,rbf
1,clip_b16|2,mae_b16|2,10.0,0.25,532,256,768,768,0.33016141711504754,0.2833333333333333,0.13883904253546842,0.46852737909823533,0.2858419718012585,0.33854031630801146,0.4307613506050173,0.15808270676691727,-0.22969298304838814,0.9999999913432017,0.9366086294079049,0.5627478358188643,heteroscedastic,rbf
1,clip_b16|2,vit_sup_b16|2,10.0,0.25,532,256,768,768,0.38681235225653404,0.2833333333333333,0.1995397102359839,0.49554831504541325,0.31293239809226175,0.24299974073113823,0.6468483758008671,0.36296992481203005,-0.18101546362386495,0.9999999989966234,0.9773080905607565,0.6946408054802129,heteroscedastic,rbf
1,convnext_s|2,dinov2_b|2,10.0,0.25,532,256,768,768,0.5299223608954469,0.26666666666666666,0.43722872925555517,0.5977143521004786,0.5363241380220107,0.3824215711693026,0.7051888514496096,0.3954887218045113,-0.28155321134871125,0.9999999994616248,0.9835681161312995,0.7194309253011225,heteroscedastic,rbf
1,convnext_s|2,mae_b16|2,10.0,0.25,532,256,768,768,0.10447890133028145,0.13333333333333333,0.039205682058961015,0.15935834074093935,0.10798904381634003,-0.1932849364791289,0.2818737494913485,0.1285714285714286,-0.49010380445433066,0.9999999918487148,0.9440083199123643,0.56048983341938,heteroscedastic,rbf
1,convnext_s|2,vit_sup_b16|2,10.0,0.25,532,256,768,768,0.5210505029180635,0.4666666666666667,0.4210776121650782,0.6060466172304965,0.521264107465579,0.26030593725693546,0.7319257232155998,0.475375939849624,-0.11392937414021653,0.9999999996257622,0.9868765211196051,0.7510995494021947,heteroscedastic,rbf
1,dinov2_b|2,mae_b16|2,10.0,0.25,532,256,768,768,0.2956204322789785,0.18333333333333332,0.29442747821342447,0.24243188423524595,0.26933236955053985,-0.10331864143116412,0.340251262960809,0.1449248120300752,-0.4131415668781421,0.999999991814313,0.9428808091873996,0.577967781380967,heteroscedastic,rbf
1,dinov2_b|2,vit_sup_b16|2,10.0,0.25,532,256,768,768,0.5177999938888719,0.26666666666666666,0.36617423761138157,0.6468098142890135,0.47899964862502054,0.40128338086595805,0.8312641021390909,0.5013157894736843,-0.022050383904161197,0.9999999995365985,0.9853928736316679,0.7575192104759517,heteroscedastic,rbf
1,mae_b16|2,vit_sup_b16|2,10.0,0.25,532,256,768,768,0.2839808443912344,0.2,0.19371689735369332,0.3192062397595607,0.2642547462604948,-0.05321493388644025,0.3382817285969025,0.13439849624060152,-0.3361997051914836,0.9999999919708725,0.9460289923751836,0.5799448657107453,heteroscedastic,rbf
1,clip_b16|2,convnext_s|2,10.0,1.0,532,1024,768,768,0.19278381328837024,0.15,0.09418992901380062,0.26937462490703834,0.1441073636443222,0.18220119263676435,0.5312150835017987,0.3171052631578947,-0.3898362647901994,0.9999999989124229,0.9752751443714899,0.6681161419474021,heteroscedastic,rbf
1,clip_b16|2,dinov2_b|2,10.0,1.0,532,1024,768,768,0.30707174186594965,0.3333333333333333,0.17454223075915282,0.4452670773594237,0.1829742482913942,0.29303863106040967,0.6665947413045636,0.38289473684210523,-0.19935230964410688,0.9999999988367568,0.974192582516013,0.6890921179514441,heteroscedastic,rbf
1,clip_b16|2,mae_b16|2,10.0,1.0,532,1024,768,768,0.3496958047105686,0.26666666666666666,0.17598858872448228,0.44459739067951404,0.31057598214103693,0.27644542390458904,0.4307613506050173,0.15808270676691727,-0.22969298304838814,0.9999999913432017,0.9366086294079049,0.5627478358188643,heteroscedastic,rbf
1,clip_b16|2,vit_sup_b16|2,10.0,1.0,532,1024,768,768,0.3716474212428367,0.26666666666666666,0.15984609802346056,0.5028333220229453,0.2809078815926281,0.2637412496759139,0.6468483758008671,0.36296992481203005,-0.18101546362386495,0.9999999989966234,0.9773080905607565,0.6946408054802129,heteroscedastic,rbf
1,convnext_s|2,dinov2_b|2,10.0,1.0,532,1024,768,768,0.5442707340853724,0.25,0.44624258737049866,0.6245749877331161,0.5369655772443328,0.4117837697692508,0.7051888514496096,0.3954887218045113,-0.28155321134871125,0.9999999994616248,0.9835681161312995,0.7194309253011225,heteroscedastic,rbf
1,convnext_s|2,mae_b16|2,10.0,1.0,532,1024,768,768,0.10415645599015551,0.13333333333333333,0.050412080827112606,0.13726873398218656,0.09639202055003976,-0.18142338605133526,0.2818737494913485,0.1285714285714286,-0.49010380445433066,0.9999999918487148,0.9440083199123643,0.56048983341938,heteroscedastic,rbf
1,convnext_s|2,vit_sup_b16|2,10.0,1.0,532,1024,768,768,0.4987700521390337,0.36666666666666664,0.3975588396140338,0.5731906381265082,0.4812203265029075,0.31190044075706513,0.7319257232155998,0.475375939849624,-0.11392937414021653,0.9999999996257622,0.9868765211196051,0.7510995494021947,heteroscedastic,rbf
1,dinov2_b|2,mae_b16|2,10.0,1.0,532,1024,768,768,0.26888008022244503,0.16666666666666666,0.28314811456779726,0.19791084565676909,0.2344132067823766,-0.1809696655431683,0.340251262960809,0.1449248120300752,-0.4131415668781421,0.999999991814313,0.9428808091873996,0.577967781380967,heteroscedastic,rbf
1,dinov2_b|2,vit_sup_b16|2,10.0,1.0,532,1024,768,768,0.49427392853869034,0.3,0.3203839246513636,0.6379508481255057,0.4396959437176432,0.3869587762509723,0.8312641021390909,0.5013157894736843,-0.022050383904161197,0.9999999995365985,0.9853928736316679,0.7575192104759517,heteroscedastic,rbf
1,mae_b16|2,vit_sup_b16|2,10.0,1.0,532,1024,768,768,0.26887863577398824,0.15,0.17381509801465447,0.2864887780005412,0.2449354183580835,-0.07227119522945294,0.3382817285969025,0.13439849624060152,-0.3361997051914836,0.9999999919708725,0.9460289923751836,0.5799448657107453,heteroscedastic,rbf
1,clip_b16|2,convnext_s|2,0.1,0.1,532,102,768,768,0.08742379839943999,0.13333333333333333,0.08742379839943999,,0.12506438376863455,0.10072595281306716,0.5312150835017987,0.3171052631578947,-0.3898362647901994,0.9999999989124229,0.9752751443714899,0.6681161419474021,homoscedastic,rbf
1,clip_b16|2,dinov2_b|2,0.1,0.1,532,102,768,768,0.22408084466901293,0.23333333333333334,0.22408084466901293,,0.18470533970045583,0.2464998703655691,0.6665947413045636,0.38289473684210523,-0.19935230964410688,0.9999999988367568,0.974192582516013,0.6890921179514441,homoscedastic,rbf
1,clip_b16|2,mae_b16|2,0.1,0.1,532,102,768,768,0.2841292892480256,0.21666666666666667,0.2841292892480256,,0.27703818474648834,0.30347420274824993,0.4307613506050173,0.15808270676691727,-0.22969298304838814,0.9999999913432017,0.9366086294079049,0.5627478358188643,homoscedastic,rbf
1,clip_b16|2,vit_sup_b16|2,0.1,0.1,532,102,768,768,0.30381084391901086,0.23333333333333334,0.30381084391901086,,0.2818336137537521,0.13955146486906925,0.6468483758008671,0.36296992481203005,-0.18101546362386495,0.9999999989966234,0.9773080905607565,0.6946408054802129,homoscedastic,rbf
1,convnext_s|2,dinov2_b|2,0.1,0.1,532,102,768,768,0.37912610868363517,0.23333333333333334,0.37912610868363517,,0.39722071985100743,0.3801529686284677,0.7051888514496096,0.3954887218045113,-0.28155321134871125,0.9999999994616248,0.9835681161312995,0.7194309253011225,homoscedastic,rbf
1,convnext_s|2,mae_b16|2,0.1,0.1,532,102,768,768,0.018484162456006818,0.06666666666666667,0.018484162456006818,,0.042564491699515636,-0.18252527871402646,0.2818737494913485,0.1285714285714286,-0.49010380445433066,0.9999999918487148,0.9440083199123643,0.56048983341938,homoscedastic,rbf
1,convnext_s|2,vit_sup_b16|2,0.1,0.1,532,102,768,768,0.40371684365789906,0.43333333333333335,0.40371684365789906,,0.42095209727690386,0.3107337308789214,0.7319257232155998,0.475375939849624,-0.11392937414021653,0.9999999996257622,0.9868765211196051,0.7510995494021947,homoscedastic,rbf
1,dinov2_b|2,mae_b16|2,0.1,0.1,532,102,768,768,0.19525587571076583,0.3,0.19525587571076583,,0.2106591189002563,-0.17766398755509466,0.340251262960809,0.1449248120300752,-0.4131415668781421,0.999999991814313,0.9428808091873996,0.577967781380967,homoscedastic,rbf
1,dinov2_b|2,vit_sup_b16|2,0.1,0.1,532,102,768,768,0.38601151669865746,0.25,0.38601151669865746,,0.373763591795814,0.4009592947886959,0.8312641021390909,0.5013157894736843,-0.022050383904161197,0.9999999995365985,0.9853928736316679,0.7575192104759517,homoscedastic,rbf
1,mae_b16|2,vit_sup_b16|2,0.1,0.1,532,102,768,768,0.15569337692604698,0.11666666666666667,0.15569337692604698,,0.17029979001447476,-0.17708063261602283,0.3382817285969025,0.13439849624060152,-0.3361997051914836,0.9999999919708725,0.9460289923751836,0.5799448657107453,homoscedastic,rbf
1,clip_b16|2,convnext_s|2,0.1,0.25,532,256,768,768,0.1775652710146417,0.13333333333333333,0.1775652710146417,,0.18601250259333924,0.1214674617578429,0.5312150835017987,0.3171052631578947,-0.3898362647901994,0.9999999989124229,0.9752751443714899,0.6681161419474021,homoscedastic,rbf
1,clip_b16|2,dinov2_b|2,0.1,0.25,532,256,768,768,0.2932995369431582,0.23333333333333334,0.2932995369431582,,0.22621338294955912,0.2904459424423127,0.6665947413045636,0.38289473684210523,-0.19935230964410688,0.9999999988367568,0.974192582516013,0.6890921179514441,homoscedastic,rbf
1,clip_b16|2,mae_b16|2,0.1,0.25,532,256,768,768,0.28133161481004115,0.21666666666666667,0.28133161481004115,,0.25936008080425293,0.3240212600466684,0.4307613506050173,0.15808270676691727,-0.22969298304838814,0.9999999913432017,0.9366086294079049,0.5627478358188643,homoscedastic,rbf
1,clip_b16|2,vit_sup_b16|2,0.1,0.25,532,256,768,768,0.3683536898713607,0.21666666666666667,0.3683536898713607,,0.32049145727076384,0.1755898366606171,0.6468483758008671,0.36296992481203005,-0.18101546362386495,0.9999999989966234,0.9773080905607565,0.6946408054802129,homoscedastic,rbf
1,convnext_s|2,dinov2_b|2,0.1,0.25,532,256,768,768,0.469112191978311,0.2833333333333333,0.469112191978311,,0.48278877207036613,0.3802826030593726,0.7051888514496096,0.3954887218045113,-0.28155321134871125,0.9999999994616248,0.9835681161312995,0.7194309253011225,homoscedastic,rbf
1,convnext_s|2,mae_b16|2,0.1,0.25,532,256,768,768,0.06561929338692607,0.1,0.06561929338692607,,0.08239473441208252,-0.16534871661913406,0.2818737494913485,0.1285714285714286,-0.49010380445433066,0.9999999918487148,0.9440083199123643,0.56048983341938,homoscedastic,rbf
1,convnext_s|2,vit_sup_b16|2,0.1,0.25,532,256,768,768,0.47154219872832975,0.45,0.47154219872832975,,0.4803006654538433,0.3008166969147006,0.7319257232155998,0.475375939849624,-0.11392937414021653,0.9999999996257622,0.9868765211196051,0.7510995494021947,homoscedastic,rbf
1,dinov2_b|2,mae_b16|2,0.1,0.25,532,256,768,768,0.24119372553812646,0.25,0.24119372553812646,,0.24024499710385472,-0.12166191340420016,0.340251262960809,0.1449248120300752,-0.4131415668781421,0.999999991814313,0.9428808091873996,0.577967781380967,homoscedastic,rbf
1,dinov2_b|2,vit_sup_b16|2,0.1,0.25,532,256,768,768,0.4457302936952602,0.23333333333333334,0.4457302936952602,,0.42049481512039694,0.4082836401348198,0.8312641021390909,0.5013157894736843,-0.022050383904161197,0.9999999995365985,0.9853928736316679,0.7575192104759517,homoscedastic,rbf
1,mae_b16|2,vit_sup_b16|2,0.1,0.25,532,256,768,768,0.20685796349434302,0.11666666666666667,0.20685796349434302,,0.20597356952607548,-0.09217008037334717,0.3382817285969025,0.13439849624060152,-0.3361997051914836,0.9999999919708725,0.9460289923751836,0.5799448657107453,homoscedastic,rbf
1,clip_b16|2,convnext_s|2,0.1,1.0,532,1024,768,768,0.2134333150925419,0.1,0.2134333150925419,,0.17926464891883237,0.1659968887736583,0.5312150835017987,0.3171052631578947,-0.3898362647901994,0.9999999989124229,0.9752751443714899,0.6681161419474021,homoscedastic,rbf
1,clip_b16|2,dinov2_b|2,0.1,1.0,532,1024,768,768,0.3284069122414229,0.3333333333333333,0.3284069122414229,,0.2230034885659224,0.32110448535130937,0.6665947413045636,0.38289473684210523,-0.19935230964410688,0.9999999988367568,0.974192582516013,0.6890921179514441,homoscedastic,rbf
1,clip_b16|2,mae_b16|2,0.1,1.0,532,1024,768,768,0.27598026661185165,0.2,0.27598026661185165,,0.24944460567452606,0.24799066632097486,0.4307613506050173,0.15808270676691727,-0.22969298304838814,0.9999999913432017,0.9366086294079049,0.5627478358188643,homoscedastic,rbf
1,clip_b16|2,vit_sup_b16|2,0.1,1.0,532,1024,768,768,0.3874966874907986,0.25,0.3874966874907986,,0.306969666625493,0.2433238268084003,0.6468483758008671,0.36296992481203005,-0.18101546362386495,0.9999999989966234,0.9773080905607565,0.6946408054802129,homoscedastic,rbf
1,convnext_s|2,dinov2_b|2,0.1,1.0,532,1024,768,768,0.5059155164319901,0.26666666666666666,0.5059155164319901,,0.5019252920429756,0.395320197044335,0.7051888514496096,0.3954887218045113,-0.28155321134871125,0.9999999994616248,0.9835681161312995,0.7194309253011225,homoscedastic,rbf
1,convnext_s|2,mae_b16|2,0.1,1.0,532,1024,768,768,0.06967841577337713,0.11666666666666667,0.06967841577337713,,0.06945749442057307,-0.10001296344309049,0.2818737494913485,0.1285714285714286,-0.49010380445433066,0.9999999918487148,0.9440083199123643,0.56048983341938,homoscedastic,rbf
1,convnext_s|2,vit_sup_b16|2,0.1,1.0,532,1024,768,768,0.49704749179858826,0.4,0.49704749179858826,,0.48650646625900773,0.30029815919108116,0.7319257232155998,0.475375939849624,-0.11392937414021653,0.9999999996257622,0.9868765211196051,0.7510995494021947,homoscedastic,rbf
1,dinov2_b|2,mae_b16|2,0.1,1.0,532,1024,768,768,0.2343672065755738,0.16666666666666666,0.2343672065755738,,0.2191617488160582,-0.16094114596836923,0.340251262960809,0.1449248120300752,-0.4131415668781421,0.999999991814313,0.9428808091873996,0.577967781380967,homoscedastic,rbf
1,dinov2_b|2,vit_sup_b16|2,0.1,1.0,532,1024,768,768,0.4820066722407562,0.25,0.4820066722407562,,0.4372202041812424,0.37282862328234384,0.8312641021390909,0.5013157894736843,-0.022050383904161197,0.9999999995365985,0.9853928736316679,0.7575192104759517,homoscedastic,rbf
1,mae_b16|2,vit_sup_b16|2,0.1,1.0,532,1024,768,768,0.20329417581715506,0.16666666666666666,0.20329417581715506,,0.19002925526492837,-0.07071558205859478,0.3382817285969025,0.13439849624060152,-0.3361997051914836,0.9999999919708725,0.9460289923751836,0.5799448657107453,homoscedastic,rbf
1,clip_b16|2,convnext_s|2,1.0,0.1,532,102,768,768,0.1384736068711302,0.18333333333333332,0.1384736068711302,,0.14632182050614786,0.10792066372828624,0.5312150835017987,0.3171052631578947,-0.3898362647901994,0.9999999989124229,0.9752751443714899,0.6681161419474021,homoscedastic,rbf
1,clip_b16|2,dinov2_b|2,1.0,0.1,532,102,768,768,0.2868339078719663,0.21666666666666667,0.2868339078719663,,0.21605468857743507,0.2450738916256158,0.6665947413045636,0.38289473684210523,-0.19935230964410688,0.9999999988367568,0.974192582516013,0.6890921179514441,homoscedastic,rbf
1,clip_b16|2,mae_b16|2,1.0,0.1,532,102,768,768,0.29295509154192095,0.23333333333333334,0.29295509154192095,,0.27021343031922357,0.31066891366346905,0.4307613506050173,0.15808270676691727,-0.22969298304838814,0.9999999913432017,0.9366086294079049,0.5627478358188643,homoscedastic,rbf
1,clip_b16|2,vit_sup_b16|2,1.0,0.1,532,102,768,768,0.328203189453304,0.2833333333333333,0.328203189453304,,0.2785390236092806,0.21947109152190825,0.6468483758008671,0.36296992481203005,-0.18101546362386495,0.9999999989966234,0.9773080905607565,0.6946408054802129,homoscedastic,rbf
1,convnext_s|2,dinov2_b|2,1.0,0.1,532,102,768,768,0.46875269097969713,0.2833333333333333,0.46875269097969713,,0.4884704335343646,0.4072465646875811,0.7051888514496096,0.3954887218045113,-0.28155321134871125,0.9999999994616248,0.9835681161312995,0.7194309253011225,homoscedastic,rbf
1,convnext_s|2,mae_b16|2,1.0,0.1,532,102,768,768,0.04301700838057883,0.11666666666666667,0.04301700838057883,,0.062011462859184976,-0.21888773658283642,0.2818737494913485,0.1285714285714286,-0.49010380445433066,0.9999999918487148,0.9440083199123643,0.56048983341938,homoscedastic,rbf
1,convnext_s|2,vit_sup_b16|2,1.0,0.1,532,102,768,768,0.4964446012350034,0.5333333333333333,0.4964446012350034,,0.5104359418228567,0.3406792844179414,0.7319257232155998,0.475375939849624,-0.11392937414021653,0.9999999996257622,0.9868765211196051,0.7510995494021947,homoscedastic,rbf
1,dinov2_b|2,mae_b16|2,1.0,0.1,532,102,768,768,0.24481418003938898,0.2,0.24481418003938898,,0.24349401643187707,-0.1478480684469795,0.340251262960809,0.1449248120300752,-0.4131415668781421,0.999999991814313,0.9428808091873996,0.577967781380967,homoscedastic,rbf
1,dinov2_b|2,vit_sup_b16|2,1.0,0.1,532,102,768,768,0.5001863894066372,0.25,0.5001863894066372,,0.48200499899864124,0.42520093336790254,0.8312641021390909,0.5013157894736843,-0.022050383904161197,0.9999999995365985,0.9853928736316679,0.7575192104759517,homoscedastic,rbf
1,mae_b16|2,vit_sup_b16|2,1.0,0.1,532,102,768,768,0.22404334456484598,0.18333333333333332,0.22404334456484598,,0.22385127064627813,-0.0740212600466684,0.3382817285969025,0.13439849624060152,-0.3361997051914836,0.9999999919708725,0.9460289923751836,0.5799448657107453,homoscedastic,rbf
1,clip_b16|2,convnext_s|2,1.0,0.25,532,256,768,768,0.1915635876766324,0.13333333333333333,0.1915635876766324,,0.16979004145745066,0.13540316308011408,0.5312150835017987,0.3171052631578947,-0.3898362647901994,0.9999999989124229,0.9752751443714899,0.6681161419474021,homoscedastic,rbf
1,clip_b16|2,dinov2_b|2,1.0,0.25,532,256,768,768,0.32324678679662994,0.3,0.32324678679662994,,0.2306868181616493,0.30626134301270425,0.6665947413045636,0.38289473684210523,-0.19935230964410688,0.9999999988367568,0.974192582516013,0.6890921179514441,homoscedastic,rbf
1,clip_b16|2,mae_b16|2,1.0,0.25,532,256,768,768,0.3034010650029583,0.23333333333333334,0.3034010650029583,,0.26562951585804456,0.34249416645060926,0.4307613506050173,0.15808270676691727,-0.22969298304838814,0.9999999913432017,0.9366086294079049,0.5627478358188643,homoscedastic,rbf
1,clip_b16|2,vit_sup_b16|2,1.0,0.25,532,256,768,768,0.3810375584376623,0.23333333333333334,0.3810375584376623,,0.31141469502930325,0.22912885662431945,0.6468483758008671,0.36296992481203005,-0.18101546362386495,0.9999999989966234,0.9773080905607565,0.6946408054802129,homoscedastic,rbf
1,convnext_s|2,dinov2_b|2,1.0,0.25,532,256,768,768,0.5247899577498826,0.23333333333333334,0.5247899577498826,,0.531892151266329,0.4078299196266528,0.7051888514496096,0.3954887218045113,-0.28155321134871125,0.9999999994616248,0.9835681161312995,0.7194309253011225,homoscedastic,rbf
1,convnext_s|2,mae_b16|2,1.0,0.25,532,256,768,768,0.09321587004408344,0.11666666666666667,0.09321587004408344,,0.09875593170133846,-0.16930256676173192,0.2818737494913485,0.1285714285714286,-0.49010380445433066,0.9999999918487148,0.9440083199123643,0.56048983341938,homoscedastic,rbf
1,convnext_s|2,vit_sup_b16|2,1.0,0.25,532,256,768,768,0.5220411167808799,0.43333333333333335,0.5220411167808799,,0.5228879425615837,0.2877884366087633,0.7319257232155998,0.475375939849624,-0.11392937414021653,0.9999999996257622,0.9868765211196051,0.7510995494021947,homoscedastic,rbf
1,dinov2_b|2,mae_b16|2,1.0,0.25,532,256,768,768,0.2840484556901547,0.16666666666666666,0.2840484556901547,,0.26525003387830437,-0.08076225045372053,0.340251262960809,0.1449248120300752,-0.4131415668781421,0.999999991814313,0.9428808091873996,0.577967781380967,homoscedastic,rbf
1,dinov2_b|2,vit_sup_b16|2,1.0,0.25,532,256,768,768,0.5106899185831071,0.23333333333333334,0.5106899185831071,,0.4780084833672516,0.3946072076743583,0.8312641021390909,0.5013157894736843,-0.022050383904161197,0.9999999995365985,0.9853928736316679,0.7575192104759517,homoscedastic,rbf
1,mae_b16|2,vit_sup_b16|2,1.0,0.25,532,256,768,768,0.2614032816757824,0.15,0.2614032816757824,,0.24724124170880968,-0.03467721026704693,0.3382817285969025,0.13439849624060152,-0.3361997051914836,0.9999999919708725,0.9460289923751836,0.5799448657107453,homoscedastic,rbf
1,clip_b16|2,convnext_s|2,1.0,1.0,532,1024,768,768,0.20531584809957806,0.13333333333333333,0.20531584809957806,,0.15985178091949917,0.18427534353124192,0.5312150835017987,0.3171052631578947,-0.3898362647901994,0.9999999989124229,0.9752751443714899,0.6681161419474021,homoscedastic,rbf
1,clip_b16|2,dinov2_b|2,1.0,1.0,532,1024,768,768,0.32499940277611883,0.36666666666666664,0.32499940277611883,,0.21142310464378614,0.30127041742286753,0.6665947413045636,0.38289473684210523,-0.19935230964410688,0.9999999988367568,0.974192582516013,0.6890921179514441,homoscedastic,rbf
1,clip_b16|2,mae_b16|2,1.0,1.0,532,1024,768,768,0.30657918494218034,0.23333333333333334,0.30657918494218034,,0.27500601115045925,0.2758620689655173,0.4307613506050173,0.15808270676691727,-0.22969298304838814,0.9999999913432017,0.9366086294079049,0.5627478358188643,homoscedastic,rbf
1,clip_b16|2,vit_sup_b16|2,1.0,1.0,532,1024,768,768,0.3615572265478515,0.2833333333333333,0.3615572265478515,,0.2744369006088501,0.2363235675395385,0.6468483758008671,0.36296992481203005,-0.18101546362386495,0.9999999989966234,0.9773080905607565,0.6946408054802129,homoscedastic,rbf
1,convnext_s|2,dinov2_b|2,1.0,1.0,532,1024,768,768,0.5464991291642477,0.25,0.5464991291642477,,0.54049716561514,0.4215063520871144,0.7051888514496096,0.3954887218045113,-0.28155321134871125,0.9999999994616248,0.9835681161312995,0.7194309253011225,homoscedastic,rbf
1,convnext_s|2,mae_b16|2,1.0,1.0,532,1024,768,768,0.0932193700538057,0.11666666666666667,0.0932193700538057,,0.08954875297859251,-0.117967332123412,0.2818737494913485,0.1285714285714286,-0.49010380445433066,0.9999999918487148,0.9440083199123643,0.56048983341938,homoscedastic,rbf
1,convnext_s|2,vit_sup_b16|2,1.0,1.0,532,1024,768,768,0.5069859638498996,0.38333333333333336,0.5069859638498996,,0.49280363355307266,0.3139097744360902,0.7319257232155998,0.475375939849624,-0.11392937414021653,0.9999999996257622,0.9868765211196051,0.7510995494021947,homoscedastic,rbf
1,dinov2_b|2,mae_b16|2,1.0,1.0,532,1024,768,768,0.2557255992377756,0.16666666666666666,0.2557255992377756,,0.2337159283195042,-0.14985740212600468,0.340251262960809,0.1449248120300752,-0.4131415668781421,0.999999991814313,0.9428808091873996,0.577967781380967,homoscedastic,rbf
1,dinov2_b|2,vit_sup_b16|2,1.0,1.0,532,1024,768,768,0.5016492268034077,0.3,0.5016492268034077,,0.45806150741065416,0.3865050557428053,0.8312641021390909,0.5013157894736843,-0.022050383904161197,0.9999999995365985,0.9853928736316679,0.7575192104759517,homoscedastic,rbf
1,mae_b16|2,vit_sup_b16|2,1.0,1.0,532,1024,768,768,0.24103205842238448,0.18333333333333332,0.24103205842238448,,0.22547802887031143,-0.059696655431682656,0.3382817285969025,0.13439849624060152,-0.3361997051914836,0.9999999919708725,0.9460289923751836,0.5799448657107453,homoscedastic,rbf
1,clip_b16|2,convnext_s|2,10.0,0.1,532,102,768,768,0.13991316642546228,0.18333333333333332,0.13991316642546228,,0.14211154176865134,0.10740212600466685,0.5312150835017987,0.3171052631578947,-0.3898362647901994,0.9999999989124229,0.9752751443714899,0.6681161419474021,homoscedastic,rbf
1,clip_b16|2,dinov2_b|2,10.0,0.1,532,102,768,768,0.2952195978322162,0.25,0.2952195978322162,,0.22234263677540905,0.23522167487684734,0.6665947413045636,0.38289473684210523,-0.19935230964410688,0.9999999988367568,0.974192582516013,0.6890921179514441,homoscedastic,rbf
1,clip_b16|2,mae_b16|2,10.0,0.1,532,102,768,768,0.29425942849841247,0.25,0.29425942849841247,,0.26819504789133036,0.2965387606948406,0.4307613506050173,0.15808270676691727,-0.22969298304838814,0.9999999913432017,0.9366086294079049,0.5627478358188643,homoscedastic,rbf
1,clip_b16|2,vit_sup_b16|2,10.0,0.1,532,102,768,768,0.32064289067469626,0.25,0.32064289067469626,,0.2680653809300524,0.21195229452942704,0.6468483758008671,0.36296992481203005,-0.18101546362386495,0.9999999989966234,0.9773080905607565,0.6946408054802129,homoscedastic,rbf
1,convnext_s|2,dinov2_b|2,10.0,0.1,532,102,768,768,0.4871395198319995,0.2833333333333333,0.4871395198319995,,0.5066452443854956,0.4071817474721286,0.7051888514496096,0.3954887218045113,-0.28155321134871125,0.9999999994616248,0.9835681161312995,0.7194309253011225,homoscedastic,rbf
1,convnext_s|2,mae_b16|2,10.0,0.1,532,102,768,768,0.05523065341848171,0.11666666666666667,0.05523065341848171,,0.07383094366367778,-0.22906403940886702,0.2818737494913485,0.1285714285714286,-0.49010380445433066,0.9999999918487148,0.9440083199123643,0.56048983341938,homoscedastic,rbf
1,convnext_s|2,vit_sup_b16|2,10.0,0.1,532,102,768,768,0.5156434878985775,0.5166666666666667,0.5156434878985775,,0.5295683394354256,0.33277158413274566,0.7319257232155998,0.475375939849624,-0.11392937414021653,0.9999999996257622,0.9868765211196051,0.7510995494021947,homoscedastic,rbf
1,dinov2_b|2,mae_b16|2,10.0,0.1,532,102,768,768,0.2607055575154375,0.21666666666666667,0.2607055575154375,,0.2569811792528065,-0.12671765620948924,0.340251262960809,0.1449248120300752,-0.4131415668781421,0.999999991814313,0.9428808091873996,0.577967781380967,homoscedastic,rbf
1,dinov2_b|2,vit_sup_b16|2,10.0,0.1,532,102,768,768,0.5200527223686732,0.25,0.5200527223686732,,0.5020306745560144,0.42377495462794923,0.8312641021390909,0.5013157894736843,-0.022050383904161197,0.9999999995365985,0.9853928736316679,0.7575192104759517,homoscedastic,rbf
1,mae_b16|2,vit_sup_b16|2,10.0,0.1,532,102,768,768,0.24047383464954067,0.16666666666666666,0.24047383464954067,,0.2381661284113654,-0.03953850142597874,0.3382817285969025,0.13439849624060152,-0.3361997051914836,0.9999999919708725,0.9460289923751836,0.5799448657107453,homoscedastic,rbf
1,clip_b16|2,convnext_s|2,10.0,0.25,532,256,768,768,0.17971838810663363,0.16666666666666666,0.17971838810663363,,0.1547950692376602,0.11576354679802957,0.5312150835017987,0.3171052631578947,-0.3898362647901994,0.9999999989124229,0.9752751443714899,0.6681161419474021,homoscedastic,rbf
1,clip_b16|2,dinov2_b|2,10.0,0.25,532,256,768,768,0.31991149975416594,0.26666666666666666,0.31991149975416594,,0.22766557796387193,0.28707544723878664,0.6665947413045636,0.38289473684210523,-0.19935230964410688,0.9999999988367568,0.974192582516013,0.6890921179514441,homoscedastic,rbf
1,clip_b16|2,mae_b16|2,10.0,0.25,532,256,768,768,0.3135719821443948,0.25,0.3135719821443948,,0.27409152178944607,0.3314104226082448,0.4307613506050173,0.15808270676691727,-0.22969298304838814,0.9999999913432017,0.9366086294079049,0.5627478358188643,homoscedastic,rbf
1,clip_b16|2,vit_sup_b16|2,10.0,0.25,532,256,768,768,0.3673969649915694,0.26666666666666666,0.3673969649915694,,0.2973506266586878,0.20229452942701584,0.6468483758008671,0.36296992481203005,-0.18101546362386495,0.9999999989966234,0.9773080905607565,0.6946408054802129,homoscedastic,rbf
1,convnext_s|2,dinov2_b|2,10.0,0.25,532,256,768,768,0.5366596573879372,0.23333333333333334,0.5366596573879372,,0.5442239289958711,0.403422348975888,0.7051888514496096,0.3954887218045113,-0.28155321134871125,0.9999999994616248,0.9835681161312995,0.7194309253011225,homoscedastic,rbf
1,convnext_s|2,mae_b16|2,10.0,0.25,532,256,768,768,0.10546751518754216,0.11666666666666667,0.10546751518754216,,0.11163418446826653,-0.17766398755509466,0.2818737494913485,0.1285714285714286,-0.49010380445433066,0.9999999918487148,0.9440083199123643,0.56048983341938,homoscedastic,rbf
1,convnext_s|2,vit_sup_b16|2,10.0,0.25,532,256,768,768,0.5306881408003911,0.43333333333333335,0.5306881408003911,,0.5331959413191792,0.28623282343790507,0.7319257232155998,0.475375939849624,-0.11392937414021653,0.9999999996257622,0.9868765211196051,0.7510995494021947,homoscedastic,rbf
1,dinov2_b|2,mae_b16|2,10.0,0.25,532,256,768,768,0.29435776210489467,0.16666666666666666,0.29435776210489467,,0.27390601558761773,-0.06125226860254084,0.340251262960809,0.1449248120300752,-0.4131415668781421,0.999999991814313,0.9428808091873996,0.577967781380967,homoscedastic,rbf
1,dinov2_b|2,vit_sup_b16|2,10.0,0.25,532,256,768,768,0.5170269361859339,0.26666666666666666,0.5170269361859339,,0.48579846966002976,0.3988851438942183,0.8312641021390909,0.5013157894736843,-0.022050383904161197,0.9999999995365985,0.9853928736316679,0.7575192104759517,homoscedastic,rbf
1,mae_b16|2,vit_sup_b16|2,10.0,0.25,532,256,768,768,0.26909252525701455,0.16666666666666666,0.26909252525701455,,0.25388895951032964,-0.03811252268602541,0.3382817285969025,0.13439849624060152,-0.3361997051914836,0.9999999919708725,0.9460289923751836,0.5799448657107453,homoscedastic,rbf
1,clip_b16|2,convnext_s|2,10.0,1.0,532,1024,768,768,0.18190161639337887,0.11666666666666667,0.18190161639337887,,0.14114128811908855,0.19166450609281827,0.5312150835017987,0.3171052631578947,-0.3898362647901994,0.9999999989124229,0.9752751443714899,0.6681161419474021,homoscedastic,rbf
1,clip_b16|2,dinov2_b|2,10.0,1.0,532,1024,768,768,0.3061195169986583,0.31666666666666665,0.3061195169986583,,0.19859956683739732,0.2712600466683951,0.6665947413045636,0.38289473684210523,-0.19935230964410688,0.9999999988367568,0.974192582516013,0.6890921179514441,homoscedastic,rbf
1,clip_b16|2,mae_b16|2,10.0,1.0,532,1024,768,768,0.31487181908838635,0.23333333333333334,0.31487181908838635,,0.2841472321125551,0.29491833030853,0.4307613506050173,0.15808270676691727,-0.22969298304838814,0.9999999913432017,0.9366086294079049,0.5627478358188643,homoscedastic,rbf
1,clip_b16|2,vit_sup_b16|2,10.0,1.0,532,1024,768,768,0.3368260467390186,0.25,0.3368260467390186,,0.2539196898306325,0.23347161005963185,0.6468483758008671,0.36296992481203005,-0.18101546362386495,0.9999999989966234,0.9773080905607565,0.6946408054802129,homoscedastic,rbf
1,convnext_s|2,dinov2_b|2,10.0,1.0,532,1024,768,768,0.5542215950599864,0.26666666666666666,0.5542215950599864,,0.5533295477576161,0.4332382680840032,0.7051888514496096,0.3954887218045113,-0.28155321134871125,0.9999999994616248,0.9835681161312995,0.7194309253011225,homoscedastic,rbf
1,convnext_s|2,mae_b16|2,10.0,1.0,532,1024,768,768,0.09566798796663324,0.11666666666666667,0.09566798796663324,,0.09571685292738531,-0.13955146486906925,0.2818737494913485,0.1285714285714286,-0.49010380445433066,0.9999999918487148,0.9440083199123643,0.56048983341938,homoscedastic,rbf
1,convnext_s|2,vit_sup_b16|2,10.0,1.0,532,1024,768,768,0.49863194064427946,0.4,0.49863194064427946,,0.4879974114577025,0.3250583354939072,0.7319257232155998,0.475375939849624,-0.11392937414021653,0.9999999996257622,0.9868765211196051,0.7510995494021947,homoscedastic,rbf
1,dinov2_b|2,mae_b16|2,10.0,1.0,532,1024,768,768,0.2563295453598482,0.16666666666666666,0.2563295453598482,,0.236958501775463,-0.13540316308011408,0.340251262960809,0.1449248120300752,-0.4131415668781421,0.999999991814313,0.9428808091873996,0.577967781380967,homoscedastic,rbf
1,dinov2_b|2,vit_sup_b16|2,10.0,1.0,532,1024,768,768,0.4891506920852557,0.25,0.4891506920852557,,0.4508775829958495,0.38922737879180713,0.8312641021390909,0.5013157894736843,-0.022050383904161197,0.9999999995365985,0.9853928736316679,0.7575192104759517,homoscedastic,rbf
1,mae_b16|2,vit_sup_b16|2,10.0,1.0,532,1024,768,768,0.24792596646101794,0.16666666666666666,0.24792596646101794,,0.2357747848277963,-0.06844697951775994,0.3382817285969025,0.13439849624060152,-0.3361997051914836,0.9999999919708725,0.9460289923751836,0.5799448657107453,homoscedastic,rbf
2,clip_b16|2,convnext_s|2,0.1,0.1,532,102,768,768,0.3184038288995247,0.2833333333333333,0.13680357405692448,0.09086598195532312,0.36981084813285575,-0.08847549909255899,0.5303445341024985,0.3137218045112782,-0.43450234558816725,0.9999999988762241,0.9745409055363858,0.6623966775371634,heteroscedastic,rbf
2,clip_b16|2,dinov2_b|2,0.1,0.1,532,102,768,768,0.3726490906919186,0.25,0.20572051828066715,0.2514986264162071,0.3516418835377824,0.17481203007518797,0.6643547714760377,0.3669172932330827,-0.2568273895414519,0.9999999988481688,0.973885031841054,0.6851429163854023,heteroscedastic,rbf
2,clip_b16|2,mae_b16|2,0.1,0.1,532,102,768,768,0.34574607151686526,0.35,0.08423507558244753,0.391475988883983,0.3098547190379281,0.14869069224786105,0.43507480665273585,0.1734962406015038,-0.3410572602524584,0.9999999900558739,0.934805436637044,0.5611245682831735,heteroscedastic,rbf
2,clip_b16|2,vit_sup_b16|2,0.1,0.1,532,102,768,768,0.5541068725190902,0.38333333333333336,0.29766489028939924,0.4299625863534164,0.5425304634911803,0.08756805807622506,0.6445014592688927,0.35695488721804514,-0.21535678746592268,0.9999999990025141,0.9770260924763587,0.6910597863619172,heteroscedastic,rbf
2,convnext_s|2,dinov2_b|2,0.1,0.1,532,102,768,768,0.3792167756021544,0.26666666666666666,0.315166396762516,0.25507885295350535,0.3945596989687804,0.31105781695618356,0.7019039977389527,0.3883458646616541,-0.32055630003205104,0.9999999994468268,0.9831948649801665,0.7121676845316821,heteroscedastic,rbf
2,convnext_s|2,mae_b16|2,0.1,0.1,532,102,768,768,0.13004941680393556,0.18333333333333332,-0.04814369983327705,0.0898723434202446,0.1661956433100243,-0.20002592688618098,0.27825816825179567,0.12650375939849626,-0.6312826996812119,0.999999990493267,0.9415146717384691,0.5538682712162741,heteroscedastic,rbf
2,convnext_s|2,vit_sup_b16|2,0.1,0.1,532,102,768,768,0.4945882071894644,0.3333333333333333,0.3921001322533333,0.31340135763754196,0.5203122920081981,0.2554446460980037,0.7248385790014179,0.4618421052631579,-0.15490114361112028,0.9999999995932152,0.986468140157369,0.7440978415698473,heteroscedastic,rbf
2,dinov2_b|2,mae_b16|2,0.1,0.1,532,102,768,768,0.27419359498220824,0.23333333333333334,0.17532040297459475,0.18312411908135073,0.28484908264747255,-0.2558335493907182,0.32396293873875176,0.15451127819548874,-0.515943040934024,0.9999999904711009,0.9412514851782426,0.5758084984387781,heteroscedastic,rbf
2,dinov2_b|2,vit_sup_b16|2,0.1,0.1,532,102,768,768,0.4392965536015377,0.31666666666666665,0.28343925521191177,0.3631782357972944,0.42957427563388406,0.28201970443349755,0.8426395030673309,0.4939849624060151,-0.03448041327476514,0.9999999995524692,0.9854995062765697,0.7567091765945076,heteroscedastic,rbf
2,mae_b16|2,vit_sup_b16|2,0.1,0.1,532,102,768,768,0.2746404295567488,0.25,0.061442716910113555,0.2427848800498439,0.26774031410284854,-0.0874384236453202,0.32347257279022973,0.14304511278195486,-0.44506961410262336,0.9999999906319205,0.9443566218849596,0.5754540970115348,heteroscedastic,rbf
2,clip_b16|2,convnext_s|2,0.1,0.25,532,256,768,768,0.3270886863574621,0.2,0.1430738808922059,0.04040489513594667,0.36533928672078403,-0.024371273010111483,0.5303445341024985,0.3137218045112782,-0.43450234558816725,0.9999999988762241,0.9745409055363858,0.6623966775371634,heteroscedastic,rbf
2,clip_b16|2,dinov2_b|2,0.1,0.25,532,256,768,768,0.3793074425206736,0.23333333333333334,0.18128842674604861,0.23208441515100484,0.33762660891964785,0.24358309567021,0.6643547714760377,0.3669172932330827,-0.2568273895414519,0.9999999988481688,0.973885031841054,0.6851429163854023,heteroscedastic,rbf
2,clip_b16|2,mae_b16|2,0.1,0.25,532,256,768,768,0.36878424662290726,0.3333333333333333,0.1193024270167016,0.3900779690676246,0.3479297357971955,0.2070261861550428,0.43507480665273585,0.1734962406015038,-0.3410572602524584,0.9999999900558739,0.934805436637044,0.5611245682831735,heteroscedastic,rbf
2,clip_b16|2,vit_sup_b16|2,0.1,0.25,532,256,768,768,0.5654288484134676,0.31666666666666665,0.29204947018692845,0.41227760774959865,0.5477312329184391,0.13793103448275865,0.6445014592688927,0.35695488721804514,-0.21535678746592268,0.9999999990025141,0.9770260924763587,0.6910597863619172,heteroscedastic,rbf
2,convnext_s|2,dinov2_b|2,0.1,0.25,532,256,768,768,0.4220303389731637,0.26666666666666666,0.35521944186900795,0.2356992710245452,0.4366393261755172,0.300427793621986,0.7019039977389527,0.3883458646616541,-0.32055630003205104,0.9999999994468268,0.9831948649801665,0.7121676845316821,heteroscedastic,rbf
2,convnext_s|2,mae_b16|2,0.1,0.25,532,256,768,768,0.16972997147214297,0.18333333333333332,0.0062999600490338354,0.10614142900190154,0.20013226030050354,-0.17798807363235677,0.27825816825179567,0.12650375939849626,-0.6312826996812119,0.999999990493267,0.9415146717384691,0.5538682712162741,heteroscedastic,rbf
2,convnext_s|2,vit_sup_b16|2,0.1,0.25,532,256,768,768,0.5188897191381087,0.35,0.4162892471516291,0.30852141391579874,0.5396041125263382,0.2599818511796733,0.7248385790014179,0.4618421052631579,-0.15490114361112028,0.9999999995932152,0.986468140157369,0.7440978415698473,heteroscedastic,rbf
2,dinov2_b|2,mae_b16|2,0.1,0.25,532,256,768,768,0.29307853632926756,0.26666666666666666,0.21750847947125984,0.12532328859167235,0.3035645972319327,-0.26782473424941666,0.32396293873875176,0.15451127819548874,-0.515943040934024,0.9999999904711009,0.9412514851782426,0.5758084984387781,heteroscedastic,rbf
2,dinov2_b|2,vit_sup_b16|2,0.1,0.25,532,256,768,768,0.4769530470917974,0.31666666666666665,0.32823034472669715,0.3399547975454502,0.4607572310692233,0.3278454757583615,0.8426395030673309,0.4939849624060151,-0.03448041327476514,0.9999999995524692,0.9854995062765697,0.7567091765945076,heteroscedastic,rbf
2,mae_b16|2,vit_sup_b16|2,0.1,0.25,532,256,768,768,0.31345975961044337,0.21666666666666667,0.1092242881027173,0.2579882757355313,0.3135174734100283,-0.08996629504796474,0.32347257279022973,0.14304511278195486,-0.44506961410262336,0.9999999906319205,0.9443566218849596,0.5754540970115348,heteroscedastic,rbf
2,clip_b16|2,convnext_s|2,0.1,1.0,532,1024,768,768,0.31921299781388285,0.2,0.11198509216128975,0.10393185393457681,0.3212402277581437,0.06630801140782992,0.5303445341024985,0.3137218045112782,-0.43450234558816725,0.9999999988762241,0.9745409055363858,0.6623966775371634,heteroscedastic,rbf
2,clip_b16|2,dinov2_b|2,0.1,1.0,532,1024,768,768,0.39740921502559723,0.2833333333333333,0.18000237585142911,0.31578352084839634,0.3187983665260767,0.28143634949442575,0.6643547714760377,0.3669172932330827,-0.2568273895414519,0.9999999988481688,0.973885031841054,0.6851429163854023,heteroscedastic,rbf
2,clip_b16|2,mae_b16|2,0.1,1.0,532,1024,768,768,0.42265011847255124,0.3,0.14547129829497615,0.43727105191356397,0.3944233612794367,0.20644283121597098,0.43507480665273585,0.1734962406015038,-0.3410572602524584,0.9999999900558739,0.934805436637044,0.5611245682831735,heteroscedastic,rbf
2,clip_b16|2,vit_sup_b16|2,0.1,1.0,532,1024,768,768,0.5458921274781319,0.3,0.23127511874314946,0.46225779362535346,0.49785479878685684,0.23885143894218308,0.6445014592688927,0.35695488721804514,-0.21535678746592268,0.9999999990025141,0.9770260924763587,0.6910597863619172,heteroscedastic,rbf
2,convnext_s|2,dinov2_b|2,0.1,1.0,532,1024,768,768,0.4846161794893874,0.35,0.3522907826489522,0.39548964066199,0.48756568793344746,0.3278454757583615,0.7019039977389527,0.3883458646616541,-0.32055630003205104,0.9999999994468268,0.9831948649801665,0.7121676845316821,heteroscedastic,rbf
2,convnext_s|2,mae_b16|2,0.1,1.0,532,1024,768,768,0.18210950585973848,0.16666666666666666,0.009260968229546786,0.0890903906663885,0.19642371025595207,-0.18894218304381646,0.27825816825179567,0.12650375939849626,-0.6312826996812119,0.999999990493267,0.9415146717384691,0.5538682712162741,heteroscedastic,rbf
2,convnext_s|2,vit_sup_b16|2,0.1,1.0,532,1024,768,768,0.5305634737874271,0.4166666666666667,0.40377954470994754,0.41267919634247174,0.5353674506845817,0.2780658542908997,0.7248385790014179,0.4618421052631579,-0.15490114361112028,0.9999999995932152,0.986468140157369,0.7440978415698473,heteroscedastic,rbf
2,dinov2_b|2,mae_b16|2,0.1,1.0,532,1024,768,768,0.31900599723888123,0.21666666666666667,0.24759265326353389,0.10836999435039132,0.3052791242488311,-0.25077780658542914,0.32396293873875176,0.15451127819548874,-0.515943040934024,0.9999999904711009,0.9412514851782426,0.5758084984387781,heteroscedastic,rbf
2,dinov2_b|2,vit_sup_b16|2,0.1,1.0,532,1024,768,768,0.5113573093258592,0.35,0.32898371607245525,0.45882334542288145,0.4694880148752738,0.36206896551724144,0.8426395030673309,0.4939849624060151,-0.03448041327476514,0.9999999995524692,0.9854995062765697,0.7567091765945076,heteroscedastic,rbf
2,mae_b16|2,vit_sup_b16|2,0.1,1.0,532,1024,768,768,0.35497859716276986,0.2,0.15281810664769344,0.259530956811353,0.3432410384389837,-0.061770806326160235,0.32347257279022973,0.14304511278195486,-0.44506961410262336,0.9999999906319205,0.9443566218849596,0.5754540970115348,heteroscedastic,rbf
2,clip_b16|2,convnext_s|2,1.0,0.1,532,102,768,768,0.2702470840196778,0.18333333333333332,0.16543599839045953,0.11593985554539947,0.2785173624810672,-0.0022037853253824217,0.5303445341024985,0.3137218045112782,-0.43450234558816725,0.9999999988762241,0.9745409055363858,0.6623966775371634,heteroscedastic,rbf
2,clip_b16|2,dinov2_b|2,1.0,0.1,532,102,768,768,0.38512256978491605,0.2833333333333333,0.2628940709926692,0.3820981412145234,0.30538698017789406,0.20981332641949704,0.6643547714760377,0.3669172932330827,-0.2568273895414519,0.9999999988481688,0.973885031841054,0.6851429163854023,heteroscedastic,rbf
2,clip_b16|2,mae_b16|2,1.0,0.1,532,102,768,768,0.37605071125197564,0.2833333333333333,0.1180152978234002,0.40726417352201844,0.3347419312672165,0.15173710137412497,0.43507480665273585,0.1734962406015038,-0.3410572602524584,0.9999999900558739,0.934805436637044,0.5611245682831735,heteroscedastic,rbf
2,clip_b16|2,vit_sup_b16|2,1.0,0.1,532,102,768,768,0.5248611801699449,0.3,0.32181590530093435,0.4982968789752174,0.4733940634417719,0.15737619911848588,0.6445014592688927,0.35695488721804514,-0.21535678746592268,0.9999999990025141,0.9770260924763587,0.6910597863619172,heteroscedastic,rbf
2,convnext_s|2,dinov2_b|2,1.0,0.1,532,102,768,768,0.4391806088350245,0.25,0.36845088556177835,0.3935107416570528,0.44408940514494527,0.37496759139227376,0.7019039977389527,0.3883458646616541,-0.32055630003205104,0.9999999994468268,0.9831948649801665,0.7121676845316821,heteroscedastic,rbf
2,convnext_s|2,mae_b16|2,1.0,0.1,532,102,768,768,0.1352572090478029,0.16666666666666666,-0.004196918186423824,0.09562472300021867,0.14917741678229263,-0.23820326678765885,0.27825816825179567,0.12650375939849626,-0.6312826996812119,0.999999990493267,0.9415146717384691,0.5538682712162741,heteroscedastic,rbf
2,convnext_s|2,vit_sup_b16|2,1.0,0.1,532,102,768,768,0.5106307517520882,0.4666666666666667,0.4505708782796679,0.4267247434147709,0.5188430079377166,0.2874643505315012,0.7248385790014179,0.4618421052631579,-0.15490114361112028,0.9999999995932152,0.986468140157369,0.7440978415698473,heteroscedastic,rbf
2,dinov2_b|2,mae_b16|2,1.0,0.1,532,102,768,768,0.30002738896496933,0.2,0.25472380187987,0.18173950416934412,0.2823518318868597,-0.26341716359865186,0.32396293873875176,0.15451127819548874,-0.515943040934024,0.9999999904711009,0.9412514851782426,0.5758084984387781,heteroscedastic,rbf
2,dinov2_b|2,vit_sup_b16|2,1.0,0.1,532,102,768,768,0.491033586204406,0.36666666666666664,0.3617819676470858,0.5018826908893288,0.4489776996811242,0.34456831734508686,0.8426395030673309,0.4939849624060151,-0.03448041327476514,0.9999999995524692,0.9854995062765697,0.7567091765945076,heteroscedastic,rbf
2,mae_b16|2,vit_sup_b16|2,1.0,0.1,532,102,768,768,0.31798688329689806,0.16666666666666666,0.1421627185059956,0.2759569914814625,0.29652195733852044,-0.036168006222452684,0.32347257279022973,0.14304511278195486,-0.44506961410262336,0.9999999906319205,0.9443566218849596,0.5754540970115348,heteroscedastic,rbf
2,clip_b16|2,convnext_s|2,1.0,0.25,532,256,768,768,0.27380059389053857,0.15,0.15161652248315655,0.1552743132150853,0.2429319513783373,0.05204822400829661,0.5303445341024985,0.3137218045112782,-0.43450234558816725,0.9999999988762241,0.9745409055363858,0.6623966775371634,heteroscedastic,rbf
2,clip_b16|2,dinov2_b|2,1.0,0.25,532,256,768,768,0.3602017783382731,0.3333333333333333,0.21947565569994973,0.36583743369808636,0.2530688347182465,0.2320456313196785,0.6643547714760377,0.3669172932330827,-0.2568273895414519,0.9999999988481688,0.973885031841054,0.6851429163854023,heteroscedastic,rbf
2,clip_b16|2,mae_b16|2,1.0,0.25,532,256,768,768,0.36292917480326325,0.26666666666666666,0.12352540408793813,0.3615864034055159,0.3356547716842134,0.20067409904070524,0.43507480665273585,0.1734962406015038,-0.3410572602524584,0.9999999900558739,0.934805436637044,0.5611245682831735,heteroscedastic,rbf
2,clip_b16|2,vit_sup_b16|2,1.0,0.25,532,256,768,768,0.5101411392809424,0.31666666666666665,0.30587577531921684,0.4899880724278152,0.4419876760922306,0.2144801659320716,0.6445014592688927,0.35695488721804514,-0.21535678746592268,0.9999999990025141,0.9770260924763587,0.6910597863619172,heteroscedastic,rbf
2,convnext_s|2,dinov2_b|2,1.0,0.25,532,256,768,768,0.48960641557337653,0.2833333333333333,0.39345986689121637,0.4757911616438769,0.4772331049196095,0.3411330049261084,0.7019039977389527,0.3883458646616541,-0.32055630003205104,0.9999999994468268,0.9831948649801665,0.7121676845316821,heteroscedastic,rbf
2,convnext_s|2,mae_b16|2,1.0,0.25,532,256,768,768,0.14916852546812628,0.2,0.03829847343458438,0.0657429570492901,0.1490180688287221,-0.17921960072595283,0.27825816825179567,0.12650375939849626,-0.6312826996812119,0.999999990493267,0.9415146717384691,0.5538682712162741,heteroscedastic,rbf
2,convnext_s|2,vit_sup_b16|2,1.0,0.25,532,256,768,768,0.526125461459615,0.4,0.44470277685273735,0.48300132457211115,0.5149903251957447,0.2840290381125228,0.7248385790014179,0.4618421052631579,-0.15490114361112028,0.9999999995932152,0.986468140157369,0.7440978415698473,heteroscedastic,rbf
2,dinov2_b|2,mae_b16|2,1.0,0.25,532,256,768,768,0.2724517568104356,0.23333333333333334,0.2654032720254637,0.08481478471583975,0.25373440848480633,-0.2527223230490019,0.32396293873875176,0.15451127819548874,-0.515943040934024,0.9999999904711009,0.9412514851782426,0.5758084984387781,heteroscedastic,rbf
2,dinov2_b|2,vit_sup_b16|2,1.0,0.25,532,256,768,768,0.5048906246961796,0.36666666666666664,0.36798038790357357,0.5338450097031958,0.44872848427866796,0.35779102929738144,0.8426395030673309,0.4939849624060151,-0.03448041327476514,0.9999999995524692,0.9854995062765697,0.7567091765945076,heteroscedastic,rbf
2,mae_b16|2,vit_sup_b16|2,1.0,0.25,532,256,768,768,0.3276490768029911,0.21666666666666667,0.18433929315005373,0.22636052099277834,0.31227566866178896,-0.010630023334197563,0.32347257279022973,0.14304511278195486,-0.44506961410262336,0.9999999906319205,0.9443566218849596,0.5754540970115348,heteroscedastic,rbf
2,clip_b16|2,convnext_s|2,1.0,1.0,532,1024,768,768,0.2701704171400476,0.16666666666666666,0.1139565815847073,0.21240433994949143,0.2346244215204583,0.11731915996888774,0.5303445341024985,0.3137218045112782,-0.43450234558816725,0.9999999988762241,0.9745409055363858,0.6623966775371634,heteroscedastic,rbf
2,clip_b16|2,dinov2_b|2,1.0,1.0,532,1024,768,768,0.35551170975474927,0.31666666666666665,0.18643874068372404,0.3821573462087439,0.24392469062812175,0.30768732175265756,0.6643547714760377,0.3669172932330827,-0.2568273895414519,0.9999999988481688,0.973885031841054,0.6851429163854023,heteroscedastic,rbf
2,clip_b16|2,mae_b16|2,1.0,1.0,532,1024,768,768,0.40893896927491463,0.2833333333333333,0.15596566050017605,0.43297422153112486,0.3708011889186165,0.21947109152190825,0.43507480665273585,0.1734962406015038,-0.3410572602524584,0.9999999900558739,0.934805436637044,0.5611245682831735,heteroscedastic,rbf
2,clip_b16|2,vit_sup_b16|2,1.0,1.0,532,1024,768,768,0.47191181086614126,0.3333333333333333,0.19555935036817612,0.49857726489124293,0.39471252609828666,0.28448275862068967,0.6445014592688927,0.35695488721804514,-0.21535678746592268,0.9999999990025141,0.9770260924763587,0.6910597863619172,heteroscedastic,rbf
2,convnext_s|2,dinov2_b|2,1.0,1.0,532,1024,768,768,0.5317741993727759,0.2833333333333333,0.4108172407738519,0.5503632030907241,0.5247102505555442,0.3276510241120042,0.7019039977389527,0.3883458646616541,-0.32055630003205104,0.9999999994468268,0.9831948649801665,0.7121676845316821,heteroscedastic,rbf
2,convnext_s|2,mae_b16|2,1.0,1.0,532,1024,768,768,0.13751132642035116,0.2,0.02274689041124694,0.07340497696171698,0.1310130242592644,-0.20961887477313979,0.27825816825179567,0.12650375939849626,-0.6312826996812119,0.999999990493267,0.9415146717384691,0.5538682712162741,heteroscedastic,rbf
2,convnext_s|2,vit_sup_b16|2,1.0,1.0,532,1024,768,768,0.5421757838216217,0.38333333333333336,0.44227588595266165,0.5405597497080943,0.5321768939171355,0.28960331864143113,0.7248385790014179,0.4618421052631579,-0.15490114361112028,0.9999999995932152,0.986468140157369,0.7440978415698473,heteroscedastic,rbf
2,dinov2_b|2,mae_b16|2,1.0,1.0,532,1024,768,768,0.28643735121486447,0.18333333333333332,0.26380343621440966,0.11340967984899375,0.24936193361771122,-0.18946072076743586,0.32396293873875176,0.15451127819548874,-0.515943040934024,0.9999999904711009,0.9412514851782426,0.5758084984387781,heteroscedastic,rbf
2,dinov2_b|2,vit_sup_b16|2,1.0,1.0,532,1024,768,768,0.5248006800018888,0.36666666666666664,0.35846260487128623,0.5825908273032208,0.4697184922775454,0.36874513870884107,0.8426395030673309,0.4939849624060151,-0.03448041327476514,0.9999999995524692,0.9854995062765697,0.7567091765945076,heteroscedastic,rbf
2,mae_b16|2,vit_sup_b16|2,1.0,1.0,532,1024,768,768,0.33185936627601736,0.18333333333333332,0.18693080431556702,0.24143433593639818,0.3064738591406064,-0.05412237490277418,0.32347257279022973,0.14304511278195486,-0.44506961410262336,0.9999999906319205,0.9443566218849596,0.5754540970115348,heteroscedastic,rbf
2,clip_b16|2,convnext_s|2,10.0,0.1,532,102,768,768,0.2441579004386123,0.11666666666666667,0.1676263824463039,0.27144568262939434,0.22397006956744905,0.038631060409644806,0.5303445341024985,0.3137218045112782,-0.43450234558816725,0.9999999988762241,0.9745409055363858,0.6623966775371634,heteroscedastic,rbf
2,clip_b16|2,dinov2_b|2,10.0,0.1,532,102,768,768,0.37846760685446346,0.31666666666666665,0.2834191269698495,0.500197582704769,0.2745427328338932,0.2363235675395385,0.6643547714760377,0.3669172932330827,-0.2568273895414519,0.9999999988481688,0.973885031841054,0.6851429163854023,heteroscedastic,rbf
2,clip_b16|2,mae_b16|2,10.0,0.1,532,102,768,768,0.2955157097658604,0.18333333333333332,0.10850110912005258,0.36023865198047683,0.2516490939202535,0.14415348716619136,0.43507480665273585,0.1734962406015038,-0.3410572602524584,0.9999999900558739,0.934805436637044,0.5611245682831735,heteroscedastic,rbf
2,clip_b16|2,vit_sup_b16|2,10.0,0.1,532,102,768,768,0.46548629301748057,0.26666666666666666,0.31150952649928,0.5552559931791378,0.3920096070476467,0.1965906144672025,0.6445014592688927,0.35695488721804514,-0.21535678746592268,0.9999999990025141,0.9770260924763587,0.6910597863619172,heteroscedastic,rbf
2,convnext_s|2,dinov2_b|2,10.0,0.1,532,102,768,768,0.47679560221000605,0.26666666666666666,0.3819069748132791,0.5469628256868128,0.47403145525605406,0.43680321493388646,0.7019039977389527,0.3883458646616541,-0.32055630003205104,0.9999999994468268,0.9831948649801665,0.7121676845316821,heteroscedastic,rbf
2,convnext_s|2,mae_b16|2,10.0,0.1,532,102,768,768,0.08280078555773766,0.15,-0.004870135996826927,0.13114604391949347,0.08032860755971875,-0.22530464091262642,0.27825816825179567,0.12650375939849626,-0.6312826996812119,0.999999990493267,0.9415146717384691,0.5538682712162741,heteroscedastic,rbf
2,convnext_s|2,vit_sup_b16|2,10.0,0.1,532,102,768,768,0.5356940991502753,0.4666666666666667,0.4582764006605658,0.5861202269115183,0.5306650371102346,0.3057428052890848,0.7248385790014179,0.4618421052631579,-0.15490114361112028,0.9999999995932152,0.986468140157369,0.7440978415698473,heteroscedastic,rbf
2,dinov2_b|2,mae_b16|2,10.0,0.1,532,102,768,768,0.2476519656999047,0.18333333333333332,0.26138625000247107,0.20940331698772807,0.21973213354167992,-0.2433238268084003,0.32396293873875176,0.15451127819548874,-0.515943040934024,0.9999999904711009,0.9412514851782426,0.5758084984387781,heteroscedastic,rbf
2,dinov2_b|2,vit_sup_b16|2,10.0,0.1,532,102,768,768,0.5011491143030953,0.3333333333333333,0.363448298543524,0.6268325970410348,0.44941699335745394,0.37354161265232044,0.8426395030673309,0.4939849624060151,-0.03448041327476514,0.9999999995524692,0.9854995062765697,0.7567091765945076,heteroscedastic,rbf
2,mae_b16|2,vit_sup_b16|2,10.0,0.1,532,102,768,768,0.2484071344642624,0.16666666666666666,0.13573965269077756,0.27511974349715523,0.22126804994081792,-0.024630541871921183,0.32347257279022973,0.14304511278195486,-0.44506961410262336,0.9999999906319205,0.9443566218849596,0.5754540970115348,heteroscedastic,rbf
2,clip_b16|2,convnext_s|2,10.0,0.25,532,256,768,768,0.23838188439412328,0.16666666666666666,0.14363819053573654,0.3004159150843992,0.17748821154932384,0.07583614207933628,0.5303445341024985,0.3137218045112782,-0.43450234558816725,0.9999999988762241,0.9745409055363858,0.6623966775371634,heteroscedastic,rbf
2,clip_b16|2,dinov2_b|2,10.0,0.25,532,256,768,768,0.33465854071816864,0.35,0.22693568541426706,0.4551442577159886,0.20893604735527369,0.24170339642208974,0.6643547714760377,0.3669172932330827,-0.2568273895414519,0.9999999988481688,0.973885031841054,0.6851429163854023,heteroscedastic,rbf
2,clip_b16|2,mae_b16|2,10.0,0.25,532,256,768,768,0.28333578704385287,0.16666666666666666,0.12419143324046186,0.32943362324231684,0.24871907030737514,0.19963702359346644,0.43507480665273585,0.1734962406015038,-0.3410572602524584,0.9999999900558739,0.934805436637044,0.5611245682831735,heteroscedastic,rbf
2,clip_b16|2,vit_sup_b16|2,10.0,0.25,532,256,768,768,0.43452181811616136,0.3,0.2849578591889289,0.53354339935528,0.34448711545126504,0.25505574280528914,0.6445014592688927,0.35695488721804514,-0.21535678746592268,0.9999999990025141,0.9770260924763587,0.6910597863619172,heteroscedastic,rbf
2,convnext_s|2,dinov2_b|2,10.0,0.25,532,256,768,768,0.5277709104747513,0.3,0.4063160626426836,0.6211193150987536,0.5086614532053673,0.37425460202229716,0.7019039977389527,0.3883458646616541,-0.32055630003205104,0.9999999994468268,0.9831948649801665,0.7121676845316821,heteroscedastic,rbf
2,convnext_s|2,mae_b16|2,10.0,0.25,532,256,768,768,0.09440587334964819,0.18333333333333332,0.041643355945855755,0.11291816668942706,0.07828106880353822,-0.13695877625097228,0.27825816825179567,0.12650375939849626,-0.6312826996812119,0.999999990493267,0.9415146717384691,0.5538682712162741,heteroscedastic,rbf
2,convnext_s|2,vit_sup_b16|2,10.0,0.25,532,256,768,768,0.5353927649799027,0.38333333333333336,0.4410541735460625,0.6040827987429551,0.5117642411799483,0.29459424423126784,0.7248385790014179,0.4618421052631579,-0.15490114361112028,0.9999999995932152,0.986468140157369,0.7440978415698473,heteroscedastic,rbf
2,dinov2_b|2,mae_b16|2,10.0,0.25,532,256,768,768,0.2230370639918444,0.21666666666666667,0.27444983853375826,0.13624325879927243,0.1960544217483124,-0.22601763028260308,0.32396293873875176,0.15451127819548874,-0.515943040934024,0.9999999904711009,0.9412514851782426,0.5758084984387781,heteroscedastic,rbf
2,dinov2_b|2,vit_sup_b16|2,10.0,0.25,532,256,768,768,0.5097897494159706,0.3333333333333333,0.35708166369265903,0.6483044611242414,0.45132444682425377,0.35409644801659323,0.8426395030673309,0.4939849624060151,-0.03448041327476514,0.9999999995524692,0.9854995062765697,0.7567091765945076,heteroscedastic,rbf
2,mae_b16|2,vit_sup_b16|2,10.0,0.25,532,256,768,768,0.25989061080725223,0.21666666666666667,0.18465595352964004,0.25173377078004533,0.23623903752037195,0.036751361161524505,0.32347257279022973,0.14304511278195486,-0.44506961410262336,0.9999999906319205,0.9443566218849596,0.5754540970115348,heteroscedastic,rbf
2,clip_b16|2,convnext_s|2,10.0,1.0,532,1024,768,768,0.19648587912744203,0.13333333333333333,0.10138613498394505,0.2670997009309985,0.14810230528369633,0.14687581021519316,0.5303445341024985,0.3137218045112782,-0.43450234558816725,0.9999999988762241,0.9745409055363858,0.6623966775371634,heteroscedastic,rbf
2,clip_b16|2,dinov2_b|2,10.0,1.0,532,1024,768,768,0.2878531329253692,0.31666666666666665,0.17917675849398337,0.40579130965636245,0.17238495467502613,0.30522426756546545,0.6643547714760377,0.3669172932330827,-0.2568273895414519,0.9999999988481688,0.973885031841054,0.6851429163854023,heteroscedastic,rbf
2,clip_b16|2,mae_b16|2,10.0,1.0,532,1024,768,768,0.34246050683474116,0.23333333333333334,0.15730598576178478,0.42743743749614255,0.3033273741495946,0.2515556131708582,0.43507480665273585,0.1734962406015038,-0.3410572602524584,0.9999999900558739,0.934805436637044,0.5611245682831735,heteroscedastic,rbf
2,clip_b16|2,vit_sup_b16|2,10.0,1.0,532,1024,768,768,0.36406028905635845,0.25,0.16086616857654332,0.49463678154948965,0.28259565074526277,0.27268602540834846,0.6445014592688927,0.35695488721804514,-0.21535678746592268,0.9999999990025141,0.9770260924763587,0.6910597863619172,heteroscedastic,rbf
2,convnext_s|2,dinov2_b|2,10.0,1.0,532,1024,768,768,0.5326255906266405,0.3,0.42202615557226125,0.6230820165109323,0.5271302258033955,0.38287529167746953,0.7019039977389527,0.3883458646616541,-0.32055630003205104,0.9999999994468268,0.9831948649801665,0.7121676845316821,heteroscedastic,rbf
2,convnext_s|2,mae_b16|2,10.0,1.0,532,1024,768,768,0.07852194033872316,0.16666666666666666,0.020107934103729817,0.12016016626549697,0.06886102639869428,-0.1815530204822401,0.27825816825179567,0.12650375939849626,-0.6312826996812119,0.999999990493267,0.9415146717384691,0.5538682712162741,heteroscedastic,rbf
2,convnext_s|2,vit_sup_b16|2,10.0,1.0,532,1024,768,768,0.5153702093616926,0.36666666666666664,0.4252308592548849,0.5860928585651334,0.5007019254869182,0.35493907181747475,0.7248385790014179,0.4618421052631579,-0.15490114361112028,0.9999999995932152,0.986468140157369,0.7440978415698473,heteroscedastic,rbf
2,dinov2_b|2,mae_b16|2,10.0,1.0,532,1024,768,768,0.23143647621243393,0.21666666666666667,0.2556338859673984,0.15929801867135615,0.1963652476953759,-0.1665154264972777,0.32396293873875176,0.15451127819548874,-0.515943040934024,0.9999999904711009,0.9412514851782426,0.5758084984387781,heteroscedastic,rbf
2,dinov2_b|2,vit_sup_b16|2,10.0,1.0,532,1024,768,768,0.4883802455006819,0.31666666666666665,0.32370724118899685,0.6320292316280899,0.44258721714613963,0.43304381643764583,0.8426395030673309,0.4939849624060151,-0.03448041327476514,0.9999999995524692,0.9854995062765697,0.7567091765945076,heteroscedastic,rbf
2,mae_b16|2,vit_sup_b16|2,10.0,1.0,532,1024,768,768,0.2596356100989169,0.18333333333333332,0.1697067800365939,0.2744048152650582,0.23828627646854955,-0.09495722063780142,0.32347257279022973,0.14304511278195486,-0.44506961410262336,0.9999999906319205,0.9443566218849596,0.5754540970115348,heteroscedastic,rbf
2,clip_b16|2,convnext_s|2,0.1,0.1,532,102,768,768,0.14441767893799703,0.15,0.14441767893799703,,0.17382800554524883,0.056844697951776,0.5303445341024985,0.3137218045112782,-0.43450234558816725,0.9999999988762241,0.9745409055363858,0.6623966775371634,homoscedastic,rbf
2,clip_b16|2,dinov2_b|2,0.1,0.1,532,102,768,768,0.2711876977436048,0.25,0.2711876977436048,,0.21826884563125773,0.23541612652320457,0.6643547714760377,0.3669172932330827,-0.2568273895414519,0.9999999988481688,0.973885031841054,0.6851429163854023,homoscedastic,rbf
2,clip_b16|2,mae_b16|2,0.1,0.1,532,102,768,768,0.2250884585790516,0.15,0.2250884585790516,,0.20156301904260515,0.16029297381384497,0.43507480665273585,0.1734962406015038,-0.3410572602524584,0.9999999900558739,0.934805436637044,0.5611245682831735,homoscedastic,rbf
2,clip_b16|2,vit_sup_b16|2,0.1,0.1,532,102,768,768,0.39742632618423934,0.2,0.39742632618423934,,0.36622956658555866,0.11005963183821625,0.6445014592688927,0.35695488721804514,-0.21535678746592268,0.9999999990025141,0.9770260924763587,0.6910597863619172,homoscedastic,rbf
2,convnext_s|2,dinov2_b|2,0.1,0.1,532,102,768,768,0.3634743985399959,0.21666666666666667,0.3634743985399959,,0.3780257373178217,0.38559761472647136,0.7019039977389527,0.3883458646616541,-0.32055630003205104,0.9999999994468268,0.9831948649801665,0.7121676845316821,homoscedastic,rbf
2,convnext_s|2,mae_b16|2,0.1,0.1,532,102,768,768,0.013221870060750167,0.13333333333333333,0.013221870060750167,,0.031706645064500695,-0.18336790251490798,0.27825816825179567,0.12650375939849626,-0.6312826996812119,0.999999990493267,0.9415146717384691,0.5538682712162741,homoscedastic,rbf
2,convnext_s|2,vit_sup_b16|2,0.1,0.1,532,102,768,768,0.40929685915794206,0.45,0.40929685915794206,,0.42261865501332946,0.2888903292714545,0.7248385790014179,0.4618421052631579,-0.15490114361112028,0.9999999995932152,0.986468140157369,0.7440978415698473,homoscedastic,rbf
2,dinov2_b|2,mae_b16|2,0.1,0.1,532,102,768,768,0.1612004477790216,0.16666666666666666,0.1612004477790216,,0.16395870084797695,-0.2257583614207934,0.32396293873875176,0.15451127819548874,-0.515943040934024,0.9999999904711009,0.9412514851782426,0.5758084984387781,homoscedastic,rbf
2,dinov2_b|2,vit_sup_b16|2,0.1,0.1,532,102,768,768,0.3700247500687502,0.23333333333333334,0.3700247500687502,,0.34496673330399213,0.34716100596318383,0.8426395030673309,0.4939849624060151,-0.03448041327476514,0.9999999995524692,0.9854995062765697,0.7567091765945076,homoscedastic,rbf
2,mae_b16|2,vit_sup_b16|2,0.1,0.1,532,102,768,768,0.13741360392667756,0.15,0.13741360392667756,,0.13434261698808084,-0.14331086336530982,0.32347257279022973,0.14304511278195486,-0.44506961410262336,0.9999999906319205,0.9443566218849596,0.5754540970115348,homoscedastic,rbf
2,clip_b16|2,convnext_s|2,0.1,0.25,532,256,768,768,0.17561193225536736,0.1,0.17561193225536736,,0.1682499277462713,0.08367902514907961,0.5303445341024985,0.3137218045112782,-0.43450234558816725,0.9999999988762241,0.9745409055363858,0.6623966775371634,homoscedastic,rbf
2,clip_b16|2,dinov2_b|2,0.1,0.25,532,256,768,768,0.26913641426781737,0.25,0.26913641426781737,,0.1835587239931548,0.2299066632097485,0.6643547714760377,0.3669172932330827,-0.2568273895414519,0.9999999988481688,0.973885031841054,0.6851429163854023,homoscedastic,rbf
2,clip_b16|2,mae_b16|2,0.1,0.25,532,256,768,768,0.21997788882746894,0.11666666666666667,0.21997788882746894,,0.2059520583018635,0.1863494944257195,0.43507480665273585,0.1734962406015038,-0.3410572602524584,0.9999999900558739,0.934805436637044,0.5611245682831735,homoscedastic,rbf
2,clip_b16|2,vit_sup_b16|2,0.1,0.25,532,256,768,768,0.3940072611312809,0.26666666666666666,0.3940072611312809,,0.33781211512147624,0.18803474202748252,0.6445014592688927,0.35695488721804514,-0.21535678746592268,0.9999999990025141,0.9770260924763587,0.6910597863619172,homoscedastic,rbf
2,convnext_s|2,dinov2_b|2,0.1,0.25,532,256,768,768,0.4367056575157153,0.25,0.4367056575157153,,0.44196661458002295,0.3800233341975629,0.7019039977389527,0.3883458646616541,-0.32055630003205104,0.9999999994468268,0.9831948649801665,0.7121676845316821,homoscedastic,rbf
2,convnext_s|2,mae_b16|2,0.1,0.25,532,256,768,768,0.032625812849480136,0.11666666666666667,0.032625812849480136,,0.04003591100259394,-0.12289344049779621,0.27825816825179567,0.12650375939849626,-0.6312826996812119,0.999999990493267,0.9415146717384691,0.5538682712162741,homoscedastic,rbf
2,convnext_s|2,vit_sup_b16|2,0.1,0.25,532,256,768,768,0.45806088350245416,0.4166666666666667,0.45806088350245416,,0.45881327597806365,0.3018537723619394,0.7248385790014179,0.4618421052631579,-0.15490114361112028,0.9999999995932152,0.986468140157369,0.7440978415698473,homoscedastic,rbf
2,dinov2_b|2,mae_b16|2,0.1,0.25,532,256,768,768,0.1642146228183967,0.18333333333333332,0.1642146228183967,,0.16517007508391626,-0.22465646875810216,0.32396293873875176,0.15451127819548874,-0.515943040934024,0.9999999904711009,0.9412514851782426,0.5758084984387781,homoscedastic,rbf
2,dinov2_b|2,vit_sup_b16|2,0.1,0.25,532,256,768,768,0.4274341873171869,0.26666666666666666,0.4274341873171869,,0.3921267570248014,0.3333549390718175,0.8426395030673309,0.4939849624060151,-0.03448041327476514,0.9999999995524692,0.9854995062765697,0.7567091765945076,homoscedastic,rbf
2,mae_b16|2,vit_sup_b16|2,0.1,0.25,532,256,768,768,0.16039888999691665,0.15,0.16039888999691665,,0.15579320503149782,-0.04148301788955147,0.32347257279022973,0.14304511278195486,-0.44506961410262336,0.9999999906319205,0.9443566218849596,0.5754540970115348,homoscedastic,rbf
2,clip_b16|2,convnext_s|2,0.1,1.0,532,1024,768,768,0.20808980024944512,0.11666666666666667,0.20808980024944512,,0.17179320862919387,0.1490795955405756,0.5303445341024985,0.3137218045112782,-0.43450234558816725,0.9999999988762241,0.9745409055363858,0.6623966775371634,homoscedastic,rbf
2,clip_b16|2,dinov2_b|2,0.1,1.0,532,1024,768,768,0.3081365781571615,0.31666666666666665,0.3081365781571615,,0.21036343325734203,0.31838216230230754,0.6643547714760377,0.3669172932330827,-0.2568273895414519,0.9999999988481688,0.973885031841054,0.6851429163854023,homoscedastic,rbf
2,clip_b16|2,mae_b16|2,0.1,1.0,532,1024,768,768,0.27050686251906253,0.18333333333333332,0.27050686251906253,,0.24495558044628224,0.21947109152190825,0.43507480665273585,0.1734962406015038,-0.3410572602524584,0.9999999900558739,0.934805436637044,0.5611245682831735,homoscedastic,rbf
2,clip_b16|2,vit_sup_b16|2,0.1,1.0,532,1024,768,768,0.382480006888908,0.3,0.382480006888908,,0.3079943354275922,0.25136116152450094,0.6445014592688927,0.35695488721804514,-0.21535678746592268,0.9999999990025141,0.9770260924763587,0.6910597863619172,homoscedastic,rbf
2,convnext_s|2,dinov2_b|2,0.1,1.0,532,1024,768,768,0.49544259845166233,0.2833333333333333,0.49544259845166233,,0.49058363024319224,0.39026445423904593,0.7019039977389527,0.3883458646616541,-0.32055630003205104,0.9999999994468268,0.9831948649801665,0.7121676845316821,homoscedastic,rbf
2,convnext_s|2,mae_b16|2,0.1,1.0,532,1024,768,768,0.052931091475254086,0.15,0.052931091475254086,,0.05154014369197966,-0.11226341716359865,0.27825816825179567,0.12650375939849626,-0.6312826996812119,0.999999990493267,0.9415146717384691,0.5538682712162741,homoscedastic,rbf
2,convnext_s|2,vit_sup_b16|2,0.1,1.0,532,1024,768,768,0.5062738507606965,0.4166666666666667,0.5062738507606965,,0.495558944052229,0.33964220897070263,0.7248385790014179,0.4618421052631579,-0.15490114361112028,0.9999999995932152,0.986468140157369,0.7440978415698473,homoscedastic,rbf
2,dinov2_b|2,mae_b16|2,0.1,1.0,532,1024,768,768,0.20693807482798562,0.23333333333333334,0.20693807482798562,,0.19281492132438388,-0.18019185895773918,0.32396293873875176,0.15451127819548874,-0.515943040934024,0.9999999904711009,0.9412514851782426,0.5758084984387781,homoscedastic,rbf
2,dinov2_b|2,vit_sup_b16|2,0.1,1.0,532,1024,768,768,0.4746220406167795,0.26666666666666666,0.4746220406167795,,0.43446032161004094,0.42358050298159194,0.8426395030673309,0.4939849624060151,-0.03448041327476514,0.9999999995524692,0.9854995062765697,0.7567091765945076,homoscedastic,rbf
2,mae_b16|2,vit_sup_b16|2,0.1,1.0,532,1024,768,768,0.20050361251003473,0.18333333333333332,0.20050361251003473,,0.18980275031869592,-0.06598392533056781,0.32347257279022973,0.14304511278195486,-0.44506961410262336,0.9999999906319205,0.9443566218849596,0.5754540970115348,homoscedastic,rbf
2,clip_b16|2,convnext_s|2,1.0,0.1,532,102,768,768,0.23022469506859738,0.13333333333333333,0.23022469506859738,,0.2156420778133683,0.06585429089966297,0.5303445341024985,0.3137218045112782,-0.43450234558816725,0.9999999988762241,0.9745409055363858,0.6623966775371634,homoscedastic,rbf
2,clip_b16|2,dinov2_b|2,1.0,0.1,532,102,768,768,0.36408823357842657,0.31666666666666665,0.36408823357842657,,0.2679664442890773,0.24209229971480428,0.6643547714760377,0.3669172932330827,-0.2568273895414519,0.9999999988481688,0.973885031841054,0.6851429163854023,homoscedastic,rbf
2,clip_b16|2,mae_b16|2,1.0,0.1,532,102,768,768,0.2522636451767921,0.11666666666666667,0.2522636451767921,,0.2146576582356659,0.143181228934405,0.43507480665273585,0.1734962406015038,-0.3410572602524584,0.9999999900558739,0.934805436637044,0.5611245682831735,homoscedastic,rbf
2,clip_b16|2,vit_sup_b16|2,1.0,0.1,532,102,768,768,0.4505083625232292,0.26666666666666666,0.4505083625232292,,0.3830965399757995,0.19354420534093858,0.6445014592688927,0.35695488721804514,-0.21535678746592268,0.9999999990025141,0.9770260924763587,0.6910597863619172,homoscedastic,rbf
2,convnext_s|2,dinov2_b|2,1.0,0.1,532,102,768,768,0.46638162883785783,0.26666666666666666,0.46638162883785783,,0.46755103032018297,0.43401607466943226,0.7019039977389527,0.3883458646616541,-0.32055630003205104,0.9999999994468268,0.9831948649801665,0.7121676845316821,homoscedastic,rbf
2,convnext_s|2,mae_b16|2,1.0,0.1,532,102,768,768,0.0631847866244073,0.16666666666666666,0.0631847866244073,,0.0648453230551155,-0.19613689395903552,0.27825816825179567,0.12650375939849626,-0.6312826996812119,0.999999990493267,0.9415146717384691,0.5538682712162741,homoscedastic,rbf
2,convnext_s|2,vit_sup_b16|2,1.0,0.1,532,102,768,768,0.5218668385189957,0.4666666666666667,0.5218668385189957,,0.519497863568171,0.3075576873217527,0.7248385790014179,0.4618421052631579,-0.15490114361112028,0.9999999995932152,0.986468140157369,0.7440978415698473,homoscedastic,rbf
2,dinov2_b|2,mae_b16|2,1.0,0.1,532,102,768,768,0.22494990263861842,0.18333333333333332,0.22494990263861842,,0.20586226580497852,-0.23087892144153488,0.32396293873875176,0.15451127819548874,-0.515943040934024,0.9999999904711009,0.9412514851782426,0.5758084984387781,homoscedastic,rbf
2,dinov2_b|2,vit_sup_b16|2,1.0,0.1,532,102,768,768,0.4855760710446418,0.3333333333333333,0.4855760710446418,,0.4393453182581875,0.37853253824215716,0.8426395030673309,0.4939849624060151,-0.03448041327476514,0.9999999995524692,0.9854995062765697,0.7567091765945076,homoscedastic,rbf
2,mae_b16|2,vit_sup_b16|2,1.0,0.1,532,102,768,768,0.21350292639701773,0.18333333333333332,0.21350292639701773,,0.19285277208475696,-0.05016852476017631,0.32347257279022973,0.14304511278195486,-0.44506961410262336,0.9999999906319205,0.9443566218849596,0.5754540970115348,homoscedastic,rbf
2,clip_b16|2,convnext_s|2,1.0,0.25,532,256,768,768,0.23886810796696656,0.13333333333333333,0.23886810796696656,,0.1882121939110194,0.07739175525019446,0.5303445341024985,0.3137218045112782,-0.43450234558816725,0.9999999988762241,0.9745409055363858,0.6623966775371634,homoscedastic,rbf
2,clip_b16|2,dinov2_b|2,1.0,0.25,532,256,768,768,0.33376948269300744,0.38333333333333336,0.33376948269300744,,0.21841889953673668,0.24786103189007,0.6643547714760377,0.3669172932330827,-0.2568273895414519,0.9999999988481688,0.973885031841054,0.6851429163854023,homoscedastic,rbf
2,clip_b16|2,mae_b16|2,1.0,0.25,532,256,768,768,0.237373659371276,0.16666666666666666,0.237373659371276,,0.2078888180009522,0.1941275602800104,0.43507480665273585,0.1734962406015038,-0.3410572602524584,0.9999999900558739,0.934805436637044,0.5611245682831735,homoscedastic,rbf
2,clip_b16|2,vit_sup_b16|2,1.0,0.25,532,256,768,768,0.42656457379048274,0.2833333333333333,0.42656457379048274,,0.3444297022186992,0.23865698729582582,0.6445014592688927,0.35695488721804514,-0.21535678746592268,0.9999999990025141,0.9770260924763587,0.6910597863619172,homoscedastic,rbf
2,convnext_s|2,dinov2_b|2,1.0,0.25,532,256,768,768,0.519671665754627,0.23333333333333334,0.519671665754627,,0.5071365547503379,0.3776899144412756,0.7019039977389527,0.3883458646616541,-0.32055630003205104,0.9999999994468268,0.9831948649801665,0.7121676845316821,homoscedastic,rbf
2,convnext_s|2,mae_b16|2,1.0,0.25,532,256,768,768,0.07648032355645432,0.13333333333333333,0.07648032355645432,,0.0664245617106805,-0.11686543946072078,0.27825816825179567,0.12650375939849626,-0.6312826996812119,0.999999990493267,0.9415146717384691,0.5538682712162741,homoscedastic,rbf
2,convnext_s|2,vit_sup_b16|2,1.0,0.25,532,256,768,768,0.5288984136067045,0.4,0.5288984136067045,,0.5102692485732138,0.3026315789473685,0.7248385790014179,0.4618421052631579,-0.15490114361112028,0.9999999995932152,0.986468140157369,0.7440978415698473,homoscedastic,rbf
2,dinov2_b|2,mae_b16|2,1.0,0.25,532,256,768,768,0.2107980855502376,0.23333333333333334,0.2107980855502376,,0.19360371618015823,-0.21240601503759401,0.32396293873875176,0.15451127819548874,-0.515943040934024,0.9999999904711009,0.9412514851782426,0.5758084984387781,homoscedastic,rbf
2,dinov2_b|2,vit_sup_b16|2,1.0,0.25,532,256,768,768,0.5045012902813618,0.2833333333333333,0.5045012902813618,,0.4552816876072563,0.3325771324863884,0.8426395030673309,0.4939849624060151,-0.03448041327476514,0.9999999995524692,0.9854995062765697,0.7567091765945076,homoscedastic,rbf
2,mae_b16|2,vit_sup_b16|2,1.0,0.25,532,256,768,768,0.22653951816532822,0.18333333333333332,0.22653951816532822,,0.2071336016415088,0.045501685247601766,0.32347257279022973,0.14304511278195486,-0.44506961410262336,0.9999999906319205,0.9443566218849596,0.5754540970115348,homoscedastic,rbf
2,clip_b16|2,convnext_s|2,1.0,1.0,532,1024,768,768,0.20523301453615148,0.15,0.20523301453615148,,0.16006951648164516,0.14305159450350013,0.5303445341024985,0.3137218045112782,-0.43450234558816725,0.9999999988762241,0.9745409055363858,0.6623966775371634,homoscedastic,rbf
2,clip_b16|2,dinov2_b|2,1.0,1.0,532,1024,768,768,0.30135761488226354,0.3333333333333333,0.30135761488226354,,0.19730889338467644,0.2929089966295048,0.6643547714760377,0.3669172932330827,-0.2568273895414519,0.9999999988481688,0.973885031841054,0.6851429163854023,homoscedastic,rbf
2,clip_b16|2,mae_b16|2,1.0,1.0,532,1024,768,768,0.30232272867424625,0.2,0.30232272867424625,,0.2704965989780145,0.2456572465646876,0.43507480665273585,0.1734962406015038,-0.3410572602524584,0.9999999900558739,0.934805436637044,0.5611245682831735,homoscedastic,rbf
2,clip_b16|2,vit_sup_b16|2,1.0,1.0,532,1024,768,768,0.35290575807155017,0.3,0.35290575807155017,,0.276696328671119,0.2593336790251491,0.6445014592688927,0.35695488721804514,-0.21535678746592268,0.9999999990025141,0.9770260924763587,0.6910597863619172,homoscedastic,rbf
2,convnext_s|2,dinov2_b|2,1.0,1.0,532,1024,768,768,0.5352087089130803,0.2833333333333333,0.5352087089130803,,0.5307615752871861,0.3918200674099041,0.7019039977389527,0.3883458646616541,-0.32055630003205104,0.9999999994468268,0.9831948649801665,0.7121676845316821,homoscedastic,rbf
2,convnext_s|2,mae_b16|2,1.0,1.0,532,1024,768,768,0.07148658746274295,0.13333333333333333,0.07148658746274295,,0.06686385538701016,-0.14337568058076225,0.27825816825179567,0.12650375939849626,-0.6312826996812119,0.999999990493267,0.9415146717384691,0.5538682712162741,homoscedastic,rbf
2,convnext_s|2,vit_sup_b16|2,1.0,1.0,532,1024,768,768,0.5227015630598973,0.43333333333333335,0.5227015630598973,,0.5110207173326202,0.3604485351309308,0.7248385790014179,0.4618421052631579,-0.15490114361112028,0.9999999995932152,0.986468140157369,0.7440978415698473,homoscedastic,rbf
2,dinov2_b|2,mae_b16|2,1.0,1.0,532,1024,768,768,0.22544090400251113,0.2,0.22544090400251113,,0.20237842185864174,-0.15899662950479648,0.32396293873875176,0.15451127819548874,-0.515943040934024,0.9999999904711009,0.9412514851782426,0.5758084984387781,homoscedastic,rbf
2,dinov2_b|2,vit_sup_b16|2,1.0,1.0,532,1024,768,768,0.49498054161261557,0.3,0.49498054161261557,,0.45830734997307726,0.4465257972517501,0.8426395030673309,0.4939849624060151,-0.03448041327476514,0.9999999995524692,0.9854995062765697,0.7567091765945076,homoscedastic,rbf
2,mae_b16|2,vit_sup_b16|2,1.0,1.0,532,1024,768,768,0.23477692993591645,0.16666666666666666,0.23477692993591645,,0.22307806580665746,-0.10046668395125746,0.32347257279022973,0.14304511278195486,-0.44506961410262336,0.9999999906319205,0.9443566218849596,0.5754540970115348,homoscedastic,rbf
2,clip_b16|2,convnext_s|2,10.0,0.1,532,102,768,768,0.2475165764349345,0.11666666666666667,0.2475165764349345,,0.22555717818309157,0.04252009333679025,0.5303445341024985,0.3137218045112782,-0.43450234558816725,0.9999999988762241,0.9745409055363858,0.6623966775371634,homoscedastic,rbf
2,clip_b16|2,dinov2_b|2,10.0,0.1,532,102,768,768,0.388569857138492,0.3333333333333333,0.388569857138492,,0.2858967617137985,0.24228675136116154,0.6643547714760377,0.3669172932330827,-0.2568273895414519,0.9999999988481688,0.973885031841054,0.6851429163854023,homoscedastic,rbf
2,clip_b16|2,mae_b16|2,10.0,0.1,532,102,768,768,0.2626400073333537,0.13333333333333333,0.2626400073333537,,0.22142222620633745,0.14998703655690954,0.43507480665273585,0.1734962406015038,-0.3410572602524584,0.9999999900558739,0.934805436637044,0.5611245682831735,homoscedastic,rbf
2,clip_b16|2,vit_sup_b16|2,10.0,0.1,532,102,768,768,0.452788868857969,0.26666666666666666,0.452788868857969,,0.3774261213119119,0.20242416385792067,0.6445014592688927,0.35695488721804514,-0.21535678746592268,0.9999999990025141,0.9770260924763587,0.6910597863619172,homoscedastic,rbf
2,convnext_s|2,dinov2_b|2,10.0,0.1,532,102,768,768,0.48898430273417426,0.25,0.48898430273417426,,0.4869451603193315,0.4347290640394089,0.7019039977389527,0.3883458646616541,-0.32055630003205104,0.9999999994468268,0.9831948649801665,0.7121676845316821,homoscedastic,rbf
2,convnext_s|2,mae_b16|2,10.0,0.1,532,102,768,768,0.07606348906524739,0.16666666666666666,0.07606348906524739,,0.07306515907213021,-0.19322011926367647,0.27825816825179567,0.12650375939849626,-0.6312826996812119,0.999999990493267,0.9415146717384691,0.5538682712162741,homoscedastic,rbf
2,convnext_s|2,vit_sup_b16|2,10.0,0.1,532,102,768,768,0.5442066783518843,0.4666666666666667,0.5442066783518843,,0.5386837019572667,0.31740990407052116,0.7248385790014179,0.4618421052631579,-0.15490114361112028,0.9999999995932152,0.986468140157369,0.7440978415698473,homoscedastic,rbf
2,dinov2_b|2,mae_b16|2,10.0,0.1,532,102,768,768,0.243962066561296,0.2,0.243962066561296,,0.22055990343783843,-0.24844438682914186,0.32396293873875176,0.15451127819548874,-0.515943040934024,0.9999999904711009,0.9412514851782426,0.5758084984387781,homoscedastic,rbf
2,dinov2_b|2,vit_sup_b16|2,10.0,0.1,532,102,768,768,0.5072245756238211,0.3333333333333333,0.5072245756238211,,0.45748700032499195,0.38436608763287533,0.8426395030673309,0.4939849624060151,-0.03448041327476514,0.9999999995524692,0.9854995062765697,0.7567091765945076,homoscedastic,rbf
2,mae_b16|2,vit_sup_b16|2,10.0,0.1,532,102,768,768,0.23110203083897451,0.2,0.23110203083897451,,0.2065866768921183,-0.010630023334197563,0.32347257279022973,0.14304511278195486,-0.44506961410262336,0.9999999906319205,0.9443566218849596,0.5754540970115348,homoscedastic,rbf
2,clip_b16|2,convnext_s|2,10.0,0.25,532,256,768,768,0.23674437984549954,0.13333333333333333,0.23674437984549954,,0.17840464966235625,0.08491055224267566,0.5303445341024985,0.3137218045112782,-0.43450234558816725,0.9999999988762241,0.9745409055363858,0.6623966775371634,homoscedastic,rbf
2,clip_b16|2,dinov2_b|2,10.0,0.25,532,256,768,768,0.3366703796399434,0.36666666666666664,0.3366703796399434,,0.21955996879598308,0.2541483017889552,0.6643547714760377,0.3669172932330827,-0.2568273895414519,0.9999999988481688,0.973885031841054,0.6851429163854023,homoscedastic,rbf
2,clip_b16|2,mae_b16|2,10.0,0.25,532,256,768,768,0.24779602165561568,0.18333333333333332,0.24779602165561568,,0.21678974284867972,0.23444386829141822,0.43507480665273585,0.1734962406015038,-0.3410572602524584,0.9999999900558739,0.934805436637044,0.5611245682831735,homoscedastic,rbf
2,clip_b16|2,vit_sup_b16|2,10.0,0.25,532,256,768,768,0.41219036719546437,0.2833333333333333,0.41219036719546437,,0.3283121738838448,0.25959294788695875,0.6445014592688927,0.35695488721804514,-0.21535678746592268,0.9999999990025141,0.9770260924763587,0.6910597863619172,homoscedastic,rbf
2,convnext_s|2,dinov2_b|2,10.0,0.25,532,256,768,768,0.5376137711493642,0.2833333333333333,0.5376137711493642,,0.5223254277960394,0.3964869069224786,0.7019039977389527,0.3883458646616541,-0.32055630003205104,0.9999999994468268,0.9831948649801665,0.7121676845316821,homoscedastic,rbf
2,convnext_s|2,mae_b16|2,10.0,0.25,532,256,768,768,0.09043052897369158,0.11666666666666667,0.09043052897369158,,0.07787243049551068,-0.10610578169561836,0.27825816825179567,0.12650375939849626,-0.6312826996812119,0.999999990493267,0.9415146717384691,0.5538682712162741,homoscedastic,rbf
2,convnext_s|2,vit_sup_b16|2,10.0,0.25,532,256,768,768,0.5433995649987916,0.43333333333333335,0.5433995649987916,,0.5221572355063818,0.30840031112263416,0.7248385790014179,0.4618421052631579,-0.15490114361112028,0.9999999995932152,0.986468140157369,0.7440978415698473,homoscedastic,rbf
2,dinov2_b|2,mae_b16|2,10.0,0.25,532,256,768,768,0.2224050066805741,0.2,0.2224050066805741,,0.20389672453760613,-0.1890070002592689,0.32396293873875176,0.15451127819548874,-0.515943040934024,0.9999999904711009,0.9412514851782426,0.5758084984387781,homoscedastic,rbf
2,dinov2_b|2,vit_sup_b16|2,10.0,0.25,532,256,768,768,0.5134547040408445,0.31666666666666665,0.5134547040408445,,0.46472556474833515,0.3244749805548354,0.8426395030673309,0.4939849624060151,-0.03448041327476514,0.9999999995524692,0.9854995062765697,0.7567091765945076,homoscedastic,rbf
2,mae_b16|2,vit_sup_b16|2,10.0,0.25,532,256,768,768,0.24133128147578187,0.18333333333333332,0.24133128147578187,,0.22146569836676594,0.05587243971998963,0.32347257279022973,0.14304511278195486,-0.44506961410262336,0.9999999906319205,0.9443566218849596,0.5754540970115348,homoscedastic,rbf
2,clip_b16|2,convnext_s|2,10.0,1.0,532,1024,768,768,0.18444234567318243,0.15,0.18444234567318243,,0.14536640735273132,0.1440886699507389,0.5303445341024985,0.3137218045112782,-0.43450234558816725,0.9999999988762241,0.9745409055363858,0.6623966775371634,homoscedastic,rbf
2,clip_b16|2,dinov2_b|2,10.0,1.0,532,1024,768,768,0.28033772316034206,0.3,0.28033772316034206,,0.182433844366068,0.2680840031112264,0.6643547714760377,0.3669172932330827,-0.2568273895414519,0.9999999988481688,0.973885031841054,0.6851429163854023,homoscedastic,rbf
2,clip_b16|2,mae_b16|2,10.0,1.0,532,1024,768,768,0.30343867621854503,0.21666666666666667,0.30343867621854503,,0.27201497660897966,0.2733990147783252,0.43507480665273585,0.1734962406015038,-0.3410572602524584,0.9999999900558739,0.934805436637044,0.5611245682831735,homoscedastic,rbf
2,clip_b16|2,vit_sup_b16|2,10.0,1.0,532,1024,768,768,0.32444517901438613,0.26666666666666666,0.32444517901438613,,0.256164052540753,0.25220378532538246,0.6445014592688927,0.35695488721804514,-0.21535678746592268,0.9999999990025141,0.9770260924763587,0.6910597863619172,homoscedastic,rbf
2,convnext_s|2,dinov2_b|2,10.0,1.0,532,1024,768,768,0.5420230611751699,0.3,0.5420230611751699,,0.5428427135262578,0.3916256157635468,0.7019039977389527,0.3883458646616541,-0.32055630003205104,0.9999999994468268,0.9831948649801665,0.7121676845316821,homoscedastic,rbf
2,convnext_s|2,mae_b16|2,10.0,1.0,532,1024,768,768,0.07027008408356689,0.2,0.07027008408356689,,0.06923998371442928,-0.14985740212600468,0.27825816825179567,0.12650375939849626,-0.6312826996812119,0.999999990493267,0.9415146717384691,0.5538682712162741,homoscedastic,rbf
2,convnext_s|2,vit_sup_b16|2,10.0,1.0,532,1024,768,768,0.5153658204606124,0.4,0.5153658204606124,,0.5069647647646448,0.36913404200155564,0.7248385790014179,0.4618421052631579,-0.15490114361112028,0.9999999995932152,0.986468140157369,0.7440978415698473,homoscedastic,rbf
2,dinov2_b|2,mae_b16|2,10.0,1.0,532,1024,768,768,0.21938177606048903,0.21666666666666667,0.21938177606048903,,0.1998047950092761,-0.1366995073891626,0.32396293873875176,0.15451127819548874,-0.515943040934024,0.9999999904711009,0.9412514851782426,0.5758084984387781,homoscedastic,rbf
2,dinov2_b|2,vit_sup_b16|2,10.0,1.0,532,1024,768,768,0.4798828330078694,0.25,0.4798828330078694,,0.44955160715078063,0.4543686803214934,0.8426395030673309,0.4939849624060151,-0.03448041327476514,0.9999999995524692,0.9854995062765697,0.7567091765945076,homoscedastic,rbf
2,mae_b16|2,vit_sup_b16|2,10.0,1.0,532,1024,768,768,0.2332743702065839,0.16666666666666666,0.2332743702065839,,0.22649737608035816,-0.12075447238786621,0.32347257279022973,0.14304511278195486,-0.44506961410262336,0.9999999906319205,0.9443566218849596,0.5754540970115348,homoscedastic,rbf
3,clip_b16|2,convnext_s|2,0.1,0.1,532,102,768,768,0.2710567529354248,0.2833333333333333,0.09242906726624867,0.18601064181844232,0.3083784644313782,-0.012768991444127561,0.5332974100841287,0.3041353383458647,-0.42300494700446656,0.9999999989602507,0.9755571600704921,0.6676421885457937,heteroscedastic,rbf
3,clip_b16|2,dinov2_b|2,0.1,0.1,532,102,768,768,0.33745543737621486,0.25,0.2337397500970918,0.26019449957676805,0.32661773400314437,0.19406274306455795,0.6346039115265079,0.35902255639097747,-0.23958371628003838,0.9999999988564744,0.9743800266311988,0.6862295635330115,heteroscedastic,rbf
3,clip_b16|2,mae_b16|2,0.1,0.1,532,102,768,768,0.31455954044316786,0.2833333333333333,0.15232388641848665,0.3904304063445412,0.30071507206784776,0.18602540834845738,0.45112358811883035,0.16973684210526319,-0.2758532138948604,0.9999999903760721,0.9350173971099481,0.5599563468350369,heteroscedastic,rbf
3,clip_b16|2,vit_sup_b16|2,0.1,0.1,532,102,768,768,0.47867505187514403,0.38333333333333336,0.22632680609188435,0.4362757377654415,0.47356128135541997,0.07875291677469537,0.6262072989737699,0.34078947368421053,-0.21503520243039165,0.9999999990413733,0.9776492658542169,0.6951502215885573,heteroscedastic,rbf
3,convnext_s|2,dinov2_b|2,0.1,0.1,532,102,768,768,0.306322406451129,0.3,0.23856082350389202,0.2722103207151293,0.3141688812484485,0.2682784547575836,0.7236600189316438,0.3885338345864661,-0.2714004912380389,0.9999999994449492,0.9832274904955406,0.7163834968496662,heteroscedastic,rbf
3,convnext_s|2,mae_b16|2,0.1,0.1,532,102,768,768,0.08786668851857922,0.18333333333333332,-0.051458030548561094,0.1387226075666775,0.1139357355549506,-0.14797770287788437,0.2823557940970059,0.12387218045112783,-0.5247463341680217,0.9999999908546467,0.9423422608143683,0.5581708461213757,heteroscedastic,rbf
3,convnext_s|2,vit_sup_b16|2,0.1,0.1,532,102,768,768,0.4404715568654357,0.38333333333333336,0.34786005336500175,0.3389974639596579,0.4567229396294613,0.257324345346124,0.7459197982968928,0.450187969924812,-0.12137586012101798,0.9999999996206997,0.9866733513735005,0.7491262655605428,heteroscedastic,rbf
3,dinov2_b|2,mae_b16|2,0.1,0.1,532,102,768,768,0.19807877244103453,0.23333333333333334,0.1522775195751647,0.1279517669199914,0.21768669344152006,-0.2552501944516464,0.3252237124496654,0.15714285714285714,-0.48794516013807254,0.9999999907908543,0.9411900590917408,0.5739549647814723,heteroscedastic,rbf
3,dinov2_b|2,vit_sup_b16|2,0.1,0.1,532,102,768,768,0.3455450709585304,0.31666666666666665,0.20892522196329075,0.35742082937818836,0.3373716971651355,0.3467072854550169,0.8390206348697441,0.5071428571428571,-0.03758737984716015,0.9999999995430183,0.9854164539373003,0.7571890686819295,heteroscedastic,rbf
3,mae_b16|2,vit_sup_b16|2,0.1,0.1,532,102,768,768,0.18192761646560127,0.18333333333333332,0.010294697232600349,0.2299943671474838,0.19091608733766896,-0.2241379310344828,0.3430197924379914,0.14642857142857144,-0.4034959170945339,0.9999999909297953,0.9445883611865781,0.5791047877116822,heteroscedastic,rbf
3,clip_b16|2,convnext_s|2,0.1,0.25,532,256,768,768,0.33527615354487095,0.3,0.1321819859062768,0.15393996669439802,0.35904931481879004,0.004148301788955147,0.5332974100841287,0.3041353383458647,-0.42300494700446656,0.9999999989602507,0.9755571600704921,0.6676421885457937,heteroscedastic,rbf
3,clip_b16|2,dinov2_b|2,0.1,0.25,532,256,768,768,0.39676821324503675,0.26666666666666666,0.23725284720274048,0.29536841005825826,0.3676143797512073,0.23554576095410942,0.6346039115265079,0.35902255639097747,-0.23958371628003838,0.9999999988564744,0.9743800266311988,0.6862295635330115,heteroscedastic,rbf
3,clip_b16|2,mae_b16|2,0.1,0.25,532,256,768,768,0.3899461942949841,0.36666666666666664,0.171751593770381,0.43594731760882194,0.36962609145103476,0.19088669950738918,0.45112358811883035,0.16973684210526319,-0.2758532138948604,0.9999999903760721,0.9350173971099481,0.5599563468350369,heteroscedastic,rbf
3,clip_b16|2,vit_sup_b16|2,0.1,0.25,532,256,768,768,0.544457845716238,0.38333333333333336,0.2473363776101343,0.45054916821172153,0.5226084465508289,0.11576354679802957,0.6262072989737699,0.34078947368421053,-0.21503520243039165,0.9999999990413733,0.9776492658542169,0.6951502215885573,heteroscedastic,rbf
3,convnext_s|2,dinov2_b|2,0.1,0.25,532,256,768,768,0.41776943824843954,0.3333333333333333,0.3039301650641651,0.3360104044399277,0.4253146035279008,0.29945553539019965,0.7236600189316438,0.3885338345864661,-0.2714004912380389,0.9999999994449492,0.9832274904955406,0.7163834968496662,heteroscedastic,rbf
3,convnext_s|2,mae_b16|2,0.1,0.25,532,256,768,768,0.14134700374167705,0.2,-0.026638470354244485,0.10861072409104275,0.16304810899100217,-0.18440497796214675,0.2823557940970059,0.12387218045112783,-0.5247463341680217,0.9999999908546467,0.9423422608143683,0.5581708461213757,heteroscedastic,rbf
3,convnext_s|2,vit_sup_b16|2,0.1,0.25,532,256,768,768,0.49389681638004546,0.38333333333333336,0.36074392544930467,0.34016033941217816,0.5049404611286932,0.2593336790251491,0.7459197982968928,0.450187969924812,-0.12137586012101798,0.9999999996206997,0.9866733513735005,0.7491262655605428,heteroscedastic,rbf
3,dinov2_b|2,mae_b16|2,0.1,0.25,532,256,768,768,0.27204536679268554,0.23333333333333334,0.21681836831484025,0.09691326943103722,0.28139177170939733,-0.2975110189266269,0.3252237124496654,0.15714285714285714,-0.48794516013807254,0.9999999907908543,0.9411900590917408,0.5739549647814723,heteroscedastic,rbf
3,dinov2_b|2,vit_sup_b16|2,0.1,0.25,532,256,768,768,0.4323882010783363,0.3,0.2554588421480357,0.3738150274004623,0.41428249349116825,0.33316048742546023,0.8390206348697441,0.5071428571428571,-0.03758737984716015,0.9999999995430183,0.9854164539373003,0.7571890686819295,heteroscedastic,rbf
3,mae_b16|2,vit_sup_b16|2,0.1,0.25,532,256,768,768,0.2922419228942303,0.21666666666666667,0.10549229636464182,0.2547057497823797,0.29304066176020876,-0.15381125226860257,0.3430197924379914,0.14642857142857144,-0.4034959170945339,0.9999999909297953,0.9445883611865781,0.5791047877116822,heteroscedastic,rbf
3,clip_b16|2,convnext_s|2,0.1,1.0,532,1024,768,768,0.3590240528445912,0.18333333333333332,0.12536462220637523,0.16980634660781913,0.35110852510052565,0.04595540575576874,0.5332974100841287,0.3041353383458647,-0.42300494700446656,0.9999999989602507,0.9755571600704921,0.6676421885457937,heteroscedastic,rbf
3,clip_b16|2,dinov2_b|2,0.1,1.0,532,1024,768,768,0.4368983247175686,0.2833333333333333,0.20364371501931683,0.3680386307001912,0.3606059929221327,0.29245527612133787,0.6346039115265079,0.35902255639097747,-0.23958371628003838,0.9999999988564744,0.9743800266311988,0.6862295635330115,heteroscedastic,rbf
3,clip_b16|2,mae_b16|2,0.1,1.0,532,1024,768,768,0.4438958441551226,0.3333333333333333,0.16407842034994027,0.472758302034278,0.41069843871984385,0.23295307233601248,0.45112358811883035,0.16973684210526319,-0.2758532138948604,0.9999999903760721,0.9350173971099481,0.5599563468350369,heteroscedastic,rbf
3,clip_b16|2,vit_sup_b16|2,0.1,1.0,532,1024,768,768,0.5654904041400114,0.31666666666666665,0.23614759105378716,0.5002238339757912,0.5151144457089679,0.23671247083225305,0.6262072989737699,0.34078947368421053,-0.21503520243039165,0.9999999990413733,0.9776492658542169,0.6951502215885573,heteroscedastic,rbf
3,convnext_s|2,dinov2_b|2,0.1,1.0,532,1024,768,768,0.5098200828335634,0.3333333333333333,0.3474391574461646,0.4273519812308997,0.5046414026457456,0.3273917552501945,0.7236600189316438,0.3885338345864661,-0.2714004912380389,0.9999999994449492,0.9832274904955406,0.7163834968496662,heteroscedastic,rbf
3,convnext_s|2,mae_b16|2,0.1,1.0,532,1024,768,768,0.21062841841227334,0.18333333333333332,0.014937132491098196,0.12555396465405988,0.21720137923673682,-0.21785066113559765,0.2823557940970059,0.12387218045112783,-0.5247463341680217,0.9999999908546467,0.9423422608143683,0.5581708461213757,heteroscedastic,rbf
3,convnext_s|2,vit_sup_b16|2,0.1,1.0,532,1024,768,768,0.5570059916833102,0.4,0.423080372250271,0.42007088401713705,0.5550618383986895,0.30023334197562873,0.7459197982968928,0.450187969924812,-0.12137586012101798,0.9999999996206997,0.9866733513735005,0.7491262655605428,heteroscedastic,rbf
3,dinov2_b|2,mae_b16|2,0.1,1.0,532,1024,768,768,0.3556702657507382,0.2,0.27825910834403694,0.1416683352979896,0.33969670822805076,-0.2486388384754991,0.3252237124496654,0.15714285714285714,-0.48794516013807254,0.9999999907908543,0.9411900590917408,0.5739549647814723,heteroscedastic,rbf
3,dinov2_b|2,vit_sup_b16|2,0.1,1.0,532,1024,768,768,0.5241227336742602,0.35,0.3197793585237085,0.4717914733079031,0.4801461144283201,0.36187451387088415,0.8390206348697441,0.5071428571428571,-0.03758737984716015,0.9999999995430183,0.9854164539373003,0.7571890686819295,heteroscedastic,rbf
3,mae_b16|2,vit_sup_b16|2,0.1,1.0,532,1024,768,768,0.3703513620871169,0.23333333333333334,0.1536595390524738,0.2879789565343184,0.35397109191273907,-0.07991962665283901,0.3430197924379914,0.14642857142857144,-0.4034959170945339,0.9999999909297953,0.9445883611865781,0.5791047877116822,heteroscedastic,rbf
3,clip_b16|2,convnext_s|2,1.0,0.1,532,102,768,768,0.2814013927816466,0.2833333333333333,0.12809631220053624,0.30951616952623995,0.2717654613985204,0.09515167228415868,0.5332974100841287,0.3041353383458647,-0.42300494700446656,0.9999999989602507,0.9755571600704921,0.6676421885457937,heteroscedastic,rbf
3,clip_b16|2,dinov2_b|2,1.0,0.1,532,102,768,768,0.3542602618340606,0.25,0.25015684752910555,0.3939391400586296,0.29712801921649373,0.27352864920923,0.6346039115265079,0.35902255639097747,-0.23958371628003838,0.9999999988564744,0.9743800266311988,0.6862295635330115,heteroscedastic,rbf
3,clip_b16|2,mae_b16|2,1.0,0.1,532,102,768,768,0.3250995141653171,0.31666666666666665,0.14198264262611737,0.3999138176357714,0.30037996167254494,0.18680321493388646,0.45112358811883035,0.16973684210526319,-0.2758532138948604,0.9999999903760721,0.9350173971099481,0.5599563468350369,heteroscedastic,rbf
3,clip_b16|2,vit_sup_b16|2,1.0,0.1,532,102,768,768,0.45329059247386794,0.36666666666666664,0.2264066001943454,0.5365622955228456,0.41347076332316784,0.17708063261602283,0.6262072989737699,0.34078947368421053,-0.21503520243039165,0.9999999990413733,0.9776492658542169,0.6951502215885573,heteroscedastic,rbf
3,convnext_s|2,dinov2_b|2,1.0,0.1,532,102,768,768,0.42893874705207513,0.36666666666666664,0.2939476352999764,0.5087007603652725,0.4242553069014604,0.3475499092558984,0.7236600189316438,0.3885338345864661,-0.2714004912380389,0.9999999994449492,0.9832274904955406,0.7163834968496662,heteroscedastic,rbf
3,convnext_s|2,mae_b16|2,1.0,0.1,532,102,768,768,0.08186161628226744,0.16666666666666666,-0.005437680536403274,0.07406349288800006,0.09394948474996613,-0.261602281565984,0.2823557940970059,0.12387218045112783,-0.5247463341680217,0.9999999908546467,0.9423422608143683,0.5581708461213757,heteroscedastic,rbf
3,convnext_s|2,vit_sup_b16|2,1.0,0.1,532,102,768,768,0.48949158192106085,0.5333333333333333,0.4015259004647648,0.5203406856441014,0.4864306897862609,0.33076225045372054,0.7459197982968928,0.450187969924812,-0.12137586012101798,0.9999999996206997,0.9866733513735005,0.7491262655605428,heteroscedastic,rbf
3,dinov2_b|2,mae_b16|2,1.0,0.1,532,102,768,768,0.20743635398987217,0.16666666666666666,0.21360611654144324,0.0977454905762126,0.2073559842277006,-0.31475239823697176,0.3252237124496654,0.15714285714285714,-0.48794516013807254,0.9999999907908543,0.9411900590917408,0.5739549647814723,heteroscedastic,rbf
3,dinov2_b|2,vit_sup_b16|2,1.0,0.1,532,102,768,768,0.4228831746754852,0.35,0.26230603877813663,0.536617590753297,0.389975034987594,0.42682136375421315,0.8390206348697441,0.5071428571428571,-0.03758737984716015,0.9999999995430183,0.9854164539373003,0.7571890686819295,heteroscedastic,rbf
3,mae_b16|2,vit_sup_b16|2,1.0,0.1,532,102,768,768,0.2127182019950055,0.18333333333333332,0.08532271951959637,0.21131184024481822,0.21135917058715598,-0.16366346901737105,0.3430197924379914,0.14642857142857144,-0.4034959170945339,0.9999999909297953,0.9445883611865781,0.5791047877116822,heteroscedastic,rbf
3,clip_b16|2,convnext_s|2,1.0,0.25,532,256,768,768,0.30111744754846537,0.2,0.14800206530140875,0.26400987047790436,0.2779753845637254,0.09787399533316049,0.5332974100841287,0.3041353383458647,-0.42300494700446656,0.9999999989602507,0.9755571600704921,0.6676421885457937,heteroscedastic,rbf
3,clip_b16|2,dinov2_b|2,1.0,0.25,532,256,768,768,0.37752582646062904,0.26666666666666666,0.24341029210931575,0.3896099144906736,0.30786676712233485,0.28908478091781176,0.6346039115265079,0.35902255639097747,-0.23958371628003838,0.9999999988564744,0.9743800266311988,0.6862295635330115,heteroscedastic,rbf
3,clip_b16|2,mae_b16|2,1.0,0.25,532,256,768,768,0.37025213958927666,0.3,0.15684555222461108,0.41736085918734434,0.3368302439117989,0.21798029556650247,0.45112358811883035,0.16973684210526319,-0.2758532138948604,0.9999999903760721,0.9350173971099481,0.5599563468350369,heteroscedastic,rbf
3,clip_b16|2,vit_sup_b16|2,1.0,0.25,532,256,768,768,0.4750652640701779,0.31666666666666665,0.2329820655566061,0.5115297537211875,0.42100636252543877,0.20987814363494947,0.6262072989737699,0.34078947368421053,-0.21503520243039165,0.9999999990413733,0.9776492658542169,0.6951502215885573,heteroscedastic,rbf
3,convnext_s|2,dinov2_b|2,1.0,0.25,532,256,768,768,0.4983628843413454,0.35,0.360545877924728,0.5394125133106511,0.48781400391189483,0.4019315530204823,0.7236600189316438,0.3885338345864661,-0.2714004912380389,0.9999999994449492,0.9832274904955406,0.7163834968496662,heteroscedastic,rbf
3,convnext_s|2,mae_b16|2,1.0,0.25,532,256,768,768,0.09693476926324793,0.16666666666666666,-0.002987426498219639,0.05158681951608853,0.0956194902784257,-0.2383977184340161,0.2823557940970059,0.12387218045112783,-0.5247463341680217,0.9999999908546467,0.9423422608143683,0.5581708461213757,heteroscedastic,rbf
3,convnext_s|2,vit_sup_b16|2,1.0,0.25,532,256,768,768,0.5267905188625523,0.45,0.4331994865141677,0.5335646237871703,0.5162647340643052,0.3409385532797511,0.7459197982968928,0.450187969924812,-0.12137586012101798,0.9999999996206997,0.9866733513735005,0.7491262655605428,heteroscedastic,rbf
3,dinov2_b|2,mae_b16|2,1.0,0.25,532,256,768,768,0.24866430184528288,0.21666666666666667,0.25109352965078763,0.05880033367041082,0.23509054801305246,-0.3282991962665284,0.3252237124496654,0.15714285714285714,-0.48794516013807254,0.9999999907908543,0.9411900590917408,0.5739549647814723,heteroscedastic,rbf
3,dinov2_b|2,vit_sup_b16|2,1.0,0.25,532,256,768,768,0.4772601035002874,0.35,0.31672130346182403,0.5441695787425026,0.4365520070946566,0.4137931034482759,0.8390206348697441,0.5071428571428571,-0.03758737984716015,0.9999999995430183,0.9854164539373003,0.7571890686819295,heteroscedastic,rbf
3,mae_b16|2,vit_sup_b16|2,1.0,0.25,532,256,768,768,0.2742540951502643,0.16666666666666666,0.15884471798086416,0.20016231105019325,0.2633682139957571,-0.14557946590614468,0.3430197924379914,0.14642857142857144,-0.4034959170945339,0.9999999909297953,0.9445883611865781,0.5791047877116822,heteroscedastic,rbf
3,clip_b16|2,convnext_s|2,1.0,1.0,532,1024,768,768,0.31137347603743337,0.18333333333333332,0.12543758708385083,0.25407292658943764,0.26072990356975395,0.09346642468239566,0.5332974100841287,0.3041353383458647,-0.42300494700446656,0.9999999989602507,0.9755571600704921,0.6676421885457937,heteroscedastic,rbf
3,clip_b16|2,dinov2_b|2,1.0,1.0,532,1024,768,768,0.389786860519057,0.35,0.19743487120890404,0.4166336431262583,0.27791145050709526,0.33445683173450874,0.6346039115265079,0.35902255639097747,-0.23958371628003838,0.9999999988564744,0.9743800266311988,0.6862295635330115,heteroscedastic,rbf
3,clip_b16|2,mae_b16|2,1.0,1.0,532,1024,768,768,0.42701163058786273,0.3333333333333333,0.1737309907174658,0.4580877512965753,0.3863504311838699,0.24144412756028003,0.45112358811883035,0.16973684210526319,-0.2758532138948604,0.9999999903760721,0.9350173971099481,0.5599563468350369,heteroscedastic,rbf
3,clip_b16|2,vit_sup_b16|2,1.0,1.0,532,1024,768,768,0.4833830093972482,0.31666666666666665,0.18228261813076566,0.5117693663864762,0.40302710144423515,0.27819548872180455,0.6262072989737699,0.34078947368421053,-0.21503520243039165,0.9999999990413733,0.9776492658542169,0.6951502215885573,heteroscedastic,rbf
3,convnext_s|2,dinov2_b|2,1.0,1.0,532,1024,768,768,0.5495935266486851,0.3,0.4034614465987854,0.562184653115984,0.5283177653030999,0.356040964480166,0.7236600189316438,0.3885338345864661,-0.2714004912380389,0.9999999994449492,0.9832274904955406,0.7163834968496662,heteroscedastic,rbf
3,convnext_s|2,mae_b16|2,1.0,1.0,532,1024,768,768,0.17634343428731747,0.18333333333333332,0.035511790207646186,0.1133744919750702,0.15943909520343175,-0.21564687581021522,0.2823557940970059,0.12387218045112783,-0.5247463341680217,0.9999999908546467,0.9423422608143683,0.5581708461213757,heteroscedastic,rbf
3,convnext_s|2,vit_sup_b16|2,1.0,1.0,532,1024,768,768,0.5620999502776396,0.38333333333333336,0.4373157120158956,0.5528285884160961,0.539010042968483,0.30697433238268085,0.7459197982968928,0.450187969924812,-0.12137586012101798,0.9999999996206997,0.9866733513735005,0.7491262655605428,heteroscedastic,rbf
3,dinov2_b|2,mae_b16|2,1.0,1.0,532,1024,768,768,0.3236199544998735,0.15,0.28925559830211095,0.1345000626958547,0.2870672121573345,-0.2039149598133264,0.3252237124496654,0.15714285714285714,-0.48794516013807254,0.9999999907908543,0.9411900590917408,0.5739549647814723,heteroscedastic,rbf
3,dinov2_b|2,vit_sup_b16|2,1.0,1.0,532,1024,768,768,0.5226870074639096,0.35,0.32868790280071913,0.5754577425750095,0.4612776228103523,0.40128338086595805,0.8390206348697441,0.5071428571428571,-0.03758737984716015,0.9999999995430183,0.9854164539373003,0.7571890686819295,heteroscedastic,rbf
3,mae_b16|2,vit_sup_b16|2,1.0,1.0,532,1024,768,768,0.3473645204570012,0.18333333333333332,0.187205411046559,0.25766153119195573,0.3192693648987189,-0.06630801140782992,0.3430197924379914,0.14642857142857144,-0.4034959170945339,0.9999999909297953,0.9445883611865781,0.5791047877116822,heteroscedastic,rbf
3,clip_b16|2,convnext_s|2,10.0,0.1,532,102,768,768,0.27101664171289364,0.2833333333333333,0.12860059655077413,0.4050797326503534,0.2516133418159011,0.10364272750842625,0.5332974100841287,0.3041353383458647,-0.42300494700446656,0.9999999989602507,0.9755571600704921,0.6676421885457937,heteroscedastic,rbf
3,clip_b16|2,dinov2_b|2,10.0,0.1,532,102,768,768,0.35303809177247714,0.26666666666666666,0.25549190997428084,0.4728214167922678,0.29154664352948373,0.28143634949442575,0.6346039115265079,0.35902255639097747,-0.23958371628003838,0.9999999988564744,0.9743800266311988,0.6862295635330115,heteroscedastic,rbf
3,clip_b16|2,mae_b16|2,10.0,0.1,532,102,768,768,0.2935500376389934,0.25,0.14490087829224807,0.40869961536302574,0.2638829843368307,0.2663339382940109,0.45112358811883035,0.16973684210526319,-0.2758532138948604,0.9999999903760721,0.9350173971099481,0.5599563468350369,heteroscedastic,rbf
3,clip_b16|2,vit_sup_b16|2,10.0,0.1,532,102,768,768,0.3934312039755666,0.4,0.20223581637364202,0.5555704498937242,0.3555748398725457,0.20644283121597098,0.6262072989737699,0.34078947368421053,-0.21503520243039165,0.9999999990413733,0.9776492658542169,0.6951502215885573,heteroscedastic,rbf
3,convnext_s|2,dinov2_b|2,10.0,0.1,532,102,768,768,0.494923930344251,0.36666666666666664,0.3248204048616175,0.6536211813127814,0.49086514995796693,0.43181228934404986,0.7236600189316438,0.3885338345864661,-0.2714004912380389,0.9999999994449492,0.9832274904955406,0.7163834968496662,heteroscedastic,rbf
3,convnext_s|2,mae_b16|2,10.0,0.1,532,102,768,768,0.06397756660435167,0.13333333333333333,0.01863713470161049,0.10173289108319725,0.07101904440396371,-0.28526056520611875,0.2823557940970059,0.12387218045112783,-0.5247463341680217,0.9999999908546467,0.9423422608143683,0.5581708461213757,heteroscedastic,rbf
3,convnext_s|2,vit_sup_b16|2,10.0,0.1,532,102,768,768,0.5494961930449807,0.5,0.42331220646688067,0.6758062980150409,0.5471667694008757,0.3842364532019705,0.7459197982968928,0.450187969924812,-0.12137586012101798,0.9999999996206997,0.9866733513735005,0.7491262655605428,heteroscedastic,rbf
3,dinov2_b|2,mae_b16|2,10.0,0.1,532,102,768,768,0.19245631237864547,0.18333333333333332,0.23231747413565823,0.13770215922289533,0.1847679246210727,-0.2813715322789733,0.3252237124496654,0.15714285714285714,-0.48794516013807254,0.9999999907908543,0.9411900590917408,0.5739549647814723,heteroscedastic,rbf
3,dinov2_b|2,vit_sup_b16|2,10.0,0.1,532,102,768,768,0.4630389528859802,0.3333333333333333,0.2705622123525943,0.6661039399527309,0.4365264484624047,0.4509333679025149,0.8390206348697441,0.5071428571428571,-0.03758737984716015,0.9999999995430183,0.9854164539373003,0.7571890686819295,heteroscedastic,rbf
3,mae_b16|2,vit_sup_b16|2,10.0,0.1,532,102,768,768,0.16207633910094194,0.16666666666666666,0.09103051387581702,0.19857606403522807,0.1567540896809683,-0.15439460720767437,0.3430197924379914,0.14642857142857144,-0.4034959170945339,0.9999999909297953,0.9445883611865781,0.5791047877116822,heteroscedastic,rbf
3,clip_b16|2,convnext_s|2,10.0,0.25,532,256,768,768,0.25283192453312364,0.15,0.14723395720699795,0.3432903845783278,0.21651399443796193,0.12833808659579984,0.5332974100841287,0.3041353383458647,-0.42300494700446656,0.9999999989602507,0.9755571600704921,0.6676421885457937,heteroscedastic,rbf
3,clip_b16|2,dinov2_b|2,10.0,0.25,532,256,768,768,0.3292623590621085,0.21666666666666667,0.2511733237532486,0.4307830782072839,0.26871274136043277,0.24980554835364274,0.6346039115265079,0.35902255639097747,-0.23958371628003838,0.9999999988564744,0.9743800266311988,0.6862295635330115,heteroscedastic,rbf
3,clip_b16|2,mae_b16|2,10.0,0.25,532,256,768,768,0.3132610923919233,0.3,0.16044814812085786,0.4132165095919072,0.27826762241460573,0.2765102411200415,0.45112358811883035,0.16973684210526319,-0.2758532138948604,0.9999999903760721,0.9350173971099481,0.5599563468350369,heteroscedastic,rbf
3,clip_b16|2,vit_sup_b16|2,10.0,0.25,532,256,768,768,0.37465204070011304,0.21666666666666667,0.20462784228300274,0.502430057817028,0.326485893433845,0.23949961109670728,0.6262072989737699,0.34078947368421053,-0.21503520243039165,0.9999999990413733,0.9776492658542169,0.6951502215885573,heteroscedastic,rbf
3,convnext_s|2,dinov2_b|2,10.0,0.25,532,256,768,768,0.515797210547807,0.31666666666666665,0.38367861954765015,0.6415947479584748,0.5055744051509413,0.46188747731397467,0.7236600189316438,0.3885338345864661,-0.2714004912380389,0.9999999994449492,0.9832274904955406,0.7163834968496662,heteroscedastic,rbf
3,convnext_s|2,mae_b16|2,10.0,0.25,532,256,768,768,0.0594873319092553,0.13333333333333333,0.00615474915987054,0.10261929038346124,0.05469869595511035,-0.2279621467461758,0.2823557940970059,0.12387218045112783,-0.5247463341680217,0.9999999908546467,0.9423422608143683,0.5581708461213757,heteroscedastic,rbf
3,convnext_s|2,vit_sup_b16|2,10.0,0.25,532,256,768,768,0.5428352300978613,0.43333333333333335,0.4442689413497173,0.6403062015276564,0.5311506511230208,0.44108115115374646,0.7459197982968928,0.450187969924812,-0.12137586012101798,0.9999999996206997,0.9866733513735005,0.7491262655605428,heteroscedastic,rbf
3,dinov2_b|2,mae_b16|2,10.0,0.25,532,256,768,768,0.2072872424645624,0.2,0.26140529994585143,0.12312153305188617,0.19518093113170326,-0.23126782473424942,0.3252237124496654,0.15714285714285714,-0.48794516013807254,0.9999999907908543,0.9411900590917408,0.5739549647814723,heteroscedastic,rbf
3,dinov2_b|2,vit_sup_b16|2,10.0,0.25,532,256,768,768,0.46773524370901026,0.3,0.31346232541221114,0.6334926003531632,0.4394581959713,0.49118485869847034,0.8390206348697441,0.5071428571428571,-0.03758737984716015,0.9999999995430183,0.9854164539373003,0.7571890686819295,heteroscedastic,rbf
3,mae_b16|2,vit_sup_b16|2,10.0,0.25,532,256,768,768,0.21227453409592803,0.11666666666666667,0.1566611631500052,0.2098981813733827,0.20458965578443564,-0.15245009074410165,0.3430197924379914,0.14642857142857144,-0.4034959170945339,0.9999999909297953,0.9445883611865781,0.5791047877116822,heteroscedastic,rbf
3,clip_b16|2,convnext_s|2,10.0,1.0,532,1024,768,768,0.23329853694038039,0.18333333333333332,0.11826474425181438,0.2929404467575351,0.17334478999648625,0.11848586984703137,0.5332974100841287,0.3041353383458647,-0.42300494700446656,0.9999999989602507,0.9755571600704921,0.6676421885457937,heteroscedastic,rbf
3,clip_b16|2,dinov2_b|2,10.0,1.0,532,1024,768,768,0.3092129700360278,0.3333333333333333,0.19807825608910776,0.42308698749629614,0.1969449264690892,0.3201970443349754,0.6346039115265079,0.35902255639097747,-0.23958371628003838,0.9999999988564744,0.9743800266311988,0.6862295635330115,heteroscedastic,rbf
3,clip_b16|2,mae_b16|2,10.0,1.0,532,1024,768,768,0.3677601326670351,0.25,0.17643931757351886,0.45369876219671745,0.3265516263384929,0.2667876588021779,0.45112358811883035,0.16973684210526319,-0.2758532138948604,0.9999999903760721,0.9350173971099481,0.5599563468350369,heteroscedastic,rbf
3,clip_b16|2,vit_sup_b16|2,10.0,1.0,532,1024,768,768,0.373215147819855,0.25,0.14943188935361568,0.4978662464229152,0.2864454853112067,0.28130671506352095,0.6262072989737699,0.34078947368421053,-0.21503520243039165,0.9999999990413733,0.9776492658542169,0.6951502215885573,heteroscedastic,rbf
3,convnext_s|2,dinov2_b|2,10.0,1.0,532,1024,768,768,0.5392290534140372,0.3,0.41901051359186503,0.6343678288998008,0.5205151870741977,0.39493129375162045,0.7236600189316438,0.3885338345864661,-0.2714004912380389,0.9999999994449492,0.9832274904955406,0.7163834968496662,heteroscedastic,rbf
3,convnext_s|2,mae_b16|2,10.0,1.0,532,1024,768,768,0.12294984152733755,0.15,0.04750211211754318,0.1457590652760195,0.10725271536108277,-0.18045112781954886,0.2823557940970059,0.12387218045112783,-0.5247463341680217,0.9999999908546467,0.9423422608143683,0.5581708461213757,heteroscedastic,rbf
3,convnext_s|2,vit_sup_b16|2,10.0,1.0,532,1024,768,768,0.5206763352120422,0.36666666666666664,0.4131409744333585,0.5944184212429753,0.49442379600104097,0.3689395903551984,0.7459197982968928,0.450187969924812,-0.12137586012101798,0.9999999996206997,0.9866733513735005,0.7491262655605428,heteroscedastic,rbf
3,dinov2_b|2,mae_b16|2,10.0,1.0,532,1024,768,768,0.2659966277684105,0.18333333333333332,0.29176587763358736,0.17592568544442422,0.23321802217859686,-0.17604355716878406,0.3252237124496654,0.15714285714285714,-0.48794516013807254,0.9999999907908543,0.9411900590917408,0.5739549647814723,heteroscedastic,rbf
3,dinov2_b|2,vit_sup_b16|2,10.0,1.0,532,1024,768,768,0.46790324417567825,0.31666666666666665,0.29376001132932483,0.6242365138982328,0.4154192155343718,0.45320197044334976,0.8390206348697441,0.5071428571428571,-0.03758737984716015,0.9999999995430183,0.9854164539373003,0.7571890686819295,heteroscedastic,rbf
3,mae_b16|2,vit_sup_b16|2,10.0,1.0,532,1024,768,768,0.28428990080527994,0.15,0.18218269578624238,0.28739919442110223,0.2619908960301823,-0.11180969665543168,0.3430197924379914,0.14642857142857144,-0.4034959170945339,0.9999999909297953,0.9445883611865781,0.5791047877116822,heteroscedastic,rbf
3,clip_b16|2,convnext_s|2,0.1,0.1,532,102,768,768,0.19458376273267422,0.23333333333333334,0.19458376273267422,,0.2241299421850247,0.10027223230490019,0.5332974100841287,0.3041353383458647,-0.42300494700446656,0.9999999989602507,0.9755571600704921,0.6676421885457937,homoscedastic,rbf
3,clip_b16|2,dinov2_b|2,0.1,0.1,532,102,768,768,0.29417831716199205,0.16666666666666666,0.29417831716199205,,0.27457226392218426,0.2778714026445424,0.6346039115265079,0.35902255639097747,-0.23958371628003838,0.9999999988564744,0.9743800266311988,0.6862295635330115,homoscedastic,rbf
3,clip_b16|2,mae_b16|2,0.1,0.1,532,102,768,768,0.25867416298378604,0.23333333333333334,0.25867416298378604,,0.24671972568766964,0.22523982369717396,0.45112358811883035,0.16973684210526319,-0.2758532138948604,0.9999999903760721,0.9350173971099481,0.5599563468350369,homoscedastic,rbf
3,clip_b16|2,vit_sup_b16|2,0.1,0.1,532,102,768,768,0.37048380689946364,0.2833333333333333,0.37048380689946364,,0.3625064758528639,0.14382940108892922,0.6262072989737699,0.34078947368421053,-0.21503520243039165,0.9999999990413733,0.9776492658542169,0.6951502215885573,homoscedastic,rbf
3,convnext_s|2,dinov2_b|2,0.1,0.1,532,102,768,768,0.40049577915494206,0.21666666666666667,0.40049577915494206,,0.41236319760825174,0.3858568835882811,0.7236600189316438,0.3885338345864661,-0.2714004912380389,0.9999999994449492,0.9832274904955406,0.7163834968496662,homoscedastic,rbf
3,convnext_s|2,mae_b16|2,0.1,0.1,532,102,768,768,0.020756390989974973,0.08333333333333333,0.020756390989974973,,0.040801920450143726,-0.18615504277936223,0.2823557940970059,0.12387218045112783,-0.5247463341680217,0.9999999908546467,0.9423422608143683,0.5581708461213757,homoscedastic,rbf
3,convnext_s|2,vit_sup_b16|2,0.1,0.1,532,102,768,768,0.4483481898560829,0.45,0.4483481898560829,,0.4592943179188049,0.31857661394866477,0.7459197982968928,0.450187969924812,-0.12137586012101798,0.9999999996206997,0.9866733513735005,0.7491262655605428,homoscedastic,rbf
3,dinov2_b|2,mae_b16|2,0.1,0.1,532,102,768,768,0.15801749449304026,0.18333333333333332,0.15801749449304026,,0.17599486788660543,-0.28344568317345087,0.3252237124496654,0.15714285714285714,-0.48794516013807254,0.9999999907908543,0.9411900590917408,0.5739549647814723,homoscedastic,rbf
3,dinov2_b|2,vit_sup_b16|2,0.1,0.1,532,102,768,768,0.37137025380626054,0.23333333333333334,0.37137025380626054,,0.36194575993533745,0.41878402903811257,0.8390206348697441,0.5071428571428571,-0.03758737984716015,0.9999999995430183,0.9854164539373003,0.7571890686819295,homoscedastic,rbf
3,mae_b16|2,vit_sup_b16|2,0.1,0.1,532,102,768,768,0.0967177131047586,0.13333333333333333,0.0967177131047586,,0.10716764484024431,-0.2035908737360643,0.3430197924379914,0.14642857142857144,-0.4034959170945339,0.9999999909297953,0.9445883611865781,0.5791047877116822,homoscedastic,rbf
3,clip_b16|2,convnext_s|2,0.1,0.25,532,256,768,768,0.20356362101005832,0.16666666666666666,0.20356362101005832,,0.21290370646637893,0.11628208452164897,0.5332974100841287,0.3041353383458647,-0.42300494700446656,0.9999999989602507,0.9755571600704921,0.6676421885457937,homoscedastic,rbf
3,clip_b16|2,dinov2_b|2,0.1,0.25,532,256,768,768,0.303604398901108,0.16666666666666666,0.303604398901108,,0.27155866882848223,0.29712211563391233,0.6346039115265079,0.35902255639097747,-0.23958371628003838,0.9999999988564744,0.9743800266311988,0.6862295635330115,homoscedastic,rbf
3,clip_b16|2,mae_b16|2,0.1,0.25,532,256,768,768,0.27682593562759894,0.21666666666666667,0.27682593562759894,,0.26342427809230967,0.2418330308529946,0.45112358811883035,0.16973684210526319,-0.2758532138948604,0.9999999903760721,0.9350173971099481,0.5599563468350369,homoscedastic,rbf
3,clip_b16|2,vit_sup_b16|2,0.1,0.25,532,256,768,768,0.3712196422767841,0.18333333333333332,0.3712196422767841,,0.3477927984918458,0.199572206378014,0.6262072989737699,0.34078947368421053,-0.21503520243039165,0.9999999990413733,0.9776492658542169,0.6951502215885573,homoscedastic,rbf
3,convnext_s|2,dinov2_b|2,0.1,0.25,532,256,768,768,0.43481709671415747,0.2833333333333333,0.43481709671415747,,0.4397057624297401,0.42040445942442317,0.7236600189316438,0.3885338345864661,-0.2714004912380389,0.9999999994449492,0.9832274904955406,0.7163834968496662,homoscedastic,rbf
3,convnext_s|2,mae_b16|2,0.1,0.25,532,256,768,768,0.025847571798810552,0.15,0.025847571798810552,,0.04007248757895444,-0.1887477313974592,0.2823557940970059,0.12387218045112783,-0.5247463341680217,0.9999999908546467,0.9423422608143683,0.5581708461213757,homoscedastic,rbf
3,convnext_s|2,vit_sup_b16|2,0.1,0.25,532,256,768,768,0.45900433056758483,0.45,0.45900433056758483,,0.46018887004762155,0.3710785584651283,0.7459197982968928,0.450187969924812,-0.12137586012101798,0.9999999996206997,0.9866733513735005,0.7491262655605428,homoscedastic,rbf
3,dinov2_b|2,mae_b16|2,0.1,0.25,532,256,768,768,0.18005405570571026,0.2833333333333333,0.18005405570571026,,0.19139945279043302,-0.23612911589318128,0.3252237124496654,0.15714285714285714,-0.48794516013807254,0.9999999907908543,0.9411900590917408,0.5739549647814723,homoscedastic,rbf
3,dinov2_b|2,vit_sup_b16|2,0.1,0.25,532,256,768,768,0.3931464254067372,0.23333333333333334,0.3931464254067372,,0.3732823249990706,0.4614337568058077,0.8390206348697441,0.5071428571428571,-0.03758737984716015,0.9999999995430183,0.9854164539373003,0.7571890686819295,homoscedastic,rbf
3,mae_b16|2,vit_sup_b16|2,0.1,0.25,532,256,768,768,0.14977913827538408,0.16666666666666666,0.14977913827538408,,0.15585219225607921,-0.14447757324345345,0.3430197924379914,0.14642857142857144,-0.4034959170945339,0.9999999909297953,0.9445883611865781,0.5791047877116822,homoscedastic,rbf
3,clip_b16|2,convnext_s|2,0.1,1.0,532,1024,768,768,0.23394137205936683,0.15,0.23394137205936683,,0.19278156768405513,0.13682914182006742,0.5332974100841287,0.3041353383458647,-0.42300494700446656,0.9999999989602507,0.9755571600704921,0.6676421885457937,homoscedastic,rbf
3,clip_b16|2,dinov2_b|2,0.1,1.0,532,1024,768,768,0.33035158430995637,0.31666666666666665,0.33035158430995637,,0.23494536598762156,0.3223360124449054,0.6346039115265079,0.35902255639097747,-0.23958371628003838,0.9999999988564744,0.9743800266311988,0.6862295635330115,homoscedastic,rbf
3,clip_b16|2,mae_b16|2,0.1,1.0,532,1024,768,768,0.2924920902558062,0.18333333333333332,0.2924920902558062,,0.2629493072636284,0.25194451646357274,0.45112358811883035,0.16973684210526319,-0.2758532138948604,0.9999999903760721,0.9350173971099481,0.5599563468350369,homoscedastic,rbf
3,clip_b16|2,vit_sup_b16|2,0.1,1.0,532,1024,768,768,0.38665024069511306,0.21666666666666667,0.38665024069511306,,0.3121884994849299,0.23457350272232308,0.6262072989737699,0.34078947368421053,-0.21503520243039165,0.9999999990413733,0.9776492658542169,0.6951502215885573,homoscedastic,rbf
3,convnext_s|2,dinov2_b|2,0.1,1.0,532,1024,768,768,0.49058719607554463,0.3,0.49058719607554463,,0.4771546301748361,0.4111355976147265,0.7236600189316438,0.3885338345864661,-0.2714004912380389,0.9999999994449492,0.9832274904955406,0.7163834968496662,homoscedastic,rbf
3,convnext_s|2,mae_b16|2,0.1,1.0,532,1024,768,768,0.07726693685260236,0.13333333333333333,0.07726693685260236,,0.07392538318460858,-0.1457091003370495,0.2823557940970059,0.12387218045112783,-0.5247463341680217,0.9999999908546467,0.9423422608143683,0.5581708461213757,homoscedastic,rbf
3,convnext_s|2,vit_sup_b16|2,0.1,1.0,532,1024,768,768,0.5166066572407145,0.43333333333333335,0.5166066572407145,,0.499408179002167,0.3475499092558984,0.7459197982968928,0.450187969924812,-0.12137586012101798,0.9999999996206997,0.9866733513735005,0.7491262655605428,homoscedastic,rbf
3,dinov2_b|2,mae_b16|2,0.1,1.0,532,1024,768,768,0.2351988199967222,0.2,0.2351988199967222,,0.21904534835891099,-0.16256157635467983,0.3252237124496654,0.15714285714285714,-0.48794516013807254,0.9999999907908543,0.9411900590917408,0.5739549647814723,homoscedastic,rbf
3,dinov2_b|2,vit_sup_b16|2,0.1,1.0,532,1024,768,768,0.4594622207283909,0.3,0.4594622207283909,,0.4145907710702067,0.43421052631578955,0.8390206348697441,0.5071428571428571,-0.03758737984716015,0.9999999995430183,0.9854164539373003,0.7571890686819295,homoscedastic,rbf
3,mae_b16|2,vit_sup_b16|2,0.1,1.0,532,1024,768,768,0.21332014811152253,0.15,0.21332014811152253,,0.20046916954382415,-0.07473424941664505,0.3430197924379914,0.14642857142857144,-0.4034959170945339,0.9999999909297953,0.9445883611865781,0.5791047877116822,homoscedastic,rbf
3,clip_b16|2,convnext_s|2,1.0,0.1,532,102,768,768,0.26462073505759737,0.25,0.26462073505759737,,0.2561941832450499,0.10571687840290384,0.5332974100841287,0.3041353383458647,-0.42300494700446656,0.9999999989602507,0.9755571600704921,0.6676421885457937,homoscedastic,rbf
3,clip_b16|2,dinov2_b|2,1.0,0.1,532,102,768,768,0.3553382648285134,0.21666666666666667,0.3553382648285134,,0.30707422466652357,0.28441794140523724,0.6346039115265079,0.35902255639097747,-0.23958371628003838,0.9999999988564744,0.9743800266311988,0.6862295635330115,homoscedastic,rbf
3,clip_b16|2,mae_b16|2,1.0,0.1,532,102,768,768,0.27790682751896534,0.21666666666666667,0.27790682751896534,,0.25410234785643276,0.26620430386310606,0.45112358811883035,0.16973684210526319,-0.2758532138948604,0.9999999903760721,0.9350173971099481,0.5599563468350369,homoscedastic,rbf
3,clip_b16|2,vit_sup_b16|2,1.0,0.1,532,102,768,768,0.3882103005841683,0.3333333333333333,0.3882103005841683,,0.36149334965887847,0.21350790770028522,0.6262072989737699,0.34078947368421053,-0.21503520243039165,0.9999999990413733,0.9776492658542169,0.6951502215885573,homoscedastic,rbf
3,convnext_s|2,dinov2_b|2,1.0,0.1,532,102,768,768,0.4888784135511487,0.35,0.4888784135511487,,0.4916361811895662,0.4389421830438165,0.7236600189316438,0.3885338345864661,-0.2714004912380389,0.9999999994449492,0.9832274904955406,0.7163834968496662,homoscedastic,rbf
3,convnext_s|2,mae_b16|2,1.0,0.1,532,102,768,768,0.060943558176550484,0.1,0.060943558176550484,,0.07439615670124851,-0.26892662691210784,0.2823557940970059,0.12387218045112783,-0.5247463341680217,0.9999999908546467,0.9423422608143683,0.5581708461213757,homoscedastic,rbf
3,convnext_s|2,vit_sup_b16|2,1.0,0.1,532,102,768,768,0.54508912524757,0.5,0.54508912524757,,0.5465613071389084,0.37723619393310864,0.7459197982968928,0.450187969924812,-0.12137586012101798,0.9999999996206997,0.9866733513735005,0.7491262655605428,homoscedastic,rbf
3,dinov2_b|2,mae_b16|2,1.0,0.1,532,102,768,768,0.19718438106772518,0.15,0.19718438106772518,,0.19865862901397946,-0.26037075447238783,0.3252237124496654,0.15714285714285714,-0.48794516013807254,0.9999999907908543,0.9411900590917408,0.5739549647814723,homoscedastic,rbf
3,dinov2_b|2,vit_sup_b16|2,1.0,0.1,532,102,768,768,0.45963622121172554,0.31666666666666665,0.45963622121172554,,0.44134001585384725,0.46856365050557425,0.8390206348697441,0.5071428571428571,-0.03758737984716015,0.9999999995430183,0.9854164539373003,0.7571890686819295,homoscedastic,rbf
3,mae_b16|2,vit_sup_b16|2,1.0,0.1,532,102,768,768,0.1468659635165653,0.13333333333333333,0.1468659635165653,,0.1471705769625132,-0.1475239823697174,0.3430197924379914,0.14642857142857144,-0.4034959170945339,0.9999999909297953,0.9445883611865781,0.5791047877116822,homoscedastic,rbf
3,clip_b16|2,convnext_s|2,1.0,0.25,532,256,768,768,0.24799585554404316,0.16666666666666666,0.24799585554404316,,0.22345589884238132,0.14136634690173713,0.5332974100841287,0.3041353383458647,-0.42300494700446656,0.9999999989602507,0.9755571600704921,0.6676421885457937,homoscedastic,rbf
3,clip_b16|2,dinov2_b|2,1.0,0.25,532,256,768,768,0.33363137119825326,0.21666666666666667,0.33363137119825326,,0.2891485542658482,0.26166709878143635,0.6346039115265079,0.35902255639097747,-0.23958371628003838,0.9999999988564744,0.9743800266311988,0.6862295635330115,homoscedastic,rbf
3,clip_b16|2,mae_b16|2,1.0,0.25,532,256,768,768,0.2941848171800477,0.23333333333333334,0.2941848171800477,,0.26852266308655937,0.2728156598392533,0.45112358811883035,0.16973684210526319,-0.2758532138948604,0.9999999903760721,0.9350173971099481,0.5599563468350369,homoscedastic,rbf
3,clip_b16|2,vit_sup_b16|2,1.0,0.25,532,256,768,768,0.365512293089703,0.23333333333333334,0.365512293089703,,0.33156988764395284,0.2593336790251491,0.6262072989737699,0.34078947368421053,-0.21503520243039165,0.9999999990413733,0.9776492658542169,0.6951502215885573,homoscedastic,rbf
3,convnext_s|2,dinov2_b|2,1.0,0.25,532,256,768,768,0.5093790816085599,0.3,0.5093790816085599,,0.5038089107735406,0.46240601503759404,0.7236600189316438,0.3885338345864661,-0.2714004912380389,0.9999999994449492,0.9832274904955406,0.7163834968496662,homoscedastic,rbf
3,convnext_s|2,mae_b16|2,1.0,0.25,532,256,768,768,0.05374748263189619,0.15,0.05374748263189619,,0.05645287258039952,-0.20067409904070524,0.2823557940970059,0.12387218045112783,-0.5247463341680217,0.9999999908546467,0.9423422608143683,0.5581708461213757,homoscedastic,rbf
3,convnext_s|2,vit_sup_b16|2,1.0,0.25,532,256,768,768,0.5373502704174178,0.43333333333333335,0.5373502704174178,,0.5295682644834248,0.4602022297122116,0.7459197982968928,0.450187969924812,-0.12137586012101798,0.9999999996206997,0.9866733513735005,0.7491262655605428,homoscedastic,rbf
3,dinov2_b|2,mae_b16|2,1.0,0.25,532,256,768,768,0.20852474590207193,0.23333333333333334,0.20852474590207193,,0.20817303598775344,-0.20281306715063524,0.3252237124496654,0.15714285714285714,-0.48794516013807254,0.9999999907908543,0.9411900590917408,0.5739549647814723,homoscedastic,rbf
3,dinov2_b|2,vit_sup_b16|2,1.0,0.25,532,256,768,768,0.46378173272703527,0.2833333333333333,0.46378173272703527,,0.4418822186271911,0.5063520871143377,0.8390206348697441,0.5071428571428571,-0.03758737984716015,0.9999999995430183,0.9854164539373003,0.7571890686819295,homoscedastic,rbf
3,mae_b16|2,vit_sup_b16|2,1.0,0.25,532,256,768,768,0.19261359059330718,0.13333333333333333,0.19261359059330718,,0.19173673679375727,-0.12697692507129893,0.3430197924379914,0.14642857142857144,-0.4034959170945339,0.9999999909297953,0.9445883611865781,0.5791047877116822,homoscedastic,rbf
3,clip_b16|2,convnext_s|2,1.0,1.0,532,1024,768,768,0.23301970283250784,0.15,0.23301970283250784,,0.1772534618830101,0.12263417163598653,0.5332974100841287,0.3041353383458647,-0.42300494700446656,0.9999999989602507,0.9755571600704921,0.6676421885457937,homoscedastic,rbf
3,clip_b16|2,dinov2_b|2,1.0,1.0,532,1024,768,768,0.3194916652546257,0.31666666666666665,0.3194916652546257,,0.22101118943428633,0.33964220897070263,0.6346039115265079,0.35902255639097747,-0.23958371628003838,0.9999999988564744,0.9743800266311988,0.6862295635330115,homoscedastic,rbf
3,clip_b16|2,mae_b16|2,1.0,1.0,532,1024,768,768,0.323812121700338,0.21666666666666667,0.323812121700338,,0.29097828250788194,0.27268602540834846,0.45112358811883035,0.16973684210526319,-0.2758532138948604,0.9999999903760721,0.9350173971099481,0.5599563468350369,homoscedastic,rbf
3,clip_b16|2,vit_sup_b16|2,1.0,1.0,532,1024,768,768,0.35301414726152014,0.21666666666666667,0.35301414726152014,,0.27314997475616615,0.2796862846772103,0.6262072989737699,0.34078947368421053,-0.21503520243039165,0.9999999990413733,0.9776492658542169,0.6951502215885573,homoscedastic,rbf
3,convnext_s|2,dinov2_b|2,1.0,1.0,532,1024,768,768,0.533435037319548,0.2833333333333333,0.533435037319548,,0.5183510230048677,0.41100596318382165,0.7236600189316438,0.3885338345864661,-0.2714004912380389,0.9999999994449492,0.9832274904955406,0.7163834968496662,homoscedastic,rbf
3,convnext_s|2,mae_b16|2,1.0,1.0,532,1024,768,768,0.10131872588534968,0.16666666666666666,0.10131872588534968,,0.09292151805983448,-0.1799325900959295,0.2823557940970059,0.12387218045112783,-0.5247463341680217,0.9999999908546467,0.9423422608143683,0.5581708461213757,homoscedastic,rbf
3,convnext_s|2,vit_sup_b16|2,1.0,1.0,532,1024,768,768,0.5283482454117927,0.36666666666666664,0.5283482454117927,,0.5065855076409068,0.41262639357013225,0.7459197982968928,0.450187969924812,-0.12137586012101798,0.9999999996206997,0.9866733513735005,0.7491262655605428,homoscedastic,rbf
3,dinov2_b|2,mae_b16|2,1.0,1.0,532,1024,768,768,0.2502694174150484,0.25,0.2502694174150484,,0.2297852205447631,-0.151283380865958,0.3252237124496654,0.15714285714285714,-0.48794516013807254,0.9999999907908543,0.9411900590917408,0.5739549647814723,homoscedastic,rbf
3,dinov2_b|2,vit_sup_b16|2,1.0,1.0,532,1024,768,768,0.47168864357956547,0.2833333333333333,0.47168864357956547,,0.4310243719921762,0.47491573761991185,0.8390206348697441,0.5071428571428571,-0.03758737984716015,0.9999999995430183,0.9854164539373003,0.7571890686819295,homoscedastic,rbf
3,mae_b16|2,vit_sup_b16|2,1.0,1.0,532,1024,768,768,0.24884630235083985,0.2,0.24884630235083985,,0.23611131931111318,-0.10876328752916777,0.3430197924379914,0.14642857142857144,-0.4034959170945339,0.9999999909297953,0.9445883611865781,0.5791047877116822,homoscedastic,rbf
3,clip_b16|2,convnext_s|2,10.0,0.1,532,102,768,768,0.26820163389342744,0.23333333333333334,0.26820163389342744,,0.2527180593547892,0.09385532797511019,0.5332974100841287,0.3041353383458647,-0.42300494700446656,0.9999999989602507,0.9755571600704921,0.6676421885457937,homoscedastic,rbf
3,clip_b16|2,dinov2_b|2,10.0,0.1,532,102,768,768,0.357404381678838,0.23333333333333334,0.357404381678838,,0.3054448431224644,0.2727508426238009,0.6346039115265079,0.35902255639097747,-0.23958371628003838,0.9999999988564744,0.9743800266311988,0.6862295635330115,homoscedastic,rbf
3,clip_b16|2,mae_b16|2,10.0,0.1,532,102,768,768,0.2866287406353906,0.21666666666666667,0.2866287406353906,,0.25944867406912614,0.2680191858957739,0.45112358811883035,0.16973684210526319,-0.2758532138948604,0.9999999903760721,0.9350173971099481,0.5599563468350369,homoscedastic,rbf
3,clip_b16|2,vit_sup_b16|2,10.0,0.1,532,102,768,768,0.3763292120255889,0.3333333333333333,0.3763292120255889,,0.34872767479705996,0.22588799585169822,0.6262072989737699,0.34078947368421053,-0.21503520243039165,0.9999999990413733,0.9776492658542169,0.6951502215885573,homoscedastic,rbf
3,convnext_s|2,dinov2_b|2,10.0,0.1,532,102,768,768,0.513883483009675,0.3333333333333333,0.513883483009675,,0.514129576419261,0.45385014259787404,0.7236600189316438,0.3885338345864661,-0.2714004912380389,0.9999999994449492,0.9832274904955406,0.7163834968496662,homoscedastic,rbf
3,convnext_s|2,mae_b16|2,10.0,0.1,532,102,768,768,0.07492587479409665,0.11666666666666667,0.07492587479409665,,0.08608109866441532,-0.27780658542909,0.2823557940970059,0.12387218045112783,-0.5247463341680217,0.9999999908546467,0.9423422608143683,0.5581708461213757,homoscedastic,rbf
3,convnext_s|2,vit_sup_b16|2,10.0,0.1,532,102,768,768,0.5644835124542013,0.5,0.5644835124542013,,0.565942170633926,0.39337568058076233,0.7459197982968928,0.450187969924812,-0.12137586012101798,0.9999999996206997,0.9866733513735005,0.7491262655605428,homoscedastic,rbf
3,dinov2_b|2,mae_b16|2,10.0,0.1,532,102,768,768,0.2048689024136178,0.18333333333333332,0.2048689024136178,,0.2014466185854579,-0.2573891625615764,0.3252237124496654,0.15714285714285714,-0.48794516013807254,0.9999999907908543,0.9411900590917408,0.5739549647814723,homoscedastic,rbf
3,dinov2_b|2,vit_sup_b16|2,10.0,0.1,532,102,768,768,0.4740197611660032,0.3,0.4740197611660032,,0.4562345523926478,0.4636375421311901,0.8390206348697441,0.5071428571428571,-0.03758737984716015,0.9999999995430183,0.9854164539373003,0.7571890686819295,homoscedastic,rbf
3,mae_b16|2,vit_sup_b16|2,10.0,0.1,532,102,768,768,0.15520393112203087,0.13333333333333333,0.15520393112203087,,0.1538697867885406,-0.13034742027482502,0.3430197924379914,0.14642857142857144,-0.4034959170945339,0.9999999909297953,0.9445883611865781,0.5791047877116822,homoscedastic,rbf
3,clip_b16|2,convnext_s|2,10.0,0.25,532,256,768,768,0.2460455167931022,0.18333333333333332,0.2460455167931022,,0.21583590368727867,0.15134819808141042,0.5332974100841287,0.3041353383458647,-0.42300494700446656,0.9999999989602507,0.9755571600704921,0.6676421885457937,homoscedastic,rbf
3,clip_b16|2,dinov2_b|2,10.0,0.25,532,256,768,768,0.3276144100400279,0.2,0.3276144100400279,,0.28430590549811907,0.24876847290640394,0.6346039115265079,0.35902255639097747,-0.23958371628003838,0.9999999988564744,0.9743800266311988,0.6862295635330115,homoscedastic,rbf
3,clip_b16|2,mae_b16|2,10.0,0.25,532,256,768,768,0.3006313906427518,0.25,0.3006313906427518,,0.26988146790795176,0.30742805289084785,0.45112358811883035,0.16973684210526319,-0.2758532138948604,0.9999999903760721,0.9350173971099481,0.5599563468350369,homoscedastic,rbf
3,clip_b16|2,vit_sup_b16|2,10.0,0.25,532,256,768,768,0.3458510162528229,0.25,0.3458510162528229,,0.3131209773261204,0.2542131190044076,0.6262072989737699,0.34078947368421053,-0.21503520243039165,0.9999999990413733,0.9776492658542169,0.6951502215885573,homoscedastic,rbf
3,convnext_s|2,dinov2_b|2,10.0,0.25,532,256,768,768,0.5294093594704429,0.31666666666666665,0.5294093594704429,,0.5233558679021955,0.479971480425201,0.7236600189316438,0.3885338345864661,-0.2714004912380389,0.9999999994449492,0.9832274904955406,0.7163834968496662,homoscedastic,rbf
3,convnext_s|2,mae_b16|2,10.0,0.25,532,256,768,768,0.06375812155033764,0.1,0.06375812155033764,,0.06298696314879952,-0.21260046668395127,0.2823557940970059,0.12387218045112783,-0.5247463341680217,0.9999999908546467,0.9423422608143683,0.5581708461213757,homoscedastic,rbf
3,convnext_s|2,vit_sup_b16|2,10.0,0.25,532,256,768,768,0.5512836424545624,0.4166666666666667,0.5512836424545624,,0.543309964298863,0.4759528130671507,0.7459197982968928,0.450187969924812,-0.12137586012101798,0.9999999996206997,0.9866733513735005,0.7491262655605428,homoscedastic,rbf
3,dinov2_b|2,mae_b16|2,10.0,0.25,532,256,768,768,0.21139025386181623,0.23333333333333334,0.21139025386181623,,0.20709470155312543,-0.18064557946590615,0.3252237124496654,0.15714285714285714,-0.48794516013807254,0.9999999907908543,0.9411900590917408,0.5739549647814723,homoscedastic,rbf
3,dinov2_b|2,vit_sup_b16|2,10.0,0.25,532,256,768,768,0.47276975769377133,0.3,0.47276975769377133,,0.45386921715333506,0.5087503240860772,0.8390206348697441,0.5071428571428571,-0.03758737984716015,0.9999999995430183,0.9854164539373003,0.7571890686819295,homoscedastic,rbf
3,mae_b16|2,vit_sup_b16|2,10.0,0.25,532,256,768,768,0.20088766913241424,0.15,0.20088766913241424,,0.197986909183359,-0.12892144153487167,0.3430197924379914,0.14642857142857144,-0.4034959170945339,0.9999999909297953,0.9445883611865781,0.5791047877116822,homoscedastic,rbf
3,clip_b16|2,convnext_s|2,10.0,1.0,532,1024,768,768,0.2137645937905383,0.16666666666666666,0.2137645937905383,,0.16241394011275181,0.11725434275343531,0.5332974100841287,0.3041353383458647,-0.42300494700446656,0.9999999989602507,0.9755571600704921,0.6676421885457937,homoscedastic,rbf
3,clip_b16|2,dinov2_b|2,10.0,1.0,532,1024,768,768,0.2978542162617118,0.3,0.2978542162617118,,0.206558644843842,0.30315011667098785,0.6346039115265079,0.35902255639097747,-0.23958371628003838,0.9999999988564744,0.9743800266311988,0.6862295635330115,homoscedastic,rbf
3,clip_b16|2,mae_b16|2,10.0,1.0,532,1024,768,768,0.32772079922444225,0.25,0.32772079922444225,,0.29546835706413616,0.27877884366087635,0.45112358811883035,0.16973684210526319,-0.2758532138948604,0.9999999903760721,0.9350173971099481,0.5599563468350369,homoscedastic,rbf
3,clip_b16|2,vit_sup_b16|2,10.0,1.0,532,1024,768,768,0.3287065241847894,0.21666666666666667,0.3287065241847894,,0.25321491616768627,0.27164894996110966,0.6262072989737699,0.34078947368421053,-0.21503520243039165,0.9999999990413733,0.9776492658542169,0.6951502215885573,homoscedastic,rbf
3,convnext_s|2,dinov2_b|2,10.0,1.0,532,1024,768,768,0.5409635026763963,0.31666666666666665,0.5409635026763963,,0.5310739752262651,0.4159968887736583,0.7236600189316438,0.3885338345864661,-0.2714004912380389,0.9999999994449492,0.9832274904955406,0.7163834968496662,homoscedastic,rbf
3,convnext_s|2,mae_b16|2,10.0,1.0,532,1024,768,768,0.10471879088553022,0.15,0.10471879088553022,,0.09896055066335518,-0.17772880477054706,0.2823557940970059,0.12387218045112783,-0.5247463341680217,0.9999999908546467,0.9423422608143683,0.5581708461213757,homoscedastic,rbf
3,convnext_s|2,vit_sup_b16|2,10.0,1.0,532,1024,768,768,0.5166742129839249,0.36666666666666664,0.5166742129839249,,0.49702957725872354,0.4253305677988074,0.7459197982968928,0.450187969924812,-0.12137586012101798,0.9999999996206997,0.9866733513735005,0.7491262655605428,homoscedastic,rbf
3,dinov2_b|2,mae_b16|2,10.0,1.0,532,1024,768,768,0.24729218692274144,0.21666666666666667,0.24729218692274144,,0.2300851034997188,-0.13261602281565985,0.3252237124496654,0.15714285714285714,-0.48794516013807254,0.9999999907908543,0.9411900590917408,0.5739549647814723,homoscedastic,rbf
3,dinov2_b|2,vit_sup_b16|2,10.0,1.0,532,1024,768,768,0.45828599523887564,0.25,0.45828599523887564,,0.4226288484854299,0.4815919108115116,0.8390206348697441,0.5071428571428571,-0.03758737984716015,0.9999999995430183,0.9854164539373003,0.7571890686819295,homoscedastic,rbf
3,mae_b16|2,vit_sup_b16|2,10.0,1.0,532,1024,768,768,0.25331553698760273,0.15,0.25331553698760273,,0.242945817498474,-0.1080502981591911,0.3430197924379914,0.14642857142857144,-0.4034959170945339,0.9999999909297953,0.9445883611865781,0.5791047877116822,homoscedastic,rbf
4,clip_b16|2,convnext_s|2,0.1,0.1,532,102,768,768,0.31540004277789657,0.26666666666666666,0.15081426826381872,0.14815910169267635,0.36384534344205965,-0.02832512315270936,0.5797853091695772,0.32744360902255637,-0.3675705915974897,0.9999999988660204,0.9742893420871883,0.6628869467032524,heteroscedastic,rbf
4,clip_b16|2,dinov2_b|2,0.1,0.1,532,102,768,768,0.39929927583132174,0.2833333333333333,0.20126858245597262,0.2995809012508172,0.3793843172832118,0.2620560020741509,0.6856060113127179,0.3678571428571428,-0.22608297423892065,0.999999998779492,0.9733022510713794,0.6852385990828092,heteroscedastic,rbf
4,clip_b16|2,mae_b16|2,0.1,0.1,532,102,768,768,0.3475451876255211,0.3333333333333333,0.14267095661806714,0.4171139855321984,0.32443970381367776,0.2788436608763288,0.42413719423264545,0.17030075187969923,-0.3144438983391561,0.9999999899194135,0.9349228664247001,0.560845925052737,heteroscedastic,rbf
4,clip_b16|2,vit_sup_b16|2,0.1,0.1,532,102,768,768,0.5333539815388376,0.38333333333333336,0.22460080933504736,0.45204046382086127,0.5207441654364545,0.08724397199896293,0.6804957983518403,0.3672932330827068,-0.17522629457246197,0.9999999990121713,0.9773666520448374,0.6948929301657982,heteroscedastic,rbf
4,convnext_s|2,dinov2_b|2,0.1,0.1,532,102,768,768,0.3923050341806505,0.3,0.3536857417104441,0.27671548565270293,0.40943946996343544,0.280399274047187,0.7287776379825324,0.38609022556390976,-0.24120521289023922,0.9999999993310087,0.9816946155070022,0.7137675488935172,heteroscedastic,rbf
4,convnext_s|2,mae_b16|2,0.1,0.1,532,102,768,768,0.13244531234808984,0.23333333333333334,0.00523460095131104,0.11606887774978572,0.16348815218733925,-0.10947627689914444,0.2948114446055261,0.1325187969924812,-0.5251948707122668,0.999999990321218,0.9406714109560674,0.5583851846441684,heteroscedastic,rbf
4,convnext_s|2,vit_sup_b16|2,0.1,0.1,532,102,768,768,0.4667231853421815,0.38333333333333336,0.3690011773224442,0.3198390629525028,0.4887671685052893,0.2554446460980037,0.7585306523322293,0.46691729323308273,-0.10652854248219168,0.9999999995511247,0.9856150876172008,0.7462131910834997,heteroscedastic,rbf
4,dinov2_b|2,mae_b16|2,0.1,0.1,532,102,768,768,0.2422385062180728,0.23333333333333334,0.18672808416336875,0.12027578356553138,0.25461172165345314,-0.20767435830956704,0.3495478733322987,0.15281954887218047,-0.41718396318135464,0.9999999903047627,0.9401732573465037,0.5759639805031452,heteroscedastic,rbf
4,dinov2_b|2,vit_sup_b16|2,0.1,0.1,532,102,768,768,0.43764449345692624,0.31666666666666665,0.29293115907583334,0.38549349177930275,0.4302277821283251,0.3247342494166451,0.8554916569035255,0.4781954887218045,-0.009898198211662323,0.9999999994458715,0.9842496623107063,0.7541718016635119,heteroscedastic,rbf
4,mae_b16|2,vit_sup_b16|2,0.1,0.1,532,102,768,768,0.24560112666979628,0.2833333333333333,0.06800883701713112,0.25016483843320125,0.2501710404656858,-0.16191340420015557,0.35016857666210766,0.15300751879699248,-0.35164808578737355,0.9999999904977502,0.9438570528184569,0.5791944250042427,heteroscedastic,rbf
4,clip_b16|2,convnext_s|2,0.1,0.25,532,256,768,768,0.3358906552518201,0.26666666666666666,0.1491777702975799,0.11744623167193506,0.37208189375523915,0.0058983666061706,0.5797853091695772,0.32744360902255637,-0.3675705915974897,0.9999999988660204,0.9742893420871883,0.6628869467032524,heteroscedastic,rbf
4,clip_b16|2,dinov2_b|2,0.1,0.25,532,256,768,768,0.4226246184017178,0.21666666666666667,0.23471381323974663,0.3023875530994792,0.38462278756684226,0.2680840031112264,0.6856060113127179,0.3678571428571428,-0.22608297423892065,0.999999998779492,0.9733022510713794,0.6852385990828092,heteroscedastic,rbf
4,clip_b16|2,mae_b16|2,0.1,0.25,532,256,768,768,0.38924080344667616,0.35,0.1664291114764946,0.44478114957667025,0.36460160912951345,0.2520741508944776,0.42413719423264545,0.17030075187969923,-0.3144438983391561,0.9999999899194135,0.9349228664247001,0.560845925052737,heteroscedastic,rbf
4,clip_b16|2,vit_sup_b16|2,0.1,0.25,532,256,768,768,0.5564952680424112,0.38333333333333336,0.23755297366920425,0.47007117724941966,0.5287458911313195,0.15426497277676954,0.6804957983518403,0.3672932330827068,-0.17522629457246197,0.9999999990121713,0.9773666520448374,0.6948929301657982,heteroscedastic,rbf
4,convnext_s|2,dinov2_b|2,0.1,0.25,532,256,768,768,0.4197987216631157,0.3,0.31944113217048403,0.30274669282857164,0.4320680036504623,0.29595540575576873,0.7287776379825324,0.38609022556390976,-0.24120521289023922,0.9999999993310087,0.9816946155070022,0.7137675488935172,heteroscedastic,rbf
4,convnext_s|2,mae_b16|2,0.1,0.25,532,256,768,768,0.15364759346553739,0.16666666666666666,-0.022107459292876885,0.13509043702501605,0.17990114130910567,-0.1652190821882292,0.2948114446055261,0.1325187969924812,-0.5251948707122668,0.999999990321218,0.9406714109560674,0.5583851846441684,heteroscedastic,rbf
4,convnext_s|2,vit_sup_b16|2,0.1,0.25,532,256,768,768,0.4893339703721399,0.35,0.3355789502438842,0.33692528916193937,0.5039179659346155,0.29115893181228936,0.7585306523322293,0.46691729323308273,-0.10652854248219168,0.9999999995511247,0.9856150876172008,0.7462131910834997,heteroscedastic,rbf
4,dinov2_b|2,mae_b16|2,0.1,0.25,532,256,768,768,0.3134020372278812,0.21666666666666667,0.23605521680003724,0.1718154066475479,0.31711689334150406,-0.20903551983406793,0.3495478733322987,0.15281954887218047,-0.41718396318135464,0.9999999903047627,0.9401732573465037,0.5759639805031452,heteroscedastic,rbf
4,dinov2_b|2,vit_sup_b16|2,0.1,0.25,532,256,768,768,0.4544713735315931,0.3,0.2647573711150022,0.39525226214742654,0.4301313189033743,0.34333679025149083,0.8554916569035255,0.4781954887218045,-0.009898198211662323,0.9999999994458715,0.9842496623107063,0.7541718016635119,heteroscedastic,rbf
4,mae_b16|2,vit_sup_b16|2,0.1,0.25,532,256,768,768,0.28433828982858284,0.26666666666666666,0.07094756035821802,0.280082909333416,0.27888874964472754,-0.14862587503240862,0.35016857666210766,0.15300751879699248,-0.35164808578737355,0.9999999904977502,0.9438570528184569,0.5791944250042427,heteroscedastic,rbf
4,clip_b16|2,convnext_s|2,0.1,1.0,532,1024,768,768,0.34058727940910943,0.16666666666666666,0.12231914729577967,0.1378892693461395,0.32834058069212474,0.06358568835882811,0.5797853091695772,0.32744360902255637,-0.3675705915974897,0.9999999988660204,0.9742893420871883,0.6628869467032524,heteroscedastic,rbf
4,clip_b16|2,dinov2_b|2,0.1,1.0,532,1024,768,768,0.4127575909933082,0.25,0.20273614696204623,0.319770921355381,0.3366095102696234,0.2918071039668136,0.6856060113127179,0.3678571428571428,-0.22608297423892065,0.999999998779492,0.9733022510713794,0.6852385990828092,heteroscedastic,rbf
4,clip_b16|2,mae_b16|2,0.1,1.0,532,1024,768,768,0.41884933013702813,0.31666666666666665,0.1483582632993316,0.4452681944347863,0.38980916620995915,0.22109152190821885,0.42413719423264545,0.17030075187969923,-0.3144438983391561,0.9999999899194135,0.9349228664247001,0.560845925052737,heteroscedastic,rbf
4,clip_b16|2,vit_sup_b16|2,0.1,1.0,532,1024,768,768,0.5588255522932007,0.3,0.2481522902794429,0.4646265519318561,0.5092344612510149,0.21363754213119007,0.6804957983518403,0.3672932330827068,-0.17522629457246197,0.9999999990121713,0.9773666520448374,0.6948929301657982,heteroscedastic,rbf
4,convnext_s|2,dinov2_b|2,0.1,1.0,532,1024,768,768,0.4915259209053358,0.3333333333333333,0.34644316889697774,0.4042480700428594,0.48399250120223014,0.3212341197822142,0.7287776379825324,0.38609022556390976,-0.24120521289023922,0.9999999993310087,0.9816946155070022,0.7137675488935172,heteroscedastic,rbf
4,convnext_s|2,mae_b16|2,0.1,1.0,532,1024,768,768,0.18979402720563113,0.18333333333333332,-0.0006457211940145078,0.10728084587180611,0.1949691167776156,-0.17118226600985223,0.2948114446055261,0.1325187969924812,-0.5251948707122668,0.999999990321218,0.9406714109560674,0.5583851846441684,heteroscedastic,rbf
4,convnext_s|2,vit_sup_b16|2,0.1,1.0,532,1024,768,768,0.5378296050822362,0.38333333333333336,0.37400088887754684,0.41203520239590313,0.5311547734830614,0.29446460980036304,0.7585306523322293,0.46691729323308273,-0.10652854248219168,0.9999999995511247,0.9856150876172008,0.7462131910834997,heteroscedastic,rbf
4,dinov2_b|2,mae_b16|2,0.1,1.0,532,1024,768,768,0.3313896983047175,0.18333333333333332,0.2591538122980324,0.1247178337451152,0.31884513657453767,-0.23282343790510762,0.3495478733322987,0.15281954887218047,-0.41718396318135464,0.9999999903047627,0.9401732573465037,0.5759639805031452,heteroscedastic,rbf
4,dinov2_b|2,vit_sup_b16|2,0.1,1.0,532,1024,768,768,0.5066472962424895,0.35,0.30987985775802657,0.4490455847735925,0.46119142800950275,0.3657635467980296,0.8554916569035255,0.4781954887218045,-0.009898198211662323,0.9999999994458715,0.9842496623107063,0.7541718016635119,heteroscedastic,rbf
4,mae_b16|2,vit_sup_b16|2,0.1,1.0,532,1024,768,768,0.3559026552851535,0.23333333333333334,0.1540024380333198,0.257416891687535,0.34474292662978634,-0.09612393051594505,0.35016857666210766,0.15300751879699248,-0.35164808578737355,0.9999999904977502,0.9438570528184569,0.5791944250042427,heteroscedastic,rbf
4,clip_b16|2,convnext_s|2,1.0,0.1,532,102,768,768,0.3233583426620629,0.18333333333333332,0.148593691844881,0.2441957462328728,0.32793021848808024,0.0214544983147524,0.5797853091695772,0.32744360902255637,-0.3675705915974897,0.9999999988660204,0.9742893420871883,0.6628869467032524,heteroscedastic,rbf
4,clip_b16|2,dinov2_b|2,1.0,0.1,532,102,768,768,0.4265352959313775,0.23333333333333334,0.21937860881857824,0.4734413936185394,0.358062496777064,0.3003629764065336,0.6856060113127179,0.3678571428571428,-0.22608297423892065,0.999999998779492,0.9733022510713794,0.6852385990828092,heteroscedastic,rbf
4,clip_b16|2,mae_b16|2,1.0,0.1,532,102,768,768,0.3554200428334523,0.3,0.12366162915475223,0.41482956641557606,0.3226729352522645,0.26270417422867515,0.42413719423264545,0.17030075187969923,-0.3144438983391561,0.9999999899194135,0.9349228664247001,0.560845925052737,heteroscedastic,rbf
4,clip_b16|2,vit_sup_b16|2,1.0,0.1,532,102,768,768,0.529612526701463,0.2833333333333333,0.24982940416270022,0.5551141246080811,0.47941233434108793,0.17461757842883072,0.6804957983518403,0.3672932330827068,-0.17522629457246197,0.9999999990121713,0.9773666520448374,0.6948929301657982,heteroscedastic,rbf
4,convnext_s|2,dinov2_b|2,1.0,0.1,532,102,768,768,0.46592312756424314,0.31666666666666665,0.3515047029098429,0.4674935258501013,0.47019308834622303,0.3043816437645839,0.7287776379825324,0.38609022556390976,-0.24120521289023922,0.9999999993310087,0.9816946155070022,0.7137675488935172,heteroscedastic,rbf
4,convnext_s|2,mae_b16|2,1.0,0.1,532,102,768,768,0.128357189881083,0.16666666666666666,-0.0019098466821019131,0.1101098392277211,0.13722459636848564,-0.18395125745397978,0.2948114446055261,0.1325187969924812,-0.5251948707122668,0.999999990321218,0.9406714109560674,0.5583851846441684,heteroscedastic,rbf
4,convnext_s|2,vit_sup_b16|2,1.0,0.1,532,102,768,768,0.49597304436956763,0.43333333333333335,0.3762257784912122,0.45812405624586156,0.4967036110075108,0.25687062483795703,0.7585306523322293,0.46691729323308273,-0.10652854248219168,0.9999999995511247,0.9856150876172008,0.7462131910834997,heteroscedastic,rbf
4,dinov2_b|2,mae_b16|2,1.0,0.1,532,102,768,768,0.2782182728285356,0.21666666666666667,0.24349080507756474,0.15487719292366267,0.2658163711958862,-0.22899922219341456,0.3495478733322987,0.15281954887218047,-0.41718396318135464,0.9999999903047627,0.9401732573465037,0.5759639805031452,heteroscedastic,rbf
4,dinov2_b|2,vit_sup_b16|2,1.0,0.1,532,102,768,768,0.4906239739554832,0.3333333333333333,0.3223471471182198,0.5264494122647614,0.4541320738199258,0.37354161265232044,0.8554916569035255,0.4781954887218045,-0.009898198211662323,0.9999999994458715,0.9842496623107063,0.7541718016635119,heteroscedastic,rbf
4,mae_b16|2,vit_sup_b16|2,1.0,0.1,532,102,768,768,0.27947738743718725,0.25,0.10360707083577674,0.275184533868189,0.26645638633019414,-0.12568058076225047,0.35016857666210766,0.15300751879699248,-0.35164808578737355,0.9999999904977502,0.9438570528184569,0.5791944250042427,heteroscedastic,rbf
4,clip_b16|2,convnext_s|2,1.0,0.25,532,256,768,768,0.2743708176967158,0.15,0.1168104787628176,0.21846894209332657,0.2569562951885613,0.08218822919367386,0.5797853091695772,0.32744360902255637,-0.3675705915974897,0.9999999988660204,0.9742893420871883,0.6628869467032524,heteroscedastic,rbf
4,clip_b16|2,dinov2_b|2,1.0,0.25,532,256,768,768,0.40257734049261246,0.3,0.2328098972003952,0.4403402164724491,0.3045217342813662,0.2965387606948406,0.6856060113127179,0.3678571428571428,-0.22608297423892065,0.999999998779492,0.9733022510713794,0.6852385990828092,heteroscedastic,rbf
4,clip_b16|2,mae_b16|2,1.0,0.25,532,256,768,768,0.38733496481934665,0.2833333333333333,0.17046985607048912,0.43736265209330144,0.35722708177683016,0.20430386310604098,0.42413719423264545,0.17030075187969923,-0.3144438983391561,0.9999999899194135,0.9349228664247001,0.560845925052737,heteroscedastic,rbf
4,clip_b16|2,vit_sup_b16|2,1.0,0.25,532,256,768,768,0.4938392606646129,0.2833333333333333,0.2286821698460603,0.5431195279016101,0.42349679265398443,0.20955405755768736,0.6804957983518403,0.3672932330827068,-0.17522629457246197,0.9999999990121713,0.9773666520448374,0.6948929301657982,heteroscedastic,rbf
4,convnext_s|2,dinov2_b|2,1.0,0.25,532,256,768,768,0.482775285486904,0.36666666666666664,0.3393274758950823,0.5132813278898251,0.47823011643343605,0.36362457868809955,0.7287776379825324,0.38609022556390976,-0.24120521289023922,0.9999999993310087,0.9816946155070022,0.7137675488935172,heteroscedastic,rbf
4,convnext_s|2,mae_b16|2,1.0,0.25,532,256,768,768,0.12593484981902725,0.15,-0.012871831082354882,0.11122691459037265,0.12513491360132972,-0.1617189525537983,0.2948114446055261,0.1325187969924812,-0.5251948707122668,0.999999990321218,0.9406714109560674,0.5583851846441684,heteroscedastic,rbf
4,convnext_s|2,vit_sup_b16|2,1.0,0.25,532,256,768,768,0.5080896891380253,0.45,0.36935629702168515,0.5221872112185644,0.49649591901346385,0.33821623023074926,0.7585306523322293,0.46691729323308273,-0.10652854248219168,0.9999999995511247,0.9856150876172008,0.7462131910834997,heteroscedastic,rbf
4,dinov2_b|2,mae_b16|2,1.0,0.25,532,256,768,768,0.31040797335548154,0.21666666666666667,0.2707854201797488,0.1774214493550146,0.2857707674005567,-0.21493388644023853,0.3495478733322987,0.15281954887218047,-0.41718396318135464,0.9999999903047627,0.9401732573465037,0.5759639805031452,heteroscedastic,rbf
4,dinov2_b|2,vit_sup_b16|2,1.0,0.25,532,256,768,768,0.4798560551557088,0.3333333333333333,0.27206284468491304,0.5504804960038024,0.42112051442256376,0.357726212081929,0.8554916569035255,0.4781954887218045,-0.009898198211662323,0.9999999994458715,0.9842496623107063,0.7541718016635119,heteroscedastic,rbf
4,mae_b16|2,vit_sup_b16|2,1.0,0.25,532,256,768,768,0.29934955374876043,0.23333333333333334,0.1316460714613697,0.28459365964780287,0.2768930776730582,-0.06993777547316568,0.35016857666210766,0.15300751879699248,-0.35164808578737355,0.9999999904977502,0.9438570528184569,0.5791944250042427,heteroscedastic,rbf
4,clip_b16|2,convnext_s|2,1.0,1.0,532,1024,768,768,0.30154350428751187,0.18333333333333332,0.11258822055736901,0.2630413661384855,0.24346238668756529,0.1206896551724138,0.5797853091695772,0.32744360902255637,-0.3675705915974897,0.9999999988660204,0.9742893420871883,0.6628869467032524,heteroscedastic,rbf
4,clip_b16|2,dinov2_b|2,1.0,1.0,532,1024,768,768,0.37214536707046403,0.3333333333333333,0.20954596257117444,0.38802422601338976,0.2636291219103286,0.32538242157116937,0.6856060113127179,0.3678571428571428,-0.22608297423892065,0.999999998779492,0.9733022510713794,0.6852385990828092,heteroscedastic,rbf
4,clip_b16|2,mae_b16|2,1.0,1.0,532,1024,768,768,0.3976067155742099,0.3,0.15504155852978288,0.425655143755032,0.3613729017936913,0.21648949961109673,0.42413719423264545,0.17030075187969923,-0.3144438983391561,0.9999999899194135,0.9349228664247001,0.560845925052737,heteroscedastic,rbf
4,clip_b16|2,vit_sup_b16|2,1.0,1.0,532,1024,768,768,0.48000350000972225,0.31666666666666665,0.20058098732981078,0.5085158843927536,0.4002992983293499,0.2591392273787918,0.6804957983518403,0.3672932330827068,-0.17522629457246197,0.9999999990121713,0.9773666520448374,0.6948929301657982,heteroscedastic,rbf
4,convnext_s|2,dinov2_b|2,1.0,1.0,532,1024,768,768,0.5393650537918161,0.26666666666666666,0.3920293239732216,0.562843169042267,0.5131107538732197,0.34333679025149083,0.7287776379825324,0.38609022556390976,-0.24120521289023922,0.9999999993310087,0.9816946155070022,0.7137675488935172,heteroscedastic,rbf
4,convnext_s|2,mae_b16|2,1.0,1.0,532,1024,768,768,0.15845271792421645,0.18333333333333332,0.023513560774081867,0.09143513185259407,0.139905029818904,-0.17746953590873737,0.2948114446055261,0.1325187969924812,-0.5251948707122668,0.999999990321218,0.9406714109560674,0.5583851846441684,heteroscedastic,rbf
4,convnext_s|2,vit_sup_b16|2,1.0,1.0,532,1024,768,768,0.54787529965361,0.36666666666666664,0.3994074029877141,0.5530514449509449,0.5186695690080073,0.3104096448016594,0.7585306523322293,0.46691729323308273,-0.10652854248219168,0.9999999995511247,0.9856150876172008,0.7462131910834997,heteroscedastic,rbf
4,dinov2_b|2,mae_b16|2,1.0,1.0,532,1024,768,768,0.29940794279984106,0.16666666666666666,0.2752316050781398,0.11956811632329165,0.26731136380262077,-0.2094892403422349,0.3495478733322987,0.15281954887218047,-0.41718396318135464,0.9999999903047627,0.9401732573465037,0.5759639805031452,heteroscedastic,rbf
4,dinov2_b|2,vit_sup_b16|2,1.0,1.0,532,1024,768,768,0.5090935252597923,0.35,0.32508710406894215,0.5634033823366368,0.4473974866495496,0.39467202488981074,0.8554916569035255,0.4781954887218045,-0.009898198211662323,0.9999999994458715,0.9842496623107063,0.7541718016635119,heteroscedastic,rbf
4,mae_b16|2,vit_sup_b16|2,1.0,1.0,532,1024,768,768,0.33029208414467814,0.21666666666666667,0.17620963995427297,0.23749105990623828,0.3057647382616173,-0.06520611874513871,0.35016857666210766,0.15300751879699248,-0.35164808578737355,0.9999999904977502,0.9438570528184569,0.5791944250042427,heteroscedastic,rbf
4,clip_b16|2,convnext_s|2,10.0,0.1,532,102,768,768,0.2750062083505787,0.15,0.13633846789212917,0.32042329336716957,0.2484676812968975,0.06825252787140265,0.5797853091695772,0.32744360902255637,-0.3675705915974897,0.9999999988660204,0.9742893420871883,0.6628869467032524,heteroscedastic,rbf
4,clip_b16|2,dinov2_b|2,10.0,0.1,532,102,768,768,0.39553126536462596,0.31666666666666665,0.22627936094988052,0.5542623546440593,0.29703620301558886,0.31358568835882816,0.6856060113127179,0.3678571428571428,-0.22608297423892065,0.999999998779492,0.9733022510713794,0.6852385990828092,heteroscedastic,rbf
4,clip_b16|2,mae_b16|2,10.0,0.1,532,102,768,768,0.3078626329517582,0.2833333333333333,0.12016003390171058,0.4070251193944111,0.26426591410860484,0.22374902774176822,0.42413719423264545,0.17030075187969923,-0.3144438983391561,0.9999999899194135,0.9349228664247001,0.560845925052737,heteroscedastic,rbf
4,clip_b16|2,vit_sup_b16|2,10.0,0.1,532,102,768,768,0.4484394678874108,0.23333333333333334,0.22847441763334647,0.5677018883321198,0.3701721917284172,0.18609022556390978,0.6804957983518403,0.3672932330827068,-0.17522629457246197,0.9999999990121713,0.9773666520448374,0.6948929301657982,heteroscedastic,rbf
4,convnext_s|2,dinov2_b|2,10.0,0.1,532,102,768,768,0.48970274917430323,0.3333333333333333,0.3550199566128554,0.5926556763207111,0.48501642048432186,0.31358568835882816,0.7287776379825324,0.38609022556390976,-0.24120521289023922,0.9999999993310087,0.9816946155070022,0.7137675488935172,heteroscedastic,rbf
4,convnext_s|2,mae_b16|2,10.0,0.1,532,102,768,768,0.09642326784241068,0.2,0.0010321115550307037,0.15255702739543545,0.08670747253458885,-0.17785843920145192,0.2948114446055261,0.1325187969924812,-0.5251948707122668,0.999999990321218,0.9406714109560674,0.5583851846441684,heteroscedastic,rbf
4,convnext_s|2,vit_sup_b16|2,10.0,0.1,532,102,768,768,0.5028466190183861,0.48333333333333334,0.37533474434706415,0.5929997355324078,0.48764731066225186,0.23612911589318128,0.7585306523322293,0.46691729323308273,-0.10652854248219168,0.9999999995511247,0.9856150876172008,0.7462131910834997,heteroscedastic,rbf
4,dinov2_b|2,mae_b16|2,10.0,0.1,532,102,768,768,0.27386431628976743,0.21666666666666667,0.2726497986007637,0.2361371645667046,0.24622714113881472,-0.2049520352605652,0.3495478733322987,0.15281954887218047,-0.41718396318135464,0.9999999903047627,0.9401732573465037,0.5759639805031452,heteroscedastic,rbf
4,dinov2_b|2,vit_sup_b16|2,10.0,0.1,532,102,768,768,0.48157572659924053,0.31666666666666665,0.31159686869251435,0.6305451970088073,0.4308480848864387,0.3758750324086077,0.8554916569035255,0.4781954887218045,-0.009898198211662323,0.9999999994458715,0.9842496623107063,0.7541718016635119,heteroscedastic,rbf
4,mae_b16|2,vit_sup_b16|2,10.0,0.1,532,102,768,768,0.23418298384162176,0.2,0.10044298307017155,0.3068625570022612,0.20606980789502405,-0.14843142338605134,0.35016857666210766,0.15300751879699248,-0.35164808578737355,0.9999999904977502,0.9438570528184569,0.5791944250042427,heteroscedastic,rbf
4,clip_b16|2,convnext_s|2,10.0,0.25,532,256,768,768,0.2202629451748477,0.15,0.11379843111136113,0.2900070068552122,0.18822388642313465,0.11543946072076744,0.5797853091695772,0.32744360902255637,-0.3675705915974897,0.9999999988660204,0.9742893420871883,0.6628869467032524,heteroscedastic,rbf
4,clip_b16|2,dinov2_b|2,10.0,0.25,532,256,768,768,0.3745379292720257,0.35,0.23471525097132245,0.5141677271900891,0.2595332199259594,0.3028908478091782,0.6856060113127179,0.3678571428571428,-0.22608297423892065,0.999999998779492,0.9733022510713794,0.6852385990828092,heteroscedastic,rbf
4,clip_b16|2,mae_b16|2,10.0,0.25,532,256,768,768,0.32270884085789125,0.23333333333333334,0.16668251166674247,0.4102422964388475,0.2949104893226378,0.13715322789732956,0.42413719423264545,0.17030075187969923,-0.3144438983391561,0.9999999899194135,0.9349228664247001,0.560845925052737,heteroscedastic,rbf
4,clip_b16|2,vit_sup_b16|2,10.0,0.25,532,256,768,768,0.41178658829607856,0.26666666666666666,0.199195373523562,0.5560876557866318,0.3261733435907645,0.2030075187969925,0.6804957983518403,0.3672932330827068,-0.17522629457246197,0.9999999990121713,0.9773666520448374,0.6948929301657982,heteroscedastic,rbf
4,convnext_s|2,dinov2_b|2,10.0,0.25,532,256,768,768,0.5046501795838322,0.31666666666666665,0.3606788680954963,0.6127803475165599,0.5008902798647746,0.4170987814363495,0.7287776379825324,0.38609022556390976,-0.24120521289023922,0.9999999993310087,0.9816946155070022,0.7137675488935172,heteroscedastic,rbf
4,convnext_s|2,mae_b16|2,10.0,0.25,532,256,768,768,0.08110889196914435,0.15,-0.005399580649642607,0.15444432622063523,0.07317069148917034,-0.13131967850661136,0.2948114446055261,0.1325187969924812,-0.5251948707122668,0.999999990321218,0.9406714109560674,0.5583851846441684,heteroscedastic,rbf
4,convnext_s|2,vit_sup_b16|2,10.0,0.25,532,256,768,768,0.5167257131269808,0.4666666666666667,0.37732492428096803,0.6305295579537301,0.5009961120898178,0.3669950738916256,0.7585306523322293,0.46691729323308273,-0.10652854248219168,0.9999999995511247,0.9856150876172008,0.7462131910834997,heteroscedastic,rbf
4,dinov2_b|2,mae_b16|2,10.0,0.25,532,256,768,768,0.27253036813991144,0.26666666666666666,0.27736843363278285,0.21548690941272833,0.2469789846582249,-0.18038631060409646,0.3495478733322987,0.15281954887218047,-0.41718396318135464,0.9999999903047627,0.9401732573465037,0.5759639805031452,heteroscedastic,rbf
4,dinov2_b|2,vit_sup_b16|2,10.0,0.25,532,256,768,768,0.4730217028380634,0.3,0.2594406397474194,0.6435468371547084,0.41209891685364686,0.3124837956961369,0.8554916569035255,0.4781954887218045,-0.009898198211662323,0.9999999994458715,0.9842496623107063,0.7541718016635119,heteroscedastic,rbf
4,mae_b16|2,vit_sup_b16|2,10.0,0.25,532,256,768,768,0.24063872399645553,0.21666666666666667,0.12737241435208357,0.3000148850292073,0.21580120091093663,-0.016398755509463313,0.35016857666210766,0.15300751879699248,-0.35164808578737355,0.9999999904977502,0.9438570528184569,0.5791944250042427,heteroscedastic,rbf
4,clip_b16|2,convnext_s|2,10.0,1.0,532,1024,768,768,0.22865991294420263,0.16666666666666666,0.11065734705096991,0.3021697234037621,0.16432753964361224,0.11971739694062744,0.5797853091695772,0.32744360902255637,-0.3675705915974897,0.9999999988660204,0.9742893420871883,0.6628869467032524,heteroscedastic,rbf
4,clip_b16|2,dinov2_b|2,10.0,1.0,532,1024,768,768,0.2956354323206453,0.35,0.2027512431435929,0.3969390459450303,0.18837956172866896,0.30924293492351573,0.6856060113127179,0.3678571428571428,-0.22608297423892065,0.999999998779492,0.9733022510713794,0.6852385990828092,heteroscedastic,rbf
4,clip_b16|2,mae_b16|2,10.0,1.0,532,1024,768,768,0.3312185867182964,0.25,0.1582624366926351,0.40506241798223236,0.2944101847177068,0.24669432201192637,0.42413719423264545,0.17030075187969923,-0.3144438983391561,0.9999999899194135,0.9349228664247001,0.560845925052737,heteroscedastic,rbf
4,clip_b16|2,vit_sup_b16|2,10.0,1.0,532,1024,768,768,0.3676990213861705,0.26666666666666666,0.16782550826956247,0.48948203728853407,0.2865553649442897,0.22945294270158154,0.6804957983518403,0.3672932330827068,-0.17522629457246197,0.9999999990121713,0.9773666520448374,0.6948929301657982,heteroscedastic,rbf
4,convnext_s|2,dinov2_b|2,10.0,1.0,532,1024,768,768,0.5342765952127644,0.2833333333333333,0.4079561549378622,0.636861141109239,0.5145096580150073,0.38702359346642473,0.7287776379825324,0.38609022556390976,-0.24120521289023922,0.9999999993310087,0.9816946155070022,0.7137675488935172,heteroscedastic,rbf
4,convnext_s|2,mae_b16|2,10.0,1.0,532,1024,768,768,0.10131278142439282,0.15,0.03168275158819917,0.12340080189254907,0.08326365295664656,-0.15186673580502985,0.2948114446055261,0.1325187969924812,-0.5251948707122668,0.999999990321218,0.9406714109560674,0.5583851846441684,heteroscedastic,rbf
4,convnext_s|2,vit_sup_b16|2,10.0,1.0,532,1024,768,768,0.5092868591301641,0.3333333333333333,0.38633303146960796,0.5864776910275669,0.47972256067214564,0.3704303863106041,0.7585306523322293,0.46691729323308273,-0.10652854248219168,0.9999999995511247,0.9856150876172008,0.7462131910834997,heteroscedastic,rbf
4,dinov2_b|2,mae_b16|2,10.0,1.0,532,1024,768,768,0.247794521651449,0.2,0.2773188318934152,0.16564244819353552,0.21948891429928277,-0.15076484314233862,0.3495478733322987,0.15281954887218047,-0.41718396318135464,0.9999999903047627,0.9401732573465037,0.5759639805031452,heteroscedastic,rbf
4,dinov2_b|2,vit_sup_b16|2,10.0,1.0,532,1024,768,768,0.46678462995730535,0.35,0.2966397876758009,0.6214751036017581,0.4165366749133855,0.44782214156079864,0.8554916569035255,0.4781954887218045,-0.009898198211662323,0.9999999994458715,0.9842496623107063,0.7541718016635119,heteroscedastic,rbf
4,mae_b16|2,vit_sup_b16|2,10.0,1.0,532,1024,768,768,0.2589808860580168,0.2,0.17104063550611118,0.2610797818016694,0.23999720578941244,-0.09482758620689657,0.35016857666210766,0.15300751879699248,-0.35164808578737355,0.9999999904977502,0.9438570528184569,0.5791944250042427,heteroscedastic,rbf
4,clip_b16|2,convnext_s|2,0.1,0.1,532,102,768,768,0.21738071494643038,0.13333333333333333,0.21738071494643038,,0.2579419139982755,0.034612393051594505,0.5797853091695772,0.32744360902255637,-0.3675705915974897,0.9999999988660204,0.9742893420871883,0.6628869467032524,homoscedastic,rbf
4,clip_b16|2,dinov2_b|2,0.1,0.1,532,102,768,768,0.333244925680349,0.23333333333333334,0.333244925680349,,0.28911265225749433,0.25602800103707546,0.6856060113127179,0.3678571428571428,-0.22608297423892065,0.999999998779492,0.9733022510713794,0.6852385990828092,homoscedastic,rbf
4,clip_b16|2,mae_b16|2,0.1,0.1,532,102,768,768,0.2686067461298503,0.18333333333333332,0.2686067461298503,,0.2513229777650393,0.22899922219341456,0.42413719423264545,0.17030075187969923,-0.3144438983391561,0.9999999899194135,0.9349228664247001,0.560845925052737,homoscedastic,rbf
4,clip_b16|2,vit_sup_b16|2,0.1,0.1,532,102,768,768,0.4149508193078314,0.21666666666666667,0.4149508193078314,,0.38034130442864394,0.11083743842364532,0.6804957983518403,0.3672932330827068,-0.17522629457246197,0.9999999990121713,0.9773666520448374,0.6948929301657982,homoscedastic,rbf
4,convnext_s|2,dinov2_b|2,0.1,0.1,532,102,768,768,0.4180938835941211,0.21666666666666667,0.4180938835941211,,0.4404546828211214,0.3229193673839772,0.7287776379825324,0.38609022556390976,-0.24120521289023922,0.9999999993310087,0.9816946155070022,0.7137675488935172,homoscedastic,rbf
4,convnext_s|2,mae_b16|2,0.1,0.1,532,102,768,768,0.07980633279536886,0.18333333333333332,0.07980633279536886,,0.1003683740932307,-0.12606948405496501,0.2948114446055261,0.1325187969924812,-0.5251948707122668,0.999999990321218,0.9406714109560674,0.5583851846441684,homoscedastic,rbf
4,convnext_s|2,vit_sup_b16|2,0.1,0.1,532,102,768,768,0.41677649104580844,0.38333333333333336,0.41677649104580844,,0.43510993060044356,0.23807363235675397,0.7585306523322293,0.46691729323308273,-0.10652854248219168,0.9999999995511247,0.9856150876172008,0.7462131910834997,homoscedastic,rbf
4,dinov2_b|2,mae_b16|2,0.1,0.1,532,102,768,768,0.21534848707913073,0.21666666666666667,0.21534848707913073,,0.22332435808108492,-0.23152709359605914,0.3495478733322987,0.15281954887218047,-0.41718396318135464,0.9999999903047627,0.9401732573465037,0.5759639805031452,homoscedastic,rbf
4,dinov2_b|2,vit_sup_b16|2,0.1,0.1,532,102,768,768,0.39805010569473803,0.25,0.39805010569473803,,0.3834269283950558,0.33393829401088937,0.8554916569035255,0.4781954887218045,-0.009898198211662323,0.9999999994458715,0.9842496623107063,0.7541718016635119,homoscedastic,rbf
4,mae_b16|2,vit_sup_b16|2,0.1,0.1,532,102,768,768,0.16860074611318365,0.18333333333333332,0.16860074611318365,,0.17368499712783933,-0.1932849364791289,0.35016857666210766,0.15300751879699248,-0.35164808578737355,0.9999999904977502,0.9438570528184569,0.5791944250042427,homoscedastic,rbf
4,clip_b16|2,convnext_s|2,0.1,0.25,532,256,768,768,0.20930419251164586,0.15,0.20930419251164586,,0.22447194816439553,0.1096707285455017,0.5797853091695772,0.32744360902255637,-0.3675705915974897,0.9999999988660204,0.9742893420871883,0.6628869467032524,homoscedastic,rbf
4,clip_b16|2,dinov2_b|2,0.1,0.25,532,256,768,768,0.33345503737510374,0.25,0.33345503737510374,,0.2639673802896625,0.2670469276639876,0.6856060113127179,0.3678571428571428,-0.22608297423892065,0.999999998779492,0.9733022510713794,0.6852385990828092,homoscedastic,rbf
4,clip_b16|2,mae_b16|2,0.1,0.25,532,256,768,768,0.26716913102536394,0.15,0.26716913102536394,,0.2601716610682519,0.1652190821882292,0.42413719423264545,0.17030075187969923,-0.3144438983391561,0.9999999899194135,0.9349228664247001,0.560845925052737,homoscedastic,rbf
4,clip_b16|2,vit_sup_b16|2,0.1,0.25,532,256,768,768,0.3927927022019505,0.25,0.3927927022019505,,0.3464138315822548,0.1516074669432201,0.6804957983518403,0.3672932330827068,-0.17522629457246197,0.9999999990121713,0.9773666520448374,0.6948929301657982,homoscedastic,rbf
4,convnext_s|2,dinov2_b|2,0.1,0.25,532,256,768,768,0.440995669432415,0.31666666666666665,0.440995669432415,,0.4569312312395142,0.4117189525537983,0.7287776379825324,0.38609022556390976,-0.24120521289023922,0.9999999993310087,0.9816946155070022,0.7137675488935172,homoscedastic,rbf
4,convnext_s|2,mae_b16|2,0.1,0.25,532,256,768,768,0.05214608929469248,0.15,0.05214608929469248,,0.0636798194436283,-0.11712470832253047,0.2948114446055261,0.1325187969924812,-0.5251948707122668,0.999999990321218,0.9406714109560674,0.5583851846441684,homoscedastic,rbf
4,convnext_s|2,vit_sup_b16|2,0.1,0.25,532,256,768,768,0.44315556432101194,0.43333333333333335,0.44315556432101194,,0.448128343608753,0.3102800103707545,0.7585306523322293,0.46691729323308273,-0.10652854248219168,0.9999999995511247,0.9856150876172008,0.7462131910834997,homoscedastic,rbf
4,dinov2_b|2,mae_b16|2,0.1,0.25,532,256,768,768,0.22632785091069696,0.21666666666666667,0.22632785091069696,,0.2309516235802592,-0.20041483017889553,0.3495478733322987,0.15281954887218047,-0.41718396318135464,0.9999999903047627,0.9401732573465037,0.5759639805031452,homoscedastic,rbf
4,dinov2_b|2,vit_sup_b16|2,0.1,0.25,532,256,768,768,0.40715279764666007,0.3,0.40715279764666007,,0.37880006643745345,0.3321234119782215,0.8554916569035255,0.4781954887218045,-0.009898198211662323,0.9999999994458715,0.9842496623107063,0.7541718016635119,homoscedastic,rbf
4,mae_b16|2,vit_sup_b16|2,0.1,0.25,532,256,768,768,0.16742274284095232,0.18333333333333332,0.16742274284095232,,0.16768201643667396,-0.10817993259009595,0.35016857666210766,0.15300751879699248,-0.35164808578737355,0.9999999904977502,0.9438570528184569,0.5791944250042427,homoscedastic,rbf
4,clip_b16|2,convnext_s|2,0.1,1.0,532,1024,768,768,0.2310369751027086,0.15,0.2310369751027086,,0.18834493390432766,0.1386440238527353,0.5797853091695772,0.32744360902255637,-0.3675705915974897,0.9999999988660204,0.9742893420871883,0.6628869467032524,homoscedastic,rbf
4,clip_b16|2,dinov2_b|2,0.1,1.0,532,1024,768,768,0.31493009702804725,0.2833333333333333,0.31493009702804725,,0.22180725463413234,0.3207803992740472,0.6856060113127179,0.3678571428571428,-0.22608297423892065,0.999999998779492,0.9733022510713794,0.6852385990828092,homoscedastic,rbf
4,clip_b16|2,mae_b16|2,0.1,1.0,532,1024,768,768,0.2548508190300528,0.21666666666666667,0.2548508190300528,,0.23163983285104223,0.20689655172413796,0.42413719423264545,0.17030075187969923,-0.3144438983391561,0.9999999899194135,0.9349228664247001,0.560845925052737,homoscedastic,rbf
4,clip_b16|2,vit_sup_b16|2,0.1,1.0,532,1024,768,768,0.3890210250584029,0.2833333333333333,0.3890210250584029,,0.3196379038863512,0.2319808141042261,0.6804957983518403,0.3672932330827068,-0.17522629457246197,0.9999999990121713,0.9773666520448374,0.6948929301657982,homoscedastic,rbf
4,convnext_s|2,dinov2_b|2,0.1,1.0,532,1024,768,768,0.4912318089772471,0.31666666666666665,0.4912318089772471,,0.4789141283921776,0.39843142338605136,0.7287776379825324,0.38609022556390976,-0.24120521289023922,0.9999999993310087,0.9816946155070022,0.7137675488935172,homoscedastic,rbf
4,convnext_s|2,mae_b16|2,0.1,1.0,532,1024,768,768,0.056846546795963314,0.11666666666666667,0.056846546795963314,,0.05174341351798308,-0.11258750324086078,0.2948114446055261,0.1325187969924812,-0.5251948707122668,0.999999990321218,0.9406714109560674,0.5583851846441684,homoscedastic,rbf
4,convnext_s|2,vit_sup_b16|2,0.1,1.0,532,1024,768,768,0.49664826846741233,0.4166666666666667,0.49664826846741233,,0.47683038781964027,0.3537723619393311,0.7585306523322293,0.46691729323308273,-0.10652854248219168,0.9999999995511247,0.9856150876172008,0.7462131910834997,homoscedastic,rbf
4,dinov2_b|2,mae_b16|2,0.1,1.0,532,1024,768,768,0.21669276859102382,0.2,0.21669276859102382,,0.20643737250664673,-0.1668395125745398,0.3495478733322987,0.15281954887218047,-0.41718396318135464,0.9999999903047627,0.9401732573465037,0.5759639805031452,homoscedastic,rbf
4,dinov2_b|2,vit_sup_b16|2,0.1,1.0,532,1024,768,768,0.45769538248717356,0.3,0.45769538248717356,,0.415904829547158,0.42831215970961894,0.8554916569035255,0.4781954887218045,-0.009898198211662323,0.9999999994458715,0.9842496623107063,0.7541718016635119,homoscedastic,rbf
4,mae_b16|2,vit_sup_b16|2,0.1,1.0,532,1024,768,768,0.19605948905413625,0.16666666666666666,0.19605948905413625,,0.18874592710827987,-0.0761602281565984,0.35016857666210766,0.15300751879699248,-0.35164808578737355,0.9999999904977502,0.9438570528184569,0.5791944250042427,homoscedastic,rbf
4,clip_b16|2,convnext_s|2,1.0,0.1,532,102,768,768,0.26168911580309945,0.15,0.26168911580309945,,0.24621807194672535,0.06300233341975629,0.5797853091695772,0.32744360902255637,-0.3675705915974897,0.9999999988660204,0.9742893420871883,0.6628869467032524,homoscedastic,rbf
4,clip_b16|2,dinov2_b|2,1.0,0.1,532,102,768,768,0.3870832418978941,0.31666666666666665,0.3870832418978941,,0.29557501376118733,0.3030852994555354,0.6856060113127179,0.3678571428571428,-0.22608297423892065,0.999999998779492,0.9733022510713794,0.6852385990828092,homoscedastic,rbf
4,clip_b16|2,mae_b16|2,1.0,0.1,532,102,768,768,0.28232228422856726,0.2,0.28232228422856726,,0.24412188934206533,0.19814622763806067,0.42413719423264545,0.17030075187969923,-0.3144438983391561,0.9999999899194135,0.9349228664247001,0.560845925052737,homoscedastic,rbf
4,clip_b16|2,vit_sup_b16|2,1.0,0.1,532,102,768,768,0.43475898544162617,0.2,0.43475898544162617,,0.36254230290921696,0.1480425200933368,0.6804957983518403,0.3672932330827068,-0.17522629457246197,0.9999999990121713,0.9773666520448374,0.6948929301657982,homoscedastic,rbf
4,convnext_s|2,dinov2_b|2,1.0,0.1,532,102,768,768,0.483211120030889,0.26666666666666666,0.483211120030889,,0.48740881339590125,0.3337438423645321,0.7287776379825324,0.38609022556390976,-0.24120521289023922,0.9999999993310087,0.9816946155070022,0.7137675488935172,homoscedastic,rbf
4,convnext_s|2,mae_b16|2,1.0,0.1,532,102,768,768,0.09555915433098426,0.18333333333333332,0.09555915433098426,,0.09353215200985289,-0.17234897588799586,0.2948114446055261,0.1325187969924812,-0.5251948707122668,0.999999990321218,0.9406714109560674,0.5583851846441684,homoscedastic,rbf
4,convnext_s|2,vit_sup_b16|2,1.0,0.1,532,102,768,768,0.488872857980161,0.4666666666666667,0.488872857980161,,0.4807290910900659,0.2263417163598652,0.7585306523322293,0.46691729323308273,-0.10652854248219168,0.9999999995511247,0.9856150876172008,0.7462131910834997,homoscedastic,rbf
4,dinov2_b|2,mae_b16|2,1.0,0.1,532,102,768,768,0.27236086766907686,0.21666666666666667,0.27236086766907686,,0.25253570113699186,-0.1998314752398237,0.3495478733322987,0.15281954887218047,-0.41718396318135464,0.9999999903047627,0.9401732573465037,0.5759639805031452,homoscedastic,rbf
4,dinov2_b|2,vit_sup_b16|2,1.0,0.1,532,102,768,768,0.47190642196228316,0.2833333333333333,0.47190642196228316,,0.42894385435567073,0.35344827586206906,0.8554916569035255,0.4781954887218045,-0.009898198211662323,0.9999999994458715,0.9842496623107063,0.7541718016635119,homoscedastic,rbf
4,mae_b16|2,vit_sup_b16|2,1.0,0.1,532,102,768,768,0.21116903102508613,0.18333333333333332,0.21116903102508613,,0.1904656258132292,-0.180775213896811,0.35016857666210766,0.15300751879699248,-0.35164808578737355,0.9999999904977502,0.9438570528184569,0.5791944250042427,homoscedastic,rbf
4,clip_b16|2,convnext_s|2,1.0,0.25,532,256,768,768,0.2248640690668585,0.16666666666666666,0.2248640690668585,,0.201196428806992,0.12049520352605653,0.5797853091695772,0.32744360902255637,-0.3675705915974897,0.9999999988660204,0.9742893420871883,0.6628869467032524,homoscedastic,rbf
4,clip_b16|2,dinov2_b|2,1.0,0.25,532,256,768,768,0.3772949924860902,0.35,0.3772949924860902,,0.2747059033395014,0.2984832771584133,0.6856060113127179,0.3678571428571428,-0.22608297423892065,0.999999998779492,0.9733022510713794,0.6852385990828092,homoscedastic,rbf
4,clip_b16|2,mae_b16|2,1.0,0.25,532,256,768,768,0.28449306803630003,0.16666666666666666,0.28449306803630003,,0.26840738690942323,0.11187451387088411,0.42413719423264545,0.17030075187969923,-0.3144438983391561,0.9999999899194135,0.9349228664247001,0.560845925052737,homoscedastic,rbf
4,clip_b16|2,vit_sup_b16|2,1.0,0.25,532,256,768,768,0.40025566737685375,0.26666666666666666,0.40025566737685375,,0.3249751609069552,0.19354420534093858,0.6804957983518403,0.3672932330827068,-0.17522629457246197,0.9999999990121713,0.9773666520448374,0.6948929301657982,homoscedastic,rbf
4,convnext_s|2,dinov2_b|2,1.0,0.25,532,256,768,768,0.5001599448887357,0.31666666666666665,0.5001599448887357,,0.5013252263250614,0.42442312678247346,0.7287776379825324,0.38609022556390976,-0.24120521289023922,0.9999999993310087,0.9816946155070022,0.7137675488935172,homoscedastic,rbf
4,convnext_s|2,mae_b16|2,1.0,0.25,532,256,768,768,0.07501793060536278,0.13333333333333333,0.07501793060536278,,0.07313718794484013,-0.08841068187710656,0.2948114446055261,0.1325187969924812,-0.5251948707122668,0.999999990321218,0.9406714109560674,0.5583851846441684,homoscedastic,rbf
4,convnext_s|2,vit_sup_b16|2,1.0,0.25,532,256,768,768,0.5079854666262962,0.45,0.5079854666262962,,0.4973765300701431,0.3509204044594244,0.7585306523322293,0.46691729323308273,-0.10652854248219168,0.9999999995511247,0.9856150876172008,0.7462131910834997,homoscedastic,rbf
4,dinov2_b|2,mae_b16|2,1.0,0.25,532,256,768,768,0.26085300236945097,0.21666666666666667,0.26085300236945097,,0.2505859747417754,-0.15899662950479648,0.3495478733322987,0.15281954887218047,-0.41718396318135464,0.9999999903047627,0.9401732573465037,0.5759639805031452,homoscedastic,rbf
4,dinov2_b|2,vit_sup_b16|2,1.0,0.25,532,256,768,768,0.46736563157119876,0.2833333333333333,0.46736563157119876,,0.4193569687971823,0.3187710655950221,0.8554916569035255,0.4781954887218045,-0.009898198211662323,0.9999999994458715,0.9842496623107063,0.7541718016635119,homoscedastic,rbf
4,mae_b16|2,vit_sup_b16|2,1.0,0.25,532,256,768,768,0.21134808707801966,0.21666666666666667,0.21134808707801966,,0.19865540607794768,-0.028519574799066635,0.35016857666210766,0.15300751879699248,-0.35164808578737355,0.9999999904977502,0.9438570528184569,0.5791944250042427,homoscedastic,rbf
4,clip_b16|2,convnext_s|2,1.0,1.0,532,1024,768,768,0.2306092516923658,0.18333333333333332,0.2306092516923658,,0.17197744064700968,0.1311900440757065,0.5797853091695772,0.32744360902255637,-0.3675705915974897,0.9999999988660204,0.9742893420871883,0.6628869467032524,homoscedastic,rbf
4,clip_b16|2,dinov2_b|2,1.0,1.0,532,1024,768,768,0.30729285359125996,0.31666666666666665,0.30729285359125996,,0.2127830337451896,0.3035390199637024,0.6856060113127179,0.3678571428571428,-0.22608297423892065,0.999999998779492,0.9733022510713794,0.6852385990828092,homoscedastic,rbf
4,clip_b16|2,mae_b16|2,1.0,1.0,532,1024,768,768,0.28147667076852984,0.2,0.28147667076852984,,0.2539066481825039,0.21616541353383462,0.42413719423264545,0.17030075187969923,-0.3144438983391561,0.9999999899194135,0.9349228664247001,0.560845925052737,homoscedastic,rbf
4,clip_b16|2,vit_sup_b16|2,1.0,1.0,532,1024,768,768,0.3531368698246384,0.25,0.3531368698246384,,0.2818134516655534,0.23340679284417945,0.6804957983518403,0.3672932330827068,-0.17522629457246197,0.9999999990121713,0.9773666520448374,0.6948929301657982,homoscedastic,rbf
4,convnext_s|2,dinov2_b|2,1.0,1.0,532,1024,768,768,0.5308710301973061,0.3,0.5308710301973061,,0.5149785577316287,0.3988851438942183,0.7287776379825324,0.38609022556390976,-0.24120521289023922,0.9999999993310087,0.9816946155070022,0.7137675488935172,homoscedastic,rbf
4,convnext_s|2,mae_b16|2,1.0,1.0,532,1024,768,768,0.08071666865741292,0.13333333333333333,0.08071666865741292,,0.06925744753060141,-0.11751361161524503,0.2948114446055261,0.1325187969924812,-0.5251948707122668,0.999999990321218,0.9406714109560674,0.5583851846441684,homoscedastic,rbf
4,convnext_s|2,vit_sup_b16|2,1.0,1.0,532,1024,768,768,0.509923194231095,0.38333333333333336,0.509923194231095,,0.48533219326343413,0.3850142597873996,0.7585306523322293,0.46691729323308273,-0.10652854248219168,0.9999999995511247,0.9856150876172008,0.7462131910834997,homoscedastic,rbf
4,dinov2_b|2,mae_b16|2,1.0,1.0,532,1024,768,768,0.23521776449379025,0.21666666666666667,0.23521776449379025,,0.22044927428474806,-0.1356624319419238,0.3495478733322987,0.15281954887218047,-0.41718396318135464,0.9999999903047627,0.9401732573465037,0.5759639805031452,homoscedastic,rbf
4,dinov2_b|2,vit_sup_b16|2,1.0,1.0,532,1024,768,768,0.47363392676090765,0.3,0.47363392676090765,,0.4366238111113642,0.4583873476795437,0.8554916569035255,0.4781954887218045,-0.009898198211662323,0.9999999994458715,0.9842496623107063,0.7541718016635119,homoscedastic,rbf
4,mae_b16|2,vit_sup_b16|2,1.0,1.0,532,1024,768,768,0.2300859724610346,0.2,0.2300859724610346,,0.22277181193163903,-0.1059113300492611,0.35016857666210766,0.15300751879699248,-0.35164808578737355,0.9999999904977502,0.9438570528184569,0.5791944250042427,homoscedastic,rbf
4,clip_b16|2,convnext_s|2,10.0,0.1,532,102,768,768,0.2663509620860057,0.15,0.2663509620860057,,0.2343664367339156,0.0672802696396163,0.5797853091695772,0.32744360902255637,-0.3675705915974897,0.9999999988660204,0.9742893420871883,0.6628869467032524,homoscedastic,rbf
4,clip_b16|2,dinov2_b|2,10.0,0.1,532,102,768,768,0.394338206495018,0.3333333333333333,0.394338206495018,,0.2920647117585898,0.309437386569873,0.6856060113127179,0.3678571428571428,-0.22608297423892065,0.999999998779492,0.9733022510713794,0.6852385990828092,homoscedastic,rbf
4,clip_b16|2,mae_b16|2,10.0,0.1,532,102,768,768,0.2896660268500746,0.21666666666666667,0.2896660268500746,,0.24509791429568503,0.1965906144672025,0.42413719423264545,0.17030075187969923,-0.3144438983391561,0.9999999899194135,0.9349228664247001,0.560845925052737,homoscedastic,rbf
4,clip_b16|2,vit_sup_b16|2,10.0,0.1,532,102,768,768,0.42799741110391964,0.21666666666666667,0.42799741110391964,,0.34424412106487007,0.1759787399533316,0.6804957983518403,0.3672932330827068,-0.17522629457246197,0.9999999990121713,0.9773666520448374,0.6948929301657982,homoscedastic,rbf
4,convnext_s|2,dinov2_b|2,10.0,0.1,532,102,768,768,0.49985988849969026,0.3,0.49985988849969026,,0.4953813078104781,0.3240212600466684,0.7287776379825324,0.38609022556390976,-0.24120521289023922,0.9999999993310087,0.9816946155070022,0.7137675488935172,homoscedastic,rbf
4,convnext_s|2,mae_b16|2,10.0,0.1,532,102,768,768,0.10493001369448249,0.18333333333333332,0.10493001369448249,,0.09534614033173157,-0.16690432978999226,0.2948114446055261,0.1325187969924812,-0.5251948707122668,0.999999990321218,0.9406714109560674,0.5583851846441684,homoscedastic,rbf
4,convnext_s|2,vit_sup_b16|2,10.0,0.1,532,102,768,768,0.5136880935780377,0.4666666666666667,0.5136880935780377,,0.49819950303825433,0.23256416904329794,0.7585306523322293,0.46691729323308273,-0.10652854248219168,0.9999999995511247,0.9856150876172008,0.7462131910834997,homoscedastic,rbf
4,dinov2_b|2,mae_b16|2,10.0,0.1,532,102,768,768,0.28796896658046267,0.21666666666666667,0.28796896658046267,,0.2613511057518765,-0.19788695877625098,0.3495478733322987,0.15281954887218047,-0.41718396318135464,0.9999999903047627,0.9401732573465037,0.5759639805031452,homoscedastic,rbf
4,dinov2_b|2,vit_sup_b16|2,10.0,0.1,532,102,768,768,0.48817702271395197,0.31666666666666665,0.48817702271395197,,0.439125708896023,0.3627171376717656,0.8554916569035255,0.4781954887218045,-0.009898198211662323,0.9999999994458715,0.9842496623107063,0.7541718016635119,homoscedastic,rbf
4,mae_b16|2,vit_sup_b16|2,10.0,0.1,532,102,768,768,0.22184717179769944,0.18333333333333332,0.22184717179769944,,0.193036929150572,-0.14843142338605134,0.35016857666210766,0.15300751879699248,-0.35164808578737355,0.9999999904977502,0.9438570528184569,0.5791944250042427,homoscedastic,rbf
4,clip_b16|2,convnext_s|2,10.0,0.25,532,256,768,768,0.22076900213611703,0.16666666666666666,0.22076900213611703,,0.1926453798987129,0.12017111744879441,0.5797853091695772,0.32744360902255637,-0.3675705915974897,0.9999999988660204,0.9742893420871883,0.6628869467032524,homoscedastic,rbf
4,clip_b16|2,dinov2_b|2,10.0,0.25,532,256,768,768,0.37735488154133756,0.36666666666666664,0.37735488154133756,,0.27054336902647547,0.311122634171636,0.6856060113127179,0.3678571428571428,-0.22608297423892065,0.999999998779492,0.9733022510713794,0.6852385990828092,homoscedastic,rbf
4,clip_b16|2,mae_b16|2,10.0,0.25,532,256,768,768,0.2947395964988791,0.18333333333333332,0.2947395964988791,,0.27907590479057215,0.09236453201970445,0.42413719423264545,0.17030075187969923,-0.3144438983391561,0.9999999899194135,0.9349228664247001,0.560845925052737,homoscedastic,rbf
4,clip_b16|2,vit_sup_b16|2,10.0,0.25,532,256,768,768,0.3909761416003933,0.2833333333333333,0.3909761416003933,,0.3109952636331693,0.21221156339123673,0.6804957983518403,0.3672932330827068,-0.17522629457246197,0.9999999990121713,0.9773666520448374,0.6948929301657982,homoscedastic,rbf
4,convnext_s|2,dinov2_b|2,10.0,0.25,532,256,768,768,0.5160643779566053,0.31666666666666665,0.5160643779566053,,0.517515008388628,0.4309048483277159,0.7287776379825324,0.38609022556390976,-0.24120521289023922,0.9999999993310087,0.9816946155070022,0.7137675488935172,homoscedastic,rbf
4,convnext_s|2,mae_b16|2,10.0,0.25,532,256,768,768,0.08282639673999094,0.15,0.08282639673999094,,0.07935460631011901,-0.09690173710137413,0.2948114446055261,0.1325187969924812,-0.5251948707122668,0.999999990321218,0.9406714109560674,0.5583851846441684,homoscedastic,rbf
4,convnext_s|2,vit_sup_b16|2,10.0,0.25,532,256,768,768,0.523393509426415,0.48333333333333334,0.523393509426415,,0.5121336795915896,0.35286492092299715,0.7585306523322293,0.46691729323308273,-0.10652854248219168,0.9999999995511247,0.9856150876172008,0.7462131910834997,homoscedastic,rbf
4,dinov2_b|2,mae_b16|2,10.0,0.25,532,256,768,768,0.26703618621162833,0.23333333333333334,0.26703618621162833,,0.25472190109453907,-0.1554964998703656,0.3495478733322987,0.15281954887218047,-0.41718396318135464,0.9999999903047627,0.9401732573465037,0.5759639805031452,homoscedastic,rbf
4,dinov2_b|2,vit_sup_b16|2,10.0,0.25,532,256,768,768,0.4737892605257237,0.3,0.4737892605257237,,0.4248599446914196,0.29362198599948147,0.8554916569035255,0.4781954887218045,-0.009898198211662323,0.9999999994458715,0.9842496623107063,0.7541718016635119,homoscedastic,rbf
4,mae_b16|2,vit_sup_b16|2,10.0,0.25,532,256,768,768,0.2246375128819802,0.21666666666666667,0.2246375128819802,,0.21044685483416417,-0.03266787658802178,0.35016857666210766,0.15300751879699248,-0.35164808578737355,0.9999999904977502,0.9438570528184569,0.5791944250042427,homoscedastic,rbf
4,clip_b16|2,convnext_s|2,10.0,1.0,532,1024,768,768,0.21438176217156157,0.16666666666666666,0.21438176217156157,,0.15968141502182004,0.13008815141301533,0.5797853091695772,0.32744360902255637,-0.3675705915974897,0.9999999988660204,0.9742893420871883,0.6628869467032524,homoscedastic,rbf
4,clip_b16|2,dinov2_b|2,10.0,1.0,532,1024,768,768,0.28581007169464356,0.2833333333333333,0.28581007169464356,,0.19776527611717457,0.2873995333160488,0.6856060113127179,0.3678571428571428,-0.22608297423892065,0.999999998779492,0.9733022510713794,0.6852385990828092,homoscedastic,rbf
4,clip_b16|2,mae_b16|2,10.0,1.0,532,1024,768,768,0.2863411842810675,0.2,0.2863411842810675,,0.25920822805075633,0.22899922219341456,0.42413719423264545,0.17030075187969923,-0.3144438983391561,0.9999999899194135,0.9349228664247001,0.560845925052737,homoscedastic,rbf
4,clip_b16|2,vit_sup_b16|2,10.0,1.0,532,1024,768,768,0.32102989174969926,0.25,0.32102989174969926,,0.25609936896411545,0.22083225304640913,0.6804957983518403,0.3672932330827068,-0.17522629457246197,0.9999999990121713,0.9773666520448374,0.6948929301657982,homoscedastic,rbf
4,convnext_s|2,dinov2_b|2,10.0,1.0,532,1024,768,768,0.5372806591129419,0.3,0.5372806591129419,,0.5266545804067075,0.4115245009074411,0.7287776379825324,0.38609022556390976,-0.24120521289023922,0.9999999993310087,0.9816946155070022,0.7137675488935172,homoscedastic,rbf
4,convnext_s|2,mae_b16|2,10.0,1.0,532,1024,768,768,0.0856647935133153,0.15,0.0856647935133153,,0.07670227985997767,-0.12801400051853773,0.2948114446055261,0.1325187969924812,-0.5251948707122668,0.999999990321218,0.9406714109560674,0.5583851846441684,homoscedastic,rbf
4,convnext_s|2,vit_sup_b16|2,10.0,1.0,532,1024,768,768,0.502620840613446,0.36666666666666664,0.502620840613446,,0.48191595602176374,0.41120041483017894,0.7585306523322293,0.46691729323308273,-0.10652854248219168,0.9999999995511247,0.9856150876172008,0.7462131910834997,homoscedastic,rbf
4,dinov2_b|2,mae_b16|2,10.0,1.0,532,1024,768,768,0.2341718171439365,0.23333333333333334,0.2341718171439365,,0.2217335018654054,-0.11705989110707805,0.3495478733322987,0.15281954887218047,-0.41718396318135464,0.9999999903047627,0.9401732573465037,0.5759639805031452,homoscedastic,rbf
4,dinov2_b|2,vit_sup_b16|2,10.0,1.0,532,1024,768,768,0.4604125011458365,0.3,0.4604125011458365,,0.43030190965705556,0.4504796473943479,0.8554916569035255,0.4781954887218045,-0.009898198211662323,0.9999999994458715,0.9842496623107063,0.7541718016635119,homoscedastic,rbf
4,mae_b16|2,vit_sup_b16|2,10.0,1.0,532,1024,768,768,0.23139692054700148,0.21666666666666667,0.23139692054700148,,0.2268949964442771,-0.09366087632875293,0.35016857666210766,0.15300751879699248,-0.35164808578737355,0.9999999904977502,0.9438570528184569,0.5791944250042427,homoscedastic,rbf
