noise_condition,seed,prior,fraction,metric,target,metric_span,correlation
heteroscedastic,0,0.1,0.1,cka,eu_agreement,0.5606896955269017,0.9448030564181316
heteroscedastic,0,0.1,0.1,cka,acquisition_overlap,0.5606896955269017,0.7815717599795787
heteroscedastic,0,0.1,0.1,cka,eu_group0,0.5606896955269017,0.7975610216516694
heteroscedastic,0,0.1,0.1,cka,eu_group1,0.5606896955269017,0.9816135651097472
heteroscedastic,0,0.1,0.1,cka,eu_id,0.5606896955269017,0.8957223781626442
heteroscedastic,0,0.1,0.1,cka,eu_heldout,0.5606896955269017,0.8957223781626442
heteroscedastic,0,0.1,0.1,mknn,eu_agreement,0.7605,0.9506172839506172
heteroscedastic,0,0.1,0.1,mknn,acquisition_overlap,0.7605,0.7863814777452202
heteroscedastic,0,0.1,0.1,mknn,eu_group0,0.7605,0.802469135802469
heteroscedastic,0,0.1,0.1,mknn,eu_group1,0.7605,0.9876543209876544
heteroscedastic,0,0.1,0.1,mknn,eu_id,0.7605,0.9012345679012346
heteroscedastic,0,0.1,0.1,mknn,eu_heldout,0.7605,0.9012345679012346
heteroscedastic,0,0.1,0.1,predictivity,eu_agreement,0.003448781272578083,0.8148148148148148
heteroscedastic,0,0.1,0.1,predictivity,acquisition_overlap,0.003448781272578083,0.6935017756493279
heteroscedastic,0,0.1,0.1,predictivity,eu_group0,0.003448781272578083,0.7037037037037037
heteroscedastic,0,0.1,0.1,predictivity,eu_group1,0.003448781272578083,0.9012345679012346
heteroscedastic,0,0.1,0.1,predictivity,eu_id,0.003448781272578083,0.7901234567901234
heteroscedastic,0,0.1,0.1,predictivity,eu_heldout,0.003448781272578083,0.802469135802469
heteroscedastic,0,0.1,0.1,cca_type,eu_agreement,0.001025982547905202,0.7095099819703212
heteroscedastic,0,0.1,0.1,cca_type,acquisition_overlap,0.001025982547905202,0.49696992650327754
heteroscedastic,0,0.1,0.1,cca_type,eu_group0,0.001025982547905202,0.5137830903923015
heteroscedastic,0,0.1,0.1,cca_type,eu_group1,0.001025982547905202,0.8440722199302098
heteroscedastic,0,0.1,0.1,cca_type,eu_id,0.001025982547905202,0.7095099819703212
heteroscedastic,0,0.1,0.1,cca_type,eu_heldout,0.001025982547905202,0.6605782590758164
heteroscedastic,0,0.1,0.1,smoother_001,eu_agreement,0.050641335734097015,0.587180674734059
heteroscedastic,0,0.1,0.1,smoother_001,acquisition_overlap,0.050641335734097015,0.3926675962495032
heteroscedastic,0,0.1,0.1,smoother_001,eu_group0,0.050641335734097015,0.428152575326918
heteroscedastic,0,0.1,0.1,smoother_001,eu_group1,0.050641335734097015,0.7706746355884525
heteroscedastic,0,0.1,0.1,smoother_001,eu_id,0.050641335734097015,0.6605782590758164
heteroscedastic,0,0.1,0.1,smoother_001,eu_heldout,0.050641335734097015,0.5260160211159278
heteroscedastic,0,0.1,0.1,smoother_1,eu_agreement,0.355369521019293,0.8589118694710287
heteroscedastic,0,0.1,0.1,smoother_1,acquisition_overlap,0.355369521019293,0.707722459824028
heteroscedastic,0,0.1,0.1,smoother_1,eu_group0,0.355369521019293,0.7116698347045666
heteroscedastic,0,0.1,0.1,smoother_1,eu_group1,0.355369521019293,0.9202627172903878
heteroscedastic,0,0.1,0.1,smoother_1,eu_id,0.355369521019293,0.8589118694710287
heteroscedastic,0,0.1,0.1,smoother_1,eu_heldout,0.355369521019293,0.8098311912155413
heteroscedastic,0,0.1,0.25,cka,eu_agreement,0.5606896955269017,0.9816135651097472
heteroscedastic,0,0.1,0.25,cka,acquisition_overlap,0.5606896955269017,0.8731696390689547
heteroscedastic,0,0.1,0.25,cka,eu_group0,0.5606896955269017,0.8466416999071569
heteroscedastic,0,0.1,0.25,cka,eu_group1,0.5606896955269017,0.9816135651097472
heteroscedastic,0,0.1,0.25,cka,eu_id,0.5606896955269017,0.8957223781626442
heteroscedastic,0,0.1,0.25,cka,eu_heldout,0.5606896955269017,0.9448030564181316
heteroscedastic,0,0.1,0.25,mknn,eu_agreement,0.7605,0.9876543209876544
heteroscedastic,0,0.1,0.25,mknn,acquisition_overlap,0.7605,0.8785430414108694
heteroscedastic,0,0.1,0.25,mknn,eu_group0,0.7605,0.8518518518518517
heteroscedastic,0,0.1,0.25,mknn,eu_group1,0.7605,0.9876543209876544
heteroscedastic,0,0.1,0.25,mknn,eu_id,0.7605,0.9012345679012346
heteroscedastic,0,0.1,0.25,mknn,eu_heldout,0.7605,0.9506172839506172
heteroscedastic,0,0.1,0.25,predictivity,eu_agreement,0.003448781272578083,0.9012345679012346
heteroscedastic,0,0.1,0.25,predictivity,acquisition_overlap,0.003448781272578083,0.8411582311380665
heteroscedastic,0,0.1,0.25,predictivity,eu_group0,0.003448781272578083,0.7160493827160493
heteroscedastic,0,0.1,0.25,predictivity,eu_group1,0.003448781272578083,0.9012345679012346
heteroscedastic,0,0.1,0.25,predictivity,eu_id,0.003448781272578083,0.7901234567901234
heteroscedastic,0,0.1,0.25,predictivity,eu_heldout,0.003448781272578083,0.8148148148148148
heteroscedastic,0,0.1,0.25,cca_type,eu_agreement,0.001025982547905202,0.8440722199302098
heteroscedastic,0,0.1,0.25,cca_type,acquisition_overlap,0.001025982547905202,0.6853027025833884
heteroscedastic,0,0.1,0.25,cca_type,eu_group0,0.001025982547905202,0.5627148132868065
heteroscedastic,0,0.1,0.25,cca_type,eu_group1,0.001025982547905202,0.8440722199302098
heteroscedastic,0,0.1,0.25,cca_type,eu_id,0.001025982547905202,0.7095099819703212
heteroscedastic,0,0.1,0.25,cca_type,eu_heldout,0.001025982547905202,0.7095099819703212
heteroscedastic,0,0.1,0.25,smoother_001,eu_agreement,0.050641335734097015,0.7706746355884525
heteroscedastic,0,0.1,0.25,smoother_001,acquisition_overlap,0.050641335734097015,0.5618247381539491
heteroscedastic,0,0.1,0.25,smoother_001,eu_group0,0.050641335734097015,0.4893172289450492
heteroscedastic,0,0.1,0.25,smoother_001,eu_group1,0.050641335734097015,0.7706746355884525
heteroscedastic,0,0.1,0.25,smoother_001,eu_id,0.050641335734097015,0.6605782590758164
heteroscedastic,0,0.1,0.25,smoother_001,eu_heldout,0.050641335734097015,0.587180674734059
heteroscedastic,0,0.1,0.25,smoother_1,eu_agreement,0.355369521019293,0.9202627172903878
heteroscedastic,0,0.1,0.25,smoother_1,acquisition_overlap,0.355369521019293,0.7988573293609585
heteroscedastic,0,0.1,0.25,smoother_1,eu_group0,0.355369521019293,0.760750512960054
heteroscedastic,0,0.1,0.25,smoother_1,eu_group1,0.355369521019293,0.9202627172903878
heteroscedastic,0,0.1,0.25,smoother_1,eu_id,0.355369521019293,0.8589118694710287
heteroscedastic,0,0.1,0.25,smoother_1,eu_heldout,0.355369521019293,0.8589118694710287
heteroscedastic,0,0.1,1.0,cka,eu_agreement,0.5606896955269017,0.9816135651097472
heteroscedastic,0,0.1,1.0,cka,acquisition_overlap,0.5606896955269017,0.8572916996864854
heteroscedastic,0,0.1,1.0,cka,eu_group0,0.5606896955269017,0.8466416999071569
heteroscedastic,0,0.1,1.0,cka,eu_group1,0.5606896955269017,0.9816135651097472
heteroscedastic,0,0.1,1.0,cka,eu_id,0.5606896955269017,0.993883734673619
heteroscedastic,0,0.1,1.0,cka,eu_heldout,0.5606896955269017,0.8957223781626442
heteroscedastic,0,0.1,1.0,mknn,eu_agreement,0.7605,0.9876543209876544
heteroscedastic,0,0.1,1.0,mknn,acquisition_overlap,0.7605,0.8625673907099517
heteroscedastic,0,0.1,1.0,mknn,eu_group0,0.7605,0.8518518518518517
heteroscedastic,0,0.1,1.0,mknn,eu_group1,0.7605,0.9876543209876544
heteroscedastic,0,0.1,1.0,mknn,eu_id,0.7605,1.0
heteroscedastic,0,0.1,1.0,mknn,eu_heldout,0.7605,0.9012345679012346
heteroscedastic,0,0.1,1.0,predictivity,eu_agreement,0.003448781272578083,0.9012345679012346
heteroscedastic,0,0.1,1.0,predictivity,acquisition_overlap,0.003448781272578083,0.8313149490175621
heteroscedastic,0,0.1,1.0,predictivity,eu_group0,0.003448781272578083,0.7160493827160493
heteroscedastic,0,0.1,1.0,predictivity,eu_group1,0.003448781272578083,0.9012345679012346
heteroscedastic,0,0.1,1.0,predictivity,eu_id,0.003448781272578083,0.8888888888888888
heteroscedastic,0,0.1,1.0,predictivity,eu_heldout,0.003448781272578083,0.802469135802469
heteroscedastic,0,0.1,1.0,cca_type,eu_agreement,0.001025982547905202,0.8440722199302098
heteroscedastic,0,0.1,1.0,cca_type,acquisition_overlap,0.001025982547905202,0.6688877462108798
heteroscedastic,0,0.1,1.0,cca_type,eu_group0,0.001025982547905202,0.5627148132868065
heteroscedastic,0,0.1,1.0,cca_type,eu_group1,0.001025982547905202,0.8440722199302098
heteroscedastic,0,0.1,1.0,cca_type,eu_id,0.001025982547905202,0.856305150653836
heteroscedastic,0,0.1,1.0,cca_type,eu_heldout,0.001025982547905202,0.6605782590758164
heteroscedastic,0,0.1,1.0,smoother_001,eu_agreement,0.050641335734097015,0.7706746355884525
heteroscedastic,0,0.1,1.0,smoother_001,acquisition_overlap,0.050641335734097015,0.5264394298881924
heteroscedastic,0,0.1,1.0,smoother_001,eu_group0,0.050641335734097015,0.4893172289450492
heteroscedastic,0,0.1,1.0,smoother_001,eu_group1,0.050641335734097015,0.7706746355884525
heteroscedastic,0,0.1,1.0,smoother_001,eu_id,0.050641335734097015,0.7584417048648262
heteroscedastic,0,0.1,1.0,smoother_001,eu_heldout,0.050641335734097015,0.5260160211159278
heteroscedastic,0,0.1,1.0,smoother_1,eu_agreement,0.355369521019293,0.9202627172903878
heteroscedastic,0,0.1,1.0,smoother_1,acquisition_overlap,0.355369521019293,0.7951691127526822
heteroscedastic,0,0.1,1.0,smoother_1,eu_group0,0.355369521019293,0.760750512960054
heteroscedastic,0,0.1,1.0,smoother_1,eu_group1,0.355369521019293,0.9202627172903878
heteroscedastic,0,0.1,1.0,smoother_1,eu_id,0.355369521019293,0.9570732259820034
heteroscedastic,0,0.1,1.0,smoother_1,eu_heldout,0.355369521019293,0.8098311912155413
heteroscedastic,0,1.0,0.1,cka,eu_agreement,0.5606896955269017,0.9816135651097472
heteroscedastic,0,1.0,0.1,cka,acquisition_overlap,0.5606896955269017,0.8522482714633914
heteroscedastic,0,1.0,0.1,cka,eu_group0,0.5606896955269017,0.7975610216516694
heteroscedastic,0,1.0,0.1,cka,eu_group1,0.5606896955269017,0.9816135651097472
heteroscedastic,0,1.0,0.1,cka,eu_id,0.5606896955269017,0.9816135651097472
heteroscedastic,0,1.0,0.1,cka,eu_heldout,0.5606896955269017,0.9448030564181316
heteroscedastic,0,1.0,0.1,mknn,eu_agreement,0.7605,0.9876543209876544
heteroscedastic,0,1.0,0.1,mknn,acquisition_overlap,0.7605,0.8574929257125441
heteroscedastic,0,1.0,0.1,mknn,eu_group0,0.7605,0.802469135802469
heteroscedastic,0,1.0,0.1,mknn,eu_group1,0.7605,0.9876543209876544
heteroscedastic,0,1.0,0.1,mknn,eu_id,0.7605,0.9876543209876544
heteroscedastic,0,1.0,0.1,mknn,eu_heldout,0.7605,0.9506172839506172
heteroscedastic,0,1.0,0.1,predictivity,eu_agreement,0.003448781272578083,0.9012345679012346
heteroscedastic,0,1.0,0.1,predictivity,acquisition_overlap,0.003448781272578083,0.762215933966706
heteroscedastic,0,1.0,0.1,predictivity,eu_group0,0.003448781272578083,0.7037037037037037
heteroscedastic,0,1.0,0.1,predictivity,eu_group1,0.003448781272578083,0.9012345679012346
heteroscedastic,0,1.0,0.1,predictivity,eu_id,0.003448781272578083,0.9012345679012346
heteroscedastic,0,1.0,0.1,predictivity,eu_heldout,0.003448781272578083,0.8148148148148148
heteroscedastic,0,1.0,0.1,cca_type,eu_agreement,0.001025982547905202,0.8440722199302098
heteroscedastic,0,1.0,0.1,cca_type,acquisition_overlap,0.001025982547905202,0.5853225568382547
heteroscedastic,0,1.0,0.1,cca_type,eu_group0,0.001025982547905202,0.5137830903923015
heteroscedastic,0,1.0,0.1,cca_type,eu_group1,0.001025982547905202,0.8440722199302098
heteroscedastic,0,1.0,0.1,cca_type,eu_id,0.001025982547905202,0.8440722199302098
heteroscedastic,0,1.0,0.1,cca_type,eu_heldout,0.001025982547905202,0.7095099819703212
heteroscedastic,0,1.0,0.1,smoother_001,eu_agreement,0.050641335734097015,0.7706746355884525
heteroscedastic,0,1.0,0.1,smoother_001,acquisition_overlap,0.050641335734097015,0.4531529472296166
heteroscedastic,0,1.0,0.1,smoother_001,eu_group0,0.050641335734097015,0.428152575326918
heteroscedastic,0,1.0,0.1,smoother_001,eu_group1,0.050641335734097015,0.7706746355884525
heteroscedastic,0,1.0,0.1,smoother_001,eu_id,0.050641335734097015,0.7706746355884525
heteroscedastic,0,1.0,0.1,smoother_001,eu_heldout,0.050641335734097015,0.587180674734059
heteroscedastic,0,1.0,0.1,smoother_1,eu_agreement,0.355369521019293,0.9202627172903878
heteroscedastic,0,1.0,0.1,smoother_1,acquisition_overlap,0.355369521019293,0.7764928695555344
heteroscedastic,0,1.0,0.1,smoother_1,eu_group0,0.355369521019293,0.7116698347045666
heteroscedastic,0,1.0,0.1,smoother_1,eu_group1,0.355369521019293,0.9202627172903878
heteroscedastic,0,1.0,0.1,smoother_1,eu_id,0.355369521019293,0.9202627172903878
heteroscedastic,0,1.0,0.1,smoother_1,eu_heldout,0.355369521019293,0.8589118694710287
heteroscedastic,0,1.0,0.25,cka,eu_agreement,0.5606896955269017,0.9816135651097472
heteroscedastic,0,1.0,0.25,cka,acquisition_overlap,0.5606896955269017,0.896438922576308
heteroscedastic,0,1.0,0.25,cka,eu_group0,0.5606896955269017,0.8466416999071569
heteroscedastic,0,1.0,0.25,cka,eu_group1,0.5606896955269017,0.9816135651097472
heteroscedastic,0,1.0,0.25,cka,eu_id,0.5606896955269017,0.993883734673619
heteroscedastic,0,1.0,0.25,cka,eu_heldout,0.5606896955269017,0.9448030564181316
heteroscedastic,0,1.0,0.25,mknn,eu_agreement,0.7605,0.9876543209876544
heteroscedastic,0,1.0,0.25,mknn,acquisition_overlap,0.7605,0.9019555218606019
heteroscedastic,0,1.0,0.25,mknn,eu_group0,0.7605,0.8518518518518517
heteroscedastic,0,1.0,0.25,mknn,eu_group1,0.7605,0.9876543209876544
heteroscedastic,0,1.0,0.25,mknn,eu_id,0.7605,1.0
heteroscedastic,0,1.0,0.25,mknn,eu_heldout,0.7605,0.9506172839506172
heteroscedastic,0,1.0,0.25,predictivity,eu_agreement,0.003448781272578083,0.9012345679012346
heteroscedastic,0,1.0,0.25,predictivity,acquisition_overlap,0.003448781272578083,0.7812713323158734
heteroscedastic,0,1.0,0.25,predictivity,eu_group0,0.003448781272578083,0.7160493827160493
heteroscedastic,0,1.0,0.25,predictivity,eu_group1,0.003448781272578083,0.9012345679012346
heteroscedastic,0,1.0,0.25,predictivity,eu_id,0.003448781272578083,0.8888888888888888
heteroscedastic,0,1.0,0.25,predictivity,eu_heldout,0.003448781272578083,0.8148148148148148
heteroscedastic,0,1.0,0.25,cca_type,eu_agreement,0.001025982547905202,0.8440722199302098
heteroscedastic,0,1.0,0.25,cca_type,acquisition_overlap,0.001025982547905202,0.6293790933744675
heteroscedastic,0,1.0,0.25,cca_type,eu_group0,0.001025982547905202,0.5627148132868065
heteroscedastic,0,1.0,0.25,cca_type,eu_group1,0.001025982547905202,0.8440722199302098
heteroscedastic,0,1.0,0.25,cca_type,eu_id,0.001025982547905202,0.856305150653836
heteroscedastic,0,1.0,0.25,cca_type,eu_heldout,0.001025982547905202,0.7095099819703212
heteroscedastic,0,1.0,0.25,smoother_001,eu_agreement,0.050641335734097015,0.7706746355884525
heteroscedastic,0,1.0,0.25,smoother_001,acquisition_overlap,0.050641335734097015,0.5223846475008079
heteroscedastic,0,1.0,0.25,smoother_001,eu_group0,0.050641335734097015,0.4893172289450492
heteroscedastic,0,1.0,0.25,smoother_001,eu_group1,0.050641335734097015,0.7706746355884525
heteroscedastic,0,1.0,0.25,smoother_001,eu_id,0.050641335734097015,0.7584417048648262
heteroscedastic,0,1.0,0.25,smoother_001,eu_heldout,0.050641335734097015,0.587180674734059
heteroscedastic,0,1.0,0.25,smoother_1,eu_agreement,0.355369521019293,0.9202627172903878
heteroscedastic,0,1.0,0.25,smoother_1,acquisition_overlap,0.355369521019293,0.8080576203504749
heteroscedastic,0,1.0,0.25,smoother_1,eu_group0,0.355369521019293,0.760750512960054
heteroscedastic,0,1.0,0.25,smoother_1,eu_group1,0.355369521019293,0.9202627172903878
heteroscedastic,0,1.0,0.25,smoother_1,eu_id,0.355369521019293,0.9570732259820034
heteroscedastic,0,1.0,0.25,smoother_1,eu_heldout,0.355369521019293,0.8589118694710287
heteroscedastic,0,1.0,1.0,cka,eu_agreement,0.5606896955269017,0.9816135651097472
heteroscedastic,0,1.0,1.0,cka,acquisition_overlap,0.5606896955269017,0.8288497269823397
heteroscedastic,0,1.0,1.0,cka,eu_group0,0.5606896955269017,0.8834522085987724
heteroscedastic,0,1.0,1.0,cka,eu_group1,0.5606896955269017,0.9816135651097472
heteroscedastic,0,1.0,1.0,cka,eu_id,0.5606896955269017,0.993883734673619
heteroscedastic,0,1.0,1.0,cka,eu_heldout,0.5606896955269017,0.9448030564181316
heteroscedastic,0,1.0,1.0,mknn,eu_agreement,0.7605,0.9876543209876544
heteroscedastic,0,1.0,1.0,mknn,acquisition_overlap,0.7605,0.8339503888294594
heteroscedastic,0,1.0,1.0,mknn,eu_group0,0.7605,0.8888888888888888
heteroscedastic,0,1.0,1.0,mknn,eu_group1,0.7605,0.9876543209876544
heteroscedastic,0,1.0,1.0,mknn,eu_id,0.7605,1.0
heteroscedastic,0,1.0,1.0,mknn,eu_heldout,0.7605,0.9506172839506172
heteroscedastic,0,1.0,1.0,predictivity,eu_agreement,0.003448781272578083,0.9012345679012346
heteroscedastic,0,1.0,1.0,predictivity,acquisition_overlap,0.003448781272578083,0.8018753738744802
heteroscedastic,0,1.0,1.0,predictivity,eu_group0,0.003448781272578083,0.802469135802469
heteroscedastic,0,1.0,1.0,predictivity,eu_group1,0.003448781272578083,0.9012345679012346
heteroscedastic,0,1.0,1.0,predictivity,eu_id,0.003448781272578083,0.8888888888888888
heteroscedastic,0,1.0,1.0,predictivity,eu_heldout,0.003448781272578083,0.8148148148148148
heteroscedastic,0,1.0,1.0,cca_type,eu_agreement,0.001025982547905202,0.8440722199302098
heteroscedastic,0,1.0,1.0,cca_type,acquisition_overlap,0.001025982547905202,0.6102160571171791
heteroscedastic,0,1.0,1.0,cca_type,eu_group0,0.001025982547905202,0.697277051246695
heteroscedastic,0,1.0,1.0,cca_type,eu_group1,0.001025982547905202,0.8440722199302098
heteroscedastic,0,1.0,1.0,cca_type,eu_id,0.001025982547905202,0.856305150653836
heteroscedastic,0,1.0,1.0,cca_type,eu_heldout,0.001025982547905202,0.7095099819703212
heteroscedastic,0,1.0,1.0,smoother_001,eu_agreement,0.050641335734097015,0.7706746355884525
heteroscedastic,0,1.0,1.0,smoother_001,acquisition_overlap,0.050641335734097015,0.48944412914607077
heteroscedastic,0,1.0,1.0,smoother_001,eu_group0,0.050641335734097015,0.6728111897994424
heteroscedastic,0,1.0,1.0,smoother_001,eu_group1,0.050641335734097015,0.7706746355884525
heteroscedastic,0,1.0,1.0,smoother_001,eu_id,0.050641335734097015,0.7584417048648262
heteroscedastic,0,1.0,1.0,smoother_001,eu_heldout,0.050641335734097015,0.587180674734059
heteroscedastic,0,1.0,1.0,smoother_1,eu_agreement,0.355369521019293,0.9202627172903878
heteroscedastic,0,1.0,1.0,smoother_1,acquisition_overlap,0.355369521019293,0.7650920556760059
heteroscedastic,0,1.0,1.0,smoother_1,eu_group0,0.355369521019293,0.8221013607794132
heteroscedastic,0,1.0,1.0,smoother_1,eu_group1,0.355369521019293,0.9202627172903878
heteroscedastic,0,1.0,1.0,smoother_1,eu_id,0.355369521019293,0.9570732259820034
heteroscedastic,0,1.0,1.0,smoother_1,eu_heldout,0.355369521019293,0.8589118694710287
heteroscedastic,0,10.0,0.1,cka,eu_agreement,0.5606896955269017,0.9816135651097472
heteroscedastic,0,10.0,0.1,cka,acquisition_overlap,0.5606896955269017,0.8522482714633914
heteroscedastic,0,10.0,0.1,cka,eu_group0,0.5606896955269017,0.8466416999071569
heteroscedastic,0,10.0,0.1,cka,eu_group1,0.5606896955269017,0.9816135651097472
heteroscedastic,0,10.0,0.1,cka,eu_id,0.5606896955269017,0.9816135651097472
heteroscedastic,0,10.0,0.1,cka,eu_heldout,0.5606896955269017,0.9448030564181316
heteroscedastic,0,10.0,0.1,mknn,eu_agreement,0.7605,0.9876543209876544
heteroscedastic,0,10.0,0.1,mknn,acquisition_overlap,0.7605,0.8574929257125441
heteroscedastic,0,10.0,0.1,mknn,eu_group0,0.7605,0.8518518518518517
heteroscedastic,0,10.0,0.1,mknn,eu_group1,0.7605,0.9876543209876544
heteroscedastic,0,10.0,0.1,mknn,eu_id,0.7605,0.9876543209876544
heteroscedastic,0,10.0,0.1,mknn,eu_heldout,0.7605,0.9506172839506172
heteroscedastic,0,10.0,0.1,predictivity,eu_agreement,0.003448781272578083,0.9012345679012346
heteroscedastic,0,10.0,0.1,predictivity,acquisition_overlap,0.003448781272578083,0.762215933966706
heteroscedastic,0,10.0,0.1,predictivity,eu_group0,0.003448781272578083,0.7160493827160493
heteroscedastic,0,10.0,0.1,predictivity,eu_group1,0.003448781272578083,0.9012345679012346
heteroscedastic,0,10.0,0.1,predictivity,eu_id,0.003448781272578083,0.9012345679012346
heteroscedastic,0,10.0,0.1,predictivity,eu_heldout,0.003448781272578083,0.8148148148148148
heteroscedastic,0,10.0,0.1,cca_type,eu_agreement,0.001025982547905202,0.8440722199302098
heteroscedastic,0,10.0,0.1,cca_type,acquisition_overlap,0.001025982547905202,0.5853225568382547
heteroscedastic,0,10.0,0.1,cca_type,eu_group0,0.001025982547905202,0.5627148132868065
heteroscedastic,0,10.0,0.1,cca_type,eu_group1,0.001025982547905202,0.8440722199302098
heteroscedastic,0,10.0,0.1,cca_type,eu_id,0.001025982547905202,0.8440722199302098
heteroscedastic,0,10.0,0.1,cca_type,eu_heldout,0.001025982547905202,0.7095099819703212
heteroscedastic,0,10.0,0.1,smoother_001,eu_agreement,0.050641335734097015,0.7706746355884525
heteroscedastic,0,10.0,0.1,smoother_001,acquisition_overlap,0.050641335734097015,0.4531529472296166
heteroscedastic,0,10.0,0.1,smoother_001,eu_group0,0.050641335734097015,0.4893172289450492
heteroscedastic,0,10.0,0.1,smoother_001,eu_group1,0.050641335734097015,0.7706746355884525
heteroscedastic,0,10.0,0.1,smoother_001,eu_id,0.050641335734097015,0.7706746355884525
heteroscedastic,0,10.0,0.1,smoother_001,eu_heldout,0.050641335734097015,0.587180674734059
heteroscedastic,0,10.0,0.1,smoother_1,eu_agreement,0.355369521019293,0.9202627172903878
heteroscedastic,0,10.0,0.1,smoother_1,acquisition_overlap,0.355369521019293,0.7764928695555344
heteroscedastic,0,10.0,0.1,smoother_1,eu_group0,0.355369521019293,0.760750512960054
heteroscedastic,0,10.0,0.1,smoother_1,eu_group1,0.355369521019293,0.9202627172903878
heteroscedastic,0,10.0,0.1,smoother_1,eu_id,0.355369521019293,0.9202627172903878
heteroscedastic,0,10.0,0.1,smoother_1,eu_heldout,0.355369521019293,0.8589118694710287
heteroscedastic,0,10.0,0.25,cka,eu_agreement,0.5606896955269017,0.9816135651097472
heteroscedastic,0,10.0,0.25,cka,acquisition_overlap,0.5606896955269017,0.8451644931690214
heteroscedastic,0,10.0,0.25,cka,eu_group0,0.5606896955269017,0.8466416999071569
heteroscedastic,0,10.0,0.25,cka,eu_group1,0.5606896955269017,0.9816135651097472
heteroscedastic,0,10.0,0.25,cka,eu_id,0.5606896955269017,0.993883734673619
heteroscedastic,0,10.0,0.25,cka,eu_heldout,0.5606896955269017,0.9448030564181316
heteroscedastic,0,10.0,0.25,mknn,eu_agreement,0.7605,0.9876543209876544
heteroscedastic,0,10.0,0.25,mknn,acquisition_overlap,0.7605,0.8503655545249109
heteroscedastic,0,10.0,0.25,mknn,eu_group0,0.7605,0.8518518518518517
heteroscedastic,0,10.0,0.25,mknn,eu_group1,0.7605,0.9876543209876544
heteroscedastic,0,10.0,0.25,mknn,eu_id,0.7605,1.0
heteroscedastic,0,10.0,0.25,mknn,eu_heldout,0.7605,0.9506172839506172
heteroscedastic,0,10.0,0.25,predictivity,eu_agreement,0.003448781272578083,0.9012345679012346
heteroscedastic,0,10.0,0.25,predictivity,acquisition_overlap,0.003448781272578083,0.8120031986816819
heteroscedastic,0,10.0,0.25,predictivity,eu_group0,0.003448781272578083,0.7160493827160493
heteroscedastic,0,10.0,0.25,predictivity,eu_group1,0.003448781272578083,0.9012345679012346
heteroscedastic,0,10.0,0.25,predictivity,eu_id,0.003448781272578083,0.8888888888888888
heteroscedastic,0,10.0,0.25,predictivity,eu_heldout,0.003448781272578083,0.8148148148148148
heteroscedastic,0,10.0,0.25,cca_type,eu_agreement,0.001025982547905202,0.8440722199302098
heteroscedastic,0,10.0,0.25,cca_type,acquisition_overlap,0.001025982547905202,0.6271981213649389
heteroscedastic,0,10.0,0.25,cca_type,eu_group0,0.001025982547905202,0.5627148132868065
heteroscedastic,0,10.0,0.25,cca_type,eu_group1,0.001025982547905202,0.8440722199302098
heteroscedastic,0,10.0,0.25,cca_type,eu_id,0.001025982547905202,0.856305150653836
heteroscedastic,0,10.0,0.25,cca_type,eu_heldout,0.001025982547905202,0.7095099819703212
heteroscedastic,0,10.0,0.25,smoother_001,eu_agreement,0.050641335734097015,0.7706746355884525
heteroscedastic,0,10.0,0.25,smoother_001,acquisition_overlap,0.050641335734097015,0.5258327684170699
heteroscedastic,0,10.0,0.25,smoother_001,eu_group0,0.050641335734097015,0.4893172289450492
heteroscedastic,0,10.0,0.25,smoother_001,eu_group1,0.050641335734097015,0.7706746355884525
heteroscedastic,0,10.0,0.25,smoother_001,eu_id,0.050641335734097015,0.7584417048648262
heteroscedastic,0,10.0,0.25,smoother_001,eu_heldout,0.050641335734097015,0.587180674734059
heteroscedastic,0,10.0,0.25,smoother_1,eu_agreement,0.355369521019293,0.9202627172903878
heteroscedastic,0,10.0,0.25,smoother_1,acquisition_overlap,0.355369521019293,0.7689090501763277
heteroscedastic,0,10.0,0.25,smoother_1,eu_group0,0.355369521019293,0.760750512960054
heteroscedastic,0,10.0,0.25,smoother_1,eu_group1,0.355369521019293,0.9202627172903878
heteroscedastic,0,10.0,0.25,smoother_1,eu_id,0.355369521019293,0.9570732259820034
heteroscedastic,0,10.0,0.25,smoother_1,eu_heldout,0.355369521019293,0.8589118694710287
heteroscedastic,0,10.0,1.0,cka,eu_agreement,0.5606896955269017,0.9816135651097472
heteroscedastic,0,10.0,1.0,cka,acquisition_overlap,0.5606896955269017,0.8288497269823397
heteroscedastic,0,10.0,1.0,cka,eu_group0,0.5606896955269017,0.8834522085987724
heteroscedastic,0,10.0,1.0,cka,eu_group1,0.5606896955269017,0.9816135651097472
heteroscedastic,0,10.0,1.0,cka,eu_id,0.5606896955269017,0.993883734673619
heteroscedastic,0,10.0,1.0,cka,eu_heldout,0.5606896955269017,0.9448030564181316
heteroscedastic,0,10.0,1.0,mknn,eu_agreement,0.7605,0.9876543209876544
heteroscedastic,0,10.0,1.0,mknn,acquisition_overlap,0.7605,0.8339503888294594
heteroscedastic,0,10.0,1.0,mknn,eu_group0,0.7605,0.8888888888888888
heteroscedastic,0,10.0,1.0,mknn,eu_group1,0.7605,0.9876543209876544
heteroscedastic,0,10.0,1.0,mknn,eu_id,0.7605,1.0
heteroscedastic,0,10.0,1.0,mknn,eu_heldout,0.7605,0.9506172839506172
heteroscedastic,0,10.0,1.0,predictivity,eu_agreement,0.003448781272578083,0.9012345679012346
heteroscedastic,0,10.0,1.0,predictivity,acquisition_overlap,0.003448781272578083,0.8018753738744802
heteroscedastic,0,10.0,1.0,predictivity,eu_group0,0.003448781272578083,0.802469135802469
heteroscedastic,0,10.0,1.0,predictivity,eu_group1,0.003448781272578083,0.9012345679012346
heteroscedastic,0,10.0,1.0,predictivity,eu_id,0.003448781272578083,0.8888888888888888
heteroscedastic,0,10.0,1.0,predictivity,eu_heldout,0.003448781272578083,0.8148148148148148
heteroscedastic,0,10.0,1.0,cca_type,eu_agreement,0.001025982547905202,0.8440722199302098
heteroscedastic,0,10.0,1.0,cca_type,acquisition_overlap,0.001025982547905202,0.6102160571171791
heteroscedastic,0,10.0,1.0,cca_type,eu_group0,0.001025982547905202,0.697277051246695
heteroscedastic,0,10.0,1.0,cca_type,eu_group1,0.001025982547905202,0.8440722199302098
heteroscedastic,0,10.0,1.0,cca_type,eu_id,0.001025982547905202,0.856305150653836
heteroscedastic,0,10.0,1.0,cca_type,eu_heldout,0.001025982547905202,0.7095099819703212
heteroscedastic,0,10.0,1.0,smoother_001,eu_agreement,0.050641335734097015,0.7706746355884525
heteroscedastic,0,10.0,1.0,smoother_001,acquisition_overlap,0.050641335734097015,0.48944412914607077
heteroscedastic,0,10.0,1.0,smoother_001,eu_group0,0.050641335734097015,0.6728111897994424
heteroscedastic,0,10.0,1.0,smoother_001,eu_group1,0.050641335734097015,0.7706746355884525
heteroscedastic,0,10.0,1.0,smoother_001,eu_id,0.050641335734097015,0.7584417048648262
heteroscedastic,0,10.0,1.0,smoother_001,eu_heldout,0.050641335734097015,0.587180674734059
heteroscedastic,0,10.0,1.0,smoother_1,eu_agreement,0.355369521019293,0.9202627172903878
heteroscedastic,0,10.0,1.0,smoother_1,acquisition_overlap,0.355369521019293,0.7650920556760059
heteroscedastic,0,10.0,1.0,smoother_1,eu_group0,0.355369521019293,0.8221013607794132
heteroscedastic,0,10.0,1.0,smoother_1,eu_group1,0.355369521019293,0.9202627172903878
heteroscedastic,0,10.0,1.0,smoother_1,eu_id,0.355369521019293,0.9570732259820034
heteroscedastic,0,10.0,1.0,smoother_1,eu_heldout,0.355369521019293,0.8589118694710287
heteroscedastic,1,0.1,0.1,cka,eu_agreement,0.6517876228848145,0.856305150653836
heteroscedastic,1,0.1,0.1,cka,acquisition_overlap,0.6517876228848145,0.8087806670128277
heteroscedastic,1,0.1,0.1,cka,eu_group0,0.6517876228848145,0.856305150653836
heteroscedastic,1,0.1,0.1,cka,eu_group1,0.6517876228848145,0.8440722199302098
heteroscedastic,1,0.1,0.1,cka,eu_id,0.6517876228848145,0.9786344578900984
heteroscedastic,1,0.1,0.1,cka,eu_heldout,0.6517876228848145,0.856305150653836
heteroscedastic,1,0.1,0.1,mknn,eu_agreement,0.78,0.9876543209876544
heteroscedastic,1,0.1,0.1,mknn,acquisition_overlap,0.78,0.9906974722292782
heteroscedastic,1,0.1,0.1,mknn,eu_group0,0.78,0.9876543209876544
heteroscedastic,1,0.1,0.1,mknn,eu_group1,0.78,1.0
heteroscedastic,1,0.1,0.1,mknn,eu_id,0.78,0.8641975308641975
heteroscedastic,1,0.1,0.1,mknn,eu_heldout,0.78,0.9876543209876544
heteroscedastic,1,0.1,0.1,predictivity,eu_agreement,0.006087073313743252,0.713849533023539
heteroscedastic,1,0.1,0.1,predictivity,acquisition_overlap,0.006087073313743252,0.8013040650423012
heteroscedastic,1,0.1,0.1,predictivity,eu_group0,0.006087073313743252,0.713849533023539
heteroscedastic,1,0.1,0.1,predictivity,eu_group1,0.006087073313743252,0.7630805353010245
heteroscedastic,1,0.1,0.1,predictivity,eu_id,0.006087073313743252,0.8000037870091384
heteroscedastic,1,0.1,0.1,predictivity,eu_heldout,0.006087073313743252,0.713849533023539
heteroscedastic,1,0.1,0.1,cca_type,eu_agreement,0.0013654787411976343,0.538248951839554
heteroscedastic,1,0.1,0.1,cca_type,acquisition_overlap,0.0013654787411976343,0.6482593132545565
heteroscedastic,1,0.1,0.1,cca_type,eu_group0,0.0013654787411976343,0.538248951839554
heteroscedastic,1,0.1,0.1,cca_type,eu_group1,0.0013654787411976343,0.5749477440104327
heteroscedastic,1,0.1,0.1,cca_type,eu_id,0.0013654787411976343,0.6361123976285639
heteroscedastic,1,0.1,0.1,cca_type,eu_heldout,0.0013654787411976343,0.538248951839554
heteroscedastic,1,0.1,0.1,smoother_001,eu_agreement,0.0426538893384365,0.4074074074074074
heteroscedastic,1,0.1,0.1,smoother_001,acquisition_overlap,0.0426538893384365,0.5794645592284458
heteroscedastic,1,0.1,0.1,smoother_001,eu_group0,0.0426538893384365,0.4074074074074074
heteroscedastic,1,0.1,0.1,smoother_001,eu_group1,0.0426538893384365,0.48148148148148145
heteroscedastic,1,0.1,0.1,smoother_001,eu_id,0.0426538893384365,0.4444444444444444
heteroscedastic,1,0.1,0.1,smoother_001,eu_heldout,0.0426538893384365,0.4074074074074074
heteroscedastic,1,0.1,0.1,smoother_1,eu_agreement,0.4023710666482262,0.8000037870091384
heteroscedastic,1,0.1,0.1,smoother_1,acquisition_overlap,0.4023710666482262,0.875843978069492
heteroscedastic,1,0.1,0.1,smoother_1,eu_group0,0.4023710666482262,0.8000037870091384
heteroscedastic,1,0.1,0.1,smoother_1,eu_group1,0.4023710666482262,0.849234789286624
heteroscedastic,1,0.1,0.1,smoother_1,eu_id,0.4023710666482262,0.8615425398559954
heteroscedastic,1,0.1,0.1,smoother_1,eu_heldout,0.4023710666482262,0.8000037870091384
heteroscedastic,1,0.1,0.25,cka,eu_agreement,0.6517876228848145,0.9419356657192195
heteroscedastic,1,0.1,0.25,cka,acquisition_overlap,0.6517876228848145,0.8528249356043897
heteroscedastic,1,0.1,0.25,cka,eu_group0,0.6517876228848145,0.856305150653836
heteroscedastic,1,0.1,0.25,cka,eu_group1,0.6517876228848145,0.8685380813774621
heteroscedastic,1,0.1,0.25,cka,eu_id,0.6517876228848145,0.9908673886137245
heteroscedastic,1,0.1,0.25,cka,eu_heldout,0.6517876228848145,0.856305150653836
heteroscedastic,1,0.1,0.25,mknn,eu_agreement,0.78,0.9012345679012346
heteroscedastic,1,0.1,0.25,mknn,acquisition_overlap,0.78,0.9969088024959091
heteroscedastic,1,0.1,0.25,mknn,eu_group0,0.78,0.9876543209876544
heteroscedastic,1,0.1,0.25,mknn,eu_group1,0.78,0.8518518518518517
heteroscedastic,1,0.1,0.25,mknn,eu_id,0.78,0.8518518518518517
heteroscedastic,1,0.1,0.25,mknn,eu_heldout,0.78,0.9876543209876544
heteroscedastic,1,0.1,0.25,predictivity,eu_agreement,0.006087073313743252,0.8615425398559954
heteroscedastic,1,0.1,0.25,predictivity,acquisition_overlap,0.006087073313743252,0.7839655535174079
heteroscedastic,1,0.1,0.25,predictivity,eu_group0,0.006087073313743252,0.713849533023539
heteroscedastic,1,0.1,0.25,predictivity,eu_group1,0.006087073313743252,0.9600045444109663
heteroscedastic,1,0.1,0.25,predictivity,eu_id,0.006087073313743252,0.8369270387172527
heteroscedastic,1,0.1,0.25,predictivity,eu_heldout,0.006087073313743252,0.713849533023539
heteroscedastic,1,0.1,0.25,cca_type,eu_agreement,0.0013654787411976343,0.7217429126939475
heteroscedastic,1,0.1,0.25,cca_type,acquisition_overlap,0.0013654787411976343,0.5705951008000594
heteroscedastic,1,0.1,0.25,cca_type,eu_group0,0.0013654787411976343,0.538248951839554
heteroscedastic,1,0.1,0.25,cca_type,eu_group1,0.0013654787411976343,0.8440722199302098
heteroscedastic,1,0.1,0.25,cca_type,eu_id,0.0013654787411976343,0.6238794669049376
heteroscedastic,1,0.1,0.25,cca_type,eu_heldout,0.0013654787411976343,0.538248951839554
heteroscedastic,1,0.1,0.25,smoother_001,eu_agreement,0.0426538893384365,0.5802469135802469
heteroscedastic,1,0.1,0.25,smoother_001,acquisition_overlap,0.0426538893384365,0.4891664310383652
heteroscedastic,1,0.1,0.25,smoother_001,eu_group0,0.0426538893384365,0.4074074074074074
heteroscedastic,1,0.1,0.25,smoother_001,eu_group1,0.0426538893384365,0.7777777777777778
heteroscedastic,1,0.1,0.25,smoother_001,eu_id,0.0426538893384365,0.4567901234567901
heteroscedastic,1,0.1,0.25,smoother_001,eu_heldout,0.0426538893384365,0.4074074074074074
heteroscedastic,1,0.1,0.25,smoother_1,eu_agreement,0.4023710666482262,0.9476967938415949
heteroscedastic,1,0.1,0.25,smoother_1,acquisition_overlap,0.4023710666482262,0.8580410388891314
heteroscedastic,1,0.1,0.25,smoother_1,eu_group0,0.4023710666482262,0.8000037870091384
heteroscedastic,1,0.1,0.25,smoother_1,eu_group1,0.4023710666482262,0.9969277961190804
heteroscedastic,1,0.1,0.25,smoother_1,eu_id,0.4023710666482262,0.8738502904253667
heteroscedastic,1,0.1,0.25,smoother_1,eu_heldout,0.4023710666482262,0.8000037870091384
heteroscedastic,1,0.1,1.0,cka,eu_agreement,0.6517876228848145,0.856305150653836
heteroscedastic,1,0.1,1.0,cka,acquisition_overlap,0.6517876228848145,0.8794635181661566
heteroscedastic,1,0.1,1.0,cka,eu_group0,0.6517876228848145,0.8440722199302098
heteroscedastic,1,0.1,1.0,cka,eu_group1,0.6517876228848145,0.856305150653836
heteroscedastic,1,0.1,1.0,cka,eu_id,0.6517876228848145,0.8318392892065836
heteroscedastic,1,0.1,1.0,cka,eu_heldout,0.6517876228848145,0.856305150653836
heteroscedastic,1,0.1,1.0,mknn,eu_agreement,0.78,0.8641975308641975
heteroscedastic,1,0.1,1.0,mknn,acquisition_overlap,0.78,0.9875771574795098
heteroscedastic,1,0.1,1.0,mknn,eu_group0,0.78,1.0
heteroscedastic,1,0.1,1.0,mknn,eu_group1,0.78,0.8641975308641975
heteroscedastic,1,0.1,1.0,mknn,eu_id,0.78,0.7654320987654321
heteroscedastic,1,0.1,1.0,mknn,eu_heldout,0.78,0.9876543209876544
heteroscedastic,1,0.1,1.0,predictivity,eu_agreement,0.006087073313743252,0.9230812927028521
heteroscedastic,1,0.1,1.0,predictivity,acquisition_overlap,0.006087073313743252,0.7602168388015091
heteroscedastic,1,0.1,1.0,predictivity,eu_group0,0.006087073313743252,0.7630805353010245
heteroscedastic,1,0.1,1.0,predictivity,eu_group1,0.006087073313743252,0.9230812927028521
heteroscedastic,1,0.1,1.0,predictivity,eu_id,0.006087073313743252,0.9969277961190804
heteroscedastic,1,0.1,1.0,predictivity,eu_heldout,0.006087073313743252,0.713849533023539
heteroscedastic,1,0.1,1.0,cca_type,eu_agreement,0.0013654787411976343,0.856305150653836
heteroscedastic,1,0.1,1.0,cca_type,acquisition_overlap,0.0013654787411976343,0.5326328349457006
heteroscedastic,1,0.1,1.0,cca_type,eu_group0,0.0013654787411976343,0.5749477440104327
heteroscedastic,1,0.1,1.0,cca_type,eu_group1,0.0013654787411976343,0.856305150653836
heteroscedastic,1,0.1,1.0,cca_type,eu_id,0.0013654787411976343,0.8807710121010884
heteroscedastic,1,0.1,1.0,cca_type,eu_heldout,0.0013654787411976343,0.538248951839554
heteroscedastic,1,0.1,1.0,smoother_001,eu_agreement,0.0426538893384365,0.7654320987654321
heteroscedastic,1,0.1,1.0,smoother_001,acquisition_overlap,0.0426538893384365,0.42503320701649794
heteroscedastic,1,0.1,1.0,smoother_001,eu_group0,0.0426538893384365,0.48148148148148145
heteroscedastic,1,0.1,1.0,smoother_001,eu_group1,0.0426538893384365,0.7654320987654321
heteroscedastic,1,0.1,1.0,smoother_001,eu_id,0.0426538893384365,0.8395061728395062
heteroscedastic,1,0.1,1.0,smoother_001,eu_heldout,0.0426538893384365,0.4074074074074074
heteroscedastic,1,0.1,1.0,smoother_1,eu_agreement,0.4023710666482262,0.9846200455497092
heteroscedastic,1,0.1,1.0,smoother_1,acquisition_overlap,0.4023710666482262,0.822529694440977
heteroscedastic,1,0.1,1.0,smoother_1,eu_group0,0.4023710666482262,0.849234789286624
heteroscedastic,1,0.1,1.0,smoother_1,eu_group1,0.4023710666482262,0.9846200455497092
heteroscedastic,1,0.1,1.0,smoother_1,eu_id,0.4023710666482262,0.9600045444109663
heteroscedastic,1,0.1,1.0,smoother_1,eu_heldout,0.4023710666482262,0.8000037870091384
heteroscedastic,1,1.0,0.1,cka,eu_agreement,0.6517876228848145,0.9541685964428458
heteroscedastic,1,1.0,0.1,cka,acquisition_overlap,0.6517876228848145,0.8334762598987157
heteroscedastic,1,1.0,0.1,cka,eu_group0,0.6517876228848145,0.856305150653836
heteroscedastic,1,1.0,0.1,cka,eu_group1,0.6517876228848145,0.856305150653836
heteroscedastic,1,1.0,0.1,cka,eu_id,0.6517876228848145,0.9786344578900984
heteroscedastic,1,1.0,0.1,cka,eu_heldout,0.6517876228848145,0.856305150653836
heteroscedastic,1,1.0,0.1,mknn,eu_agreement,0.78,0.8888888888888888
heteroscedastic,1,1.0,0.1,mknn,acquisition_overlap,0.78,0.965774265380743
heteroscedastic,1,1.0,0.1,mknn,eu_group0,0.78,0.9876543209876544
heteroscedastic,1,1.0,0.1,mknn,eu_group1,0.78,0.8641975308641975
heteroscedastic,1,1.0,0.1,mknn,eu_id,0.78,0.8641975308641975
heteroscedastic,1,1.0,0.1,mknn,eu_heldout,0.78,0.9876543209876544
heteroscedastic,1,1.0,0.1,predictivity,eu_agreement,0.006087073313743252,0.8123115375785099
heteroscedastic,1,1.0,0.1,predictivity,acquisition_overlap,0.006087073313743252,0.7019175143393801
heteroscedastic,1,1.0,0.1,predictivity,eu_group0,0.006087073313743252,0.713849533023539
heteroscedastic,1,1.0,0.1,predictivity,eu_group1,0.006087073313743252,0.9230812927028521
heteroscedastic,1,1.0,0.1,predictivity,eu_id,0.006087073313743252,0.8000037870091384
heteroscedastic,1,1.0,0.1,predictivity,eu_heldout,0.006087073313743252,0.713849533023539
heteroscedastic,1,1.0,0.1,cca_type,eu_agreement,0.0013654787411976343,0.6850441205230687
heteroscedastic,1,1.0,0.1,cca_type,acquisition_overlap,0.0013654787411976343,0.574172534596893
heteroscedastic,1,1.0,0.1,cca_type,eu_group0,0.0013654787411976343,0.538248951839554
heteroscedastic,1,1.0,0.1,cca_type,eu_group1,0.0013654787411976343,0.856305150653836
heteroscedastic,1,1.0,0.1,cca_type,eu_id,0.0013654787411976343,0.6361123976285639
heteroscedastic,1,1.0,0.1,cca_type,eu_heldout,0.0013654787411976343,0.538248951839554
heteroscedastic,1,1.0,0.1,smoother_001,eu_agreement,0.0426538893384365,0.5061728395061728
heteroscedastic,1,1.0,0.1,smoother_001,acquisition_overlap,0.0426538893384365,0.42992531813723395
heteroscedastic,1,1.0,0.1,smoother_001,eu_group0,0.0426538893384365,0.4074074074074074
heteroscedastic,1,1.0,0.1,smoother_001,eu_group1,0.0426538893384365,0.7654320987654321
heteroscedastic,1,1.0,0.1,smoother_001,eu_id,0.0426538893384365,0.4444444444444444
heteroscedastic,1,1.0,0.1,smoother_001,eu_heldout,0.0426538893384365,0.4074074074074074
heteroscedastic,1,1.0,0.1,smoother_1,eu_agreement,0.4023710666482262,0.8984657915641096
heteroscedastic,1,1.0,0.1,smoother_1,acquisition_overlap,0.4023710666482262,0.7764574273665709
heteroscedastic,1,1.0,0.1,smoother_1,eu_group0,0.4023710666482262,0.8000037870091384
heteroscedastic,1,1.0,0.1,smoother_1,eu_group1,0.4023710666482262,0.9846200455497092
heteroscedastic,1,1.0,0.1,smoother_1,eu_id,0.4023710666482262,0.8615425398559954
heteroscedastic,1,1.0,0.1,smoother_1,eu_heldout,0.4023710666482262,0.8000037870091384
heteroscedastic,1,1.0,0.25,cka,eu_agreement,0.6517876228848145,0.856305150653836
heteroscedastic,1,1.0,0.25,cka,acquisition_overlap,0.6517876228848145,0.7246283917284531
heteroscedastic,1,1.0,0.25,cka,eu_group0,0.6517876228848145,0.697277051246695
heteroscedastic,1,1.0,0.25,cka,eu_group1,0.6517876228848145,0.7706746355884525
heteroscedastic,1,1.0,0.25,cka,eu_id,0.6517876228848145,0.7706746355884525
heteroscedastic,1,1.0,0.25,cka,eu_heldout,0.6517876228848145,0.856305150653836
heteroscedastic,1,1.0,0.25,mknn,eu_agreement,0.78,0.8641975308641975
heteroscedastic,1,1.0,0.25,mknn,acquisition_overlap,0.78,0.8313149490175621
heteroscedastic,1,1.0,0.25,mknn,eu_group0,0.78,0.9012345679012346
heteroscedastic,1,1.0,0.25,mknn,eu_group1,0.78,0.7037037037037037
heteroscedastic,1,1.0,0.25,mknn,eu_id,0.78,0.7037037037037037
heteroscedastic,1,1.0,0.25,mknn,eu_heldout,0.78,0.9876543209876544
heteroscedastic,1,1.0,0.25,predictivity,eu_agreement,0.006087073313743252,0.9230812927028521
heteroscedastic,1,1.0,0.25,predictivity,acquisition_overlap,0.006087073313743252,0.8848425500804451
heteroscedastic,1,1.0,0.25,predictivity,eu_group0,0.006087073313743252,0.7876960364397672
heteroscedastic,1,1.0,0.25,predictivity,eu_group1,0.006087073313743252,0.9600045444109663
heteroscedastic,1,1.0,0.25,predictivity,eu_id,0.006087073313743252,0.9600045444109663
heteroscedastic,1,1.0,0.25,predictivity,eu_heldout,0.006087073313743252,0.713849533023539
heteroscedastic,1,1.0,0.25,cca_type,eu_agreement,0.0013654787411976343,0.856305150653836
heteroscedastic,1,1.0,0.25,cca_type,acquisition_overlap,0.0013654787411976343,0.7494020119584855
heteroscedastic,1,1.0,0.25,cca_type,eu_group0,0.0013654787411976343,0.7706746355884525
heteroscedastic,1,1.0,0.25,cca_type,eu_group1,0.0013654787411976343,0.9419356657192195
heteroscedastic,1,1.0,0.25,cca_type,eu_id,0.0013654787411976343,0.9419356657192195
heteroscedastic,1,1.0,0.25,cca_type,eu_heldout,0.0013654787411976343,0.538248951839554
heteroscedastic,1,1.0,0.25,smoother_001,eu_agreement,0.0426538893384365,0.7654320987654321
heteroscedastic,1,1.0,0.25,smoother_001,acquisition_overlap,0.0426538893384365,0.7375576239403935
heteroscedastic,1,1.0,0.25,smoother_001,eu_group0,0.0426538893384365,0.7037037037037037
heteroscedastic,1,1.0,0.25,smoother_001,eu_group1,0.0426538893384365,0.8765432098765431
heteroscedastic,1,1.0,0.25,smoother_001,eu_id,0.0426538893384365,0.8765432098765431
heteroscedastic,1,1.0,0.25,smoother_001,eu_heldout,0.0426538893384365,0.4074074074074074
heteroscedastic,1,1.0,0.25,smoother_1,eu_agreement,0.4023710666482262,0.9846200455497092
heteroscedastic,1,1.0,0.25,smoother_1,acquisition_overlap,0.4023710666482262,0.822529694440977
heteroscedastic,1,1.0,0.25,smoother_1,eu_group0,0.4023710666482262,0.8246192881478813
heteroscedastic,1,1.0,0.25,smoother_1,eu_group1,0.4023710666482262,0.8984657915641096
heteroscedastic,1,1.0,0.25,smoother_1,eu_id,0.4023710666482262,0.8984657915641096
heteroscedastic,1,1.0,0.25,smoother_1,eu_heldout,0.4023710666482262,0.8000037870091384
heteroscedastic,1,1.0,1.0,cka,eu_agreement,0.6517876228848145,0.7584417048648262
heteroscedastic,1,1.0,1.0,cka,acquisition_overlap,0.6517876228848145,0.8528249356043897
heteroscedastic,1,1.0,1.0,cka,eu_group0,0.6517876228848145,0.697277051246695
heteroscedastic,1,1.0,1.0,cka,eu_group1,0.6517876228848145,0.7584417048648262
heteroscedastic,1,1.0,1.0,cka,eu_id,0.6517876228848145,0.7584417048648262
heteroscedastic,1,1.0,1.0,cka,eu_heldout,0.6517876228848145,0.8440722199302098
heteroscedastic,1,1.0,1.0,mknn,eu_agreement,0.78,0.7160493827160493
heteroscedastic,1,1.0,1.0,mknn,acquisition_overlap,0.78,0.9969088024959091
heteroscedastic,1,1.0,1.0,mknn,eu_group0,0.78,0.9012345679012346
heteroscedastic,1,1.0,1.0,mknn,eu_group1,0.78,0.7160493827160493
heteroscedastic,1,1.0,1.0,mknn,eu_id,0.78,0.7160493827160493
heteroscedastic,1,1.0,1.0,mknn,eu_heldout,0.78,1.0
heteroscedastic,1,1.0,1.0,predictivity,eu_agreement,0.006087073313743252,0.9230812927028521
heteroscedastic,1,1.0,1.0,predictivity,acquisition_overlap,0.006087073313743252,0.7407548537172358
heteroscedastic,1,1.0,1.0,predictivity,eu_group0,0.006087073313743252,0.7876960364397672
heteroscedastic,1,1.0,1.0,predictivity,eu_group1,0.006087073313743252,0.9230812927028521
heteroscedastic,1,1.0,1.0,predictivity,eu_id,0.006087073313743252,0.9230812927028521
heteroscedastic,1,1.0,1.0,predictivity,eu_heldout,0.006087073313743252,0.7630805353010245
heteroscedastic,1,1.0,1.0,cca_type,eu_agreement,0.0013654787411976343,0.9541685964428458
heteroscedastic,1,1.0,1.0,cca_type,acquisition_overlap,0.0013654787411976343,0.5583242384172624
heteroscedastic,1,1.0,1.0,cca_type,eu_group0,0.0013654787411976343,0.7706746355884525
heteroscedastic,1,1.0,1.0,cca_type,eu_group1,0.0013654787411976343,0.9541685964428458
heteroscedastic,1,1.0,1.0,cca_type,eu_id,0.0013654787411976343,0.9541685964428458
heteroscedastic,1,1.0,1.0,cca_type,eu_heldout,0.0013654787411976343,0.5749477440104327
heteroscedastic,1,1.0,1.0,smoother_001,eu_agreement,0.0426538893384365,0.8641975308641975
heteroscedastic,1,1.0,1.0,smoother_001,acquisition_overlap,0.0426538893384365,0.44582257006028225
heteroscedastic,1,1.0,1.0,smoother_001,eu_group0,0.0426538893384365,0.7037037037037037
heteroscedastic,1,1.0,1.0,smoother_001,eu_group1,0.0426538893384365,0.8641975308641975
heteroscedastic,1,1.0,1.0,smoother_001,eu_id,0.0426538893384365,0.8641975308641975
heteroscedastic,1,1.0,1.0,smoother_001,eu_heldout,0.0426538893384365,0.48148148148148145
heteroscedastic,1,1.0,1.0,smoother_1,eu_agreement,0.4023710666482262,0.886158040994738
heteroscedastic,1,1.0,1.0,smoother_1,acquisition_overlap,0.4023710666482262,0.8271762533175799
heteroscedastic,1,1.0,1.0,smoother_1,eu_group0,0.4023710666482262,0.8246192881478813
heteroscedastic,1,1.0,1.0,smoother_1,eu_group1,0.4023710666482262,0.886158040994738
heteroscedastic,1,1.0,1.0,smoother_1,eu_id,0.4023710666482262,0.886158040994738
heteroscedastic,1,1.0,1.0,smoother_1,eu_heldout,0.4023710666482262,0.849234789286624
heteroscedastic,1,10.0,0.1,cka,eu_agreement,0.6517876228848145,0.7951404970357048
heteroscedastic,1,10.0,0.1,cka,acquisition_overlap,0.6517876228848145,0.7346938883551641
heteroscedastic,1,10.0,0.1,cka,eu_group0,0.6517876228848145,0.7095099819703212
heteroscedastic,1,10.0,0.1,cka,eu_group1,0.6517876228848145,0.7951404970357048
heteroscedastic,1,10.0,0.1,cka,eu_id,0.6517876228848145,0.7951404970357048
heteroscedastic,1,10.0,0.1,cka,eu_heldout,0.6517876228848145,0.856305150653836
heteroscedastic,1,10.0,0.1,mknn,eu_agreement,0.78,0.802469135802469
heteroscedastic,1,10.0,0.1,mknn,acquisition_overlap,0.78,0.9408510585322077
heteroscedastic,1,10.0,0.1,mknn,eu_group0,0.78,0.8888888888888888
heteroscedastic,1,10.0,0.1,mknn,eu_group1,0.78,0.802469135802469
heteroscedastic,1,10.0,0.1,mknn,eu_id,0.78,0.802469135802469
heteroscedastic,1,10.0,0.1,mknn,eu_heldout,0.78,0.9876543209876544
heteroscedastic,1,10.0,0.1,predictivity,eu_agreement,0.006087073313743252,0.886158040994738
heteroscedastic,1,10.0,0.1,predictivity,acquisition_overlap,0.006087073313743252,0.8137273838801663
heteroscedastic,1,10.0,0.1,predictivity,eu_group0,0.006087073313743252,0.7384650341622817
heteroscedastic,1,10.0,0.1,predictivity,eu_group1,0.006087073313743252,0.886158040994738
heteroscedastic,1,10.0,0.1,predictivity,eu_id,0.006087073313743252,0.886158040994738
heteroscedastic,1,10.0,0.1,predictivity,eu_heldout,0.006087073313743252,0.713849533023539
heteroscedastic,1,10.0,0.1,cca_type,eu_agreement,0.0013654787411976343,0.917469804271967
heteroscedastic,1,10.0,0.1,cca_type,acquisition_overlap,0.0013654787411976343,0.7470416847981081
heteroscedastic,1,10.0,0.1,cca_type,eu_group0,0.0013654787411976343,0.7339758434175736
heteroscedastic,1,10.0,0.1,cca_type,eu_group1,0.0013654787411976343,0.917469804271967
heteroscedastic,1,10.0,0.1,cca_type,eu_id,0.0013654787411976343,0.917469804271967
heteroscedastic,1,10.0,0.1,cca_type,eu_heldout,0.0013654787411976343,0.538248951839554
heteroscedastic,1,10.0,0.1,smoother_001,eu_agreement,0.0426538893384365,0.802469135802469
heteroscedastic,1,10.0,0.1,smoother_001,acquisition_overlap,0.0426538893384365,0.6916189900468547
heteroscedastic,1,10.0,0.1,smoother_001,eu_group0,0.0426538893384365,0.6296296296296295
heteroscedastic,1,10.0,0.1,smoother_001,eu_group1,0.0426538893384365,0.802469135802469
heteroscedastic,1,10.0,0.1,smoother_001,eu_id,0.0426538893384365,0.802469135802469
heteroscedastic,1,10.0,0.1,smoother_001,eu_heldout,0.0426538893384365,0.4074074074074074
heteroscedastic,1,10.0,0.1,smoother_1,eu_agreement,0.4023710666482262,0.9230812927028521
heteroscedastic,1,10.0,0.1,smoother_1,acquisition_overlap,0.4023710666482262,0.8634206592316268
heteroscedastic,1,10.0,0.1,smoother_1,eu_group0,0.4023710666482262,0.7753882858703959
heteroscedastic,1,10.0,0.1,smoother_1,eu_group1,0.4023710666482262,0.9230812927028521
heteroscedastic,1,10.0,0.1,smoother_1,eu_id,0.4023710666482262,0.9230812927028521
heteroscedastic,1,10.0,0.1,smoother_1,eu_heldout,0.4023710666482262,0.8000037870091384
heteroscedastic,1,10.0,0.25,cka,eu_agreement,0.6517876228848145,0.7584417048648262
heteroscedastic,1,10.0,0.25,cka,acquisition_overlap,0.6517876228848145,0.6482593132545565
heteroscedastic,1,10.0,0.25,cka,eu_group0,0.6517876228848145,0.697277051246695
heteroscedastic,1,10.0,0.25,cka,eu_group1,0.6517876228848145,0.7584417048648262
heteroscedastic,1,10.0,0.25,cka,eu_id,0.6517876228848145,0.7706746355884525
heteroscedastic,1,10.0,0.25,cka,eu_heldout,0.6517876228848145,0.8440722199302098
heteroscedastic,1,10.0,0.25,mknn,eu_agreement,0.78,0.7160493827160493
heteroscedastic,1,10.0,0.25,mknn,acquisition_overlap,0.78,0.8286966277137987
heteroscedastic,1,10.0,0.25,mknn,eu_group0,0.78,0.9012345679012346
heteroscedastic,1,10.0,0.25,mknn,eu_group1,0.78,0.7160493827160493
heteroscedastic,1,10.0,0.25,mknn,eu_id,0.78,0.7037037037037037
heteroscedastic,1,10.0,0.25,mknn,eu_heldout,0.78,1.0
heteroscedastic,1,10.0,0.25,predictivity,eu_agreement,0.006087073313743252,0.9230812927028521
heteroscedastic,1,10.0,0.25,predictivity,acquisition_overlap,0.006087073313743252,0.8634206592316268
heteroscedastic,1,10.0,0.25,predictivity,eu_group0,0.006087073313743252,0.7876960364397672
heteroscedastic,1,10.0,0.25,predictivity,eu_group1,0.006087073313743252,0.9230812927028521
heteroscedastic,1,10.0,0.25,predictivity,eu_id,0.006087073313743252,0.9600045444109663
heteroscedastic,1,10.0,0.25,predictivity,eu_heldout,0.006087073313743252,0.7630805353010245
heteroscedastic,1,10.0,0.25,cca_type,eu_agreement,0.0013654787411976343,0.9541685964428458
heteroscedastic,1,10.0,0.25,cca_type,acquisition_overlap,0.0013654787411976343,0.7223460919122202
heteroscedastic,1,10.0,0.25,cca_type,eu_group0,0.0013654787411976343,0.7706746355884525
heteroscedastic,1,10.0,0.25,cca_type,eu_group1,0.0013654787411976343,0.9541685964428458
heteroscedastic,1,10.0,0.25,cca_type,eu_id,0.0013654787411976343,0.9419356657192195
heteroscedastic,1,10.0,0.25,cca_type,eu_heldout,0.0013654787411976343,0.5749477440104327
heteroscedastic,1,10.0,0.25,smoother_001,eu_agreement,0.0426538893384365,0.8641975308641975
heteroscedastic,1,10.0,0.25,smoother_001,acquisition_overlap,0.0426538893384365,0.7663886105924606
heteroscedastic,1,10.0,0.25,smoother_001,eu_group0,0.0426538893384365,0.7037037037037037
heteroscedastic,1,10.0,0.25,smoother_001,eu_group1,0.0426538893384365,0.8641975308641975
heteroscedastic,1,10.0,0.25,smoother_001,eu_id,0.0426538893384365,0.8765432098765431
heteroscedastic,1,10.0,0.25,smoother_001,eu_heldout,0.0426538893384365,0.48148148148148145
heteroscedastic,1,10.0,0.25,smoother_1,eu_agreement,0.4023710666482262,0.886158040994738
heteroscedastic,1,10.0,0.25,smoother_1,acquisition_overlap,0.4023710666482262,0.8261507027180315
heteroscedastic,1,10.0,0.25,smoother_1,eu_group0,0.4023710666482262,0.8246192881478813
heteroscedastic,1,10.0,0.25,smoother_1,eu_group1,0.4023710666482262,0.886158040994738
heteroscedastic,1,10.0,0.25,smoother_1,eu_id,0.4023710666482262,0.8984657915641096
heteroscedastic,1,10.0,0.25,smoother_1,eu_heldout,0.4023710666482262,0.849234789286624
heteroscedastic,1,10.0,1.0,cka,eu_agreement,0.6517876228848145,0.697277051246695
heteroscedastic,1,10.0,1.0,cka,acquisition_overlap,0.6517876228848145,0.7363735392481269
heteroscedastic,1,10.0,1.0,cka,eu_group0,0.6517876228848145,0.697277051246695
heteroscedastic,1,10.0,1.0,cka,eu_group1,0.6517876228848145,0.7584417048648262
heteroscedastic,1,10.0,1.0,cka,eu_id,0.6517876228848145,0.7584417048648262
heteroscedastic,1,10.0,1.0,cka,eu_heldout,0.6517876228848145,0.8440722199302098
heteroscedastic,1,10.0,1.0,mknn,eu_agreement,0.78,0.9012345679012346
heteroscedastic,1,10.0,1.0,mknn,acquisition_overlap,0.78,0.9083073213103244
heteroscedastic,1,10.0,1.0,mknn,eu_group0,0.78,0.9012345679012346
heteroscedastic,1,10.0,1.0,mknn,eu_group1,0.78,0.7160493827160493
heteroscedastic,1,10.0,1.0,mknn,eu_id,0.78,0.7160493827160493
heteroscedastic,1,10.0,1.0,mknn,eu_heldout,0.78,1.0
heteroscedastic,1,10.0,1.0,predictivity,eu_agreement,0.006087073313743252,0.7876960364397672
heteroscedastic,1,10.0,1.0,predictivity,acquisition_overlap,0.006087073313743252,0.8675231034719135
heteroscedastic,1,10.0,1.0,predictivity,eu_group0,0.006087073313743252,0.7876960364397672
heteroscedastic,1,10.0,1.0,predictivity,eu_group1,0.006087073313743252,0.9230812927028521
heteroscedastic,1,10.0,1.0,predictivity,eu_id,0.006087073313743252,0.9230812927028521
heteroscedastic,1,10.0,1.0,predictivity,eu_heldout,0.006087073313743252,0.7630805353010245
heteroscedastic,1,10.0,1.0,cca_type,eu_agreement,0.0013654787411976343,0.7706746355884525
heteroscedastic,1,10.0,1.0,cca_type,acquisition_overlap,0.0013654787411976343,0.7741362848505949
heteroscedastic,1,10.0,1.0,cca_type,eu_group0,0.0013654787411976343,0.7706746355884525
heteroscedastic,1,10.0,1.0,cca_type,eu_group1,0.0013654787411976343,0.9541685964428458
heteroscedastic,1,10.0,1.0,cca_type,eu_id,0.0013654787411976343,0.9541685964428458
heteroscedastic,1,10.0,1.0,cca_type,eu_heldout,0.0013654787411976343,0.5749477440104327
heteroscedastic,1,10.0,1.0,smoother_001,eu_agreement,0.0426538893384365,0.7037037037037037
heteroscedastic,1,10.0,1.0,smoother_001,acquisition_overlap,0.0426538893384365,0.7431605356175383
heteroscedastic,1,10.0,1.0,smoother_001,eu_group0,0.0426538893384365,0.7037037037037037
heteroscedastic,1,10.0,1.0,smoother_001,eu_group1,0.0426538893384365,0.8641975308641975
heteroscedastic,1,10.0,1.0,smoother_001,eu_id,0.0426538893384365,0.8641975308641975
heteroscedastic,1,10.0,1.0,smoother_001,eu_heldout,0.0426538893384365,0.48148148148148145
heteroscedastic,1,10.0,1.0,smoother_1,eu_agreement,0.4023710666482262,0.8246192881478813
heteroscedastic,1,10.0,1.0,smoother_1,acquisition_overlap,0.4023710666482262,0.8675231034719135
heteroscedastic,1,10.0,1.0,smoother_1,eu_group0,0.4023710666482262,0.8246192881478813
heteroscedastic,1,10.0,1.0,smoother_1,eu_group1,0.4023710666482262,0.886158040994738
heteroscedastic,1,10.0,1.0,smoother_1,eu_id,0.4023710666482262,0.886158040994738
heteroscedastic,1,10.0,1.0,smoother_1,eu_heldout,0.4023710666482262,0.849234789286624
heteroscedastic,2,0.1,0.1,cka,eu_agreement,0.7222245337731901,0.9570732259820034
heteroscedastic,2,0.1,0.1,cka,acquisition_overlap,0.7222245337731901,0.9186933470689147
heteroscedastic,2,0.1,0.1,cka,eu_group0,0.7222245337731901,0.8589118694710287
heteroscedastic,2,0.1,0.1,cka,eu_group1,0.7222245337731901,0.9570732259820034
heteroscedastic,2,0.1,0.1,cka,eu_id,0.7222245337731901,0.8589118694710287
heteroscedastic,2,0.1,0.1,cka,eu_heldout,0.7222245337731901,0.9570732259820034
heteroscedastic,2,0.1,0.1,mknn,eu_agreement,0.8059999999999999,0.9629629629629629
heteroscedastic,2,0.1,0.1,mknn,acquisition_overlap,0.8059999999999999,0.9243468979503966
heteroscedastic,2,0.1,0.1,mknn,eu_group0,0.8059999999999999,0.8641975308641975
heteroscedastic,2,0.1,0.1,mknn,eu_group1,0.8059999999999999,0.9629629629629629
heteroscedastic,2,0.1,0.1,mknn,eu_id,0.8059999999999999,0.8641975308641975
heteroscedastic,2,0.1,0.1,mknn,eu_heldout,0.8059999999999999,0.9629629629629629
heteroscedastic,2,0.1,0.1,predictivity,eu_agreement,0.005072790864493859,0.8984657915641096
heteroscedastic,2,0.1,0.1,predictivity,acquisition_overlap,0.005072790864493859,0.8583901900818826
heteroscedastic,2,0.1,0.1,predictivity,eu_group0,0.005072790864493859,0.8000037870091384
heteroscedastic,2,0.1,0.1,predictivity,eu_group1,0.005072790864493859,0.8984657915641096
heteroscedastic,2,0.1,0.1,predictivity,eu_id,0.005072790864493859,0.8000037870091384
heteroscedastic,2,0.1,0.1,predictivity,eu_heldout,0.005072790864493859,0.8984657915641096
heteroscedastic,2,0.1,0.1,cca_type,eu_agreement,0.001100862700956995,0.6728111897994424
heteroscedastic,2,0.1,0.1,cca_type,acquisition_overlap,0.001100862700956995,0.7277054989428462
heteroscedastic,2,0.1,0.1,cca_type,eu_group0,0.001100862700956995,0.7706746355884525
heteroscedastic,2,0.1,0.1,cca_type,eu_group1,0.001100862700956995,0.6728111897994424
heteroscedastic,2,0.1,0.1,cca_type,eu_id,0.001100862700956995,0.7706746355884525
heteroscedastic,2,0.1,0.1,cca_type,eu_heldout,0.001100862700956995,0.6728111897994424
heteroscedastic,2,0.1,0.1,smoother_001,eu_agreement,0.05374463969619625,0.7730206825239259
heteroscedastic,2,0.1,0.1,smoother_001,acquisition_overlap,0.05374463969619625,0.729920741506809
heteroscedastic,2,0.1,0.1,smoother_001,eu_group0,0.05374463969619625,0.6748593260129511
heteroscedastic,2,0.1,0.1,smoother_001,eu_group1,0.05374463969619625,0.7730206825239259
heteroscedastic,2,0.1,0.1,smoother_001,eu_id,0.05374463969619625,0.6748593260129511
heteroscedastic,2,0.1,0.1,smoother_001,eu_heldout,0.05374463969619625,0.7730206825239259
heteroscedastic,2,0.1,0.1,smoother_1,eu_agreement,0.44321211281951756,0.993883734673619
heteroscedastic,2,0.1,0.1,smoother_1,acquisition_overlap,0.44321211281951756,0.956447868181336
heteroscedastic,2,0.1,0.1,smoother_1,eu_group0,0.44321211281951756,0.8957223781626442
heteroscedastic,2,0.1,0.1,smoother_1,eu_group1,0.44321211281951756,0.993883734673619
heteroscedastic,2,0.1,0.1,smoother_1,eu_id,0.44321211281951756,0.8957223781626442
heteroscedastic,2,0.1,0.1,smoother_1,eu_heldout,0.44321211281951756,0.993883734673619
heteroscedastic,2,0.1,0.25,cka,eu_agreement,0.7222245337731901,0.9570732259820034
heteroscedastic,2,0.1,0.25,cka,acquisition_overlap,0.7222245337731901,0.8554210601351293
heteroscedastic,2,0.1,0.25,cka,eu_group0,0.7222245337731901,0.8589118694710287
heteroscedastic,2,0.1,0.25,cka,eu_group1,0.7222245337731901,0.9570732259820034
heteroscedastic,2,0.1,0.25,cka,eu_id,0.7222245337731901,0.9570732259820034
heteroscedastic,2,0.1,0.25,cka,eu_heldout,0.7222245337731901,0.9570732259820034
heteroscedastic,2,0.1,0.25,mknn,eu_agreement,0.8059999999999999,0.9629629629629629
heteroscedastic,2,0.1,0.25,mknn,acquisition_overlap,0.8059999999999999,0.8606852394219336
heteroscedastic,2,0.1,0.25,mknn,eu_group0,0.8059999999999999,0.8641975308641975
heteroscedastic,2,0.1,0.25,mknn,eu_group1,0.8059999999999999,0.9629629629629629
heteroscedastic,2,0.1,0.25,mknn,eu_id,0.8059999999999999,0.9629629629629629
heteroscedastic,2,0.1,0.25,mknn,eu_heldout,0.8059999999999999,0.9629629629629629
heteroscedastic,2,0.1,0.25,predictivity,eu_agreement,0.005072790864493859,0.8984657915641096
heteroscedastic,2,0.1,0.25,predictivity,acquisition_overlap,0.005072790864493859,0.7963114677460285
heteroscedastic,2,0.1,0.25,predictivity,eu_group0,0.005072790864493859,0.8000037870091384
heteroscedastic,2,0.1,0.25,predictivity,eu_group1,0.005072790864493859,0.8984657915641096
heteroscedastic,2,0.1,0.25,predictivity,eu_id,0.005072790864493859,0.8984657915641096
heteroscedastic,2,0.1,0.25,predictivity,eu_heldout,0.005072790864493859,0.8984657915641096
heteroscedastic,2,0.1,0.25,cca_type,eu_agreement,0.001100862700956995,0.6728111897994424
heteroscedastic,2,0.1,0.25,cca_type,acquisition_overlap,0.001100862700956995,0.766928898924811
heteroscedastic,2,0.1,0.25,cca_type,eu_group0,0.001100862700956995,0.7706746355884525
heteroscedastic,2,0.1,0.25,cca_type,eu_group1,0.001100862700956995,0.6728111897994424
heteroscedastic,2,0.1,0.25,cca_type,eu_id,0.001100862700956995,0.6728111897994424
heteroscedastic,2,0.1,0.25,cca_type,eu_heldout,0.001100862700956995,0.6728111897994424
heteroscedastic,2,0.1,0.25,smoother_001,eu_agreement,0.05374463969619625,0.7730206825239259
heteroscedastic,2,0.1,0.25,smoother_001,acquisition_overlap,0.05374463969619625,0.6707978097462526
heteroscedastic,2,0.1,0.25,smoother_001,eu_group0,0.05374463969619625,0.6748593260129511
heteroscedastic,2,0.1,0.25,smoother_001,eu_group1,0.05374463969619625,0.7730206825239259
heteroscedastic,2,0.1,0.25,smoother_001,eu_id,0.05374463969619625,0.7730206825239259
heteroscedastic,2,0.1,0.25,smoother_001,eu_heldout,0.05374463969619625,0.7730206825239259
heteroscedastic,2,0.1,0.25,smoother_1,eu_agreement,0.44321211281951756,0.993883734673619
heteroscedastic,2,0.1,0.25,smoother_1,acquisition_overlap,0.44321211281951756,0.8923457102129048
heteroscedastic,2,0.1,0.25,smoother_1,eu_group0,0.44321211281951756,0.8957223781626442
heteroscedastic,2,0.1,0.25,smoother_1,eu_group1,0.44321211281951756,0.993883734673619
heteroscedastic,2,0.1,0.25,smoother_1,eu_id,0.44321211281951756,0.993883734673619
heteroscedastic,2,0.1,0.25,smoother_1,eu_heldout,0.44321211281951756,0.993883734673619
heteroscedastic,2,0.1,1.0,cka,eu_agreement,0.7222245337731901,0.9570732259820034
heteroscedastic,2,0.1,1.0,cka,acquisition_overlap,0.7222245337731901,0.9280036733712484
heteroscedastic,2,0.1,1.0,cka,eu_group0,0.7222245337731901,0.8589118694710287
heteroscedastic,2,0.1,1.0,cka,eu_group1,0.7222245337731901,0.9570732259820034
heteroscedastic,2,0.1,1.0,cka,eu_id,0.7222245337731901,0.9570732259820034
heteroscedastic,2,0.1,1.0,cka,eu_heldout,0.7222245337731901,0.9570732259820034
heteroscedastic,2,0.1,1.0,mknn,eu_agreement,0.8059999999999999,0.9629629629629629
heteroscedastic,2,0.1,1.0,mknn,acquisition_overlap,0.8059999999999999,0.9337145191092148
heteroscedastic,2,0.1,1.0,mknn,eu_group0,0.8059999999999999,0.8641975308641975
heteroscedastic,2,0.1,1.0,mknn,eu_group1,0.8059999999999999,0.9629629629629629
heteroscedastic,2,0.1,1.0,mknn,eu_id,0.8059999999999999,0.9629629629629629
heteroscedastic,2,0.1,1.0,mknn,eu_heldout,0.8059999999999999,0.9629629629629629
heteroscedastic,2,0.1,1.0,predictivity,eu_agreement,0.005072790864493859,0.8984657915641096
heteroscedastic,2,0.1,1.0,predictivity,acquisition_overlap,0.005072790864493859,0.8675231034719135
heteroscedastic,2,0.1,1.0,predictivity,eu_group0,0.005072790864493859,0.8000037870091384
heteroscedastic,2,0.1,1.0,predictivity,eu_group1,0.005072790864493859,0.8984657915641096
heteroscedastic,2,0.1,1.0,predictivity,eu_id,0.005072790864493859,0.8984657915641096
heteroscedastic,2,0.1,1.0,predictivity,eu_heldout,0.005072790864493859,0.8984657915641096
heteroscedastic,2,0.1,1.0,cca_type,eu_agreement,0.001100862700956995,0.6728111897994424
heteroscedastic,2,0.1,1.0,cca_type,acquisition_overlap,0.001100862700956995,0.7363735392481269
heteroscedastic,2,0.1,1.0,cca_type,eu_group0,0.001100862700956995,0.7706746355884525
heteroscedastic,2,0.1,1.0,cca_type,eu_group1,0.001100862700956995,0.6728111897994424
heteroscedastic,2,0.1,1.0,cca_type,eu_id,0.001100862700956995,0.6728111897994424
heteroscedastic,2,0.1,1.0,cca_type,eu_heldout,0.001100862700956995,0.6728111897994424
heteroscedastic,2,0.1,1.0,smoother_001,eu_agreement,0.05374463969619625,0.7730206825239259
heteroscedastic,2,0.1,1.0,smoother_001,acquisition_overlap,0.05374463969619625,0.7386151686016059
heteroscedastic,2,0.1,1.0,smoother_001,eu_group0,0.05374463969619625,0.6748593260129511
heteroscedastic,2,0.1,1.0,smoother_001,eu_group1,0.05374463969619625,0.7730206825239259
heteroscedastic,2,0.1,1.0,smoother_001,eu_id,0.05374463969619625,0.7730206825239259
heteroscedastic,2,0.1,1.0,smoother_001,eu_heldout,0.05374463969619625,0.7730206825239259
heteroscedastic,2,0.1,1.0,smoother_1,eu_agreement,0.44321211281951756,0.993883734673619
heteroscedastic,2,0.1,1.0,smoother_1,acquisition_overlap,0.44321211281951756,0.965881374325177
heteroscedastic,2,0.1,1.0,smoother_1,eu_group0,0.44321211281951756,0.8957223781626442
heteroscedastic,2,0.1,1.0,smoother_1,eu_group1,0.44321211281951756,0.993883734673619
heteroscedastic,2,0.1,1.0,smoother_1,eu_id,0.44321211281951756,0.993883734673619
heteroscedastic,2,0.1,1.0,smoother_1,eu_heldout,0.44321211281951756,0.993883734673619
heteroscedastic,2,1.0,0.1,cka,eu_agreement,0.7222245337731901,0.9570732259820034
heteroscedastic,2,1.0,0.1,cka,acquisition_overlap,0.7222245337731901,0.9280036733712484
heteroscedastic,2,1.0,0.1,cka,eu_group0,0.7222245337731901,0.8589118694710287
heteroscedastic,2,1.0,0.1,cka,eu_group1,0.7222245337731901,0.9570732259820034
heteroscedastic,2,1.0,0.1,cka,eu_id,0.7222245337731901,0.8589118694710287
heteroscedastic,2,1.0,0.1,cka,eu_heldout,0.7222245337731901,0.9570732259820034
heteroscedastic,2,1.0,0.1,mknn,eu_agreement,0.8059999999999999,0.9629629629629629
heteroscedastic,2,1.0,0.1,mknn,acquisition_overlap,0.8059999999999999,0.9337145191092148
heteroscedastic,2,1.0,0.1,mknn,eu_group0,0.8059999999999999,0.8641975308641975
heteroscedastic,2,1.0,0.1,mknn,eu_group1,0.8059999999999999,0.9629629629629629
heteroscedastic,2,1.0,0.1,mknn,eu_id,0.8059999999999999,0.8641975308641975
heteroscedastic,2,1.0,0.1,mknn,eu_heldout,0.8059999999999999,0.9629629629629629
heteroscedastic,2,1.0,0.1,predictivity,eu_agreement,0.005072790864493859,0.8984657915641096
heteroscedastic,2,1.0,0.1,predictivity,acquisition_overlap,0.005072790864493859,0.8675231034719135
heteroscedastic,2,1.0,0.1,predictivity,eu_group0,0.005072790864493859,0.8000037870091384
heteroscedastic,2,1.0,0.1,predictivity,eu_group1,0.005072790864493859,0.8984657915641096
heteroscedastic,2,1.0,0.1,predictivity,eu_id,0.005072790864493859,0.8000037870091384
heteroscedastic,2,1.0,0.1,predictivity,eu_heldout,0.005072790864493859,0.8984657915641096
heteroscedastic,2,1.0,0.1,cca_type,eu_agreement,0.001100862700956995,0.6728111897994424
heteroscedastic,2,1.0,0.1,cca_type,acquisition_overlap,0.001100862700956995,0.7363735392481269
heteroscedastic,2,1.0,0.1,cca_type,eu_group0,0.001100862700956995,0.7706746355884525
heteroscedastic,2,1.0,0.1,cca_type,eu_group1,0.001100862700956995,0.6728111897994424
heteroscedastic,2,1.0,0.1,cca_type,eu_id,0.001100862700956995,0.7706746355884525
heteroscedastic,2,1.0,0.1,cca_type,eu_heldout,0.001100862700956995,0.6728111897994424
heteroscedastic,2,1.0,0.1,smoother_001,eu_agreement,0.05374463969619625,0.7730206825239259
heteroscedastic,2,1.0,0.1,smoother_001,acquisition_overlap,0.05374463969619625,0.7386151686016059
heteroscedastic,2,1.0,0.1,smoother_001,eu_group0,0.05374463969619625,0.6748593260129511
heteroscedastic,2,1.0,0.1,smoother_001,eu_group1,0.05374463969619625,0.7730206825239259
heteroscedastic,2,1.0,0.1,smoother_001,eu_id,0.05374463969619625,0.6748593260129511
heteroscedastic,2,1.0,0.1,smoother_001,eu_heldout,0.05374463969619625,0.7730206825239259
heteroscedastic,2,1.0,0.1,smoother_1,eu_agreement,0.44321211281951756,0.993883734673619
heteroscedastic,2,1.0,0.1,smoother_1,acquisition_overlap,0.44321211281951756,0.965881374325177
heteroscedastic,2,1.0,0.1,smoother_1,eu_group0,0.44321211281951756,0.8957223781626442
heteroscedastic,2,1.0,0.1,smoother_1,eu_group1,0.44321211281951756,0.993883734673619
heteroscedastic,2,1.0,0.1,smoother_1,eu_id,0.44321211281951756,0.8957223781626442
heteroscedastic,2,1.0,0.1,smoother_1,eu_heldout,0.44321211281951756,0.993883734673619
heteroscedastic,2,1.0,0.25,cka,eu_agreement,0.7222245337731901,0.9570732259820034
heteroscedastic,2,1.0,0.25,cka,acquisition_overlap,0.7222245337731901,0.8589118694710287
heteroscedastic,2,1.0,0.25,cka,eu_group0,0.7222245337731901,0.8589118694710287
heteroscedastic,2,1.0,0.25,cka,eu_group1,0.7222245337731901,0.9570732259820034
heteroscedastic,2,1.0,0.25,cka,eu_id,0.7222245337731901,0.9570732259820034
heteroscedastic,2,1.0,0.25,cka,eu_heldout,0.7222245337731901,0.9570732259820034
heteroscedastic,2,1.0,0.25,mknn,eu_agreement,0.8059999999999999,0.9629629629629629
heteroscedastic,2,1.0,0.25,mknn,acquisition_overlap,0.8059999999999999,0.8641975308641975
heteroscedastic,2,1.0,0.25,mknn,eu_group0,0.8059999999999999,0.8641975308641975
heteroscedastic,2,1.0,0.25,mknn,eu_group1,0.8059999999999999,0.9629629629629629
heteroscedastic,2,1.0,0.25,mknn,eu_id,0.8059999999999999,0.9629629629629629
heteroscedastic,2,1.0,0.25,mknn,eu_heldout,0.8059999999999999,0.9629629629629629
heteroscedastic,2,1.0,0.25,predictivity,eu_agreement,0.005072790864493859,0.8984657915641096
heteroscedastic,2,1.0,0.25,predictivity,acquisition_overlap,0.005072790864493859,0.8000037870091384
heteroscedastic,2,1.0,0.25,predictivity,eu_group0,0.005072790864493859,0.8000037870091384
heteroscedastic,2,1.0,0.25,predictivity,eu_group1,0.005072790864493859,0.8984657915641096
heteroscedastic,2,1.0,0.25,predictivity,eu_id,0.005072790864493859,0.8984657915641096
heteroscedastic,2,1.0,0.25,predictivity,eu_heldout,0.005072790864493859,0.8984657915641096
heteroscedastic,2,1.0,0.25,cca_type,eu_agreement,0.001100862700956995,0.6728111897994424
heteroscedastic,2,1.0,0.25,cca_type,acquisition_overlap,0.001100862700956995,0.7706746355884525
heteroscedastic,2,1.0,0.25,cca_type,eu_group0,0.001100862700956995,0.7706746355884525
heteroscedastic,2,1.0,0.25,cca_type,eu_group1,0.001100862700956995,0.6728111897994424
heteroscedastic,2,1.0,0.25,cca_type,eu_id,0.001100862700956995,0.6728111897994424
heteroscedastic,2,1.0,0.25,cca_type,eu_heldout,0.001100862700956995,0.6728111897994424
heteroscedastic,2,1.0,0.25,smoother_001,eu_agreement,0.05374463969619625,0.7730206825239259
heteroscedastic,2,1.0,0.25,smoother_001,acquisition_overlap,0.05374463969619625,0.6748593260129511
heteroscedastic,2,1.0,0.25,smoother_001,eu_group0,0.05374463969619625,0.6748593260129511
heteroscedastic,2,1.0,0.25,smoother_001,eu_group1,0.05374463969619625,0.7730206825239259
heteroscedastic,2,1.0,0.25,smoother_001,eu_id,0.05374463969619625,0.7730206825239259
heteroscedastic,2,1.0,0.25,smoother_001,eu_heldout,0.05374463969619625,0.7730206825239259
heteroscedastic,2,1.0,0.25,smoother_1,eu_agreement,0.44321211281951756,0.993883734673619
heteroscedastic,2,1.0,0.25,smoother_1,acquisition_overlap,0.44321211281951756,0.8957223781626442
heteroscedastic,2,1.0,0.25,smoother_1,eu_group0,0.44321211281951756,0.8957223781626442
heteroscedastic,2,1.0,0.25,smoother_1,eu_group1,0.44321211281951756,0.993883734673619
heteroscedastic,2,1.0,0.25,smoother_1,eu_id,0.44321211281951756,0.993883734673619
heteroscedastic,2,1.0,0.25,smoother_1,eu_heldout,0.44321211281951756,0.993883734673619
heteroscedastic,2,1.0,1.0,cka,eu_agreement,0.7222245337731901,0.9570732259820034
heteroscedastic,2,1.0,1.0,cka,acquisition_overlap,0.7222245337731901,0.9570732259820034
heteroscedastic,2,1.0,1.0,cka,eu_group0,0.7222245337731901,0.8589118694710287
heteroscedastic,2,1.0,1.0,cka,eu_group1,0.7222245337731901,0.9570732259820034
heteroscedastic,2,1.0,1.0,cka,eu_id,0.7222245337731901,0.8957223781626442
heteroscedastic,2,1.0,1.0,cka,eu_heldout,0.7222245337731901,0.9570732259820034
heteroscedastic,2,1.0,1.0,mknn,eu_agreement,0.8059999999999999,0.9629629629629629
heteroscedastic,2,1.0,1.0,mknn,acquisition_overlap,0.8059999999999999,0.9629629629629629
heteroscedastic,2,1.0,1.0,mknn,eu_group0,0.8059999999999999,0.8641975308641975
heteroscedastic,2,1.0,1.0,mknn,eu_group1,0.8059999999999999,0.9629629629629629
heteroscedastic,2,1.0,1.0,mknn,eu_id,0.8059999999999999,0.9012345679012346
heteroscedastic,2,1.0,1.0,mknn,eu_heldout,0.8059999999999999,0.9629629629629629
heteroscedastic,2,1.0,1.0,predictivity,eu_agreement,0.005072790864493859,0.8984657915641096
heteroscedastic,2,1.0,1.0,predictivity,acquisition_overlap,0.005072790864493859,0.8984657915641096
heteroscedastic,2,1.0,1.0,predictivity,eu_group0,0.005072790864493859,0.8000037870091384
heteroscedastic,2,1.0,1.0,predictivity,eu_group1,0.005072790864493859,0.8984657915641096
heteroscedastic,2,1.0,1.0,predictivity,eu_id,0.005072790864493859,0.9600045444109663
heteroscedastic,2,1.0,1.0,predictivity,eu_heldout,0.005072790864493859,0.8984657915641096
heteroscedastic,2,1.0,1.0,cca_type,eu_agreement,0.001100862700956995,0.6728111897994424
heteroscedastic,2,1.0,1.0,cca_type,acquisition_overlap,0.001100862700956995,0.6728111897994424
heteroscedastic,2,1.0,1.0,cca_type,eu_group0,0.001100862700956995,0.7706746355884525
heteroscedastic,2,1.0,1.0,cca_type,eu_group1,0.001100862700956995,0.6728111897994424
heteroscedastic,2,1.0,1.0,cca_type,eu_id,0.001100862700956995,0.7339758434175736
heteroscedastic,2,1.0,1.0,cca_type,eu_heldout,0.001100862700956995,0.6728111897994424
heteroscedastic,2,1.0,1.0,smoother_001,eu_agreement,0.05374463969619625,0.7730206825239259
heteroscedastic,2,1.0,1.0,smoother_001,acquisition_overlap,0.05374463969619625,0.7730206825239259
heteroscedastic,2,1.0,1.0,smoother_001,eu_group0,0.05374463969619625,0.6748593260129511
heteroscedastic,2,1.0,1.0,smoother_001,eu_group1,0.05374463969619625,0.7730206825239259
heteroscedastic,2,1.0,1.0,smoother_001,eu_id,0.05374463969619625,0.834371530343285
heteroscedastic,2,1.0,1.0,smoother_001,eu_heldout,0.05374463969619625,0.7730206825239259
heteroscedastic,2,1.0,1.0,smoother_1,eu_agreement,0.44321211281951756,0.993883734673619
heteroscedastic,2,1.0,1.0,smoother_1,acquisition_overlap,0.44321211281951756,0.993883734673619
heteroscedastic,2,1.0,1.0,smoother_1,eu_group0,0.44321211281951756,0.8957223781626442
heteroscedastic,2,1.0,1.0,smoother_1,eu_group1,0.44321211281951756,0.993883734673619
heteroscedastic,2,1.0,1.0,smoother_1,eu_id,0.44321211281951756,0.9570732259820034
heteroscedastic,2,1.0,1.0,smoother_1,eu_heldout,0.44321211281951756,0.993883734673619
heteroscedastic,2,10.0,0.1,cka,eu_agreement,0.7222245337731901,0.9570732259820034
heteroscedastic,2,10.0,0.1,cka,acquisition_overlap,0.7222245337731901,0.8554210601351293
heteroscedastic,2,10.0,0.1,cka,eu_group0,0.7222245337731901,0.8589118694710287
heteroscedastic,2,10.0,0.1,cka,eu_group1,0.7222245337731901,0.9570732259820034
heteroscedastic,2,10.0,0.1,cka,eu_id,0.7222245337731901,0.8589118694710287
heteroscedastic,2,10.0,0.1,cka,eu_heldout,0.7222245337731901,0.9570732259820034
heteroscedastic,2,10.0,0.1,mknn,eu_agreement,0.8059999999999999,0.9629629629629629
heteroscedastic,2,10.0,0.1,mknn,acquisition_overlap,0.8059999999999999,0.8606852394219336
heteroscedastic,2,10.0,0.1,mknn,eu_group0,0.8059999999999999,0.8641975308641975
heteroscedastic,2,10.0,0.1,mknn,eu_group1,0.8059999999999999,0.9629629629629629
heteroscedastic,2,10.0,0.1,mknn,eu_id,0.8059999999999999,0.8641975308641975
heteroscedastic,2,10.0,0.1,mknn,eu_heldout,0.8059999999999999,0.9629629629629629
heteroscedastic,2,10.0,0.1,predictivity,eu_agreement,0.005072790864493859,0.8984657915641096
heteroscedastic,2,10.0,0.1,predictivity,acquisition_overlap,0.005072790864493859,0.7963114677460285
heteroscedastic,2,10.0,0.1,predictivity,eu_group0,0.005072790864493859,0.8000037870091384
heteroscedastic,2,10.0,0.1,predictivity,eu_group1,0.005072790864493859,0.8984657915641096
heteroscedastic,2,10.0,0.1,predictivity,eu_id,0.005072790864493859,0.8000037870091384
heteroscedastic,2,10.0,0.1,predictivity,eu_heldout,0.005072790864493859,0.8984657915641096
heteroscedastic,2,10.0,0.1,cca_type,eu_agreement,0.001100862700956995,0.6728111897994424
heteroscedastic,2,10.0,0.1,cca_type,acquisition_overlap,0.001100862700956995,0.766928898924811
heteroscedastic,2,10.0,0.1,cca_type,eu_group0,0.001100862700956995,0.7706746355884525
heteroscedastic,2,10.0,0.1,cca_type,eu_group1,0.001100862700956995,0.6728111897994424
heteroscedastic,2,10.0,0.1,cca_type,eu_id,0.001100862700956995,0.7706746355884525
heteroscedastic,2,10.0,0.1,cca_type,eu_heldout,0.001100862700956995,0.6728111897994424
heteroscedastic,2,10.0,0.1,smoother_001,eu_agreement,0.05374463969619625,0.7730206825239259
heteroscedastic,2,10.0,0.1,smoother_001,acquisition_overlap,0.05374463969619625,0.6707978097462526
heteroscedastic,2,10.0,0.1,smoother_001,eu_group0,0.05374463969619625,0.6748593260129511
heteroscedastic,2,10.0,0.1,smoother_001,eu_group1,0.05374463969619625,0.7730206825239259
heteroscedastic,2,10.0,0.1,smoother_001,eu_id,0.05374463969619625,0.6748593260129511
heteroscedastic,2,10.0,0.1,smoother_001,eu_heldout,0.05374463969619625,0.7730206825239259
heteroscedastic,2,10.0,0.1,smoother_1,eu_agreement,0.44321211281951756,0.993883734673619
heteroscedastic,2,10.0,0.1,smoother_1,acquisition_overlap,0.44321211281951756,0.8923457102129048
heteroscedastic,2,10.0,0.1,smoother_1,eu_group0,0.44321211281951756,0.8957223781626442
heteroscedastic,2,10.0,0.1,smoother_1,eu_group1,0.44321211281951756,0.993883734673619
heteroscedastic,2,10.0,0.1,smoother_1,eu_id,0.44321211281951756,0.8957223781626442
heteroscedastic,2,10.0,0.1,smoother_1,eu_heldout,0.44321211281951756,0.993883734673619
heteroscedastic,2,10.0,0.25,cka,eu_agreement,0.7222245337731901,0.9570732259820034
heteroscedastic,2,10.0,0.25,cka,acquisition_overlap,0.7222245337731901,0.9312781874397218
heteroscedastic,2,10.0,0.25,cka,eu_group0,0.7222245337731901,0.8589118694710287
heteroscedastic,2,10.0,0.25,cka,eu_group1,0.7222245337731901,0.9570732259820034
heteroscedastic,2,10.0,0.25,cka,eu_id,0.7222245337731901,0.8589118694710287
heteroscedastic,2,10.0,0.25,cka,eu_heldout,0.7222245337731901,0.9570732259820034
heteroscedastic,2,10.0,0.25,mknn,eu_agreement,0.8059999999999999,0.9629629629629629
heteroscedastic,2,10.0,0.25,mknn,acquisition_overlap,0.8059999999999999,0.9370091842236897
heteroscedastic,2,10.0,0.25,mknn,eu_group0,0.8059999999999999,0.8641975308641975
heteroscedastic,2,10.0,0.25,mknn,eu_group1,0.8059999999999999,0.9629629629629629
heteroscedastic,2,10.0,0.25,mknn,eu_id,0.8059999999999999,0.8641975308641975
heteroscedastic,2,10.0,0.25,mknn,eu_heldout,0.8059999999999999,0.9629629629629629
heteroscedastic,2,10.0,0.25,predictivity,eu_agreement,0.005072790864493859,0.8984657915641096
heteroscedastic,2,10.0,0.25,predictivity,acquisition_overlap,0.005072790864493859,0.8710135752301456
heteroscedastic,2,10.0,0.25,predictivity,eu_group0,0.005072790864493859,0.8000037870091384
heteroscedastic,2,10.0,0.25,predictivity,eu_group1,0.005072790864493859,0.8984657915641096
heteroscedastic,2,10.0,0.25,predictivity,eu_id,0.005072790864493859,0.8000037870091384
heteroscedastic,2,10.0,0.25,predictivity,eu_heldout,0.005072790864493859,0.8984657915641096
heteroscedastic,2,10.0,0.25,cca_type,eu_agreement,0.001100862700956995,0.6728111897994424
heteroscedastic,2,10.0,0.25,cca_type,acquisition_overlap,0.001100862700956995,0.7402521454763437
heteroscedastic,2,10.0,0.25,cca_type,eu_group0,0.001100862700956995,0.7706746355884525
heteroscedastic,2,10.0,0.25,cca_type,eu_group1,0.001100862700956995,0.6728111897994424
heteroscedastic,2,10.0,0.25,cca_type,eu_id,0.001100862700956995,0.7706746355884525
heteroscedastic,2,10.0,0.25,cca_type,eu_heldout,0.001100862700956995,0.6728111897994424
heteroscedastic,2,10.0,0.25,smoother_001,eu_agreement,0.05374463969619625,0.7730206825239259
heteroscedastic,2,10.0,0.25,smoother_001,acquisition_overlap,0.05374463969619625,0.7425055818776162
heteroscedastic,2,10.0,0.25,smoother_001,eu_group0,0.05374463969619625,0.6748593260129511
heteroscedastic,2,10.0,0.25,smoother_001,eu_group1,0.05374463969619625,0.7730206825239259
heteroscedastic,2,10.0,0.25,smoother_001,eu_id,0.05374463969619625,0.6748593260129511
heteroscedastic,2,10.0,0.25,smoother_001,eu_heldout,0.05374463969619625,0.7730206825239259
heteroscedastic,2,10.0,0.25,smoother_1,eu_agreement,0.44321211281951756,0.993883734673619
heteroscedastic,2,10.0,0.25,smoother_1,acquisition_overlap,0.44321211281951756,0.9690327085521431
heteroscedastic,2,10.0,0.25,smoother_1,eu_group0,0.44321211281951756,0.8957223781626442
heteroscedastic,2,10.0,0.25,smoother_1,eu_group1,0.44321211281951756,0.993883734673619
heteroscedastic,2,10.0,0.25,smoother_1,eu_id,0.44321211281951756,0.8957223781626442
heteroscedastic,2,10.0,0.25,smoother_1,eu_heldout,0.44321211281951756,0.993883734673619
heteroscedastic,2,10.0,1.0,cka,eu_agreement,0.7222245337731901,0.9570732259820034
heteroscedastic,2,10.0,1.0,cka,acquisition_overlap,0.7222245337731901,0.9312781874397218
heteroscedastic,2,10.0,1.0,cka,eu_group0,0.7222245337731901,0.8589118694710287
heteroscedastic,2,10.0,1.0,cka,eu_group1,0.7222245337731901,0.9570732259820034
heteroscedastic,2,10.0,1.0,cka,eu_id,0.7222245337731901,0.8589118694710287
heteroscedastic,2,10.0,1.0,cka,eu_heldout,0.7222245337731901,0.9570732259820034
heteroscedastic,2,10.0,1.0,mknn,eu_agreement,0.8059999999999999,0.9629629629629629
heteroscedastic,2,10.0,1.0,mknn,acquisition_overlap,0.8059999999999999,0.9370091842236897
heteroscedastic,2,10.0,1.0,mknn,eu_group0,0.8059999999999999,0.8641975308641975
heteroscedastic,2,10.0,1.0,mknn,eu_group1,0.8059999999999999,0.9629629629629629
heteroscedastic,2,10.0,1.0,mknn,eu_id,0.8059999999999999,0.8641975308641975
heteroscedastic,2,10.0,1.0,mknn,eu_heldout,0.8059999999999999,0.9629629629629629
heteroscedastic,2,10.0,1.0,predictivity,eu_agreement,0.005072790864493859,0.8984657915641096
heteroscedastic,2,10.0,1.0,predictivity,acquisition_overlap,0.005072790864493859,0.8710135752301456
heteroscedastic,2,10.0,1.0,predictivity,eu_group0,0.005072790864493859,0.8000037870091384
heteroscedastic,2,10.0,1.0,predictivity,eu_group1,0.005072790864493859,0.8984657915641096
heteroscedastic,2,10.0,1.0,predictivity,eu_id,0.005072790864493859,0.8000037870091384
heteroscedastic,2,10.0,1.0,predictivity,eu_heldout,0.005072790864493859,0.8984657915641096
heteroscedastic,2,10.0,1.0,cca_type,eu_agreement,0.001100862700956995,0.6728111897994424
heteroscedastic,2,10.0,1.0,cca_type,acquisition_overlap,0.001100862700956995,0.7402521454763437
heteroscedastic,2,10.0,1.0,cca_type,eu_group0,0.001100862700956995,0.7706746355884525
heteroscedastic,2,10.0,1.0,cca_type,eu_group1,0.001100862700956995,0.6728111897994424
heteroscedastic,2,10.0,1.0,cca_type,eu_id,0.001100862700956995,0.7706746355884525
heteroscedastic,2,10.0,1.0,cca_type,eu_heldout,0.001100862700956995,0.6728111897994424
heteroscedastic,2,10.0,1.0,smoother_001,eu_agreement,0.05374463969619625,0.7730206825239259
heteroscedastic,2,10.0,1.0,smoother_001,acquisition_overlap,0.05374463969619625,0.7425055818776162
heteroscedastic,2,10.0,1.0,smoother_001,eu_group0,0.05374463969619625,0.6748593260129511
heteroscedastic,2,10.0,1.0,smoother_001,eu_group1,0.05374463969619625,0.7730206825239259
heteroscedastic,2,10.0,1.0,smoother_001,eu_id,0.05374463969619625,0.6748593260129511
heteroscedastic,2,10.0,1.0,smoother_001,eu_heldout,0.05374463969619625,0.7730206825239259
heteroscedastic,2,10.0,1.0,smoother_1,eu_agreement,0.44321211281951756,0.993883734673619
heteroscedastic,2,10.0,1.0,smoother_1,acquisition_overlap,0.44321211281951756,0.9690327085521431
heteroscedastic,2,10.0,1.0,smoother_1,eu_group0,0.44321211281951756,0.8957223781626442
heteroscedastic,2,10.0,1.0,smoother_1,eu_group1,0.44321211281951756,0.993883734673619
heteroscedastic,2,10.0,1.0,smoother_1,eu_id,0.44321211281951756,0.8957223781626442
heteroscedastic,2,10.0,1.0,smoother_1,eu_heldout,0.44321211281951756,0.993883734673619
heteroscedastic,3,0.1,0.1,cka,eu_agreement,0.6459509221143364,0.8984657915641096
heteroscedastic,3,0.1,0.1,cka,acquisition_overlap,0.6459509221143364,0.7535419657894723
heteroscedastic,3,0.1,0.1,cka,eu_group0,0.6459509221143364,0.8984657915641096
heteroscedastic,3,0.1,0.1,cka,eu_group1,0.6459509221143364,0.8984657915641096
heteroscedastic,3,0.1,0.1,cka,eu_id,0.6459509221143364,0.9600045444109663
heteroscedastic,3,0.1,0.1,cka,eu_heldout,0.6459509221143364,0.8984657915641096
heteroscedastic,3,0.1,0.1,mknn,eu_agreement,0.7895,0.9012345679012346
heteroscedastic,3,0.1,0.1,mknn,acquisition_overlap,0.7895,0.7558641345169833
heteroscedastic,3,0.1,0.1,mknn,eu_group0,0.7895,0.9012345679012346
heteroscedastic,3,0.1,0.1,mknn,eu_group1,0.7895,0.9012345679012346
heteroscedastic,3,0.1,0.1,mknn,eu_id,0.7895,0.9629629629629629
heteroscedastic,3,0.1,0.1,mknn,eu_heldout,0.7895,0.9012345679012346
heteroscedastic,3,0.1,0.1,predictivity,eu_agreement,0.014316869386420517,0.9012345679012346
heteroscedastic,3,0.1,0.1,predictivity,acquisition_overlap,0.014316869386420517,0.7558641345169833
heteroscedastic,3,0.1,0.1,predictivity,eu_group0,0.014316869386420517,0.9012345679012346
heteroscedastic,3,0.1,0.1,predictivity,eu_group1,0.014316869386420517,0.9012345679012346
heteroscedastic,3,0.1,0.1,predictivity,eu_id,0.014316869386420517,0.9629629629629629
heteroscedastic,3,0.1,0.1,predictivity,eu_heldout,0.014316869386420517,0.9012345679012346
heteroscedastic,3,0.1,0.1,cca_type,eu_agreement,0.00040281382584339553,0.8440722199302098
heteroscedastic,3,0.1,0.1,cca_type,acquisition_overlap,0.00040281382584339553,0.6356728843082121
heteroscedastic,3,0.1,0.1,cca_type,eu_group0,0.00040281382584339553,0.8440722199302098
heteroscedastic,3,0.1,0.1,cca_type,eu_group1,0.00040281382584339553,0.8440722199302098
heteroscedastic,3,0.1,0.1,cca_type,eu_id,0.00040281382584339553,0.5627148132868065
heteroscedastic,3,0.1,0.1,cca_type,eu_heldout,0.00040281382584339553,0.8440722199302098
heteroscedastic,3,0.1,0.1,smoother_001,eu_agreement,0.06343437977910305,0.8221013607794132
heteroscedastic,3,0.1,0.1,smoother_001,acquisition_overlap,0.06343437977910305,0.6502338663757727
heteroscedastic,3,0.1,0.1,smoother_001,eu_group0,0.06343437977910305,0.8221013607794132
heteroscedastic,3,0.1,0.1,smoother_001,eu_group1,0.06343437977910305,0.8221013607794132
heteroscedastic,3,0.1,0.1,smoother_001,eu_id,0.06343437977910305,0.8589118694710287
heteroscedastic,3,0.1,0.1,smoother_001,eu_heldout,0.06343437977910305,0.8221013607794132
heteroscedastic,3,0.1,0.1,smoother_1,eu_agreement,0.43676411065012843,0.8957223781626442
heteroscedastic,3,0.1,0.1,smoother_1,acquisition_overlap,0.43676411065012843,0.7512410689195821
heteroscedastic,3,0.1,0.1,smoother_1,eu_group0,0.43676411065012843,0.8957223781626442
heteroscedastic,3,0.1,0.1,smoother_1,eu_group1,0.43676411065012843,0.8957223781626442
heteroscedastic,3,0.1,0.1,smoother_1,eu_id,0.43676411065012843,0.9570732259820034
heteroscedastic,3,0.1,0.1,smoother_1,eu_heldout,0.43676411065012843,0.8957223781626442
heteroscedastic,3,0.1,0.25,cka,eu_agreement,0.6459509221143364,0.8984657915641096
heteroscedastic,3,0.1,0.25,cka,acquisition_overlap,0.6459509221143364,0.7162730169180088
heteroscedastic,3,0.1,0.25,cka,eu_group0,0.6459509221143364,0.8984657915641096
heteroscedastic,3,0.1,0.25,cka,eu_group1,0.6459509221143364,0.8984657915641096
heteroscedastic,3,0.1,0.25,cka,eu_id,0.6459509221143364,0.9969277961190804
heteroscedastic,3,0.1,0.25,cka,eu_heldout,0.6459509221143364,0.849234789286624
heteroscedastic,3,0.1,0.25,mknn,eu_agreement,0.7895,0.9012345679012346
heteroscedastic,3,0.1,0.25,mknn,acquisition_overlap,0.7895,0.7184803349915342
heteroscedastic,3,0.1,0.25,mknn,eu_group0,0.7895,0.9012345679012346
heteroscedastic,3,0.1,0.25,mknn,eu_group1,0.7895,0.9012345679012346
heteroscedastic,3,0.1,0.25,mknn,eu_id,0.7895,1.0
heteroscedastic,3,0.1,0.25,mknn,eu_heldout,0.7895,0.8518518518518517
heteroscedastic,3,0.1,0.25,predictivity,eu_agreement,0.014316869386420517,0.9012345679012346
heteroscedastic,3,0.1,0.25,predictivity,acquisition_overlap,0.014316869386420517,0.7184803349915342
heteroscedastic,3,0.1,0.25,predictivity,eu_group0,0.014316869386420517,0.9012345679012346
heteroscedastic,3,0.1,0.25,predictivity,eu_group1,0.014316869386420517,0.9012345679012346
heteroscedastic,3,0.1,0.25,predictivity,eu_id,0.014316869386420517,1.0
heteroscedastic,3,0.1,0.25,predictivity,eu_heldout,0.014316869386420517,0.8518518518518517
heteroscedastic,3,0.1,0.25,cca_type,eu_agreement,0.00040281382584339553,0.8440722199302098
heteroscedastic,3,0.1,0.25,cca_type,acquisition_overlap,0.00040281382584339553,0.5975032225939045
heteroscedastic,3,0.1,0.25,cca_type,eu_group0,0.00040281382584339553,0.8440722199302098
heteroscedastic,3,0.1,0.25,cca_type,eu_group1,0.00040281382584339553,0.8440722199302098
heteroscedastic,3,0.1,0.25,cca_type,eu_id,0.00040281382584339553,0.697277051246695
heteroscedastic,3,0.1,0.25,cca_type,eu_heldout,0.00040281382584339553,0.7217429126939475
heteroscedastic,3,0.1,0.25,smoother_001,eu_agreement,0.06343437977910305,0.8221013607794132
heteroscedastic,3,0.1,0.25,smoother_001,acquisition_overlap,0.06343437977910305,0.6248251788020716
heteroscedastic,3,0.1,0.25,smoother_001,eu_group0,0.06343437977910305,0.8221013607794132
heteroscedastic,3,0.1,0.25,smoother_001,eu_group1,0.06343437977910305,0.8221013607794132
heteroscedastic,3,0.1,0.25,smoother_001,eu_id,0.06343437977910305,0.9202627172903878
heteroscedastic,3,0.1,0.25,smoother_001,eu_heldout,0.06343437977910305,0.7975610216516694
heteroscedastic,3,0.1,0.25,smoother_1,eu_agreement,0.43676411065012843,0.8957223781626442
heteroscedastic,3,0.1,0.25,smoother_1,acquisition_overlap,0.43676411065012843,0.7140859186309388
heteroscedastic,3,0.1,0.25,smoother_1,eu_group0,0.43676411065012843,0.8957223781626442
heteroscedastic,3,0.1,0.25,smoother_1,eu_group1,0.43676411065012843,0.8957223781626442
heteroscedastic,3,0.1,0.25,smoother_1,eu_id,0.43676411065012843,0.993883734673619
heteroscedastic,3,0.1,0.25,smoother_1,eu_heldout,0.43676411065012843,0.8466416999071569
heteroscedastic,3,0.1,1.0,cka,eu_agreement,0.6459509221143364,0.8984657915641096
heteroscedastic,3,0.1,1.0,cka,acquisition_overlap,0.6459509221143364,0.5247013547163755
heteroscedastic,3,0.1,1.0,cka,eu_group0,0.6459509221143364,0.8984657915641096
heteroscedastic,3,0.1,1.0,cka,eu_group1,0.6459509221143364,0.8984657915641096
heteroscedastic,3,0.1,1.0,cka,eu_id,0.6459509221143364,0.9846200455497092
heteroscedastic,3,0.1,1.0,cka,eu_heldout,0.6459509221143364,0.849234789286624
heteroscedastic,3,0.1,1.0,mknn,eu_agreement,0.7895,0.9012345679012346
heteroscedastic,3,0.1,1.0,mknn,acquisition_overlap,0.7895,0.5263183118767222
heteroscedastic,3,0.1,1.0,mknn,eu_group0,0.7895,0.9012345679012346
heteroscedastic,3,0.1,1.0,mknn,eu_group1,0.7895,0.9012345679012346
heteroscedastic,3,0.1,1.0,mknn,eu_id,0.7895,0.9876543209876544
heteroscedastic,3,0.1,1.0,mknn,eu_heldout,0.7895,0.8518518518518517
heteroscedastic,3,0.1,1.0,predictivity,eu_agreement,0.014316869386420517,0.9012345679012346
heteroscedastic,3,0.1,1.0,predictivity,acquisition_overlap,0.014316869386420517,0.5263183118767222
heteroscedastic,3,0.1,1.0,predictivity,eu_group0,0.014316869386420517,0.9012345679012346
heteroscedastic,3,0.1,1.0,predictivity,eu_group1,0.014316869386420517,0.9012345679012346
heteroscedastic,3,0.1,1.0,predictivity,eu_id,0.014316869386420517,0.9876543209876544
heteroscedastic,3,0.1,1.0,predictivity,eu_heldout,0.014316869386420517,0.8518518518518517
heteroscedastic,3,0.1,1.0,cca_type,eu_agreement,0.00040281382584339553,0.8440722199302098
heteroscedastic,3,0.1,1.0,cca_type,acquisition_overlap,0.00040281382584339553,0.4356156145892926
heteroscedastic,3,0.1,1.0,cca_type,eu_group0,0.00040281382584339553,0.8440722199302098
heteroscedastic,3,0.1,1.0,cca_type,eu_group1,0.00040281382584339553,0.8440722199302098
heteroscedastic,3,0.1,1.0,cca_type,eu_id,0.00040281382584339553,0.7095099819703212
heteroscedastic,3,0.1,1.0,cca_type,eu_heldout,0.00040281382584339553,0.7217429126939475
heteroscedastic,3,0.1,1.0,smoother_001,eu_agreement,0.06343437977910305,0.8221013607794132
heteroscedastic,3,0.1,1.0,smoother_001,acquisition_overlap,0.06343437977910305,0.42463347589441675
heteroscedastic,3,0.1,1.0,smoother_001,eu_group0,0.06343437977910305,0.8221013607794132
heteroscedastic,3,0.1,1.0,smoother_001,eu_group1,0.06343437977910305,0.8221013607794132
heteroscedastic,3,0.1,1.0,smoother_001,eu_id,0.06343437977910305,0.9570732259820034
heteroscedastic,3,0.1,1.0,smoother_001,eu_heldout,0.06343437977910305,0.7975610216516694
heteroscedastic,3,0.1,1.0,smoother_1,eu_agreement,0.43676411065012843,0.8957223781626442
heteroscedastic,3,0.1,1.0,smoother_1,acquisition_overlap,0.43676411065012843,0.5230992094351512
heteroscedastic,3,0.1,1.0,smoother_1,eu_group0,0.43676411065012843,0.8957223781626442
heteroscedastic,3,0.1,1.0,smoother_1,eu_group1,0.43676411065012843,0.8957223781626442
heteroscedastic,3,0.1,1.0,smoother_1,eu_id,0.43676411065012843,0.9816135651097472
heteroscedastic,3,0.1,1.0,smoother_1,eu_heldout,0.43676411065012843,0.8466416999071569
heteroscedastic,3,1.0,0.1,cka,eu_agreement,0.6459509221143364,0.8984657915641096
heteroscedastic,3,1.0,0.1,cka,acquisition_overlap,0.6459509221143364,0.7574031088957787
heteroscedastic,3,1.0,0.1,cka,eu_group0,0.6459509221143364,0.8984657915641096
heteroscedastic,3,1.0,0.1,cka,eu_group1,0.6459509221143364,0.8984657915641096
heteroscedastic,3,1.0,0.1,cka,eu_id,0.6459509221143364,0.8615425398559954
heteroscedastic,3,1.0,0.1,cka,eu_heldout,0.6459509221143364,0.8615425398559954
heteroscedastic,3,1.0,0.1,mknn,eu_agreement,0.7895,0.9012345679012346
heteroscedastic,3,1.0,0.1,mknn,acquisition_overlap,0.7895,0.7597371763975862
heteroscedastic,3,1.0,0.1,mknn,eu_group0,0.7895,0.9012345679012346
heteroscedastic,3,1.0,0.1,mknn,eu_group1,0.7895,0.9012345679012346
heteroscedastic,3,1.0,0.1,mknn,eu_id,0.7895,0.8641975308641975
heteroscedastic,3,1.0,0.1,mknn,eu_heldout,0.7895,0.8641975308641975
heteroscedastic,3,1.0,0.1,predictivity,eu_agreement,0.014316869386420517,0.9012345679012346
heteroscedastic,3,1.0,0.1,predictivity,acquisition_overlap,0.014316869386420517,0.7597371763975862
heteroscedastic,3,1.0,0.1,predictivity,eu_group0,0.014316869386420517,0.9012345679012346
heteroscedastic,3,1.0,0.1,predictivity,eu_group1,0.014316869386420517,0.9012345679012346
heteroscedastic,3,1.0,0.1,predictivity,eu_id,0.014316869386420517,0.8641975308641975
heteroscedastic,3,1.0,0.1,predictivity,eu_heldout,0.014316869386420517,0.8641975308641975
heteroscedastic,3,1.0,0.1,cca_type,eu_agreement,0.00040281382584339553,0.8440722199302098
heteroscedastic,3,1.0,0.1,cca_type,acquisition_overlap,0.00040281382584339553,0.6273323266748674
heteroscedastic,3,1.0,0.1,cca_type,eu_group0,0.00040281382584339553,0.8440722199302098
heteroscedastic,3,1.0,0.1,cca_type,eu_group1,0.00040281382584339553,0.8440722199302098
heteroscedastic,3,1.0,0.1,cca_type,eu_id,0.00040281382584339553,0.7095099819703212
heteroscedastic,3,1.0,0.1,cca_type,eu_heldout,0.00040281382584339553,0.7095099819703212
heteroscedastic,3,1.0,0.1,smoother_001,eu_agreement,0.06343437977910305,0.8221013607794132
heteroscedastic,3,1.0,0.1,smoother_001,acquisition_overlap,0.06343437977910305,0.6292420185403526
heteroscedastic,3,1.0,0.1,smoother_001,eu_group0,0.06343437977910305,0.8221013607794132
heteroscedastic,3,1.0,0.1,smoother_001,eu_group1,0.06343437977910305,0.8221013607794132
heteroscedastic,3,1.0,0.1,smoother_001,eu_id,0.06343437977910305,0.760750512960054
heteroscedastic,3,1.0,0.1,smoother_001,eu_heldout,0.06343437977910305,0.760750512960054
heteroscedastic,3,1.0,0.1,smoother_1,eu_agreement,0.43676411065012843,0.8957223781626442
heteroscedastic,3,1.0,0.1,smoother_1,acquisition_overlap,0.43676411065012843,0.755090422248423
heteroscedastic,3,1.0,0.1,smoother_1,eu_group0,0.43676411065012843,0.8957223781626442
heteroscedastic,3,1.0,0.1,smoother_1,eu_group1,0.43676411065012843,0.8957223781626442
heteroscedastic,3,1.0,0.1,smoother_1,eu_id,0.43676411065012843,0.8589118694710287
heteroscedastic,3,1.0,0.1,smoother_1,eu_heldout,0.43676411065012843,0.8589118694710287
heteroscedastic,3,1.0,0.25,cka,eu_agreement,0.6459509221143364,0.8984657915641096
heteroscedastic,3,1.0,0.25,cka,acquisition_overlap,0.6459509221143364,0.7162730169180088
heteroscedastic,3,1.0,0.25,cka,eu_group0,0.6459509221143364,0.8984657915641096
heteroscedastic,3,1.0,0.25,cka,eu_group1,0.6459509221143364,0.886158040994738
heteroscedastic,3,1.0,0.25,cka,eu_id,0.6459509221143364,0.9846200455497092
heteroscedastic,3,1.0,0.25,cka,eu_heldout,0.6459509221143364,0.849234789286624
heteroscedastic,3,1.0,0.25,mknn,eu_agreement,0.7895,0.9012345679012346
heteroscedastic,3,1.0,0.25,mknn,acquisition_overlap,0.7895,0.7184803349915342
heteroscedastic,3,1.0,0.25,mknn,eu_group0,0.7895,0.9012345679012346
heteroscedastic,3,1.0,0.25,mknn,eu_group1,0.7895,0.8888888888888888
heteroscedastic,3,1.0,0.25,mknn,eu_id,0.7895,0.9876543209876544
heteroscedastic,3,1.0,0.25,mknn,eu_heldout,0.7895,0.8518518518518517
heteroscedastic,3,1.0,0.25,predictivity,eu_agreement,0.014316869386420517,0.9012345679012346
heteroscedastic,3,1.0,0.25,predictivity,acquisition_overlap,0.014316869386420517,0.7184803349915342
heteroscedastic,3,1.0,0.25,predictivity,eu_group0,0.014316869386420517,0.9012345679012346
heteroscedastic,3,1.0,0.25,predictivity,eu_group1,0.014316869386420517,0.8888888888888888
heteroscedastic,3,1.0,0.25,predictivity,eu_id,0.014316869386420517,0.9876543209876544
heteroscedastic,3,1.0,0.25,predictivity,eu_heldout,0.014316869386420517,0.8518518518518517
heteroscedastic,3,1.0,0.25,cca_type,eu_agreement,0.00040281382584339553,0.8440722199302098
heteroscedastic,3,1.0,0.25,cca_type,acquisition_overlap,0.00040281382584339553,0.5975032225939045
heteroscedastic,3,1.0,0.25,cca_type,eu_group0,0.00040281382584339553,0.8440722199302098
heteroscedastic,3,1.0,0.25,cca_type,eu_group1,0.00040281382584339553,0.856305150653836
heteroscedastic,3,1.0,0.25,cca_type,eu_id,0.00040281382584339553,0.7095099819703212
heteroscedastic,3,1.0,0.25,cca_type,eu_heldout,0.00040281382584339553,0.7217429126939475
heteroscedastic,3,1.0,0.25,smoother_001,eu_agreement,0.06343437977910305,0.8221013607794132
heteroscedastic,3,1.0,0.25,smoother_001,acquisition_overlap,0.06343437977910305,0.6248251788020716
heteroscedastic,3,1.0,0.25,smoother_001,eu_group0,0.06343437977910305,0.8221013607794132
heteroscedastic,3,1.0,0.25,smoother_001,eu_group1,0.06343437977910305,0.8589118694710287
heteroscedastic,3,1.0,0.25,smoother_001,eu_id,0.06343437977910305,0.9570732259820034
heteroscedastic,3,1.0,0.25,smoother_001,eu_heldout,0.06343437977910305,0.7975610216516694
heteroscedastic,3,1.0,0.25,smoother_1,eu_agreement,0.43676411065012843,0.8957223781626442
heteroscedastic,3,1.0,0.25,smoother_1,acquisition_overlap,0.43676411065012843,0.7140859186309388
heteroscedastic,3,1.0,0.25,smoother_1,eu_group0,0.43676411065012843,0.8957223781626442
heteroscedastic,3,1.0,0.25,smoother_1,eu_group1,0.43676411065012843,0.8834522085987724
heteroscedastic,3,1.0,0.25,smoother_1,eu_id,0.43676411065012843,0.9816135651097472
heteroscedastic,3,1.0,0.25,smoother_1,eu_heldout,0.43676411065012843,0.8466416999071569
heteroscedastic,3,1.0,1.0,cka,eu_agreement,0.6459509221143364,0.886158040994738
heteroscedastic,3,1.0,1.0,cka,acquisition_overlap,0.6459509221143364,0.5247013547163755
heteroscedastic,3,1.0,1.0,cka,eu_group0,0.6459509221143364,0.886158040994738
heteroscedastic,3,1.0,1.0,cka,eu_group1,0.6459509221143364,0.886158040994738
heteroscedastic,3,1.0,1.0,cka,eu_id,0.6459509221143364,0.9846200455497092
heteroscedastic,3,1.0,1.0,cka,eu_heldout,0.6459509221143364,0.849234789286624
heteroscedastic,3,1.0,1.0,mknn,eu_agreement,0.7895,0.8888888888888888
heteroscedastic,3,1.0,1.0,mknn,acquisition_overlap,0.7895,0.5263183118767222
heteroscedastic,3,1.0,1.0,mknn,eu_group0,0.7895,0.8888888888888888
heteroscedastic,3,1.0,1.0,mknn,eu_group1,0.7895,0.8888888888888888
heteroscedastic,3,1.0,1.0,mknn,eu_id,0.7895,0.9876543209876544
heteroscedastic,3,1.0,1.0,mknn,eu_heldout,0.7895,0.8518518518518517
heteroscedastic,3,1.0,1.0,predictivity,eu_agreement,0.014316869386420517,0.8888888888888888
heteroscedastic,3,1.0,1.0,predictivity,acquisition_overlap,0.014316869386420517,0.5263183118767222
heteroscedastic,3,1.0,1.0,predictivity,eu_group0,0.014316869386420517,0.8888888888888888
heteroscedastic,3,1.0,1.0,predictivity,eu_group1,0.014316869386420517,0.8888888888888888
heteroscedastic,3,1.0,1.0,predictivity,eu_id,0.014316869386420517,0.9876543209876544
heteroscedastic,3,1.0,1.0,predictivity,eu_heldout,0.014316869386420517,0.8518518518518517
heteroscedastic,3,1.0,1.0,cca_type,eu_agreement,0.00040281382584339553,0.856305150653836
heteroscedastic,3,1.0,1.0,cca_type,acquisition_overlap,0.00040281382584339553,0.4356156145892926
heteroscedastic,3,1.0,1.0,cca_type,eu_group0,0.00040281382584339553,0.856305150653836
heteroscedastic,3,1.0,1.0,cca_type,eu_group1,0.00040281382584339553,0.856305150653836
heteroscedastic,3,1.0,1.0,cca_type,eu_id,0.00040281382584339553,0.7095099819703212
heteroscedastic,3,1.0,1.0,cca_type,eu_heldout,0.00040281382584339553,0.7217429126939475
heteroscedastic,3,1.0,1.0,smoother_001,eu_agreement,0.06343437977910305,0.8589118694710287
heteroscedastic,3,1.0,1.0,smoother_001,acquisition_overlap,0.06343437977910305,0.42463347589441675
heteroscedastic,3,1.0,1.0,smoother_001,eu_group0,0.06343437977910305,0.8589118694710287
heteroscedastic,3,1.0,1.0,smoother_001,eu_group1,0.06343437977910305,0.8589118694710287
heteroscedastic,3,1.0,1.0,smoother_001,eu_id,0.06343437977910305,0.9570732259820034
heteroscedastic,3,1.0,1.0,smoother_001,eu_heldout,0.06343437977910305,0.7975610216516694
heteroscedastic,3,1.0,1.0,smoother_1,eu_agreement,0.43676411065012843,0.8834522085987724
heteroscedastic,3,1.0,1.0,smoother_1,acquisition_overlap,0.43676411065012843,0.5230992094351512
heteroscedastic,3,1.0,1.0,smoother_1,eu_group0,0.43676411065012843,0.8834522085987724
heteroscedastic,3,1.0,1.0,smoother_1,eu_group1,0.43676411065012843,0.8834522085987724
heteroscedastic,3,1.0,1.0,smoother_1,eu_id,0.43676411065012843,0.9816135651097472
heteroscedastic,3,1.0,1.0,smoother_1,eu_heldout,0.43676411065012843,0.8466416999071569
heteroscedastic,3,10.0,0.1,cka,eu_agreement,0.6459509221143364,0.8984657915641096
heteroscedastic,3,10.0,0.1,cka,acquisition_overlap,0.6459509221143364,0.7574031088957787
heteroscedastic,3,10.0,0.1,cka,eu_group0,0.6459509221143364,0.8984657915641096
heteroscedastic,3,10.0,0.1,cka,eu_group1,0.6459509221143364,0.8984657915641096
heteroscedastic,3,10.0,0.1,cka,eu_id,0.6459509221143364,0.8984657915641096
heteroscedastic,3,10.0,0.1,cka,eu_heldout,0.6459509221143364,0.8615425398559954
heteroscedastic,3,10.0,0.1,mknn,eu_agreement,0.7895,0.9012345679012346
heteroscedastic,3,10.0,0.1,mknn,acquisition_overlap,0.7895,0.7597371763975862
heteroscedastic,3,10.0,0.1,mknn,eu_group0,0.7895,0.9012345679012346
heteroscedastic,3,10.0,0.1,mknn,eu_group1,0.7895,0.9012345679012346
heteroscedastic,3,10.0,0.1,mknn,eu_id,0.7895,0.9012345679012346
heteroscedastic,3,10.0,0.1,mknn,eu_heldout,0.7895,0.8641975308641975
heteroscedastic,3,10.0,0.1,predictivity,eu_agreement,0.014316869386420517,0.9012345679012346
heteroscedastic,3,10.0,0.1,predictivity,acquisition_overlap,0.014316869386420517,0.7597371763975862
heteroscedastic,3,10.0,0.1,predictivity,eu_group0,0.014316869386420517,0.9012345679012346
heteroscedastic,3,10.0,0.1,predictivity,eu_group1,0.014316869386420517,0.9012345679012346
heteroscedastic,3,10.0,0.1,predictivity,eu_id,0.014316869386420517,0.9012345679012346
heteroscedastic,3,10.0,0.1,predictivity,eu_heldout,0.014316869386420517,0.8641975308641975
heteroscedastic,3,10.0,0.1,cca_type,eu_agreement,0.00040281382584339553,0.8440722199302098
heteroscedastic,3,10.0,0.1,cca_type,acquisition_overlap,0.00040281382584339553,0.6273323266748674
heteroscedastic,3,10.0,0.1,cca_type,eu_group0,0.00040281382584339553,0.8440722199302098
heteroscedastic,3,10.0,0.1,cca_type,eu_group1,0.00040281382584339553,0.8440722199302098
heteroscedastic,3,10.0,0.1,cca_type,eu_id,0.00040281382584339553,0.8440722199302098
heteroscedastic,3,10.0,0.1,cca_type,eu_heldout,0.00040281382584339553,0.7095099819703212
heteroscedastic,3,10.0,0.1,smoother_001,eu_agreement,0.06343437977910305,0.8221013607794132
heteroscedastic,3,10.0,0.1,smoother_001,acquisition_overlap,0.06343437977910305,0.6292420185403526
heteroscedastic,3,10.0,0.1,smoother_001,eu_group0,0.06343437977910305,0.8221013607794132
heteroscedastic,3,10.0,0.1,smoother_001,eu_group1,0.06343437977910305,0.8221013607794132
heteroscedastic,3,10.0,0.1,smoother_001,eu_id,0.06343437977910305,0.8221013607794132
heteroscedastic,3,10.0,0.1,smoother_001,eu_heldout,0.06343437977910305,0.760750512960054
heteroscedastic,3,10.0,0.1,smoother_1,eu_agreement,0.43676411065012843,0.8957223781626442
heteroscedastic,3,10.0,0.1,smoother_1,acquisition_overlap,0.43676411065012843,0.755090422248423
heteroscedastic,3,10.0,0.1,smoother_1,eu_group0,0.43676411065012843,0.8957223781626442
heteroscedastic,3,10.0,0.1,smoother_1,eu_group1,0.43676411065012843,0.8957223781626442
heteroscedastic,3,10.0,0.1,smoother_1,eu_id,0.43676411065012843,0.8957223781626442
heteroscedastic,3,10.0,0.1,smoother_1,eu_heldout,0.43676411065012843,0.8589118694710287
heteroscedastic,3,10.0,0.25,cka,eu_agreement,0.6459509221143364,0.886158040994738
heteroscedastic,3,10.0,0.25,cka,acquisition_overlap,0.6459509221143364,0.5555661402879268
heteroscedastic,3,10.0,0.25,cka,eu_group0,0.6459509221143364,0.886158040994738
heteroscedastic,3,10.0,0.25,cka,eu_group1,0.6459509221143364,0.886158040994738
heteroscedastic,3,10.0,0.25,cka,eu_id,0.6459509221143364,0.886158040994738
heteroscedastic,3,10.0,0.25,cka,eu_heldout,0.6459509221143364,0.849234789286624
heteroscedastic,3,10.0,0.25,mknn,eu_agreement,0.7895,0.8888888888888888
heteroscedastic,3,10.0,0.25,mknn,acquisition_overlap,0.7895,0.5572782125753528
heteroscedastic,3,10.0,0.25,mknn,eu_group0,0.7895,0.8888888888888888
heteroscedastic,3,10.0,0.25,mknn,eu_group1,0.7895,0.8888888888888888
heteroscedastic,3,10.0,0.25,mknn,eu_id,0.7895,0.8888888888888888
heteroscedastic,3,10.0,0.25,mknn,eu_heldout,0.7895,0.8518518518518517
heteroscedastic,3,10.0,0.25,predictivity,eu_agreement,0.014316869386420517,0.8888888888888888
heteroscedastic,3,10.0,0.25,predictivity,acquisition_overlap,0.014316869386420517,0.5572782125753528
heteroscedastic,3,10.0,0.25,predictivity,eu_group0,0.014316869386420517,0.8888888888888888
heteroscedastic,3,10.0,0.25,predictivity,eu_group1,0.014316869386420517,0.8888888888888888
heteroscedastic,3,10.0,0.25,predictivity,eu_id,0.014316869386420517,0.8888888888888888
heteroscedastic,3,10.0,0.25,predictivity,eu_heldout,0.014316869386420517,0.8518518518518517
heteroscedastic,3,10.0,0.25,cca_type,eu_agreement,0.00040281382584339553,0.856305150653836
heteroscedastic,3,10.0,0.25,cca_type,acquisition_overlap,0.00040281382584339553,0.44788647697208955
heteroscedastic,3,10.0,0.25,cca_type,eu_group0,0.00040281382584339553,0.856305150653836
heteroscedastic,3,10.0,0.25,cca_type,eu_group1,0.00040281382584339553,0.856305150653836
heteroscedastic,3,10.0,0.25,cca_type,eu_id,0.00040281382584339553,0.856305150653836
heteroscedastic,3,10.0,0.25,cca_type,eu_heldout,0.00040281382584339553,0.7217429126939475
heteroscedastic,3,10.0,0.25,smoother_001,eu_agreement,0.06343437977910305,0.8589118694710287
heteroscedastic,3,10.0,0.25,smoother_001,acquisition_overlap,0.06343437977910305,0.41232525920182495
heteroscedastic,3,10.0,0.25,smoother_001,eu_group0,0.06343437977910305,0.8589118694710287
heteroscedastic,3,10.0,0.25,smoother_001,eu_group1,0.06343437977910305,0.8589118694710287
heteroscedastic,3,10.0,0.25,smoother_001,eu_id,0.06343437977910305,0.8589118694710287
heteroscedastic,3,10.0,0.25,smoother_001,eu_heldout,0.06343437977910305,0.7975610216516694
heteroscedastic,3,10.0,0.25,smoother_1,eu_agreement,0.43676411065012843,0.8834522085987724
heteroscedastic,3,10.0,0.25,smoother_1,acquisition_overlap,0.43676411065012843,0.5538697511666306
heteroscedastic,3,10.0,0.25,smoother_1,eu_group0,0.43676411065012843,0.8834522085987724
heteroscedastic,3,10.0,0.25,smoother_1,eu_group1,0.43676411065012843,0.8834522085987724
heteroscedastic,3,10.0,0.25,smoother_1,eu_id,0.43676411065012843,0.8834522085987724
heteroscedastic,3,10.0,0.25,smoother_1,eu_heldout,0.43676411065012843,0.8466416999071569
heteroscedastic,3,10.0,1.0,cka,eu_agreement,0.6459509221143364,0.886158040994738
heteroscedastic,3,10.0,1.0,cka,acquisition_overlap,0.6459509221143364,0.6965513969482517
heteroscedastic,3,10.0,1.0,cka,eu_group0,0.6459509221143364,0.886158040994738
heteroscedastic,3,10.0,1.0,cka,eu_group1,0.6459509221143364,0.886158040994738
heteroscedastic,3,10.0,1.0,cka,eu_id,0.6459509221143364,0.9846200455497092
heteroscedastic,3,10.0,1.0,cka,eu_heldout,0.6459509221143364,0.849234789286624
heteroscedastic,3,10.0,1.0,mknn,eu_agreement,0.7895,0.8888888888888888
heteroscedastic,3,10.0,1.0,mknn,acquisition_overlap,0.7895,0.6986979394694804
heteroscedastic,3,10.0,1.0,mknn,eu_group0,0.7895,0.8888888888888888
heteroscedastic,3,10.0,1.0,mknn,eu_group1,0.7895,0.8888888888888888
heteroscedastic,3,10.0,1.0,mknn,eu_id,0.7895,0.9876543209876544
heteroscedastic,3,10.0,1.0,mknn,eu_heldout,0.7895,0.8518518518518517
heteroscedastic,3,10.0,1.0,predictivity,eu_agreement,0.014316869386420517,0.8888888888888888
heteroscedastic,3,10.0,1.0,predictivity,acquisition_overlap,0.014316869386420517,0.6986979394694804
heteroscedastic,3,10.0,1.0,predictivity,eu_group0,0.014316869386420517,0.8888888888888888
heteroscedastic,3,10.0,1.0,predictivity,eu_group1,0.014316869386420517,0.8888888888888888
heteroscedastic,3,10.0,1.0,predictivity,eu_id,0.014316869386420517,0.9876543209876544
heteroscedastic,3,10.0,1.0,predictivity,eu_heldout,0.014316869386420517,0.8518518518518517
heteroscedastic,3,10.0,1.0,cca_type,eu_agreement,0.00040281382584339553,0.856305150653836
heteroscedastic,3,10.0,1.0,cca_type,acquisition_overlap,0.00040281382584339553,0.560147393103276
heteroscedastic,3,10.0,1.0,cca_type,eu_group0,0.00040281382584339553,0.856305150653836
heteroscedastic,3,10.0,1.0,cca_type,eu_group1,0.00040281382584339553,0.856305150653836
heteroscedastic,3,10.0,1.0,cca_type,eu_id,0.00040281382584339553,0.7095099819703212
heteroscedastic,3,10.0,1.0,cca_type,eu_heldout,0.00040281382584339553,0.7217429126939475
heteroscedastic,3,10.0,1.0,smoother_001,eu_agreement,0.06343437977910305,0.8589118694710287
heteroscedastic,3,10.0,1.0,smoother_001,acquisition_overlap,0.06343437977910305,0.5744784644679157
heteroscedastic,3,10.0,1.0,smoother_001,eu_group0,0.06343437977910305,0.8589118694710287
heteroscedastic,3,10.0,1.0,smoother_001,eu_group1,0.06343437977910305,0.8589118694710287
heteroscedastic,3,10.0,1.0,smoother_001,eu_id,0.06343437977910305,0.9570732259820034
heteroscedastic,3,10.0,1.0,smoother_001,eu_heldout,0.06343437977910305,0.7975610216516694
heteroscedastic,3,10.0,1.0,smoother_1,eu_agreement,0.43676411065012843,0.8834522085987724
heteroscedastic,3,10.0,1.0,smoother_1,acquisition_overlap,0.43676411065012843,0.6944245174886894
heteroscedastic,3,10.0,1.0,smoother_1,eu_group0,0.43676411065012843,0.8834522085987724
heteroscedastic,3,10.0,1.0,smoother_1,eu_group1,0.43676411065012843,0.8834522085987724
heteroscedastic,3,10.0,1.0,smoother_1,eu_id,0.43676411065012843,0.9816135651097472
heteroscedastic,3,10.0,1.0,smoother_1,eu_heldout,0.43676411065012843,0.8466416999071569
heteroscedastic,4,0.1,0.1,cka,eu_agreement,0.719223075935418,0.9570732259820034
heteroscedastic,4,0.1,0.1,cka,acquisition_overlap,0.719223075935418,0.9448030564181316
heteroscedastic,4,0.1,0.1,cka,eu_group0,0.719223075935418,0.9570732259820034
heteroscedastic,4,0.1,0.1,cka,eu_group1,0.719223075935418,0.9570732259820034
heteroscedastic,4,0.1,0.1,cka,eu_id,0.719223075935418,0.9570732259820034
heteroscedastic,4,0.1,0.1,cka,eu_heldout,0.719223075935418,0.9570732259820034
heteroscedastic,4,0.1,0.1,mknn,eu_agreement,0.8029999999999999,0.9629629629629629
heteroscedastic,4,0.1,0.1,mknn,acquisition_overlap,0.8029999999999999,0.9506172839506172
heteroscedastic,4,0.1,0.1,mknn,eu_group0,0.8029999999999999,0.9629629629629629
heteroscedastic,4,0.1,0.1,mknn,eu_group1,0.8029999999999999,0.9629629629629629
heteroscedastic,4,0.1,0.1,mknn,eu_id,0.8029999999999999,0.9629629629629629
heteroscedastic,4,0.1,0.1,mknn,eu_heldout,0.8029999999999999,0.9629629629629629
heteroscedastic,4,0.1,0.1,predictivity,eu_agreement,0.005806746844911448,0.8615425398559954
heteroscedastic,4,0.1,0.1,predictivity,acquisition_overlap,0.005806746844911448,0.8123115375785099
heteroscedastic,4,0.1,0.1,predictivity,eu_group0,0.005806746844911448,0.8615425398559954
heteroscedastic,4,0.1,0.1,predictivity,eu_group1,0.005806746844911448,0.8615425398559954
heteroscedastic,4,0.1,0.1,predictivity,eu_id,0.005806746844911448,0.8615425398559954
heteroscedastic,4,0.1,0.1,predictivity,eu_heldout,0.005806746844911448,0.8615425398559954
heteroscedastic,4,0.1,0.1,cca_type,eu_agreement,0.00047340834780318364,0.7095099819703212
heteroscedastic,4,0.1,0.1,cca_type,acquisition_overlap,0.00047340834780318364,0.6605782590758164
heteroscedastic,4,0.1,0.1,cca_type,eu_group0,0.00047340834780318364,0.7095099819703212
heteroscedastic,4,0.1,0.1,cca_type,eu_group1,0.00047340834780318364,0.7095099819703212
heteroscedastic,4,0.1,0.1,cca_type,eu_id,0.00047340834780318364,0.7095099819703212
heteroscedastic,4,0.1,0.1,cca_type,eu_heldout,0.00047340834780318364,0.7095099819703212
heteroscedastic,4,0.1,0.1,smoother_001,eu_agreement,0.050951474662823015,0.856305150653836
heteroscedastic,4,0.1,0.1,smoother_001,acquisition_overlap,0.050951474662823015,0.807373427759331
heteroscedastic,4,0.1,0.1,smoother_001,eu_group0,0.050951474662823015,0.856305150653836
heteroscedastic,4,0.1,0.1,smoother_001,eu_group1,0.050951474662823015,0.856305150653836
heteroscedastic,4,0.1,0.1,smoother_001,eu_id,0.050951474662823015,0.856305150653836
heteroscedastic,4,0.1,0.1,smoother_001,eu_heldout,0.050951474662823015,0.856305150653836
heteroscedastic,4,0.1,0.1,smoother_1,eu_agreement,0.44529493399352715,0.9786344578900984
heteroscedastic,4,0.1,0.1,smoother_1,acquisition_overlap,0.44529493399352715,0.9541685964428458
heteroscedastic,4,0.1,0.1,smoother_1,eu_group0,0.44529493399352715,0.9786344578900984
heteroscedastic,4,0.1,0.1,smoother_1,eu_group1,0.44529493399352715,0.9786344578900984
heteroscedastic,4,0.1,0.1,smoother_1,eu_id,0.44529493399352715,0.9786344578900984
heteroscedastic,4,0.1,0.1,smoother_1,eu_heldout,0.44529493399352715,0.9786344578900984
heteroscedastic,4,0.1,0.25,cka,eu_agreement,0.719223075935418,0.9570732259820034
heteroscedastic,4,0.1,0.25,cka,acquisition_overlap,0.719223075935418,0.9448030564181316
heteroscedastic,4,0.1,0.25,cka,eu_group0,0.719223075935418,0.9570732259820034
heteroscedastic,4,0.1,0.25,cka,eu_group1,0.719223075935418,0.9570732259820034
heteroscedastic,4,0.1,0.25,cka,eu_id,0.719223075935418,0.9816135651097472
heteroscedastic,4,0.1,0.25,cka,eu_heldout,0.719223075935418,0.9570732259820034
heteroscedastic,4,0.1,0.25,mknn,eu_agreement,0.8029999999999999,0.9629629629629629
heteroscedastic,4,0.1,0.25,mknn,acquisition_overlap,0.8029999999999999,0.9506172839506172
heteroscedastic,4,0.1,0.25,mknn,eu_group0,0.8029999999999999,0.9629629629629629
heteroscedastic,4,0.1,0.25,mknn,eu_group1,0.8029999999999999,0.9629629629629629
heteroscedastic,4,0.1,0.25,mknn,eu_id,0.8029999999999999,0.9876543209876544
heteroscedastic,4,0.1,0.25,mknn,eu_heldout,0.8029999999999999,0.9629629629629629
heteroscedastic,4,0.1,0.25,predictivity,eu_agreement,0.005806746844911448,0.8615425398559954
heteroscedastic,4,0.1,0.25,predictivity,acquisition_overlap,0.005806746844911448,0.8123115375785099
heteroscedastic,4,0.1,0.25,predictivity,eu_group0,0.005806746844911448,0.8615425398559954
heteroscedastic,4,0.1,0.25,predictivity,eu_group1,0.005806746844911448,0.8615425398559954
heteroscedastic,4,0.1,0.25,predictivity,eu_id,0.005806746844911448,0.8984657915641096
heteroscedastic,4,0.1,0.25,predictivity,eu_heldout,0.005806746844911448,0.8615425398559954
heteroscedastic,4,0.1,0.25,cca_type,eu_agreement,0.00047340834780318364,0.7095099819703212
heteroscedastic,4,0.1,0.25,cca_type,acquisition_overlap,0.00047340834780318364,0.6605782590758164
heteroscedastic,4,0.1,0.25,cca_type,eu_group0,0.00047340834780318364,0.7095099819703212
heteroscedastic,4,0.1,0.25,cca_type,eu_group1,0.00047340834780318364,0.7095099819703212
heteroscedastic,4,0.1,0.25,cca_type,eu_id,0.00047340834780318364,0.7217429126939475
heteroscedastic,4,0.1,0.25,cca_type,eu_heldout,0.00047340834780318364,0.7095099819703212
heteroscedastic,4,0.1,0.25,smoother_001,eu_agreement,0.050951474662823015,0.856305150653836
heteroscedastic,4,0.1,0.25,smoother_001,acquisition_overlap,0.050951474662823015,0.807373427759331
heteroscedastic,4,0.1,0.25,smoother_001,eu_group0,0.050951474662823015,0.856305150653836
heteroscedastic,4,0.1,0.25,smoother_001,eu_group1,0.050951474662823015,0.856305150653836
heteroscedastic,4,0.1,0.25,smoother_001,eu_id,0.050951474662823015,0.8930039428247147
heteroscedastic,4,0.1,0.25,smoother_001,eu_heldout,0.050951474662823015,0.856305150653836
heteroscedastic,4,0.1,0.25,smoother_1,eu_agreement,0.44529493399352715,0.9786344578900984
heteroscedastic,4,0.1,0.25,smoother_1,acquisition_overlap,0.44529493399352715,0.9541685964428458
heteroscedastic,4,0.1,0.25,smoother_1,eu_group0,0.44529493399352715,0.9786344578900984
heteroscedastic,4,0.1,0.25,smoother_1,eu_group1,0.44529493399352715,0.9786344578900984
heteroscedastic,4,0.1,0.25,smoother_1,eu_id,0.44529493399352715,0.9908673886137245
heteroscedastic,4,0.1,0.25,smoother_1,eu_heldout,0.44529493399352715,0.9786344578900984
heteroscedastic,4,0.1,1.0,cka,eu_agreement,0.719223075935418,0.9570732259820034
heteroscedastic,4,0.1,1.0,cka,acquisition_overlap,0.719223075935418,0.9186933470689147
heteroscedastic,4,0.1,1.0,cka,eu_group0,0.719223075935418,0.9570732259820034
heteroscedastic,4,0.1,1.0,cka,eu_group1,0.719223075935418,0.9570732259820034
heteroscedastic,4,0.1,1.0,cka,eu_id,0.719223075935418,0.9570732259820034
heteroscedastic,4,0.1,1.0,cka,eu_heldout,0.719223075935418,0.9570732259820034
heteroscedastic,4,0.1,1.0,mknn,eu_agreement,0.8029999999999999,0.9629629629629629
heteroscedastic,4,0.1,1.0,mknn,acquisition_overlap,0.8029999999999999,0.9243468979503966
heteroscedastic,4,0.1,1.0,mknn,eu_group0,0.8029999999999999,0.9629629629629629
heteroscedastic,4,0.1,1.0,mknn,eu_group1,0.8029999999999999,0.9629629629629629
heteroscedastic,4,0.1,1.0,mknn,eu_id,0.8029999999999999,0.9629629629629629
heteroscedastic,4,0.1,1.0,mknn,eu_heldout,0.8029999999999999,0.9629629629629629
heteroscedastic,4,0.1,1.0,predictivity,eu_agreement,0.005806746844911448,0.8615425398559954
heteroscedastic,4,0.1,1.0,predictivity,acquisition_overlap,0.005806746844911448,0.7321563385992527
heteroscedastic,4,0.1,1.0,predictivity,eu_group0,0.005806746844911448,0.8615425398559954
heteroscedastic,4,0.1,1.0,predictivity,eu_group1,0.005806746844911448,0.8615425398559954
heteroscedastic,4,0.1,1.0,predictivity,eu_id,0.005806746844911448,0.8615425398559954
heteroscedastic,4,0.1,1.0,predictivity,eu_heldout,0.005806746844911448,0.8615425398559954
heteroscedastic,4,0.1,1.0,cca_type,eu_agreement,0.00047340834780318364,0.7095099819703212
heteroscedastic,4,0.1,1.0,cca_type,acquisition_overlap,0.00047340834780318364,0.577145740540878
heteroscedastic,4,0.1,1.0,cca_type,eu_group0,0.00047340834780318364,0.7095099819703212
heteroscedastic,4,0.1,1.0,cca_type,eu_group1,0.00047340834780318364,0.7095099819703212
heteroscedastic,4,0.1,1.0,cca_type,eu_id,0.00047340834780318364,0.7095099819703212
heteroscedastic,4,0.1,1.0,cca_type,eu_heldout,0.00047340834780318364,0.7095099819703212
heteroscedastic,4,0.1,1.0,smoother_001,eu_agreement,0.050951474662823015,0.856305150653836
heteroscedastic,4,0.1,1.0,smoother_001,acquisition_overlap,0.050951474662823015,0.7277054989428462
heteroscedastic,4,0.1,1.0,smoother_001,eu_group0,0.050951474662823015,0.856305150653836
heteroscedastic,4,0.1,1.0,smoother_001,eu_group1,0.050951474662823015,0.856305150653836
heteroscedastic,4,0.1,1.0,smoother_001,eu_id,0.050951474662823015,0.856305150653836
heteroscedastic,4,0.1,1.0,smoother_001,eu_heldout,0.050951474662823015,0.856305150653836
heteroscedastic,4,0.1,1.0,smoother_1,eu_agreement,0.44529493399352715,0.9786344578900984
heteroscedastic,4,0.1,1.0,smoother_1,acquisition_overlap,0.44529493399352715,0.9284518434788037
heteroscedastic,4,0.1,1.0,smoother_1,eu_group0,0.44529493399352715,0.9786344578900984
heteroscedastic,4,0.1,1.0,smoother_1,eu_group1,0.44529493399352715,0.9786344578900984
heteroscedastic,4,0.1,1.0,smoother_1,eu_id,0.44529493399352715,0.9786344578900984
heteroscedastic,4,0.1,1.0,smoother_1,eu_heldout,0.44529493399352715,0.9786344578900984
heteroscedastic,4,1.0,0.1,cka,eu_agreement,0.719223075935418,0.9570732259820034
heteroscedastic,4,1.0,0.1,cka,acquisition_overlap,0.719223075935418,0.9103257939229528
heteroscedastic,4,1.0,0.1,cka,eu_group0,0.719223075935418,0.9570732259820034
heteroscedastic,4,1.0,0.1,cka,eu_group1,0.719223075935418,0.9570732259820034
heteroscedastic,4,1.0,0.1,cka,eu_id,0.719223075935418,0.9816135651097472
heteroscedastic,4,1.0,0.1,cka,eu_heldout,0.719223075935418,0.9570732259820034
heteroscedastic,4,1.0,0.1,mknn,eu_agreement,0.8029999999999999,0.9629629629629629
heteroscedastic,4,1.0,0.1,mknn,acquisition_overlap,0.8029999999999999,0.9159278516836723
heteroscedastic,4,1.0,0.1,mknn,eu_group0,0.8029999999999999,0.9629629629629629
heteroscedastic,4,1.0,0.1,mknn,eu_group1,0.8029999999999999,0.9629629629629629
heteroscedastic,4,1.0,0.1,mknn,eu_id,0.8029999999999999,0.9876543209876544
heteroscedastic,4,1.0,0.1,mknn,eu_heldout,0.8029999999999999,0.9629629629629629
heteroscedastic,4,1.0,0.1,predictivity,eu_agreement,0.005806746844911448,0.8615425398559954
heteroscedastic,4,1.0,0.1,predictivity,acquisition_overlap,0.005806746844911448,0.8013040650423012
heteroscedastic,4,1.0,0.1,predictivity,eu_group0,0.005806746844911448,0.8615425398559954
heteroscedastic,4,1.0,0.1,predictivity,eu_group1,0.005806746844911448,0.8615425398559954
heteroscedastic,4,1.0,0.1,predictivity,eu_id,0.005806746844911448,0.8984657915641096
heteroscedastic,4,1.0,0.1,predictivity,eu_heldout,0.005806746844911448,0.8615425398559954
heteroscedastic,4,1.0,0.1,cca_type,eu_agreement,0.00047340834780318364,0.7095099819703212
heteroscedastic,4,1.0,0.1,cca_type,acquisition_overlap,0.00047340834780318364,0.6853027025833884
heteroscedastic,4,1.0,0.1,cca_type,eu_group0,0.00047340834780318364,0.7095099819703212
heteroscedastic,4,1.0,0.1,cca_type,eu_group1,0.00047340834780318364,0.7095099819703212
heteroscedastic,4,1.0,0.1,cca_type,eu_id,0.00047340834780318364,0.7217429126939475
heteroscedastic,4,1.0,0.1,cca_type,eu_heldout,0.00047340834780318364,0.7095099819703212
heteroscedastic,4,1.0,0.1,smoother_001,eu_agreement,0.050951474662823015,0.856305150653836
heteroscedastic,4,1.0,0.1,smoother_001,acquisition_overlap,0.050951474662823015,0.7964328705698838
heteroscedastic,4,1.0,0.1,smoother_001,eu_group0,0.050951474662823015,0.856305150653836
heteroscedastic,4,1.0,0.1,smoother_001,eu_group1,0.050951474662823015,0.856305150653836
heteroscedastic,4,1.0,0.1,smoother_001,eu_id,0.050951474662823015,0.8930039428247147
heteroscedastic,4,1.0,0.1,smoother_001,eu_heldout,0.050951474662823015,0.856305150653836
heteroscedastic,4,1.0,0.1,smoother_1,eu_agreement,0.44529493399352715,0.9786344578900984
heteroscedastic,4,1.0,0.1,smoother_1,acquisition_overlap,0.44529493399352715,0.919910834999323
heteroscedastic,4,1.0,0.1,smoother_1,eu_group0,0.44529493399352715,0.9786344578900984
heteroscedastic,4,1.0,0.1,smoother_1,eu_group1,0.44529493399352715,0.9786344578900984
heteroscedastic,4,1.0,0.1,smoother_1,eu_id,0.44529493399352715,0.9908673886137245
heteroscedastic,4,1.0,0.1,smoother_1,eu_heldout,0.44529493399352715,0.9786344578900984
heteroscedastic,4,1.0,0.25,cka,eu_agreement,0.719223075935418,0.9570732259820034
heteroscedastic,4,1.0,0.25,cka,acquisition_overlap,0.719223075935418,0.9186933470689147
heteroscedastic,4,1.0,0.25,cka,eu_group0,0.719223075935418,0.9570732259820034
heteroscedastic,4,1.0,0.25,cka,eu_group1,0.719223075935418,0.9570732259820034
heteroscedastic,4,1.0,0.25,cka,eu_id,0.719223075935418,0.993883734673619
heteroscedastic,4,1.0,0.25,cka,eu_heldout,0.719223075935418,0.9570732259820034
heteroscedastic,4,1.0,0.25,mknn,eu_agreement,0.8029999999999999,0.9629629629629629
heteroscedastic,4,1.0,0.25,mknn,acquisition_overlap,0.8029999999999999,0.9243468979503966
heteroscedastic,4,1.0,0.25,mknn,eu_group0,0.8029999999999999,0.9629629629629629
heteroscedastic,4,1.0,0.25,mknn,eu_group1,0.8029999999999999,0.9629629629629629
heteroscedastic,4,1.0,0.25,mknn,eu_id,0.8029999999999999,1.0
heteroscedastic,4,1.0,0.25,mknn,eu_heldout,0.8029999999999999,0.9629629629629629
heteroscedastic,4,1.0,0.25,predictivity,eu_agreement,0.005806746844911448,0.8615425398559954
heteroscedastic,4,1.0,0.25,predictivity,acquisition_overlap,0.005806746844911448,0.7321563385992527
heteroscedastic,4,1.0,0.25,predictivity,eu_group0,0.005806746844911448,0.8615425398559954
heteroscedastic,4,1.0,0.25,predictivity,eu_group1,0.005806746844911448,0.8615425398559954
heteroscedastic,4,1.0,0.25,predictivity,eu_id,0.005806746844911448,0.886158040994738
heteroscedastic,4,1.0,0.25,predictivity,eu_heldout,0.005806746844911448,0.8615425398559954
heteroscedastic,4,1.0,0.25,cca_type,eu_agreement,0.00047340834780318364,0.7095099819703212
heteroscedastic,4,1.0,0.25,cca_type,acquisition_overlap,0.00047340834780318364,0.577145740540878
heteroscedastic,4,1.0,0.25,cca_type,eu_group0,0.00047340834780318364,0.7095099819703212
heteroscedastic,4,1.0,0.25,cca_type,eu_group1,0.00047340834780318364,0.7095099819703212
heteroscedastic,4,1.0,0.25,cca_type,eu_id,0.00047340834780318364,0.6850441205230687
heteroscedastic,4,1.0,0.25,cca_type,eu_heldout,0.00047340834780318364,0.7095099819703212
heteroscedastic,4,1.0,0.25,smoother_001,eu_agreement,0.050951474662823015,0.856305150653836
heteroscedastic,4,1.0,0.25,smoother_001,acquisition_overlap,0.050951474662823015,0.7277054989428462
heteroscedastic,4,1.0,0.25,smoother_001,eu_group0,0.050951474662823015,0.856305150653836
heteroscedastic,4,1.0,0.25,smoother_001,eu_group1,0.050951474662823015,0.856305150653836
heteroscedastic,4,1.0,0.25,smoother_001,eu_id,0.050951474662823015,0.8807710121010884
heteroscedastic,4,1.0,0.25,smoother_001,eu_heldout,0.050951474662823015,0.856305150653836
heteroscedastic,4,1.0,0.25,smoother_1,eu_agreement,0.44529493399352715,0.9786344578900984
heteroscedastic,4,1.0,0.25,smoother_1,acquisition_overlap,0.44529493399352715,0.9284518434788037
heteroscedastic,4,1.0,0.25,smoother_1,eu_group0,0.44529493399352715,0.9786344578900984
heteroscedastic,4,1.0,0.25,smoother_1,eu_group1,0.44529493399352715,0.9786344578900984
heteroscedastic,4,1.0,0.25,smoother_1,eu_id,0.44529493399352715,0.9786344578900984
heteroscedastic,4,1.0,0.25,smoother_1,eu_heldout,0.44529493399352715,0.9786344578900984
heteroscedastic,4,1.0,1.0,cka,eu_agreement,0.719223075935418,0.9570732259820034
heteroscedastic,4,1.0,1.0,cka,acquisition_overlap,0.719223075935418,0.9103257939229528
heteroscedastic,4,1.0,1.0,cka,eu_group0,0.719223075935418,0.9570732259820034
heteroscedastic,4,1.0,1.0,cka,eu_group1,0.719223075935418,0.9816135651097472
heteroscedastic,4,1.0,1.0,cka,eu_id,0.719223075935418,0.993883734673619
heteroscedastic,4,1.0,1.0,cka,eu_heldout,0.719223075935418,0.9570732259820034
heteroscedastic,4,1.0,1.0,mknn,eu_agreement,0.8029999999999999,0.9629629629629629
heteroscedastic,4,1.0,1.0,mknn,acquisition_overlap,0.8029999999999999,0.9159278516836723
heteroscedastic,4,1.0,1.0,mknn,eu_group0,0.8029999999999999,0.9629629629629629
heteroscedastic,4,1.0,1.0,mknn,eu_group1,0.8029999999999999,0.9876543209876544
heteroscedastic,4,1.0,1.0,mknn,eu_id,0.8029999999999999,1.0
heteroscedastic,4,1.0,1.0,mknn,eu_heldout,0.8029999999999999,0.9629629629629629
heteroscedastic,4,1.0,1.0,predictivity,eu_agreement,0.005806746844911448,0.8615425398559954
heteroscedastic,4,1.0,1.0,predictivity,acquisition_overlap,0.005806746844911448,0.8013040650423012
heteroscedastic,4,1.0,1.0,predictivity,eu_group0,0.005806746844911448,0.8615425398559954
heteroscedastic,4,1.0,1.0,predictivity,eu_group1,0.005806746844911448,0.8984657915641096
heteroscedastic,4,1.0,1.0,predictivity,eu_id,0.005806746844911448,0.886158040994738
heteroscedastic,4,1.0,1.0,predictivity,eu_heldout,0.005806746844911448,0.8615425398559954
heteroscedastic,4,1.0,1.0,cca_type,eu_agreement,0.00047340834780318364,0.7095099819703212
heteroscedastic,4,1.0,1.0,cca_type,acquisition_overlap,0.00047340834780318364,0.6853027025833884
heteroscedastic,4,1.0,1.0,cca_type,eu_group0,0.00047340834780318364,0.7095099819703212
heteroscedastic,4,1.0,1.0,cca_type,eu_group1,0.00047340834780318364,0.7217429126939475
heteroscedastic,4,1.0,1.0,cca_type,eu_id,0.00047340834780318364,0.6850441205230687
heteroscedastic,4,1.0,1.0,cca_type,eu_heldout,0.00047340834780318364,0.7095099819703212
heteroscedastic,4,1.0,1.0,smoother_001,eu_agreement,0.050951474662823015,0.856305150653836
heteroscedastic,4,1.0,1.0,smoother_001,acquisition_overlap,0.050951474662823015,0.7964328705698838
heteroscedastic,4,1.0,1.0,smoother_001,eu_group0,0.050951474662823015,0.856305150653836
heteroscedastic,4,1.0,1.0,smoother_001,eu_group1,0.050951474662823015,0.8930039428247147
heteroscedastic,4,1.0,1.0,smoother_001,eu_id,0.050951474662823015,0.8807710121010884
heteroscedastic,4,1.0,1.0,smoother_001,eu_heldout,0.050951474662823015,0.856305150653836
heteroscedastic,4,1.0,1.0,smoother_1,eu_agreement,0.44529493399352715,0.9786344578900984
heteroscedastic,4,1.0,1.0,smoother_1,acquisition_overlap,0.44529493399352715,0.919910834999323
heteroscedastic,4,1.0,1.0,smoother_1,eu_group0,0.44529493399352715,0.9786344578900984
heteroscedastic,4,1.0,1.0,smoother_1,eu_group1,0.44529493399352715,0.9908673886137245
heteroscedastic,4,1.0,1.0,smoother_1,eu_id,0.44529493399352715,0.9786344578900984
heteroscedastic,4,1.0,1.0,smoother_1,eu_heldout,0.44529493399352715,0.9786344578900984
heteroscedastic,4,10.0,0.1,cka,eu_agreement,0.719223075935418,0.9570732259820034
heteroscedastic,4,10.0,0.1,cka,acquisition_overlap,0.719223075935418,0.9103257939229528
heteroscedastic,4,10.0,0.1,cka,eu_group0,0.719223075935418,0.9570732259820034
heteroscedastic,4,10.0,0.1,cka,eu_group1,0.719223075935418,0.9570732259820034
heteroscedastic,4,10.0,0.1,cka,eu_id,0.719223075935418,0.9816135651097472
heteroscedastic,4,10.0,0.1,cka,eu_heldout,0.719223075935418,0.9570732259820034
heteroscedastic,4,10.0,0.1,mknn,eu_agreement,0.8029999999999999,0.9629629629629629
heteroscedastic,4,10.0,0.1,mknn,acquisition_overlap,0.8029999999999999,0.9159278516836723
heteroscedastic,4,10.0,0.1,mknn,eu_group0,0.8029999999999999,0.9629629629629629
heteroscedastic,4,10.0,0.1,mknn,eu_group1,0.8029999999999999,0.9629629629629629
heteroscedastic,4,10.0,0.1,mknn,eu_id,0.8029999999999999,0.9876543209876544
heteroscedastic,4,10.0,0.1,mknn,eu_heldout,0.8029999999999999,0.9629629629629629
heteroscedastic,4,10.0,0.1,predictivity,eu_agreement,0.005806746844911448,0.8615425398559954
heteroscedastic,4,10.0,0.1,predictivity,acquisition_overlap,0.005806746844911448,0.8013040650423012
heteroscedastic,4,10.0,0.1,predictivity,eu_group0,0.005806746844911448,0.8615425398559954
heteroscedastic,4,10.0,0.1,predictivity,eu_group1,0.005806746844911448,0.8615425398559954
heteroscedastic,4,10.0,0.1,predictivity,eu_id,0.005806746844911448,0.8984657915641096
heteroscedastic,4,10.0,0.1,predictivity,eu_heldout,0.005806746844911448,0.8615425398559954
heteroscedastic,4,10.0,0.1,cca_type,eu_agreement,0.00047340834780318364,0.7095099819703212
heteroscedastic,4,10.0,0.1,cca_type,acquisition_overlap,0.00047340834780318364,0.6853027025833884
heteroscedastic,4,10.0,0.1,cca_type,eu_group0,0.00047340834780318364,0.7095099819703212
heteroscedastic,4,10.0,0.1,cca_type,eu_group1,0.00047340834780318364,0.7095099819703212
heteroscedastic,4,10.0,0.1,cca_type,eu_id,0.00047340834780318364,0.7217429126939475
heteroscedastic,4,10.0,0.1,cca_type,eu_heldout,0.00047340834780318364,0.7095099819703212
heteroscedastic,4,10.0,0.1,smoother_001,eu_agreement,0.050951474662823015,0.856305150653836
heteroscedastic,4,10.0,0.1,smoother_001,acquisition_overlap,0.050951474662823015,0.7964328705698838
heteroscedastic,4,10.0,0.1,smoother_001,eu_group0,0.050951474662823015,0.856305150653836
heteroscedastic,4,10.0,0.1,smoother_001,eu_group1,0.050951474662823015,0.856305150653836
heteroscedastic,4,10.0,0.1,smoother_001,eu_id,0.050951474662823015,0.8930039428247147
heteroscedastic,4,10.0,0.1,smoother_001,eu_heldout,0.050951474662823015,0.856305150653836
heteroscedastic,4,10.0,0.1,smoother_1,eu_agreement,0.44529493399352715,0.9786344578900984
heteroscedastic,4,10.0,0.1,smoother_1,acquisition_overlap,0.44529493399352715,0.919910834999323
heteroscedastic,4,10.0,0.1,smoother_1,eu_group0,0.44529493399352715,0.9786344578900984
heteroscedastic,4,10.0,0.1,smoother_1,eu_group1,0.44529493399352715,0.9786344578900984
heteroscedastic,4,10.0,0.1,smoother_1,eu_id,0.44529493399352715,0.9908673886137245
heteroscedastic,4,10.0,0.1,smoother_1,eu_heldout,0.44529493399352715,0.9786344578900984
heteroscedastic,4,10.0,0.25,cka,eu_agreement,0.719223075935418,0.9570732259820034
heteroscedastic,4,10.0,0.25,cka,acquisition_overlap,0.719223075935418,0.9103257939229528
heteroscedastic,4,10.0,0.25,cka,eu_group0,0.719223075935418,0.9570732259820034
heteroscedastic,4,10.0,0.25,cka,eu_group1,0.719223075935418,0.9816135651097472
heteroscedastic,4,10.0,0.25,cka,eu_id,0.719223075935418,0.993883734673619
heteroscedastic,4,10.0,0.25,cka,eu_heldout,0.719223075935418,0.9570732259820034
heteroscedastic,4,10.0,0.25,mknn,eu_agreement,0.8029999999999999,0.9629629629629629
heteroscedastic,4,10.0,0.25,mknn,acquisition_overlap,0.8029999999999999,0.9159278516836723
heteroscedastic,4,10.0,0.25,mknn,eu_group0,0.8029999999999999,0.9629629629629629
heteroscedastic,4,10.0,0.25,mknn,eu_group1,0.8029999999999999,0.9876543209876544
heteroscedastic,4,10.0,0.25,mknn,eu_id,0.8029999999999999,1.0
heteroscedastic,4,10.0,0.25,mknn,eu_heldout,0.8029999999999999,0.9629629629629629
heteroscedastic,4,10.0,0.25,predictivity,eu_agreement,0.005806746844911448,0.8615425398559954
heteroscedastic,4,10.0,0.25,predictivity,acquisition_overlap,0.005806746844911448,0.8013040650423012
heteroscedastic,4,10.0,0.25,predictivity,eu_group0,0.005806746844911448,0.8615425398559954
heteroscedastic,4,10.0,0.25,predictivity,eu_group1,0.005806746844911448,0.8984657915641096
heteroscedastic,4,10.0,0.25,predictivity,eu_id,0.005806746844911448,0.886158040994738
heteroscedastic,4,10.0,0.25,predictivity,eu_heldout,0.005806746844911448,0.8615425398559954
heteroscedastic,4,10.0,0.25,cca_type,eu_agreement,0.00047340834780318364,0.7095099819703212
heteroscedastic,4,10.0,0.25,cca_type,acquisition_overlap,0.00047340834780318364,0.6853027025833884
heteroscedastic,4,10.0,0.25,cca_type,eu_group0,0.00047340834780318364,0.7095099819703212
heteroscedastic,4,10.0,0.25,cca_type,eu_group1,0.00047340834780318364,0.7217429126939475
heteroscedastic,4,10.0,0.25,cca_type,eu_id,0.00047340834780318364,0.6850441205230687
heteroscedastic,4,10.0,0.25,cca_type,eu_heldout,0.00047340834780318364,0.7095099819703212
heteroscedastic,4,10.0,0.25,smoother_001,eu_agreement,0.050951474662823015,0.856305150653836
heteroscedastic,4,10.0,0.25,smoother_001,acquisition_overlap,0.050951474662823015,0.7964328705698838
heteroscedastic,4,10.0,0.25,smoother_001,eu_group0,0.050951474662823015,0.856305150653836
heteroscedastic,4,10.0,0.25,smoother_001,eu_group1,0.050951474662823015,0.8930039428247147
heteroscedastic,4,10.0,0.25,smoother_001,eu_id,0.050951474662823015,0.8807710121010884
heteroscedastic,4,10.0,0.25,smoother_001,eu_heldout,0.050951474662823015,0.856305150653836
heteroscedastic,4,10.0,0.25,smoother_1,eu_agreement,0.44529493399352715,0.9786344578900984
heteroscedastic,4,10.0,0.25,smoother_1,acquisition_overlap,0.44529493399352715,0.919910834999323
heteroscedastic,4,10.0,0.25,smoother_1,eu_group0,0.44529493399352715,0.9786344578900984
heteroscedastic,4,10.0,0.25,smoother_1,eu_group1,0.44529493399352715,0.9908673886137245
heteroscedastic,4,10.0,0.25,smoother_1,eu_id,0.44529493399352715,0.9786344578900984
heteroscedastic,4,10.0,0.25,smoother_1,eu_heldout,0.44529493399352715,0.9786344578900984
heteroscedastic,4,10.0,1.0,cka,eu_agreement,0.719223075935418,0.9816135651097472
heteroscedastic,4,10.0,1.0,cka,acquisition_overlap,0.719223075935418,0.9103257939229528
heteroscedastic,4,10.0,1.0,cka,eu_group0,0.719223075935418,0.9570732259820034
heteroscedastic,4,10.0,1.0,cka,eu_group1,0.719223075935418,0.9816135651097472
heteroscedastic,4,10.0,1.0,cka,eu_id,0.719223075935418,0.9570732259820034
heteroscedastic,4,10.0,1.0,cka,eu_heldout,0.719223075935418,0.9570732259820034
heteroscedastic,4,10.0,1.0,mknn,eu_agreement,0.8029999999999999,0.9876543209876544
heteroscedastic,4,10.0,1.0,mknn,acquisition_overlap,0.8029999999999999,0.9159278516836723
heteroscedastic,4,10.0,1.0,mknn,eu_group0,0.8029999999999999,0.9629629629629629
heteroscedastic,4,10.0,1.0,mknn,eu_group1,0.8029999999999999,0.9876543209876544
heteroscedastic,4,10.0,1.0,mknn,eu_id,0.8029999999999999,0.9629629629629629
heteroscedastic,4,10.0,1.0,mknn,eu_heldout,0.8029999999999999,0.9629629629629629
heteroscedastic,4,10.0,1.0,predictivity,eu_agreement,0.005806746844911448,0.8984657915641096
heteroscedastic,4,10.0,1.0,predictivity,acquisition_overlap,0.005806746844911448,0.8013040650423012
heteroscedastic,4,10.0,1.0,predictivity,eu_group0,0.005806746844911448,0.8615425398559954
heteroscedastic,4,10.0,1.0,predictivity,eu_group1,0.005806746844911448,0.8984657915641096
heteroscedastic,4,10.0,1.0,predictivity,eu_id,0.005806746844911448,0.9230812927028521
heteroscedastic,4,10.0,1.0,predictivity,eu_heldout,0.005806746844911448,0.8615425398559954
heteroscedastic,4,10.0,1.0,cca_type,eu_agreement,0.00047340834780318364,0.7217429126939475
heteroscedastic,4,10.0,1.0,cca_type,acquisition_overlap,0.00047340834780318364,0.6853027025833884
heteroscedastic,4,10.0,1.0,cca_type,eu_group0,0.00047340834780318364,0.7095099819703212
heteroscedastic,4,10.0,1.0,cca_type,eu_group1,0.00047340834780318364,0.7217429126939475
heteroscedastic,4,10.0,1.0,cca_type,eu_id,0.00047340834780318364,0.7462087741411999
heteroscedastic,4,10.0,1.0,cca_type,eu_heldout,0.00047340834780318364,0.7095099819703212
heteroscedastic,4,10.0,1.0,smoother_001,eu_agreement,0.050951474662823015,0.8930039428247147
heteroscedastic,4,10.0,1.0,smoother_001,acquisition_overlap,0.050951474662823015,0.7964328705698838
heteroscedastic,4,10.0,1.0,smoother_001,eu_group0,0.050951474662823015,0.856305150653836
heteroscedastic,4,10.0,1.0,smoother_001,eu_group1,0.050951474662823015,0.8930039428247147
heteroscedastic,4,10.0,1.0,smoother_001,eu_id,0.050951474662823015,0.917469804271967
heteroscedastic,4,10.0,1.0,smoother_001,eu_heldout,0.050951474662823015,0.856305150653836
heteroscedastic,4,10.0,1.0,smoother_1,eu_agreement,0.44529493399352715,0.9908673886137245
heteroscedastic,4,10.0,1.0,smoother_1,acquisition_overlap,0.44529493399352715,0.919910834999323
heteroscedastic,4,10.0,1.0,smoother_1,eu_group0,0.44529493399352715,0.9786344578900984
heteroscedastic,4,10.0,1.0,smoother_1,eu_group1,0.44529493399352715,0.9908673886137245
heteroscedastic,4,10.0,1.0,smoother_1,eu_id,0.44529493399352715,0.917469804271967
heteroscedastic,4,10.0,1.0,smoother_1,eu_heldout,0.44529493399352715,0.9786344578900984
homoscedastic,0,0.1,0.1,cka,eu_agreement,0.5606896955269017,0.9448030564181316
homoscedastic,0,0.1,0.1,cka,acquisition_overlap,0.5606896955269017,0.7975610216516694
homoscedastic,0,0.1,0.1,cka,eu_group0,0.5606896955269017,0.9448030564181316
homoscedastic,0,0.1,0.1,cka,eu_group1,0.5606896955269017,
homoscedastic,0,0.1,0.1,cka,eu_id,0.5606896955269017,0.8957223781626442
homoscedastic,0,0.1,0.1,cka,eu_heldout,0.5606896955269017,0.8957223781626442
homoscedastic,0,0.1,0.1,mknn,eu_agreement,0.7605,0.9506172839506172
homoscedastic,0,0.1,0.1,mknn,acquisition_overlap,0.7605,0.802469135802469
homoscedastic,0,0.1,0.1,mknn,eu_group0,0.7605,0.9506172839506172
homoscedastic,0,0.1,0.1,mknn,eu_group1,0.7605,
homoscedastic,0,0.1,0.1,mknn,eu_id,0.7605,0.9012345679012346
homoscedastic,0,0.1,0.1,mknn,eu_heldout,0.7605,0.9012345679012346
homoscedastic,0,0.1,0.1,predictivity,eu_agreement,0.003448781272578083,0.8148148148148148
homoscedastic,0,0.1,0.1,predictivity,acquisition_overlap,0.003448781272578083,0.7037037037037037
homoscedastic,0,0.1,0.1,predictivity,eu_group0,0.003448781272578083,0.8148148148148148
homoscedastic,0,0.1,0.1,predictivity,eu_group1,0.003448781272578083,
homoscedastic,0,0.1,0.1,predictivity,eu_id,0.003448781272578083,0.7901234567901234
homoscedastic,0,0.1,0.1,predictivity,eu_heldout,0.003448781272578083,0.802469135802469
homoscedastic,0,0.1,0.1,cca_type,eu_agreement,0.001025982547905202,0.7095099819703212
homoscedastic,0,0.1,0.1,cca_type,acquisition_overlap,0.001025982547905202,0.5137830903923015
homoscedastic,0,0.1,0.1,cca_type,eu_group0,0.001025982547905202,0.7095099819703212
homoscedastic,0,0.1,0.1,cca_type,eu_group1,0.001025982547905202,
homoscedastic,0,0.1,0.1,cca_type,eu_id,0.001025982547905202,0.7095099819703212
homoscedastic,0,0.1,0.1,cca_type,eu_heldout,0.001025982547905202,0.6605782590758164
homoscedastic,0,0.1,0.1,smoother_001,eu_agreement,0.050641335734097015,0.587180674734059
homoscedastic,0,0.1,0.1,smoother_001,acquisition_overlap,0.050641335734097015,0.428152575326918
homoscedastic,0,0.1,0.1,smoother_001,eu_group0,0.050641335734097015,0.587180674734059
homoscedastic,0,0.1,0.1,smoother_001,eu_group1,0.050641335734097015,
homoscedastic,0,0.1,0.1,smoother_001,eu_id,0.050641335734097015,0.6605782590758164
homoscedastic,0,0.1,0.1,smoother_001,eu_heldout,0.050641335734097015,0.5260160211159278
homoscedastic,0,0.1,0.1,smoother_1,eu_agreement,0.355369521019293,0.8589118694710287
homoscedastic,0,0.1,0.1,smoother_1,acquisition_overlap,0.355369521019293,0.7116698347045666
homoscedastic,0,0.1,0.1,smoother_1,eu_group0,0.355369521019293,0.8589118694710287
homoscedastic,0,0.1,0.1,smoother_1,eu_group1,0.355369521019293,
homoscedastic,0,0.1,0.1,smoother_1,eu_id,0.355369521019293,0.8589118694710287
homoscedastic,0,0.1,0.1,smoother_1,eu_heldout,0.355369521019293,0.8098311912155413
homoscedastic,0,0.1,0.25,cka,eu_agreement,0.5606896955269017,0.9816135651097472
homoscedastic,0,0.1,0.25,cka,acquisition_overlap,0.5606896955269017,0.8957223781626442
homoscedastic,0,0.1,0.25,cka,eu_group0,0.5606896955269017,0.9816135651097472
homoscedastic,0,0.1,0.25,cka,eu_group1,0.5606896955269017,
homoscedastic,0,0.1,0.25,cka,eu_id,0.5606896955269017,0.8589118694710287
homoscedastic,0,0.1,0.25,cka,eu_heldout,0.5606896955269017,0.9448030564181316
homoscedastic,0,0.1,0.25,mknn,eu_agreement,0.7605,0.9876543209876544
homoscedastic,0,0.1,0.25,mknn,acquisition_overlap,0.7605,0.9012345679012346
homoscedastic,0,0.1,0.25,mknn,eu_group0,0.7605,0.9876543209876544
homoscedastic,0,0.1,0.25,mknn,eu_group1,0.7605,
homoscedastic,0,0.1,0.25,mknn,eu_id,0.7605,0.8641975308641975
homoscedastic,0,0.1,0.25,mknn,eu_heldout,0.7605,0.9506172839506172
homoscedastic,0,0.1,0.25,predictivity,eu_agreement,0.003448781272578083,0.9012345679012346
homoscedastic,0,0.1,0.25,predictivity,acquisition_overlap,0.003448781272578083,0.802469135802469
homoscedastic,0,0.1,0.25,predictivity,eu_group0,0.003448781272578083,0.9012345679012346
homoscedastic,0,0.1,0.25,predictivity,eu_group1,0.003448781272578083,
homoscedastic,0,0.1,0.25,predictivity,eu_id,0.003448781272578083,0.8271604938271605
homoscedastic,0,0.1,0.25,predictivity,eu_heldout,0.003448781272578083,0.8148148148148148
homoscedastic,0,0.1,0.25,cca_type,eu_agreement,0.001025982547905202,0.8440722199302098
homoscedastic,0,0.1,0.25,cca_type,acquisition_overlap,0.001025982547905202,0.6605782590758164
homoscedastic,0,0.1,0.25,cca_type,eu_group0,0.001025982547905202,0.8440722199302098
homoscedastic,0,0.1,0.25,cca_type,eu_group1,0.001025982547905202,
homoscedastic,0,0.1,0.25,cca_type,eu_id,0.001025982547905202,0.7706746355884525
homoscedastic,0,0.1,0.25,cca_type,eu_heldout,0.001025982547905202,0.7095099819703212
homoscedastic,0,0.1,0.25,smoother_001,eu_agreement,0.050641335734097015,0.7706746355884525
homoscedastic,0,0.1,0.25,smoother_001,acquisition_overlap,0.050641335734097015,0.5260160211159278
homoscedastic,0,0.1,0.25,smoother_001,eu_group0,0.050641335734097015,0.7706746355884525
homoscedastic,0,0.1,0.25,smoother_001,eu_group1,0.050641335734097015,
homoscedastic,0,0.1,0.25,smoother_001,eu_id,0.050641335734097015,0.697277051246695
homoscedastic,0,0.1,0.25,smoother_001,eu_heldout,0.050641335734097015,0.587180674734059
homoscedastic,0,0.1,0.25,smoother_1,eu_agreement,0.355369521019293,0.9202627172903878
homoscedastic,0,0.1,0.25,smoother_1,acquisition_overlap,0.355369521019293,0.8098311912155413
homoscedastic,0,0.1,0.25,smoother_1,eu_group0,0.355369521019293,0.9202627172903878
homoscedastic,0,0.1,0.25,smoother_1,eu_group1,0.355369521019293,
homoscedastic,0,0.1,0.25,smoother_1,eu_id,0.355369521019293,0.8957223781626442
homoscedastic,0,0.1,0.25,smoother_1,eu_heldout,0.355369521019293,0.8589118694710287
homoscedastic,0,0.1,1.0,cka,eu_agreement,0.5606896955269017,0.9816135651097472
homoscedastic,0,0.1,1.0,cka,acquisition_overlap,0.5606896955269017,0.8572916996864854
homoscedastic,0,0.1,1.0,cka,eu_group0,0.5606896955269017,0.9816135651097472
homoscedastic,0,0.1,1.0,cka,eu_group1,0.5606896955269017,
homoscedastic,0,0.1,1.0,cka,eu_id,0.5606896955269017,0.9570732259820034
homoscedastic,0,0.1,1.0,cka,eu_heldout,0.5606896955269017,0.9448030564181316
homoscedastic,0,0.1,1.0,mknn,eu_agreement,0.7605,0.9876543209876544
homoscedastic,0,0.1,1.0,mknn,acquisition_overlap,0.7605,0.8625673907099517
homoscedastic,0,0.1,1.0,mknn,eu_group0,0.7605,0.9876543209876544
homoscedastic,0,0.1,1.0,mknn,eu_group1,0.7605,
homoscedastic,0,0.1,1.0,mknn,eu_id,0.7605,0.9629629629629629
homoscedastic,0,0.1,1.0,mknn,eu_heldout,0.7605,0.9506172839506172
homoscedastic,0,0.1,1.0,predictivity,eu_agreement,0.003448781272578083,0.9012345679012346
homoscedastic,0,0.1,1.0,predictivity,acquisition_overlap,0.003448781272578083,0.8313149490175621
homoscedastic,0,0.1,1.0,predictivity,eu_group0,0.003448781272578083,0.9012345679012346
homoscedastic,0,0.1,1.0,predictivity,eu_group1,0.003448781272578083,
homoscedastic,0,0.1,1.0,predictivity,eu_id,0.003448781272578083,0.9259259259259257
homoscedastic,0,0.1,1.0,predictivity,eu_heldout,0.003448781272578083,0.8148148148148148
homoscedastic,0,0.1,1.0,cca_type,eu_agreement,0.001025982547905202,0.8440722199302098
homoscedastic,0,0.1,1.0,cca_type,acquisition_overlap,0.001025982547905202,0.6688877462108798
homoscedastic,0,0.1,1.0,cca_type,eu_group0,0.001025982547905202,0.8440722199302098
homoscedastic,0,0.1,1.0,cca_type,eu_group1,0.001025982547905202,
homoscedastic,0,0.1,1.0,cca_type,eu_id,0.001025982547905202,0.917469804271967
homoscedastic,0,0.1,1.0,cca_type,eu_heldout,0.001025982547905202,0.7095099819703212
homoscedastic,0,0.1,1.0,smoother_001,eu_agreement,0.050641335734097015,0.7706746355884525
homoscedastic,0,0.1,1.0,smoother_001,acquisition_overlap,0.050641335734097015,0.5264394298881924
homoscedastic,0,0.1,1.0,smoother_001,eu_group0,0.050641335734097015,0.7706746355884525
homoscedastic,0,0.1,1.0,smoother_001,eu_group1,0.050641335734097015,
homoscedastic,0,0.1,1.0,smoother_001,eu_id,0.050641335734097015,0.7951404970357048
homoscedastic,0,0.1,1.0,smoother_001,eu_heldout,0.050641335734097015,0.587180674734059
homoscedastic,0,0.1,1.0,smoother_1,eu_agreement,0.355369521019293,0.9202627172903878
homoscedastic,0,0.1,1.0,smoother_1,acquisition_overlap,0.355369521019293,0.7951691127526822
homoscedastic,0,0.1,1.0,smoother_1,eu_group0,0.355369521019293,0.9202627172903878
homoscedastic,0,0.1,1.0,smoother_1,eu_group1,0.355369521019293,
homoscedastic,0,0.1,1.0,smoother_1,eu_id,0.355369521019293,0.993883734673619
homoscedastic,0,0.1,1.0,smoother_1,eu_heldout,0.355369521019293,0.8589118694710287
homoscedastic,0,1.0,0.1,cka,eu_agreement,0.5606896955269017,0.9816135651097472
homoscedastic,0,1.0,0.1,cka,acquisition_overlap,0.5606896955269017,0.8451644931690214
homoscedastic,0,1.0,0.1,cka,eu_group0,0.5606896955269017,0.9816135651097472
homoscedastic,0,1.0,0.1,cka,eu_group1,0.5606896955269017,
homoscedastic,0,1.0,0.1,cka,eu_id,0.5606896955269017,0.993883734673619
homoscedastic,0,1.0,0.1,cka,eu_heldout,0.5606896955269017,0.8957223781626442
homoscedastic,0,1.0,0.1,mknn,eu_agreement,0.7605,0.9876543209876544
homoscedastic,0,1.0,0.1,mknn,acquisition_overlap,0.7605,0.8503655545249109
homoscedastic,0,1.0,0.1,mknn,eu_group0,0.7605,0.9876543209876544
homoscedastic,0,1.0,0.1,mknn,eu_group1,0.7605,
homoscedastic,0,1.0,0.1,mknn,eu_id,0.7605,1.0
homoscedastic,0,1.0,0.1,mknn,eu_heldout,0.7605,0.9012345679012346
homoscedastic,0,1.0,0.1,predictivity,eu_agreement,0.003448781272578083,0.9012345679012346
homoscedastic,0,1.0,0.1,predictivity,acquisition_overlap,0.003448781272578083,0.8120031986816819
homoscedastic,0,1.0,0.1,predictivity,eu_group0,0.003448781272578083,0.9012345679012346
homoscedastic,0,1.0,0.1,predictivity,eu_group1,0.003448781272578083,
homoscedastic,0,1.0,0.1,predictivity,eu_id,0.003448781272578083,0.8888888888888888
homoscedastic,0,1.0,0.1,predictivity,eu_heldout,0.003448781272578083,0.802469135802469
homoscedastic,0,1.0,0.1,cca_type,eu_agreement,0.001025982547905202,0.8440722199302098
homoscedastic,0,1.0,0.1,cca_type,acquisition_overlap,0.001025982547905202,0.6271981213649389
homoscedastic,0,1.0,0.1,cca_type,eu_group0,0.001025982547905202,0.8440722199302098
homoscedastic,0,1.0,0.1,cca_type,eu_group1,0.001025982547905202,
homoscedastic,0,1.0,0.1,cca_type,eu_id,0.001025982547905202,0.856305150653836
homoscedastic,0,1.0,0.1,cca_type,eu_heldout,0.001025982547905202,0.6605782590758164
homoscedastic,0,1.0,0.1,smoother_001,eu_agreement,0.050641335734097015,0.7706746355884525
homoscedastic,0,1.0,0.1,smoother_001,acquisition_overlap,0.050641335734097015,0.5258327684170699
homoscedastic,0,1.0,0.1,smoother_001,eu_group0,0.050641335734097015,0.7706746355884525
homoscedastic,0,1.0,0.1,smoother_001,eu_group1,0.050641335734097015,
homoscedastic,0,1.0,0.1,smoother_001,eu_id,0.050641335734097015,0.7584417048648262
homoscedastic,0,1.0,0.1,smoother_001,eu_heldout,0.050641335734097015,0.5260160211159278
homoscedastic,0,1.0,0.1,smoother_1,eu_agreement,0.355369521019293,0.9202627172903878
homoscedastic,0,1.0,0.1,smoother_1,acquisition_overlap,0.355369521019293,0.7689090501763277
homoscedastic,0,1.0,0.1,smoother_1,eu_group0,0.355369521019293,0.9202627172903878
homoscedastic,0,1.0,0.1,smoother_1,eu_group1,0.355369521019293,
homoscedastic,0,1.0,0.1,smoother_1,eu_id,0.355369521019293,0.9570732259820034
homoscedastic,0,1.0,0.1,smoother_1,eu_heldout,0.355369521019293,0.8098311912155413
homoscedastic,0,1.0,0.25,cka,eu_agreement,0.5606896955269017,0.9816135651097472
homoscedastic,0,1.0,0.25,cka,acquisition_overlap,0.5606896955269017,0.8683539855856865
homoscedastic,0,1.0,0.25,cka,eu_group0,0.5606896955269017,0.9816135651097472
homoscedastic,0,1.0,0.25,cka,eu_group1,0.5606896955269017,
homoscedastic,0,1.0,0.25,cka,eu_id,0.5606896955269017,0.993883734673619
homoscedastic,0,1.0,0.25,cka,eu_heldout,0.5606896955269017,0.9448030564181316
homoscedastic,0,1.0,0.25,mknn,eu_agreement,0.7605,0.9876543209876544
homoscedastic,0,1.0,0.25,mknn,acquisition_overlap,0.7605,0.8736977528572242
homoscedastic,0,1.0,0.25,mknn,eu_group0,0.7605,0.9876543209876544
homoscedastic,0,1.0,0.25,mknn,eu_group1,0.7605,
homoscedastic,0,1.0,0.25,mknn,eu_id,0.7605,1.0
homoscedastic,0,1.0,0.25,mknn,eu_heldout,0.7605,0.9506172839506172
homoscedastic,0,1.0,0.25,predictivity,eu_agreement,0.003448781272578083,0.9012345679012346
homoscedastic,0,1.0,0.25,predictivity,acquisition_overlap,0.003448781272578083,0.7723994626708794
homoscedastic,0,1.0,0.25,predictivity,eu_group0,0.003448781272578083,0.9012345679012346
homoscedastic,0,1.0,0.25,predictivity,eu_group1,0.003448781272578083,
homoscedastic,0,1.0,0.25,predictivity,eu_id,0.003448781272578083,0.8888888888888888
homoscedastic,0,1.0,0.25,predictivity,eu_heldout,0.003448781272578083,0.8148148148148148
homoscedastic,0,1.0,0.25,cca_type,eu_agreement,0.001025982547905202,0.8440722199302098
homoscedastic,0,1.0,0.25,cca_type,acquisition_overlap,0.001025982547905202,0.6022390336078728
homoscedastic,0,1.0,0.25,cca_type,eu_group0,0.001025982547905202,0.8440722199302098
homoscedastic,0,1.0,0.25,cca_type,eu_group1,0.001025982547905202,
homoscedastic,0,1.0,0.25,cca_type,eu_id,0.001025982547905202,0.856305150653836
homoscedastic,0,1.0,0.25,cca_type,eu_heldout,0.001025982547905202,0.7095099819703212
homoscedastic,0,1.0,0.25,smoother_001,eu_agreement,0.050641335734097015,0.7706746355884525
homoscedastic,0,1.0,0.25,smoother_001,acquisition_overlap,0.050641335734097015,0.48931921480639656
homoscedastic,0,1.0,0.25,smoother_001,eu_group0,0.050641335734097015,0.7706746355884525
homoscedastic,0,1.0,0.25,smoother_001,eu_group1,0.050641335734097015,
homoscedastic,0,1.0,0.25,smoother_001,eu_id,0.050641335734097015,0.7584417048648262
homoscedastic,0,1.0,0.25,smoother_001,eu_heldout,0.050641335734097015,0.587180674734059
homoscedastic,0,1.0,0.25,smoother_1,eu_agreement,0.355369521019293,0.9202627172903878
homoscedastic,0,1.0,0.25,smoother_1,acquisition_overlap,0.355369521019293,0.7802601029900372
homoscedastic,0,1.0,0.25,smoother_1,eu_group0,0.355369521019293,0.9202627172903878
homoscedastic,0,1.0,0.25,smoother_1,eu_group1,0.355369521019293,
homoscedastic,0,1.0,0.25,smoother_1,eu_id,0.355369521019293,0.9570732259820034
homoscedastic,0,1.0,0.25,smoother_1,eu_heldout,0.355369521019293,0.8589118694710287
homoscedastic,0,1.0,1.0,cka,eu_agreement,0.5606896955269017,0.9816135651097472
homoscedastic,0,1.0,1.0,cka,acquisition_overlap,0.5606896955269017,0.7891187698735106
homoscedastic,0,1.0,1.0,cka,eu_group0,0.5606896955269017,0.9816135651097472
homoscedastic,0,1.0,1.0,cka,eu_group1,0.5606896955269017,
homoscedastic,0,1.0,1.0,cka,eu_id,0.5606896955269017,0.993883734673619
homoscedastic,0,1.0,1.0,cka,eu_heldout,0.5606896955269017,0.9448030564181316
homoscedastic,0,1.0,1.0,mknn,eu_agreement,0.7605,0.9876543209876544
homoscedastic,0,1.0,1.0,mknn,acquisition_overlap,0.7605,0.7939749312153186
homoscedastic,0,1.0,1.0,mknn,eu_group0,0.7605,0.9876543209876544
homoscedastic,0,1.0,1.0,mknn,eu_group1,0.7605,
homoscedastic,0,1.0,1.0,mknn,eu_id,0.7605,1.0
homoscedastic,0,1.0,1.0,mknn,eu_heldout,0.7605,0.9506172839506172
homoscedastic,0,1.0,1.0,predictivity,eu_agreement,0.003448781272578083,0.9012345679012346
homoscedastic,0,1.0,1.0,predictivity,acquisition_overlap,0.003448781272578083,0.8257339284639312
homoscedastic,0,1.0,1.0,predictivity,eu_group0,0.003448781272578083,0.9012345679012346
homoscedastic,0,1.0,1.0,predictivity,eu_group1,0.003448781272578083,
homoscedastic,0,1.0,1.0,predictivity,eu_id,0.003448781272578083,0.8888888888888888
homoscedastic,0,1.0,1.0,predictivity,eu_heldout,0.003448781272578083,0.8148148148148148
homoscedastic,0,1.0,1.0,cca_type,eu_agreement,0.001025982547905202,0.8440722199302098
homoscedastic,0,1.0,1.0,cca_type,acquisition_overlap,0.001025982547905202,0.6230853024407228
homoscedastic,0,1.0,1.0,cca_type,eu_group0,0.001025982547905202,0.8440722199302098
homoscedastic,0,1.0,1.0,cca_type,eu_group1,0.001025982547905202,
homoscedastic,0,1.0,1.0,cca_type,eu_id,0.001025982547905202,0.856305150653836
homoscedastic,0,1.0,1.0,cca_type,eu_heldout,0.001025982547905202,0.7095099819703212
homoscedastic,0,1.0,1.0,smoother_001,eu_agreement,0.050641335734097015,0.7706746355884525
homoscedastic,0,1.0,1.0,smoother_001,acquisition_overlap,0.050641335734097015,0.5160908565670633
homoscedastic,0,1.0,1.0,smoother_001,eu_group0,0.050641335734097015,0.7706746355884525
homoscedastic,0,1.0,1.0,smoother_001,eu_group1,0.050641335734097015,
homoscedastic,0,1.0,1.0,smoother_001,eu_id,0.050641335734097015,0.7584417048648262
homoscedastic,0,1.0,1.0,smoother_001,eu_heldout,0.050641335734097015,0.587180674734059
homoscedastic,0,1.0,1.0,smoother_1,eu_agreement,0.355369521019293,0.9202627172903878
homoscedastic,0,1.0,1.0,smoother_1,acquisition_overlap,0.355369521019293,0.7386151686016059
homoscedastic,0,1.0,1.0,smoother_1,eu_group0,0.355369521019293,0.9202627172903878
homoscedastic,0,1.0,1.0,smoother_1,eu_group1,0.355369521019293,
homoscedastic,0,1.0,1.0,smoother_1,eu_id,0.355369521019293,0.9570732259820034
homoscedastic,0,1.0,1.0,smoother_1,eu_heldout,0.355369521019293,0.8589118694710287
homoscedastic,0,10.0,0.1,cka,eu_agreement,0.5606896955269017,0.9816135651097472
homoscedastic,0,10.0,0.1,cka,acquisition_overlap,0.5606896955269017,0.8451644931690214
homoscedastic,0,10.0,0.1,cka,eu_group0,0.5606896955269017,0.9816135651097472
homoscedastic,0,10.0,0.1,cka,eu_group1,0.5606896955269017,
homoscedastic,0,10.0,0.1,cka,eu_id,0.5606896955269017,0.993883734673619
homoscedastic,0,10.0,0.1,cka,eu_heldout,0.5606896955269017,0.8957223781626442
homoscedastic,0,10.0,0.1,mknn,eu_agreement,0.7605,0.9876543209876544
homoscedastic,0,10.0,0.1,mknn,acquisition_overlap,0.7605,0.8503655545249109
homoscedastic,0,10.0,0.1,mknn,eu_group0,0.7605,0.9876543209876544
homoscedastic,0,10.0,0.1,mknn,eu_group1,0.7605,
homoscedastic,0,10.0,0.1,mknn,eu_id,0.7605,1.0
homoscedastic,0,10.0,0.1,mknn,eu_heldout,0.7605,0.9012345679012346
homoscedastic,0,10.0,0.1,predictivity,eu_agreement,0.003448781272578083,0.9012345679012346
homoscedastic,0,10.0,0.1,predictivity,acquisition_overlap,0.003448781272578083,0.8120031986816819
homoscedastic,0,10.0,0.1,predictivity,eu_group0,0.003448781272578083,0.9012345679012346
homoscedastic,0,10.0,0.1,predictivity,eu_group1,0.003448781272578083,
homoscedastic,0,10.0,0.1,predictivity,eu_id,0.003448781272578083,0.8888888888888888
homoscedastic,0,10.0,0.1,predictivity,eu_heldout,0.003448781272578083,0.802469135802469
homoscedastic,0,10.0,0.1,cca_type,eu_agreement,0.001025982547905202,0.8440722199302098
homoscedastic,0,10.0,0.1,cca_type,acquisition_overlap,0.001025982547905202,0.6271981213649389
homoscedastic,0,10.0,0.1,cca_type,eu_group0,0.001025982547905202,0.8440722199302098
homoscedastic,0,10.0,0.1,cca_type,eu_group1,0.001025982547905202,
homoscedastic,0,10.0,0.1,cca_type,eu_id,0.001025982547905202,0.856305150653836
homoscedastic,0,10.0,0.1,cca_type,eu_heldout,0.001025982547905202,0.6605782590758164
homoscedastic,0,10.0,0.1,smoother_001,eu_agreement,0.050641335734097015,0.7706746355884525
homoscedastic,0,10.0,0.1,smoother_001,acquisition_overlap,0.050641335734097015,0.5258327684170699
homoscedastic,0,10.0,0.1,smoother_001,eu_group0,0.050641335734097015,0.7706746355884525
homoscedastic,0,10.0,0.1,smoother_001,eu_group1,0.050641335734097015,
homoscedastic,0,10.0,0.1,smoother_001,eu_id,0.050641335734097015,0.7584417048648262
homoscedastic,0,10.0,0.1,smoother_001,eu_heldout,0.050641335734097015,0.5260160211159278
homoscedastic,0,10.0,0.1,smoother_1,eu_agreement,0.355369521019293,0.9202627172903878
homoscedastic,0,10.0,0.1,smoother_1,acquisition_overlap,0.355369521019293,0.7689090501763277
homoscedastic,0,10.0,0.1,smoother_1,eu_group0,0.355369521019293,0.9202627172903878
homoscedastic,0,10.0,0.1,smoother_1,eu_group1,0.355369521019293,
homoscedastic,0,10.0,0.1,smoother_1,eu_id,0.355369521019293,0.9570732259820034
homoscedastic,0,10.0,0.1,smoother_1,eu_heldout,0.355369521019293,0.8098311912155413
homoscedastic,0,10.0,0.25,cka,eu_agreement,0.5606896955269017,0.9816135651097472
homoscedastic,0,10.0,0.25,cka,acquisition_overlap,0.5606896955269017,0.7975610216516694
homoscedastic,0,10.0,0.25,cka,eu_group0,0.5606896955269017,0.9816135651097472
homoscedastic,0,10.0,0.25,cka,eu_group1,0.5606896955269017,
homoscedastic,0,10.0,0.25,cka,eu_id,0.5606896955269017,0.993883734673619
homoscedastic,0,10.0,0.25,cka,eu_heldout,0.5606896955269017,0.9448030564181316
homoscedastic,0,10.0,0.25,mknn,eu_agreement,0.7605,0.9876543209876544
homoscedastic,0,10.0,0.25,mknn,acquisition_overlap,0.7605,0.802469135802469
homoscedastic,0,10.0,0.25,mknn,eu_group0,0.7605,0.9876543209876544
homoscedastic,0,10.0,0.25,mknn,eu_group1,0.7605,
homoscedastic,0,10.0,0.25,mknn,eu_id,0.7605,1.0
homoscedastic,0,10.0,0.25,mknn,eu_heldout,0.7605,0.9506172839506172
homoscedastic,0,10.0,0.25,predictivity,eu_agreement,0.003448781272578083,0.9012345679012346
homoscedastic,0,10.0,0.25,predictivity,acquisition_overlap,0.003448781272578083,0.7037037037037037
homoscedastic,0,10.0,0.25,predictivity,eu_group0,0.003448781272578083,0.9012345679012346
homoscedastic,0,10.0,0.25,predictivity,eu_group1,0.003448781272578083,
homoscedastic,0,10.0,0.25,predictivity,eu_id,0.003448781272578083,0.8888888888888888
homoscedastic,0,10.0,0.25,predictivity,eu_heldout,0.003448781272578083,0.8148148148148148
homoscedastic,0,10.0,0.25,cca_type,eu_agreement,0.001025982547905202,0.8440722199302098
homoscedastic,0,10.0,0.25,cca_type,acquisition_overlap,0.001025982547905202,0.5137830903923015
homoscedastic,0,10.0,0.25,cca_type,eu_group0,0.001025982547905202,0.8440722199302098
homoscedastic,0,10.0,0.25,cca_type,eu_group1,0.001025982547905202,
homoscedastic,0,10.0,0.25,cca_type,eu_id,0.001025982547905202,0.856305150653836
homoscedastic,0,10.0,0.25,cca_type,eu_heldout,0.001025982547905202,0.7095099819703212
homoscedastic,0,10.0,0.25,smoother_001,eu_agreement,0.050641335734097015,0.7706746355884525
homoscedastic,0,10.0,0.25,smoother_001,acquisition_overlap,0.050641335734097015,0.428152575326918
homoscedastic,0,10.0,0.25,smoother_001,eu_group0,0.050641335734097015,0.7706746355884525
homoscedastic,0,10.0,0.25,smoother_001,eu_group1,0.050641335734097015,
homoscedastic,0,10.0,0.25,smoother_001,eu_id,0.050641335734097015,0.7584417048648262
homoscedastic,0,10.0,0.25,smoother_001,eu_heldout,0.050641335734097015,0.587180674734059
homoscedastic,0,10.0,0.25,smoother_1,eu_agreement,0.355369521019293,0.9202627172903878
homoscedastic,0,10.0,0.25,smoother_1,acquisition_overlap,0.355369521019293,0.7116698347045666
homoscedastic,0,10.0,0.25,smoother_1,eu_group0,0.355369521019293,0.9202627172903878
homoscedastic,0,10.0,0.25,smoother_1,eu_group1,0.355369521019293,
homoscedastic,0,10.0,0.25,smoother_1,eu_id,0.355369521019293,0.9570732259820034
homoscedastic,0,10.0,0.25,smoother_1,eu_heldout,0.355369521019293,0.8589118694710287
homoscedastic,0,10.0,1.0,cka,eu_agreement,0.5606896955269017,0.9816135651097472
homoscedastic,0,10.0,1.0,cka,acquisition_overlap,0.5606896955269017,0.8054297837316513
homoscedastic,0,10.0,1.0,cka,eu_group0,0.5606896955269017,0.9816135651097472
homoscedastic,0,10.0,1.0,cka,eu_group1,0.5606896955269017,
homoscedastic,0,10.0,1.0,cka,eu_id,0.5606896955269017,0.993883734673619
homoscedastic,0,10.0,1.0,cka,eu_heldout,0.5606896955269017,0.9448030564181316
homoscedastic,0,10.0,1.0,mknn,eu_agreement,0.7605,0.9876543209876544
homoscedastic,0,10.0,1.0,mknn,acquisition_overlap,0.7605,0.8103863214907587
homoscedastic,0,10.0,1.0,mknn,eu_group0,0.7605,0.9876543209876544
homoscedastic,0,10.0,1.0,mknn,eu_group1,0.7605,
homoscedastic,0,10.0,1.0,mknn,eu_id,0.7605,1.0
homoscedastic,0,10.0,1.0,mknn,eu_heldout,0.7605,0.9506172839506172
homoscedastic,0,10.0,1.0,predictivity,eu_agreement,0.003448781272578083,0.9012345679012346
homoscedastic,0,10.0,1.0,predictivity,acquisition_overlap,0.003448781272578083,0.8357108940373449
homoscedastic,0,10.0,1.0,predictivity,eu_group0,0.003448781272578083,0.9012345679012346
homoscedastic,0,10.0,1.0,predictivity,eu_group1,0.003448781272578083,
homoscedastic,0,10.0,1.0,predictivity,eu_id,0.003448781272578083,0.8888888888888888
homoscedastic,0,10.0,1.0,predictivity,eu_heldout,0.003448781272578083,0.8148148148148148
homoscedastic,0,10.0,1.0,cca_type,eu_agreement,0.001025982547905202,0.8440722199302098
homoscedastic,0,10.0,1.0,cca_type,acquisition_overlap,0.001025982547905202,0.6398789732083647
homoscedastic,0,10.0,1.0,cca_type,eu_group0,0.001025982547905202,0.8440722199302098
homoscedastic,0,10.0,1.0,cca_type,eu_group1,0.001025982547905202,
homoscedastic,0,10.0,1.0,cca_type,eu_id,0.001025982547905202,0.856305150653836
homoscedastic,0,10.0,1.0,cca_type,eu_heldout,0.001025982547905202,0.7095099819703212
homoscedastic,0,10.0,1.0,smoother_001,eu_agreement,0.050641335734097015,0.7706746355884525
homoscedastic,0,10.0,1.0,smoother_001,acquisition_overlap,0.050641335734097015,0.5520524474738833
homoscedastic,0,10.0,1.0,smoother_001,eu_group0,0.050641335734097015,0.7706746355884525
homoscedastic,0,10.0,1.0,smoother_001,eu_group1,0.050641335734097015,
homoscedastic,0,10.0,1.0,smoother_001,eu_id,0.050641335734097015,0.7584417048648262
homoscedastic,0,10.0,1.0,smoother_001,eu_heldout,0.050641335734097015,0.587180674734059
homoscedastic,0,10.0,1.0,smoother_1,eu_agreement,0.355369521019293,0.9202627172903878
homoscedastic,0,10.0,1.0,smoother_1,acquisition_overlap,0.355369521019293,0.7425055818776162
homoscedastic,0,10.0,1.0,smoother_1,eu_group0,0.355369521019293,0.9202627172903878
homoscedastic,0,10.0,1.0,smoother_1,eu_group1,0.355369521019293,
homoscedastic,0,10.0,1.0,smoother_1,eu_id,0.355369521019293,0.9570732259820034
homoscedastic,0,10.0,1.0,smoother_1,eu_heldout,0.355369521019293,0.8589118694710287
homoscedastic,1,0.1,0.1,cka,eu_agreement,0.6517876228848145,0.9419356657192195
homoscedastic,1,0.1,0.1,cka,acquisition_overlap,0.6517876228848145,0.8528249356043897
homoscedastic,1,0.1,0.1,cka,eu_group0,0.6517876228848145,0.9419356657192195
homoscedastic,1,0.1,0.1,cka,eu_group1,0.6517876228848145,
homoscedastic,1,0.1,0.1,cka,eu_id,0.6517876228848145,0.9908673886137245
homoscedastic,1,0.1,0.1,cka,eu_heldout,0.6517876228848145,0.856305150653836
homoscedastic,1,0.1,0.1,mknn,eu_agreement,0.78,0.9012345679012346
homoscedastic,1,0.1,0.1,mknn,acquisition_overlap,0.78,0.9969088024959091
homoscedastic,1,0.1,0.1,mknn,eu_group0,0.78,0.9012345679012346
homoscedastic,1,0.1,0.1,mknn,eu_group1,0.78,
homoscedastic,1,0.1,0.1,mknn,eu_id,0.78,0.8518518518518517
homoscedastic,1,0.1,0.1,mknn,eu_heldout,0.78,0.9876543209876544
homoscedastic,1,0.1,0.1,predictivity,eu_agreement,0.006087073313743252,0.8615425398559954
homoscedastic,1,0.1,0.1,predictivity,acquisition_overlap,0.006087073313743252,0.7407548537172358
homoscedastic,1,0.1,0.1,predictivity,eu_group0,0.006087073313743252,0.8615425398559954
homoscedastic,1,0.1,0.1,predictivity,eu_group1,0.006087073313743252,
homoscedastic,1,0.1,0.1,predictivity,eu_id,0.006087073313743252,0.8369270387172527
homoscedastic,1,0.1,0.1,predictivity,eu_heldout,0.006087073313743252,0.713849533023539
homoscedastic,1,0.1,0.1,cca_type,eu_agreement,0.0013654787411976343,0.7217429126939475
homoscedastic,1,0.1,0.1,cca_type,acquisition_overlap,0.0013654787411976343,0.5583242384172624
homoscedastic,1,0.1,0.1,cca_type,eu_group0,0.0013654787411976343,0.7217429126939475
homoscedastic,1,0.1,0.1,cca_type,eu_group1,0.0013654787411976343,
homoscedastic,1,0.1,0.1,cca_type,eu_id,0.0013654787411976343,0.6238794669049376
homoscedastic,1,0.1,0.1,cca_type,eu_heldout,0.0013654787411976343,0.538248951839554
homoscedastic,1,0.1,0.1,smoother_001,eu_agreement,0.0426538893384365,0.5802469135802469
homoscedastic,1,0.1,0.1,smoother_001,acquisition_overlap,0.0426538893384365,0.44582257006028225
homoscedastic,1,0.1,0.1,smoother_001,eu_group0,0.0426538893384365,0.5802469135802469
homoscedastic,1,0.1,0.1,smoother_001,eu_group1,0.0426538893384365,
homoscedastic,1,0.1,0.1,smoother_001,eu_id,0.0426538893384365,0.4567901234567901
homoscedastic,1,0.1,0.1,smoother_001,eu_heldout,0.0426538893384365,0.4074074074074074
homoscedastic,1,0.1,0.1,smoother_1,eu_agreement,0.4023710666482262,0.9476967938415949
homoscedastic,1,0.1,0.1,smoother_1,acquisition_overlap,0.4023710666482262,0.8271762533175799
homoscedastic,1,0.1,0.1,smoother_1,eu_group0,0.4023710666482262,0.9476967938415949
homoscedastic,1,0.1,0.1,smoother_1,eu_group1,0.4023710666482262,
homoscedastic,1,0.1,0.1,smoother_1,eu_id,0.4023710666482262,0.8738502904253667
homoscedastic,1,0.1,0.1,smoother_1,eu_heldout,0.4023710666482262,0.8000037870091384
homoscedastic,1,0.1,0.25,cka,eu_agreement,0.6517876228848145,0.856305150653836
homoscedastic,1,0.1,0.25,cka,acquisition_overlap,0.6517876228848145,0.8175294675910751
homoscedastic,1,0.1,0.25,cka,eu_group0,0.6517876228848145,0.856305150653836
homoscedastic,1,0.1,0.25,cka,eu_group1,0.6517876228848145,
homoscedastic,1,0.1,0.25,cka,eu_id,0.6517876228848145,0.9419356657192195
homoscedastic,1,0.1,0.25,cka,eu_heldout,0.6517876228848145,0.856305150653836
homoscedastic,1,0.1,0.25,mknn,eu_agreement,0.78,0.8641975308641975
homoscedastic,1,0.1,0.25,mknn,acquisition_overlap,0.78,0.9875771574795098
homoscedastic,1,0.1,0.25,mknn,eu_group0,0.78,0.8641975308641975
homoscedastic,1,0.1,0.25,mknn,eu_group1,0.78,
homoscedastic,1,0.1,0.25,mknn,eu_id,0.78,0.7777777777777778
homoscedastic,1,0.1,0.25,mknn,eu_heldout,0.78,0.9876543209876544
homoscedastic,1,0.1,0.25,predictivity,eu_agreement,0.006087073313743252,0.9230812927028521
homoscedastic,1,0.1,0.25,predictivity,acquisition_overlap,0.006087073313743252,0.822529694440977
homoscedastic,1,0.1,0.25,predictivity,eu_group0,0.006087073313743252,0.9230812927028521
homoscedastic,1,0.1,0.25,predictivity,eu_group1,0.006087073313743252,
homoscedastic,1,0.1,0.25,predictivity,eu_id,0.006087073313743252,0.9230812927028521
homoscedastic,1,0.1,0.25,predictivity,eu_heldout,0.006087073313743252,0.713849533023539
homoscedastic,1,0.1,0.25,cca_type,eu_agreement,0.0013654787411976343,0.856305150653836
homoscedastic,1,0.1,0.25,cca_type,acquisition_overlap,0.0013654787411976343,0.6441141259808472
homoscedastic,1,0.1,0.25,cca_type,eu_group0,0.0013654787411976343,0.856305150653836
homoscedastic,1,0.1,0.25,cca_type,eu_group1,0.0013654787411976343,
homoscedastic,1,0.1,0.25,cca_type,eu_id,0.0013654787411976343,0.697277051246695
homoscedastic,1,0.1,0.25,cca_type,eu_heldout,0.0013654787411976343,0.538248951839554
homoscedastic,1,0.1,0.25,smoother_001,eu_agreement,0.0426538893384365,0.7654320987654321
homoscedastic,1,0.1,0.25,smoother_001,acquisition_overlap,0.0426538893384365,0.5875459038169236
homoscedastic,1,0.1,0.25,smoother_001,eu_group0,0.0426538893384365,0.7654320987654321
homoscedastic,1,0.1,0.25,smoother_001,eu_group1,0.0426538893384365,
homoscedastic,1,0.1,0.25,smoother_001,eu_id,0.0426538893384365,0.5925925925925926
homoscedastic,1,0.1,0.25,smoother_001,eu_heldout,0.0426538893384365,0.4074074074074074
homoscedastic,1,0.1,0.25,smoother_1,eu_agreement,0.4023710666482262,0.9846200455497092
homoscedastic,1,0.1,0.25,smoother_1,acquisition_overlap,0.4023710666482262,0.8848425500804451
homoscedastic,1,0.1,0.25,smoother_1,eu_group0,0.4023710666482262,0.9846200455497092
homoscedastic,1,0.1,0.25,smoother_1,eu_group1,0.4023710666482262,
homoscedastic,1,0.1,0.25,smoother_1,eu_id,0.4023710666482262,0.886158040994738
homoscedastic,1,0.1,0.25,smoother_1,eu_heldout,0.4023710666482262,0.8000037870091384
homoscedastic,1,0.1,1.0,cka,eu_agreement,0.6517876228848145,0.7951404970357048
homoscedastic,1,0.1,1.0,cka,acquisition_overlap,0.6517876228848145,0.8712312291785852
homoscedastic,1,0.1,1.0,cka,eu_group0,0.6517876228848145,0.7951404970357048
homoscedastic,1,0.1,1.0,cka,eu_group1,0.6517876228848145,
homoscedastic,1,0.1,1.0,cka,eu_id,0.6517876228848145,0.7584417048648262
homoscedastic,1,0.1,1.0,cka,eu_heldout,0.6517876228848145,0.856305150653836
homoscedastic,1,0.1,1.0,mknn,eu_agreement,0.78,0.802469135802469
homoscedastic,1,0.1,1.0,mknn,acquisition_overlap,0.78,0.9783328620767304
homoscedastic,1,0.1,1.0,mknn,eu_group0,0.78,0.802469135802469
homoscedastic,1,0.1,1.0,mknn,eu_group1,0.78,
homoscedastic,1,0.1,1.0,mknn,eu_id,0.78,0.7160493827160493
homoscedastic,1,0.1,1.0,mknn,eu_heldout,0.78,0.9876543209876544
homoscedastic,1,0.1,1.0,predictivity,eu_agreement,0.006087073313743252,0.886158040994738
homoscedastic,1,0.1,1.0,predictivity,acquisition_overlap,0.006087073313743252,0.7963114677460285
homoscedastic,1,0.1,1.0,predictivity,eu_group0,0.006087073313743252,0.886158040994738
homoscedastic,1,0.1,1.0,predictivity,eu_group1,0.006087073313743252,
homoscedastic,1,0.1,1.0,predictivity,eu_id,0.006087073313743252,0.9230812927028521
homoscedastic,1,0.1,1.0,predictivity,eu_heldout,0.006087073313743252,0.713849533023539
homoscedastic,1,0.1,1.0,cca_type,eu_agreement,0.0013654787411976343,0.917469804271967
homoscedastic,1,0.1,1.0,cca_type,acquisition_overlap,0.0013654787411976343,0.5399179448430669
homoscedastic,1,0.1,1.0,cca_type,eu_group0,0.0013654787411976343,0.917469804271967
homoscedastic,1,0.1,1.0,cca_type,eu_group1,0.0013654787411976343,
homoscedastic,1,0.1,1.0,cca_type,eu_id,0.0013654787411976343,0.9541685964428458
homoscedastic,1,0.1,1.0,cca_type,eu_heldout,0.0013654787411976343,0.538248951839554
homoscedastic,1,0.1,1.0,smoother_001,eu_agreement,0.0426538893384365,0.802469135802469
homoscedastic,1,0.1,1.0,smoother_001,acquisition_overlap,0.0426538893384365,0.4643985104794606
homoscedastic,1,0.1,1.0,smoother_001,eu_group0,0.0426538893384365,0.802469135802469
homoscedastic,1,0.1,1.0,smoother_001,eu_group1,0.0426538893384365,
homoscedastic,1,0.1,1.0,smoother_001,eu_id,0.0426538893384365,0.8641975308641975
homoscedastic,1,0.1,1.0,smoother_001,eu_heldout,0.0426538893384365,0.4074074074074074
homoscedastic,1,0.1,1.0,smoother_1,eu_agreement,0.4023710666482262,0.9230812927028521
homoscedastic,1,0.1,1.0,smoother_1,acquisition_overlap,0.4023710666482262,0.8456951246605109
homoscedastic,1,0.1,1.0,smoother_1,eu_group0,0.4023710666482262,0.9230812927028521
homoscedastic,1,0.1,1.0,smoother_1,eu_group1,0.4023710666482262,
homoscedastic,1,0.1,1.0,smoother_1,eu_id,0.4023710666482262,0.886158040994738
homoscedastic,1,0.1,1.0,smoother_1,eu_heldout,0.4023710666482262,0.8000037870091384
homoscedastic,1,1.0,0.1,cka,eu_agreement,0.6517876228848145,0.856305150653836
homoscedastic,1,1.0,0.1,cka,acquisition_overlap,0.6517876228848145,0.8175294675910751
homoscedastic,1,1.0,0.1,cka,eu_group0,0.6517876228848145,0.856305150653836
homoscedastic,1,1.0,0.1,cka,eu_group1,0.6517876228848145,
homoscedastic,1,1.0,0.1,cka,eu_id,0.6517876228848145,0.856305150653836
homoscedastic,1,1.0,0.1,cka,eu_heldout,0.6517876228848145,0.856305150653836
homoscedastic,1,1.0,0.1,mknn,eu_agreement,0.78,0.8641975308641975
homoscedastic,1,1.0,0.1,mknn,acquisition_overlap,0.78,0.9875771574795098
homoscedastic,1,1.0,0.1,mknn,eu_group0,0.78,0.8641975308641975
homoscedastic,1,1.0,0.1,mknn,eu_group1,0.78,
homoscedastic,1,1.0,0.1,mknn,eu_id,0.78,0.8641975308641975
homoscedastic,1,1.0,0.1,mknn,eu_heldout,0.78,0.9876543209876544
homoscedastic,1,1.0,0.1,predictivity,eu_agreement,0.006087073313743252,0.9230812927028521
homoscedastic,1,1.0,0.1,predictivity,acquisition_overlap,0.006087073313743252,0.822529694440977
homoscedastic,1,1.0,0.1,predictivity,eu_group0,0.006087073313743252,0.9230812927028521
homoscedastic,1,1.0,0.1,predictivity,eu_group1,0.006087073313743252,
homoscedastic,1,1.0,0.1,predictivity,eu_id,0.006087073313743252,0.9230812927028521
homoscedastic,1,1.0,0.1,predictivity,eu_heldout,0.006087073313743252,0.713849533023539
homoscedastic,1,1.0,0.1,cca_type,eu_agreement,0.0013654787411976343,0.856305150653836
homoscedastic,1,1.0,0.1,cca_type,acquisition_overlap,0.0013654787411976343,0.6441141259808472
homoscedastic,1,1.0,0.1,cca_type,eu_group0,0.0013654787411976343,0.856305150653836
homoscedastic,1,1.0,0.1,cca_type,eu_group1,0.0013654787411976343,
homoscedastic,1,1.0,0.1,cca_type,eu_id,0.0013654787411976343,0.856305150653836
homoscedastic,1,1.0,0.1,cca_type,eu_heldout,0.0013654787411976343,0.538248951839554
homoscedastic,1,1.0,0.1,smoother_001,eu_agreement,0.0426538893384365,0.7654320987654321
homoscedastic,1,1.0,0.1,smoother_001,acquisition_overlap,0.0426538893384365,0.5875459038169236
homoscedastic,1,1.0,0.1,smoother_001,eu_group0,0.0426538893384365,0.7654320987654321
homoscedastic,1,1.0,0.1,smoother_001,eu_group1,0.0426538893384365,
homoscedastic,1,1.0,0.1,smoother_001,eu_id,0.0426538893384365,0.7654320987654321
homoscedastic,1,1.0,0.1,smoother_001,eu_heldout,0.0426538893384365,0.4074074074074074
homoscedastic,1,1.0,0.1,smoother_1,eu_agreement,0.4023710666482262,0.9846200455497092
homoscedastic,1,1.0,0.1,smoother_1,acquisition_overlap,0.4023710666482262,0.8848425500804451
homoscedastic,1,1.0,0.1,smoother_1,eu_group0,0.4023710666482262,0.9846200455497092
homoscedastic,1,1.0,0.1,smoother_1,eu_group1,0.4023710666482262,
homoscedastic,1,1.0,0.1,smoother_1,eu_id,0.4023710666482262,0.9846200455497092
homoscedastic,1,1.0,0.1,smoother_1,eu_heldout,0.4023710666482262,0.8000037870091384
homoscedastic,1,1.0,0.25,cka,eu_agreement,0.6517876228848145,0.7584417048648262
homoscedastic,1,1.0,0.25,cka,acquisition_overlap,0.6517876228848145,0.8528249356043897
homoscedastic,1,1.0,0.25,cka,eu_group0,0.6517876228848145,0.7584417048648262
homoscedastic,1,1.0,0.25,cka,eu_group1,0.6517876228848145,
homoscedastic,1,1.0,0.25,cka,eu_id,0.6517876228848145,0.7706746355884525
homoscedastic,1,1.0,0.25,cka,eu_heldout,0.6517876228848145,0.8440722199302098
homoscedastic,1,1.0,0.25,mknn,eu_agreement,0.78,0.7160493827160493
homoscedastic,1,1.0,0.25,mknn,acquisition_overlap,0.78,0.9969088024959091
homoscedastic,1,1.0,0.25,mknn,eu_group0,0.78,0.7160493827160493
homoscedastic,1,1.0,0.25,mknn,eu_group1,0.78,
homoscedastic,1,1.0,0.25,mknn,eu_id,0.78,0.7037037037037037
homoscedastic,1,1.0,0.25,mknn,eu_heldout,0.78,1.0
homoscedastic,1,1.0,0.25,predictivity,eu_agreement,0.006087073313743252,0.9230812927028521
homoscedastic,1,1.0,0.25,predictivity,acquisition_overlap,0.006087073313743252,0.7407548537172358
homoscedastic,1,1.0,0.25,predictivity,eu_group0,0.006087073313743252,0.9230812927028521
homoscedastic,1,1.0,0.25,predictivity,eu_group1,0.006087073313743252,
homoscedastic,1,1.0,0.25,predictivity,eu_id,0.006087073313743252,0.9600045444109663
homoscedastic,1,1.0,0.25,predictivity,eu_heldout,0.006087073313743252,0.7630805353010245
homoscedastic,1,1.0,0.25,cca_type,eu_agreement,0.0013654787411976343,0.9541685964428458
homoscedastic,1,1.0,0.25,cca_type,acquisition_overlap,0.0013654787411976343,0.5583242384172624
homoscedastic,1,1.0,0.25,cca_type,eu_group0,0.0013654787411976343,0.9541685964428458
homoscedastic,1,1.0,0.25,cca_type,eu_group1,0.0013654787411976343,
homoscedastic,1,1.0,0.25,cca_type,eu_id,0.0013654787411976343,0.9419356657192195
homoscedastic,1,1.0,0.25,cca_type,eu_heldout,0.0013654787411976343,0.5749477440104327
homoscedastic,1,1.0,0.25,smoother_001,eu_agreement,0.0426538893384365,0.8641975308641975
homoscedastic,1,1.0,0.25,smoother_001,acquisition_overlap,0.0426538893384365,0.44582257006028225
homoscedastic,1,1.0,0.25,smoother_001,eu_group0,0.0426538893384365,0.8641975308641975
homoscedastic,1,1.0,0.25,smoother_001,eu_group1,0.0426538893384365,
homoscedastic,1,1.0,0.25,smoother_001,eu_id,0.0426538893384365,0.8765432098765431
homoscedastic,1,1.0,0.25,smoother_001,eu_heldout,0.0426538893384365,0.48148148148148145
homoscedastic,1,1.0,0.25,smoother_1,eu_agreement,0.4023710666482262,0.886158040994738
homoscedastic,1,1.0,0.25,smoother_1,acquisition_overlap,0.4023710666482262,0.8271762533175799
homoscedastic,1,1.0,0.25,smoother_1,eu_group0,0.4023710666482262,0.886158040994738
homoscedastic,1,1.0,0.25,smoother_1,eu_group1,0.4023710666482262,
homoscedastic,1,1.0,0.25,smoother_1,eu_id,0.4023710666482262,0.8984657915641096
homoscedastic,1,1.0,0.25,smoother_1,eu_heldout,0.4023710666482262,0.849234789286624
homoscedastic,1,1.0,1.0,cka,eu_agreement,0.6517876228848145,0.6605782590758164
homoscedastic,1,1.0,1.0,cka,acquisition_overlap,0.6517876228848145,0.8334762598987157
homoscedastic,1,1.0,1.0,cka,eu_group0,0.6517876228848145,0.6605782590758164
homoscedastic,1,1.0,1.0,cka,eu_group1,0.6517876228848145,
homoscedastic,1,1.0,1.0,cka,eu_id,0.6517876228848145,0.7584417048648262
homoscedastic,1,1.0,1.0,cka,eu_heldout,0.6517876228848145,0.856305150653836
homoscedastic,1,1.0,1.0,mknn,eu_agreement,0.78,0.8148148148148148
homoscedastic,1,1.0,1.0,mknn,acquisition_overlap,0.78,0.965774265380743
homoscedastic,1,1.0,1.0,mknn,eu_group0,0.78,0.8148148148148148
homoscedastic,1,1.0,1.0,mknn,eu_group1,0.78,
homoscedastic,1,1.0,1.0,mknn,eu_id,0.78,0.7160493827160493
homoscedastic,1,1.0,1.0,mknn,eu_heldout,0.78,0.9876543209876544
homoscedastic,1,1.0,1.0,predictivity,eu_agreement,0.006087073313743252,0.8246192881478813
homoscedastic,1,1.0,1.0,predictivity,acquisition_overlap,0.006087073313743252,0.7019175143393801
homoscedastic,1,1.0,1.0,predictivity,eu_group0,0.006087073313743252,0.8246192881478813
homoscedastic,1,1.0,1.0,predictivity,eu_group1,0.006087073313743252,
homoscedastic,1,1.0,1.0,predictivity,eu_id,0.006087073313743252,0.9230812927028521
homoscedastic,1,1.0,1.0,predictivity,eu_heldout,0.006087073313743252,0.713849533023539
homoscedastic,1,1.0,1.0,cca_type,eu_agreement,0.0013654787411976343,0.807373427759331
homoscedastic,1,1.0,1.0,cca_type,acquisition_overlap,0.0013654787411976343,0.574172534596893
homoscedastic,1,1.0,1.0,cca_type,eu_group0,0.0013654787411976343,0.807373427759331
homoscedastic,1,1.0,1.0,cca_type,eu_group1,0.0013654787411976343,
homoscedastic,1,1.0,1.0,cca_type,eu_id,0.0013654787411976343,0.9541685964428458
homoscedastic,1,1.0,1.0,cca_type,eu_heldout,0.0013654787411976343,0.538248951839554
homoscedastic,1,1.0,1.0,smoother_001,eu_agreement,0.0426538893384365,0.7654320987654321
homoscedastic,1,1.0,1.0,smoother_001,acquisition_overlap,0.0426538893384365,0.42992531813723395
homoscedastic,1,1.0,1.0,smoother_001,eu_group0,0.0426538893384365,0.7654320987654321
homoscedastic,1,1.0,1.0,smoother_001,eu_group1,0.0426538893384365,
homoscedastic,1,1.0,1.0,smoother_001,eu_id,0.0426538893384365,0.8641975308641975
homoscedastic,1,1.0,1.0,smoother_001,eu_heldout,0.0426538893384365,0.4074074074074074
homoscedastic,1,1.0,1.0,smoother_1,eu_agreement,0.4023710666482262,0.7876960364397672
homoscedastic,1,1.0,1.0,smoother_1,acquisition_overlap,0.4023710666482262,0.7764574273665709
homoscedastic,1,1.0,1.0,smoother_1,eu_group0,0.4023710666482262,0.7876960364397672
homoscedastic,1,1.0,1.0,smoother_1,eu_group1,0.4023710666482262,
homoscedastic,1,1.0,1.0,smoother_1,eu_id,0.4023710666482262,0.886158040994738
homoscedastic,1,1.0,1.0,smoother_1,eu_heldout,0.4023710666482262,0.8000037870091384
homoscedastic,1,10.0,0.1,cka,eu_agreement,0.6517876228848145,0.7951404970357048
homoscedastic,1,10.0,0.1,cka,acquisition_overlap,0.6517876228848145,0.759389481241052
homoscedastic,1,10.0,0.1,cka,eu_group0,0.6517876228848145,0.7951404970357048
homoscedastic,1,10.0,0.1,cka,eu_group1,0.6517876228848145,
homoscedastic,1,10.0,0.1,cka,eu_id,0.6517876228848145,0.7584417048648262
homoscedastic,1,10.0,0.1,cka,eu_heldout,0.6517876228848145,0.856305150653836
homoscedastic,1,10.0,0.1,mknn,eu_agreement,0.78,0.802469135802469
homoscedastic,1,10.0,0.1,mknn,acquisition_overlap,0.78,0.9159278516836723
homoscedastic,1,10.0,0.1,mknn,eu_group0,0.78,0.802469135802469
homoscedastic,1,10.0,0.1,mknn,eu_group1,0.78,
homoscedastic,1,10.0,0.1,mknn,eu_id,0.78,0.7160493827160493
homoscedastic,1,10.0,0.1,mknn,eu_heldout,0.78,0.9876543209876544
homoscedastic,1,10.0,0.1,predictivity,eu_agreement,0.006087073313743252,0.886158040994738
homoscedastic,1,10.0,0.1,predictivity,acquisition_overlap,0.006087073313743252,0.7143408331772453
homoscedastic,1,10.0,0.1,predictivity,eu_group0,0.006087073313743252,0.886158040994738
homoscedastic,1,10.0,0.1,predictivity,eu_group1,0.006087073313743252,
homoscedastic,1,10.0,0.1,predictivity,eu_id,0.006087073313743252,0.9230812927028521
homoscedastic,1,10.0,0.1,predictivity,eu_heldout,0.006087073313743252,0.713849533023539
homoscedastic,1,10.0,0.1,cca_type,eu_agreement,0.0013654787411976343,0.917469804271967
homoscedastic,1,10.0,0.1,cca_type,acquisition_overlap,0.0013654787411976343,0.6729549061404445
homoscedastic,1,10.0,0.1,cca_type,eu_group0,0.0013654787411976343,0.917469804271967
homoscedastic,1,10.0,0.1,cca_type,eu_group1,0.0013654787411976343,
homoscedastic,1,10.0,0.1,cca_type,eu_id,0.0013654787411976343,0.9541685964428458
homoscedastic,1,10.0,0.1,cca_type,eu_heldout,0.0013654787411976343,0.538248951839554
homoscedastic,1,10.0,0.1,smoother_001,eu_agreement,0.0426538893384365,0.802469135802469
homoscedastic,1,10.0,0.1,smoother_001,acquisition_overlap,0.0426538893384365,0.5420797489556428
homoscedastic,1,10.0,0.1,smoother_001,eu_group0,0.0426538893384365,0.802469135802469
homoscedastic,1,10.0,0.1,smoother_001,eu_group1,0.0426538893384365,
homoscedastic,1,10.0,0.1,smoother_001,eu_id,0.0426538893384365,0.8641975308641975
homoscedastic,1,10.0,0.1,smoother_001,eu_heldout,0.0426538893384365,0.4074074074074074
homoscedastic,1,10.0,0.1,smoother_1,eu_agreement,0.4023710666482262,0.9230812927028521
homoscedastic,1,10.0,0.1,smoother_1,acquisition_overlap,0.4023710666482262,0.7640341085287058
homoscedastic,1,10.0,0.1,smoother_1,eu_group0,0.4023710666482262,0.9230812927028521
homoscedastic,1,10.0,0.1,smoother_1,eu_group1,0.4023710666482262,
homoscedastic,1,10.0,0.1,smoother_1,eu_id,0.4023710666482262,0.886158040994738
homoscedastic,1,10.0,0.1,smoother_1,eu_heldout,0.4023710666482262,0.8000037870091384
homoscedastic,1,10.0,0.25,cka,eu_agreement,0.6517876228848145,0.7951404970357048
homoscedastic,1,10.0,0.25,cka,acquisition_overlap,0.6517876228848145,0.7706746355884525
homoscedastic,1,10.0,0.25,cka,eu_group0,0.6517876228848145,0.7951404970357048
homoscedastic,1,10.0,0.25,cka,eu_group1,0.6517876228848145,
homoscedastic,1,10.0,0.25,cka,eu_id,0.6517876228848145,0.7706746355884525
homoscedastic,1,10.0,0.25,cka,eu_heldout,0.6517876228848145,0.8440722199302098
homoscedastic,1,10.0,0.25,mknn,eu_agreement,0.78,0.802469135802469
homoscedastic,1,10.0,0.25,mknn,acquisition_overlap,0.78,0.9506172839506172
homoscedastic,1,10.0,0.25,mknn,eu_group0,0.78,0.802469135802469
homoscedastic,1,10.0,0.25,mknn,eu_group1,0.78,
homoscedastic,1,10.0,0.25,mknn,eu_id,0.78,0.7037037037037037
homoscedastic,1,10.0,0.25,mknn,eu_heldout,0.78,1.0
homoscedastic,1,10.0,0.25,predictivity,eu_agreement,0.006087073313743252,0.886158040994738
homoscedastic,1,10.0,0.25,predictivity,acquisition_overlap,0.006087073313743252,0.8615425398559954
homoscedastic,1,10.0,0.25,predictivity,eu_group0,0.006087073313743252,0.886158040994738
homoscedastic,1,10.0,0.25,predictivity,eu_group1,0.006087073313743252,
homoscedastic,1,10.0,0.25,predictivity,eu_id,0.006087073313743252,0.9600045444109663
homoscedastic,1,10.0,0.25,predictivity,eu_heldout,0.006087073313743252,0.7630805353010245
homoscedastic,1,10.0,0.25,cca_type,eu_agreement,0.0013654787411976343,0.917469804271967
homoscedastic,1,10.0,0.25,cca_type,acquisition_overlap,0.0013654787411976343,0.697277051246695
homoscedastic,1,10.0,0.25,cca_type,eu_group0,0.0013654787411976343,0.917469804271967
homoscedastic,1,10.0,0.25,cca_type,eu_group1,0.0013654787411976343,
homoscedastic,1,10.0,0.25,cca_type,eu_id,0.0013654787411976343,0.9419356657192195
homoscedastic,1,10.0,0.25,cca_type,eu_heldout,0.0013654787411976343,0.5749477440104327
homoscedastic,1,10.0,0.25,smoother_001,eu_agreement,0.0426538893384365,0.802469135802469
homoscedastic,1,10.0,0.25,smoother_001,acquisition_overlap,0.0426538893384365,0.6790123456790123
homoscedastic,1,10.0,0.25,smoother_001,eu_group0,0.0426538893384365,0.802469135802469
homoscedastic,1,10.0,0.25,smoother_001,eu_group1,0.0426538893384365,
homoscedastic,1,10.0,0.25,smoother_001,eu_id,0.0426538893384365,0.8765432098765431
homoscedastic,1,10.0,0.25,smoother_001,eu_heldout,0.0426538893384365,0.48148148148148145
homoscedastic,1,10.0,0.25,smoother_1,eu_agreement,0.4023710666482262,0.9230812927028521
homoscedastic,1,10.0,0.25,smoother_1,acquisition_overlap,0.4023710666482262,0.8984657915641096
homoscedastic,1,10.0,0.25,smoother_1,eu_group0,0.4023710666482262,0.9230812927028521
homoscedastic,1,10.0,0.25,smoother_1,eu_group1,0.4023710666482262,
homoscedastic,1,10.0,0.25,smoother_1,eu_id,0.4023710666482262,0.8984657915641096
homoscedastic,1,10.0,0.25,smoother_1,eu_heldout,0.4023710666482262,0.849234789286624
homoscedastic,1,10.0,1.0,cka,eu_agreement,0.6517876228848145,0.697277051246695
homoscedastic,1,10.0,1.0,cka,acquisition_overlap,0.6517876228848145,0.8334762598987157
homoscedastic,1,10.0,1.0,cka,eu_group0,0.6517876228848145,0.697277051246695
homoscedastic,1,10.0,1.0,cka,eu_group1,0.6517876228848145,
homoscedastic,1,10.0,1.0,cka,eu_id,0.6517876228848145,0.7951404970357048
homoscedastic,1,10.0,1.0,cka,eu_heldout,0.6517876228848145,0.8440722199302098
homoscedastic,1,10.0,1.0,mknn,eu_agreement,0.78,0.9012345679012346
homoscedastic,1,10.0,1.0,mknn,acquisition_overlap,0.78,0.965774265380743
homoscedastic,1,10.0,1.0,mknn,eu_group0,0.78,0.9012345679012346
homoscedastic,1,10.0,1.0,mknn,eu_group1,0.78,
homoscedastic,1,10.0,1.0,mknn,eu_id,0.78,0.802469135802469
homoscedastic,1,10.0,1.0,mknn,eu_heldout,0.78,1.0
homoscedastic,1,10.0,1.0,predictivity,eu_agreement,0.006087073313743252,0.7876960364397672
homoscedastic,1,10.0,1.0,predictivity,acquisition_overlap,0.006087073313743252,0.7019175143393801
homoscedastic,1,10.0,1.0,predictivity,eu_group0,0.006087073313743252,0.7876960364397672
homoscedastic,1,10.0,1.0,predictivity,eu_group1,0.006087073313743252,
homoscedastic,1,10.0,1.0,predictivity,eu_id,0.006087073313743252,0.886158040994738
homoscedastic,1,10.0,1.0,predictivity,eu_heldout,0.006087073313743252,0.7630805353010245
homoscedastic,1,10.0,1.0,cca_type,eu_agreement,0.0013654787411976343,0.7706746355884525
homoscedastic,1,10.0,1.0,cca_type,acquisition_overlap,0.0013654787411976343,0.574172534596893
homoscedastic,1,10.0,1.0,cca_type,eu_group0,0.0013654787411976343,0.7706746355884525
homoscedastic,1,10.0,1.0,cca_type,eu_group1,0.0013654787411976343,
homoscedastic,1,10.0,1.0,cca_type,eu_id,0.0013654787411976343,0.917469804271967
homoscedastic,1,10.0,1.0,cca_type,eu_heldout,0.0013654787411976343,0.5749477440104327
homoscedastic,1,10.0,1.0,smoother_001,eu_agreement,0.0426538893384365,0.7037037037037037
homoscedastic,1,10.0,1.0,smoother_001,acquisition_overlap,0.0426538893384365,0.42992531813723395
homoscedastic,1,10.0,1.0,smoother_001,eu_group0,0.0426538893384365,0.7037037037037037
homoscedastic,1,10.0,1.0,smoother_001,eu_group1,0.0426538893384365,
homoscedastic,1,10.0,1.0,smoother_001,eu_id,0.0426538893384365,0.802469135802469
homoscedastic,1,10.0,1.0,smoother_001,eu_heldout,0.0426538893384365,0.48148148148148145
homoscedastic,1,10.0,1.0,smoother_1,eu_agreement,0.4023710666482262,0.8246192881478813
homoscedastic,1,10.0,1.0,smoother_1,acquisition_overlap,0.4023710666482262,0.7764574273665709
homoscedastic,1,10.0,1.0,smoother_1,eu_group0,0.4023710666482262,0.8246192881478813
homoscedastic,1,10.0,1.0,smoother_1,eu_group1,0.4023710666482262,
homoscedastic,1,10.0,1.0,smoother_1,eu_id,0.4023710666482262,0.9230812927028521
homoscedastic,1,10.0,1.0,smoother_1,eu_heldout,0.4023710666482262,0.849234789286624
homoscedastic,2,0.1,0.1,cka,eu_agreement,0.7222245337731901,0.9570732259820034
homoscedastic,2,0.1,0.1,cka,acquisition_overlap,0.7222245337731901,0.8466416999071569
homoscedastic,2,0.1,0.1,cka,eu_group0,0.7222245337731901,0.9570732259820034
homoscedastic,2,0.1,0.1,cka,eu_group1,0.7222245337731901,
homoscedastic,2,0.1,0.1,cka,eu_id,0.7222245337731901,0.8589118694710287
homoscedastic,2,0.1,0.1,cka,eu_heldout,0.7222245337731901,0.9570732259820034
homoscedastic,2,0.1,0.1,mknn,eu_agreement,0.8059999999999999,0.9629629629629629
homoscedastic,2,0.1,0.1,mknn,acquisition_overlap,0.8059999999999999,0.8518518518518517
homoscedastic,2,0.1,0.1,mknn,eu_group0,0.8059999999999999,0.9629629629629629
homoscedastic,2,0.1,0.1,mknn,eu_group1,0.8059999999999999,
homoscedastic,2,0.1,0.1,mknn,eu_id,0.8059999999999999,0.8641975308641975
homoscedastic,2,0.1,0.1,mknn,eu_heldout,0.8059999999999999,0.9629629629629629
homoscedastic,2,0.1,0.1,predictivity,eu_agreement,0.005072790864493859,0.8984657915641096
homoscedastic,2,0.1,0.1,predictivity,acquisition_overlap,0.005072790864493859,0.7876960364397672
homoscedastic,2,0.1,0.1,predictivity,eu_group0,0.005072790864493859,0.8984657915641096
homoscedastic,2,0.1,0.1,predictivity,eu_group1,0.005072790864493859,
homoscedastic,2,0.1,0.1,predictivity,eu_id,0.005072790864493859,0.8000037870091384
homoscedastic,2,0.1,0.1,predictivity,eu_heldout,0.005072790864493859,0.8984657915641096
homoscedastic,2,0.1,0.1,cca_type,eu_agreement,0.001100862700956995,0.6728111897994424
homoscedastic,2,0.1,0.1,cca_type,acquisition_overlap,0.001100862700956995,0.7584417048648262
homoscedastic,2,0.1,0.1,cca_type,eu_group0,0.001100862700956995,0.6728111897994424
homoscedastic,2,0.1,0.1,cca_type,eu_group1,0.001100862700956995,
homoscedastic,2,0.1,0.1,cca_type,eu_id,0.001100862700956995,0.7706746355884525
homoscedastic,2,0.1,0.1,cca_type,eu_heldout,0.001100862700956995,0.6728111897994424
homoscedastic,2,0.1,0.1,smoother_001,eu_agreement,0.05374463969619625,0.7730206825239259
homoscedastic,2,0.1,0.1,smoother_001,acquisition_overlap,0.05374463969619625,0.6625891564490793
homoscedastic,2,0.1,0.1,smoother_001,eu_group0,0.05374463969619625,0.7730206825239259
homoscedastic,2,0.1,0.1,smoother_001,eu_group1,0.05374463969619625,
homoscedastic,2,0.1,0.1,smoother_001,eu_id,0.05374463969619625,0.6748593260129511
homoscedastic,2,0.1,0.1,smoother_001,eu_heldout,0.05374463969619625,0.7730206825239259
homoscedastic,2,0.1,0.1,smoother_1,eu_agreement,0.44321211281951756,0.993883734673619
homoscedastic,2,0.1,0.1,smoother_1,acquisition_overlap,0.44321211281951756,0.8834522085987724
homoscedastic,2,0.1,0.1,smoother_1,eu_group0,0.44321211281951756,0.993883734673619
homoscedastic,2,0.1,0.1,smoother_1,eu_group1,0.44321211281951756,
homoscedastic,2,0.1,0.1,smoother_1,eu_id,0.44321211281951756,0.8957223781626442
homoscedastic,2,0.1,0.1,smoother_1,eu_heldout,0.44321211281951756,0.993883734673619
homoscedastic,2,0.1,0.25,cka,eu_agreement,0.7222245337731901,0.9570732259820034
homoscedastic,2,0.1,0.25,cka,acquisition_overlap,0.7222245337731901,0.9312781874397218
homoscedastic,2,0.1,0.25,cka,eu_group0,0.7222245337731901,0.9570732259820034
homoscedastic,2,0.1,0.25,cka,eu_group1,0.7222245337731901,
homoscedastic,2,0.1,0.25,cka,eu_id,0.7222245337731901,0.8589118694710287
homoscedastic,2,0.1,0.25,cka,eu_heldout,0.7222245337731901,0.9570732259820034
homoscedastic,2,0.1,0.25,mknn,eu_agreement,0.8059999999999999,0.9629629629629629
homoscedastic,2,0.1,0.25,mknn,acquisition_overlap,0.8059999999999999,0.9370091842236897
homoscedastic,2,0.1,0.25,mknn,eu_group0,0.8059999999999999,0.9629629629629629
homoscedastic,2,0.1,0.25,mknn,eu_group1,0.8059999999999999,
homoscedastic,2,0.1,0.25,mknn,eu_id,0.8059999999999999,0.8641975308641975
homoscedastic,2,0.1,0.25,mknn,eu_heldout,0.8059999999999999,0.9629629629629629
homoscedastic,2,0.1,0.25,predictivity,eu_agreement,0.005072790864493859,0.8984657915641096
homoscedastic,2,0.1,0.25,predictivity,acquisition_overlap,0.005072790864493859,0.8710135752301456
homoscedastic,2,0.1,0.25,predictivity,eu_group0,0.005072790864493859,0.8984657915641096
homoscedastic,2,0.1,0.25,predictivity,eu_group1,0.005072790864493859,
homoscedastic,2,0.1,0.25,predictivity,eu_id,0.005072790864493859,0.8000037870091384
homoscedastic,2,0.1,0.25,predictivity,eu_heldout,0.005072790864493859,0.8984657915641096
homoscedastic,2,0.1,0.25,cca_type,eu_agreement,0.001100862700956995,0.6728111897994424
homoscedastic,2,0.1,0.25,cca_type,acquisition_overlap,0.001100862700956995,0.7402521454763437
homoscedastic,2,0.1,0.25,cca_type,eu_group0,0.001100862700956995,0.6728111897994424
homoscedastic,2,0.1,0.25,cca_type,eu_group1,0.001100862700956995,
homoscedastic,2,0.1,0.25,cca_type,eu_id,0.001100862700956995,0.7706746355884525
homoscedastic,2,0.1,0.25,cca_type,eu_heldout,0.001100862700956995,0.6728111897994424
homoscedastic,2,0.1,0.25,smoother_001,eu_agreement,0.05374463969619625,0.7730206825239259
homoscedastic,2,0.1,0.25,smoother_001,acquisition_overlap,0.05374463969619625,0.7425055818776162
homoscedastic,2,0.1,0.25,smoother_001,eu_group0,0.05374463969619625,0.7730206825239259
homoscedastic,2,0.1,0.25,smoother_001,eu_group1,0.05374463969619625,
homoscedastic,2,0.1,0.25,smoother_001,eu_id,0.05374463969619625,0.6748593260129511
homoscedastic,2,0.1,0.25,smoother_001,eu_heldout,0.05374463969619625,0.7730206825239259
homoscedastic,2,0.1,0.25,smoother_1,eu_agreement,0.44321211281951756,0.993883734673619
homoscedastic,2,0.1,0.25,smoother_1,acquisition_overlap,0.44321211281951756,0.9690327085521431
homoscedastic,2,0.1,0.25,smoother_1,eu_group0,0.44321211281951756,0.993883734673619
homoscedastic,2,0.1,0.25,smoother_1,eu_group1,0.44321211281951756,
homoscedastic,2,0.1,0.25,smoother_1,eu_id,0.44321211281951756,0.8957223781626442
homoscedastic,2,0.1,0.25,smoother_1,eu_heldout,0.44321211281951756,0.993883734673619
homoscedastic,2,0.1,1.0,cka,eu_agreement,0.7222245337731901,0.9570732259820034
homoscedastic,2,0.1,1.0,cka,acquisition_overlap,0.7222245337731901,0.9280036733712484
homoscedastic,2,0.1,1.0,cka,eu_group0,0.7222245337731901,0.9570732259820034
homoscedastic,2,0.1,1.0,cka,eu_group1,0.7222245337731901,
homoscedastic,2,0.1,1.0,cka,eu_id,0.7222245337731901,0.9570732259820034
homoscedastic,2,0.1,1.0,cka,eu_heldout,0.7222245337731901,0.9570732259820034
homoscedastic,2,0.1,1.0,mknn,eu_agreement,0.8059999999999999,0.9629629629629629
homoscedastic,2,0.1,1.0,mknn,acquisition_overlap,0.8059999999999999,0.9337145191092148
homoscedastic,2,0.1,1.0,mknn,eu_group0,0.8059999999999999,0.9629629629629629
homoscedastic,2,0.1,1.0,mknn,eu_group1,0.8059999999999999,
homoscedastic,2,0.1,1.0,mknn,eu_id,0.8059999999999999,0.9629629629629629
homoscedastic,2,0.1,1.0,mknn,eu_heldout,0.8059999999999999,0.9629629629629629
homoscedastic,2,0.1,1.0,predictivity,eu_agreement,0.005072790864493859,0.8984657915641096
homoscedastic,2,0.1,1.0,predictivity,acquisition_overlap,0.005072790864493859,0.8675231034719135
homoscedastic,2,0.1,1.0,predictivity,eu_group0,0.005072790864493859,0.8984657915641096
homoscedastic,2,0.1,1.0,predictivity,eu_group1,0.005072790864493859,
homoscedastic,2,0.1,1.0,predictivity,eu_id,0.005072790864493859,0.8984657915641096
homoscedastic,2,0.1,1.0,predictivity,eu_heldout,0.005072790864493859,0.8984657915641096
homoscedastic,2,0.1,1.0,cca_type,eu_agreement,0.001100862700956995,0.6728111897994424
homoscedastic,2,0.1,1.0,cca_type,acquisition_overlap,0.001100862700956995,0.7363735392481269
homoscedastic,2,0.1,1.0,cca_type,eu_group0,0.001100862700956995,0.6728111897994424
homoscedastic,2,0.1,1.0,cca_type,eu_group1,0.001100862700956995,
homoscedastic,2,0.1,1.0,cca_type,eu_id,0.001100862700956995,0.6728111897994424
homoscedastic,2,0.1,1.0,cca_type,eu_heldout,0.001100862700956995,0.6728111897994424
homoscedastic,2,0.1,1.0,smoother_001,eu_agreement,0.05374463969619625,0.7730206825239259
homoscedastic,2,0.1,1.0,smoother_001,acquisition_overlap,0.05374463969619625,0.7386151686016059
homoscedastic,2,0.1,1.0,smoother_001,eu_group0,0.05374463969619625,0.7730206825239259
homoscedastic,2,0.1,1.0,smoother_001,eu_group1,0.05374463969619625,
homoscedastic,2,0.1,1.0,smoother_001,eu_id,0.05374463969619625,0.7730206825239259
homoscedastic,2,0.1,1.0,smoother_001,eu_heldout,0.05374463969619625,0.7730206825239259
homoscedastic,2,0.1,1.0,smoother_1,eu_agreement,0.44321211281951756,0.993883734673619
homoscedastic,2,0.1,1.0,smoother_1,acquisition_overlap,0.44321211281951756,0.965881374325177
homoscedastic,2,0.1,1.0,smoother_1,eu_group0,0.44321211281951756,0.993883734673619
homoscedastic,2,0.1,1.0,smoother_1,eu_group1,0.44321211281951756,
homoscedastic,2,0.1,1.0,smoother_1,eu_id,0.44321211281951756,0.993883734673619
homoscedastic,2,0.1,1.0,smoother_1,eu_heldout,0.44321211281951756,0.993883734673619
homoscedastic,2,1.0,0.1,cka,eu_agreement,0.7222245337731901,0.9570732259820034
homoscedastic,2,1.0,0.1,cka,acquisition_overlap,0.7222245337731901,0.9538867936758638
homoscedastic,2,1.0,0.1,cka,eu_group0,0.7222245337731901,0.9570732259820034
homoscedastic,2,1.0,0.1,cka,eu_group1,0.7222245337731901,
homoscedastic,2,1.0,0.1,cka,eu_id,0.7222245337731901,0.8589118694710287
homoscedastic,2,1.0,0.1,cka,eu_heldout,0.7222245337731901,0.9570732259820034
homoscedastic,2,1.0,0.1,mknn,eu_agreement,0.8059999999999999,0.9629629629629629
homoscedastic,2,1.0,0.1,mknn,acquisition_overlap,0.8059999999999999,0.9597569216575521
homoscedastic,2,1.0,0.1,mknn,eu_group0,0.8059999999999999,0.9629629629629629
homoscedastic,2,1.0,0.1,mknn,eu_group1,0.8059999999999999,
homoscedastic,2,1.0,0.1,mknn,eu_id,0.8059999999999999,0.8641975308641975
homoscedastic,2,1.0,0.1,mknn,eu_heldout,0.8059999999999999,0.9629629629629629
homoscedastic,2,1.0,0.1,predictivity,eu_agreement,0.005072790864493859,0.8984657915641096
homoscedastic,2,1.0,0.1,predictivity,acquisition_overlap,0.005072790864493859,0.8950787815749933
homoscedastic,2,1.0,0.1,predictivity,eu_group0,0.005072790864493859,0.8984657915641096
homoscedastic,2,1.0,0.1,predictivity,eu_group1,0.005072790864493859,
homoscedastic,2,1.0,0.1,predictivity,eu_id,0.005072790864493859,0.8000037870091384
homoscedastic,2,1.0,0.1,predictivity,eu_heldout,0.005072790864493859,0.8984657915641096
homoscedastic,2,1.0,0.1,cca_type,eu_agreement,0.001100862700956995,0.6728111897994424
homoscedastic,2,1.0,0.1,cca_type,acquisition_overlap,0.001100862700956995,0.6687619998624351
homoscedastic,2,1.0,0.1,cca_type,eu_group0,0.001100862700956995,0.6728111897994424
homoscedastic,2,1.0,0.1,cca_type,eu_group1,0.001100862700956995,
homoscedastic,2,1.0,0.1,cca_type,eu_id,0.001100862700956995,0.7706746355884525
homoscedastic,2,1.0,0.1,cca_type,eu_heldout,0.001100862700956995,0.6728111897994424
homoscedastic,2,1.0,0.1,smoother_001,eu_agreement,0.05374463969619625,0.7730206825239259
homoscedastic,2,1.0,0.1,smoother_001,acquisition_overlap,0.05374463969619625,0.7692635432869869
homoscedastic,2,1.0,0.1,smoother_001,eu_group0,0.05374463969619625,0.7730206825239259
homoscedastic,2,1.0,0.1,smoother_001,eu_group1,0.05374463969619625,
homoscedastic,2,1.0,0.1,smoother_001,eu_id,0.05374463969619625,0.6748593260129511
homoscedastic,2,1.0,0.1,smoother_001,eu_heldout,0.05374463969619625,0.7730206825239259
homoscedastic,2,1.0,0.1,smoother_1,eu_agreement,0.44321211281951756,0.993883734673619
homoscedastic,2,1.0,0.1,smoother_1,acquisition_overlap,0.44321211281951756,0.9908114437536393
homoscedastic,2,1.0,0.1,smoother_1,eu_group0,0.44321211281951756,0.993883734673619
homoscedastic,2,1.0,0.1,smoother_1,eu_group1,0.44321211281951756,
homoscedastic,2,1.0,0.1,smoother_1,eu_id,0.44321211281951756,0.8957223781626442
homoscedastic,2,1.0,0.1,smoother_1,eu_heldout,0.44321211281951756,0.993883734673619
homoscedastic,2,1.0,0.25,cka,eu_agreement,0.7222245337731901,0.9570732259820034
homoscedastic,2,1.0,0.25,cka,acquisition_overlap,0.7222245337731901,0.8466416999071569
homoscedastic,2,1.0,0.25,cka,eu_group0,0.7222245337731901,0.9570732259820034
homoscedastic,2,1.0,0.25,cka,eu_group1,0.7222245337731901,
homoscedastic,2,1.0,0.25,cka,eu_id,0.7222245337731901,0.8589118694710287
homoscedastic,2,1.0,0.25,cka,eu_heldout,0.7222245337731901,0.9570732259820034
homoscedastic,2,1.0,0.25,mknn,eu_agreement,0.8059999999999999,0.9629629629629629
homoscedastic,2,1.0,0.25,mknn,acquisition_overlap,0.8059999999999999,0.8518518518518517
homoscedastic,2,1.0,0.25,mknn,eu_group0,0.8059999999999999,0.9629629629629629
homoscedastic,2,1.0,0.25,mknn,eu_group1,0.8059999999999999,
homoscedastic,2,1.0,0.25,mknn,eu_id,0.8059999999999999,0.8641975308641975
homoscedastic,2,1.0,0.25,mknn,eu_heldout,0.8059999999999999,0.9629629629629629
homoscedastic,2,1.0,0.25,predictivity,eu_agreement,0.005072790864493859,0.8984657915641096
homoscedastic,2,1.0,0.25,predictivity,acquisition_overlap,0.005072790864493859,0.7876960364397672
homoscedastic,2,1.0,0.25,predictivity,eu_group0,0.005072790864493859,0.8984657915641096
homoscedastic,2,1.0,0.25,predictivity,eu_group1,0.005072790864493859,
homoscedastic,2,1.0,0.25,predictivity,eu_id,0.005072790864493859,0.8000037870091384
homoscedastic,2,1.0,0.25,predictivity,eu_heldout,0.005072790864493859,0.8984657915641096
homoscedastic,2,1.0,0.25,cca_type,eu_agreement,0.001100862700956995,0.6728111897994424
homoscedastic,2,1.0,0.25,cca_type,acquisition_overlap,0.001100862700956995,0.7584417048648262
homoscedastic,2,1.0,0.25,cca_type,eu_group0,0.001100862700956995,0.6728111897994424
homoscedastic,2,1.0,0.25,cca_type,eu_group1,0.001100862700956995,
homoscedastic,2,1.0,0.25,cca_type,eu_id,0.001100862700956995,0.7706746355884525
homoscedastic,2,1.0,0.25,cca_type,eu_heldout,0.001100862700956995,0.6728111897994424
homoscedastic,2,1.0,0.25,smoother_001,eu_agreement,0.05374463969619625,0.7730206825239259
homoscedastic,2,1.0,0.25,smoother_001,acquisition_overlap,0.05374463969619625,0.6625891564490793
homoscedastic,2,1.0,0.25,smoother_001,eu_group0,0.05374463969619625,0.7730206825239259
homoscedastic,2,1.0,0.25,smoother_001,eu_group1,0.05374463969619625,
homoscedastic,2,1.0,0.25,smoother_001,eu_id,0.05374463969619625,0.6748593260129511
homoscedastic,2,1.0,0.25,smoother_001,eu_heldout,0.05374463969619625,0.7730206825239259
homoscedastic,2,1.0,0.25,smoother_1,eu_agreement,0.44321211281951756,0.993883734673619
homoscedastic,2,1.0,0.25,smoother_1,acquisition_overlap,0.44321211281951756,0.8834522085987724
homoscedastic,2,1.0,0.25,smoother_1,eu_group0,0.44321211281951756,0.993883734673619
homoscedastic,2,1.0,0.25,smoother_1,eu_group1,0.44321211281951756,
homoscedastic,2,1.0,0.25,smoother_1,eu_id,0.44321211281951756,0.8957223781626442
homoscedastic,2,1.0,0.25,smoother_1,eu_heldout,0.44321211281951756,0.993883734673619
homoscedastic,2,1.0,1.0,cka,eu_agreement,0.7222245337731901,0.9570732259820034
homoscedastic,2,1.0,1.0,cka,acquisition_overlap,0.7222245337731901,0.9312781874397218
homoscedastic,2,1.0,1.0,cka,eu_group0,0.7222245337731901,0.9570732259820034
homoscedastic,2,1.0,1.0,cka,eu_group1,0.7222245337731901,
homoscedastic,2,1.0,1.0,cka,eu_id,0.7222245337731901,0.8589118694710287
homoscedastic,2,1.0,1.0,cka,eu_heldout,0.7222245337731901,0.9570732259820034
homoscedastic,2,1.0,1.0,mknn,eu_agreement,0.8059999999999999,0.9629629629629629
homoscedastic,2,1.0,1.0,mknn,acquisition_overlap,0.8059999999999999,0.9370091842236897
homoscedastic,2,1.0,1.0,mknn,eu_group0,0.8059999999999999,0.9629629629629629
homoscedastic,2,1.0,1.0,mknn,eu_group1,0.8059999999999999,
homoscedastic,2,1.0,1.0,mknn,eu_id,0.8059999999999999,0.8641975308641975
homoscedastic,2,1.0,1.0,mknn,eu_heldout,0.8059999999999999,0.9629629629629629
homoscedastic,2,1.0,1.0,predictivity,eu_agreement,0.005072790864493859,0.8984657915641096
homoscedastic,2,1.0,1.0,predictivity,acquisition_overlap,0.005072790864493859,0.8710135752301456
homoscedastic,2,1.0,1.0,predictivity,eu_group0,0.005072790864493859,0.8984657915641096
homoscedastic,2,1.0,1.0,predictivity,eu_group1,0.005072790864493859,
homoscedastic,2,1.0,1.0,predictivity,eu_id,0.005072790864493859,0.8000037870091384
homoscedastic,2,1.0,1.0,predictivity,eu_heldout,0.005072790864493859,0.8984657915641096
homoscedastic,2,1.0,1.0,cca_type,eu_agreement,0.001100862700956995,0.6728111897994424
homoscedastic,2,1.0,1.0,cca_type,acquisition_overlap,0.001100862700956995,0.7402521454763437
homoscedastic,2,1.0,1.0,cca_type,eu_group0,0.001100862700956995,0.6728111897994424
homoscedastic,2,1.0,1.0,cca_type,eu_group1,0.001100862700956995,
homoscedastic,2,1.0,1.0,cca_type,eu_id,0.001100862700956995,0.7706746355884525
homoscedastic,2,1.0,1.0,cca_type,eu_heldout,0.001100862700956995,0.6728111897994424
homoscedastic,2,1.0,1.0,smoother_001,eu_agreement,0.05374463969619625,0.7730206825239259
homoscedastic,2,1.0,1.0,smoother_001,acquisition_overlap,0.05374463969619625,0.7425055818776162
homoscedastic,2,1.0,1.0,smoother_001,eu_group0,0.05374463969619625,0.7730206825239259
homoscedastic,2,1.0,1.0,smoother_001,eu_group1,0.05374463969619625,
homoscedastic,2,1.0,1.0,smoother_001,eu_id,0.05374463969619625,0.6748593260129511
homoscedastic,2,1.0,1.0,smoother_001,eu_heldout,0.05374463969619625,0.7730206825239259
homoscedastic,2,1.0,1.0,smoother_1,eu_agreement,0.44321211281951756,0.993883734673619
homoscedastic,2,1.0,1.0,smoother_1,acquisition_overlap,0.44321211281951756,0.9690327085521431
homoscedastic,2,1.0,1.0,smoother_1,eu_group0,0.44321211281951756,0.993883734673619
homoscedastic,2,1.0,1.0,smoother_1,eu_group1,0.44321211281951756,
homoscedastic,2,1.0,1.0,smoother_1,eu_id,0.44321211281951756,0.8957223781626442
homoscedastic,2,1.0,1.0,smoother_1,eu_heldout,0.44321211281951756,0.993883734673619
homoscedastic,2,10.0,0.1,cka,eu_agreement,0.7222245337731901,0.9570732259820034
homoscedastic,2,10.0,0.1,cka,acquisition_overlap,0.7222245337731901,0.8554210601351293
homoscedastic,2,10.0,0.1,cka,eu_group0,0.7222245337731901,0.9570732259820034
homoscedastic,2,10.0,0.1,cka,eu_group1,0.7222245337731901,
homoscedastic,2,10.0,0.1,cka,eu_id,0.7222245337731901,0.8589118694710287
homoscedastic,2,10.0,0.1,cka,eu_heldout,0.7222245337731901,0.9570732259820034
homoscedastic,2,10.0,0.1,mknn,eu_agreement,0.8059999999999999,0.9629629629629629
homoscedastic,2,10.0,0.1,mknn,acquisition_overlap,0.8059999999999999,0.8606852394219336
homoscedastic,2,10.0,0.1,mknn,eu_group0,0.8059999999999999,0.9629629629629629
homoscedastic,2,10.0,0.1,mknn,eu_group1,0.8059999999999999,
homoscedastic,2,10.0,0.1,mknn,eu_id,0.8059999999999999,0.8641975308641975
homoscedastic,2,10.0,0.1,mknn,eu_heldout,0.8059999999999999,0.9629629629629629
homoscedastic,2,10.0,0.1,predictivity,eu_agreement,0.005072790864493859,0.8984657915641096
homoscedastic,2,10.0,0.1,predictivity,acquisition_overlap,0.005072790864493859,0.7963114677460285
homoscedastic,2,10.0,0.1,predictivity,eu_group0,0.005072790864493859,0.8984657915641096
homoscedastic,2,10.0,0.1,predictivity,eu_group1,0.005072790864493859,
homoscedastic,2,10.0,0.1,predictivity,eu_id,0.005072790864493859,0.8000037870091384
homoscedastic,2,10.0,0.1,predictivity,eu_heldout,0.005072790864493859,0.8984657915641096
homoscedastic,2,10.0,0.1,cca_type,eu_agreement,0.001100862700956995,0.6728111897994424
homoscedastic,2,10.0,0.1,cca_type,acquisition_overlap,0.001100862700956995,0.766928898924811
homoscedastic,2,10.0,0.1,cca_type,eu_group0,0.001100862700956995,0.6728111897994424
homoscedastic,2,10.0,0.1,cca_type,eu_group1,0.001100862700956995,
homoscedastic,2,10.0,0.1,cca_type,eu_id,0.001100862700956995,0.7706746355884525
homoscedastic,2,10.0,0.1,cca_type,eu_heldout,0.001100862700956995,0.6728111897994424
homoscedastic,2,10.0,0.1,smoother_001,eu_agreement,0.05374463969619625,0.7730206825239259
homoscedastic,2,10.0,0.1,smoother_001,acquisition_overlap,0.05374463969619625,0.6707978097462526
homoscedastic,2,10.0,0.1,smoother_001,eu_group0,0.05374463969619625,0.7730206825239259
homoscedastic,2,10.0,0.1,smoother_001,eu_group1,0.05374463969619625,
homoscedastic,2,10.0,0.1,smoother_001,eu_id,0.05374463969619625,0.6748593260129511
homoscedastic,2,10.0,0.1,smoother_001,eu_heldout,0.05374463969619625,0.7730206825239259
homoscedastic,2,10.0,0.1,smoother_1,eu_agreement,0.44321211281951756,0.993883734673619
homoscedastic,2,10.0,0.1,smoother_1,acquisition_overlap,0.44321211281951756,0.8923457102129048
homoscedastic,2,10.0,0.1,smoother_1,eu_group0,0.44321211281951756,0.993883734673619
homoscedastic,2,10.0,0.1,smoother_1,eu_group1,0.44321211281951756,
homoscedastic,2,10.0,0.1,smoother_1,eu_id,0.44321211281951756,0.8957223781626442
homoscedastic,2,10.0,0.1,smoother_1,eu_heldout,0.44321211281951756,0.993883734673619
homoscedastic,2,10.0,0.25,cka,eu_agreement,0.7222245337731901,0.9570732259820034
homoscedastic,2,10.0,0.25,cka,acquisition_overlap,0.7222245337731901,0.8554210601351293
homoscedastic,2,10.0,0.25,cka,eu_group0,0.7222245337731901,0.9570732259820034
homoscedastic,2,10.0,0.25,cka,eu_group1,0.7222245337731901,
homoscedastic,2,10.0,0.25,cka,eu_id,0.7222245337731901,0.8589118694710287
homoscedastic,2,10.0,0.25,cka,eu_heldout,0.7222245337731901,0.9570732259820034
homoscedastic,2,10.0,0.25,mknn,eu_agreement,0.8059999999999999,0.9629629629629629
homoscedastic,2,10.0,0.25,mknn,acquisition_overlap,0.8059999999999999,0.8606852394219336
homoscedastic,2,10.0,0.25,mknn,eu_group0,0.8059999999999999,0.9629629629629629
homoscedastic,2,10.0,0.25,mknn,eu_group1,0.8059999999999999,
homoscedastic,2,10.0,0.25,mknn,eu_id,0.8059999999999999,0.8641975308641975
homoscedastic,2,10.0,0.25,mknn,eu_heldout,0.8059999999999999,0.9629629629629629
homoscedastic,2,10.0,0.25,predictivity,eu_agreement,0.005072790864493859,0.8984657915641096
homoscedastic,2,10.0,0.25,predictivity,acquisition_overlap,0.005072790864493859,0.7963114677460285
homoscedastic,2,10.0,0.25,predictivity,eu_group0,0.005072790864493859,0.8984657915641096
homoscedastic,2,10.0,0.25,predictivity,eu_group1,0.005072790864493859,
homoscedastic,2,10.0,0.25,predictivity,eu_id,0.005072790864493859,0.8000037870091384
homoscedastic,2,10.0,0.25,predictivity,eu_heldout,0.005072790864493859,0.8984657915641096
homoscedastic,2,10.0,0.25,cca_type,eu_agreement,0.001100862700956995,0.6728111897994424
homoscedastic,2,10.0,0.25,cca_type,acquisition_overlap,0.001100862700956995,0.766928898924811
homoscedastic,2,10.0,0.25,cca_type,eu_group0,0.001100862700956995,0.6728111897994424
homoscedastic,2,10.0,0.25,cca_type,eu_group1,0.001100862700956995,
homoscedastic,2,10.0,0.25,cca_type,eu_id,0.001100862700956995,0.7706746355884525
homoscedastic,2,10.0,0.25,cca_type,eu_heldout,0.001100862700956995,0.6728111897994424
homoscedastic,2,10.0,0.25,smoother_001,eu_agreement,0.05374463969619625,0.7730206825239259
homoscedastic,2,10.0,0.25,smoother_001,acquisition_overlap,0.05374463969619625,0.6707978097462526
homoscedastic,2,10.0,0.25,smoother_001,eu_group0,0.05374463969619625,0.7730206825239259
homoscedastic,2,10.0,0.25,smoother_001,eu_group1,0.05374463969619625,
homoscedastic,2,10.0,0.25,smoother_001,eu_id,0.05374463969619625,0.6748593260129511
homoscedastic,2,10.0,0.25,smoother_001,eu_heldout,0.05374463969619625,0.7730206825239259
homoscedastic,2,10.0,0.25,smoother_1,eu_agreement,0.44321211281951756,0.993883734673619
homoscedastic,2,10.0,0.25,smoother_1,acquisition_overlap,0.44321211281951756,0.8923457102129048
homoscedastic,2,10.0,0.25,smoother_1,eu_group0,0.44321211281951756,0.993883734673619
homoscedastic,2,10.0,0.25,smoother_1,eu_group1,0.44321211281951756,
homoscedastic,2,10.0,0.25,smoother_1,eu_id,0.44321211281951756,0.8957223781626442
homoscedastic,2,10.0,0.25,smoother_1,eu_heldout,0.44321211281951756,0.993883734673619
homoscedastic,2,10.0,1.0,cka,eu_agreement,0.7222245337731901,0.9570732259820034
homoscedastic,2,10.0,1.0,cka,acquisition_overlap,0.7222245337731901,0.9570732259820034
homoscedastic,2,10.0,1.0,cka,eu_group0,0.7222245337731901,0.9570732259820034
homoscedastic,2,10.0,1.0,cka,eu_group1,0.7222245337731901,
homoscedastic,2,10.0,1.0,cka,eu_id,0.7222245337731901,0.8589118694710287
homoscedastic,2,10.0,1.0,cka,eu_heldout,0.7222245337731901,0.9570732259820034
homoscedastic,2,10.0,1.0,mknn,eu_agreement,0.8059999999999999,0.9629629629629629
homoscedastic,2,10.0,1.0,mknn,acquisition_overlap,0.8059999999999999,0.9629629629629629
homoscedastic,2,10.0,1.0,mknn,eu_group0,0.8059999999999999,0.9629629629629629
homoscedastic,2,10.0,1.0,mknn,eu_group1,0.8059999999999999,
homoscedastic,2,10.0,1.0,mknn,eu_id,0.8059999999999999,0.8641975308641975
homoscedastic,2,10.0,1.0,mknn,eu_heldout,0.8059999999999999,0.9629629629629629
homoscedastic,2,10.0,1.0,predictivity,eu_agreement,0.005072790864493859,0.8984657915641096
homoscedastic,2,10.0,1.0,predictivity,acquisition_overlap,0.005072790864493859,0.8984657915641096
homoscedastic,2,10.0,1.0,predictivity,eu_group0,0.005072790864493859,0.8984657915641096
homoscedastic,2,10.0,1.0,predictivity,eu_group1,0.005072790864493859,
homoscedastic,2,10.0,1.0,predictivity,eu_id,0.005072790864493859,0.8000037870091384
homoscedastic,2,10.0,1.0,predictivity,eu_heldout,0.005072790864493859,0.8984657915641096
homoscedastic,2,10.0,1.0,cca_type,eu_agreement,0.001100862700956995,0.6728111897994424
homoscedastic,2,10.0,1.0,cca_type,acquisition_overlap,0.001100862700956995,0.6728111897994424
homoscedastic,2,10.0,1.0,cca_type,eu_group0,0.001100862700956995,0.6728111897994424
homoscedastic,2,10.0,1.0,cca_type,eu_group1,0.001100862700956995,
homoscedastic,2,10.0,1.0,cca_type,eu_id,0.001100862700956995,0.7706746355884525
homoscedastic,2,10.0,1.0,cca_type,eu_heldout,0.001100862700956995,0.6728111897994424
homoscedastic,2,10.0,1.0,smoother_001,eu_agreement,0.05374463969619625,0.7730206825239259
homoscedastic,2,10.0,1.0,smoother_001,acquisition_overlap,0.05374463969619625,0.7730206825239259
homoscedastic,2,10.0,1.0,smoother_001,eu_group0,0.05374463969619625,0.7730206825239259
homoscedastic,2,10.0,1.0,smoother_001,eu_group1,0.05374463969619625,
homoscedastic,2,10.0,1.0,smoother_001,eu_id,0.05374463969619625,0.6748593260129511
homoscedastic,2,10.0,1.0,smoother_001,eu_heldout,0.05374463969619625,0.7730206825239259
homoscedastic,2,10.0,1.0,smoother_1,eu_agreement,0.44321211281951756,0.993883734673619
homoscedastic,2,10.0,1.0,smoother_1,acquisition_overlap,0.44321211281951756,0.993883734673619
homoscedastic,2,10.0,1.0,smoother_1,eu_group0,0.44321211281951756,0.993883734673619
homoscedastic,2,10.0,1.0,smoother_1,eu_group1,0.44321211281951756,
homoscedastic,2,10.0,1.0,smoother_1,eu_id,0.44321211281951756,0.8957223781626442
homoscedastic,2,10.0,1.0,smoother_1,eu_heldout,0.44321211281951756,0.993883734673619
homoscedastic,3,0.1,0.1,cka,eu_agreement,0.6459509221143364,0.8984657915641096
homoscedastic,3,0.1,0.1,cka,acquisition_overlap,0.6459509221143364,0.7408773949358677
homoscedastic,3,0.1,0.1,cka,eu_group0,0.6459509221143364,0.8984657915641096
homoscedastic,3,0.1,0.1,cka,eu_group1,0.6459509221143364,
homoscedastic,3,0.1,0.1,cka,eu_id,0.6459509221143364,0.9969277961190804
homoscedastic,3,0.1,0.1,cka,eu_heldout,0.6459509221143364,0.8615425398559954
homoscedastic,3,0.1,0.1,mknn,eu_agreement,0.7895,0.9012345679012346
homoscedastic,3,0.1,0.1,mknn,acquisition_overlap,0.7895,0.7431605356175383
homoscedastic,3,0.1,0.1,mknn,eu_group0,0.7895,0.9012345679012346
homoscedastic,3,0.1,0.1,mknn,eu_group1,0.7895,
homoscedastic,3,0.1,0.1,mknn,eu_id,0.7895,1.0
homoscedastic,3,0.1,0.1,mknn,eu_heldout,0.7895,0.8641975308641975
homoscedastic,3,0.1,0.1,predictivity,eu_agreement,0.014316869386420517,0.9012345679012346
homoscedastic,3,0.1,0.1,predictivity,acquisition_overlap,0.014316869386420517,0.7431605356175383
homoscedastic,3,0.1,0.1,predictivity,eu_group0,0.014316869386420517,0.9012345679012346
homoscedastic,3,0.1,0.1,predictivity,eu_group1,0.014316869386420517,
homoscedastic,3,0.1,0.1,predictivity,eu_id,0.014316869386420517,1.0
homoscedastic,3,0.1,0.1,predictivity,eu_heldout,0.014316869386420517,0.8641975308641975
homoscedastic,3,0.1,0.1,cca_type,eu_agreement,0.00040281382584339553,0.8440722199302098
homoscedastic,3,0.1,0.1,cca_type,acquisition_overlap,0.00040281382584339553,0.6042039296394888
homoscedastic,3,0.1,0.1,cca_type,eu_group0,0.00040281382584339553,0.8440722199302098
homoscedastic,3,0.1,0.1,cca_type,eu_group1,0.00040281382584339553,
homoscedastic,3,0.1,0.1,cca_type,eu_id,0.00040281382584339553,0.697277051246695
homoscedastic,3,0.1,0.1,cca_type,eu_heldout,0.00040281382584339553,0.7095099819703212
homoscedastic,3,0.1,0.1,smoother_001,eu_agreement,0.06343437977910305,0.8221013607794132
homoscedastic,3,0.1,0.1,smoother_001,acquisition_overlap,0.06343437977910305,0.6060432152628562
homoscedastic,3,0.1,0.1,smoother_001,eu_group0,0.06343437977910305,0.8221013607794132
homoscedastic,3,0.1,0.1,smoother_001,eu_group1,0.06343437977910305,
homoscedastic,3,0.1,0.1,smoother_001,eu_id,0.06343437977910305,0.9202627172903878
homoscedastic,3,0.1,0.1,smoother_001,eu_heldout,0.06343437977910305,0.760750512960054
homoscedastic,3,0.1,0.1,smoother_1,eu_agreement,0.43676411065012843,0.8957223781626442
homoscedastic,3,0.1,0.1,smoother_1,acquisition_overlap,0.43676411065012843,0.7386151686016059
homoscedastic,3,0.1,0.1,smoother_1,eu_group0,0.43676411065012843,0.8957223781626442
homoscedastic,3,0.1,0.1,smoother_1,eu_group1,0.43676411065012843,
homoscedastic,3,0.1,0.1,smoother_1,eu_id,0.43676411065012843,0.993883734673619
homoscedastic,3,0.1,0.1,smoother_1,eu_heldout,0.43676411065012843,0.8589118694710287
homoscedastic,3,0.1,0.25,cka,eu_agreement,0.6459509221143364,0.8984657915641096
homoscedastic,3,0.1,0.25,cka,acquisition_overlap,0.6459509221143364,0.5292332744829686
homoscedastic,3,0.1,0.25,cka,eu_group0,0.6459509221143364,0.8984657915641096
homoscedastic,3,0.1,0.25,cka,eu_group1,0.6459509221143364,
homoscedastic,3,0.1,0.25,cka,eu_id,0.6459509221143364,0.9969277961190804
homoscedastic,3,0.1,0.25,cka,eu_heldout,0.6459509221143364,0.849234789286624
homoscedastic,3,0.1,0.25,mknn,eu_agreement,0.7895,0.9012345679012346
homoscedastic,3,0.1,0.25,mknn,acquisition_overlap,0.7895,0.5308641975308642
homoscedastic,3,0.1,0.25,mknn,eu_group0,0.7895,0.9012345679012346
homoscedastic,3,0.1,0.25,mknn,eu_group1,0.7895,
homoscedastic,3,0.1,0.25,mknn,eu_id,0.7895,1.0
homoscedastic,3,0.1,0.25,mknn,eu_heldout,0.7895,0.8518518518518517
homoscedastic,3,0.1,0.25,predictivity,eu_agreement,0.014316869386420517,0.9012345679012346
homoscedastic,3,0.1,0.25,predictivity,acquisition_overlap,0.014316869386420517,0.5308641975308642
homoscedastic,3,0.1,0.25,predictivity,eu_group0,0.014316869386420517,0.9012345679012346
homoscedastic,3,0.1,0.25,predictivity,eu_group1,0.014316869386420517,
homoscedastic,3,0.1,0.25,predictivity,eu_id,0.014316869386420517,1.0
homoscedastic,3,0.1,0.25,predictivity,eu_heldout,0.014316869386420517,0.8518518518518517
homoscedastic,3,0.1,0.25,cca_type,eu_agreement,0.00040281382584339553,0.8440722199302098
homoscedastic,3,0.1,0.25,cca_type,acquisition_overlap,0.00040281382584339553,0.428152575326918
homoscedastic,3,0.1,0.25,cca_type,eu_group0,0.00040281382584339553,0.8440722199302098
homoscedastic,3,0.1,0.25,cca_type,eu_group1,0.00040281382584339553,
homoscedastic,3,0.1,0.25,cca_type,eu_id,0.00040281382584339553,0.697277051246695
homoscedastic,3,0.1,0.25,cca_type,eu_heldout,0.00040281382584339553,0.7217429126939475
homoscedastic,3,0.1,0.25,smoother_001,eu_agreement,0.06343437977910305,0.8221013607794132
homoscedastic,3,0.1,0.25,smoother_001,acquisition_overlap,0.06343437977910305,0.40491559560777063
homoscedastic,3,0.1,0.25,smoother_001,eu_group0,0.06343437977910305,0.8221013607794132
homoscedastic,3,0.1,0.25,smoother_001,eu_group1,0.06343437977910305,
homoscedastic,3,0.1,0.25,smoother_001,eu_id,0.06343437977910305,0.9202627172903878
homoscedastic,3,0.1,0.25,smoother_001,eu_heldout,0.06343437977910305,0.7975610216516694
homoscedastic,3,0.1,0.25,smoother_1,eu_agreement,0.43676411065012843,0.8957223781626442
homoscedastic,3,0.1,0.25,smoother_1,acquisition_overlap,0.43676411065012843,0.527617291246489
homoscedastic,3,0.1,0.25,smoother_1,eu_group0,0.43676411065012843,0.8957223781626442
homoscedastic,3,0.1,0.25,smoother_1,eu_group1,0.43676411065012843,
homoscedastic,3,0.1,0.25,smoother_1,eu_id,0.43676411065012843,0.993883734673619
homoscedastic,3,0.1,0.25,smoother_1,eu_heldout,0.43676411065012843,0.8466416999071569
homoscedastic,3,0.1,1.0,cka,eu_agreement,0.6459509221143364,0.8984657915641096
homoscedastic,3,0.1,1.0,cka,acquisition_overlap,0.6459509221143364,0.5555661402879268
homoscedastic,3,0.1,1.0,cka,eu_group0,0.6459509221143364,0.8984657915641096
homoscedastic,3,0.1,1.0,cka,eu_group1,0.6459509221143364,
homoscedastic,3,0.1,1.0,cka,eu_id,0.6459509221143364,0.9846200455497092
homoscedastic,3,0.1,1.0,cka,eu_heldout,0.6459509221143364,0.849234789286624
homoscedastic,3,0.1,1.0,mknn,eu_agreement,0.7895,0.9012345679012346
homoscedastic,3,0.1,1.0,mknn,acquisition_overlap,0.7895,0.5572782125753528
homoscedastic,3,0.1,1.0,mknn,eu_group0,0.7895,0.9012345679012346
homoscedastic,3,0.1,1.0,mknn,eu_group1,0.7895,
homoscedastic,3,0.1,1.0,mknn,eu_id,0.7895,0.9876543209876544
homoscedastic,3,0.1,1.0,mknn,eu_heldout,0.7895,0.8518518518518517
homoscedastic,3,0.1,1.0,predictivity,eu_agreement,0.014316869386420517,0.9012345679012346
homoscedastic,3,0.1,1.0,predictivity,acquisition_overlap,0.014316869386420517,0.5572782125753528
homoscedastic,3,0.1,1.0,predictivity,eu_group0,0.014316869386420517,0.9012345679012346
homoscedastic,3,0.1,1.0,predictivity,eu_group1,0.014316869386420517,
homoscedastic,3,0.1,1.0,predictivity,eu_id,0.014316869386420517,0.9876543209876544
homoscedastic,3,0.1,1.0,predictivity,eu_heldout,0.014316869386420517,0.8518518518518517
homoscedastic,3,0.1,1.0,cca_type,eu_agreement,0.00040281382584339553,0.8440722199302098
homoscedastic,3,0.1,1.0,cca_type,acquisition_overlap,0.00040281382584339553,0.44788647697208955
homoscedastic,3,0.1,1.0,cca_type,eu_group0,0.00040281382584339553,0.8440722199302098
homoscedastic,3,0.1,1.0,cca_type,eu_group1,0.00040281382584339553,
homoscedastic,3,0.1,1.0,cca_type,eu_id,0.00040281382584339553,0.7095099819703212
homoscedastic,3,0.1,1.0,cca_type,eu_heldout,0.00040281382584339553,0.7217429126939475
homoscedastic,3,0.1,1.0,smoother_001,eu_agreement,0.06343437977910305,0.8221013607794132
homoscedastic,3,0.1,1.0,smoother_001,acquisition_overlap,0.06343437977910305,0.41232525920182495
homoscedastic,3,0.1,1.0,smoother_001,eu_group0,0.06343437977910305,0.8221013607794132
homoscedastic,3,0.1,1.0,smoother_001,eu_group1,0.06343437977910305,
homoscedastic,3,0.1,1.0,smoother_001,eu_id,0.06343437977910305,0.9570732259820034
homoscedastic,3,0.1,1.0,smoother_001,eu_heldout,0.06343437977910305,0.7975610216516694
homoscedastic,3,0.1,1.0,smoother_1,eu_agreement,0.43676411065012843,0.8957223781626442
homoscedastic,3,0.1,1.0,smoother_1,acquisition_overlap,0.43676411065012843,0.5538697511666306
homoscedastic,3,0.1,1.0,smoother_1,eu_group0,0.43676411065012843,0.8957223781626442
homoscedastic,3,0.1,1.0,smoother_1,eu_group1,0.43676411065012843,
homoscedastic,3,0.1,1.0,smoother_1,eu_id,0.43676411065012843,0.9816135651097472
homoscedastic,3,0.1,1.0,smoother_1,eu_heldout,0.43676411065012843,0.8466416999071569
homoscedastic,3,1.0,0.1,cka,eu_agreement,0.6459509221143364,0.8984657915641096
homoscedastic,3,1.0,0.1,cka,acquisition_overlap,0.6459509221143364,0.598776840088099
homoscedastic,3,1.0,0.1,cka,eu_group0,0.6459509221143364,0.8984657915641096
homoscedastic,3,1.0,0.1,cka,eu_group1,0.6459509221143364,
homoscedastic,3,1.0,0.1,cka,eu_id,0.6459509221143364,0.8984657915641096
homoscedastic,3,1.0,0.1,cka,eu_heldout,0.6459509221143364,0.8615425398559954
homoscedastic,3,1.0,0.1,mknn,eu_agreement,0.7895,0.9012345679012346
homoscedastic,3,1.0,0.1,mknn,acquisition_overlap,0.7895,0.6006220735534358
homoscedastic,3,1.0,0.1,mknn,eu_group0,0.7895,0.9012345679012346
homoscedastic,3,1.0,0.1,mknn,eu_group1,0.7895,
homoscedastic,3,1.0,0.1,mknn,eu_id,0.7895,0.9012345679012346
homoscedastic,3,1.0,0.1,mknn,eu_heldout,0.7895,0.8641975308641975
homoscedastic,3,1.0,0.1,predictivity,eu_agreement,0.014316869386420517,0.9012345679012346
homoscedastic,3,1.0,0.1,predictivity,acquisition_overlap,0.014316869386420517,0.6006220735534358
homoscedastic,3,1.0,0.1,predictivity,eu_group0,0.014316869386420517,0.9012345679012346
homoscedastic,3,1.0,0.1,predictivity,eu_group1,0.014316869386420517,
homoscedastic,3,1.0,0.1,predictivity,eu_id,0.014316869386420517,0.9012345679012346
homoscedastic,3,1.0,0.1,predictivity,eu_heldout,0.014316869386420517,0.8641975308641975
homoscedastic,3,1.0,0.1,cca_type,eu_agreement,0.00040281382584339553,0.8440722199302098
homoscedastic,3,1.0,0.1,cca_type,acquisition_overlap,0.00040281382584339553,0.4908344953118791
homoscedastic,3,1.0,0.1,cca_type,eu_group0,0.00040281382584339553,0.8440722199302098
homoscedastic,3,1.0,0.1,cca_type,eu_group1,0.00040281382584339553,
homoscedastic,3,1.0,0.1,cca_type,eu_id,0.00040281382584339553,0.8440722199302098
homoscedastic,3,1.0,0.1,cca_type,eu_heldout,0.00040281382584339553,0.7095099819703212
homoscedastic,3,1.0,0.1,smoother_001,eu_agreement,0.06343437977910305,0.8221013607794132
homoscedastic,3,1.0,0.1,smoother_001,acquisition_overlap,0.06343437977910305,0.4430958009333045
homoscedastic,3,1.0,0.1,smoother_001,eu_group0,0.06343437977910305,0.8221013607794132
homoscedastic,3,1.0,0.1,smoother_001,eu_group1,0.06343437977910305,
homoscedastic,3,1.0,0.1,smoother_001,eu_id,0.06343437977910305,0.8221013607794132
homoscedastic,3,1.0,0.1,smoother_001,eu_heldout,0.06343437977910305,0.760750512960054
homoscedastic,3,1.0,0.1,smoother_1,eu_agreement,0.43676411065012843,0.8957223781626442
homoscedastic,3,1.0,0.1,smoother_1,acquisition_overlap,0.43676411065012843,0.5969485095907018
homoscedastic,3,1.0,0.1,smoother_1,eu_group0,0.43676411065012843,0.8957223781626442
homoscedastic,3,1.0,0.1,smoother_1,eu_group1,0.43676411065012843,
homoscedastic,3,1.0,0.1,smoother_1,eu_id,0.43676411065012843,0.8957223781626442
homoscedastic,3,1.0,0.1,smoother_1,eu_heldout,0.43676411065012843,0.8589118694710287
homoscedastic,3,1.0,0.25,cka,eu_agreement,0.6459509221143364,0.8984657915641096
homoscedastic,3,1.0,0.25,cka,acquisition_overlap,0.6459509221143364,0.5555661402879268
homoscedastic,3,1.0,0.25,cka,eu_group0,0.6459509221143364,0.8984657915641096
homoscedastic,3,1.0,0.25,cka,eu_group1,0.6459509221143364,
homoscedastic,3,1.0,0.25,cka,eu_id,0.6459509221143364,0.886158040994738
homoscedastic,3,1.0,0.25,cka,eu_heldout,0.6459509221143364,0.849234789286624
homoscedastic,3,1.0,0.25,mknn,eu_agreement,0.7895,0.9012345679012346
homoscedastic,3,1.0,0.25,mknn,acquisition_overlap,0.7895,0.5572782125753528
homoscedastic,3,1.0,0.25,mknn,eu_group0,0.7895,0.9012345679012346
homoscedastic,3,1.0,0.25,mknn,eu_group1,0.7895,
homoscedastic,3,1.0,0.25,mknn,eu_id,0.7895,0.8888888888888888
homoscedastic,3,1.0,0.25,mknn,eu_heldout,0.7895,0.8518518518518517
homoscedastic,3,1.0,0.25,predictivity,eu_agreement,0.014316869386420517,0.9012345679012346
homoscedastic,3,1.0,0.25,predictivity,acquisition_overlap,0.014316869386420517,0.5572782125753528
homoscedastic,3,1.0,0.25,predictivity,eu_group0,0.014316869386420517,0.9012345679012346
homoscedastic,3,1.0,0.25,predictivity,eu_group1,0.014316869386420517,
homoscedastic,3,1.0,0.25,predictivity,eu_id,0.014316869386420517,0.8888888888888888
homoscedastic,3,1.0,0.25,predictivity,eu_heldout,0.014316869386420517,0.8518518518518517
homoscedastic,3,1.0,0.25,cca_type,eu_agreement,0.00040281382584339553,0.8440722199302098
homoscedastic,3,1.0,0.25,cca_type,acquisition_overlap,0.00040281382584339553,0.44788647697208955
homoscedastic,3,1.0,0.25,cca_type,eu_group0,0.00040281382584339553,0.8440722199302098
homoscedastic,3,1.0,0.25,cca_type,eu_group1,0.00040281382584339553,
homoscedastic,3,1.0,0.25,cca_type,eu_id,0.00040281382584339553,0.856305150653836
homoscedastic,3,1.0,0.25,cca_type,eu_heldout,0.00040281382584339553,0.7217429126939475
homoscedastic,3,1.0,0.25,smoother_001,eu_agreement,0.06343437977910305,0.8221013607794132
homoscedastic,3,1.0,0.25,smoother_001,acquisition_overlap,0.06343437977910305,0.41232525920182495
homoscedastic,3,1.0,0.25,smoother_001,eu_group0,0.06343437977910305,0.8221013607794132
homoscedastic,3,1.0,0.25,smoother_001,eu_group1,0.06343437977910305,
homoscedastic,3,1.0,0.25,smoother_001,eu_id,0.06343437977910305,0.8589118694710287
homoscedastic,3,1.0,0.25,smoother_001,eu_heldout,0.06343437977910305,0.7975610216516694
homoscedastic,3,1.0,0.25,smoother_1,eu_agreement,0.43676411065012843,0.8957223781626442
homoscedastic,3,1.0,0.25,smoother_1,acquisition_overlap,0.43676411065012843,0.5538697511666306
homoscedastic,3,1.0,0.25,smoother_1,eu_group0,0.43676411065012843,0.8957223781626442
homoscedastic,3,1.0,0.25,smoother_1,eu_group1,0.43676411065012843,
homoscedastic,3,1.0,0.25,smoother_1,eu_id,0.43676411065012843,0.8834522085987724
homoscedastic,3,1.0,0.25,smoother_1,eu_heldout,0.43676411065012843,0.8466416999071569
homoscedastic,3,1.0,1.0,cka,eu_agreement,0.6459509221143364,0.886158040994738
homoscedastic,3,1.0,1.0,cka,acquisition_overlap,0.6459509221143364,0.5555661402879268
homoscedastic,3,1.0,1.0,cka,eu_group0,0.6459509221143364,0.886158040994738
homoscedastic,3,1.0,1.0,cka,eu_group1,0.6459509221143364,
homoscedastic,3,1.0,1.0,cka,eu_id,0.6459509221143364,0.9846200455497092
homoscedastic,3,1.0,1.0,cka,eu_heldout,0.6459509221143364,0.849234789286624
homoscedastic,3,1.0,1.0,mknn,eu_agreement,0.7895,0.8888888888888888
homoscedastic,3,1.0,1.0,mknn,acquisition_overlap,0.7895,0.5572782125753528
homoscedastic,3,1.0,1.0,mknn,eu_group0,0.7895,0.8888888888888888
homoscedastic,3,1.0,1.0,mknn,eu_group1,0.7895,
homoscedastic,3,1.0,1.0,mknn,eu_id,0.7895,0.9876543209876544
homoscedastic,3,1.0,1.0,mknn,eu_heldout,0.7895,0.8518518518518517
homoscedastic,3,1.0,1.0,predictivity,eu_agreement,0.014316869386420517,0.8888888888888888
homoscedastic,3,1.0,1.0,predictivity,acquisition_overlap,0.014316869386420517,0.5572782125753528
homoscedastic,3,1.0,1.0,predictivity,eu_group0,0.014316869386420517,0.8888888888888888
homoscedastic,3,1.0,1.0,predictivity,eu_group1,0.014316869386420517,
homoscedastic,3,1.0,1.0,predictivity,eu_id,0.014316869386420517,0.9876543209876544
homoscedastic,3,1.0,1.0,predictivity,eu_heldout,0.014316869386420517,0.8518518518518517
homoscedastic,3,1.0,1.0,cca_type,eu_agreement,0.00040281382584339553,0.856305150653836
homoscedastic,3,1.0,1.0,cca_type,acquisition_overlap,0.00040281382584339553,0.44788647697208955
homoscedastic,3,1.0,1.0,cca_type,eu_group0,0.00040281382584339553,0.856305150653836
homoscedastic,3,1.0,1.0,cca_type,eu_group1,0.00040281382584339553,
homoscedastic,3,1.0,1.0,cca_type,eu_id,0.00040281382584339553,0.7095099819703212
homoscedastic,3,1.0,1.0,cca_type,eu_heldout,0.00040281382584339553,0.7217429126939475
homoscedastic,3,1.0,1.0,smoother_001,eu_agreement,0.06343437977910305,0.8589118694710287
homoscedastic,3,1.0,1.0,smoother_001,acquisition_overlap,0.06343437977910305,0.41232525920182495
homoscedastic,3,1.0,1.0,smoother_001,eu_group0,0.06343437977910305,0.8589118694710287
homoscedastic,3,1.0,1.0,smoother_001,eu_group1,0.06343437977910305,
homoscedastic,3,1.0,1.0,smoother_001,eu_id,0.06343437977910305,0.9570732259820034
homoscedastic,3,1.0,1.0,smoother_001,eu_heldout,0.06343437977910305,0.7975610216516694
homoscedastic,3,1.0,1.0,smoother_1,eu_agreement,0.43676411065012843,0.8834522085987724
homoscedastic,3,1.0,1.0,smoother_1,acquisition_overlap,0.43676411065012843,0.5538697511666306
homoscedastic,3,1.0,1.0,smoother_1,eu_group0,0.43676411065012843,0.8834522085987724
homoscedastic,3,1.0,1.0,smoother_1,eu_group1,0.43676411065012843,
homoscedastic,3,1.0,1.0,smoother_1,eu_id,0.43676411065012843,0.9816135651097472
homoscedastic,3,1.0,1.0,smoother_1,eu_heldout,0.43676411065012843,0.8466416999071569
homoscedastic,3,10.0,0.1,cka,eu_agreement,0.6459509221143364,0.8984657915641096
homoscedastic,3,10.0,0.1,cka,acquisition_overlap,0.6459509221143364,0.7574031088957787
homoscedastic,3,10.0,0.1,cka,eu_group0,0.6459509221143364,0.8984657915641096
homoscedastic,3,10.0,0.1,cka,eu_group1,0.6459509221143364,
homoscedastic,3,10.0,0.1,cka,eu_id,0.6459509221143364,0.8984657915641096
homoscedastic,3,10.0,0.1,cka,eu_heldout,0.6459509221143364,0.8615425398559954
homoscedastic,3,10.0,0.1,mknn,eu_agreement,0.7895,0.9012345679012346
homoscedastic,3,10.0,0.1,mknn,acquisition_overlap,0.7895,0.7597371763975862
homoscedastic,3,10.0,0.1,mknn,eu_group0,0.7895,0.9012345679012346
homoscedastic,3,10.0,0.1,mknn,eu_group1,0.7895,
homoscedastic,3,10.0,0.1,mknn,eu_id,0.7895,0.9012345679012346
homoscedastic,3,10.0,0.1,mknn,eu_heldout,0.7895,0.8641975308641975
homoscedastic,3,10.0,0.1,predictivity,eu_agreement,0.014316869386420517,0.9012345679012346
homoscedastic,3,10.0,0.1,predictivity,acquisition_overlap,0.014316869386420517,0.7597371763975862
homoscedastic,3,10.0,0.1,predictivity,eu_group0,0.014316869386420517,0.9012345679012346
homoscedastic,3,10.0,0.1,predictivity,eu_group1,0.014316869386420517,
homoscedastic,3,10.0,0.1,predictivity,eu_id,0.014316869386420517,0.9012345679012346
homoscedastic,3,10.0,0.1,predictivity,eu_heldout,0.014316869386420517,0.8641975308641975
homoscedastic,3,10.0,0.1,cca_type,eu_agreement,0.00040281382584339553,0.8440722199302098
homoscedastic,3,10.0,0.1,cca_type,acquisition_overlap,0.00040281382584339553,0.6273323266748674
homoscedastic,3,10.0,0.1,cca_type,eu_group0,0.00040281382584339553,0.8440722199302098
homoscedastic,3,10.0,0.1,cca_type,eu_group1,0.00040281382584339553,
homoscedastic,3,10.0,0.1,cca_type,eu_id,0.00040281382584339553,0.8440722199302098
homoscedastic,3,10.0,0.1,cca_type,eu_heldout,0.00040281382584339553,0.7095099819703212
homoscedastic,3,10.0,0.1,smoother_001,eu_agreement,0.06343437977910305,0.8221013607794132
homoscedastic,3,10.0,0.1,smoother_001,acquisition_overlap,0.06343437977910305,0.6292420185403526
homoscedastic,3,10.0,0.1,smoother_001,eu_group0,0.06343437977910305,0.8221013607794132
homoscedastic,3,10.0,0.1,smoother_001,eu_group1,0.06343437977910305,
homoscedastic,3,10.0,0.1,smoother_001,eu_id,0.06343437977910305,0.8221013607794132
homoscedastic,3,10.0,0.1,smoother_001,eu_heldout,0.06343437977910305,0.760750512960054
homoscedastic,3,10.0,0.1,smoother_1,eu_agreement,0.43676411065012843,0.8957223781626442
homoscedastic,3,10.0,0.1,smoother_1,acquisition_overlap,0.43676411065012843,0.755090422248423
homoscedastic,3,10.0,0.1,smoother_1,eu_group0,0.43676411065012843,0.8957223781626442
homoscedastic,3,10.0,0.1,smoother_1,eu_group1,0.43676411065012843,
homoscedastic,3,10.0,0.1,smoother_1,eu_id,0.43676411065012843,0.8957223781626442
homoscedastic,3,10.0,0.1,smoother_1,eu_heldout,0.43676411065012843,0.8589118694710287
homoscedastic,3,10.0,0.25,cka,eu_agreement,0.6459509221143364,0.886158040994738
homoscedastic,3,10.0,0.25,cka,acquisition_overlap,0.6459509221143364,0.7162730169180088
homoscedastic,3,10.0,0.25,cka,eu_group0,0.6459509221143364,0.886158040994738
homoscedastic,3,10.0,0.25,cka,eu_group1,0.6459509221143364,
homoscedastic,3,10.0,0.25,cka,eu_id,0.6459509221143364,0.886158040994738
homoscedastic,3,10.0,0.25,cka,eu_heldout,0.6459509221143364,0.849234789286624
homoscedastic,3,10.0,0.25,mknn,eu_agreement,0.7895,0.8888888888888888
homoscedastic,3,10.0,0.25,mknn,acquisition_overlap,0.7895,0.7184803349915342
homoscedastic,3,10.0,0.25,mknn,eu_group0,0.7895,0.8888888888888888
homoscedastic,3,10.0,0.25,mknn,eu_group1,0.7895,
homoscedastic,3,10.0,0.25,mknn,eu_id,0.7895,0.8888888888888888
homoscedastic,3,10.0,0.25,mknn,eu_heldout,0.7895,0.8518518518518517
homoscedastic,3,10.0,0.25,predictivity,eu_agreement,0.014316869386420517,0.8888888888888888
homoscedastic,3,10.0,0.25,predictivity,acquisition_overlap,0.014316869386420517,0.7184803349915342
homoscedastic,3,10.0,0.25,predictivity,eu_group0,0.014316869386420517,0.8888888888888888
homoscedastic,3,10.0,0.25,predictivity,eu_group1,0.014316869386420517,
homoscedastic,3,10.0,0.25,predictivity,eu_id,0.014316869386420517,0.8888888888888888
homoscedastic,3,10.0,0.25,predictivity,eu_heldout,0.014316869386420517,0.8518518518518517
homoscedastic,3,10.0,0.25,cca_type,eu_agreement,0.00040281382584339553,0.856305150653836
homoscedastic,3,10.0,0.25,cca_type,acquisition_overlap,0.00040281382584339553,0.5975032225939045
homoscedastic,3,10.0,0.25,cca_type,eu_group0,0.00040281382584339553,0.856305150653836
homoscedastic,3,10.0,0.25,cca_type,eu_group1,0.00040281382584339553,
homoscedastic,3,10.0,0.25,cca_type,eu_id,0.00040281382584339553,0.856305150653836
homoscedastic,3,10.0,0.25,cca_type,eu_heldout,0.00040281382584339553,0.7217429126939475
homoscedastic,3,10.0,0.25,smoother_001,eu_agreement,0.06343437977910305,0.8589118694710287
homoscedastic,3,10.0,0.25,smoother_001,acquisition_overlap,0.06343437977910305,0.6248251788020716
homoscedastic,3,10.0,0.25,smoother_001,eu_group0,0.06343437977910305,0.8589118694710287
homoscedastic,3,10.0,0.25,smoother_001,eu_group1,0.06343437977910305,
homoscedastic,3,10.0,0.25,smoother_001,eu_id,0.06343437977910305,0.8589118694710287
homoscedastic,3,10.0,0.25,smoother_001,eu_heldout,0.06343437977910305,0.7975610216516694
homoscedastic,3,10.0,0.25,smoother_1,eu_agreement,0.43676411065012843,0.8834522085987724
homoscedastic,3,10.0,0.25,smoother_1,acquisition_overlap,0.43676411065012843,0.7140859186309388
homoscedastic,3,10.0,0.25,smoother_1,eu_group0,0.43676411065012843,0.8834522085987724
homoscedastic,3,10.0,0.25,smoother_1,eu_group1,0.43676411065012843,
homoscedastic,3,10.0,0.25,smoother_1,eu_id,0.43676411065012843,0.8834522085987724
homoscedastic,3,10.0,0.25,smoother_1,eu_heldout,0.43676411065012843,0.8466416999071569
homoscedastic,3,10.0,1.0,cka,eu_agreement,0.6459509221143364,0.886158040994738
homoscedastic,3,10.0,1.0,cka,acquisition_overlap,0.6459509221143364,0.7162730169180088
homoscedastic,3,10.0,1.0,cka,eu_group0,0.6459509221143364,0.886158040994738
homoscedastic,3,10.0,1.0,cka,eu_group1,0.6459509221143364,
homoscedastic,3,10.0,1.0,cka,eu_id,0.6459509221143364,0.9846200455497092
homoscedastic,3,10.0,1.0,cka,eu_heldout,0.6459509221143364,0.849234789286624
homoscedastic,3,10.0,1.0,mknn,eu_agreement,0.7895,0.8888888888888888
homoscedastic,3,10.0,1.0,mknn,acquisition_overlap,0.7895,0.7184803349915342
homoscedastic,3,10.0,1.0,mknn,eu_group0,0.7895,0.8888888888888888
homoscedastic,3,10.0,1.0,mknn,eu_group1,0.7895,
homoscedastic,3,10.0,1.0,mknn,eu_id,0.7895,0.9876543209876544
homoscedastic,3,10.0,1.0,mknn,eu_heldout,0.7895,0.8518518518518517
homoscedastic,3,10.0,1.0,predictivity,eu_agreement,0.014316869386420517,0.8888888888888888
homoscedastic,3,10.0,1.0,predictivity,acquisition_overlap,0.014316869386420517,0.7184803349915342
homoscedastic,3,10.0,1.0,predictivity,eu_group0,0.014316869386420517,0.8888888888888888
homoscedastic,3,10.0,1.0,predictivity,eu_group1,0.014316869386420517,
homoscedastic,3,10.0,1.0,predictivity,eu_id,0.014316869386420517,0.9876543209876544
homoscedastic,3,10.0,1.0,predictivity,eu_heldout,0.014316869386420517,0.8518518518518517
homoscedastic,3,10.0,1.0,cca_type,eu_agreement,0.00040281382584339553,0.856305150653836
homoscedastic,3,10.0,1.0,cca_type,acquisition_overlap,0.00040281382584339553,0.5975032225939045
homoscedastic,3,10.0,1.0,cca_type,eu_group0,0.00040281382584339553,0.856305150653836
homoscedastic,3,10.0,1.0,cca_type,eu_group1,0.00040281382584339553,
homoscedastic,3,10.0,1.0,cca_type,eu_id,0.00040281382584339553,0.7095099819703212
homoscedastic,3,10.0,1.0,cca_type,eu_heldout,0.00040281382584339553,0.7217429126939475
homoscedastic,3,10.0,1.0,smoother_001,eu_agreement,0.06343437977910305,0.8589118694710287
homoscedastic,3,10.0,1.0,smoother_001,acquisition_overlap,0.06343437977910305,0.6248251788020716
homoscedastic,3,10.0,1.0,smoother_001,eu_group0,0.06343437977910305,0.8589118694710287
homoscedastic,3,10.0,1.0,smoother_001,eu_group1,0.06343437977910305,
homoscedastic,3,10.0,1.0,smoother_001,eu_id,0.06343437977910305,0.9570732259820034
homoscedastic,3,10.0,1.0,smoother_001,eu_heldout,0.06343437977910305,0.7975610216516694
homoscedastic,3,10.0,1.0,smoother_1,eu_agreement,0.43676411065012843,0.8834522085987724
homoscedastic,3,10.0,1.0,smoother_1,acquisition_overlap,0.43676411065012843,0.7140859186309388
homoscedastic,3,10.0,1.0,smoother_1,eu_group0,0.43676411065012843,0.8834522085987724
homoscedastic,3,10.0,1.0,smoother_1,eu_group1,0.43676411065012843,
homoscedastic,3,10.0,1.0,smoother_1,eu_id,0.43676411065012843,0.9816135651097472
homoscedastic,3,10.0,1.0,smoother_1,eu_heldout,0.43676411065012843,0.8466416999071569
homoscedastic,4,0.1,0.1,cka,eu_agreement,0.719223075935418,0.9570732259820034
homoscedastic,4,0.1,0.1,cka,acquisition_overlap,0.719223075935418,0.9103257939229528
homoscedastic,4,0.1,0.1,cka,eu_group0,0.719223075935418,0.9570732259820034
homoscedastic,4,0.1,0.1,cka,eu_group1,0.719223075935418,
homoscedastic,4,0.1,0.1,cka,eu_id,0.719223075935418,0.9570732259820034
homoscedastic,4,0.1,0.1,cka,eu_heldout,0.719223075935418,0.9570732259820034
homoscedastic,4,0.1,0.1,mknn,eu_agreement,0.8029999999999999,0.9629629629629629
homoscedastic,4,0.1,0.1,mknn,acquisition_overlap,0.8029999999999999,0.9159278516836723
homoscedastic,4,0.1,0.1,mknn,eu_group0,0.8029999999999999,0.9629629629629629
homoscedastic,4,0.1,0.1,mknn,eu_group1,0.8029999999999999,
homoscedastic,4,0.1,0.1,mknn,eu_id,0.8029999999999999,0.9629629629629629
homoscedastic,4,0.1,0.1,mknn,eu_heldout,0.8029999999999999,0.9629629629629629
homoscedastic,4,0.1,0.1,predictivity,eu_agreement,0.005806746844911448,0.8615425398559954
homoscedastic,4,0.1,0.1,predictivity,acquisition_overlap,0.005806746844911448,0.8013040650423012
homoscedastic,4,0.1,0.1,predictivity,eu_group0,0.005806746844911448,0.8615425398559954
homoscedastic,4,0.1,0.1,predictivity,eu_group1,0.005806746844911448,
homoscedastic,4,0.1,0.1,predictivity,eu_id,0.005806746844911448,0.8615425398559954
homoscedastic,4,0.1,0.1,predictivity,eu_heldout,0.005806746844911448,0.8615425398559954
homoscedastic,4,0.1,0.1,cca_type,eu_agreement,0.00047340834780318364,0.7095099819703212
homoscedastic,4,0.1,0.1,cca_type,acquisition_overlap,0.00047340834780318364,0.6853027025833884
homoscedastic,4,0.1,0.1,cca_type,eu_group0,0.00047340834780318364,0.7095099819703212
homoscedastic,4,0.1,0.1,cca_type,eu_group1,0.00047340834780318364,
homoscedastic,4,0.1,0.1,cca_type,eu_id,0.00047340834780318364,0.7095099819703212
homoscedastic,4,0.1,0.1,cca_type,eu_heldout,0.00047340834780318364,0.7095099819703212
homoscedastic,4,0.1,0.1,smoother_001,eu_agreement,0.050951474662823015,0.856305150653836
homoscedastic,4,0.1,0.1,smoother_001,acquisition_overlap,0.050951474662823015,0.7964328705698838
homoscedastic,4,0.1,0.1,smoother_001,eu_group0,0.050951474662823015,0.856305150653836
homoscedastic,4,0.1,0.1,smoother_001,eu_group1,0.050951474662823015,
homoscedastic,4,0.1,0.1,smoother_001,eu_id,0.050951474662823015,0.856305150653836
homoscedastic,4,0.1,0.1,smoother_001,eu_heldout,0.050951474662823015,0.856305150653836
homoscedastic,4,0.1,0.1,smoother_1,eu_agreement,0.44529493399352715,0.9786344578900984
homoscedastic,4,0.1,0.1,smoother_1,acquisition_overlap,0.44529493399352715,0.919910834999323
homoscedastic,4,0.1,0.1,smoother_1,eu_group0,0.44529493399352715,0.9786344578900984
homoscedastic,4,0.1,0.1,smoother_1,eu_group1,0.44529493399352715,
homoscedastic,4,0.1,0.1,smoother_1,eu_id,0.44529493399352715,0.9786344578900984
homoscedastic,4,0.1,0.1,smoother_1,eu_heldout,0.44529493399352715,0.9786344578900984
homoscedastic,4,0.1,0.25,cka,eu_agreement,0.719223075935418,0.9570732259820034
homoscedastic,4,0.1,0.25,cka,acquisition_overlap,0.719223075935418,0.9448030564181316
homoscedastic,4,0.1,0.25,cka,eu_group0,0.719223075935418,0.9570732259820034
homoscedastic,4,0.1,0.25,cka,eu_group1,0.719223075935418,
homoscedastic,4,0.1,0.25,cka,eu_id,0.719223075935418,0.9570732259820034
homoscedastic,4,0.1,0.25,cka,eu_heldout,0.719223075935418,0.9570732259820034
homoscedastic,4,0.1,0.25,mknn,eu_agreement,0.8029999999999999,0.9629629629629629
homoscedastic,4,0.1,0.25,mknn,acquisition_overlap,0.8029999999999999,0.9506172839506172
homoscedastic,4,0.1,0.25,mknn,eu_group0,0.8029999999999999,0.9629629629629629
homoscedastic,4,0.1,0.25,mknn,eu_group1,0.8029999999999999,
homoscedastic,4,0.1,0.25,mknn,eu_id,0.8029999999999999,0.9629629629629629
homoscedastic,4,0.1,0.25,mknn,eu_heldout,0.8029999999999999,0.9629629629629629
homoscedastic,4,0.1,0.25,predictivity,eu_agreement,0.005806746844911448,0.8615425398559954
homoscedastic,4,0.1,0.25,predictivity,acquisition_overlap,0.005806746844911448,0.8123115375785099
homoscedastic,4,0.1,0.25,predictivity,eu_group0,0.005806746844911448,0.8615425398559954
homoscedastic,4,0.1,0.25,predictivity,eu_group1,0.005806746844911448,
homoscedastic,4,0.1,0.25,predictivity,eu_id,0.005806746844911448,0.8615425398559954
homoscedastic,4,0.1,0.25,predictivity,eu_heldout,0.005806746844911448,0.8615425398559954
homoscedastic,4,0.1,0.25,cca_type,eu_agreement,0.00047340834780318364,0.7095099819703212
homoscedastic,4,0.1,0.25,cca_type,acquisition_overlap,0.00047340834780318364,0.6605782590758164
homoscedastic,4,0.1,0.25,cca_type,eu_group0,0.00047340834780318364,0.7095099819703212
homoscedastic,4,0.1,0.25,cca_type,eu_group1,0.00047340834780318364,
homoscedastic,4,0.1,0.25,cca_type,eu_id,0.00047340834780318364,0.7095099819703212
homoscedastic,4,0.1,0.25,cca_type,eu_heldout,0.00047340834780318364,0.7095099819703212
homoscedastic,4,0.1,0.25,smoother_001,eu_agreement,0.050951474662823015,0.856305150653836
homoscedastic,4,0.1,0.25,smoother_001,acquisition_overlap,0.050951474662823015,0.807373427759331
homoscedastic,4,0.1,0.25,smoother_001,eu_group0,0.050951474662823015,0.856305150653836
homoscedastic,4,0.1,0.25,smoother_001,eu_group1,0.050951474662823015,
homoscedastic,4,0.1,0.25,smoother_001,eu_id,0.050951474662823015,0.856305150653836
homoscedastic,4,0.1,0.25,smoother_001,eu_heldout,0.050951474662823015,0.856305150653836
homoscedastic,4,0.1,0.25,smoother_1,eu_agreement,0.44529493399352715,0.9786344578900984
homoscedastic,4,0.1,0.25,smoother_1,acquisition_overlap,0.44529493399352715,0.9541685964428458
homoscedastic,4,0.1,0.25,smoother_1,eu_group0,0.44529493399352715,0.9786344578900984
homoscedastic,4,0.1,0.25,smoother_1,eu_group1,0.44529493399352715,
homoscedastic,4,0.1,0.25,smoother_1,eu_id,0.44529493399352715,0.9786344578900984
homoscedastic,4,0.1,0.25,smoother_1,eu_heldout,0.44529493399352715,0.9786344578900984
homoscedastic,4,0.1,1.0,cka,eu_agreement,0.719223075935418,0.9570732259820034
homoscedastic,4,0.1,1.0,cka,acquisition_overlap,0.719223075935418,0.9186933470689147
homoscedastic,4,0.1,1.0,cka,eu_group0,0.719223075935418,0.9570732259820034
homoscedastic,4,0.1,1.0,cka,eu_group1,0.719223075935418,
homoscedastic,4,0.1,1.0,cka,eu_id,0.719223075935418,0.9816135651097472
homoscedastic,4,0.1,1.0,cka,eu_heldout,0.719223075935418,0.9570732259820034
homoscedastic,4,0.1,1.0,mknn,eu_agreement,0.8029999999999999,0.9629629629629629
homoscedastic,4,0.1,1.0,mknn,acquisition_overlap,0.8029999999999999,0.9243468979503966
homoscedastic,4,0.1,1.0,mknn,eu_group0,0.8029999999999999,0.9629629629629629
homoscedastic,4,0.1,1.0,mknn,eu_group1,0.8029999999999999,
homoscedastic,4,0.1,1.0,mknn,eu_id,0.8029999999999999,0.9876543209876544
homoscedastic,4,0.1,1.0,mknn,eu_heldout,0.8029999999999999,0.9629629629629629
homoscedastic,4,0.1,1.0,predictivity,eu_agreement,0.005806746844911448,0.8615425398559954
homoscedastic,4,0.1,1.0,predictivity,acquisition_overlap,0.005806746844911448,0.7321563385992527
homoscedastic,4,0.1,1.0,predictivity,eu_group0,0.005806746844911448,0.8615425398559954
homoscedastic,4,0.1,1.0,predictivity,eu_group1,0.005806746844911448,
homoscedastic,4,0.1,1.0,predictivity,eu_id,0.005806746844911448,0.8369270387172527
homoscedastic,4,0.1,1.0,predictivity,eu_heldout,0.005806746844911448,0.8615425398559954
homoscedastic,4,0.1,1.0,cca_type,eu_agreement,0.00047340834780318364,0.7095099819703212
homoscedastic,4,0.1,1.0,cca_type,acquisition_overlap,0.00047340834780318364,0.577145740540878
homoscedastic,4,0.1,1.0,cca_type,eu_group0,0.00047340834780318364,0.7095099819703212
homoscedastic,4,0.1,1.0,cca_type,eu_group1,0.00047340834780318364,
homoscedastic,4,0.1,1.0,cca_type,eu_id,0.00047340834780318364,0.6361123976285639
homoscedastic,4,0.1,1.0,cca_type,eu_heldout,0.00047340834780318364,0.7095099819703212
homoscedastic,4,0.1,1.0,smoother_001,eu_agreement,0.050951474662823015,0.856305150653836
homoscedastic,4,0.1,1.0,smoother_001,acquisition_overlap,0.050951474662823015,0.7277054989428462
homoscedastic,4,0.1,1.0,smoother_001,eu_group0,0.050951474662823015,0.856305150653836
homoscedastic,4,0.1,1.0,smoother_001,eu_group1,0.050951474662823015,
homoscedastic,4,0.1,1.0,smoother_001,eu_id,0.050951474662823015,0.8318392892065836
homoscedastic,4,0.1,1.0,smoother_001,eu_heldout,0.050951474662823015,0.856305150653836
homoscedastic,4,0.1,1.0,smoother_1,eu_agreement,0.44529493399352715,0.9786344578900984
homoscedastic,4,0.1,1.0,smoother_1,acquisition_overlap,0.44529493399352715,0.9284518434788037
homoscedastic,4,0.1,1.0,smoother_1,eu_group0,0.44529493399352715,0.9786344578900984
homoscedastic,4,0.1,1.0,smoother_1,eu_group1,0.44529493399352715,
homoscedastic,4,0.1,1.0,smoother_1,eu_id,0.44529493399352715,0.9541685964428458
homoscedastic,4,0.1,1.0,smoother_1,eu_heldout,0.44529493399352715,0.9786344578900984
homoscedastic,4,1.0,0.1,cka,eu_agreement,0.719223075935418,0.9570732259820034
homoscedastic,4,1.0,0.1,cka,acquisition_overlap,0.719223075935418,0.9103257939229528
homoscedastic,4,1.0,0.1,cka,eu_group0,0.719223075935418,0.9570732259820034
homoscedastic,4,1.0,0.1,cka,eu_group1,0.719223075935418,
homoscedastic,4,1.0,0.1,cka,eu_id,0.719223075935418,0.9570732259820034
homoscedastic,4,1.0,0.1,cka,eu_heldout,0.719223075935418,0.9570732259820034
homoscedastic,4,1.0,0.1,mknn,eu_agreement,0.8029999999999999,0.9629629629629629
homoscedastic,4,1.0,0.1,mknn,acquisition_overlap,0.8029999999999999,0.9159278516836723
homoscedastic,4,1.0,0.1,mknn,eu_group0,0.8029999999999999,0.9629629629629629
homoscedastic,4,1.0,0.1,mknn,eu_group1,0.8029999999999999,
homoscedastic,4,1.0,0.1,mknn,eu_id,0.8029999999999999,0.9629629629629629
homoscedastic,4,1.0,0.1,mknn,eu_heldout,0.8029999999999999,0.9629629629629629
homoscedastic,4,1.0,0.1,predictivity,eu_agreement,0.005806746844911448,0.8615425398559954
homoscedastic,4,1.0,0.1,predictivity,acquisition_overlap,0.005806746844911448,0.8013040650423012
homoscedastic,4,1.0,0.1,predictivity,eu_group0,0.005806746844911448,0.8615425398559954
homoscedastic,4,1.0,0.1,predictivity,eu_group1,0.005806746844911448,
homoscedastic,4,1.0,0.1,predictivity,eu_id,0.005806746844911448,0.8615425398559954
homoscedastic,4,1.0,0.1,predictivity,eu_heldout,0.005806746844911448,0.8615425398559954
homoscedastic,4,1.0,0.1,cca_type,eu_agreement,0.00047340834780318364,0.7095099819703212
homoscedastic,4,1.0,0.1,cca_type,acquisition_overlap,0.00047340834780318364,0.6853027025833884
homoscedastic,4,1.0,0.1,cca_type,eu_group0,0.00047340834780318364,0.7095099819703212
homoscedastic,4,1.0,0.1,cca_type,eu_group1,0.00047340834780318364,
homoscedastic,4,1.0,0.1,cca_type,eu_id,0.00047340834780318364,0.7095099819703212
homoscedastic,4,1.0,0.1,cca_type,eu_heldout,0.00047340834780318364,0.7095099819703212
homoscedastic,4,1.0,0.1,smoother_001,eu_agreement,0.050951474662823015,0.856305150653836
homoscedastic,4,1.0,0.1,smoother_001,acquisition_overlap,0.050951474662823015,0.7964328705698838
homoscedastic,4,1.0,0.1,smoother_001,eu_group0,0.050951474662823015,0.856305150653836
homoscedastic,4,1.0,0.1,smoother_001,eu_group1,0.050951474662823015,
homoscedastic,4,1.0,0.1,smoother_001,eu_id,0.050951474662823015,0.856305150653836
homoscedastic,4,1.0,0.1,smoother_001,eu_heldout,0.050951474662823015,0.856305150653836
homoscedastic,4,1.0,0.1,smoother_1,eu_agreement,0.44529493399352715,0.9786344578900984
homoscedastic,4,1.0,0.1,smoother_1,acquisition_overlap,0.44529493399352715,0.919910834999323
homoscedastic,4,1.0,0.1,smoother_1,eu_group0,0.44529493399352715,0.9786344578900984
homoscedastic,4,1.0,0.1,smoother_1,eu_group1,0.44529493399352715,
homoscedastic,4,1.0,0.1,smoother_1,eu_id,0.44529493399352715,0.9786344578900984
homoscedastic,4,1.0,0.1,smoother_1,eu_heldout,0.44529493399352715,0.9786344578900984
homoscedastic,4,1.0,0.25,cka,eu_agreement,0.719223075935418,0.9570732259820034
homoscedastic,4,1.0,0.25,cka,acquisition_overlap,0.719223075935418,0.9448030564181316
homoscedastic,4,1.0,0.25,cka,eu_group0,0.719223075935418,0.9570732259820034
homoscedastic,4,1.0,0.25,cka,eu_group1,0.719223075935418,
homoscedastic,4,1.0,0.25,cka,eu_id,0.719223075935418,0.993883734673619
homoscedastic,4,1.0,0.25,cka,eu_heldout,0.719223075935418,0.9570732259820034
homoscedastic,4,1.0,0.25,mknn,eu_agreement,0.8029999999999999,0.9629629629629629
homoscedastic,4,1.0,0.25,mknn,acquisition_overlap,0.8029999999999999,0.9506172839506172
homoscedastic,4,1.0,0.25,mknn,eu_group0,0.8029999999999999,0.9629629629629629
homoscedastic,4,1.0,0.25,mknn,eu_group1,0.8029999999999999,
homoscedastic,4,1.0,0.25,mknn,eu_id,0.8029999999999999,1.0
homoscedastic,4,1.0,0.25,mknn,eu_heldout,0.8029999999999999,0.9629629629629629
homoscedastic,4,1.0,0.25,predictivity,eu_agreement,0.005806746844911448,0.8615425398559954
homoscedastic,4,1.0,0.25,predictivity,acquisition_overlap,0.005806746844911448,0.8123115375785099
homoscedastic,4,1.0,0.25,predictivity,eu_group0,0.005806746844911448,0.8615425398559954
homoscedastic,4,1.0,0.25,predictivity,eu_group1,0.005806746844911448,
homoscedastic,4,1.0,0.25,predictivity,eu_id,0.005806746844911448,0.886158040994738
homoscedastic,4,1.0,0.25,predictivity,eu_heldout,0.005806746844911448,0.8615425398559954
homoscedastic,4,1.0,0.25,cca_type,eu_agreement,0.00047340834780318364,0.7095099819703212
homoscedastic,4,1.0,0.25,cca_type,acquisition_overlap,0.00047340834780318364,0.6605782590758164
homoscedastic,4,1.0,0.25,cca_type,eu_group0,0.00047340834780318364,0.7095099819703212
homoscedastic,4,1.0,0.25,cca_type,eu_group1,0.00047340834780318364,
homoscedastic,4,1.0,0.25,cca_type,eu_id,0.00047340834780318364,0.6850441205230687
homoscedastic,4,1.0,0.25,cca_type,eu_heldout,0.00047340834780318364,0.7095099819703212
homoscedastic,4,1.0,0.25,smoother_001,eu_agreement,0.050951474662823015,0.856305150653836
homoscedastic,4,1.0,0.25,smoother_001,acquisition_overlap,0.050951474662823015,0.807373427759331
homoscedastic,4,1.0,0.25,smoother_001,eu_group0,0.050951474662823015,0.856305150653836
homoscedastic,4,1.0,0.25,smoother_001,eu_group1,0.050951474662823015,
homoscedastic,4,1.0,0.25,smoother_001,eu_id,0.050951474662823015,0.8807710121010884
homoscedastic,4,1.0,0.25,smoother_001,eu_heldout,0.050951474662823015,0.856305150653836
homoscedastic,4,1.0,0.25,smoother_1,eu_agreement,0.44529493399352715,0.9786344578900984
homoscedastic,4,1.0,0.25,smoother_1,acquisition_overlap,0.44529493399352715,0.9541685964428458
homoscedastic,4,1.0,0.25,smoother_1,eu_group0,0.44529493399352715,0.9786344578900984
homoscedastic,4,1.0,0.25,smoother_1,eu_group1,0.44529493399352715,
homoscedastic,4,1.0,0.25,smoother_1,eu_id,0.44529493399352715,0.9786344578900984
homoscedastic,4,1.0,0.25,smoother_1,eu_heldout,0.44529493399352715,0.9786344578900984
homoscedastic,4,1.0,1.0,cka,eu_agreement,0.719223075935418,0.9570732259820034
homoscedastic,4,1.0,1.0,cka,acquisition_overlap,0.719223075935418,0.9448030564181316
homoscedastic,4,1.0,1.0,cka,eu_group0,0.719223075935418,0.9570732259820034
homoscedastic,4,1.0,1.0,cka,eu_group1,0.719223075935418,
homoscedastic,4,1.0,1.0,cka,eu_id,0.719223075935418,0.993883734673619
homoscedastic,4,1.0,1.0,cka,eu_heldout,0.719223075935418,0.9570732259820034
homoscedastic,4,1.0,1.0,mknn,eu_agreement,0.8029999999999999,0.9629629629629629
homoscedastic,4,1.0,1.0,mknn,acquisition_overlap,0.8029999999999999,0.9506172839506172
homoscedastic,4,1.0,1.0,mknn,eu_group0,0.8029999999999999,0.9629629629629629
homoscedastic,4,1.0,1.0,mknn,eu_group1,0.8029999999999999,
homoscedastic,4,1.0,1.0,mknn,eu_id,0.8029999999999999,1.0
homoscedastic,4,1.0,1.0,mknn,eu_heldout,0.8029999999999999,0.9629629629629629
homoscedastic,4,1.0,1.0,predictivity,eu_agreement,0.005806746844911448,0.8615425398559954
homoscedastic,4,1.0,1.0,predictivity,acquisition_overlap,0.005806746844911448,0.8123115375785099
homoscedastic,4,1.0,1.0,predictivity,eu_group0,0.005806746844911448,0.8615425398559954
homoscedastic,4,1.0,1.0,predictivity,eu_group1,0.005806746844911448,
homoscedastic,4,1.0,1.0,predictivity,eu_id,0.005806746844911448,0.886158040994738
homoscedastic,4,1.0,1.0,predictivity,eu_heldout,0.005806746844911448,0.8615425398559954
homoscedastic,4,1.0,1.0,cca_type,eu_agreement,0.00047340834780318364,0.7095099819703212
homoscedastic,4,1.0,1.0,cca_type,acquisition_overlap,0.00047340834780318364,0.6605782590758164
homoscedastic,4,1.0,1.0,cca_type,eu_group0,0.00047340834780318364,0.7095099819703212
homoscedastic,4,1.0,1.0,cca_type,eu_group1,0.00047340834780318364,
homoscedastic,4,1.0,1.0,cca_type,eu_id,0.00047340834780318364,0.6850441205230687
homoscedastic,4,1.0,1.0,cca_type,eu_heldout,0.00047340834780318364,0.7095099819703212
homoscedastic,4,1.0,1.0,smoother_001,eu_agreement,0.050951474662823015,0.856305150653836
homoscedastic,4,1.0,1.0,smoother_001,acquisition_overlap,0.050951474662823015,0.807373427759331
homoscedastic,4,1.0,1.0,smoother_001,eu_group0,0.050951474662823015,0.856305150653836
homoscedastic,4,1.0,1.0,smoother_001,eu_group1,0.050951474662823015,
homoscedastic,4,1.0,1.0,smoother_001,eu_id,0.050951474662823015,0.8807710121010884
homoscedastic,4,1.0,1.0,smoother_001,eu_heldout,0.050951474662823015,0.856305150653836
homoscedastic,4,1.0,1.0,smoother_1,eu_agreement,0.44529493399352715,0.9786344578900984
homoscedastic,4,1.0,1.0,smoother_1,acquisition_overlap,0.44529493399352715,0.9541685964428458
homoscedastic,4,1.0,1.0,smoother_1,eu_group0,0.44529493399352715,0.9786344578900984
homoscedastic,4,1.0,1.0,smoother_1,eu_group1,0.44529493399352715,
homoscedastic,4,1.0,1.0,smoother_1,eu_id,0.44529493399352715,0.9786344578900984
homoscedastic,4,1.0,1.0,smoother_1,eu_heldout,0.44529493399352715,0.9786344578900984
homoscedastic,4,10.0,0.1,cka,eu_agreement,0.719223075935418,0.9570732259820034
homoscedastic,4,10.0,0.1,cka,acquisition_overlap,0.719223075935418,0.8589118694710287
homoscedastic,4,10.0,0.1,cka,eu_group0,0.719223075935418,0.9570732259820034
homoscedastic,4,10.0,0.1,cka,eu_group1,0.719223075935418,
homoscedastic,4,10.0,0.1,cka,eu_id,0.719223075935418,0.9816135651097472
homoscedastic,4,10.0,0.1,cka,eu_heldout,0.719223075935418,0.9570732259820034
homoscedastic,4,10.0,0.1,mknn,eu_agreement,0.8029999999999999,0.9629629629629629
homoscedastic,4,10.0,0.1,mknn,acquisition_overlap,0.8029999999999999,0.8641975308641975
homoscedastic,4,10.0,0.1,mknn,eu_group0,0.8029999999999999,0.9629629629629629
homoscedastic,4,10.0,0.1,mknn,eu_group1,0.8029999999999999,
homoscedastic,4,10.0,0.1,mknn,eu_id,0.8029999999999999,0.9876543209876544
homoscedastic,4,10.0,0.1,mknn,eu_heldout,0.8029999999999999,0.9629629629629629
homoscedastic,4,10.0,0.1,predictivity,eu_agreement,0.005806746844911448,0.8615425398559954
homoscedastic,4,10.0,0.1,predictivity,acquisition_overlap,0.005806746844911448,0.7753882858703959
homoscedastic,4,10.0,0.1,predictivity,eu_group0,0.005806746844911448,0.8615425398559954
homoscedastic,4,10.0,0.1,predictivity,eu_group1,0.005806746844911448,
homoscedastic,4,10.0,0.1,predictivity,eu_id,0.005806746844911448,0.8984657915641096
homoscedastic,4,10.0,0.1,predictivity,eu_heldout,0.005806746844911448,0.8615425398559954
homoscedastic,4,10.0,0.1,cca_type,eu_agreement,0.00047340834780318364,0.7095099819703212
homoscedastic,4,10.0,0.1,cca_type,acquisition_overlap,0.00047340834780318364,0.697277051246695
homoscedastic,4,10.0,0.1,cca_type,eu_group0,0.00047340834780318364,0.7095099819703212
homoscedastic,4,10.0,0.1,cca_type,eu_group1,0.00047340834780318364,
homoscedastic,4,10.0,0.1,cca_type,eu_id,0.00047340834780318364,0.7217429126939475
homoscedastic,4,10.0,0.1,cca_type,eu_heldout,0.00047340834780318364,0.7095099819703212
homoscedastic,4,10.0,0.1,smoother_001,eu_agreement,0.050951474662823015,0.856305150653836
homoscedastic,4,10.0,0.1,smoother_001,acquisition_overlap,0.050951474662823015,0.7706746355884525
homoscedastic,4,10.0,0.1,smoother_001,eu_group0,0.050951474662823015,0.856305150653836
homoscedastic,4,10.0,0.1,smoother_001,eu_group1,0.050951474662823015,
homoscedastic,4,10.0,0.1,smoother_001,eu_id,0.050951474662823015,0.8930039428247147
homoscedastic,4,10.0,0.1,smoother_001,eu_heldout,0.050951474662823015,0.856305150653836
homoscedastic,4,10.0,0.1,smoother_1,eu_agreement,0.44529493399352715,0.9786344578900984
homoscedastic,4,10.0,0.1,smoother_1,acquisition_overlap,0.44529493399352715,0.8685380813774621
homoscedastic,4,10.0,0.1,smoother_1,eu_group0,0.44529493399352715,0.9786344578900984
homoscedastic,4,10.0,0.1,smoother_1,eu_group1,0.44529493399352715,
homoscedastic,4,10.0,0.1,smoother_1,eu_id,0.44529493399352715,0.9908673886137245
homoscedastic,4,10.0,0.1,smoother_1,eu_heldout,0.44529493399352715,0.9786344578900984
homoscedastic,4,10.0,0.25,cka,eu_agreement,0.719223075935418,0.9570732259820034
homoscedastic,4,10.0,0.25,cka,acquisition_overlap,0.719223075935418,0.9103257939229528
homoscedastic,4,10.0,0.25,cka,eu_group0,0.719223075935418,0.9570732259820034
homoscedastic,4,10.0,0.25,cka,eu_group1,0.719223075935418,
homoscedastic,4,10.0,0.25,cka,eu_id,0.719223075935418,0.993883734673619
homoscedastic,4,10.0,0.25,cka,eu_heldout,0.719223075935418,0.9570732259820034
homoscedastic,4,10.0,0.25,mknn,eu_agreement,0.8029999999999999,0.9629629629629629
homoscedastic,4,10.0,0.25,mknn,acquisition_overlap,0.8029999999999999,0.9159278516836723
homoscedastic,4,10.0,0.25,mknn,eu_group0,0.8029999999999999,0.9629629629629629
homoscedastic,4,10.0,0.25,mknn,eu_group1,0.8029999999999999,
homoscedastic,4,10.0,0.25,mknn,eu_id,0.8029999999999999,1.0
homoscedastic,4,10.0,0.25,mknn,eu_heldout,0.8029999999999999,0.9629629629629629
homoscedastic,4,10.0,0.25,predictivity,eu_agreement,0.005806746844911448,0.8615425398559954
homoscedastic,4,10.0,0.25,predictivity,acquisition_overlap,0.005806746844911448,0.8013040650423012
homoscedastic,4,10.0,0.25,predictivity,eu_group0,0.005806746844911448,0.8615425398559954
homoscedastic,4,10.0,0.25,predictivity,eu_group1,0.005806746844911448,
homoscedastic,4,10.0,0.25,predictivity,eu_id,0.005806746844911448,0.886158040994738
homoscedastic,4,10.0,0.25,predictivity,eu_heldout,0.005806746844911448,0.8615425398559954
homoscedastic,4,10.0,0.25,cca_type,eu_agreement,0.00047340834780318364,0.7095099819703212
homoscedastic,4,10.0,0.25,cca_type,acquisition_overlap,0.00047340834780318364,0.6853027025833884
homoscedastic,4,10.0,0.25,cca_type,eu_group0,0.00047340834780318364,0.7095099819703212
homoscedastic,4,10.0,0.25,cca_type,eu_group1,0.00047340834780318364,
homoscedastic,4,10.0,0.25,cca_type,eu_id,0.00047340834780318364,0.6850441205230687
homoscedastic,4,10.0,0.25,cca_type,eu_heldout,0.00047340834780318364,0.7095099819703212
homoscedastic,4,10.0,0.25,smoother_001,eu_agreement,0.050951474662823015,0.856305150653836
homoscedastic,4,10.0,0.25,smoother_001,acquisition_overlap,0.050951474662823015,0.7964328705698838
homoscedastic,4,10.0,0.25,smoother_001,eu_group0,0.050951474662823015,0.856305150653836
homoscedastic,4,10.0,0.25,smoother_001,eu_group1,0.050951474662823015,
homoscedastic,4,10.0,0.25,smoother_001,eu_id,0.050951474662823015,0.8807710121010884
homoscedastic,4,10.0,0.25,smoother_001,eu_heldout,0.050951474662823015,0.856305150653836
homoscedastic,4,10.0,0.25,smoother_1,eu_agreement,0.44529493399352715,0.9786344578900984
homoscedastic,4,10.0,0.25,smoother_1,acquisition_overlap,0.44529493399352715,0.919910834999323
homoscedastic,4,10.0,0.25,smoother_1,eu_group0,0.44529493399352715,0.9786344578900984
homoscedastic,4,10.0,0.25,smoother_1,eu_group1,0.44529493399352715,
homoscedastic,4,10.0,0.25,smoother_1,eu_id,0.44529493399352715,0.9786344578900984
homoscedastic,4,10.0,0.25,smoother_1,eu_heldout,0.44529493399352715,0.9786344578900984
homoscedastic,4,10.0,1.0,cka,eu_agreement,0.719223075935418,0.9816135651097472
homoscedastic,4,10.0,1.0,cka,acquisition_overlap,0.719223075935418,0.9103257939229528
homoscedastic,4,10.0,1.0,cka,eu_group0,0.719223075935418,0.9816135651097472
homoscedastic,4,10.0,1.0,cka,eu_group1,0.719223075935418,
homoscedastic,4,10.0,1.0,cka,eu_id,0.719223075935418,0.9570732259820034
homoscedastic,4,10.0,1.0,cka,eu_heldout,0.719223075935418,0.9570732259820034
homoscedastic,4,10.0,1.0,mknn,eu_agreement,0.8029999999999999,0.9876543209876544
homoscedastic,4,10.0,1.0,mknn,acquisition_overlap,0.8029999999999999,0.9159278516836723
homoscedastic,4,10.0,1.0,mknn,eu_group0,0.8029999999999999,0.9876543209876544
homoscedastic,4,10.0,1.0,mknn,eu_group1,0.8029999999999999,
homoscedastic,4,10.0,1.0,mknn,eu_id,0.8029999999999999,0.9629629629629629
homoscedastic,4,10.0,1.0,mknn,eu_heldout,0.8029999999999999,0.9629629629629629
homoscedastic,4,10.0,1.0,predictivity,eu_agreement,0.005806746844911448,0.8984657915641096
homoscedastic,4,10.0,1.0,predictivity,acquisition_overlap,0.005806746844911448,0.8013040650423012
homoscedastic,4,10.0,1.0,predictivity,eu_group0,0.005806746844911448,0.8984657915641096
homoscedastic,4,10.0,1.0,predictivity,eu_group1,0.005806746844911448,
homoscedastic,4,10.0,1.0,predictivity,eu_id,0.005806746844911448,0.9230812927028521
homoscedastic,4,10.0,1.0,predictivity,eu_heldout,0.005806746844911448,0.8615425398559954
homoscedastic,4,10.0,1.0,cca_type,eu_agreement,0.00047340834780318364,0.7217429126939475
homoscedastic,4,10.0,1.0,cca_type,acquisition_overlap,0.00047340834780318364,0.6853027025833884
homoscedastic,4,10.0,1.0,cca_type,eu_group0,0.00047340834780318364,0.7217429126939475
homoscedastic,4,10.0,1.0,cca_type,eu_group1,0.00047340834780318364,
homoscedastic,4,10.0,1.0,cca_type,eu_id,0.00047340834780318364,0.7462087741411999
homoscedastic,4,10.0,1.0,cca_type,eu_heldout,0.00047340834780318364,0.7095099819703212
homoscedastic,4,10.0,1.0,smoother_001,eu_agreement,0.050951474662823015,0.8930039428247147
homoscedastic,4,10.0,1.0,smoother_001,acquisition_overlap,0.050951474662823015,0.7964328705698838
homoscedastic,4,10.0,1.0,smoother_001,eu_group0,0.050951474662823015,0.8930039428247147
homoscedastic,4,10.0,1.0,smoother_001,eu_group1,0.050951474662823015,
homoscedastic,4,10.0,1.0,smoother_001,eu_id,0.050951474662823015,0.917469804271967
homoscedastic,4,10.0,1.0,smoother_001,eu_heldout,0.050951474662823015,0.856305150653836
homoscedastic,4,10.0,1.0,smoother_1,eu_agreement,0.44529493399352715,0.9908673886137245
homoscedastic,4,10.0,1.0,smoother_1,acquisition_overlap,0.44529493399352715,0.919910834999323
homoscedastic,4,10.0,1.0,smoother_1,eu_group0,0.44529493399352715,0.9908673886137245
homoscedastic,4,10.0,1.0,smoother_1,eu_group1,0.44529493399352715,
homoscedastic,4,10.0,1.0,smoother_1,eu_id,0.44529493399352715,0.917469804271967
homoscedastic,4,10.0,1.0,smoother_1,eu_heldout,0.44529493399352715,0.9786344578900984
