noise_condition,seed,prior,fraction,metric,target,metric_span,correlation
heteroscedastic,0,0.1,0.1,cka,eu_agreement,0.5429480590766869,0.9393939393939393
heteroscedastic,0,0.1,0.1,cka,acquisition_overlap,0.5429480590766869,0.8753839828992931
heteroscedastic,0,0.1,0.1,cka,eu_group0,0.5429480590766869,0.6484848484848483
heteroscedastic,0,0.1,0.1,cka,eu_group1,0.5429480590766869,0.9757575757575757
heteroscedastic,0,0.1,0.1,cka,eu_id,0.5429480590766869,0.9636363636363635
heteroscedastic,0,0.1,0.1,cka,eu_heldout,0.5429480590766869,0.7333333333333332
heteroscedastic,0,0.1,0.1,mknn,eu_agreement,0.37859778597785976,0.9151515151515152
heteroscedastic,0,0.1,0.1,mknn,acquisition_overlap,0.37859778597785976,0.8936211492096949
heteroscedastic,0,0.1,0.1,mknn,eu_group0,0.37859778597785976,0.6727272727272726
heteroscedastic,0,0.1,0.1,mknn,eu_group1,0.37859778597785976,0.9636363636363635
heteroscedastic,0,0.1,0.1,mknn,eu_id,0.37859778597785976,0.9393939393939393
heteroscedastic,0,0.1,0.1,mknn,eu_heldout,0.37859778597785976,0.7212121212121211
heteroscedastic,0,0.1,0.1,predictivity,eu_agreement,0.4617865922057611,0.8787878787878788
heteroscedastic,0,0.1,0.1,predictivity,acquisition_overlap,0.4617865922057611,0.7781190959104827
heteroscedastic,0,0.1,0.1,predictivity,eu_group0,0.4617865922057611,0.709090909090909
heteroscedastic,0,0.1,0.1,predictivity,eu_group1,0.4617865922057611,0.9151515151515152
heteroscedastic,0,0.1,0.1,predictivity,eu_id,0.4617865922057611,0.9151515151515152
heteroscedastic,0,0.1,0.1,predictivity,eu_heldout,0.4617865922057611,0.7454545454545454
heteroscedastic,0,0.1,0.1,cca_type,eu_agreement,1.017469719588604e-08,0.9515151515151514
heteroscedastic,0,0.1,0.1,cca_type,acquisition_overlap,1.017469719588604e-08,0.8510677611520905
heteroscedastic,0,0.1,0.1,cca_type,eu_group0,1.017469719588604e-08,0.6606060606060605
heteroscedastic,0,0.1,0.1,cca_type,eu_group1,1.017469719588604e-08,0.8666666666666665
heteroscedastic,0,0.1,0.1,cca_type,eu_id,1.017469719588604e-08,0.9393939393939393
heteroscedastic,0,0.1,0.1,cca_type,eu_heldout,1.017469719588604e-08,0.6969696969696969
heteroscedastic,0,0.1,0.1,smoother_001,eu_agreement,0.05144531581772782,0.9515151515151514
heteroscedastic,0,0.1,0.1,smoother_001,acquisition_overlap,0.05144531581772782,0.8510677611520905
heteroscedastic,0,0.1,0.1,smoother_001,eu_group0,0.05144531581772782,0.6606060606060605
heteroscedastic,0,0.1,0.1,smoother_001,eu_group1,0.05144531581772782,0.8666666666666665
heteroscedastic,0,0.1,0.1,smoother_001,eu_id,0.05144531581772782,0.9393939393939393
heteroscedastic,0,0.1,0.1,smoother_001,eu_heldout,0.05144531581772782,0.6969696969696969
heteroscedastic,0,0.1,0.1,smoother_1,eu_agreement,0.189560799703418,0.9393939393939393
heteroscedastic,0,0.1,0.1,smoother_1,acquisition_overlap,0.189560799703418,0.8267515394048879
heteroscedastic,0,0.1,0.1,smoother_1,eu_group0,0.189560799703418,0.7454545454545454
heteroscedastic,0,0.1,0.1,smoother_1,eu_group1,0.189560799703418,0.9151515151515152
heteroscedastic,0,0.1,0.1,smoother_1,eu_id,0.189560799703418,0.9515151515151514
heteroscedastic,0,0.1,0.1,smoother_1,eu_heldout,0.189560799703418,0.6242424242424242
heteroscedastic,0,0.1,0.25,cka,eu_agreement,0.5429480590766869,0.9757575757575757
heteroscedastic,0,0.1,0.25,cka,acquisition_overlap,0.5429480590766869,0.8624216160156492
heteroscedastic,0,0.1,0.25,cka,eu_group0,0.5429480590766869,0.7212121212121211
heteroscedastic,0,0.1,0.25,cka,eu_group1,0.5429480590766869,0.9515151515151514
heteroscedastic,0,0.1,0.25,cka,eu_id,0.5429480590766869,0.8787878787878788
heteroscedastic,0,0.1,0.25,cka,eu_heldout,0.5429480590766869,0.8181818181818182
heteroscedastic,0,0.1,0.25,mknn,eu_agreement,0.37859778597785976,0.9636363636363635
heteroscedastic,0,0.1,0.25,mknn,acquisition_overlap,0.37859778597785976,0.8868874774629015
heteroscedastic,0,0.1,0.25,mknn,eu_group0,0.37859778597785976,0.709090909090909
heteroscedastic,0,0.1,0.25,mknn,eu_group1,0.37859778597785976,0.9393939393939393
heteroscedastic,0,0.1,0.25,mknn,eu_id,0.37859778597785976,0.8545454545454544
heteroscedastic,0,0.1,0.25,mknn,eu_heldout,0.37859778597785976,0.8060606060606059
heteroscedastic,0,0.1,0.25,predictivity,eu_agreement,0.4617865922057611,0.9393939393939393
heteroscedastic,0,0.1,0.25,predictivity,acquisition_overlap,0.4617865922057611,0.7829075663120786
heteroscedastic,0,0.1,0.25,predictivity,eu_group0,0.4617865922057611,0.7212121212121211
heteroscedastic,0,0.1,0.25,predictivity,eu_group1,0.4617865922057611,0.8666666666666665
heteroscedastic,0,0.1,0.25,predictivity,eu_id,0.4617865922057611,0.8666666666666665
heteroscedastic,0,0.1,0.25,predictivity,eu_heldout,0.4617865922057611,0.7818181818181817
heteroscedastic,0,0.1,0.25,cca_type,eu_agreement,1.017469719588604e-08,0.9030303030303028
heteroscedastic,0,0.1,0.25,cca_type,acquisition_overlap,1.017469719588604e-08,0.9297027349955934
heteroscedastic,0,0.1,0.25,cca_type,eu_group0,1.017469719588604e-08,0.7212121212121211
heteroscedastic,0,0.1,0.25,cca_type,eu_group1,1.017469719588604e-08,0.8545454545454544
heteroscedastic,0,0.1,0.25,cca_type,eu_id,1.017469719588604e-08,0.7575757575757575
heteroscedastic,0,0.1,0.25,cca_type,eu_heldout,1.017469719588604e-08,0.7696969696969697
heteroscedastic,0,0.1,0.25,smoother_001,eu_agreement,0.05144531581772782,0.9030303030303028
heteroscedastic,0,0.1,0.25,smoother_001,acquisition_overlap,0.05144531581772782,0.9297027349955934
heteroscedastic,0,0.1,0.25,smoother_001,eu_group0,0.05144531581772782,0.7212121212121211
heteroscedastic,0,0.1,0.25,smoother_001,eu_group1,0.05144531581772782,0.8545454545454544
heteroscedastic,0,0.1,0.25,smoother_001,eu_id,0.05144531581772782,0.7575757575757575
heteroscedastic,0,0.1,0.25,smoother_001,eu_heldout,0.05144531581772782,0.7696969696969697
heteroscedastic,0,0.1,0.25,smoother_1,eu_agreement,0.189560799703418,0.9151515151515152
heteroscedastic,0,0.1,0.25,smoother_1,acquisition_overlap,0.189560799703418,0.9235862696337802
heteroscedastic,0,0.1,0.25,smoother_1,eu_group0,0.189560799703418,0.7696969696969697
heteroscedastic,0,0.1,0.25,smoother_1,eu_group1,0.189560799703418,0.8909090909090909
heteroscedastic,0,0.1,0.25,smoother_1,eu_id,0.189560799703418,0.7696969696969697
heteroscedastic,0,0.1,0.25,smoother_1,eu_heldout,0.189560799703418,0.7333333333333332
heteroscedastic,0,0.1,1.0,cka,eu_agreement,0.5429480590766869,0.8909090909090909
heteroscedastic,0,0.1,1.0,cka,acquisition_overlap,0.5429480590766869,0.7865999889816444
heteroscedastic,0,0.1,1.0,cka,eu_group0,0.5429480590766869,0.8303030303030302
heteroscedastic,0,0.1,1.0,cka,eu_group1,0.5429480590766869,0.9636363636363635
heteroscedastic,0,0.1,1.0,cka,eu_id,0.5429480590766869,0.9030303030303028
heteroscedastic,0,0.1,1.0,cka,eu_heldout,0.5429480590766869,0.9151515151515152
heteroscedastic,0,0.1,1.0,mknn,eu_agreement,0.37859778597785976,0.8787878787878788
heteroscedastic,0,0.1,1.0,mknn,acquisition_overlap,0.37859778597785976,0.7561116173156892
heteroscedastic,0,0.1,1.0,mknn,eu_group0,0.37859778597785976,0.8424242424242423
heteroscedastic,0,0.1,1.0,mknn,eu_group1,0.37859778597785976,0.9515151515151514
heteroscedastic,0,0.1,1.0,mknn,eu_id,0.37859778597785976,0.8909090909090909
heteroscedastic,0,0.1,1.0,mknn,eu_heldout,0.37859778597785976,0.8909090909090909
heteroscedastic,0,0.1,1.0,predictivity,eu_agreement,0.4617865922057611,0.8424242424242423
heteroscedastic,0,0.1,1.0,predictivity,acquisition_overlap,0.4617865922057611,0.7865999889816444
heteroscedastic,0,0.1,1.0,predictivity,eu_group0,0.4617865922057611,0.7939393939393938
heteroscedastic,0,0.1,1.0,predictivity,eu_group1,0.4617865922057611,0.9272727272727272
heteroscedastic,0,0.1,1.0,predictivity,eu_id,0.4617865922057611,0.8545454545454544
heteroscedastic,0,0.1,1.0,predictivity,eu_heldout,0.4617865922057611,0.8545454545454544
heteroscedastic,0,0.1,1.0,cca_type,eu_agreement,1.017469719588604e-08,0.7575757575757575
heteroscedastic,0,0.1,1.0,cca_type,acquisition_overlap,1.017469719588604e-08,0.6341581306518683
heteroscedastic,0,0.1,1.0,cca_type,eu_group0,1.017469719588604e-08,0.7818181818181817
heteroscedastic,0,0.1,1.0,cca_type,eu_group1,1.017469719588604e-08,0.8060606060606059
heteroscedastic,0,0.1,1.0,cca_type,eu_id,1.017469719588604e-08,0.7454545454545454
heteroscedastic,0,0.1,1.0,cca_type,eu_heldout,1.017469719588604e-08,0.8181818181818182
heteroscedastic,0,0.1,1.0,smoother_001,eu_agreement,0.05144531581772782,0.7575757575757575
heteroscedastic,0,0.1,1.0,smoother_001,acquisition_overlap,0.05144531581772782,0.6341581306518683
heteroscedastic,0,0.1,1.0,smoother_001,eu_group0,0.05144531581772782,0.7818181818181817
heteroscedastic,0,0.1,1.0,smoother_001,eu_group1,0.05144531581772782,0.8060606060606059
heteroscedastic,0,0.1,1.0,smoother_001,eu_id,0.05144531581772782,0.7454545454545454
heteroscedastic,0,0.1,1.0,smoother_001,eu_heldout,0.05144531581772782,0.8181818181818182
heteroscedastic,0,0.1,1.0,smoother_1,eu_agreement,0.189560799703418,0.7696969696969697
heteroscedastic,0,0.1,1.0,smoother_1,acquisition_overlap,0.189560799703418,0.7073302226501608
heteroscedastic,0,0.1,1.0,smoother_1,eu_group0,0.189560799703418,0.8545454545454544
heteroscedastic,0,0.1,1.0,smoother_1,eu_group1,0.189560799703418,0.8666666666666665
heteroscedastic,0,0.1,1.0,smoother_1,eu_id,0.189560799703418,0.7818181818181817
heteroscedastic,0,0.1,1.0,smoother_1,eu_heldout,0.189560799703418,0.8060606060606059
heteroscedastic,0,1.0,0.1,cka,eu_agreement,0.5429480590766869,0.9393939393939393
heteroscedastic,0,1.0,0.1,cka,acquisition_overlap,0.5429480590766869,0.8753839828992931
heteroscedastic,0,1.0,0.1,cka,eu_group0,0.5429480590766869,0.6121212121212121
heteroscedastic,0,1.0,0.1,cka,eu_group1,0.5429480590766869,0.9757575757575757
heteroscedastic,0,1.0,0.1,cka,eu_id,0.5429480590766869,0.9636363636363635
heteroscedastic,0,1.0,0.1,cka,eu_heldout,0.5429480590766869,0.7939393939393938
heteroscedastic,0,1.0,0.1,mknn,eu_agreement,0.37859778597785976,0.9151515151515152
heteroscedastic,0,1.0,0.1,mknn,acquisition_overlap,0.37859778597785976,0.8936211492096949
heteroscedastic,0,1.0,0.1,mknn,eu_group0,0.37859778597785976,0.6363636363636362
heteroscedastic,0,1.0,0.1,mknn,eu_group1,0.37859778597785976,0.9636363636363635
heteroscedastic,0,1.0,0.1,mknn,eu_id,0.37859778597785976,0.9393939393939393
heteroscedastic,0,1.0,0.1,mknn,eu_heldout,0.37859778597785976,0.7818181818181817
heteroscedastic,0,1.0,0.1,predictivity,eu_agreement,0.4617865922057611,0.8787878787878788
heteroscedastic,0,1.0,0.1,predictivity,acquisition_overlap,0.4617865922057611,0.7781190959104827
heteroscedastic,0,1.0,0.1,predictivity,eu_group0,0.4617865922057611,0.6848484848484848
heteroscedastic,0,1.0,0.1,predictivity,eu_group1,0.4617865922057611,0.9151515151515152
heteroscedastic,0,1.0,0.1,predictivity,eu_id,0.4617865922057611,0.9151515151515152
heteroscedastic,0,1.0,0.1,predictivity,eu_heldout,0.4617865922057611,0.8181818181818182
heteroscedastic,0,1.0,0.1,cca_type,eu_agreement,1.017469719588604e-08,0.9515151515151514
heteroscedastic,0,1.0,0.1,cca_type,acquisition_overlap,1.017469719588604e-08,0.8510677611520905
heteroscedastic,0,1.0,0.1,cca_type,eu_group0,1.017469719588604e-08,0.6121212121212121
heteroscedastic,0,1.0,0.1,cca_type,eu_group1,1.017469719588604e-08,0.8666666666666665
heteroscedastic,0,1.0,0.1,cca_type,eu_id,1.017469719588604e-08,0.9393939393939393
heteroscedastic,0,1.0,0.1,cca_type,eu_heldout,1.017469719588604e-08,0.7333333333333332
heteroscedastic,0,1.0,0.1,smoother_001,eu_agreement,0.05144531581772782,0.9515151515151514
heteroscedastic,0,1.0,0.1,smoother_001,acquisition_overlap,0.05144531581772782,0.8510677611520905
heteroscedastic,0,1.0,0.1,smoother_001,eu_group0,0.05144531581772782,0.6121212121212121
heteroscedastic,0,1.0,0.1,smoother_001,eu_group1,0.05144531581772782,0.8666666666666665
heteroscedastic,0,1.0,0.1,smoother_001,eu_id,0.05144531581772782,0.9393939393939393
heteroscedastic,0,1.0,0.1,smoother_001,eu_heldout,0.05144531581772782,0.7333333333333332
heteroscedastic,0,1.0,0.1,smoother_1,eu_agreement,0.189560799703418,0.9393939393939393
heteroscedastic,0,1.0,0.1,smoother_1,acquisition_overlap,0.189560799703418,0.8267515394048879
heteroscedastic,0,1.0,0.1,smoother_1,eu_group0,0.189560799703418,0.6848484848484848
heteroscedastic,0,1.0,0.1,smoother_1,eu_group1,0.189560799703418,0.9151515151515152
heteroscedastic,0,1.0,0.1,smoother_1,eu_id,0.189560799703418,0.9515151515151514
heteroscedastic,0,1.0,0.1,smoother_1,eu_heldout,0.189560799703418,0.6848484848484848
heteroscedastic,0,1.0,0.25,cka,eu_agreement,0.5429480590766869,0.9757575757575757
heteroscedastic,0,1.0,0.25,cka,acquisition_overlap,0.5429480590766869,0.8292837093139818
heteroscedastic,0,1.0,0.25,cka,eu_group0,0.5429480590766869,0.709090909090909
heteroscedastic,0,1.0,0.25,cka,eu_group1,0.5429480590766869,0.9515151515151514
heteroscedastic,0,1.0,0.25,cka,eu_id,0.5429480590766869,0.8787878787878788
heteroscedastic,0,1.0,0.25,cka,eu_heldout,0.5429480590766869,0.8181818181818182
heteroscedastic,0,1.0,0.25,mknn,eu_agreement,0.37859778597785976,0.9636363636363635
heteroscedastic,0,1.0,0.25,mknn,acquisition_overlap,0.37859778597785976,0.8475767323135548
heteroscedastic,0,1.0,0.25,mknn,eu_group0,0.37859778597785976,0.7212121212121211
heteroscedastic,0,1.0,0.25,mknn,eu_group1,0.37859778597785976,0.9393939393939393
heteroscedastic,0,1.0,0.25,mknn,eu_id,0.37859778597785976,0.8545454545454544
heteroscedastic,0,1.0,0.25,mknn,eu_heldout,0.37859778597785976,0.8060606060606059
heteroscedastic,0,1.0,0.25,predictivity,eu_agreement,0.4617865922057611,0.9393939393939393
heteroscedastic,0,1.0,0.25,predictivity,acquisition_overlap,0.4617865922057611,0.725623245649734
heteroscedastic,0,1.0,0.25,predictivity,eu_group0,0.4617865922057611,0.709090909090909
heteroscedastic,0,1.0,0.25,predictivity,eu_group1,0.4617865922057611,0.8666666666666665
heteroscedastic,0,1.0,0.25,predictivity,eu_id,0.4617865922057611,0.8666666666666665
heteroscedastic,0,1.0,0.25,predictivity,eu_heldout,0.4617865922057611,0.7818181818181817
heteroscedastic,0,1.0,0.25,cca_type,eu_agreement,1.017469719588604e-08,0.9030303030303028
heteroscedastic,0,1.0,0.25,cca_type,acquisition_overlap,1.017469719588604e-08,0.9451395216446113
heteroscedastic,0,1.0,0.25,cca_type,eu_group0,1.017469719588604e-08,0.6969696969696969
heteroscedastic,0,1.0,0.25,cca_type,eu_group1,1.017469719588604e-08,0.8545454545454544
heteroscedastic,0,1.0,0.25,cca_type,eu_id,1.017469719588604e-08,0.7575757575757575
heteroscedastic,0,1.0,0.25,cca_type,eu_heldout,1.017469719588604e-08,0.7696969696969697
heteroscedastic,0,1.0,0.25,smoother_001,eu_agreement,0.05144531581772782,0.9030303030303028
heteroscedastic,0,1.0,0.25,smoother_001,acquisition_overlap,0.05144531581772782,0.9451395216446113
heteroscedastic,0,1.0,0.25,smoother_001,eu_group0,0.05144531581772782,0.6969696969696969
heteroscedastic,0,1.0,0.25,smoother_001,eu_group1,0.05144531581772782,0.8545454545454544
heteroscedastic,0,1.0,0.25,smoother_001,eu_id,0.05144531581772782,0.7575757575757575
heteroscedastic,0,1.0,0.25,smoother_001,eu_heldout,0.05144531581772782,0.7696969696969697
heteroscedastic,0,1.0,0.25,smoother_1,eu_agreement,0.189560799703418,0.9151515151515152
heteroscedastic,0,1.0,0.25,smoother_1,acquisition_overlap,0.189560799703418,0.9207488243118473
heteroscedastic,0,1.0,0.25,smoother_1,eu_group0,0.189560799703418,0.7575757575757575
heteroscedastic,0,1.0,0.25,smoother_1,eu_group1,0.189560799703418,0.8909090909090909
heteroscedastic,0,1.0,0.25,smoother_1,eu_id,0.189560799703418,0.7696969696969697
heteroscedastic,0,1.0,0.25,smoother_1,eu_heldout,0.189560799703418,0.7333333333333332
heteroscedastic,0,1.0,1.0,cka,eu_agreement,0.5429480590766869,0.9272727272727272
heteroscedastic,0,1.0,1.0,cka,acquisition_overlap,0.5429480590766869,0.8196063584829573
heteroscedastic,0,1.0,1.0,cka,eu_group0,0.5429480590766869,0.8424242424242423
heteroscedastic,0,1.0,1.0,cka,eu_group1,0.5429480590766869,0.9636363636363635
heteroscedastic,0,1.0,1.0,cka,eu_id,0.5429480590766869,0.8787878787878788
heteroscedastic,0,1.0,1.0,cka,eu_heldout,0.5429480590766869,0.9151515151515152
heteroscedastic,0,1.0,1.0,mknn,eu_agreement,0.37859778597785976,0.9151515151515152
heteroscedastic,0,1.0,1.0,mknn,acquisition_overlap,0.37859778597785976,0.801256962397518
heteroscedastic,0,1.0,1.0,mknn,eu_group0,0.37859778597785976,0.8666666666666665
heteroscedastic,0,1.0,1.0,mknn,eu_group1,0.37859778597785976,0.9515151515151514
heteroscedastic,0,1.0,1.0,mknn,eu_id,0.37859778597785976,0.8545454545454544
heteroscedastic,0,1.0,1.0,mknn,eu_heldout,0.37859778597785976,0.8909090909090909
heteroscedastic,0,1.0,1.0,predictivity,eu_agreement,0.4617865922057611,0.8666666666666665
heteroscedastic,0,1.0,1.0,predictivity,acquisition_overlap,0.4617865922057611,0.7951404970357048
heteroscedastic,0,1.0,1.0,predictivity,eu_group0,0.4617865922057611,0.8181818181818182
heteroscedastic,0,1.0,1.0,predictivity,eu_group1,0.4617865922057611,0.9272727272727272
heteroscedastic,0,1.0,1.0,predictivity,eu_id,0.4617865922057611,0.8424242424242423
heteroscedastic,0,1.0,1.0,predictivity,eu_heldout,0.4617865922057611,0.8424242424242423
heteroscedastic,0,1.0,1.0,cca_type,eu_agreement,1.017469719588604e-08,0.8060606060606059
heteroscedastic,0,1.0,1.0,cca_type,acquisition_overlap,1.017469719588604e-08,0.6911605858848819
heteroscedastic,0,1.0,1.0,cca_type,eu_group0,1.017469719588604e-08,0.7454545454545454
heteroscedastic,0,1.0,1.0,cca_type,eu_group1,1.017469719588604e-08,0.8060606060606059
heteroscedastic,0,1.0,1.0,cca_type,eu_id,1.017469719588604e-08,0.7212121212121211
heteroscedastic,0,1.0,1.0,cca_type,eu_heldout,1.017469719588604e-08,0.7939393939393938
heteroscedastic,0,1.0,1.0,smoother_001,eu_agreement,0.05144531581772782,0.8060606060606059
heteroscedastic,0,1.0,1.0,smoother_001,acquisition_overlap,0.05144531581772782,0.6911605858848819
heteroscedastic,0,1.0,1.0,smoother_001,eu_group0,0.05144531581772782,0.7454545454545454
heteroscedastic,0,1.0,1.0,smoother_001,eu_group1,0.05144531581772782,0.8060606060606059
heteroscedastic,0,1.0,1.0,smoother_001,eu_id,0.05144531581772782,0.7212121212121211
heteroscedastic,0,1.0,1.0,smoother_001,eu_heldout,0.05144531581772782,0.7939393939393938
heteroscedastic,0,1.0,1.0,smoother_1,eu_agreement,0.189560799703418,0.8303030303030302
heteroscedastic,0,1.0,1.0,smoother_1,acquisition_overlap,0.189560799703418,0.7462087741411999
heteroscedastic,0,1.0,1.0,smoother_1,eu_group0,0.189560799703418,0.8181818181818182
heteroscedastic,0,1.0,1.0,smoother_1,eu_group1,0.189560799703418,0.8666666666666665
heteroscedastic,0,1.0,1.0,smoother_1,eu_id,0.189560799703418,0.7696969696969697
heteroscedastic,0,1.0,1.0,smoother_1,eu_heldout,0.189560799703418,0.7939393939393938
heteroscedastic,0,10.0,0.1,cka,eu_agreement,0.5429480590766869,0.9393939393939393
heteroscedastic,0,10.0,0.1,cka,acquisition_overlap,0.5429480590766869,0.8753839828992931
heteroscedastic,0,10.0,0.1,cka,eu_group0,0.5429480590766869,0.6484848484848483
heteroscedastic,0,10.0,0.1,cka,eu_group1,0.5429480590766869,0.9515151515151514
heteroscedastic,0,10.0,0.1,cka,eu_id,0.5429480590766869,0.9636363636363635
heteroscedastic,0,10.0,0.1,cka,eu_heldout,0.5429480590766869,0.7939393939393938
heteroscedastic,0,10.0,0.1,mknn,eu_agreement,0.37859778597785976,0.9151515151515152
heteroscedastic,0,10.0,0.1,mknn,acquisition_overlap,0.37859778597785976,0.8936211492096949
heteroscedastic,0,10.0,0.1,mknn,eu_group0,0.37859778597785976,0.6727272727272726
heteroscedastic,0,10.0,0.1,mknn,eu_group1,0.37859778597785976,0.9393939393939393
heteroscedastic,0,10.0,0.1,mknn,eu_id,0.37859778597785976,0.9393939393939393
heteroscedastic,0,10.0,0.1,mknn,eu_heldout,0.37859778597785976,0.7818181818181817
heteroscedastic,0,10.0,0.1,predictivity,eu_agreement,0.4617865922057611,0.8787878787878788
heteroscedastic,0,10.0,0.1,predictivity,acquisition_overlap,0.4617865922057611,0.7781190959104827
heteroscedastic,0,10.0,0.1,predictivity,eu_group0,0.4617865922057611,0.709090909090909
heteroscedastic,0,10.0,0.1,predictivity,eu_group1,0.4617865922057611,0.8666666666666665
heteroscedastic,0,10.0,0.1,predictivity,eu_id,0.4617865922057611,0.9151515151515152
heteroscedastic,0,10.0,0.1,predictivity,eu_heldout,0.4617865922057611,0.8181818181818182
heteroscedastic,0,10.0,0.1,cca_type,eu_agreement,1.017469719588604e-08,0.9515151515151514
heteroscedastic,0,10.0,0.1,cca_type,acquisition_overlap,1.017469719588604e-08,0.8510677611520905
heteroscedastic,0,10.0,0.1,cca_type,eu_group0,1.017469719588604e-08,0.6606060606060605
heteroscedastic,0,10.0,0.1,cca_type,eu_group1,1.017469719588604e-08,0.8545454545454544
heteroscedastic,0,10.0,0.1,cca_type,eu_id,1.017469719588604e-08,0.9393939393939393
heteroscedastic,0,10.0,0.1,cca_type,eu_heldout,1.017469719588604e-08,0.7333333333333332
heteroscedastic,0,10.0,0.1,smoother_001,eu_agreement,0.05144531581772782,0.9515151515151514
heteroscedastic,0,10.0,0.1,smoother_001,acquisition_overlap,0.05144531581772782,0.8510677611520905
heteroscedastic,0,10.0,0.1,smoother_001,eu_group0,0.05144531581772782,0.6606060606060605
heteroscedastic,0,10.0,0.1,smoother_001,eu_group1,0.05144531581772782,0.8545454545454544
heteroscedastic,0,10.0,0.1,smoother_001,eu_id,0.05144531581772782,0.9393939393939393
heteroscedastic,0,10.0,0.1,smoother_001,eu_heldout,0.05144531581772782,0.7333333333333332
heteroscedastic,0,10.0,0.1,smoother_1,eu_agreement,0.189560799703418,0.9393939393939393
heteroscedastic,0,10.0,0.1,smoother_1,acquisition_overlap,0.189560799703418,0.8267515394048879
heteroscedastic,0,10.0,0.1,smoother_1,eu_group0,0.189560799703418,0.7454545454545454
heteroscedastic,0,10.0,0.1,smoother_1,eu_group1,0.189560799703418,0.8909090909090909
heteroscedastic,0,10.0,0.1,smoother_1,eu_id,0.189560799703418,0.9515151515151514
heteroscedastic,0,10.0,0.1,smoother_1,eu_heldout,0.189560799703418,0.6848484848484848
heteroscedastic,0,10.0,0.25,cka,eu_agreement,0.5429480590766869,0.9757575757575757
heteroscedastic,0,10.0,0.25,cka,acquisition_overlap,0.5429480590766869,0.8292837093139818
heteroscedastic,0,10.0,0.25,cka,eu_group0,0.5429480590766869,0.709090909090909
heteroscedastic,0,10.0,0.25,cka,eu_group1,0.5429480590766869,0.9515151515151514
heteroscedastic,0,10.0,0.25,cka,eu_id,0.5429480590766869,0.8787878787878788
heteroscedastic,0,10.0,0.25,cka,eu_heldout,0.5429480590766869,0.8181818181818182
heteroscedastic,0,10.0,0.25,mknn,eu_agreement,0.37859778597785976,0.9636363636363635
heteroscedastic,0,10.0,0.25,mknn,acquisition_overlap,0.37859778597785976,0.8475767323135548
heteroscedastic,0,10.0,0.25,mknn,eu_group0,0.37859778597785976,0.7212121212121211
heteroscedastic,0,10.0,0.25,mknn,eu_group1,0.37859778597785976,0.9393939393939393
heteroscedastic,0,10.0,0.25,mknn,eu_id,0.37859778597785976,0.8545454545454544
heteroscedastic,0,10.0,0.25,mknn,eu_heldout,0.37859778597785976,0.8060606060606059
heteroscedastic,0,10.0,0.25,predictivity,eu_agreement,0.4617865922057611,0.9393939393939393
heteroscedastic,0,10.0,0.25,predictivity,acquisition_overlap,0.4617865922057611,0.725623245649734
heteroscedastic,0,10.0,0.25,predictivity,eu_group0,0.4617865922057611,0.709090909090909
heteroscedastic,0,10.0,0.25,predictivity,eu_group1,0.4617865922057611,0.8666666666666665
heteroscedastic,0,10.0,0.25,predictivity,eu_id,0.4617865922057611,0.8666666666666665
heteroscedastic,0,10.0,0.25,predictivity,eu_heldout,0.4617865922057611,0.7818181818181817
heteroscedastic,0,10.0,0.25,cca_type,eu_agreement,1.017469719588604e-08,0.9030303030303028
heteroscedastic,0,10.0,0.25,cca_type,acquisition_overlap,1.017469719588604e-08,0.9451395216446113
heteroscedastic,0,10.0,0.25,cca_type,eu_group0,1.017469719588604e-08,0.6969696969696969
heteroscedastic,0,10.0,0.25,cca_type,eu_group1,1.017469719588604e-08,0.8545454545454544
heteroscedastic,0,10.0,0.25,cca_type,eu_id,1.017469719588604e-08,0.7575757575757575
heteroscedastic,0,10.0,0.25,cca_type,eu_heldout,1.017469719588604e-08,0.7696969696969697
heteroscedastic,0,10.0,0.25,smoother_001,eu_agreement,0.05144531581772782,0.9030303030303028
heteroscedastic,0,10.0,0.25,smoother_001,acquisition_overlap,0.05144531581772782,0.9451395216446113
heteroscedastic,0,10.0,0.25,smoother_001,eu_group0,0.05144531581772782,0.6969696969696969
heteroscedastic,0,10.0,0.25,smoother_001,eu_group1,0.05144531581772782,0.8545454545454544
heteroscedastic,0,10.0,0.25,smoother_001,eu_id,0.05144531581772782,0.7575757575757575
heteroscedastic,0,10.0,0.25,smoother_001,eu_heldout,0.05144531581772782,0.7696969696969697
heteroscedastic,0,10.0,0.25,smoother_1,eu_agreement,0.189560799703418,0.9151515151515152
heteroscedastic,0,10.0,0.25,smoother_1,acquisition_overlap,0.189560799703418,0.9207488243118473
heteroscedastic,0,10.0,0.25,smoother_1,eu_group0,0.189560799703418,0.7575757575757575
heteroscedastic,0,10.0,0.25,smoother_1,eu_group1,0.189560799703418,0.8909090909090909
heteroscedastic,0,10.0,0.25,smoother_1,eu_id,0.189560799703418,0.7696969696969697
heteroscedastic,0,10.0,0.25,smoother_1,eu_heldout,0.189560799703418,0.7333333333333332
heteroscedastic,0,10.0,1.0,cka,eu_agreement,0.5429480590766869,0.9272727272727272
heteroscedastic,0,10.0,1.0,cka,acquisition_overlap,0.5429480590766869,0.8196063584829573
heteroscedastic,0,10.0,1.0,cka,eu_group0,0.5429480590766869,0.8666666666666665
heteroscedastic,0,10.0,1.0,cka,eu_group1,0.5429480590766869,0.9636363636363635
heteroscedastic,0,10.0,1.0,cka,eu_id,0.5429480590766869,0.8787878787878788
heteroscedastic,0,10.0,1.0,cka,eu_heldout,0.5429480590766869,0.9515151515151514
heteroscedastic,0,10.0,1.0,mknn,eu_agreement,0.37859778597785976,0.9151515151515152
heteroscedastic,0,10.0,1.0,mknn,acquisition_overlap,0.37859778597785976,0.801256962397518
heteroscedastic,0,10.0,1.0,mknn,eu_group0,0.37859778597785976,0.9030303030303028
heteroscedastic,0,10.0,1.0,mknn,eu_group1,0.37859778597785976,0.9515151515151514
heteroscedastic,0,10.0,1.0,mknn,eu_id,0.37859778597785976,0.8545454545454544
heteroscedastic,0,10.0,1.0,mknn,eu_heldout,0.37859778597785976,0.9272727272727272
heteroscedastic,0,10.0,1.0,predictivity,eu_agreement,0.4617865922057611,0.8666666666666665
heteroscedastic,0,10.0,1.0,predictivity,acquisition_overlap,0.4617865922057611,0.7951404970357048
heteroscedastic,0,10.0,1.0,predictivity,eu_group0,0.4617865922057611,0.8303030303030302
heteroscedastic,0,10.0,1.0,predictivity,eu_group1,0.4617865922057611,0.9272727272727272
heteroscedastic,0,10.0,1.0,predictivity,eu_id,0.4617865922057611,0.8424242424242423
heteroscedastic,0,10.0,1.0,predictivity,eu_heldout,0.4617865922057611,0.8787878787878788
heteroscedastic,0,10.0,1.0,cca_type,eu_agreement,1.017469719588604e-08,0.8060606060606059
heteroscedastic,0,10.0,1.0,cca_type,acquisition_overlap,1.017469719588604e-08,0.6911605858848819
heteroscedastic,0,10.0,1.0,cca_type,eu_group0,1.017469719588604e-08,0.7696969696969697
heteroscedastic,0,10.0,1.0,cca_type,eu_group1,1.017469719588604e-08,0.8060606060606059
heteroscedastic,0,10.0,1.0,cca_type,eu_id,1.017469719588604e-08,0.7212121212121211
heteroscedastic,0,10.0,1.0,cca_type,eu_heldout,1.017469719588604e-08,0.8424242424242423
heteroscedastic,0,10.0,1.0,smoother_001,eu_agreement,0.05144531581772782,0.8060606060606059
heteroscedastic,0,10.0,1.0,smoother_001,acquisition_overlap,0.05144531581772782,0.6911605858848819
heteroscedastic,0,10.0,1.0,smoother_001,eu_group0,0.05144531581772782,0.7696969696969697
heteroscedastic,0,10.0,1.0,smoother_001,eu_group1,0.05144531581772782,0.8060606060606059
heteroscedastic,0,10.0,1.0,smoother_001,eu_id,0.05144531581772782,0.7212121212121211
heteroscedastic,0,10.0,1.0,smoother_001,eu_heldout,0.05144531581772782,0.8424242424242423
heteroscedastic,0,10.0,1.0,smoother_1,eu_agreement,0.189560799703418,0.8303030303030302
heteroscedastic,0,10.0,1.0,smoother_1,acquisition_overlap,0.189560799703418,0.7462087741411999
heteroscedastic,0,10.0,1.0,smoother_1,eu_group0,0.189560799703418,0.8303030303030302
heteroscedastic,0,10.0,1.0,smoother_1,eu_group1,0.189560799703418,0.8666666666666665
heteroscedastic,0,10.0,1.0,smoother_1,eu_id,0.189560799703418,0.7696969696969697
heteroscedastic,0,10.0,1.0,smoother_1,eu_heldout,0.189560799703418,0.8424242424242423
heteroscedastic,1,0.1,0.1,cka,eu_agreement,0.5518100968471429,0.9757575757575757
heteroscedastic,1,0.1,0.1,cka,acquisition_overlap,0.5518100968471429,0.8328305948416885
heteroscedastic,1,0.1,0.1,cka,eu_group0,0.5518100968471429,0.8666666666666665
heteroscedastic,1,0.1,0.1,cka,eu_group1,0.5518100968471429,0.8303030303030302
heteroscedastic,1,0.1,0.1,cka,eu_id,0.5518100968471429,0.9636363636363635
heteroscedastic,1,0.1,0.1,cka,eu_heldout,0.5518100968471429,0.7939393939393938
heteroscedastic,1,0.1,0.1,mknn,eu_agreement,0.36199261992619924,0.9636363636363635
heteroscedastic,1,0.1,0.1,mknn,acquisition_overlap,0.36199261992619924,0.8206724839680872
heteroscedastic,1,0.1,0.1,mknn,eu_group0,0.36199261992619924,0.9030303030303028
heteroscedastic,1,0.1,0.1,mknn,eu_group1,0.36199261992619924,0.7696969696969697
heteroscedastic,1,0.1,0.1,mknn,eu_id,0.36199261992619924,0.9515151515151514
heteroscedastic,1,0.1,0.1,mknn,eu_heldout,0.36199261992619924,0.8060606060606059
heteroscedastic,1,0.1,0.1,predictivity,eu_agreement,0.5197082859904373,0.9393939393939393
heteroscedastic,1,0.1,0.1,predictivity,acquisition_overlap,0.5197082859904373,0.8145934285312865
heteroscedastic,1,0.1,0.1,predictivity,eu_group0,0.5197082859904373,0.9030303030303028
heteroscedastic,1,0.1,0.1,predictivity,eu_group1,0.5197082859904373,0.7696969696969697
heteroscedastic,1,0.1,0.1,predictivity,eu_id,0.5197082859904373,0.9515151515151514
heteroscedastic,1,0.1,0.1,predictivity,eu_heldout,0.5197082859904373,0.7818181818181817
heteroscedastic,1,0.1,0.1,cca_type,eu_agreement,1.0197428901292938e-08,0.9030303030303028
heteroscedastic,1,0.1,0.1,cca_type,acquisition_overlap,1.0197428901292938e-08,0.9118583155200968
heteroscedastic,1,0.1,0.1,cca_type,eu_group0,1.0197428901292938e-08,0.7939393939393938
heteroscedastic,1,0.1,0.1,cca_type,eu_group1,1.0197428901292938e-08,0.8181818181818182
heteroscedastic,1,0.1,0.1,cca_type,eu_id,1.0197428901292938e-08,0.8424242424242423
heteroscedastic,1,0.1,0.1,cca_type,eu_heldout,1.0197428901292938e-08,0.7696969696969697
heteroscedastic,1,0.1,0.1,smoother_001,eu_agreement,0.05246046803855864,0.9030303030303028
heteroscedastic,1,0.1,0.1,smoother_001,acquisition_overlap,0.05246046803855864,0.9118583155200968
heteroscedastic,1,0.1,0.1,smoother_001,eu_group0,0.05246046803855864,0.7939393939393938
heteroscedastic,1,0.1,0.1,smoother_001,eu_group1,0.05246046803855864,0.8181818181818182
heteroscedastic,1,0.1,0.1,smoother_001,eu_id,0.05246046803855864,0.8424242424242423
heteroscedastic,1,0.1,0.1,smoother_001,eu_heldout,0.05246046803855864,0.7696969696969697
heteroscedastic,1,0.1,0.1,smoother_1,eu_agreement,0.1965144346065345,0.9515151515151514
heteroscedastic,1,0.1,0.1,smoother_1,acquisition_overlap,0.1965144346065345,0.9118583155200968
heteroscedastic,1,0.1,0.1,smoother_1,eu_group0,0.1965144346065345,0.8909090909090909
heteroscedastic,1,0.1,0.1,smoother_1,eu_group1,0.1965144346065345,0.8424242424242423
heteroscedastic,1,0.1,0.1,smoother_1,eu_id,0.1965144346065345,0.9151515151515152
heteroscedastic,1,0.1,0.1,smoother_1,eu_heldout,0.1965144346065345,0.7696969696969697
heteroscedastic,1,0.1,0.25,cka,eu_agreement,0.5518100968471429,0.9393939393939393
heteroscedastic,1,0.1,0.25,cka,acquisition_overlap,0.5518100968471429,0.7987953376480265
heteroscedastic,1,0.1,0.25,cka,eu_group0,0.5518100968471429,0.7454545454545454
heteroscedastic,1,0.1,0.25,cka,eu_group1,0.5518100968471429,0.8181818181818182
heteroscedastic,1,0.1,0.25,cka,eu_id,0.5518100968471429,0.9030303030303028
heteroscedastic,1,0.1,0.25,cka,eu_heldout,0.5518100968471429,0.8181818181818182
heteroscedastic,1,0.1,0.25,mknn,eu_agreement,0.36199261992619924,0.9151515151515152
heteroscedastic,1,0.1,0.25,mknn,acquisition_overlap,0.36199261992619924,0.7805023146484533
heteroscedastic,1,0.1,0.25,mknn,eu_group0,0.36199261992619924,0.7575757575757575
heteroscedastic,1,0.1,0.25,mknn,eu_group1,0.36199261992619924,0.7575757575757575
heteroscedastic,1,0.1,0.25,mknn,eu_id,0.36199261992619924,0.8666666666666665
heteroscedastic,1,0.1,0.25,mknn,eu_heldout,0.36199261992619924,0.8060606060606059
heteroscedastic,1,0.1,0.25,predictivity,eu_agreement,0.5197082859904373,0.8666666666666665
heteroscedastic,1,0.1,0.25,predictivity,acquisition_overlap,0.5197082859904373,0.725623245649734
heteroscedastic,1,0.1,0.25,predictivity,eu_group0,0.5197082859904373,0.7333333333333332
heteroscedastic,1,0.1,0.25,predictivity,eu_group1,0.5197082859904373,0.7212121212121211
heteroscedastic,1,0.1,0.25,predictivity,eu_id,0.5197082859904373,0.8666666666666665
heteroscedastic,1,0.1,0.25,predictivity,eu_heldout,0.5197082859904373,0.7818181818181817
heteroscedastic,1,0.1,0.25,cca_type,eu_agreement,1.0197428901292938e-08,0.9272727272727272
heteroscedastic,1,0.1,0.25,cca_type,acquisition_overlap,1.0197428901292938e-08,0.9451395216446113
heteroscedastic,1,0.1,0.25,cca_type,eu_group0,1.0197428901292938e-08,0.7454545454545454
heteroscedastic,1,0.1,0.25,cca_type,eu_group1,1.0197428901292938e-08,0.8909090909090909
heteroscedastic,1,0.1,0.25,cca_type,eu_id,1.0197428901292938e-08,0.8424242424242423
heteroscedastic,1,0.1,0.25,cca_type,eu_heldout,1.0197428901292938e-08,0.7696969696969697
heteroscedastic,1,0.1,0.25,smoother_001,eu_agreement,0.05246046803855864,0.9272727272727272
heteroscedastic,1,0.1,0.25,smoother_001,acquisition_overlap,0.05246046803855864,0.9451395216446113
heteroscedastic,1,0.1,0.25,smoother_001,eu_group0,0.05246046803855864,0.7454545454545454
heteroscedastic,1,0.1,0.25,smoother_001,eu_group1,0.05246046803855864,0.8909090909090909
heteroscedastic,1,0.1,0.25,smoother_001,eu_id,0.05246046803855864,0.8424242424242423
heteroscedastic,1,0.1,0.25,smoother_001,eu_heldout,0.05246046803855864,0.7696969696969697
heteroscedastic,1,0.1,0.25,smoother_1,eu_agreement,0.1965144346065345,0.9515151515151514
heteroscedastic,1,0.1,0.25,smoother_1,acquisition_overlap,0.1965144346065345,0.8475767323135548
heteroscedastic,1,0.1,0.25,smoother_1,eu_group0,0.1965144346065345,0.8424242424242423
heteroscedastic,1,0.1,0.25,smoother_1,eu_group1,0.1965144346065345,0.8666666666666665
heteroscedastic,1,0.1,0.25,smoother_1,eu_id,0.1965144346065345,0.9030303030303028
heteroscedastic,1,0.1,0.25,smoother_1,eu_heldout,0.1965144346065345,0.7696969696969697
heteroscedastic,1,0.1,1.0,cka,eu_agreement,0.5518100968471429,0.9393939393939393
heteroscedastic,1,0.1,1.0,cka,acquisition_overlap,0.5518100968471429,0.8267515394048879
heteroscedastic,1,0.1,1.0,cka,eu_group0,0.5518100968471429,0.8666666666666665
heteroscedastic,1,0.1,1.0,cka,eu_group1,0.5518100968471429,0.9393939393939393
heteroscedastic,1,0.1,1.0,cka,eu_id,0.5518100968471429,0.8787878787878788
heteroscedastic,1,0.1,1.0,cka,eu_heldout,0.5518100968471429,0.8909090909090909
heteroscedastic,1,0.1,1.0,mknn,eu_agreement,0.36199261992619924,0.9272727272727272
heteroscedastic,1,0.1,1.0,mknn,acquisition_overlap,0.36199261992619924,0.8449887057152898
heteroscedastic,1,0.1,1.0,mknn,eu_group0,0.36199261992619924,0.8787878787878788
heteroscedastic,1,0.1,1.0,mknn,eu_group1,0.36199261992619924,0.9272727272727272
heteroscedastic,1,0.1,1.0,mknn,eu_id,0.36199261992619924,0.8545454545454544
heteroscedastic,1,0.1,1.0,mknn,eu_heldout,0.36199261992619924,0.8666666666666665
heteroscedastic,1,0.1,1.0,predictivity,eu_agreement,0.5197082859904373,0.8787878787878788
heteroscedastic,1,0.1,1.0,predictivity,acquisition_overlap,0.5197082859904373,0.790277206784084
heteroscedastic,1,0.1,1.0,predictivity,eu_group0,0.5197082859904373,0.8545454545454544
heteroscedastic,1,0.1,1.0,predictivity,eu_group1,0.5197082859904373,0.8787878787878788
heteroscedastic,1,0.1,1.0,predictivity,eu_id,0.5197082859904373,0.8424242424242423
heteroscedastic,1,0.1,1.0,predictivity,eu_heldout,0.5197082859904373,0.8181818181818182
heteroscedastic,1,0.1,1.0,cca_type,eu_agreement,1.0197428901292938e-08,0.7939393939393938
heteroscedastic,1,0.1,1.0,cca_type,acquisition_overlap,1.0197428901292938e-08,0.7659609850368815
heteroscedastic,1,0.1,1.0,cca_type,eu_group0,1.0197428901292938e-08,0.7333333333333332
heteroscedastic,1,0.1,1.0,cca_type,eu_group1,1.0197428901292938e-08,0.7939393939393938
heteroscedastic,1,0.1,1.0,cca_type,eu_id,1.0197428901292938e-08,0.7212121212121211
heteroscedastic,1,0.1,1.0,cca_type,eu_heldout,1.0197428901292938e-08,0.7454545454545454
heteroscedastic,1,0.1,1.0,smoother_001,eu_agreement,0.05246046803855864,0.7939393939393938
heteroscedastic,1,0.1,1.0,smoother_001,acquisition_overlap,0.05246046803855864,0.7659609850368815
heteroscedastic,1,0.1,1.0,smoother_001,eu_group0,0.05246046803855864,0.7333333333333332
heteroscedastic,1,0.1,1.0,smoother_001,eu_group1,0.05246046803855864,0.7939393939393938
heteroscedastic,1,0.1,1.0,smoother_001,eu_id,0.05246046803855864,0.7212121212121211
heteroscedastic,1,0.1,1.0,smoother_001,eu_heldout,0.05246046803855864,0.7454545454545454
heteroscedastic,1,0.1,1.0,smoother_1,eu_agreement,0.1965144346065345,0.8909090909090909
heteroscedastic,1,0.1,1.0,smoother_1,acquisition_overlap,0.1965144346065345,0.8085143730944859
heteroscedastic,1,0.1,1.0,smoother_1,eu_group0,0.1965144346065345,0.8424242424242423
heteroscedastic,1,0.1,1.0,smoother_1,eu_group1,0.1965144346065345,0.8909090909090909
heteroscedastic,1,0.1,1.0,smoother_1,eu_id,0.1965144346065345,0.8303030303030302
heteroscedastic,1,0.1,1.0,smoother_1,eu_heldout,0.1965144346065345,0.7696969696969697
heteroscedastic,1,1.0,0.1,cka,eu_agreement,0.5518100968471429,0.9757575757575757
heteroscedastic,1,1.0,0.1,cka,acquisition_overlap,0.5518100968471429,0.8328305948416885
heteroscedastic,1,1.0,0.1,cka,eu_group0,0.5518100968471429,0.8666666666666665
heteroscedastic,1,1.0,0.1,cka,eu_group1,0.5518100968471429,0.8303030303030302
heteroscedastic,1,1.0,0.1,cka,eu_id,0.5518100968471429,0.9636363636363635
heteroscedastic,1,1.0,0.1,cka,eu_heldout,0.5518100968471429,0.7939393939393938
heteroscedastic,1,1.0,0.1,mknn,eu_agreement,0.36199261992619924,0.9636363636363635
heteroscedastic,1,1.0,0.1,mknn,acquisition_overlap,0.36199261992619924,0.8206724839680872
heteroscedastic,1,1.0,0.1,mknn,eu_group0,0.36199261992619924,0.9030303030303028
heteroscedastic,1,1.0,0.1,mknn,eu_group1,0.36199261992619924,0.7696969696969697
heteroscedastic,1,1.0,0.1,mknn,eu_id,0.36199261992619924,0.9515151515151514
heteroscedastic,1,1.0,0.1,mknn,eu_heldout,0.36199261992619924,0.8060606060606059
heteroscedastic,1,1.0,0.1,predictivity,eu_agreement,0.5197082859904373,0.9393939393939393
heteroscedastic,1,1.0,0.1,predictivity,acquisition_overlap,0.5197082859904373,0.8145934285312865
heteroscedastic,1,1.0,0.1,predictivity,eu_group0,0.5197082859904373,0.9030303030303028
heteroscedastic,1,1.0,0.1,predictivity,eu_group1,0.5197082859904373,0.7696969696969697
heteroscedastic,1,1.0,0.1,predictivity,eu_id,0.5197082859904373,0.9515151515151514
heteroscedastic,1,1.0,0.1,predictivity,eu_heldout,0.5197082859904373,0.7818181818181817
heteroscedastic,1,1.0,0.1,cca_type,eu_agreement,1.0197428901292938e-08,0.9030303030303028
heteroscedastic,1,1.0,0.1,cca_type,acquisition_overlap,1.0197428901292938e-08,0.9118583155200968
heteroscedastic,1,1.0,0.1,cca_type,eu_group0,1.0197428901292938e-08,0.7939393939393938
heteroscedastic,1,1.0,0.1,cca_type,eu_group1,1.0197428901292938e-08,0.8181818181818182
heteroscedastic,1,1.0,0.1,cca_type,eu_id,1.0197428901292938e-08,0.8424242424242423
heteroscedastic,1,1.0,0.1,cca_type,eu_heldout,1.0197428901292938e-08,0.7696969696969697
heteroscedastic,1,1.0,0.1,smoother_001,eu_agreement,0.05246046803855864,0.9030303030303028
heteroscedastic,1,1.0,0.1,smoother_001,acquisition_overlap,0.05246046803855864,0.9118583155200968
heteroscedastic,1,1.0,0.1,smoother_001,eu_group0,0.05246046803855864,0.7939393939393938
heteroscedastic,1,1.0,0.1,smoother_001,eu_group1,0.05246046803855864,0.8181818181818182
heteroscedastic,1,1.0,0.1,smoother_001,eu_id,0.05246046803855864,0.8424242424242423
heteroscedastic,1,1.0,0.1,smoother_001,eu_heldout,0.05246046803855864,0.7696969696969697
heteroscedastic,1,1.0,0.1,smoother_1,eu_agreement,0.1965144346065345,0.9515151515151514
heteroscedastic,1,1.0,0.1,smoother_1,acquisition_overlap,0.1965144346065345,0.9118583155200968
heteroscedastic,1,1.0,0.1,smoother_1,eu_group0,0.1965144346065345,0.8909090909090909
heteroscedastic,1,1.0,0.1,smoother_1,eu_group1,0.1965144346065345,0.8424242424242423
heteroscedastic,1,1.0,0.1,smoother_1,eu_id,0.1965144346065345,0.9151515151515152
heteroscedastic,1,1.0,0.1,smoother_1,eu_heldout,0.1965144346065345,0.7696969696969697
heteroscedastic,1,1.0,0.25,cka,eu_agreement,0.5518100968471429,0.9393939393939393
heteroscedastic,1,1.0,0.25,cka,acquisition_overlap,0.5518100968471429,0.8303030303030302
heteroscedastic,1,1.0,0.25,cka,eu_group0,0.5518100968471429,0.7939393939393938
heteroscedastic,1,1.0,0.25,cka,eu_group1,0.5518100968471429,0.8181818181818182
heteroscedastic,1,1.0,0.25,cka,eu_id,0.5518100968471429,0.9030303030303028
heteroscedastic,1,1.0,0.25,cka,eu_heldout,0.5518100968471429,0.8181818181818182
heteroscedastic,1,1.0,0.25,mknn,eu_agreement,0.36199261992619924,0.9151515151515152
heteroscedastic,1,1.0,0.25,mknn,acquisition_overlap,0.36199261992619924,0.8181818181818182
heteroscedastic,1,1.0,0.25,mknn,eu_group0,0.36199261992619924,0.8181818181818182
heteroscedastic,1,1.0,0.25,mknn,eu_group1,0.36199261992619924,0.7575757575757575
heteroscedastic,1,1.0,0.25,mknn,eu_id,0.36199261992619924,0.8666666666666665
heteroscedastic,1,1.0,0.25,mknn,eu_heldout,0.36199261992619924,0.8060606060606059
heteroscedastic,1,1.0,0.25,predictivity,eu_agreement,0.5197082859904373,0.8666666666666665
heteroscedastic,1,1.0,0.25,predictivity,acquisition_overlap,0.5197082859904373,0.7818181818181817
heteroscedastic,1,1.0,0.25,predictivity,eu_group0,0.5197082859904373,0.7818181818181817
heteroscedastic,1,1.0,0.25,predictivity,eu_group1,0.5197082859904373,0.7212121212121211
heteroscedastic,1,1.0,0.25,predictivity,eu_id,0.5197082859904373,0.8666666666666665
heteroscedastic,1,1.0,0.25,predictivity,eu_heldout,0.5197082859904373,0.7818181818181817
heteroscedastic,1,1.0,0.25,cca_type,eu_agreement,1.0197428901292938e-08,0.9272727272727272
heteroscedastic,1,1.0,0.25,cca_type,acquisition_overlap,1.0197428901292938e-08,0.8909090909090909
heteroscedastic,1,1.0,0.25,cca_type,eu_group0,1.0197428901292938e-08,0.7575757575757575
heteroscedastic,1,1.0,0.25,cca_type,eu_group1,1.0197428901292938e-08,0.8909090909090909
heteroscedastic,1,1.0,0.25,cca_type,eu_id,1.0197428901292938e-08,0.8424242424242423
heteroscedastic,1,1.0,0.25,cca_type,eu_heldout,1.0197428901292938e-08,0.7696969696969697
heteroscedastic,1,1.0,0.25,smoother_001,eu_agreement,0.05246046803855864,0.9272727272727272
heteroscedastic,1,1.0,0.25,smoother_001,acquisition_overlap,0.05246046803855864,0.8909090909090909
heteroscedastic,1,1.0,0.25,smoother_001,eu_group0,0.05246046803855864,0.7575757575757575
heteroscedastic,1,1.0,0.25,smoother_001,eu_group1,0.05246046803855864,0.8909090909090909
heteroscedastic,1,1.0,0.25,smoother_001,eu_id,0.05246046803855864,0.8424242424242423
heteroscedastic,1,1.0,0.25,smoother_001,eu_heldout,0.05246046803855864,0.7696969696969697
heteroscedastic,1,1.0,0.25,smoother_1,eu_agreement,0.1965144346065345,0.9515151515151514
heteroscedastic,1,1.0,0.25,smoother_1,acquisition_overlap,0.1965144346065345,0.8181818181818182
heteroscedastic,1,1.0,0.25,smoother_1,eu_group0,0.1965144346065345,0.8666666666666665
heteroscedastic,1,1.0,0.25,smoother_1,eu_group1,0.1965144346065345,0.8666666666666665
heteroscedastic,1,1.0,0.25,smoother_1,eu_id,0.1965144346065345,0.9030303030303028
heteroscedastic,1,1.0,0.25,smoother_1,eu_heldout,0.1965144346065345,0.7696969696969697
heteroscedastic,1,1.0,1.0,cka,eu_agreement,0.5518100968471429,0.9393939393939393
heteroscedastic,1,1.0,1.0,cka,acquisition_overlap,0.5518100968471429,0.8449887057152898
heteroscedastic,1,1.0,1.0,cka,eu_group0,0.5518100968471429,0.8545454545454544
heteroscedastic,1,1.0,1.0,cka,eu_group1,0.5518100968471429,0.9393939393939393
heteroscedastic,1,1.0,1.0,cka,eu_id,0.5518100968471429,0.8787878787878788
heteroscedastic,1,1.0,1.0,cka,eu_heldout,0.5518100968471429,0.9636363636363635
heteroscedastic,1,1.0,1.0,mknn,eu_agreement,0.36199261992619924,0.9272727272727272
heteroscedastic,1,1.0,1.0,mknn,acquisition_overlap,0.36199261992619924,0.8632258720256917
heteroscedastic,1,1.0,1.0,mknn,eu_group0,0.36199261992619924,0.8666666666666665
heteroscedastic,1,1.0,1.0,mknn,eu_group1,0.36199261992619924,0.9272727272727272
heteroscedastic,1,1.0,1.0,mknn,eu_id,0.36199261992619924,0.8545454545454544
heteroscedastic,1,1.0,1.0,mknn,eu_heldout,0.36199261992619924,0.9515151515151514
heteroscedastic,1,1.0,1.0,predictivity,eu_agreement,0.5197082859904373,0.8787878787878788
heteroscedastic,1,1.0,1.0,predictivity,acquisition_overlap,0.5197082859904373,0.8085143730944859
heteroscedastic,1,1.0,1.0,predictivity,eu_group0,0.5197082859904373,0.8181818181818182
heteroscedastic,1,1.0,1.0,predictivity,eu_group1,0.5197082859904373,0.8787878787878788
heteroscedastic,1,1.0,1.0,predictivity,eu_id,0.5197082859904373,0.8424242424242423
heteroscedastic,1,1.0,1.0,predictivity,eu_heldout,0.5197082859904373,0.8909090909090909
heteroscedastic,1,1.0,1.0,cca_type,eu_agreement,1.0197428901292938e-08,0.7939393939393938
heteroscedastic,1,1.0,1.0,cca_type,acquisition_overlap,1.0197428901292938e-08,0.7659609850368815
heteroscedastic,1,1.0,1.0,cca_type,eu_group0,1.0197428901292938e-08,0.709090909090909
heteroscedastic,1,1.0,1.0,cca_type,eu_group1,1.0197428901292938e-08,0.7939393939393938
heteroscedastic,1,1.0,1.0,cca_type,eu_id,1.0197428901292938e-08,0.7212121212121211
heteroscedastic,1,1.0,1.0,cca_type,eu_heldout,1.0197428901292938e-08,0.8303030303030302
heteroscedastic,1,1.0,1.0,smoother_001,eu_agreement,0.05246046803855864,0.7939393939393938
heteroscedastic,1,1.0,1.0,smoother_001,acquisition_overlap,0.05246046803855864,0.7659609850368815
heteroscedastic,1,1.0,1.0,smoother_001,eu_group0,0.05246046803855864,0.709090909090909
heteroscedastic,1,1.0,1.0,smoother_001,eu_group1,0.05246046803855864,0.7939393939393938
heteroscedastic,1,1.0,1.0,smoother_001,eu_id,0.05246046803855864,0.7212121212121211
heteroscedastic,1,1.0,1.0,smoother_001,eu_heldout,0.05246046803855864,0.8303030303030302
heteroscedastic,1,1.0,1.0,smoother_1,eu_agreement,0.1965144346065345,0.8909090909090909
heteroscedastic,1,1.0,1.0,smoother_1,acquisition_overlap,0.1965144346065345,0.8389096502784891
heteroscedastic,1,1.0,1.0,smoother_1,eu_group0,0.1965144346065345,0.8303030303030302
heteroscedastic,1,1.0,1.0,smoother_1,eu_group1,0.1965144346065345,0.8909090909090909
heteroscedastic,1,1.0,1.0,smoother_1,eu_id,0.1965144346065345,0.8303030303030302
heteroscedastic,1,1.0,1.0,smoother_1,eu_heldout,0.1965144346065345,0.8909090909090909
heteroscedastic,1,10.0,0.1,cka,eu_agreement,0.5518100968471429,0.9757575757575757
heteroscedastic,1,10.0,0.1,cka,acquisition_overlap,0.5518100968471429,0.8328305948416885
heteroscedastic,1,10.0,0.1,cka,eu_group0,0.5518100968471429,0.8666666666666665
heteroscedastic,1,10.0,0.1,cka,eu_group1,0.5518100968471429,0.8303030303030302
heteroscedastic,1,10.0,0.1,cka,eu_id,0.5518100968471429,0.9757575757575757
heteroscedastic,1,10.0,0.1,cka,eu_heldout,0.5518100968471429,0.7939393939393938
heteroscedastic,1,10.0,0.1,mknn,eu_agreement,0.36199261992619924,0.9636363636363635
heteroscedastic,1,10.0,0.1,mknn,acquisition_overlap,0.36199261992619924,0.8206724839680872
heteroscedastic,1,10.0,0.1,mknn,eu_group0,0.36199261992619924,0.9030303030303028
heteroscedastic,1,10.0,0.1,mknn,eu_group1,0.36199261992619924,0.7696969696969697
heteroscedastic,1,10.0,0.1,mknn,eu_id,0.36199261992619924,0.9636363636363635
heteroscedastic,1,10.0,0.1,mknn,eu_heldout,0.36199261992619924,0.8060606060606059
heteroscedastic,1,10.0,0.1,predictivity,eu_agreement,0.5197082859904373,0.9393939393939393
heteroscedastic,1,10.0,0.1,predictivity,acquisition_overlap,0.5197082859904373,0.8145934285312865
heteroscedastic,1,10.0,0.1,predictivity,eu_group0,0.5197082859904373,0.9030303030303028
heteroscedastic,1,10.0,0.1,predictivity,eu_group1,0.5197082859904373,0.7696969696969697
heteroscedastic,1,10.0,0.1,predictivity,eu_id,0.5197082859904373,0.9393939393939393
heteroscedastic,1,10.0,0.1,predictivity,eu_heldout,0.5197082859904373,0.7818181818181817
heteroscedastic,1,10.0,0.1,cca_type,eu_agreement,1.0197428901292938e-08,0.9030303030303028
heteroscedastic,1,10.0,0.1,cca_type,acquisition_overlap,1.0197428901292938e-08,0.9118583155200968
heteroscedastic,1,10.0,0.1,cca_type,eu_group0,1.0197428901292938e-08,0.7939393939393938
heteroscedastic,1,10.0,0.1,cca_type,eu_group1,1.0197428901292938e-08,0.8181818181818182
heteroscedastic,1,10.0,0.1,cca_type,eu_id,1.0197428901292938e-08,0.9030303030303028
heteroscedastic,1,10.0,0.1,cca_type,eu_heldout,1.0197428901292938e-08,0.7696969696969697
heteroscedastic,1,10.0,0.1,smoother_001,eu_agreement,0.05246046803855864,0.9030303030303028
heteroscedastic,1,10.0,0.1,smoother_001,acquisition_overlap,0.05246046803855864,0.9118583155200968
heteroscedastic,1,10.0,0.1,smoother_001,eu_group0,0.05246046803855864,0.7939393939393938
heteroscedastic,1,10.0,0.1,smoother_001,eu_group1,0.05246046803855864,0.8181818181818182
heteroscedastic,1,10.0,0.1,smoother_001,eu_id,0.05246046803855864,0.9030303030303028
heteroscedastic,1,10.0,0.1,smoother_001,eu_heldout,0.05246046803855864,0.7696969696969697
heteroscedastic,1,10.0,0.1,smoother_1,eu_agreement,0.1965144346065345,0.9515151515151514
heteroscedastic,1,10.0,0.1,smoother_1,acquisition_overlap,0.1965144346065345,0.9118583155200968
heteroscedastic,1,10.0,0.1,smoother_1,eu_group0,0.1965144346065345,0.8909090909090909
heteroscedastic,1,10.0,0.1,smoother_1,eu_group1,0.1965144346065345,0.8424242424242423
heteroscedastic,1,10.0,0.1,smoother_1,eu_id,0.1965144346065345,0.9515151515151514
heteroscedastic,1,10.0,0.1,smoother_1,eu_heldout,0.1965144346065345,0.7696969696969697
heteroscedastic,1,10.0,0.25,cka,eu_agreement,0.5518100968471429,0.9393939393939393
heteroscedastic,1,10.0,0.25,cka,acquisition_overlap,0.5518100968471429,0.8303030303030302
heteroscedastic,1,10.0,0.25,cka,eu_group0,0.5518100968471429,0.7939393939393938
heteroscedastic,1,10.0,0.25,cka,eu_group1,0.5518100968471429,0.8181818181818182
heteroscedastic,1,10.0,0.25,cka,eu_id,0.5518100968471429,0.9030303030303028
heteroscedastic,1,10.0,0.25,cka,eu_heldout,0.5518100968471429,0.8181818181818182
heteroscedastic,1,10.0,0.25,mknn,eu_agreement,0.36199261992619924,0.9151515151515152
heteroscedastic,1,10.0,0.25,mknn,acquisition_overlap,0.36199261992619924,0.8181818181818182
heteroscedastic,1,10.0,0.25,mknn,eu_group0,0.36199261992619924,0.8181818181818182
heteroscedastic,1,10.0,0.25,mknn,eu_group1,0.36199261992619924,0.7575757575757575
heteroscedastic,1,10.0,0.25,mknn,eu_id,0.36199261992619924,0.8666666666666665
heteroscedastic,1,10.0,0.25,mknn,eu_heldout,0.36199261992619924,0.8060606060606059
heteroscedastic,1,10.0,0.25,predictivity,eu_agreement,0.5197082859904373,0.8666666666666665
heteroscedastic,1,10.0,0.25,predictivity,acquisition_overlap,0.5197082859904373,0.7818181818181817
heteroscedastic,1,10.0,0.25,predictivity,eu_group0,0.5197082859904373,0.7818181818181817
heteroscedastic,1,10.0,0.25,predictivity,eu_group1,0.5197082859904373,0.7212121212121211
heteroscedastic,1,10.0,0.25,predictivity,eu_id,0.5197082859904373,0.8666666666666665
heteroscedastic,1,10.0,0.25,predictivity,eu_heldout,0.5197082859904373,0.7818181818181817
heteroscedastic,1,10.0,0.25,cca_type,eu_agreement,1.0197428901292938e-08,0.9272727272727272
heteroscedastic,1,10.0,0.25,cca_type,acquisition_overlap,1.0197428901292938e-08,0.8909090909090909
heteroscedastic,1,10.0,0.25,cca_type,eu_group0,1.0197428901292938e-08,0.7575757575757575
heteroscedastic,1,10.0,0.25,cca_type,eu_group1,1.0197428901292938e-08,0.8909090909090909
heteroscedastic,1,10.0,0.25,cca_type,eu_id,1.0197428901292938e-08,0.8424242424242423
heteroscedastic,1,10.0,0.25,cca_type,eu_heldout,1.0197428901292938e-08,0.7696969696969697
heteroscedastic,1,10.0,0.25,smoother_001,eu_agreement,0.05246046803855864,0.9272727272727272
heteroscedastic,1,10.0,0.25,smoother_001,acquisition_overlap,0.05246046803855864,0.8909090909090909
heteroscedastic,1,10.0,0.25,smoother_001,eu_group0,0.05246046803855864,0.7575757575757575
heteroscedastic,1,10.0,0.25,smoother_001,eu_group1,0.05246046803855864,0.8909090909090909
heteroscedastic,1,10.0,0.25,smoother_001,eu_id,0.05246046803855864,0.8424242424242423
heteroscedastic,1,10.0,0.25,smoother_001,eu_heldout,0.05246046803855864,0.7696969696969697
heteroscedastic,1,10.0,0.25,smoother_1,eu_agreement,0.1965144346065345,0.9515151515151514
heteroscedastic,1,10.0,0.25,smoother_1,acquisition_overlap,0.1965144346065345,0.8181818181818182
heteroscedastic,1,10.0,0.25,smoother_1,eu_group0,0.1965144346065345,0.8666666666666665
heteroscedastic,1,10.0,0.25,smoother_1,eu_group1,0.1965144346065345,0.8666666666666665
heteroscedastic,1,10.0,0.25,smoother_1,eu_id,0.1965144346065345,0.9030303030303028
heteroscedastic,1,10.0,0.25,smoother_1,eu_heldout,0.1965144346065345,0.7696969696969697
heteroscedastic,1,10.0,1.0,cka,eu_agreement,0.5518100968471429,0.9393939393939393
heteroscedastic,1,10.0,1.0,cka,acquisition_overlap,0.5518100968471429,0.9057792600832962
heteroscedastic,1,10.0,1.0,cka,eu_group0,0.5518100968471429,0.8545454545454544
heteroscedastic,1,10.0,1.0,cka,eu_group1,0.5518100968471429,0.9393939393939393
heteroscedastic,1,10.0,1.0,cka,eu_id,0.5518100968471429,0.9151515151515152
heteroscedastic,1,10.0,1.0,cka,eu_heldout,0.5518100968471429,0.9636363636363635
heteroscedastic,1,10.0,1.0,mknn,eu_agreement,0.36199261992619924,0.9272727272727272
heteroscedastic,1,10.0,1.0,mknn,acquisition_overlap,0.36199261992619924,0.8936211492096949
heteroscedastic,1,10.0,1.0,mknn,eu_group0,0.36199261992619924,0.8666666666666665
heteroscedastic,1,10.0,1.0,mknn,eu_group1,0.36199261992619924,0.9272727272727272
heteroscedastic,1,10.0,1.0,mknn,eu_id,0.36199261992619924,0.8909090909090909
heteroscedastic,1,10.0,1.0,mknn,eu_heldout,0.36199261992619924,0.9515151515151514
heteroscedastic,1,10.0,1.0,predictivity,eu_agreement,0.5197082859904373,0.8787878787878788
heteroscedastic,1,10.0,1.0,predictivity,acquisition_overlap,0.5197082859904373,0.8449887057152898
heteroscedastic,1,10.0,1.0,predictivity,eu_group0,0.5197082859904373,0.8181818181818182
heteroscedastic,1,10.0,1.0,predictivity,eu_group1,0.5197082859904373,0.8787878787878788
heteroscedastic,1,10.0,1.0,predictivity,eu_id,0.5197082859904373,0.8666666666666665
heteroscedastic,1,10.0,1.0,predictivity,eu_heldout,0.5197082859904373,0.8909090909090909
heteroscedastic,1,10.0,1.0,cca_type,eu_agreement,1.0197428901292938e-08,0.7939393939393938
heteroscedastic,1,10.0,1.0,cca_type,acquisition_overlap,1.0197428901292938e-08,0.790277206784084
heteroscedastic,1,10.0,1.0,cca_type,eu_group0,1.0197428901292938e-08,0.709090909090909
heteroscedastic,1,10.0,1.0,cca_type,eu_group1,1.0197428901292938e-08,0.7939393939393938
heteroscedastic,1,10.0,1.0,cca_type,eu_id,1.0197428901292938e-08,0.7696969696969697
heteroscedastic,1,10.0,1.0,cca_type,eu_heldout,1.0197428901292938e-08,0.8303030303030302
heteroscedastic,1,10.0,1.0,smoother_001,eu_agreement,0.05246046803855864,0.7939393939393938
heteroscedastic,1,10.0,1.0,smoother_001,acquisition_overlap,0.05246046803855864,0.790277206784084
heteroscedastic,1,10.0,1.0,smoother_001,eu_group0,0.05246046803855864,0.709090909090909
heteroscedastic,1,10.0,1.0,smoother_001,eu_group1,0.05246046803855864,0.7939393939393938
heteroscedastic,1,10.0,1.0,smoother_001,eu_id,0.05246046803855864,0.7696969696969697
heteroscedastic,1,10.0,1.0,smoother_001,eu_heldout,0.05246046803855864,0.8303030303030302
heteroscedastic,1,10.0,1.0,smoother_1,eu_agreement,0.1965144346065345,0.8909090909090909
heteroscedastic,1,10.0,1.0,smoother_1,acquisition_overlap,0.1965144346065345,0.8875420937728943
heteroscedastic,1,10.0,1.0,smoother_1,eu_group0,0.1965144346065345,0.8303030303030302
heteroscedastic,1,10.0,1.0,smoother_1,eu_group1,0.1965144346065345,0.8909090909090909
heteroscedastic,1,10.0,1.0,smoother_1,eu_id,0.1965144346065345,0.8787878787878788
heteroscedastic,1,10.0,1.0,smoother_1,eu_heldout,0.1965144346065345,0.8909090909090909
heteroscedastic,2,0.1,0.1,cka,eu_agreement,0.5493133172179201,0.9393939393939393
heteroscedastic,2,0.1,0.1,cka,acquisition_overlap,0.5493133172179201,0.717845449393623
heteroscedastic,2,0.1,0.1,cka,eu_group0,0.5493133172179201,0.6484848484848483
heteroscedastic,2,0.1,0.1,cka,eu_group1,0.5493133172179201,0.9393939393939393
heteroscedastic,2,0.1,0.1,cka,eu_id,0.5493133172179201,0.9393939393939393
heteroscedastic,2,0.1,0.1,cka,eu_heldout,0.5493133172179201,0.8060606060606059
heteroscedastic,2,0.1,0.1,mknn,eu_agreement,0.3846863468634687,0.9393939393939393
heteroscedastic,2,0.1,0.1,mknn,acquisition_overlap,0.3846863468634687,0.717845449393623
heteroscedastic,2,0.1,0.1,mknn,eu_group0,0.3846863468634687,0.6484848484848483
heteroscedastic,2,0.1,0.1,mknn,eu_group1,0.3846863468634687,0.9393939393939393
heteroscedastic,2,0.1,0.1,mknn,eu_id,0.3846863468634687,0.9393939393939393
heteroscedastic,2,0.1,0.1,mknn,eu_heldout,0.3846863468634687,0.8060606060606059
heteroscedastic,2,0.1,0.1,predictivity,eu_agreement,0.5911289820763598,0.8666666666666665
heteroscedastic,2,0.1,0.1,predictivity,acquisition_overlap,0.5911289820763598,0.6319494127140443
heteroscedastic,2,0.1,0.1,predictivity,eu_group0,0.5911289820763598,0.6848484848484848
heteroscedastic,2,0.1,0.1,predictivity,eu_group1,0.5911289820763598,0.8666666666666665
heteroscedastic,2,0.1,0.1,predictivity,eu_id,0.5911289820763598,0.8666666666666665
heteroscedastic,2,0.1,0.1,predictivity,eu_heldout,0.5911289820763598,0.8424242424242423
heteroscedastic,2,0.1,0.1,cca_type,eu_agreement,1.0639401470946552e-08,0.9272727272727272
heteroscedastic,2,0.1,0.1,cca_type,acquisition_overlap,1.0639401470946552e-08,0.779199761307608
heteroscedastic,2,0.1,0.1,cca_type,eu_group0,1.0639401470946552e-08,0.6969696969696969
heteroscedastic,2,0.1,0.1,cca_type,eu_group1,1.0639401470946552e-08,0.9272727272727272
heteroscedastic,2,0.1,0.1,cca_type,eu_id,1.0639401470946552e-08,0.9272727272727272
heteroscedastic,2,0.1,0.1,cca_type,eu_heldout,1.0639401470946552e-08,0.7212121212121211
heteroscedastic,2,0.1,0.1,smoother_001,eu_agreement,0.05286222939809715,0.9272727272727272
heteroscedastic,2,0.1,0.1,smoother_001,acquisition_overlap,0.05286222939809715,0.779199761307608
heteroscedastic,2,0.1,0.1,smoother_001,eu_group0,0.05286222939809715,0.6969696969696969
heteroscedastic,2,0.1,0.1,smoother_001,eu_group1,0.05286222939809715,0.9272727272727272
heteroscedastic,2,0.1,0.1,smoother_001,eu_id,0.05286222939809715,0.9272727272727272
heteroscedastic,2,0.1,0.1,smoother_001,eu_heldout,0.05286222939809715,0.7212121212121211
heteroscedastic,2,0.1,0.1,smoother_1,eu_agreement,0.19385001931028778,0.9272727272727272
heteroscedastic,2,0.1,0.1,smoother_1,acquisition_overlap,0.19385001931028778,0.8405540732215928
heteroscedastic,2,0.1,0.1,smoother_1,eu_group0,0.19385001931028778,0.7454545454545454
heteroscedastic,2,0.1,0.1,smoother_1,eu_group1,0.19385001931028778,0.9272727272727272
heteroscedastic,2,0.1,0.1,smoother_1,eu_id,0.19385001931028778,0.9272727272727272
heteroscedastic,2,0.1,0.1,smoother_1,eu_heldout,0.19385001931028778,0.709090909090909
heteroscedastic,2,0.1,0.25,cka,eu_agreement,0.5493133172179201,0.9636363636363635
heteroscedastic,2,0.1,0.25,cka,acquisition_overlap,0.5493133172179201,0.6277666039945968
heteroscedastic,2,0.1,0.25,cka,eu_group0,0.5493133172179201,0.7454545454545454
heteroscedastic,2,0.1,0.25,cka,eu_group1,0.5493133172179201,0.9272727272727272
heteroscedastic,2,0.1,0.25,cka,eu_id,0.5493133172179201,0.9636363636363635
heteroscedastic,2,0.1,0.25,cka,eu_heldout,0.5493133172179201,0.7818181818181817
heteroscedastic,2,0.1,0.25,mknn,eu_agreement,0.3846863468634687,0.9636363636363635
heteroscedastic,2,0.1,0.25,mknn,acquisition_overlap,0.3846863468634687,0.6277666039945968
heteroscedastic,2,0.1,0.25,mknn,eu_group0,0.3846863468634687,0.7454545454545454
heteroscedastic,2,0.1,0.25,mknn,eu_group1,0.3846863468634687,0.9272727272727272
heteroscedastic,2,0.1,0.25,mknn,eu_id,0.3846863468634687,0.9636363636363635
heteroscedastic,2,0.1,0.25,mknn,eu_heldout,0.3846863468634687,0.7818181818181817
heteroscedastic,2,0.1,0.25,predictivity,eu_agreement,0.5911289820763598,0.9151515151515152
heteroscedastic,2,0.1,0.25,predictivity,acquisition_overlap,0.5911289820763598,0.5539117094069973
heteroscedastic,2,0.1,0.25,predictivity,eu_group0,0.5911289820763598,0.7333333333333332
heteroscedastic,2,0.1,0.25,predictivity,eu_group1,0.5911289820763598,0.8545454545454544
heteroscedastic,2,0.1,0.25,predictivity,eu_id,0.5911289820763598,0.9151515151515152
heteroscedastic,2,0.1,0.25,predictivity,eu_heldout,0.5911289820763598,0.8303030303030302
heteroscedastic,2,0.1,0.25,cca_type,eu_agreement,1.0639401470946552e-08,0.9393939393939393
heteroscedastic,2,0.1,0.25,cca_type,acquisition_overlap,1.0639401470946552e-08,0.7693218186208295
heteroscedastic,2,0.1,0.25,cca_type,eu_group0,1.0639401470946552e-08,0.7454545454545454
heteroscedastic,2,0.1,0.25,cca_type,eu_group1,1.0639401470946552e-08,0.9393939393939393
heteroscedastic,2,0.1,0.25,cca_type,eu_id,1.0639401470946552e-08,0.9393939393939393
heteroscedastic,2,0.1,0.25,cca_type,eu_heldout,1.0639401470946552e-08,0.6969696969696969
heteroscedastic,2,0.1,0.25,smoother_001,eu_agreement,0.05286222939809715,0.9393939393939393
heteroscedastic,2,0.1,0.25,smoother_001,acquisition_overlap,0.05286222939809715,0.7693218186208295
heteroscedastic,2,0.1,0.25,smoother_001,eu_group0,0.05286222939809715,0.7454545454545454
heteroscedastic,2,0.1,0.25,smoother_001,eu_group1,0.05286222939809715,0.9393939393939393
heteroscedastic,2,0.1,0.25,smoother_001,eu_id,0.05286222939809715,0.9393939393939393
heteroscedastic,2,0.1,0.25,smoother_001,eu_heldout,0.05286222939809715,0.6969696969696969
heteroscedastic,2,0.1,0.25,smoother_1,eu_agreement,0.19385001931028778,0.9515151515151514
heteroscedastic,2,0.1,0.25,smoother_1,acquisition_overlap,0.19385001931028778,0.8000946913656626
heteroscedastic,2,0.1,0.25,smoother_1,eu_group0,0.19385001931028778,0.8181818181818182
heteroscedastic,2,0.1,0.25,smoother_1,eu_group1,0.19385001931028778,0.9151515151515152
heteroscedastic,2,0.1,0.25,smoother_1,eu_id,0.19385001931028778,0.9515151515151514
heteroscedastic,2,0.1,0.25,smoother_1,eu_heldout,0.19385001931028778,0.6606060606060605
heteroscedastic,2,0.1,1.0,cka,eu_agreement,0.5493133172179201,0.9393939393939393
heteroscedastic,2,0.1,1.0,cka,acquisition_overlap,0.5493133172179201,0.8062492659146293
heteroscedastic,2,0.1,1.0,cka,eu_group0,0.5493133172179201,0.8424242424242423
heteroscedastic,2,0.1,1.0,cka,eu_group1,0.5493133172179201,0.9515151515151514
heteroscedastic,2,0.1,1.0,cka,eu_id,0.5493133172179201,0.9030303030303028
heteroscedastic,2,0.1,1.0,cka,eu_heldout,0.5493133172179201,0.9151515151515152
heteroscedastic,2,0.1,1.0,mknn,eu_agreement,0.3846863468634687,0.9393939393939393
heteroscedastic,2,0.1,1.0,mknn,acquisition_overlap,0.3846863468634687,0.8062492659146293
heteroscedastic,2,0.1,1.0,mknn,eu_group0,0.3846863468634687,0.8424242424242423
heteroscedastic,2,0.1,1.0,mknn,eu_group1,0.3846863468634687,0.9515151515151514
heteroscedastic,2,0.1,1.0,mknn,eu_id,0.3846863468634687,0.9030303030303028
heteroscedastic,2,0.1,1.0,mknn,eu_heldout,0.3846863468634687,0.9151515151515152
heteroscedastic,2,0.1,1.0,predictivity,eu_agreement,0.5911289820763598,0.8787878787878788
heteroscedastic,2,0.1,1.0,predictivity,acquisition_overlap,0.5911289820763598,0.7816309677187628
heteroscedastic,2,0.1,1.0,predictivity,eu_group0,0.5911289820763598,0.8181818181818182
heteroscedastic,2,0.1,1.0,predictivity,eu_group1,0.5911289820763598,0.8666666666666665
heteroscedastic,2,0.1,1.0,predictivity,eu_id,0.5911289820763598,0.8545454545454544
heteroscedastic,2,0.1,1.0,predictivity,eu_heldout,0.5911289820763598,0.8545454545454544
heteroscedastic,2,0.1,1.0,cca_type,eu_agreement,1.0639401470946552e-08,0.7939393939393938
heteroscedastic,2,0.1,1.0,cca_type,acquisition_overlap,1.0639401470946552e-08,0.7385489458759963
heteroscedastic,2,0.1,1.0,cca_type,eu_group0,1.0639401470946552e-08,0.7454545454545454
heteroscedastic,2,0.1,1.0,cca_type,eu_group1,1.0639401470946552e-08,0.8545454545454544
heteroscedastic,2,0.1,1.0,cca_type,eu_id,1.0639401470946552e-08,0.7454545454545454
heteroscedastic,2,0.1,1.0,cca_type,eu_heldout,1.0639401470946552e-08,0.8181818181818182
heteroscedastic,2,0.1,1.0,smoother_001,eu_agreement,0.05286222939809715,0.7939393939393938
heteroscedastic,2,0.1,1.0,smoother_001,acquisition_overlap,0.05286222939809715,0.7385489458759963
heteroscedastic,2,0.1,1.0,smoother_001,eu_group0,0.05286222939809715,0.7454545454545454
heteroscedastic,2,0.1,1.0,smoother_001,eu_group1,0.05286222939809715,0.8545454545454544
heteroscedastic,2,0.1,1.0,smoother_001,eu_id,0.05286222939809715,0.7454545454545454
heteroscedastic,2,0.1,1.0,smoother_001,eu_heldout,0.05286222939809715,0.8181818181818182
heteroscedastic,2,0.1,1.0,smoother_1,eu_agreement,0.19385001931028778,0.8424242424242423
heteroscedastic,2,0.1,1.0,smoother_1,acquisition_overlap,0.19385001931028778,0.8616404368553291
heteroscedastic,2,0.1,1.0,smoother_1,eu_group0,0.19385001931028778,0.8181818181818182
heteroscedastic,2,0.1,1.0,smoother_1,eu_group1,0.19385001931028778,0.8909090909090909
heteroscedastic,2,0.1,1.0,smoother_1,eu_id,0.19385001931028778,0.7818181818181817
heteroscedastic,2,0.1,1.0,smoother_1,eu_heldout,0.19385001931028778,0.8060606060606059
heteroscedastic,2,1.0,0.1,cka,eu_agreement,0.5493133172179201,0.9393939393939393
heteroscedastic,2,1.0,0.1,cka,acquisition_overlap,0.5493133172179201,0.717845449393623
heteroscedastic,2,1.0,0.1,cka,eu_group0,0.5493133172179201,0.6484848484848483
heteroscedastic,2,1.0,0.1,cka,eu_group1,0.5493133172179201,0.8909090909090909
heteroscedastic,2,1.0,0.1,cka,eu_id,0.5493133172179201,0.9393939393939393
heteroscedastic,2,1.0,0.1,cka,eu_heldout,0.5493133172179201,0.8060606060606059
heteroscedastic,2,1.0,0.1,mknn,eu_agreement,0.3846863468634687,0.9393939393939393
heteroscedastic,2,1.0,0.1,mknn,acquisition_overlap,0.3846863468634687,0.717845449393623
heteroscedastic,2,1.0,0.1,mknn,eu_group0,0.3846863468634687,0.6484848484848483
heteroscedastic,2,1.0,0.1,mknn,eu_group1,0.3846863468634687,0.8909090909090909
heteroscedastic,2,1.0,0.1,mknn,eu_id,0.3846863468634687,0.9393939393939393
heteroscedastic,2,1.0,0.1,mknn,eu_heldout,0.3846863468634687,0.8060606060606059
heteroscedastic,2,1.0,0.1,predictivity,eu_agreement,0.5911289820763598,0.8666666666666665
heteroscedastic,2,1.0,0.1,predictivity,acquisition_overlap,0.5911289820763598,0.6319494127140443
heteroscedastic,2,1.0,0.1,predictivity,eu_group0,0.5911289820763598,0.6848484848484848
heteroscedastic,2,1.0,0.1,predictivity,eu_group1,0.5911289820763598,0.8181818181818182
heteroscedastic,2,1.0,0.1,predictivity,eu_id,0.5911289820763598,0.8666666666666665
heteroscedastic,2,1.0,0.1,predictivity,eu_heldout,0.5911289820763598,0.8424242424242423
heteroscedastic,2,1.0,0.1,cca_type,eu_agreement,1.0639401470946552e-08,0.9272727272727272
heteroscedastic,2,1.0,0.1,cca_type,acquisition_overlap,1.0639401470946552e-08,0.779199761307608
heteroscedastic,2,1.0,0.1,cca_type,eu_group0,1.0639401470946552e-08,0.6969696969696969
heteroscedastic,2,1.0,0.1,cca_type,eu_group1,1.0639401470946552e-08,0.9151515151515152
heteroscedastic,2,1.0,0.1,cca_type,eu_id,1.0639401470946552e-08,0.9272727272727272
heteroscedastic,2,1.0,0.1,cca_type,eu_heldout,1.0639401470946552e-08,0.7212121212121211
heteroscedastic,2,1.0,0.1,smoother_001,eu_agreement,0.05286222939809715,0.9272727272727272
heteroscedastic,2,1.0,0.1,smoother_001,acquisition_overlap,0.05286222939809715,0.779199761307608
heteroscedastic,2,1.0,0.1,smoother_001,eu_group0,0.05286222939809715,0.6969696969696969
heteroscedastic,2,1.0,0.1,smoother_001,eu_group1,0.05286222939809715,0.9151515151515152
heteroscedastic,2,1.0,0.1,smoother_001,eu_id,0.05286222939809715,0.9272727272727272
heteroscedastic,2,1.0,0.1,smoother_001,eu_heldout,0.05286222939809715,0.7212121212121211
heteroscedastic,2,1.0,0.1,smoother_1,eu_agreement,0.19385001931028778,0.9272727272727272
heteroscedastic,2,1.0,0.1,smoother_1,acquisition_overlap,0.19385001931028778,0.8405540732215928
heteroscedastic,2,1.0,0.1,smoother_1,eu_group0,0.19385001931028778,0.7454545454545454
heteroscedastic,2,1.0,0.1,smoother_1,eu_group1,0.19385001931028778,0.9393939393939393
heteroscedastic,2,1.0,0.1,smoother_1,eu_id,0.19385001931028778,0.9272727272727272
heteroscedastic,2,1.0,0.1,smoother_1,eu_heldout,0.19385001931028778,0.709090909090909
heteroscedastic,2,1.0,0.25,cka,eu_agreement,0.5493133172179201,0.9636363636363635
heteroscedastic,2,1.0,0.25,cka,acquisition_overlap,0.5493133172179201,0.6277666039945968
heteroscedastic,2,1.0,0.25,cka,eu_group0,0.5493133172179201,0.709090909090909
heteroscedastic,2,1.0,0.25,cka,eu_group1,0.5493133172179201,0.9272727272727272
heteroscedastic,2,1.0,0.25,cka,eu_id,0.5493133172179201,0.9636363636363635
heteroscedastic,2,1.0,0.25,cka,eu_heldout,0.5493133172179201,0.7696969696969697
heteroscedastic,2,1.0,0.25,mknn,eu_agreement,0.3846863468634687,0.9636363636363635
heteroscedastic,2,1.0,0.25,mknn,acquisition_overlap,0.3846863468634687,0.6277666039945968
heteroscedastic,2,1.0,0.25,mknn,eu_group0,0.3846863468634687,0.709090909090909
heteroscedastic,2,1.0,0.25,mknn,eu_group1,0.3846863468634687,0.9272727272727272
heteroscedastic,2,1.0,0.25,mknn,eu_id,0.3846863468634687,0.9636363636363635
heteroscedastic,2,1.0,0.25,mknn,eu_heldout,0.3846863468634687,0.7696969696969697
heteroscedastic,2,1.0,0.25,predictivity,eu_agreement,0.5911289820763598,0.9151515151515152
heteroscedastic,2,1.0,0.25,predictivity,acquisition_overlap,0.5911289820763598,0.5539117094069973
heteroscedastic,2,1.0,0.25,predictivity,eu_group0,0.5911289820763598,0.709090909090909
heteroscedastic,2,1.0,0.25,predictivity,eu_group1,0.5911289820763598,0.8545454545454544
heteroscedastic,2,1.0,0.25,predictivity,eu_id,0.5911289820763598,0.9151515151515152
heteroscedastic,2,1.0,0.25,predictivity,eu_heldout,0.5911289820763598,0.8181818181818182
heteroscedastic,2,1.0,0.25,cca_type,eu_agreement,1.0639401470946552e-08,0.9393939393939393
heteroscedastic,2,1.0,0.25,cca_type,acquisition_overlap,1.0639401470946552e-08,0.7693218186208295
heteroscedastic,2,1.0,0.25,cca_type,eu_group0,1.0639401470946552e-08,0.6969696969696969
heteroscedastic,2,1.0,0.25,cca_type,eu_group1,1.0639401470946552e-08,0.9393939393939393
heteroscedastic,2,1.0,0.25,cca_type,eu_id,1.0639401470946552e-08,0.9393939393939393
heteroscedastic,2,1.0,0.25,cca_type,eu_heldout,1.0639401470946552e-08,0.6727272727272726
heteroscedastic,2,1.0,0.25,smoother_001,eu_agreement,0.05286222939809715,0.9393939393939393
heteroscedastic,2,1.0,0.25,smoother_001,acquisition_overlap,0.05286222939809715,0.7693218186208295
heteroscedastic,2,1.0,0.25,smoother_001,eu_group0,0.05286222939809715,0.6969696969696969
heteroscedastic,2,1.0,0.25,smoother_001,eu_group1,0.05286222939809715,0.9393939393939393
heteroscedastic,2,1.0,0.25,smoother_001,eu_id,0.05286222939809715,0.9393939393939393
heteroscedastic,2,1.0,0.25,smoother_001,eu_heldout,0.05286222939809715,0.6727272727272726
heteroscedastic,2,1.0,0.25,smoother_1,eu_agreement,0.19385001931028778,0.9515151515151514
heteroscedastic,2,1.0,0.25,smoother_1,acquisition_overlap,0.19385001931028778,0.8000946913656626
heteroscedastic,2,1.0,0.25,smoother_1,eu_group0,0.19385001931028778,0.7575757575757575
heteroscedastic,2,1.0,0.25,smoother_1,eu_group1,0.19385001931028778,0.9151515151515152
heteroscedastic,2,1.0,0.25,smoother_1,eu_id,0.19385001931028778,0.9515151515151514
heteroscedastic,2,1.0,0.25,smoother_1,eu_heldout,0.19385001931028778,0.6484848484848483
heteroscedastic,2,1.0,1.0,cka,eu_agreement,0.5493133172179201,0.9393939393939393
heteroscedastic,2,1.0,1.0,cka,acquisition_overlap,0.5493133172179201,0.8414790579803637
heteroscedastic,2,1.0,1.0,cka,eu_group0,0.5493133172179201,0.8424242424242423
heteroscedastic,2,1.0,1.0,cka,eu_group1,0.5493133172179201,0.9515151515151514
heteroscedastic,2,1.0,1.0,cka,eu_id,0.5493133172179201,0.9393939393939393
heteroscedastic,2,1.0,1.0,cka,eu_heldout,0.5493133172179201,0.7454545454545454
heteroscedastic,2,1.0,1.0,mknn,eu_agreement,0.3846863468634687,0.9393939393939393
heteroscedastic,2,1.0,1.0,mknn,acquisition_overlap,0.3846863468634687,0.8414790579803637
heteroscedastic,2,1.0,1.0,mknn,eu_group0,0.3846863468634687,0.8424242424242423
heteroscedastic,2,1.0,1.0,mknn,eu_group1,0.3846863468634687,0.9515151515151514
heteroscedastic,2,1.0,1.0,mknn,eu_id,0.3846863468634687,0.9393939393939393
heteroscedastic,2,1.0,1.0,mknn,eu_heldout,0.3846863468634687,0.7454545454545454
heteroscedastic,2,1.0,1.0,predictivity,eu_agreement,0.5911289820763598,0.8787878787878788
heteroscedastic,2,1.0,1.0,predictivity,acquisition_overlap,0.5911289820763598,0.8109906863144085
heteroscedastic,2,1.0,1.0,predictivity,eu_group0,0.5911289820763598,0.8181818181818182
heteroscedastic,2,1.0,1.0,predictivity,eu_group1,0.5911289820763598,0.8666666666666665
heteroscedastic,2,1.0,1.0,predictivity,eu_id,0.5911289820763598,0.8787878787878788
heteroscedastic,2,1.0,1.0,predictivity,eu_heldout,0.5911289820763598,0.7575757575757575
heteroscedastic,2,1.0,1.0,cca_type,eu_agreement,1.0639401470946552e-08,0.7939393939393938
heteroscedastic,2,1.0,1.0,cca_type,acquisition_overlap,1.0639401470946552e-08,0.7683069659820713
heteroscedastic,2,1.0,1.0,cca_type,eu_group0,1.0639401470946552e-08,0.7454545454545454
heteroscedastic,2,1.0,1.0,cca_type,eu_group1,1.0639401470946552e-08,0.8545454545454544
heteroscedastic,2,1.0,1.0,cca_type,eu_id,1.0639401470946552e-08,0.7939393939393938
heteroscedastic,2,1.0,1.0,cca_type,eu_heldout,1.0639401470946552e-08,0.6363636363636362
heteroscedastic,2,1.0,1.0,smoother_001,eu_agreement,0.05286222939809715,0.7939393939393938
heteroscedastic,2,1.0,1.0,smoother_001,acquisition_overlap,0.05286222939809715,0.7683069659820713
heteroscedastic,2,1.0,1.0,smoother_001,eu_group0,0.05286222939809715,0.7454545454545454
heteroscedastic,2,1.0,1.0,smoother_001,eu_group1,0.05286222939809715,0.8545454545454544
heteroscedastic,2,1.0,1.0,smoother_001,eu_id,0.05286222939809715,0.7939393939393938
heteroscedastic,2,1.0,1.0,smoother_001,eu_heldout,0.05286222939809715,0.6363636363636362
heteroscedastic,2,1.0,1.0,smoother_1,eu_agreement,0.19385001931028778,0.8424242424242423
heteroscedastic,2,1.0,1.0,smoother_1,acquisition_overlap,0.19385001931028778,0.8902604526458922
heteroscedastic,2,1.0,1.0,smoother_1,eu_group0,0.19385001931028778,0.8181818181818182
heteroscedastic,2,1.0,1.0,smoother_1,eu_group1,0.19385001931028778,0.8909090909090909
heteroscedastic,2,1.0,1.0,smoother_1,eu_id,0.19385001931028778,0.8424242424242423
heteroscedastic,2,1.0,1.0,smoother_1,eu_heldout,0.19385001931028778,0.6
heteroscedastic,2,10.0,0.1,cka,eu_agreement,0.5493133172179201,0.9393939393939393
heteroscedastic,2,10.0,0.1,cka,acquisition_overlap,0.5493133172179201,0.717845449393623
heteroscedastic,2,10.0,0.1,cka,eu_group0,0.5493133172179201,0.6484848484848483
heteroscedastic,2,10.0,0.1,cka,eu_group1,0.5493133172179201,0.8909090909090909
heteroscedastic,2,10.0,0.1,cka,eu_id,0.5493133172179201,0.9393939393939393
heteroscedastic,2,10.0,0.1,cka,eu_heldout,0.5493133172179201,0.8060606060606059
heteroscedastic,2,10.0,0.1,mknn,eu_agreement,0.3846863468634687,0.9393939393939393
heteroscedastic,2,10.0,0.1,mknn,acquisition_overlap,0.3846863468634687,0.717845449393623
heteroscedastic,2,10.0,0.1,mknn,eu_group0,0.3846863468634687,0.6484848484848483
heteroscedastic,2,10.0,0.1,mknn,eu_group1,0.3846863468634687,0.8909090909090909
heteroscedastic,2,10.0,0.1,mknn,eu_id,0.3846863468634687,0.9393939393939393
heteroscedastic,2,10.0,0.1,mknn,eu_heldout,0.3846863468634687,0.8060606060606059
heteroscedastic,2,10.0,0.1,predictivity,eu_agreement,0.5911289820763598,0.8666666666666665
heteroscedastic,2,10.0,0.1,predictivity,acquisition_overlap,0.5911289820763598,0.6319494127140443
heteroscedastic,2,10.0,0.1,predictivity,eu_group0,0.5911289820763598,0.6848484848484848
heteroscedastic,2,10.0,0.1,predictivity,eu_group1,0.5911289820763598,0.8181818181818182
heteroscedastic,2,10.0,0.1,predictivity,eu_id,0.5911289820763598,0.8666666666666665
heteroscedastic,2,10.0,0.1,predictivity,eu_heldout,0.5911289820763598,0.8424242424242423
heteroscedastic,2,10.0,0.1,cca_type,eu_agreement,1.0639401470946552e-08,0.9272727272727272
heteroscedastic,2,10.0,0.1,cca_type,acquisition_overlap,1.0639401470946552e-08,0.779199761307608
heteroscedastic,2,10.0,0.1,cca_type,eu_group0,1.0639401470946552e-08,0.6969696969696969
heteroscedastic,2,10.0,0.1,cca_type,eu_group1,1.0639401470946552e-08,0.9151515151515152
heteroscedastic,2,10.0,0.1,cca_type,eu_id,1.0639401470946552e-08,0.9272727272727272
heteroscedastic,2,10.0,0.1,cca_type,eu_heldout,1.0639401470946552e-08,0.7212121212121211
heteroscedastic,2,10.0,0.1,smoother_001,eu_agreement,0.05286222939809715,0.9272727272727272
heteroscedastic,2,10.0,0.1,smoother_001,acquisition_overlap,0.05286222939809715,0.779199761307608
heteroscedastic,2,10.0,0.1,smoother_001,eu_group0,0.05286222939809715,0.6969696969696969
heteroscedastic,2,10.0,0.1,smoother_001,eu_group1,0.05286222939809715,0.9151515151515152
heteroscedastic,2,10.0,0.1,smoother_001,eu_id,0.05286222939809715,0.9272727272727272
heteroscedastic,2,10.0,0.1,smoother_001,eu_heldout,0.05286222939809715,0.7212121212121211
heteroscedastic,2,10.0,0.1,smoother_1,eu_agreement,0.19385001931028778,0.9272727272727272
heteroscedastic,2,10.0,0.1,smoother_1,acquisition_overlap,0.19385001931028778,0.8405540732215928
heteroscedastic,2,10.0,0.1,smoother_1,eu_group0,0.19385001931028778,0.7454545454545454
heteroscedastic,2,10.0,0.1,smoother_1,eu_group1,0.19385001931028778,0.9393939393939393
heteroscedastic,2,10.0,0.1,smoother_1,eu_id,0.19385001931028778,0.9272727272727272
heteroscedastic,2,10.0,0.1,smoother_1,eu_heldout,0.19385001931028778,0.709090909090909
heteroscedastic,2,10.0,0.25,cka,eu_agreement,0.5493133172179201,0.9636363636363635
heteroscedastic,2,10.0,0.25,cka,acquisition_overlap,0.5493133172179201,0.6277666039945968
heteroscedastic,2,10.0,0.25,cka,eu_group0,0.5493133172179201,0.709090909090909
heteroscedastic,2,10.0,0.25,cka,eu_group1,0.5493133172179201,0.9272727272727272
heteroscedastic,2,10.0,0.25,cka,eu_id,0.5493133172179201,0.9636363636363635
heteroscedastic,2,10.0,0.25,cka,eu_heldout,0.5493133172179201,0.790277206784084
heteroscedastic,2,10.0,0.25,mknn,eu_agreement,0.3846863468634687,0.9636363636363635
heteroscedastic,2,10.0,0.25,mknn,acquisition_overlap,0.3846863468634687,0.6277666039945968
heteroscedastic,2,10.0,0.25,mknn,eu_group0,0.3846863468634687,0.709090909090909
heteroscedastic,2,10.0,0.25,mknn,eu_group1,0.3846863468634687,0.9272727272727272
heteroscedastic,2,10.0,0.25,mknn,eu_id,0.3846863468634687,0.9636363636363635
heteroscedastic,2,10.0,0.25,mknn,eu_heldout,0.3846863468634687,0.790277206784084
heteroscedastic,2,10.0,0.25,predictivity,eu_agreement,0.5911289820763598,0.9151515151515152
heteroscedastic,2,10.0,0.25,predictivity,acquisition_overlap,0.5911289820763598,0.5539117094069973
heteroscedastic,2,10.0,0.25,predictivity,eu_group0,0.5911289820763598,0.709090909090909
heteroscedastic,2,10.0,0.25,predictivity,eu_group1,0.5911289820763598,0.8545454545454544
heteroscedastic,2,10.0,0.25,predictivity,eu_id,0.5911289820763598,0.9151515151515152
heteroscedastic,2,10.0,0.25,predictivity,eu_heldout,0.5911289820763598,0.8328305948416885
heteroscedastic,2,10.0,0.25,cca_type,eu_agreement,1.0639401470946552e-08,0.9393939393939393
heteroscedastic,2,10.0,0.25,cca_type,acquisition_overlap,1.0639401470946552e-08,0.7693218186208295
heteroscedastic,2,10.0,0.25,cca_type,eu_group0,1.0639401470946552e-08,0.6969696969696969
heteroscedastic,2,10.0,0.25,cca_type,eu_group1,1.0639401470946552e-08,0.9393939393939393
heteroscedastic,2,10.0,0.25,cca_type,eu_id,1.0639401470946552e-08,0.9393939393939393
heteroscedastic,2,10.0,0.25,cca_type,eu_heldout,1.0639401470946552e-08,0.6990913752320743
heteroscedastic,2,10.0,0.25,smoother_001,eu_agreement,0.05286222939809715,0.9393939393939393
heteroscedastic,2,10.0,0.25,smoother_001,acquisition_overlap,0.05286222939809715,0.7693218186208295
heteroscedastic,2,10.0,0.25,smoother_001,eu_group0,0.05286222939809715,0.6969696969696969
heteroscedastic,2,10.0,0.25,smoother_001,eu_group1,0.05286222939809715,0.9393939393939393
heteroscedastic,2,10.0,0.25,smoother_001,eu_id,0.05286222939809715,0.9393939393939393
heteroscedastic,2,10.0,0.25,smoother_001,eu_heldout,0.05286222939809715,0.6990913752320743
heteroscedastic,2,10.0,0.25,smoother_1,eu_agreement,0.19385001931028778,0.9515151515151514
heteroscedastic,2,10.0,0.25,smoother_1,acquisition_overlap,0.19385001931028778,0.8000946913656626
heteroscedastic,2,10.0,0.25,smoother_1,eu_group0,0.19385001931028778,0.7575757575757575
heteroscedastic,2,10.0,0.25,smoother_1,eu_group1,0.19385001931028778,0.9151515151515152
heteroscedastic,2,10.0,0.25,smoother_1,eu_id,0.19385001931028778,0.9515151515151514
heteroscedastic,2,10.0,0.25,smoother_1,eu_heldout,0.19385001931028778,0.6808542089216724
heteroscedastic,2,10.0,1.0,cka,eu_agreement,0.5493133172179201,0.9515151515151514
heteroscedastic,2,10.0,1.0,cka,acquisition_overlap,0.5493133172179201,0.8292837093139818
heteroscedastic,2,10.0,1.0,cka,eu_group0,0.5493133172179201,0.8303030303030302
heteroscedastic,2,10.0,1.0,cka,eu_group1,0.5493133172179201,0.9515151515151514
heteroscedastic,2,10.0,1.0,cka,eu_id,0.5493133172179201,0.9393939393939393
heteroscedastic,2,10.0,1.0,cka,eu_heldout,0.5493133172179201,0.7212121212121211
heteroscedastic,2,10.0,1.0,mknn,eu_agreement,0.3846863468634687,0.9515151515151514
heteroscedastic,2,10.0,1.0,mknn,acquisition_overlap,0.3846863468634687,0.8292837093139818
heteroscedastic,2,10.0,1.0,mknn,eu_group0,0.3846863468634687,0.8303030303030302
heteroscedastic,2,10.0,1.0,mknn,eu_group1,0.3846863468634687,0.9515151515151514
heteroscedastic,2,10.0,1.0,mknn,eu_id,0.3846863468634687,0.9393939393939393
heteroscedastic,2,10.0,1.0,mknn,eu_heldout,0.3846863468634687,0.7212121212121211
heteroscedastic,2,10.0,1.0,predictivity,eu_agreement,0.5911289820763598,0.8666666666666665
heteroscedastic,2,10.0,1.0,predictivity,acquisition_overlap,0.5911289820763598,0.8109906863144085
heteroscedastic,2,10.0,1.0,predictivity,eu_group0,0.5911289820763598,0.7939393939393938
heteroscedastic,2,10.0,1.0,predictivity,eu_group1,0.5911289820763598,0.8666666666666665
heteroscedastic,2,10.0,1.0,predictivity,eu_id,0.5911289820763598,0.8787878787878788
heteroscedastic,2,10.0,1.0,predictivity,eu_heldout,0.5911289820763598,0.6606060606060605
heteroscedastic,2,10.0,1.0,cca_type,eu_agreement,1.0639401470946552e-08,0.8545454545454544
heteroscedastic,2,10.0,1.0,cca_type,acquisition_overlap,1.0639401470946552e-08,0.725623245649734
heteroscedastic,2,10.0,1.0,cca_type,eu_group0,1.0639401470946552e-08,0.7818181818181817
heteroscedastic,2,10.0,1.0,cca_type,eu_group1,1.0639401470946552e-08,0.8545454545454544
heteroscedastic,2,10.0,1.0,cca_type,eu_id,1.0639401470946552e-08,0.7939393939393938
heteroscedastic,2,10.0,1.0,cca_type,eu_heldout,1.0639401470946552e-08,0.5878787878787878
heteroscedastic,2,10.0,1.0,smoother_001,eu_agreement,0.05286222939809715,0.8545454545454544
heteroscedastic,2,10.0,1.0,smoother_001,acquisition_overlap,0.05286222939809715,0.725623245649734
heteroscedastic,2,10.0,1.0,smoother_001,eu_group0,0.05286222939809715,0.7818181818181817
heteroscedastic,2,10.0,1.0,smoother_001,eu_group1,0.05286222939809715,0.8545454545454544
heteroscedastic,2,10.0,1.0,smoother_001,eu_id,0.05286222939809715,0.7939393939393938
heteroscedastic,2,10.0,1.0,smoother_001,eu_heldout,0.05286222939809715,0.5878787878787878
heteroscedastic,2,10.0,1.0,smoother_1,eu_agreement,0.19385001931028778,0.8909090909090909
heteroscedastic,2,10.0,1.0,smoother_1,acquisition_overlap,0.19385001931028778,0.859772080979937
heteroscedastic,2,10.0,1.0,smoother_1,eu_group0,0.19385001931028778,0.8545454545454544
heteroscedastic,2,10.0,1.0,smoother_1,eu_group1,0.19385001931028778,0.8909090909090909
heteroscedastic,2,10.0,1.0,smoother_1,eu_id,0.19385001931028778,0.8424242424242423
heteroscedastic,2,10.0,1.0,smoother_1,eu_heldout,0.19385001931028778,0.5272727272727272
heteroscedastic,3,0.1,0.1,cka,eu_agreement,0.5621919195091325,0.9393939393939393
heteroscedastic,3,0.1,0.1,cka,acquisition_overlap,0.5621919195091325,0.7754763931697962
heteroscedastic,3,0.1,0.1,cka,eu_group0,0.5621919195091325,0.6848484848484848
heteroscedastic,3,0.1,0.1,cka,eu_group1,0.5621919195091325,0.9272727272727272
heteroscedastic,3,0.1,0.1,cka,eu_id,0.5621919195091325,0.9393939393939393
heteroscedastic,3,0.1,0.1,cka,eu_heldout,0.5621919195091325,0.9030303030303028
heteroscedastic,3,0.1,0.1,mknn,eu_agreement,0.3614391143911439,0.9151515151515152
heteroscedastic,3,0.1,0.1,mknn,acquisition_overlap,0.3614391143911439,0.7877855422677295
heteroscedastic,3,0.1,0.1,mknn,eu_group0,0.3614391143911439,0.6969696969696969
heteroscedastic,3,0.1,0.1,mknn,eu_group1,0.3614391143911439,0.9030303030303028
heteroscedastic,3,0.1,0.1,mknn,eu_id,0.3614391143911439,0.9151515151515152
heteroscedastic,3,0.1,0.1,mknn,eu_heldout,0.3614391143911439,0.8909090909090909
heteroscedastic,3,0.1,0.1,predictivity,eu_agreement,0.5032517079263362,0.8666666666666665
heteroscedastic,3,0.1,0.1,predictivity,acquisition_overlap,0.5032517079263362,0.7877855422677295
heteroscedastic,3,0.1,0.1,predictivity,eu_group0,0.5032517079263362,0.7212121212121211
heteroscedastic,3,0.1,0.1,predictivity,eu_group1,0.5032517079263362,0.8303030303030302
heteroscedastic,3,0.1,0.1,predictivity,eu_id,0.5032517079263362,0.8666666666666665
heteroscedastic,3,0.1,0.1,predictivity,eu_heldout,0.5032517079263362,0.8909090909090909
heteroscedastic,3,0.1,0.1,cca_type,eu_agreement,1.0333451871957777e-08,0.9272727272727272
heteroscedastic,3,0.1,0.1,cca_type,acquisition_overlap,1.0333451871957777e-08,0.8616404368553291
heteroscedastic,3,0.1,0.1,cca_type,eu_group0,1.0333451871957777e-08,0.7696969696969697
heteroscedastic,3,0.1,0.1,cca_type,eu_group1,1.0333451871957777e-08,0.9030303030303028
heteroscedastic,3,0.1,0.1,cca_type,eu_id,1.0333451871957777e-08,0.9272727272727272
heteroscedastic,3,0.1,0.1,cca_type,eu_heldout,1.0333451871957777e-08,0.7939393939393938
heteroscedastic,3,0.1,0.1,smoother_001,eu_agreement,0.05055567082856294,0.9272727272727272
heteroscedastic,3,0.1,0.1,smoother_001,acquisition_overlap,0.05055567082856294,0.8616404368553291
heteroscedastic,3,0.1,0.1,smoother_001,eu_group0,0.05055567082856294,0.7696969696969697
heteroscedastic,3,0.1,0.1,smoother_001,eu_group1,0.05055567082856294,0.9030303030303028
heteroscedastic,3,0.1,0.1,smoother_001,eu_id,0.05055567082856294,0.9272727272727272
heteroscedastic,3,0.1,0.1,smoother_001,eu_heldout,0.05055567082856294,0.7939393939393938
heteroscedastic,3,0.1,0.1,smoother_1,eu_agreement,0.19600238537392378,0.9272727272727272
heteroscedastic,3,0.1,0.1,smoother_1,acquisition_overlap,0.19600238537392378,0.880104160502229
heteroscedastic,3,0.1,0.1,smoother_1,eu_group0,0.19600238537392378,0.8181818181818182
heteroscedastic,3,0.1,0.1,smoother_1,eu_group1,0.19600238537392378,0.9151515151515152
heteroscedastic,3,0.1,0.1,smoother_1,eu_id,0.19600238537392378,0.9272727272727272
heteroscedastic,3,0.1,0.1,smoother_1,eu_heldout,0.19600238537392378,0.8060606060606059
heteroscedastic,3,0.1,0.25,cka,eu_agreement,0.5621919195091325,0.9757575757575757
heteroscedastic,3,0.1,0.25,cka,acquisition_overlap,0.5621919195091325,0.8048930119812175
heteroscedastic,3,0.1,0.25,cka,eu_group0,0.5621919195091325,0.7454545454545454
heteroscedastic,3,0.1,0.25,cka,eu_group1,0.5621919195091325,0.9272727272727272
heteroscedastic,3,0.1,0.25,cka,eu_id,0.5621919195091325,0.9272727272727272
heteroscedastic,3,0.1,0.25,cka,eu_heldout,0.5621919195091325,0.9636363636363635
heteroscedastic,3,0.1,0.25,mknn,eu_agreement,0.3614391143911439,0.9636363636363635
heteroscedastic,3,0.1,0.25,mknn,acquisition_overlap,0.3614391143911439,0.8231860349807906
heteroscedastic,3,0.1,0.25,mknn,eu_group0,0.3614391143911439,0.7575757575757575
heteroscedastic,3,0.1,0.25,mknn,eu_group1,0.3614391143911439,0.9030303030303028
heteroscedastic,3,0.1,0.25,mknn,eu_id,0.3614391143911439,0.8909090909090909
heteroscedastic,3,0.1,0.25,mknn,eu_heldout,0.3614391143911439,0.9393939393939393
heteroscedastic,3,0.1,0.25,predictivity,eu_agreement,0.5032517079263362,0.9393939393939393
heteroscedastic,3,0.1,0.25,predictivity,acquisition_overlap,0.5032517079263362,0.7195255713165428
heteroscedastic,3,0.1,0.25,predictivity,eu_group0,0.5032517079263362,0.7333333333333332
heteroscedastic,3,0.1,0.25,predictivity,eu_group1,0.5032517079263362,0.8303030303030302
heteroscedastic,3,0.1,0.25,predictivity,eu_id,0.5032517079263362,0.9151515151515152
heteroscedastic,3,0.1,0.25,predictivity,eu_heldout,0.5032517079263362,0.9151515151515152
heteroscedastic,3,0.1,0.25,cca_type,eu_agreement,1.0333451871957777e-08,0.9030303030303028
heteroscedastic,3,0.1,0.25,cca_type,acquisition_overlap,1.0333451871957777e-08,0.8475767323135548
heteroscedastic,3,0.1,0.25,cca_type,eu_group0,1.0333451871957777e-08,0.7454545454545454
heteroscedastic,3,0.1,0.25,cca_type,eu_group1,1.0333451871957777e-08,0.9030303030303028
heteroscedastic,3,0.1,0.25,cca_type,eu_id,1.0333451871957777e-08,0.8545454545454544
heteroscedastic,3,0.1,0.25,cca_type,eu_heldout,1.0333451871957777e-08,0.8787878787878788
heteroscedastic,3,0.1,0.25,smoother_001,eu_agreement,0.05055567082856294,0.9030303030303028
heteroscedastic,3,0.1,0.25,smoother_001,acquisition_overlap,0.05055567082856294,0.8475767323135548
heteroscedastic,3,0.1,0.25,smoother_001,eu_group0,0.05055567082856294,0.7454545454545454
heteroscedastic,3,0.1,0.25,smoother_001,eu_group1,0.05055567082856294,0.9030303030303028
heteroscedastic,3,0.1,0.25,smoother_001,eu_id,0.05055567082856294,0.8545454545454544
heteroscedastic,3,0.1,0.25,smoother_001,eu_heldout,0.05055567082856294,0.8787878787878788
heteroscedastic,3,0.1,0.25,smoother_1,eu_agreement,0.19600238537392378,0.9151515151515152
heteroscedastic,3,0.1,0.25,smoother_1,acquisition_overlap,0.19600238537392378,0.8963581269790831
heteroscedastic,3,0.1,0.25,smoother_1,eu_group0,0.19600238537392378,0.8181818181818182
heteroscedastic,3,0.1,0.25,smoother_1,eu_group1,0.19600238537392378,0.9151515151515152
heteroscedastic,3,0.1,0.25,smoother_1,eu_id,0.19600238537392378,0.8909090909090909
heteroscedastic,3,0.1,0.25,smoother_1,eu_heldout,0.19600238537392378,0.9151515151515152
heteroscedastic,3,0.1,1.0,cka,eu_agreement,0.5621919195091325,0.8787878787878788
heteroscedastic,3,0.1,1.0,cka,acquisition_overlap,0.5621919195091325,0.9118583155200968
heteroscedastic,3,0.1,1.0,cka,eu_group0,0.5621919195091325,0.8666666666666665
heteroscedastic,3,0.1,1.0,cka,eu_group1,0.5621919195091325,0.9393939393939393
heteroscedastic,3,0.1,1.0,cka,eu_id,0.5621919195091325,0.8787878787878788
heteroscedastic,3,0.1,1.0,cka,eu_heldout,0.5621919195091325,0.7696969696969697
heteroscedastic,3,0.1,1.0,mknn,eu_agreement,0.3614391143911439,0.8545454545454544
heteroscedastic,3,0.1,1.0,mknn,acquisition_overlap,0.3614391143911439,0.9118583155200968
heteroscedastic,3,0.1,1.0,mknn,eu_group0,0.3614391143911439,0.8545454545454544
heteroscedastic,3,0.1,1.0,mknn,eu_group1,0.3614391143911439,0.9272727272727272
heteroscedastic,3,0.1,1.0,mknn,eu_id,0.3614391143911439,0.8545454545454544
heteroscedastic,3,0.1,1.0,mknn,eu_heldout,0.3614391143911439,0.7333333333333332
heteroscedastic,3,0.1,1.0,predictivity,eu_agreement,0.5032517079263362,0.8424242424242423
heteroscedastic,3,0.1,1.0,predictivity,acquisition_overlap,0.5032517079263362,0.8510677611520905
heteroscedastic,3,0.1,1.0,predictivity,eu_group0,0.5032517079263362,0.8545454545454544
heteroscedastic,3,0.1,1.0,predictivity,eu_group1,0.5032517079263362,0.8787878787878788
heteroscedastic,3,0.1,1.0,predictivity,eu_id,0.5032517079263362,0.8424242424242423
heteroscedastic,3,0.1,1.0,predictivity,eu_heldout,0.5032517079263362,0.6484848484848483
heteroscedastic,3,0.1,1.0,cca_type,eu_agreement,1.0333451871957777e-08,0.7212121212121211
heteroscedastic,3,0.1,1.0,cca_type,acquisition_overlap,1.0333451871957777e-08,0.8085143730944859
heteroscedastic,3,0.1,1.0,cca_type,eu_group0,1.0333451871957777e-08,0.8181818181818182
heteroscedastic,3,0.1,1.0,cca_type,eu_group1,1.0333451871957777e-08,0.7939393939393938
heteroscedastic,3,0.1,1.0,cca_type,eu_id,1.0333451871957777e-08,0.7212121212121211
heteroscedastic,3,0.1,1.0,cca_type,eu_heldout,1.0333451871957777e-08,0.6848484848484848
heteroscedastic,3,0.1,1.0,smoother_001,eu_agreement,0.05055567082856294,0.7212121212121211
heteroscedastic,3,0.1,1.0,smoother_001,acquisition_overlap,0.05055567082856294,0.8085143730944859
heteroscedastic,3,0.1,1.0,smoother_001,eu_group0,0.05055567082856294,0.8181818181818182
heteroscedastic,3,0.1,1.0,smoother_001,eu_group1,0.05055567082856294,0.7939393939393938
heteroscedastic,3,0.1,1.0,smoother_001,eu_id,0.05055567082856294,0.7212121212121211
heteroscedastic,3,0.1,1.0,smoother_001,eu_heldout,0.05055567082856294,0.6848484848484848
heteroscedastic,3,0.1,1.0,smoother_1,eu_agreement,0.19600238537392378,0.7696969696969697
heteroscedastic,3,0.1,1.0,smoother_1,acquisition_overlap,0.19600238537392378,0.8632258720256917
heteroscedastic,3,0.1,1.0,smoother_1,eu_group0,0.19600238537392378,0.8909090909090909
heteroscedastic,3,0.1,1.0,smoother_1,eu_group1,0.19600238537392378,0.8424242424242423
heteroscedastic,3,0.1,1.0,smoother_1,eu_id,0.19600238537392378,0.7696969696969697
heteroscedastic,3,0.1,1.0,smoother_1,eu_heldout,0.19600238537392378,0.6242424242424242
heteroscedastic,3,1.0,0.1,cka,eu_agreement,0.5621919195091325,0.9393939393939393
heteroscedastic,3,1.0,0.1,cka,acquisition_overlap,0.5621919195091325,0.759389481241052
heteroscedastic,3,1.0,0.1,cka,eu_group0,0.5621919195091325,0.6848484848484848
heteroscedastic,3,1.0,0.1,cka,eu_group1,0.5621919195091325,0.9272727272727272
heteroscedastic,3,1.0,0.1,cka,eu_id,0.5621919195091325,0.9393939393939393
heteroscedastic,3,1.0,0.1,cka,eu_heldout,0.5621919195091325,0.9030303030303028
heteroscedastic,3,1.0,0.1,mknn,eu_agreement,0.3614391143911439,0.9151515151515152
heteroscedastic,3,1.0,0.1,mknn,acquisition_overlap,0.3614391143911439,0.7779111759054679
heteroscedastic,3,1.0,0.1,mknn,eu_group0,0.3614391143911439,0.6969696969696969
heteroscedastic,3,1.0,0.1,mknn,eu_group1,0.3614391143911439,0.9030303030303028
heteroscedastic,3,1.0,0.1,mknn,eu_id,0.3614391143911439,0.9151515151515152
heteroscedastic,3,1.0,0.1,mknn,eu_heldout,0.3614391143911439,0.8909090909090909
heteroscedastic,3,1.0,0.1,predictivity,eu_agreement,0.5032517079263362,0.8666666666666665
heteroscedastic,3,1.0,0.1,predictivity,acquisition_overlap,0.5032517079263362,0.7779111759054679
heteroscedastic,3,1.0,0.1,predictivity,eu_group0,0.5032517079263362,0.7212121212121211
heteroscedastic,3,1.0,0.1,predictivity,eu_group1,0.5032517079263362,0.8303030303030302
heteroscedastic,3,1.0,0.1,predictivity,eu_id,0.5032517079263362,0.8666666666666665
heteroscedastic,3,1.0,0.1,predictivity,eu_heldout,0.5032517079263362,0.8909090909090909
heteroscedastic,3,1.0,0.1,cca_type,eu_agreement,1.0333451871957777e-08,0.9272727272727272
heteroscedastic,3,1.0,0.1,cca_type,acquisition_overlap,1.0333451871957777e-08,0.8396501581201875
heteroscedastic,3,1.0,0.1,cca_type,eu_group0,1.0333451871957777e-08,0.7696969696969697
heteroscedastic,3,1.0,0.1,cca_type,eu_group1,1.0333451871957777e-08,0.9030303030303028
heteroscedastic,3,1.0,0.1,cca_type,eu_id,1.0333451871957777e-08,0.9272727272727272
heteroscedastic,3,1.0,0.1,cca_type,eu_heldout,1.0333451871957777e-08,0.7939393939393938
heteroscedastic,3,1.0,0.1,smoother_001,eu_agreement,0.05055567082856294,0.9272727272727272
heteroscedastic,3,1.0,0.1,smoother_001,acquisition_overlap,0.05055567082856294,0.8396501581201875
heteroscedastic,3,1.0,0.1,smoother_001,eu_group0,0.05055567082856294,0.7696969696969697
heteroscedastic,3,1.0,0.1,smoother_001,eu_group1,0.05055567082856294,0.9030303030303028
heteroscedastic,3,1.0,0.1,smoother_001,eu_id,0.05055567082856294,0.9272727272727272
heteroscedastic,3,1.0,0.1,smoother_001,eu_heldout,0.05055567082856294,0.7939393939393938
heteroscedastic,3,1.0,0.1,smoother_1,eu_agreement,0.19600238537392378,0.9272727272727272
heteroscedastic,3,1.0,0.1,smoother_1,acquisition_overlap,0.19600238537392378,0.8705196492275473
heteroscedastic,3,1.0,0.1,smoother_1,eu_group0,0.19600238537392378,0.8181818181818182
heteroscedastic,3,1.0,0.1,smoother_1,eu_group1,0.19600238537392378,0.9151515151515152
heteroscedastic,3,1.0,0.1,smoother_1,eu_id,0.19600238537392378,0.9272727272727272
heteroscedastic,3,1.0,0.1,smoother_1,eu_heldout,0.19600238537392378,0.8060606060606059
heteroscedastic,3,1.0,0.25,cka,eu_agreement,0.5621919195091325,0.9757575757575757
heteroscedastic,3,1.0,0.25,cka,acquisition_overlap,0.5621919195091325,0.7659609850368815
heteroscedastic,3,1.0,0.25,cka,eu_group0,0.5621919195091325,0.7454545454545454
heteroscedastic,3,1.0,0.25,cka,eu_group1,0.5621919195091325,0.9272727272727272
heteroscedastic,3,1.0,0.25,cka,eu_id,0.5621919195091325,0.9393939393939393
heteroscedastic,3,1.0,0.25,cka,eu_heldout,0.5621919195091325,0.9636363636363635
heteroscedastic,3,1.0,0.25,mknn,eu_agreement,0.3614391143911439,0.9636363636363635
heteroscedastic,3,1.0,0.25,mknn,acquisition_overlap,0.3614391143911439,0.7781190959104827
heteroscedastic,3,1.0,0.25,mknn,eu_group0,0.3614391143911439,0.7575757575757575
heteroscedastic,3,1.0,0.25,mknn,eu_group1,0.3614391143911439,0.9030303030303028
heteroscedastic,3,1.0,0.25,mknn,eu_id,0.3614391143911439,0.9030303030303028
heteroscedastic,3,1.0,0.25,mknn,eu_heldout,0.3614391143911439,0.9393939393939393
heteroscedastic,3,1.0,0.25,predictivity,eu_agreement,0.5032517079263362,0.9393939393939393
heteroscedastic,3,1.0,0.25,predictivity,acquisition_overlap,0.5032517079263362,0.6443798763008685
heteroscedastic,3,1.0,0.25,predictivity,eu_group0,0.5032517079263362,0.7333333333333332
heteroscedastic,3,1.0,0.25,predictivity,eu_group1,0.5032517079263362,0.8303030303030302
heteroscedastic,3,1.0,0.25,predictivity,eu_id,0.5032517079263362,0.9030303030303028
heteroscedastic,3,1.0,0.25,predictivity,eu_heldout,0.5032517079263362,0.9151515151515152
heteroscedastic,3,1.0,0.25,cca_type,eu_agreement,1.0333451871957777e-08,0.9030303030303028
heteroscedastic,3,1.0,0.25,cca_type,acquisition_overlap,1.0333451871957777e-08,0.8510677611520905
heteroscedastic,3,1.0,0.25,cca_type,eu_group0,1.0333451871957777e-08,0.7454545454545454
heteroscedastic,3,1.0,0.25,cca_type,eu_group1,1.0333451871957777e-08,0.9030303030303028
heteroscedastic,3,1.0,0.25,cca_type,eu_id,1.0333451871957777e-08,0.9151515151515152
heteroscedastic,3,1.0,0.25,cca_type,eu_heldout,1.0333451871957777e-08,0.8787878787878788
heteroscedastic,3,1.0,0.25,smoother_001,eu_agreement,0.05055567082856294,0.9030303030303028
heteroscedastic,3,1.0,0.25,smoother_001,acquisition_overlap,0.05055567082856294,0.8510677611520905
heteroscedastic,3,1.0,0.25,smoother_001,eu_group0,0.05055567082856294,0.7454545454545454
heteroscedastic,3,1.0,0.25,smoother_001,eu_group1,0.05055567082856294,0.9030303030303028
heteroscedastic,3,1.0,0.25,smoother_001,eu_id,0.05055567082856294,0.9151515151515152
heteroscedastic,3,1.0,0.25,smoother_001,eu_heldout,0.05055567082856294,0.8787878787878788
heteroscedastic,3,1.0,0.25,smoother_1,eu_agreement,0.19600238537392378,0.9151515151515152
heteroscedastic,3,1.0,0.25,smoother_1,acquisition_overlap,0.19600238537392378,0.8632258720256917
heteroscedastic,3,1.0,0.25,smoother_1,eu_group0,0.19600238537392378,0.8181818181818182
heteroscedastic,3,1.0,0.25,smoother_1,eu_group1,0.19600238537392378,0.9151515151515152
heteroscedastic,3,1.0,0.25,smoother_1,eu_id,0.19600238537392378,0.9393939393939393
heteroscedastic,3,1.0,0.25,smoother_1,eu_heldout,0.19600238537392378,0.9151515151515152
heteroscedastic,3,1.0,1.0,cka,eu_agreement,0.5621919195091325,0.8787878787878788
heteroscedastic,3,1.0,1.0,cka,acquisition_overlap,0.5621919195091325,0.856305150653836
heteroscedastic,3,1.0,1.0,cka,eu_group0,0.5621919195091325,0.8666666666666665
heteroscedastic,3,1.0,1.0,cka,eu_group1,0.5621919195091325,0.9393939393939393
heteroscedastic,3,1.0,1.0,cka,eu_id,0.5621919195091325,0.8787878787878788
heteroscedastic,3,1.0,1.0,cka,eu_heldout,0.5621919195091325,0.7696969696969697
heteroscedastic,3,1.0,1.0,mknn,eu_agreement,0.3614391143911439,0.8545454545454544
heteroscedastic,3,1.0,1.0,mknn,acquisition_overlap,0.3614391143911439,0.8746545467392752
heteroscedastic,3,1.0,1.0,mknn,eu_group0,0.3614391143911439,0.8545454545454544
heteroscedastic,3,1.0,1.0,mknn,eu_group1,0.3614391143911439,0.9272727272727272
heteroscedastic,3,1.0,1.0,mknn,eu_id,0.3614391143911439,0.8545454545454544
heteroscedastic,3,1.0,1.0,mknn,eu_heldout,0.3614391143911439,0.7333333333333332
heteroscedastic,3,1.0,1.0,predictivity,eu_agreement,0.5032517079263362,0.8424242424242423
heteroscedastic,3,1.0,1.0,predictivity,acquisition_overlap,0.5032517079263362,0.7951404970357048
heteroscedastic,3,1.0,1.0,predictivity,eu_group0,0.5032517079263362,0.8545454545454544
heteroscedastic,3,1.0,1.0,predictivity,eu_group1,0.5032517079263362,0.8787878787878788
heteroscedastic,3,1.0,1.0,predictivity,eu_id,0.5032517079263362,0.8424242424242423
heteroscedastic,3,1.0,1.0,predictivity,eu_heldout,0.5032517079263362,0.6484848484848483
heteroscedastic,3,1.0,1.0,cca_type,eu_agreement,1.0333451871957777e-08,0.7212121212121211
heteroscedastic,3,1.0,1.0,cca_type,acquisition_overlap,1.0333451871957777e-08,0.6911605858848819
heteroscedastic,3,1.0,1.0,cca_type,eu_group0,1.0333451871957777e-08,0.8181818181818182
heteroscedastic,3,1.0,1.0,cca_type,eu_group1,1.0333451871957777e-08,0.7939393939393938
heteroscedastic,3,1.0,1.0,cca_type,eu_id,1.0333451871957777e-08,0.7212121212121211
heteroscedastic,3,1.0,1.0,cca_type,eu_heldout,1.0333451871957777e-08,0.6848484848484848
heteroscedastic,3,1.0,1.0,smoother_001,eu_agreement,0.05055567082856294,0.7212121212121211
heteroscedastic,3,1.0,1.0,smoother_001,acquisition_overlap,0.05055567082856294,0.6911605858848819
heteroscedastic,3,1.0,1.0,smoother_001,eu_group0,0.05055567082856294,0.8181818181818182
heteroscedastic,3,1.0,1.0,smoother_001,eu_group1,0.05055567082856294,0.7939393939393938
heteroscedastic,3,1.0,1.0,smoother_001,eu_id,0.05055567082856294,0.7212121212121211
heteroscedastic,3,1.0,1.0,smoother_001,eu_heldout,0.05055567082856294,0.6848484848484848
heteroscedastic,3,1.0,1.0,smoother_1,eu_agreement,0.19600238537392378,0.7696969696969697
heteroscedastic,3,1.0,1.0,smoother_1,acquisition_overlap,0.19600238537392378,0.7645581702266392
heteroscedastic,3,1.0,1.0,smoother_1,eu_group0,0.19600238537392378,0.8909090909090909
heteroscedastic,3,1.0,1.0,smoother_1,eu_group1,0.19600238537392378,0.8424242424242423
heteroscedastic,3,1.0,1.0,smoother_1,eu_id,0.19600238537392378,0.7696969696969697
heteroscedastic,3,1.0,1.0,smoother_1,eu_heldout,0.19600238537392378,0.6242424242424242
heteroscedastic,3,10.0,0.1,cka,eu_agreement,0.5621919195091325,0.9393939393939393
heteroscedastic,3,10.0,0.1,cka,acquisition_overlap,0.5621919195091325,0.759389481241052
heteroscedastic,3,10.0,0.1,cka,eu_group0,0.5621919195091325,0.6848484848484848
heteroscedastic,3,10.0,0.1,cka,eu_group1,0.5621919195091325,0.9272727272727272
heteroscedastic,3,10.0,0.1,cka,eu_id,0.5621919195091325,0.9393939393939393
heteroscedastic,3,10.0,0.1,cka,eu_heldout,0.5621919195091325,0.9030303030303028
heteroscedastic,3,10.0,0.1,mknn,eu_agreement,0.3614391143911439,0.9151515151515152
heteroscedastic,3,10.0,0.1,mknn,acquisition_overlap,0.3614391143911439,0.7779111759054679
heteroscedastic,3,10.0,0.1,mknn,eu_group0,0.3614391143911439,0.6969696969696969
heteroscedastic,3,10.0,0.1,mknn,eu_group1,0.3614391143911439,0.9030303030303028
heteroscedastic,3,10.0,0.1,mknn,eu_id,0.3614391143911439,0.9151515151515152
heteroscedastic,3,10.0,0.1,mknn,eu_heldout,0.3614391143911439,0.8909090909090909
heteroscedastic,3,10.0,0.1,predictivity,eu_agreement,0.5032517079263362,0.8666666666666665
heteroscedastic,3,10.0,0.1,predictivity,acquisition_overlap,0.5032517079263362,0.7779111759054679
heteroscedastic,3,10.0,0.1,predictivity,eu_group0,0.5032517079263362,0.7212121212121211
heteroscedastic,3,10.0,0.1,predictivity,eu_group1,0.5032517079263362,0.8303030303030302
heteroscedastic,3,10.0,0.1,predictivity,eu_id,0.5032517079263362,0.8666666666666665
heteroscedastic,3,10.0,0.1,predictivity,eu_heldout,0.5032517079263362,0.8909090909090909
heteroscedastic,3,10.0,0.1,cca_type,eu_agreement,1.0333451871957777e-08,0.9272727272727272
heteroscedastic,3,10.0,0.1,cca_type,acquisition_overlap,1.0333451871957777e-08,0.8396501581201875
heteroscedastic,3,10.0,0.1,cca_type,eu_group0,1.0333451871957777e-08,0.7696969696969697
heteroscedastic,3,10.0,0.1,cca_type,eu_group1,1.0333451871957777e-08,0.9030303030303028
heteroscedastic,3,10.0,0.1,cca_type,eu_id,1.0333451871957777e-08,0.9272727272727272
heteroscedastic,3,10.0,0.1,cca_type,eu_heldout,1.0333451871957777e-08,0.7939393939393938
heteroscedastic,3,10.0,0.1,smoother_001,eu_agreement,0.05055567082856294,0.9272727272727272
heteroscedastic,3,10.0,0.1,smoother_001,acquisition_overlap,0.05055567082856294,0.8396501581201875
heteroscedastic,3,10.0,0.1,smoother_001,eu_group0,0.05055567082856294,0.7696969696969697
heteroscedastic,3,10.0,0.1,smoother_001,eu_group1,0.05055567082856294,0.9030303030303028
heteroscedastic,3,10.0,0.1,smoother_001,eu_id,0.05055567082856294,0.9272727272727272
heteroscedastic,3,10.0,0.1,smoother_001,eu_heldout,0.05055567082856294,0.7939393939393938
heteroscedastic,3,10.0,0.1,smoother_1,eu_agreement,0.19600238537392378,0.9272727272727272
heteroscedastic,3,10.0,0.1,smoother_1,acquisition_overlap,0.19600238537392378,0.8705196492275473
heteroscedastic,3,10.0,0.1,smoother_1,eu_group0,0.19600238537392378,0.8181818181818182
heteroscedastic,3,10.0,0.1,smoother_1,eu_group1,0.19600238537392378,0.9151515151515152
heteroscedastic,3,10.0,0.1,smoother_1,eu_id,0.19600238537392378,0.9272727272727272
heteroscedastic,3,10.0,0.1,smoother_1,eu_heldout,0.19600238537392378,0.8060606060606059
heteroscedastic,3,10.0,0.25,cka,eu_agreement,0.5621919195091325,0.9757575757575757
heteroscedastic,3,10.0,0.25,cka,acquisition_overlap,0.5621919195091325,0.7339758434175736
heteroscedastic,3,10.0,0.25,cka,eu_group0,0.5621919195091325,0.7454545454545454
heteroscedastic,3,10.0,0.25,cka,eu_group1,0.5621919195091325,0.9272727272727272
heteroscedastic,3,10.0,0.25,cka,eu_id,0.5621919195091325,0.9393939393939393
heteroscedastic,3,10.0,0.25,cka,eu_heldout,0.5621919195091325,0.9636363636363635
heteroscedastic,3,10.0,0.25,mknn,eu_agreement,0.3614391143911439,0.9636363636363635
heteroscedastic,3,10.0,0.25,mknn,acquisition_overlap,0.3614391143911439,0.752325239503013
heteroscedastic,3,10.0,0.25,mknn,eu_group0,0.3614391143911439,0.7575757575757575
heteroscedastic,3,10.0,0.25,mknn,eu_group1,0.3614391143911439,0.9030303030303028
heteroscedastic,3,10.0,0.25,mknn,eu_id,0.3614391143911439,0.9030303030303028
heteroscedastic,3,10.0,0.25,mknn,eu_heldout,0.3614391143911439,0.9393939393939393
heteroscedastic,3,10.0,0.25,predictivity,eu_agreement,0.5032517079263362,0.9393939393939393
heteroscedastic,3,10.0,0.25,predictivity,acquisition_overlap,0.5032517079263362,0.6116465361813115
heteroscedastic,3,10.0,0.25,predictivity,eu_group0,0.5032517079263362,0.7333333333333332
heteroscedastic,3,10.0,0.25,predictivity,eu_group1,0.5032517079263362,0.8303030303030302
heteroscedastic,3,10.0,0.25,predictivity,eu_id,0.5032517079263362,0.9030303030303028
heteroscedastic,3,10.0,0.25,predictivity,eu_heldout,0.5032517079263362,0.9151515151515152
heteroscedastic,3,10.0,0.25,cca_type,eu_agreement,1.0333451871957777e-08,0.9030303030303028
heteroscedastic,3,10.0,0.25,cca_type,acquisition_overlap,1.0333451871957777e-08,0.8440722199302098
heteroscedastic,3,10.0,0.25,cca_type,eu_group0,1.0333451871957777e-08,0.7454545454545454
heteroscedastic,3,10.0,0.25,cca_type,eu_group1,1.0333451871957777e-08,0.9030303030303028
heteroscedastic,3,10.0,0.25,cca_type,eu_id,1.0333451871957777e-08,0.9151515151515152
heteroscedastic,3,10.0,0.25,cca_type,eu_heldout,1.0333451871957777e-08,0.8787878787878788
heteroscedastic,3,10.0,0.25,smoother_001,eu_agreement,0.05055567082856294,0.9030303030303028
heteroscedastic,3,10.0,0.25,smoother_001,acquisition_overlap,0.05055567082856294,0.8440722199302098
heteroscedastic,3,10.0,0.25,smoother_001,eu_group0,0.05055567082856294,0.7454545454545454
heteroscedastic,3,10.0,0.25,smoother_001,eu_group1,0.05055567082856294,0.9030303030303028
heteroscedastic,3,10.0,0.25,smoother_001,eu_id,0.05055567082856294,0.9151515151515152
heteroscedastic,3,10.0,0.25,smoother_001,eu_heldout,0.05055567082856294,0.8787878787878788
heteroscedastic,3,10.0,0.25,smoother_1,eu_agreement,0.19600238537392378,0.9151515151515152
heteroscedastic,3,10.0,0.25,smoother_1,acquisition_overlap,0.19600238537392378,0.8624216160156492
heteroscedastic,3,10.0,0.25,smoother_1,eu_group0,0.19600238537392378,0.8181818181818182
heteroscedastic,3,10.0,0.25,smoother_1,eu_group1,0.19600238537392378,0.9151515151515152
heteroscedastic,3,10.0,0.25,smoother_1,eu_id,0.19600238537392378,0.9393939393939393
heteroscedastic,3,10.0,0.25,smoother_1,eu_heldout,0.19600238537392378,0.9151515151515152
heteroscedastic,3,10.0,1.0,cka,eu_agreement,0.5621919195091325,0.9151515151515152
heteroscedastic,3,10.0,1.0,cka,acquisition_overlap,0.5621919195091325,0.884162778312701
heteroscedastic,3,10.0,1.0,cka,eu_group0,0.5621919195091325,0.8666666666666665
heteroscedastic,3,10.0,1.0,cka,eu_group1,0.5621919195091325,0.9515151515151514
heteroscedastic,3,10.0,1.0,cka,eu_id,0.5621919195091325,0.8787878787878788
heteroscedastic,3,10.0,1.0,cka,eu_heldout,0.5621919195091325,0.7696969696969697
heteroscedastic,3,10.0,1.0,mknn,eu_agreement,0.3614391143911439,0.8909090909090909
heteroscedastic,3,10.0,1.0,mknn,acquisition_overlap,0.3614391143911439,0.884162778312701
heteroscedastic,3,10.0,1.0,mknn,eu_group0,0.3614391143911439,0.8545454545454544
heteroscedastic,3,10.0,1.0,mknn,eu_group1,0.3614391143911439,0.9393939393939393
heteroscedastic,3,10.0,1.0,mknn,eu_id,0.3614391143911439,0.8545454545454544
heteroscedastic,3,10.0,1.0,mknn,eu_heldout,0.3614391143911439,0.7333333333333332
heteroscedastic,3,10.0,1.0,predictivity,eu_agreement,0.5032517079263362,0.8666666666666665
heteroscedastic,3,10.0,1.0,predictivity,acquisition_overlap,0.5032517079263362,0.8353813836471727
heteroscedastic,3,10.0,1.0,predictivity,eu_group0,0.5032517079263362,0.8545454545454544
heteroscedastic,3,10.0,1.0,predictivity,eu_group1,0.5032517079263362,0.8666666666666665
heteroscedastic,3,10.0,1.0,predictivity,eu_id,0.5032517079263362,0.8424242424242423
heteroscedastic,3,10.0,1.0,predictivity,eu_heldout,0.5032517079263362,0.6484848484848483
heteroscedastic,3,10.0,1.0,cca_type,eu_agreement,1.0333451871957777e-08,0.7696969696969697
heteroscedastic,3,10.0,1.0,cca_type,acquisition_overlap,1.0333451871957777e-08,0.7195255713165428
heteroscedastic,3,10.0,1.0,cca_type,eu_group0,1.0333451871957777e-08,0.8181818181818182
heteroscedastic,3,10.0,1.0,cca_type,eu_group1,1.0333451871957777e-08,0.8545454545454544
heteroscedastic,3,10.0,1.0,cca_type,eu_id,1.0333451871957777e-08,0.7212121212121211
heteroscedastic,3,10.0,1.0,cca_type,eu_heldout,1.0333451871957777e-08,0.6848484848484848
heteroscedastic,3,10.0,1.0,smoother_001,eu_agreement,0.05055567082856294,0.7696969696969697
heteroscedastic,3,10.0,1.0,smoother_001,acquisition_overlap,0.05055567082856294,0.7195255713165428
heteroscedastic,3,10.0,1.0,smoother_001,eu_group0,0.05055567082856294,0.8181818181818182
heteroscedastic,3,10.0,1.0,smoother_001,eu_group1,0.05055567082856294,0.8545454545454544
heteroscedastic,3,10.0,1.0,smoother_001,eu_id,0.05055567082856294,0.7212121212121211
heteroscedastic,3,10.0,1.0,smoother_001,eu_heldout,0.05055567082856294,0.6848484848484848
heteroscedastic,3,10.0,1.0,smoother_1,eu_agreement,0.19600238537392378,0.8303030303030302
heteroscedastic,3,10.0,1.0,smoother_1,acquisition_overlap,0.19600238537392378,0.8048930119812175
heteroscedastic,3,10.0,1.0,smoother_1,eu_group0,0.19600238537392378,0.8909090909090909
heteroscedastic,3,10.0,1.0,smoother_1,eu_group1,0.19600238537392378,0.8909090909090909
heteroscedastic,3,10.0,1.0,smoother_1,eu_id,0.19600238537392378,0.7696969696969697
heteroscedastic,3,10.0,1.0,smoother_1,eu_heldout,0.19600238537392378,0.6242424242424242
heteroscedastic,4,0.1,0.1,cka,eu_agreement,0.5462164664366376,0.9393939393939393
heteroscedastic,4,0.1,0.1,cka,acquisition_overlap,0.5462164664366376,0.7173285415424762
heteroscedastic,4,0.1,0.1,cka,eu_group0,0.5462164664366376,0.6727272727272726
heteroscedastic,4,0.1,0.1,cka,eu_group1,0.5462164664366376,0.8909090909090909
heteroscedastic,4,0.1,0.1,cka,eu_id,0.5462164664366376,0.9393939393939393
heteroscedastic,4,0.1,0.1,cka,eu_heldout,0.5462164664366376,0.7454545454545454
heteroscedastic,4,0.1,0.1,mknn,eu_agreement,0.3601476014760149,0.9151515151515152
heteroscedastic,4,0.1,0.1,mknn,acquisition_overlap,0.3601476014760149,0.772040040473682
heteroscedastic,4,0.1,0.1,mknn,eu_group0,0.3601476014760149,0.6606060606060605
heteroscedastic,4,0.1,0.1,mknn,eu_group1,0.3601476014760149,0.8424242424242423
heteroscedastic,4,0.1,0.1,mknn,eu_id,0.3601476014760149,0.9151515151515152
heteroscedastic,4,0.1,0.1,mknn,eu_heldout,0.3601476014760149,0.7575757575757575
heteroscedastic,4,0.1,0.1,predictivity,eu_agreement,0.48196322277602555,0.8545454545454544
heteroscedastic,4,0.1,0.1,predictivity,acquisition_overlap,0.48196322277602555,0.6565379871744699
heteroscedastic,4,0.1,0.1,predictivity,eu_group0,0.48196322277602555,0.7212121212121211
heteroscedastic,4,0.1,0.1,predictivity,eu_group1,0.48196322277602555,0.8181818181818182
heteroscedastic,4,0.1,0.1,predictivity,eu_id,0.48196322277602555,0.8545454545454544
heteroscedastic,4,0.1,0.1,predictivity,eu_heldout,0.48196322277602555,0.6727272727272726
heteroscedastic,4,0.1,0.1,cca_type,eu_agreement,1.0060221322660823e-08,0.9272727272727272
heteroscedastic,4,0.1,0.1,cca_type,acquisition_overlap,1.0060221322660823e-08,0.7841981513472833
heteroscedastic,4,0.1,0.1,cca_type,eu_group0,1.0060221322660823e-08,0.8060606060606059
heteroscedastic,4,0.1,0.1,cca_type,eu_group1,1.0060221322660823e-08,0.8909090909090909
heteroscedastic,4,0.1,0.1,cca_type,eu_id,1.0060221322660823e-08,0.9272727272727272
heteroscedastic,4,0.1,0.1,cca_type,eu_heldout,1.0060221322660823e-08,0.7454545454545454
heteroscedastic,4,0.1,0.1,smoother_001,eu_agreement,0.051481926809243794,0.9272727272727272
heteroscedastic,4,0.1,0.1,smoother_001,acquisition_overlap,0.051481926809243794,0.7841981513472833
heteroscedastic,4,0.1,0.1,smoother_001,eu_group0,0.051481926809243794,0.8060606060606059
heteroscedastic,4,0.1,0.1,smoother_001,eu_group1,0.051481926809243794,0.8909090909090909
heteroscedastic,4,0.1,0.1,smoother_001,eu_id,0.051481926809243794,0.9272727272727272
heteroscedastic,4,0.1,0.1,smoother_001,eu_heldout,0.051481926809243794,0.7454545454545454
heteroscedastic,4,0.1,0.1,smoother_1,eu_agreement,0.1956839267201318,0.9272727272727272
heteroscedastic,4,0.1,0.1,smoother_1,acquisition_overlap,0.1956839267201318,0.772040040473682
heteroscedastic,4,0.1,0.1,smoother_1,eu_group0,0.1956839267201318,0.8181818181818182
heteroscedastic,4,0.1,0.1,smoother_1,eu_group1,0.1956839267201318,0.8909090909090909
heteroscedastic,4,0.1,0.1,smoother_1,eu_id,0.1956839267201318,0.9272727272727272
heteroscedastic,4,0.1,0.1,smoother_1,eu_heldout,0.1956839267201318,0.6969696969696969
heteroscedastic,4,0.1,0.25,cka,eu_agreement,0.5462164664366376,0.9515151515151514
heteroscedastic,4,0.1,0.25,cka,acquisition_overlap,0.5462164664366376,0.856305150653836
heteroscedastic,4,0.1,0.25,cka,eu_group0,0.5462164664366376,0.9151515151515152
heteroscedastic,4,0.1,0.25,cka,eu_group1,0.5462164664366376,0.9272727272727272
heteroscedastic,4,0.1,0.25,cka,eu_id,0.5462164664366376,0.9272727272727272
heteroscedastic,4,0.1,0.25,cka,eu_heldout,0.5462164664366376,0.6242424242424242
heteroscedastic,4,0.1,0.25,mknn,eu_agreement,0.3601476014760149,0.9393939393939393
heteroscedastic,4,0.1,0.25,mknn,acquisition_overlap,0.3601476014760149,0.8685380813774621
heteroscedastic,4,0.1,0.25,mknn,eu_group0,0.3601476014760149,0.9030303030303028
heteroscedastic,4,0.1,0.25,mknn,eu_group1,0.3601476014760149,0.9030303030303028
heteroscedastic,4,0.1,0.25,mknn,eu_id,0.3601476014760149,0.9151515151515152
heteroscedastic,4,0.1,0.25,mknn,eu_heldout,0.3601476014760149,0.6121212121212121
heteroscedastic,4,0.1,0.25,predictivity,eu_agreement,0.48196322277602555,0.8666666666666665
heteroscedastic,4,0.1,0.25,predictivity,acquisition_overlap,0.48196322277602555,0.8440722199302098
heteroscedastic,4,0.1,0.25,predictivity,eu_group0,0.48196322277602555,0.8181818181818182
heteroscedastic,4,0.1,0.25,predictivity,eu_group1,0.48196322277602555,0.8545454545454544
heteroscedastic,4,0.1,0.25,predictivity,eu_id,0.48196322277602555,0.8545454545454544
heteroscedastic,4,0.1,0.25,predictivity,eu_heldout,0.48196322277602555,0.6
heteroscedastic,4,0.1,0.25,cca_type,eu_agreement,1.0060221322660823e-08,0.8909090909090909
heteroscedastic,4,0.1,0.25,cca_type,acquisition_overlap,1.0060221322660823e-08,0.8318392892065836
heteroscedastic,4,0.1,0.25,cca_type,eu_group0,1.0060221322660823e-08,0.9636363636363635
heteroscedastic,4,0.1,0.25,cca_type,eu_group1,1.0060221322660823e-08,0.8060606060606059
heteroscedastic,4,0.1,0.25,cca_type,eu_id,1.0060221322660823e-08,0.8060606060606059
heteroscedastic,4,0.1,0.25,cca_type,eu_heldout,1.0060221322660823e-08,0.6
heteroscedastic,4,0.1,0.25,smoother_001,eu_agreement,0.051481926809243794,0.8909090909090909
heteroscedastic,4,0.1,0.25,smoother_001,acquisition_overlap,0.051481926809243794,0.8318392892065836
heteroscedastic,4,0.1,0.25,smoother_001,eu_group0,0.051481926809243794,0.9636363636363635
heteroscedastic,4,0.1,0.25,smoother_001,eu_group1,0.051481926809243794,0.8060606060606059
heteroscedastic,4,0.1,0.25,smoother_001,eu_id,0.051481926809243794,0.8060606060606059
heteroscedastic,4,0.1,0.25,smoother_001,eu_heldout,0.051481926809243794,0.6
heteroscedastic,4,0.1,0.25,smoother_1,eu_agreement,0.1956839267201318,0.8909090909090909
heteroscedastic,4,0.1,0.25,smoother_1,acquisition_overlap,0.1956839267201318,0.8318392892065836
heteroscedastic,4,0.1,0.25,smoother_1,eu_group0,0.1956839267201318,0.9636363636363635
heteroscedastic,4,0.1,0.25,smoother_1,eu_group1,0.1956839267201318,0.8303030303030302
heteroscedastic,4,0.1,0.25,smoother_1,eu_id,0.1956839267201318,0.8303030303030302
heteroscedastic,4,0.1,0.25,smoother_1,eu_heldout,0.1956839267201318,0.5515151515151515
heteroscedastic,4,0.1,1.0,cka,eu_agreement,0.5462164664366376,0.8909090909090909
heteroscedastic,4,0.1,1.0,cka,acquisition_overlap,0.5462164664366376,0.7926976633148354
heteroscedastic,4,0.1,1.0,cka,eu_group0,0.5462164664366376,0.8424242424242423
heteroscedastic,4,0.1,1.0,cka,eu_group1,0.5462164664366376,0.9393939393939393
heteroscedastic,4,0.1,1.0,cka,eu_id,0.5462164664366376,0.8787878787878788
heteroscedastic,4,0.1,1.0,cka,eu_heldout,0.5462164664366376,0.8666666666666665
heteroscedastic,4,0.1,1.0,mknn,eu_agreement,0.3601476014760149,0.8787878787878788
heteroscedastic,4,0.1,1.0,mknn,acquisition_overlap,0.3601476014760149,0.8109906863144085
heteroscedastic,4,0.1,1.0,mknn,eu_group0,0.3601476014760149,0.8666666666666665
heteroscedastic,4,0.1,1.0,mknn,eu_group1,0.3601476014760149,0.9272727272727272
heteroscedastic,4,0.1,1.0,mknn,eu_id,0.3601476014760149,0.8545454545454544
heteroscedastic,4,0.1,1.0,mknn,eu_heldout,0.3601476014760149,0.8545454545454544
heteroscedastic,4,0.1,1.0,predictivity,eu_agreement,0.48196322277602555,0.8303030303030302
heteroscedastic,4,0.1,1.0,predictivity,acquisition_overlap,0.48196322277602555,0.7500139429824981
heteroscedastic,4,0.1,1.0,predictivity,eu_group0,0.48196322277602555,0.8303030303030302
heteroscedastic,4,0.1,1.0,predictivity,eu_group1,0.48196322277602555,0.8666666666666665
heteroscedastic,4,0.1,1.0,predictivity,eu_id,0.48196322277602555,0.8545454545454544
heteroscedastic,4,0.1,1.0,predictivity,eu_heldout,0.48196322277602555,0.8060606060606059
heteroscedastic,4,0.1,1.0,cca_type,eu_agreement,1.0060221322660823e-08,0.7575757575757575
heteroscedastic,4,0.1,1.0,cca_type,acquisition_overlap,1.0060221322660823e-08,0.6219627819854863
heteroscedastic,4,0.1,1.0,cca_type,eu_group0,1.0060221322660823e-08,0.7454545454545454
heteroscedastic,4,0.1,1.0,cca_type,eu_group1,1.0060221322660823e-08,0.7939393939393938
heteroscedastic,4,0.1,1.0,cca_type,eu_id,1.0060221322660823e-08,0.7212121212121211
heteroscedastic,4,0.1,1.0,cca_type,eu_heldout,1.0060221322660823e-08,0.7454545454545454
heteroscedastic,4,0.1,1.0,smoother_001,eu_agreement,0.051481926809243794,0.7575757575757575
heteroscedastic,4,0.1,1.0,smoother_001,acquisition_overlap,0.051481926809243794,0.6219627819854863
heteroscedastic,4,0.1,1.0,smoother_001,eu_group0,0.051481926809243794,0.7454545454545454
heteroscedastic,4,0.1,1.0,smoother_001,eu_group1,0.051481926809243794,0.7939393939393938
heteroscedastic,4,0.1,1.0,smoother_001,eu_id,0.051481926809243794,0.7212121212121211
heteroscedastic,4,0.1,1.0,smoother_001,eu_heldout,0.051481926809243794,0.7454545454545454
heteroscedastic,4,0.1,1.0,smoother_1,eu_agreement,0.1956839267201318,0.7696969696969697
heteroscedastic,4,0.1,1.0,smoother_1,acquisition_overlap,0.1956839267201318,0.7012325483169698
heteroscedastic,4,0.1,1.0,smoother_1,eu_group0,0.1956839267201318,0.8181818181818182
heteroscedastic,4,0.1,1.0,smoother_1,eu_group1,0.1956839267201318,0.8424242424242423
heteroscedastic,4,0.1,1.0,smoother_1,eu_id,0.1956839267201318,0.7696969696969697
heteroscedastic,4,0.1,1.0,smoother_1,eu_heldout,0.1956839267201318,0.7575757575757575
heteroscedastic,4,1.0,0.1,cka,eu_agreement,0.5462164664366376,0.9393939393939393
heteroscedastic,4,1.0,0.1,cka,acquisition_overlap,0.5462164664366376,0.7173285415424762
heteroscedastic,4,1.0,0.1,cka,eu_group0,0.5462164664366376,0.6727272727272726
heteroscedastic,4,1.0,0.1,cka,eu_group1,0.5462164664366376,0.8909090909090909
heteroscedastic,4,1.0,0.1,cka,eu_id,0.5462164664366376,0.9393939393939393
heteroscedastic,4,1.0,0.1,cka,eu_heldout,0.5462164664366376,0.7454545454545454
heteroscedastic,4,1.0,0.1,mknn,eu_agreement,0.3601476014760149,0.9151515151515152
heteroscedastic,4,1.0,0.1,mknn,acquisition_overlap,0.3601476014760149,0.772040040473682
heteroscedastic,4,1.0,0.1,mknn,eu_group0,0.3601476014760149,0.6606060606060605
heteroscedastic,4,1.0,0.1,mknn,eu_group1,0.3601476014760149,0.8424242424242423
heteroscedastic,4,1.0,0.1,mknn,eu_id,0.3601476014760149,0.9151515151515152
heteroscedastic,4,1.0,0.1,mknn,eu_heldout,0.3601476014760149,0.7575757575757575
heteroscedastic,4,1.0,0.1,predictivity,eu_agreement,0.48196322277602555,0.8545454545454544
heteroscedastic,4,1.0,0.1,predictivity,acquisition_overlap,0.48196322277602555,0.6565379871744699
heteroscedastic,4,1.0,0.1,predictivity,eu_group0,0.48196322277602555,0.7212121212121211
heteroscedastic,4,1.0,0.1,predictivity,eu_group1,0.48196322277602555,0.8181818181818182
heteroscedastic,4,1.0,0.1,predictivity,eu_id,0.48196322277602555,0.8545454545454544
heteroscedastic,4,1.0,0.1,predictivity,eu_heldout,0.48196322277602555,0.6727272727272726
heteroscedastic,4,1.0,0.1,cca_type,eu_agreement,1.0060221322660823e-08,0.9272727272727272
heteroscedastic,4,1.0,0.1,cca_type,acquisition_overlap,1.0060221322660823e-08,0.7841981513472833
heteroscedastic,4,1.0,0.1,cca_type,eu_group0,1.0060221322660823e-08,0.8060606060606059
heteroscedastic,4,1.0,0.1,cca_type,eu_group1,1.0060221322660823e-08,0.8909090909090909
heteroscedastic,4,1.0,0.1,cca_type,eu_id,1.0060221322660823e-08,0.9272727272727272
heteroscedastic,4,1.0,0.1,cca_type,eu_heldout,1.0060221322660823e-08,0.7454545454545454
heteroscedastic,4,1.0,0.1,smoother_001,eu_agreement,0.051481926809243794,0.9272727272727272
heteroscedastic,4,1.0,0.1,smoother_001,acquisition_overlap,0.051481926809243794,0.7841981513472833
heteroscedastic,4,1.0,0.1,smoother_001,eu_group0,0.051481926809243794,0.8060606060606059
heteroscedastic,4,1.0,0.1,smoother_001,eu_group1,0.051481926809243794,0.8909090909090909
heteroscedastic,4,1.0,0.1,smoother_001,eu_id,0.051481926809243794,0.9272727272727272
heteroscedastic,4,1.0,0.1,smoother_001,eu_heldout,0.051481926809243794,0.7454545454545454
heteroscedastic,4,1.0,0.1,smoother_1,eu_agreement,0.1956839267201318,0.9272727272727272
heteroscedastic,4,1.0,0.1,smoother_1,acquisition_overlap,0.1956839267201318,0.772040040473682
heteroscedastic,4,1.0,0.1,smoother_1,eu_group0,0.1956839267201318,0.8181818181818182
heteroscedastic,4,1.0,0.1,smoother_1,eu_group1,0.1956839267201318,0.8909090909090909
heteroscedastic,4,1.0,0.1,smoother_1,eu_id,0.1956839267201318,0.9272727272727272
heteroscedastic,4,1.0,0.1,smoother_1,eu_heldout,0.1956839267201318,0.6969696969696969
heteroscedastic,4,1.0,0.25,cka,eu_agreement,0.5462164664366376,0.9515151515151514
heteroscedastic,4,1.0,0.25,cka,acquisition_overlap,0.5462164664366376,0.8624216160156492
heteroscedastic,4,1.0,0.25,cka,eu_group0,0.5462164664366376,0.8909090909090909
heteroscedastic,4,1.0,0.25,cka,eu_group1,0.5462164664366376,0.9272727272727272
heteroscedastic,4,1.0,0.25,cka,eu_id,0.5462164664366376,0.9393939393939393
heteroscedastic,4,1.0,0.25,cka,eu_heldout,0.5462164664366376,0.6363636363636362
heteroscedastic,4,1.0,0.25,mknn,eu_agreement,0.3601476014760149,0.9393939393939393
heteroscedastic,4,1.0,0.25,mknn,acquisition_overlap,0.3601476014760149,0.8746545467392752
heteroscedastic,4,1.0,0.25,mknn,eu_group0,0.3601476014760149,0.8787878787878788
heteroscedastic,4,1.0,0.25,mknn,eu_group1,0.3601476014760149,0.9030303030303028
heteroscedastic,4,1.0,0.25,mknn,eu_id,0.3601476014760149,0.9272727272727272
heteroscedastic,4,1.0,0.25,mknn,eu_heldout,0.3601476014760149,0.6242424242424242
heteroscedastic,4,1.0,0.25,predictivity,eu_agreement,0.48196322277602555,0.8666666666666665
heteroscedastic,4,1.0,0.25,predictivity,acquisition_overlap,0.48196322277602555,0.8807710121010884
heteroscedastic,4,1.0,0.25,predictivity,eu_group0,0.48196322277602555,0.7696969696969697
heteroscedastic,4,1.0,0.25,predictivity,eu_group1,0.48196322277602555,0.8545454545454544
heteroscedastic,4,1.0,0.25,predictivity,eu_id,0.48196322277602555,0.8303030303030302
heteroscedastic,4,1.0,0.25,predictivity,eu_heldout,0.48196322277602555,0.6121212121212121
heteroscedastic,4,1.0,0.25,cca_type,eu_agreement,1.0060221322660823e-08,0.8909090909090909
heteroscedastic,4,1.0,0.25,cca_type,acquisition_overlap,1.0060221322660823e-08,0.7951404970357048
heteroscedastic,4,1.0,0.25,cca_type,eu_group0,1.0060221322660823e-08,0.9515151515151514
heteroscedastic,4,1.0,0.25,cca_type,eu_group1,1.0060221322660823e-08,0.8060606060606059
heteroscedastic,4,1.0,0.25,cca_type,eu_id,1.0060221322660823e-08,0.8666666666666665
heteroscedastic,4,1.0,0.25,cca_type,eu_heldout,1.0060221322660823e-08,0.5878787878787878
heteroscedastic,4,1.0,0.25,smoother_001,eu_agreement,0.051481926809243794,0.8909090909090909
heteroscedastic,4,1.0,0.25,smoother_001,acquisition_overlap,0.051481926809243794,0.7951404970357048
heteroscedastic,4,1.0,0.25,smoother_001,eu_group0,0.051481926809243794,0.9515151515151514
heteroscedastic,4,1.0,0.25,smoother_001,eu_group1,0.051481926809243794,0.8060606060606059
heteroscedastic,4,1.0,0.25,smoother_001,eu_id,0.051481926809243794,0.8666666666666665
heteroscedastic,4,1.0,0.25,smoother_001,eu_heldout,0.051481926809243794,0.5878787878787878
heteroscedastic,4,1.0,0.25,smoother_1,eu_agreement,0.1956839267201318,0.8909090909090909
heteroscedastic,4,1.0,0.25,smoother_1,acquisition_overlap,0.1956839267201318,0.8134898931211442
heteroscedastic,4,1.0,0.25,smoother_1,eu_group0,0.1956839267201318,0.9393939393939393
heteroscedastic,4,1.0,0.25,smoother_1,eu_group1,0.1956839267201318,0.8303030303030302
heteroscedastic,4,1.0,0.25,smoother_1,eu_id,0.1956839267201318,0.8787878787878788
heteroscedastic,4,1.0,0.25,smoother_1,eu_heldout,0.1956839267201318,0.5636363636363636
heteroscedastic,4,1.0,1.0,cka,eu_agreement,0.5462164664366376,0.9272727272727272
heteroscedastic,4,1.0,1.0,cka,acquisition_overlap,0.5462164664366376,0.8267515394048879
heteroscedastic,4,1.0,1.0,cka,eu_group0,0.5462164664366376,0.8303030303030302
heteroscedastic,4,1.0,1.0,cka,eu_group1,0.5462164664366376,0.9393939393939393
heteroscedastic,4,1.0,1.0,cka,eu_id,0.5462164664366376,0.8787878787878788
heteroscedastic,4,1.0,1.0,cka,eu_heldout,0.5462164664366376,0.7333333333333332
heteroscedastic,4,1.0,1.0,mknn,eu_agreement,0.3601476014760149,0.9151515151515152
heteroscedastic,4,1.0,1.0,mknn,acquisition_overlap,0.3601476014760149,0.8510677611520905
heteroscedastic,4,1.0,1.0,mknn,eu_group0,0.3601476014760149,0.8545454545454544
heteroscedastic,4,1.0,1.0,mknn,eu_group1,0.3601476014760149,0.9272727272727272
heteroscedastic,4,1.0,1.0,mknn,eu_id,0.3601476014760149,0.8545454545454544
heteroscedastic,4,1.0,1.0,mknn,eu_heldout,0.3601476014760149,0.7212121212121211
heteroscedastic,4,1.0,1.0,predictivity,eu_agreement,0.48196322277602555,0.8545454545454544
heteroscedastic,4,1.0,1.0,predictivity,acquisition_overlap,0.48196322277602555,0.735565707852878
heteroscedastic,4,1.0,1.0,predictivity,eu_group0,0.48196322277602555,0.7939393939393938
heteroscedastic,4,1.0,1.0,predictivity,eu_group1,0.48196322277602555,0.8666666666666665
heteroscedastic,4,1.0,1.0,predictivity,eu_id,0.48196322277602555,0.8545454545454544
heteroscedastic,4,1.0,1.0,predictivity,eu_heldout,0.48196322277602555,0.6
heteroscedastic,4,1.0,1.0,cca_type,eu_agreement,1.0060221322660823e-08,0.8060606060606059
heteroscedastic,4,1.0,1.0,cca_type,acquisition_overlap,1.0060221322660823e-08,0.5835893219328621
heteroscedastic,4,1.0,1.0,cca_type,eu_group0,1.0060221322660823e-08,0.7212121212121211
heteroscedastic,4,1.0,1.0,cca_type,eu_group1,1.0060221322660823e-08,0.7939393939393938
heteroscedastic,4,1.0,1.0,cca_type,eu_id,1.0060221322660823e-08,0.7212121212121211
heteroscedastic,4,1.0,1.0,cca_type,eu_heldout,1.0060221322660823e-08,0.6727272727272726
heteroscedastic,4,1.0,1.0,smoother_001,eu_agreement,0.051481926809243794,0.8060606060606059
heteroscedastic,4,1.0,1.0,smoother_001,acquisition_overlap,0.051481926809243794,0.5835893219328621
heteroscedastic,4,1.0,1.0,smoother_001,eu_group0,0.051481926809243794,0.7212121212121211
heteroscedastic,4,1.0,1.0,smoother_001,eu_group1,0.051481926809243794,0.7939393939393938
heteroscedastic,4,1.0,1.0,smoother_001,eu_id,0.051481926809243794,0.7212121212121211
heteroscedastic,4,1.0,1.0,smoother_001,eu_heldout,0.051481926809243794,0.6727272727272726
heteroscedastic,4,1.0,1.0,smoother_1,eu_agreement,0.1956839267201318,0.8303030303030302
heteroscedastic,4,1.0,1.0,smoother_1,acquisition_overlap,0.1956839267201318,0.686933264358473
heteroscedastic,4,1.0,1.0,smoother_1,eu_group0,0.1956839267201318,0.8060606060606059
heteroscedastic,4,1.0,1.0,smoother_1,eu_group1,0.1956839267201318,0.8424242424242423
heteroscedastic,4,1.0,1.0,smoother_1,eu_id,0.1956839267201318,0.7696969696969697
heteroscedastic,4,1.0,1.0,smoother_1,eu_heldout,0.1956839267201318,0.6363636363636362
heteroscedastic,4,10.0,0.1,cka,eu_agreement,0.5462164664366376,0.9393939393939393
heteroscedastic,4,10.0,0.1,cka,acquisition_overlap,0.5462164664366376,0.7173285415424762
heteroscedastic,4,10.0,0.1,cka,eu_group0,0.5462164664366376,0.6727272727272726
heteroscedastic,4,10.0,0.1,cka,eu_group1,0.5462164664366376,0.8909090909090909
heteroscedastic,4,10.0,0.1,cka,eu_id,0.5462164664366376,0.9393939393939393
heteroscedastic,4,10.0,0.1,cka,eu_heldout,0.5462164664366376,0.7454545454545454
heteroscedastic,4,10.0,0.1,mknn,eu_agreement,0.3601476014760149,0.9151515151515152
heteroscedastic,4,10.0,0.1,mknn,acquisition_overlap,0.3601476014760149,0.772040040473682
heteroscedastic,4,10.0,0.1,mknn,eu_group0,0.3601476014760149,0.6606060606060605
heteroscedastic,4,10.0,0.1,mknn,eu_group1,0.3601476014760149,0.8424242424242423
heteroscedastic,4,10.0,0.1,mknn,eu_id,0.3601476014760149,0.9151515151515152
heteroscedastic,4,10.0,0.1,mknn,eu_heldout,0.3601476014760149,0.7575757575757575
heteroscedastic,4,10.0,0.1,predictivity,eu_agreement,0.48196322277602555,0.8545454545454544
heteroscedastic,4,10.0,0.1,predictivity,acquisition_overlap,0.48196322277602555,0.6565379871744699
heteroscedastic,4,10.0,0.1,predictivity,eu_group0,0.48196322277602555,0.7212121212121211
heteroscedastic,4,10.0,0.1,predictivity,eu_group1,0.48196322277602555,0.8181818181818182
heteroscedastic,4,10.0,0.1,predictivity,eu_id,0.48196322277602555,0.8545454545454544
heteroscedastic,4,10.0,0.1,predictivity,eu_heldout,0.48196322277602555,0.6727272727272726
heteroscedastic,4,10.0,0.1,cca_type,eu_agreement,1.0060221322660823e-08,0.9272727272727272
heteroscedastic,4,10.0,0.1,cca_type,acquisition_overlap,1.0060221322660823e-08,0.7841981513472833
heteroscedastic,4,10.0,0.1,cca_type,eu_group0,1.0060221322660823e-08,0.8060606060606059
heteroscedastic,4,10.0,0.1,cca_type,eu_group1,1.0060221322660823e-08,0.8909090909090909
heteroscedastic,4,10.0,0.1,cca_type,eu_id,1.0060221322660823e-08,0.9272727272727272
heteroscedastic,4,10.0,0.1,cca_type,eu_heldout,1.0060221322660823e-08,0.7454545454545454
heteroscedastic,4,10.0,0.1,smoother_001,eu_agreement,0.051481926809243794,0.9272727272727272
heteroscedastic,4,10.0,0.1,smoother_001,acquisition_overlap,0.051481926809243794,0.7841981513472833
heteroscedastic,4,10.0,0.1,smoother_001,eu_group0,0.051481926809243794,0.8060606060606059
heteroscedastic,4,10.0,0.1,smoother_001,eu_group1,0.051481926809243794,0.8909090909090909
heteroscedastic,4,10.0,0.1,smoother_001,eu_id,0.051481926809243794,0.9272727272727272
heteroscedastic,4,10.0,0.1,smoother_001,eu_heldout,0.051481926809243794,0.7454545454545454
heteroscedastic,4,10.0,0.1,smoother_1,eu_agreement,0.1956839267201318,0.9272727272727272
heteroscedastic,4,10.0,0.1,smoother_1,acquisition_overlap,0.1956839267201318,0.772040040473682
heteroscedastic,4,10.0,0.1,smoother_1,eu_group0,0.1956839267201318,0.8181818181818182
heteroscedastic,4,10.0,0.1,smoother_1,eu_group1,0.1956839267201318,0.8909090909090909
heteroscedastic,4,10.0,0.1,smoother_1,eu_id,0.1956839267201318,0.9272727272727272
heteroscedastic,4,10.0,0.1,smoother_1,eu_heldout,0.1956839267201318,0.6969696969696969
heteroscedastic,4,10.0,0.25,cka,eu_agreement,0.5462164664366376,0.9515151515151514
heteroscedastic,4,10.0,0.25,cka,acquisition_overlap,0.5462164664366376,0.8624216160156492
heteroscedastic,4,10.0,0.25,cka,eu_group0,0.5462164664366376,0.8909090909090909
heteroscedastic,4,10.0,0.25,cka,eu_group1,0.5462164664366376,0.9272727272727272
heteroscedastic,4,10.0,0.25,cka,eu_id,0.5462164664366376,0.9393939393939393
heteroscedastic,4,10.0,0.25,cka,eu_heldout,0.5462164664366376,0.6363636363636362
heteroscedastic,4,10.0,0.25,mknn,eu_agreement,0.3601476014760149,0.9393939393939393
heteroscedastic,4,10.0,0.25,mknn,acquisition_overlap,0.3601476014760149,0.8746545467392752
heteroscedastic,4,10.0,0.25,mknn,eu_group0,0.3601476014760149,0.8787878787878788
heteroscedastic,4,10.0,0.25,mknn,eu_group1,0.3601476014760149,0.9030303030303028
heteroscedastic,4,10.0,0.25,mknn,eu_id,0.3601476014760149,0.9272727272727272
heteroscedastic,4,10.0,0.25,mknn,eu_heldout,0.3601476014760149,0.6242424242424242
heteroscedastic,4,10.0,0.25,predictivity,eu_agreement,0.48196322277602555,0.8666666666666665
heteroscedastic,4,10.0,0.25,predictivity,acquisition_overlap,0.48196322277602555,0.8807710121010884
heteroscedastic,4,10.0,0.25,predictivity,eu_group0,0.48196322277602555,0.7696969696969697
heteroscedastic,4,10.0,0.25,predictivity,eu_group1,0.48196322277602555,0.8545454545454544
heteroscedastic,4,10.0,0.25,predictivity,eu_id,0.48196322277602555,0.8303030303030302
heteroscedastic,4,10.0,0.25,predictivity,eu_heldout,0.48196322277602555,0.6121212121212121
heteroscedastic,4,10.0,0.25,cca_type,eu_agreement,1.0060221322660823e-08,0.8909090909090909
heteroscedastic,4,10.0,0.25,cca_type,acquisition_overlap,1.0060221322660823e-08,0.7951404970357048
heteroscedastic,4,10.0,0.25,cca_type,eu_group0,1.0060221322660823e-08,0.9515151515151514
heteroscedastic,4,10.0,0.25,cca_type,eu_group1,1.0060221322660823e-08,0.8060606060606059
heteroscedastic,4,10.0,0.25,cca_type,eu_id,1.0060221322660823e-08,0.8666666666666665
heteroscedastic,4,10.0,0.25,cca_type,eu_heldout,1.0060221322660823e-08,0.5878787878787878
heteroscedastic,4,10.0,0.25,smoother_001,eu_agreement,0.051481926809243794,0.8909090909090909
heteroscedastic,4,10.0,0.25,smoother_001,acquisition_overlap,0.051481926809243794,0.7951404970357048
heteroscedastic,4,10.0,0.25,smoother_001,eu_group0,0.051481926809243794,0.9515151515151514
heteroscedastic,4,10.0,0.25,smoother_001,eu_group1,0.051481926809243794,0.8060606060606059
heteroscedastic,4,10.0,0.25,smoother_001,eu_id,0.051481926809243794,0.8666666666666665
heteroscedastic,4,10.0,0.25,smoother_001,eu_heldout,0.051481926809243794,0.5878787878787878
heteroscedastic,4,10.0,0.25,smoother_1,eu_agreement,0.1956839267201318,0.8909090909090909
heteroscedastic,4,10.0,0.25,smoother_1,acquisition_overlap,0.1956839267201318,0.8134898931211442
heteroscedastic,4,10.0,0.25,smoother_1,eu_group0,0.1956839267201318,0.9393939393939393
heteroscedastic,4,10.0,0.25,smoother_1,eu_group1,0.1956839267201318,0.8303030303030302
heteroscedastic,4,10.0,0.25,smoother_1,eu_id,0.1956839267201318,0.8787878787878788
heteroscedastic,4,10.0,0.25,smoother_1,eu_heldout,0.1956839267201318,0.5636363636363636
heteroscedastic,4,10.0,1.0,cka,eu_agreement,0.5462164664366376,0.9272727272727272
heteroscedastic,4,10.0,1.0,cka,acquisition_overlap,0.5462164664366376,0.8353813836471727
heteroscedastic,4,10.0,1.0,cka,eu_group0,0.5462164664366376,0.9030303030303028
heteroscedastic,4,10.0,1.0,cka,eu_group1,0.5462164664366376,0.9393939393939393
heteroscedastic,4,10.0,1.0,cka,eu_id,0.5462164664366376,0.8787878787878788
heteroscedastic,4,10.0,1.0,cka,eu_heldout,0.5462164664366376,0.709090909090909
heteroscedastic,4,10.0,1.0,mknn,eu_agreement,0.3601476014760149,0.9151515151515152
heteroscedastic,4,10.0,1.0,mknn,acquisition_overlap,0.3601476014760149,0.8658697553131279
heteroscedastic,4,10.0,1.0,mknn,eu_group0,0.3601476014760149,0.9272727272727272
heteroscedastic,4,10.0,1.0,mknn,eu_group1,0.3601476014760149,0.9272727272727272
heteroscedastic,4,10.0,1.0,mknn,eu_id,0.3601476014760149,0.8545454545454544
heteroscedastic,4,10.0,1.0,mknn,eu_heldout,0.3601476014760149,0.6969696969696969
heteroscedastic,4,10.0,1.0,predictivity,eu_agreement,0.48196322277602555,0.8545454545454544
heteroscedastic,4,10.0,1.0,predictivity,acquisition_overlap,0.48196322277602555,0.7805023146484533
heteroscedastic,4,10.0,1.0,predictivity,eu_group0,0.48196322277602555,0.7696969696969697
heteroscedastic,4,10.0,1.0,predictivity,eu_group1,0.48196322277602555,0.8666666666666665
heteroscedastic,4,10.0,1.0,predictivity,eu_id,0.48196322277602555,0.8545454545454544
heteroscedastic,4,10.0,1.0,predictivity,eu_heldout,0.48196322277602555,0.5757575757575757
heteroscedastic,4,10.0,1.0,cca_type,eu_agreement,1.0060221322660823e-08,0.8060606060606059
heteroscedastic,4,10.0,1.0,cca_type,acquisition_overlap,1.0060221322660823e-08,0.5731813873199579
heteroscedastic,4,10.0,1.0,cca_type,eu_group0,1.0060221322660823e-08,0.8545454545454544
heteroscedastic,4,10.0,1.0,cca_type,eu_group1,1.0060221322660823e-08,0.7939393939393938
heteroscedastic,4,10.0,1.0,cca_type,eu_id,1.0060221322660823e-08,0.7212121212121211
heteroscedastic,4,10.0,1.0,cca_type,eu_heldout,1.0060221322660823e-08,0.6121212121212121
heteroscedastic,4,10.0,1.0,smoother_001,eu_agreement,0.051481926809243794,0.8060606060606059
heteroscedastic,4,10.0,1.0,smoother_001,acquisition_overlap,0.051481926809243794,0.5731813873199579
heteroscedastic,4,10.0,1.0,smoother_001,eu_group0,0.051481926809243794,0.8545454545454544
heteroscedastic,4,10.0,1.0,smoother_001,eu_group1,0.051481926809243794,0.7939393939393938
heteroscedastic,4,10.0,1.0,smoother_001,eu_id,0.051481926809243794,0.7212121212121211
heteroscedastic,4,10.0,1.0,smoother_001,eu_heldout,0.051481926809243794,0.6121212121212121
heteroscedastic,4,10.0,1.0,smoother_1,eu_agreement,0.1956839267201318,0.8303030303030302
heteroscedastic,4,10.0,1.0,smoother_1,acquisition_overlap,0.1956839267201318,0.7012325483169698
heteroscedastic,4,10.0,1.0,smoother_1,eu_group0,0.1956839267201318,0.8909090909090909
heteroscedastic,4,10.0,1.0,smoother_1,eu_group1,0.1956839267201318,0.8424242424242423
heteroscedastic,4,10.0,1.0,smoother_1,eu_id,0.1956839267201318,0.7696969696969697
heteroscedastic,4,10.0,1.0,smoother_1,eu_heldout,0.1956839267201318,0.6
homoscedastic,0,0.1,0.1,cka,eu_agreement,0.5429480590766869,0.9393939393939393
homoscedastic,0,0.1,0.1,cka,acquisition_overlap,0.5429480590766869,0.8753839828992931
homoscedastic,0,0.1,0.1,cka,eu_group0,0.5429480590766869,0.9393939393939393
homoscedastic,0,0.1,0.1,cka,eu_group1,0.5429480590766869,
homoscedastic,0,0.1,0.1,cka,eu_id,0.5429480590766869,0.9636363636363635
homoscedastic,0,0.1,0.1,cka,eu_heldout,0.5429480590766869,0.7939393939393938
homoscedastic,0,0.1,0.1,mknn,eu_agreement,0.37859778597785976,0.9151515151515152
homoscedastic,0,0.1,0.1,mknn,acquisition_overlap,0.37859778597785976,0.8936211492096949
homoscedastic,0,0.1,0.1,mknn,eu_group0,0.37859778597785976,0.9151515151515152
homoscedastic,0,0.1,0.1,mknn,eu_group1,0.37859778597785976,
homoscedastic,0,0.1,0.1,mknn,eu_id,0.37859778597785976,0.9393939393939393
homoscedastic,0,0.1,0.1,mknn,eu_heldout,0.37859778597785976,0.7818181818181817
homoscedastic,0,0.1,0.1,predictivity,eu_agreement,0.4617865922057611,0.8787878787878788
homoscedastic,0,0.1,0.1,predictivity,acquisition_overlap,0.4617865922057611,0.7781190959104827
homoscedastic,0,0.1,0.1,predictivity,eu_group0,0.4617865922057611,0.8787878787878788
homoscedastic,0,0.1,0.1,predictivity,eu_group1,0.4617865922057611,
homoscedastic,0,0.1,0.1,predictivity,eu_id,0.4617865922057611,0.9151515151515152
homoscedastic,0,0.1,0.1,predictivity,eu_heldout,0.4617865922057611,0.8181818181818182
homoscedastic,0,0.1,0.1,cca_type,eu_agreement,1.017469719588604e-08,0.9515151515151514
homoscedastic,0,0.1,0.1,cca_type,acquisition_overlap,1.017469719588604e-08,0.8510677611520905
homoscedastic,0,0.1,0.1,cca_type,eu_group0,1.017469719588604e-08,0.9515151515151514
homoscedastic,0,0.1,0.1,cca_type,eu_group1,1.017469719588604e-08,
homoscedastic,0,0.1,0.1,cca_type,eu_id,1.017469719588604e-08,0.9393939393939393
homoscedastic,0,0.1,0.1,cca_type,eu_heldout,1.017469719588604e-08,0.7333333333333332
homoscedastic,0,0.1,0.1,smoother_001,eu_agreement,0.05144531581772782,0.9515151515151514
homoscedastic,0,0.1,0.1,smoother_001,acquisition_overlap,0.05144531581772782,0.8510677611520905
homoscedastic,0,0.1,0.1,smoother_001,eu_group0,0.05144531581772782,0.9515151515151514
homoscedastic,0,0.1,0.1,smoother_001,eu_group1,0.05144531581772782,
homoscedastic,0,0.1,0.1,smoother_001,eu_id,0.05144531581772782,0.9393939393939393
homoscedastic,0,0.1,0.1,smoother_001,eu_heldout,0.05144531581772782,0.7333333333333332
homoscedastic,0,0.1,0.1,smoother_1,eu_agreement,0.189560799703418,0.9393939393939393
homoscedastic,0,0.1,0.1,smoother_1,acquisition_overlap,0.189560799703418,0.8267515394048879
homoscedastic,0,0.1,0.1,smoother_1,eu_group0,0.189560799703418,0.9393939393939393
homoscedastic,0,0.1,0.1,smoother_1,eu_group1,0.189560799703418,
homoscedastic,0,0.1,0.1,smoother_1,eu_id,0.189560799703418,0.9515151515151514
homoscedastic,0,0.1,0.1,smoother_1,eu_heldout,0.189560799703418,0.6848484848484848
homoscedastic,0,0.1,0.25,cka,eu_agreement,0.5429480590766869,0.9757575757575757
homoscedastic,0,0.1,0.25,cka,acquisition_overlap,0.5429480590766869,0.8292837093139818
homoscedastic,0,0.1,0.25,cka,eu_group0,0.5429480590766869,0.9757575757575757
homoscedastic,0,0.1,0.25,cka,eu_group1,0.5429480590766869,
homoscedastic,0,0.1,0.25,cka,eu_id,0.5429480590766869,0.8787878787878788
homoscedastic,0,0.1,0.25,cka,eu_heldout,0.5429480590766869,0.8181818181818182
homoscedastic,0,0.1,0.25,mknn,eu_agreement,0.37859778597785976,0.9636363636363635
homoscedastic,0,0.1,0.25,mknn,acquisition_overlap,0.37859778597785976,0.8475767323135548
homoscedastic,0,0.1,0.25,mknn,eu_group0,0.37859778597785976,0.9636363636363635
homoscedastic,0,0.1,0.25,mknn,eu_group1,0.37859778597785976,
homoscedastic,0,0.1,0.25,mknn,eu_id,0.37859778597785976,0.8545454545454544
homoscedastic,0,0.1,0.25,mknn,eu_heldout,0.37859778597785976,0.8060606060606059
homoscedastic,0,0.1,0.25,predictivity,eu_agreement,0.4617865922057611,0.9393939393939393
homoscedastic,0,0.1,0.25,predictivity,acquisition_overlap,0.4617865922057611,0.725623245649734
homoscedastic,0,0.1,0.25,predictivity,eu_group0,0.4617865922057611,0.9393939393939393
homoscedastic,0,0.1,0.25,predictivity,eu_group1,0.4617865922057611,
homoscedastic,0,0.1,0.25,predictivity,eu_id,0.4617865922057611,0.8666666666666665
homoscedastic,0,0.1,0.25,predictivity,eu_heldout,0.4617865922057611,0.7818181818181817
homoscedastic,0,0.1,0.25,cca_type,eu_agreement,1.017469719588604e-08,0.9030303030303028
homoscedastic,0,0.1,0.25,cca_type,acquisition_overlap,1.017469719588604e-08,0.9451395216446113
homoscedastic,0,0.1,0.25,cca_type,eu_group0,1.017469719588604e-08,0.9030303030303028
homoscedastic,0,0.1,0.25,cca_type,eu_group1,1.017469719588604e-08,
homoscedastic,0,0.1,0.25,cca_type,eu_id,1.017469719588604e-08,0.7575757575757575
homoscedastic,0,0.1,0.25,cca_type,eu_heldout,1.017469719588604e-08,0.7696969696969697
homoscedastic,0,0.1,0.25,smoother_001,eu_agreement,0.05144531581772782,0.9030303030303028
homoscedastic,0,0.1,0.25,smoother_001,acquisition_overlap,0.05144531581772782,0.9451395216446113
homoscedastic,0,0.1,0.25,smoother_001,eu_group0,0.05144531581772782,0.9030303030303028
homoscedastic,0,0.1,0.25,smoother_001,eu_group1,0.05144531581772782,
homoscedastic,0,0.1,0.25,smoother_001,eu_id,0.05144531581772782,0.7575757575757575
homoscedastic,0,0.1,0.25,smoother_001,eu_heldout,0.05144531581772782,0.7696969696969697
homoscedastic,0,0.1,0.25,smoother_1,eu_agreement,0.189560799703418,0.9151515151515152
homoscedastic,0,0.1,0.25,smoother_1,acquisition_overlap,0.189560799703418,0.9207488243118473
homoscedastic,0,0.1,0.25,smoother_1,eu_group0,0.189560799703418,0.9151515151515152
homoscedastic,0,0.1,0.25,smoother_1,eu_group1,0.189560799703418,
homoscedastic,0,0.1,0.25,smoother_1,eu_id,0.189560799703418,0.7696969696969697
homoscedastic,0,0.1,0.25,smoother_1,eu_heldout,0.189560799703418,0.7333333333333332
homoscedastic,0,0.1,1.0,cka,eu_agreement,0.5429480590766869,0.9393939393939393
homoscedastic,0,0.1,1.0,cka,acquisition_overlap,0.5429480590766869,0.6238794669049376
homoscedastic,0,0.1,1.0,cka,eu_group0,0.5429480590766869,0.9393939393939393
homoscedastic,0,0.1,1.0,cka,eu_group1,0.5429480590766869,
homoscedastic,0,0.1,1.0,cka,eu_id,0.5429480590766869,0.9393939393939393
homoscedastic,0,0.1,1.0,cka,eu_heldout,0.5429480590766869,0.9636363636363635
homoscedastic,0,0.1,1.0,mknn,eu_agreement,0.37859778597785976,0.9272727272727272
homoscedastic,0,0.1,1.0,mknn,acquisition_overlap,0.37859778597785976,0.6238794669049376
homoscedastic,0,0.1,1.0,mknn,eu_group0,0.37859778597785976,0.9272727272727272
homoscedastic,0,0.1,1.0,mknn,eu_group1,0.37859778597785976,
homoscedastic,0,0.1,1.0,mknn,eu_id,0.37859778597785976,0.9272727272727272
homoscedastic,0,0.1,1.0,mknn,eu_heldout,0.37859778597785976,0.9515151515151514
homoscedastic,0,0.1,1.0,predictivity,eu_agreement,0.4617865922057611,0.8787878787878788
homoscedastic,0,0.1,1.0,predictivity,acquisition_overlap,0.4617865922057611,0.6177630015431245
homoscedastic,0,0.1,1.0,predictivity,eu_group0,0.4617865922057611,0.8787878787878788
homoscedastic,0,0.1,1.0,predictivity,eu_group1,0.4617865922057611,
homoscedastic,0,0.1,1.0,predictivity,eu_id,0.4617865922057611,0.8787878787878788
homoscedastic,0,0.1,1.0,predictivity,eu_heldout,0.4617865922057611,0.8909090909090909
homoscedastic,0,0.1,1.0,cca_type,eu_agreement,1.017469719588604e-08,0.7939393939393938
homoscedastic,0,0.1,1.0,cca_type,acquisition_overlap,1.017469719588604e-08,0.5749477440104327
homoscedastic,0,0.1,1.0,cca_type,eu_group0,1.017469719588604e-08,0.7939393939393938
homoscedastic,0,0.1,1.0,cca_type,eu_group1,1.017469719588604e-08,
homoscedastic,0,0.1,1.0,cca_type,eu_id,1.017469719588604e-08,0.7939393939393938
homoscedastic,0,0.1,1.0,cca_type,eu_heldout,1.017469719588604e-08,0.8303030303030302
homoscedastic,0,0.1,1.0,smoother_001,eu_agreement,0.05144531581772782,0.7939393939393938
homoscedastic,0,0.1,1.0,smoother_001,acquisition_overlap,0.05144531581772782,0.5749477440104327
homoscedastic,0,0.1,1.0,smoother_001,eu_group0,0.05144531581772782,0.7939393939393938
homoscedastic,0,0.1,1.0,smoother_001,eu_group1,0.05144531581772782,
homoscedastic,0,0.1,1.0,smoother_001,eu_id,0.05144531581772782,0.7939393939393938
homoscedastic,0,0.1,1.0,smoother_001,eu_heldout,0.05144531581772782,0.8303030303030302
homoscedastic,0,0.1,1.0,smoother_1,eu_agreement,0.189560799703418,0.8424242424242423
homoscedastic,0,0.1,1.0,smoother_1,acquisition_overlap,0.189560799703418,0.6850441205230687
homoscedastic,0,0.1,1.0,smoother_1,eu_group0,0.189560799703418,0.8424242424242423
homoscedastic,0,0.1,1.0,smoother_1,eu_group1,0.189560799703418,
homoscedastic,0,0.1,1.0,smoother_1,eu_id,0.189560799703418,0.8424242424242423
homoscedastic,0,0.1,1.0,smoother_1,eu_heldout,0.189560799703418,0.8545454545454544
homoscedastic,0,1.0,0.1,cka,eu_agreement,0.5429480590766869,0.9393939393939393
homoscedastic,0,1.0,0.1,cka,acquisition_overlap,0.5429480590766869,0.8753839828992931
homoscedastic,0,1.0,0.1,cka,eu_group0,0.5429480590766869,0.9393939393939393
homoscedastic,0,1.0,0.1,cka,eu_group1,0.5429480590766869,
homoscedastic,0,1.0,0.1,cka,eu_id,0.5429480590766869,0.9636363636363635
homoscedastic,0,1.0,0.1,cka,eu_heldout,0.5429480590766869,0.7939393939393938
homoscedastic,0,1.0,0.1,mknn,eu_agreement,0.37859778597785976,0.9151515151515152
homoscedastic,0,1.0,0.1,mknn,acquisition_overlap,0.37859778597785976,0.8936211492096949
homoscedastic,0,1.0,0.1,mknn,eu_group0,0.37859778597785976,0.9151515151515152
homoscedastic,0,1.0,0.1,mknn,eu_group1,0.37859778597785976,
homoscedastic,0,1.0,0.1,mknn,eu_id,0.37859778597785976,0.9393939393939393
homoscedastic,0,1.0,0.1,mknn,eu_heldout,0.37859778597785976,0.7818181818181817
homoscedastic,0,1.0,0.1,predictivity,eu_agreement,0.4617865922057611,0.8787878787878788
homoscedastic,0,1.0,0.1,predictivity,acquisition_overlap,0.4617865922057611,0.7781190959104827
homoscedastic,0,1.0,0.1,predictivity,eu_group0,0.4617865922057611,0.8787878787878788
homoscedastic,0,1.0,0.1,predictivity,eu_group1,0.4617865922057611,
homoscedastic,0,1.0,0.1,predictivity,eu_id,0.4617865922057611,0.9151515151515152
homoscedastic,0,1.0,0.1,predictivity,eu_heldout,0.4617865922057611,0.8181818181818182
homoscedastic,0,1.0,0.1,cca_type,eu_agreement,1.017469719588604e-08,0.9515151515151514
homoscedastic,0,1.0,0.1,cca_type,acquisition_overlap,1.017469719588604e-08,0.8510677611520905
homoscedastic,0,1.0,0.1,cca_type,eu_group0,1.017469719588604e-08,0.9515151515151514
homoscedastic,0,1.0,0.1,cca_type,eu_group1,1.017469719588604e-08,
homoscedastic,0,1.0,0.1,cca_type,eu_id,1.017469719588604e-08,0.9393939393939393
homoscedastic,0,1.0,0.1,cca_type,eu_heldout,1.017469719588604e-08,0.7333333333333332
homoscedastic,0,1.0,0.1,smoother_001,eu_agreement,0.05144531581772782,0.9515151515151514
homoscedastic,0,1.0,0.1,smoother_001,acquisition_overlap,0.05144531581772782,0.8510677611520905
homoscedastic,0,1.0,0.1,smoother_001,eu_group0,0.05144531581772782,0.9515151515151514
homoscedastic,0,1.0,0.1,smoother_001,eu_group1,0.05144531581772782,
homoscedastic,0,1.0,0.1,smoother_001,eu_id,0.05144531581772782,0.9393939393939393
homoscedastic,0,1.0,0.1,smoother_001,eu_heldout,0.05144531581772782,0.7333333333333332
homoscedastic,0,1.0,0.1,smoother_1,eu_agreement,0.189560799703418,0.9393939393939393
homoscedastic,0,1.0,0.1,smoother_1,acquisition_overlap,0.189560799703418,0.8267515394048879
homoscedastic,0,1.0,0.1,smoother_1,eu_group0,0.189560799703418,0.9393939393939393
homoscedastic,0,1.0,0.1,smoother_1,eu_group1,0.189560799703418,
homoscedastic,0,1.0,0.1,smoother_1,eu_id,0.189560799703418,0.9515151515151514
homoscedastic,0,1.0,0.1,smoother_1,eu_heldout,0.189560799703418,0.6848484848484848
homoscedastic,0,1.0,0.25,cka,eu_agreement,0.5429480590766869,0.9757575757575757
homoscedastic,0,1.0,0.25,cka,acquisition_overlap,0.5429480590766869,0.8292837093139818
homoscedastic,0,1.0,0.25,cka,eu_group0,0.5429480590766869,0.9757575757575757
homoscedastic,0,1.0,0.25,cka,eu_group1,0.5429480590766869,
homoscedastic,0,1.0,0.25,cka,eu_id,0.5429480590766869,0.8787878787878788
homoscedastic,0,1.0,0.25,cka,eu_heldout,0.5429480590766869,0.8181818181818182
homoscedastic,0,1.0,0.25,mknn,eu_agreement,0.37859778597785976,0.9636363636363635
homoscedastic,0,1.0,0.25,mknn,acquisition_overlap,0.37859778597785976,0.8475767323135548
homoscedastic,0,1.0,0.25,mknn,eu_group0,0.37859778597785976,0.9636363636363635
homoscedastic,0,1.0,0.25,mknn,eu_group1,0.37859778597785976,
homoscedastic,0,1.0,0.25,mknn,eu_id,0.37859778597785976,0.8545454545454544
homoscedastic,0,1.0,0.25,mknn,eu_heldout,0.37859778597785976,0.8060606060606059
homoscedastic,0,1.0,0.25,predictivity,eu_agreement,0.4617865922057611,0.9393939393939393
homoscedastic,0,1.0,0.25,predictivity,acquisition_overlap,0.4617865922057611,0.725623245649734
homoscedastic,0,1.0,0.25,predictivity,eu_group0,0.4617865922057611,0.9393939393939393
homoscedastic,0,1.0,0.25,predictivity,eu_group1,0.4617865922057611,
homoscedastic,0,1.0,0.25,predictivity,eu_id,0.4617865922057611,0.8666666666666665
homoscedastic,0,1.0,0.25,predictivity,eu_heldout,0.4617865922057611,0.7818181818181817
homoscedastic,0,1.0,0.25,cca_type,eu_agreement,1.017469719588604e-08,0.9030303030303028
homoscedastic,0,1.0,0.25,cca_type,acquisition_overlap,1.017469719588604e-08,0.9451395216446113
homoscedastic,0,1.0,0.25,cca_type,eu_group0,1.017469719588604e-08,0.9030303030303028
homoscedastic,0,1.0,0.25,cca_type,eu_group1,1.017469719588604e-08,
homoscedastic,0,1.0,0.25,cca_type,eu_id,1.017469719588604e-08,0.7575757575757575
homoscedastic,0,1.0,0.25,cca_type,eu_heldout,1.017469719588604e-08,0.7696969696969697
homoscedastic,0,1.0,0.25,smoother_001,eu_agreement,0.05144531581772782,0.9030303030303028
homoscedastic,0,1.0,0.25,smoother_001,acquisition_overlap,0.05144531581772782,0.9451395216446113
homoscedastic,0,1.0,0.25,smoother_001,eu_group0,0.05144531581772782,0.9030303030303028
homoscedastic,0,1.0,0.25,smoother_001,eu_group1,0.05144531581772782,
homoscedastic,0,1.0,0.25,smoother_001,eu_id,0.05144531581772782,0.7575757575757575
homoscedastic,0,1.0,0.25,smoother_001,eu_heldout,0.05144531581772782,0.7696969696969697
homoscedastic,0,1.0,0.25,smoother_1,eu_agreement,0.189560799703418,0.9151515151515152
homoscedastic,0,1.0,0.25,smoother_1,acquisition_overlap,0.189560799703418,0.9207488243118473
homoscedastic,0,1.0,0.25,smoother_1,eu_group0,0.189560799703418,0.9151515151515152
homoscedastic,0,1.0,0.25,smoother_1,eu_group1,0.189560799703418,
homoscedastic,0,1.0,0.25,smoother_1,eu_id,0.189560799703418,0.7696969696969697
homoscedastic,0,1.0,0.25,smoother_1,eu_heldout,0.189560799703418,0.7333333333333332
homoscedastic,0,1.0,1.0,cka,eu_agreement,0.5429480590766869,0.9393939393939393
homoscedastic,0,1.0,1.0,cka,acquisition_overlap,0.5429480590766869,0.5957474328064633
homoscedastic,0,1.0,1.0,cka,eu_group0,0.5429480590766869,0.9393939393939393
homoscedastic,0,1.0,1.0,cka,eu_group1,0.5429480590766869,
homoscedastic,0,1.0,1.0,cka,eu_id,0.5429480590766869,0.9393939393939393
homoscedastic,0,1.0,1.0,cka,eu_heldout,0.5429480590766869,0.9636363636363635
homoscedastic,0,1.0,1.0,mknn,eu_agreement,0.37859778597785976,0.9272727272727272
homoscedastic,0,1.0,1.0,mknn,acquisition_overlap,0.37859778597785976,0.6079055436800646
homoscedastic,0,1.0,1.0,mknn,eu_group0,0.37859778597785976,0.9272727272727272
homoscedastic,0,1.0,1.0,mknn,eu_group1,0.37859778597785976,
homoscedastic,0,1.0,1.0,mknn,eu_id,0.37859778597785976,0.9272727272727272
homoscedastic,0,1.0,1.0,mknn,eu_heldout,0.37859778597785976,0.9515151515151514
homoscedastic,0,1.0,1.0,predictivity,eu_agreement,0.4617865922057611,0.8787878787878788
homoscedastic,0,1.0,1.0,predictivity,acquisition_overlap,0.4617865922057611,0.5835893219328621
homoscedastic,0,1.0,1.0,predictivity,eu_group0,0.4617865922057611,0.8787878787878788
homoscedastic,0,1.0,1.0,predictivity,eu_group1,0.4617865922057611,
homoscedastic,0,1.0,1.0,predictivity,eu_id,0.4617865922057611,0.8787878787878788
homoscedastic,0,1.0,1.0,predictivity,eu_heldout,0.4617865922057611,0.8909090909090909
homoscedastic,0,1.0,1.0,cca_type,eu_agreement,1.017469719588604e-08,0.7939393939393938
homoscedastic,0,1.0,1.0,cca_type,acquisition_overlap,1.017469719588604e-08,0.5714312110592608
homoscedastic,0,1.0,1.0,cca_type,eu_group0,1.017469719588604e-08,0.7939393939393938
homoscedastic,0,1.0,1.0,cca_type,eu_group1,1.017469719588604e-08,
homoscedastic,0,1.0,1.0,cca_type,eu_id,1.017469719588604e-08,0.7939393939393938
homoscedastic,0,1.0,1.0,cca_type,eu_heldout,1.017469719588604e-08,0.8303030303030302
homoscedastic,0,1.0,1.0,smoother_001,eu_agreement,0.05144531581772782,0.7939393939393938
homoscedastic,0,1.0,1.0,smoother_001,acquisition_overlap,0.05144531581772782,0.5714312110592608
homoscedastic,0,1.0,1.0,smoother_001,eu_group0,0.05144531581772782,0.7939393939393938
homoscedastic,0,1.0,1.0,smoother_001,eu_group1,0.05144531581772782,
homoscedastic,0,1.0,1.0,smoother_001,eu_id,0.05144531581772782,0.7939393939393938
homoscedastic,0,1.0,1.0,smoother_001,eu_heldout,0.05144531581772782,0.8303030303030302
homoscedastic,0,1.0,1.0,smoother_1,eu_agreement,0.189560799703418,0.8424242424242423
homoscedastic,0,1.0,1.0,smoother_1,acquisition_overlap,0.189560799703418,0.6808542089216724
homoscedastic,0,1.0,1.0,smoother_1,eu_group0,0.189560799703418,0.8424242424242423
homoscedastic,0,1.0,1.0,smoother_1,eu_group1,0.189560799703418,
homoscedastic,0,1.0,1.0,smoother_1,eu_id,0.189560799703418,0.8424242424242423
homoscedastic,0,1.0,1.0,smoother_1,eu_heldout,0.189560799703418,0.8545454545454544
homoscedastic,0,10.0,0.1,cka,eu_agreement,0.5429480590766869,0.9393939393939393
homoscedastic,0,10.0,0.1,cka,acquisition_overlap,0.5429480590766869,0.8753839828992931
homoscedastic,0,10.0,0.1,cka,eu_group0,0.5429480590766869,0.9393939393939393
homoscedastic,0,10.0,0.1,cka,eu_group1,0.5429480590766869,
homoscedastic,0,10.0,0.1,cka,eu_id,0.5429480590766869,0.9636363636363635
homoscedastic,0,10.0,0.1,cka,eu_heldout,0.5429480590766869,0.7939393939393938
homoscedastic,0,10.0,0.1,mknn,eu_agreement,0.37859778597785976,0.9151515151515152
homoscedastic,0,10.0,0.1,mknn,acquisition_overlap,0.37859778597785976,0.8936211492096949
homoscedastic,0,10.0,0.1,mknn,eu_group0,0.37859778597785976,0.9151515151515152
homoscedastic,0,10.0,0.1,mknn,eu_group1,0.37859778597785976,
homoscedastic,0,10.0,0.1,mknn,eu_id,0.37859778597785976,0.9393939393939393
homoscedastic,0,10.0,0.1,mknn,eu_heldout,0.37859778597785976,0.7818181818181817
homoscedastic,0,10.0,0.1,predictivity,eu_agreement,0.4617865922057611,0.8787878787878788
homoscedastic,0,10.0,0.1,predictivity,acquisition_overlap,0.4617865922057611,0.7781190959104827
homoscedastic,0,10.0,0.1,predictivity,eu_group0,0.4617865922057611,0.8787878787878788
homoscedastic,0,10.0,0.1,predictivity,eu_group1,0.4617865922057611,
homoscedastic,0,10.0,0.1,predictivity,eu_id,0.4617865922057611,0.9151515151515152
homoscedastic,0,10.0,0.1,predictivity,eu_heldout,0.4617865922057611,0.8181818181818182
homoscedastic,0,10.0,0.1,cca_type,eu_agreement,1.017469719588604e-08,0.9515151515151514
homoscedastic,0,10.0,0.1,cca_type,acquisition_overlap,1.017469719588604e-08,0.8510677611520905
homoscedastic,0,10.0,0.1,cca_type,eu_group0,1.017469719588604e-08,0.9515151515151514
homoscedastic,0,10.0,0.1,cca_type,eu_group1,1.017469719588604e-08,
homoscedastic,0,10.0,0.1,cca_type,eu_id,1.017469719588604e-08,0.9393939393939393
homoscedastic,0,10.0,0.1,cca_type,eu_heldout,1.017469719588604e-08,0.7333333333333332
homoscedastic,0,10.0,0.1,smoother_001,eu_agreement,0.05144531581772782,0.9515151515151514
homoscedastic,0,10.0,0.1,smoother_001,acquisition_overlap,0.05144531581772782,0.8510677611520905
homoscedastic,0,10.0,0.1,smoother_001,eu_group0,0.05144531581772782,0.9515151515151514
homoscedastic,0,10.0,0.1,smoother_001,eu_group1,0.05144531581772782,
homoscedastic,0,10.0,0.1,smoother_001,eu_id,0.05144531581772782,0.9393939393939393
homoscedastic,0,10.0,0.1,smoother_001,eu_heldout,0.05144531581772782,0.7333333333333332
homoscedastic,0,10.0,0.1,smoother_1,eu_agreement,0.189560799703418,0.9393939393939393
homoscedastic,0,10.0,0.1,smoother_1,acquisition_overlap,0.189560799703418,0.8267515394048879
homoscedastic,0,10.0,0.1,smoother_1,eu_group0,0.189560799703418,0.9393939393939393
homoscedastic,0,10.0,0.1,smoother_1,eu_group1,0.189560799703418,
homoscedastic,0,10.0,0.1,smoother_1,eu_id,0.189560799703418,0.9515151515151514
homoscedastic,0,10.0,0.1,smoother_1,eu_heldout,0.189560799703418,0.6848484848484848
homoscedastic,0,10.0,0.25,cka,eu_agreement,0.5429480590766869,0.9757575757575757
homoscedastic,0,10.0,0.25,cka,acquisition_overlap,0.5429480590766869,0.8292837093139818
homoscedastic,0,10.0,0.25,cka,eu_group0,0.5429480590766869,0.9757575757575757
homoscedastic,0,10.0,0.25,cka,eu_group1,0.5429480590766869,
homoscedastic,0,10.0,0.25,cka,eu_id,0.5429480590766869,0.8787878787878788
homoscedastic,0,10.0,0.25,cka,eu_heldout,0.5429480590766869,0.8181818181818182
homoscedastic,0,10.0,0.25,mknn,eu_agreement,0.37859778597785976,0.9636363636363635
homoscedastic,0,10.0,0.25,mknn,acquisition_overlap,0.37859778597785976,0.8475767323135548
homoscedastic,0,10.0,0.25,mknn,eu_group0,0.37859778597785976,0.9636363636363635
homoscedastic,0,10.0,0.25,mknn,eu_group1,0.37859778597785976,
homoscedastic,0,10.0,0.25,mknn,eu_id,0.37859778597785976,0.8545454545454544
homoscedastic,0,10.0,0.25,mknn,eu_heldout,0.37859778597785976,0.8060606060606059
homoscedastic,0,10.0,0.25,predictivity,eu_agreement,0.4617865922057611,0.9393939393939393
homoscedastic,0,10.0,0.25,predictivity,acquisition_overlap,0.4617865922057611,0.725623245649734
homoscedastic,0,10.0,0.25,predictivity,eu_group0,0.4617865922057611,0.9393939393939393
homoscedastic,0,10.0,0.25,predictivity,eu_group1,0.4617865922057611,
homoscedastic,0,10.0,0.25,predictivity,eu_id,0.4617865922057611,0.8666666666666665
homoscedastic,0,10.0,0.25,predictivity,eu_heldout,0.4617865922057611,0.7818181818181817
homoscedastic,0,10.0,0.25,cca_type,eu_agreement,1.017469719588604e-08,0.9030303030303028
homoscedastic,0,10.0,0.25,cca_type,acquisition_overlap,1.017469719588604e-08,0.9451395216446113
homoscedastic,0,10.0,0.25,cca_type,eu_group0,1.017469719588604e-08,0.9030303030303028
homoscedastic,0,10.0,0.25,cca_type,eu_group1,1.017469719588604e-08,
homoscedastic,0,10.0,0.25,cca_type,eu_id,1.017469719588604e-08,0.7575757575757575
homoscedastic,0,10.0,0.25,cca_type,eu_heldout,1.017469719588604e-08,0.7696969696969697
homoscedastic,0,10.0,0.25,smoother_001,eu_agreement,0.05144531581772782,0.9030303030303028
homoscedastic,0,10.0,0.25,smoother_001,acquisition_overlap,0.05144531581772782,0.9451395216446113
homoscedastic,0,10.0,0.25,smoother_001,eu_group0,0.05144531581772782,0.9030303030303028
homoscedastic,0,10.0,0.25,smoother_001,eu_group1,0.05144531581772782,
homoscedastic,0,10.0,0.25,smoother_001,eu_id,0.05144531581772782,0.7575757575757575
homoscedastic,0,10.0,0.25,smoother_001,eu_heldout,0.05144531581772782,0.7696969696969697
homoscedastic,0,10.0,0.25,smoother_1,eu_agreement,0.189560799703418,0.9151515151515152
homoscedastic,0,10.0,0.25,smoother_1,acquisition_overlap,0.189560799703418,0.9207488243118473
homoscedastic,0,10.0,0.25,smoother_1,eu_group0,0.189560799703418,0.9151515151515152
homoscedastic,0,10.0,0.25,smoother_1,eu_group1,0.189560799703418,
homoscedastic,0,10.0,0.25,smoother_1,eu_id,0.189560799703418,0.7696969696969697
homoscedastic,0,10.0,0.25,smoother_1,eu_heldout,0.189560799703418,0.7333333333333332
homoscedastic,0,10.0,1.0,cka,eu_agreement,0.5429480590766869,0.9393939393939393
homoscedastic,0,10.0,1.0,cka,acquisition_overlap,0.5429480590766869,0.5957474328064633
homoscedastic,0,10.0,1.0,cka,eu_group0,0.5429480590766869,0.9393939393939393
homoscedastic,0,10.0,1.0,cka,eu_group1,0.5429480590766869,
homoscedastic,0,10.0,1.0,cka,eu_id,0.5429480590766869,0.9393939393939393
homoscedastic,0,10.0,1.0,cka,eu_heldout,0.5429480590766869,0.9636363636363635
homoscedastic,0,10.0,1.0,mknn,eu_agreement,0.37859778597785976,0.9272727272727272
homoscedastic,0,10.0,1.0,mknn,acquisition_overlap,0.37859778597785976,0.6079055436800646
homoscedastic,0,10.0,1.0,mknn,eu_group0,0.37859778597785976,0.9272727272727272
homoscedastic,0,10.0,1.0,mknn,eu_group1,0.37859778597785976,
homoscedastic,0,10.0,1.0,mknn,eu_id,0.37859778597785976,0.9272727272727272
homoscedastic,0,10.0,1.0,mknn,eu_heldout,0.37859778597785976,0.9515151515151514
homoscedastic,0,10.0,1.0,predictivity,eu_agreement,0.4617865922057611,0.8787878787878788
homoscedastic,0,10.0,1.0,predictivity,acquisition_overlap,0.4617865922057611,0.5835893219328621
homoscedastic,0,10.0,1.0,predictivity,eu_group0,0.4617865922057611,0.8787878787878788
homoscedastic,0,10.0,1.0,predictivity,eu_group1,0.4617865922057611,
homoscedastic,0,10.0,1.0,predictivity,eu_id,0.4617865922057611,0.8787878787878788
homoscedastic,0,10.0,1.0,predictivity,eu_heldout,0.4617865922057611,0.8909090909090909
homoscedastic,0,10.0,1.0,cca_type,eu_agreement,1.017469719588604e-08,0.7939393939393938
homoscedastic,0,10.0,1.0,cca_type,acquisition_overlap,1.017469719588604e-08,0.5714312110592608
homoscedastic,0,10.0,1.0,cca_type,eu_group0,1.017469719588604e-08,0.7939393939393938
homoscedastic,0,10.0,1.0,cca_type,eu_group1,1.017469719588604e-08,
homoscedastic,0,10.0,1.0,cca_type,eu_id,1.017469719588604e-08,0.7939393939393938
homoscedastic,0,10.0,1.0,cca_type,eu_heldout,1.017469719588604e-08,0.8303030303030302
homoscedastic,0,10.0,1.0,smoother_001,eu_agreement,0.05144531581772782,0.7939393939393938
homoscedastic,0,10.0,1.0,smoother_001,acquisition_overlap,0.05144531581772782,0.5714312110592608
homoscedastic,0,10.0,1.0,smoother_001,eu_group0,0.05144531581772782,0.7939393939393938
homoscedastic,0,10.0,1.0,smoother_001,eu_group1,0.05144531581772782,
homoscedastic,0,10.0,1.0,smoother_001,eu_id,0.05144531581772782,0.7939393939393938
homoscedastic,0,10.0,1.0,smoother_001,eu_heldout,0.05144531581772782,0.8303030303030302
homoscedastic,0,10.0,1.0,smoother_1,eu_agreement,0.189560799703418,0.8424242424242423
homoscedastic,0,10.0,1.0,smoother_1,acquisition_overlap,0.189560799703418,0.6808542089216724
homoscedastic,0,10.0,1.0,smoother_1,eu_group0,0.189560799703418,0.8424242424242423
homoscedastic,0,10.0,1.0,smoother_1,eu_group1,0.189560799703418,
homoscedastic,0,10.0,1.0,smoother_1,eu_id,0.189560799703418,0.8424242424242423
homoscedastic,0,10.0,1.0,smoother_1,eu_heldout,0.189560799703418,0.8545454545454544
homoscedastic,1,0.1,0.1,cka,eu_agreement,0.5518100968471429,0.9757575757575757
homoscedastic,1,0.1,0.1,cka,acquisition_overlap,0.5518100968471429,0.8328305948416885
homoscedastic,1,0.1,0.1,cka,eu_group0,0.5518100968471429,0.9757575757575757
homoscedastic,1,0.1,0.1,cka,eu_group1,0.5518100968471429,
homoscedastic,1,0.1,0.1,cka,eu_id,0.5518100968471429,0.9757575757575757
homoscedastic,1,0.1,0.1,cka,eu_heldout,0.5518100968471429,0.7939393939393938
homoscedastic,1,0.1,0.1,mknn,eu_agreement,0.36199261992619924,0.9636363636363635
homoscedastic,1,0.1,0.1,mknn,acquisition_overlap,0.36199261992619924,0.8206724839680872
homoscedastic,1,0.1,0.1,mknn,eu_group0,0.36199261992619924,0.9636363636363635
homoscedastic,1,0.1,0.1,mknn,eu_group1,0.36199261992619924,
homoscedastic,1,0.1,0.1,mknn,eu_id,0.36199261992619924,0.9636363636363635
homoscedastic,1,0.1,0.1,mknn,eu_heldout,0.36199261992619924,0.8060606060606059
homoscedastic,1,0.1,0.1,predictivity,eu_agreement,0.5197082859904373,0.9393939393939393
homoscedastic,1,0.1,0.1,predictivity,acquisition_overlap,0.5197082859904373,0.8145934285312865
homoscedastic,1,0.1,0.1,predictivity,eu_group0,0.5197082859904373,0.9393939393939393
homoscedastic,1,0.1,0.1,predictivity,eu_group1,0.5197082859904373,
homoscedastic,1,0.1,0.1,predictivity,eu_id,0.5197082859904373,0.9393939393939393
homoscedastic,1,0.1,0.1,predictivity,eu_heldout,0.5197082859904373,0.7818181818181817
homoscedastic,1,0.1,0.1,cca_type,eu_agreement,1.0197428901292938e-08,0.9030303030303028
homoscedastic,1,0.1,0.1,cca_type,acquisition_overlap,1.0197428901292938e-08,0.9118583155200968
homoscedastic,1,0.1,0.1,cca_type,eu_group0,1.0197428901292938e-08,0.9030303030303028
homoscedastic,1,0.1,0.1,cca_type,eu_group1,1.0197428901292938e-08,
homoscedastic,1,0.1,0.1,cca_type,eu_id,1.0197428901292938e-08,0.9030303030303028
homoscedastic,1,0.1,0.1,cca_type,eu_heldout,1.0197428901292938e-08,0.7696969696969697
homoscedastic,1,0.1,0.1,smoother_001,eu_agreement,0.05246046803855864,0.9030303030303028
homoscedastic,1,0.1,0.1,smoother_001,acquisition_overlap,0.05246046803855864,0.9118583155200968
homoscedastic,1,0.1,0.1,smoother_001,eu_group0,0.05246046803855864,0.9030303030303028
homoscedastic,1,0.1,0.1,smoother_001,eu_group1,0.05246046803855864,
homoscedastic,1,0.1,0.1,smoother_001,eu_id,0.05246046803855864,0.9030303030303028
homoscedastic,1,0.1,0.1,smoother_001,eu_heldout,0.05246046803855864,0.7696969696969697
homoscedastic,1,0.1,0.1,smoother_1,eu_agreement,0.1965144346065345,0.9515151515151514
homoscedastic,1,0.1,0.1,smoother_1,acquisition_overlap,0.1965144346065345,0.9118583155200968
homoscedastic,1,0.1,0.1,smoother_1,eu_group0,0.1965144346065345,0.9515151515151514
homoscedastic,1,0.1,0.1,smoother_1,eu_group1,0.1965144346065345,
homoscedastic,1,0.1,0.1,smoother_1,eu_id,0.1965144346065345,0.9515151515151514
homoscedastic,1,0.1,0.1,smoother_1,eu_heldout,0.1965144346065345,0.7696969696969697
homoscedastic,1,0.1,0.25,cka,eu_agreement,0.5518100968471429,0.9393939393939393
homoscedastic,1,0.1,0.25,cka,acquisition_overlap,0.5518100968471429,0.8303030303030302
homoscedastic,1,0.1,0.25,cka,eu_group0,0.5518100968471429,0.9393939393939393
homoscedastic,1,0.1,0.25,cka,eu_group1,0.5518100968471429,
homoscedastic,1,0.1,0.25,cka,eu_id,0.5518100968471429,0.9030303030303028
homoscedastic,1,0.1,0.25,cka,eu_heldout,0.5518100968471429,0.8181818181818182
homoscedastic,1,0.1,0.25,mknn,eu_agreement,0.36199261992619924,0.9151515151515152
homoscedastic,1,0.1,0.25,mknn,acquisition_overlap,0.36199261992619924,0.8181818181818182
homoscedastic,1,0.1,0.25,mknn,eu_group0,0.36199261992619924,0.9151515151515152
homoscedastic,1,0.1,0.25,mknn,eu_group1,0.36199261992619924,
homoscedastic,1,0.1,0.25,mknn,eu_id,0.36199261992619924,0.8666666666666665
homoscedastic,1,0.1,0.25,mknn,eu_heldout,0.36199261992619924,0.8060606060606059
homoscedastic,1,0.1,0.25,predictivity,eu_agreement,0.5197082859904373,0.8666666666666665
homoscedastic,1,0.1,0.25,predictivity,acquisition_overlap,0.5197082859904373,0.7818181818181817
homoscedastic,1,0.1,0.25,predictivity,eu_group0,0.5197082859904373,0.8666666666666665
homoscedastic,1,0.1,0.25,predictivity,eu_group1,0.5197082859904373,
homoscedastic,1,0.1,0.25,predictivity,eu_id,0.5197082859904373,0.8666666666666665
homoscedastic,1,0.1,0.25,predictivity,eu_heldout,0.5197082859904373,0.7818181818181817
homoscedastic,1,0.1,0.25,cca_type,eu_agreement,1.0197428901292938e-08,0.9272727272727272
homoscedastic,1,0.1,0.25,cca_type,acquisition_overlap,1.0197428901292938e-08,0.8909090909090909
homoscedastic,1,0.1,0.25,cca_type,eu_group0,1.0197428901292938e-08,0.9272727272727272
homoscedastic,1,0.1,0.25,cca_type,eu_group1,1.0197428901292938e-08,
homoscedastic,1,0.1,0.25,cca_type,eu_id,1.0197428901292938e-08,0.8424242424242423
homoscedastic,1,0.1,0.25,cca_type,eu_heldout,1.0197428901292938e-08,0.7696969696969697
homoscedastic,1,0.1,0.25,smoother_001,eu_agreement,0.05246046803855864,0.9272727272727272
homoscedastic,1,0.1,0.25,smoother_001,acquisition_overlap,0.05246046803855864,0.8909090909090909
homoscedastic,1,0.1,0.25,smoother_001,eu_group0,0.05246046803855864,0.9272727272727272
homoscedastic,1,0.1,0.25,smoother_001,eu_group1,0.05246046803855864,
homoscedastic,1,0.1,0.25,smoother_001,eu_id,0.05246046803855864,0.8424242424242423
homoscedastic,1,0.1,0.25,smoother_001,eu_heldout,0.05246046803855864,0.7696969696969697
homoscedastic,1,0.1,0.25,smoother_1,eu_agreement,0.1965144346065345,0.9515151515151514
homoscedastic,1,0.1,0.25,smoother_1,acquisition_overlap,0.1965144346065345,0.8181818181818182
homoscedastic,1,0.1,0.25,smoother_1,eu_group0,0.1965144346065345,0.9515151515151514
homoscedastic,1,0.1,0.25,smoother_1,eu_group1,0.1965144346065345,
homoscedastic,1,0.1,0.25,smoother_1,eu_id,0.1965144346065345,0.9030303030303028
homoscedastic,1,0.1,0.25,smoother_1,eu_heldout,0.1965144346065345,0.7696969696969697
homoscedastic,1,0.1,1.0,cka,eu_agreement,0.5518100968471429,0.9393939393939393
homoscedastic,1,0.1,1.0,cka,acquisition_overlap,0.5518100968471429,0.8353813836471727
homoscedastic,1,0.1,1.0,cka,eu_group0,0.5518100968471429,0.9393939393939393
homoscedastic,1,0.1,1.0,cka,eu_group1,0.5518100968471429,
homoscedastic,1,0.1,1.0,cka,eu_id,0.5518100968471429,0.9393939393939393
homoscedastic,1,0.1,1.0,cka,eu_heldout,0.5518100968471429,0.9272727272727272
homoscedastic,1,0.1,1.0,mknn,eu_agreement,0.36199261992619924,0.9272727272727272
homoscedastic,1,0.1,1.0,mknn,acquisition_overlap,0.36199261992619924,0.8536744066467458
homoscedastic,1,0.1,1.0,mknn,eu_group0,0.36199261992619924,0.9272727272727272
homoscedastic,1,0.1,1.0,mknn,eu_group1,0.36199261992619924,
homoscedastic,1,0.1,1.0,mknn,eu_id,0.36199261992619924,0.9272727272727272
homoscedastic,1,0.1,1.0,mknn,eu_heldout,0.36199261992619924,0.9151515151515152
homoscedastic,1,0.1,1.0,predictivity,eu_agreement,0.5197082859904373,0.8787878787878788
homoscedastic,1,0.1,1.0,predictivity,acquisition_overlap,0.5197082859904373,0.7987953376480265
homoscedastic,1,0.1,1.0,predictivity,eu_group0,0.5197082859904373,0.8787878787878788
homoscedastic,1,0.1,1.0,predictivity,eu_group1,0.5197082859904373,
homoscedastic,1,0.1,1.0,predictivity,eu_id,0.5197082859904373,0.8787878787878788
homoscedastic,1,0.1,1.0,predictivity,eu_heldout,0.5197082859904373,0.8545454545454544
homoscedastic,1,0.1,1.0,cca_type,eu_agreement,1.0197428901292938e-08,0.7939393939393938
homoscedastic,1,0.1,1.0,cca_type,acquisition_overlap,1.0197428901292938e-08,0.737818594316116
homoscedastic,1,0.1,1.0,cca_type,eu_group0,1.0197428901292938e-08,0.7939393939393938
homoscedastic,1,0.1,1.0,cca_type,eu_group1,1.0197428901292938e-08,
homoscedastic,1,0.1,1.0,cca_type,eu_id,1.0197428901292938e-08,0.7939393939393938
homoscedastic,1,0.1,1.0,cca_type,eu_heldout,1.0197428901292938e-08,0.7818181818181817
homoscedastic,1,0.1,1.0,smoother_001,eu_agreement,0.05246046803855864,0.7939393939393938
homoscedastic,1,0.1,1.0,smoother_001,acquisition_overlap,0.05246046803855864,0.737818594316116
homoscedastic,1,0.1,1.0,smoother_001,eu_group0,0.05246046803855864,0.7939393939393938
homoscedastic,1,0.1,1.0,smoother_001,eu_group1,0.05246046803855864,
homoscedastic,1,0.1,1.0,smoother_001,eu_id,0.05246046803855864,0.7939393939393938
homoscedastic,1,0.1,1.0,smoother_001,eu_heldout,0.05246046803855864,0.7818181818181817
homoscedastic,1,0.1,1.0,smoother_1,eu_agreement,0.1965144346065345,0.8909090909090909
homoscedastic,1,0.1,1.0,smoother_1,acquisition_overlap,0.1965144346065345,0.8231860349807906
homoscedastic,1,0.1,1.0,smoother_1,eu_group0,0.1965144346065345,0.8909090909090909
homoscedastic,1,0.1,1.0,smoother_1,eu_group1,0.1965144346065345,
homoscedastic,1,0.1,1.0,smoother_1,eu_id,0.1965144346065345,0.8909090909090909
homoscedastic,1,0.1,1.0,smoother_1,eu_heldout,0.1965144346065345,0.8424242424242423
homoscedastic,1,1.0,0.1,cka,eu_agreement,0.5518100968471429,0.9757575757575757
homoscedastic,1,1.0,0.1,cka,acquisition_overlap,0.5518100968471429,0.8328305948416885
homoscedastic,1,1.0,0.1,cka,eu_group0,0.5518100968471429,0.9757575757575757
homoscedastic,1,1.0,0.1,cka,eu_group1,0.5518100968471429,
homoscedastic,1,1.0,0.1,cka,eu_id,0.5518100968471429,0.9757575757575757
homoscedastic,1,1.0,0.1,cka,eu_heldout,0.5518100968471429,0.7939393939393938
homoscedastic,1,1.0,0.1,mknn,eu_agreement,0.36199261992619924,0.9636363636363635
homoscedastic,1,1.0,0.1,mknn,acquisition_overlap,0.36199261992619924,0.8206724839680872
homoscedastic,1,1.0,0.1,mknn,eu_group0,0.36199261992619924,0.9636363636363635
homoscedastic,1,1.0,0.1,mknn,eu_group1,0.36199261992619924,
homoscedastic,1,1.0,0.1,mknn,eu_id,0.36199261992619924,0.9636363636363635
homoscedastic,1,1.0,0.1,mknn,eu_heldout,0.36199261992619924,0.8060606060606059
homoscedastic,1,1.0,0.1,predictivity,eu_agreement,0.5197082859904373,0.9393939393939393
homoscedastic,1,1.0,0.1,predictivity,acquisition_overlap,0.5197082859904373,0.8145934285312865
homoscedastic,1,1.0,0.1,predictivity,eu_group0,0.5197082859904373,0.9393939393939393
homoscedastic,1,1.0,0.1,predictivity,eu_group1,0.5197082859904373,
homoscedastic,1,1.0,0.1,predictivity,eu_id,0.5197082859904373,0.9393939393939393
homoscedastic,1,1.0,0.1,predictivity,eu_heldout,0.5197082859904373,0.7818181818181817
homoscedastic,1,1.0,0.1,cca_type,eu_agreement,1.0197428901292938e-08,0.9030303030303028
homoscedastic,1,1.0,0.1,cca_type,acquisition_overlap,1.0197428901292938e-08,0.9118583155200968
homoscedastic,1,1.0,0.1,cca_type,eu_group0,1.0197428901292938e-08,0.9030303030303028
homoscedastic,1,1.0,0.1,cca_type,eu_group1,1.0197428901292938e-08,
homoscedastic,1,1.0,0.1,cca_type,eu_id,1.0197428901292938e-08,0.9030303030303028
homoscedastic,1,1.0,0.1,cca_type,eu_heldout,1.0197428901292938e-08,0.7696969696969697
homoscedastic,1,1.0,0.1,smoother_001,eu_agreement,0.05246046803855864,0.9030303030303028
homoscedastic,1,1.0,0.1,smoother_001,acquisition_overlap,0.05246046803855864,0.9118583155200968
homoscedastic,1,1.0,0.1,smoother_001,eu_group0,0.05246046803855864,0.9030303030303028
homoscedastic,1,1.0,0.1,smoother_001,eu_group1,0.05246046803855864,
homoscedastic,1,1.0,0.1,smoother_001,eu_id,0.05246046803855864,0.9030303030303028
homoscedastic,1,1.0,0.1,smoother_001,eu_heldout,0.05246046803855864,0.7696969696969697
homoscedastic,1,1.0,0.1,smoother_1,eu_agreement,0.1965144346065345,0.9515151515151514
homoscedastic,1,1.0,0.1,smoother_1,acquisition_overlap,0.1965144346065345,0.9118583155200968
homoscedastic,1,1.0,0.1,smoother_1,eu_group0,0.1965144346065345,0.9515151515151514
homoscedastic,1,1.0,0.1,smoother_1,eu_group1,0.1965144346065345,
homoscedastic,1,1.0,0.1,smoother_1,eu_id,0.1965144346065345,0.9515151515151514
homoscedastic,1,1.0,0.1,smoother_1,eu_heldout,0.1965144346065345,0.7696969696969697
homoscedastic,1,1.0,0.25,cka,eu_agreement,0.5518100968471429,0.9393939393939393
homoscedastic,1,1.0,0.25,cka,acquisition_overlap,0.5518100968471429,0.8303030303030302
homoscedastic,1,1.0,0.25,cka,eu_group0,0.5518100968471429,0.9393939393939393
homoscedastic,1,1.0,0.25,cka,eu_group1,0.5518100968471429,
homoscedastic,1,1.0,0.25,cka,eu_id,0.5518100968471429,0.9030303030303028
homoscedastic,1,1.0,0.25,cka,eu_heldout,0.5518100968471429,0.8181818181818182
homoscedastic,1,1.0,0.25,mknn,eu_agreement,0.36199261992619924,0.9151515151515152
homoscedastic,1,1.0,0.25,mknn,acquisition_overlap,0.36199261992619924,0.8181818181818182
homoscedastic,1,1.0,0.25,mknn,eu_group0,0.36199261992619924,0.9151515151515152
homoscedastic,1,1.0,0.25,mknn,eu_group1,0.36199261992619924,
homoscedastic,1,1.0,0.25,mknn,eu_id,0.36199261992619924,0.8666666666666665
homoscedastic,1,1.0,0.25,mknn,eu_heldout,0.36199261992619924,0.8060606060606059
homoscedastic,1,1.0,0.25,predictivity,eu_agreement,0.5197082859904373,0.8666666666666665
homoscedastic,1,1.0,0.25,predictivity,acquisition_overlap,0.5197082859904373,0.7818181818181817
homoscedastic,1,1.0,0.25,predictivity,eu_group0,0.5197082859904373,0.8666666666666665
homoscedastic,1,1.0,0.25,predictivity,eu_group1,0.5197082859904373,
homoscedastic,1,1.0,0.25,predictivity,eu_id,0.5197082859904373,0.8666666666666665
homoscedastic,1,1.0,0.25,predictivity,eu_heldout,0.5197082859904373,0.7818181818181817
homoscedastic,1,1.0,0.25,cca_type,eu_agreement,1.0197428901292938e-08,0.9272727272727272
homoscedastic,1,1.0,0.25,cca_type,acquisition_overlap,1.0197428901292938e-08,0.8909090909090909
homoscedastic,1,1.0,0.25,cca_type,eu_group0,1.0197428901292938e-08,0.9272727272727272
homoscedastic,1,1.0,0.25,cca_type,eu_group1,1.0197428901292938e-08,
homoscedastic,1,1.0,0.25,cca_type,eu_id,1.0197428901292938e-08,0.8424242424242423
homoscedastic,1,1.0,0.25,cca_type,eu_heldout,1.0197428901292938e-08,0.7696969696969697
homoscedastic,1,1.0,0.25,smoother_001,eu_agreement,0.05246046803855864,0.9272727272727272
homoscedastic,1,1.0,0.25,smoother_001,acquisition_overlap,0.05246046803855864,0.8909090909090909
homoscedastic,1,1.0,0.25,smoother_001,eu_group0,0.05246046803855864,0.9272727272727272
homoscedastic,1,1.0,0.25,smoother_001,eu_group1,0.05246046803855864,
homoscedastic,1,1.0,0.25,smoother_001,eu_id,0.05246046803855864,0.8424242424242423
homoscedastic,1,1.0,0.25,smoother_001,eu_heldout,0.05246046803855864,0.7696969696969697
homoscedastic,1,1.0,0.25,smoother_1,eu_agreement,0.1965144346065345,0.9515151515151514
homoscedastic,1,1.0,0.25,smoother_1,acquisition_overlap,0.1965144346065345,0.8181818181818182
homoscedastic,1,1.0,0.25,smoother_1,eu_group0,0.1965144346065345,0.9515151515151514
homoscedastic,1,1.0,0.25,smoother_1,eu_group1,0.1965144346065345,
homoscedastic,1,1.0,0.25,smoother_1,eu_id,0.1965144346065345,0.9030303030303028
homoscedastic,1,1.0,0.25,smoother_1,eu_heldout,0.1965144346065345,0.7696969696969697
homoscedastic,1,1.0,1.0,cka,eu_agreement,0.5518100968471429,0.9393939393939393
homoscedastic,1,1.0,1.0,cka,acquisition_overlap,0.5518100968471429,0.8085143730944859
homoscedastic,1,1.0,1.0,cka,eu_group0,0.5518100968471429,0.9393939393939393
homoscedastic,1,1.0,1.0,cka,eu_group1,0.5518100968471429,
homoscedastic,1,1.0,1.0,cka,eu_id,0.5518100968471429,0.9393939393939393
homoscedastic,1,1.0,1.0,cka,eu_heldout,0.5518100968471429,0.9272727272727272
homoscedastic,1,1.0,1.0,mknn,eu_agreement,0.36199261992619924,0.9272727272727272
homoscedastic,1,1.0,1.0,mknn,acquisition_overlap,0.36199261992619924,0.8206724839680872
homoscedastic,1,1.0,1.0,mknn,eu_group0,0.36199261992619924,0.9272727272727272
homoscedastic,1,1.0,1.0,mknn,eu_group1,0.36199261992619924,
homoscedastic,1,1.0,1.0,mknn,eu_id,0.36199261992619924,0.9272727272727272
homoscedastic,1,1.0,1.0,mknn,eu_heldout,0.36199261992619924,0.9151515151515152
homoscedastic,1,1.0,1.0,predictivity,eu_agreement,0.5197082859904373,0.8787878787878788
homoscedastic,1,1.0,1.0,predictivity,acquisition_overlap,0.5197082859904373,0.7659609850368815
homoscedastic,1,1.0,1.0,predictivity,eu_group0,0.5197082859904373,0.8787878787878788
homoscedastic,1,1.0,1.0,predictivity,eu_group1,0.5197082859904373,
homoscedastic,1,1.0,1.0,predictivity,eu_id,0.5197082859904373,0.8787878787878788
homoscedastic,1,1.0,1.0,predictivity,eu_heldout,0.5197082859904373,0.8545454545454544
homoscedastic,1,1.0,1.0,cca_type,eu_agreement,1.0197428901292938e-08,0.7939393939393938
homoscedastic,1,1.0,1.0,cca_type,acquisition_overlap,1.0197428901292938e-08,0.686933264358473
homoscedastic,1,1.0,1.0,cca_type,eu_group0,1.0197428901292938e-08,0.7939393939393938
homoscedastic,1,1.0,1.0,cca_type,eu_group1,1.0197428901292938e-08,
homoscedastic,1,1.0,1.0,cca_type,eu_id,1.0197428901292938e-08,0.7939393939393938
homoscedastic,1,1.0,1.0,cca_type,eu_heldout,1.0197428901292938e-08,0.7818181818181817
homoscedastic,1,1.0,1.0,smoother_001,eu_agreement,0.05246046803855864,0.7939393939393938
homoscedastic,1,1.0,1.0,smoother_001,acquisition_overlap,0.05246046803855864,0.686933264358473
homoscedastic,1,1.0,1.0,smoother_001,eu_group0,0.05246046803855864,0.7939393939393938
homoscedastic,1,1.0,1.0,smoother_001,eu_group1,0.05246046803855864,
homoscedastic,1,1.0,1.0,smoother_001,eu_id,0.05246046803855864,0.7939393939393938
homoscedastic,1,1.0,1.0,smoother_001,eu_heldout,0.05246046803855864,0.7818181818181817
homoscedastic,1,1.0,1.0,smoother_1,eu_agreement,0.1965144346065345,0.8909090909090909
homoscedastic,1,1.0,1.0,smoother_1,acquisition_overlap,0.1965144346065345,0.7963562622208846
homoscedastic,1,1.0,1.0,smoother_1,eu_group0,0.1965144346065345,0.8909090909090909
homoscedastic,1,1.0,1.0,smoother_1,eu_group1,0.1965144346065345,
homoscedastic,1,1.0,1.0,smoother_1,eu_id,0.1965144346065345,0.8909090909090909
homoscedastic,1,1.0,1.0,smoother_1,eu_heldout,0.1965144346065345,0.8424242424242423
homoscedastic,1,10.0,0.1,cka,eu_agreement,0.5518100968471429,0.9757575757575757
homoscedastic,1,10.0,0.1,cka,acquisition_overlap,0.5518100968471429,0.8328305948416885
homoscedastic,1,10.0,0.1,cka,eu_group0,0.5518100968471429,0.9757575757575757
homoscedastic,1,10.0,0.1,cka,eu_group1,0.5518100968471429,
homoscedastic,1,10.0,0.1,cka,eu_id,0.5518100968471429,0.9757575757575757
homoscedastic,1,10.0,0.1,cka,eu_heldout,0.5518100968471429,0.7939393939393938
homoscedastic,1,10.0,0.1,mknn,eu_agreement,0.36199261992619924,0.9636363636363635
homoscedastic,1,10.0,0.1,mknn,acquisition_overlap,0.36199261992619924,0.8206724839680872
homoscedastic,1,10.0,0.1,mknn,eu_group0,0.36199261992619924,0.9636363636363635
homoscedastic,1,10.0,0.1,mknn,eu_group1,0.36199261992619924,
homoscedastic,1,10.0,0.1,mknn,eu_id,0.36199261992619924,0.9636363636363635
homoscedastic,1,10.0,0.1,mknn,eu_heldout,0.36199261992619924,0.8060606060606059
homoscedastic,1,10.0,0.1,predictivity,eu_agreement,0.5197082859904373,0.9393939393939393
homoscedastic,1,10.0,0.1,predictivity,acquisition_overlap,0.5197082859904373,0.8145934285312865
homoscedastic,1,10.0,0.1,predictivity,eu_group0,0.5197082859904373,0.9393939393939393
homoscedastic,1,10.0,0.1,predictivity,eu_group1,0.5197082859904373,
homoscedastic,1,10.0,0.1,predictivity,eu_id,0.5197082859904373,0.9393939393939393
homoscedastic,1,10.0,0.1,predictivity,eu_heldout,0.5197082859904373,0.7818181818181817
homoscedastic,1,10.0,0.1,cca_type,eu_agreement,1.0197428901292938e-08,0.9030303030303028
homoscedastic,1,10.0,0.1,cca_type,acquisition_overlap,1.0197428901292938e-08,0.9118583155200968
homoscedastic,1,10.0,0.1,cca_type,eu_group0,1.0197428901292938e-08,0.9030303030303028
homoscedastic,1,10.0,0.1,cca_type,eu_group1,1.0197428901292938e-08,
homoscedastic,1,10.0,0.1,cca_type,eu_id,1.0197428901292938e-08,0.9030303030303028
homoscedastic,1,10.0,0.1,cca_type,eu_heldout,1.0197428901292938e-08,0.7696969696969697
homoscedastic,1,10.0,0.1,smoother_001,eu_agreement,0.05246046803855864,0.9030303030303028
homoscedastic,1,10.0,0.1,smoother_001,acquisition_overlap,0.05246046803855864,0.9118583155200968
homoscedastic,1,10.0,0.1,smoother_001,eu_group0,0.05246046803855864,0.9030303030303028
homoscedastic,1,10.0,0.1,smoother_001,eu_group1,0.05246046803855864,
homoscedastic,1,10.0,0.1,smoother_001,eu_id,0.05246046803855864,0.9030303030303028
homoscedastic,1,10.0,0.1,smoother_001,eu_heldout,0.05246046803855864,0.7696969696969697
homoscedastic,1,10.0,0.1,smoother_1,eu_agreement,0.1965144346065345,0.9515151515151514
homoscedastic,1,10.0,0.1,smoother_1,acquisition_overlap,0.1965144346065345,0.9118583155200968
homoscedastic,1,10.0,0.1,smoother_1,eu_group0,0.1965144346065345,0.9515151515151514
homoscedastic,1,10.0,0.1,smoother_1,eu_group1,0.1965144346065345,
homoscedastic,1,10.0,0.1,smoother_1,eu_id,0.1965144346065345,0.9515151515151514
homoscedastic,1,10.0,0.1,smoother_1,eu_heldout,0.1965144346065345,0.7696969696969697
homoscedastic,1,10.0,0.25,cka,eu_agreement,0.5518100968471429,0.9393939393939393
homoscedastic,1,10.0,0.25,cka,acquisition_overlap,0.5518100968471429,0.8303030303030302
homoscedastic,1,10.0,0.25,cka,eu_group0,0.5518100968471429,0.9393939393939393
homoscedastic,1,10.0,0.25,cka,eu_group1,0.5518100968471429,
homoscedastic,1,10.0,0.25,cka,eu_id,0.5518100968471429,0.9030303030303028
homoscedastic,1,10.0,0.25,cka,eu_heldout,0.5518100968471429,0.8181818181818182
homoscedastic,1,10.0,0.25,mknn,eu_agreement,0.36199261992619924,0.9151515151515152
homoscedastic,1,10.0,0.25,mknn,acquisition_overlap,0.36199261992619924,0.8181818181818182
homoscedastic,1,10.0,0.25,mknn,eu_group0,0.36199261992619924,0.9151515151515152
homoscedastic,1,10.0,0.25,mknn,eu_group1,0.36199261992619924,
homoscedastic,1,10.0,0.25,mknn,eu_id,0.36199261992619924,0.8666666666666665
homoscedastic,1,10.0,0.25,mknn,eu_heldout,0.36199261992619924,0.8060606060606059
homoscedastic,1,10.0,0.25,predictivity,eu_agreement,0.5197082859904373,0.8666666666666665
homoscedastic,1,10.0,0.25,predictivity,acquisition_overlap,0.5197082859904373,0.7818181818181817
homoscedastic,1,10.0,0.25,predictivity,eu_group0,0.5197082859904373,0.8666666666666665
homoscedastic,1,10.0,0.25,predictivity,eu_group1,0.5197082859904373,
homoscedastic,1,10.0,0.25,predictivity,eu_id,0.5197082859904373,0.8666666666666665
homoscedastic,1,10.0,0.25,predictivity,eu_heldout,0.5197082859904373,0.7818181818181817
homoscedastic,1,10.0,0.25,cca_type,eu_agreement,1.0197428901292938e-08,0.9272727272727272
homoscedastic,1,10.0,0.25,cca_type,acquisition_overlap,1.0197428901292938e-08,0.8909090909090909
homoscedastic,1,10.0,0.25,cca_type,eu_group0,1.0197428901292938e-08,0.9272727272727272
homoscedastic,1,10.0,0.25,cca_type,eu_group1,1.0197428901292938e-08,
homoscedastic,1,10.0,0.25,cca_type,eu_id,1.0197428901292938e-08,0.8424242424242423
homoscedastic,1,10.0,0.25,cca_type,eu_heldout,1.0197428901292938e-08,0.7696969696969697
homoscedastic,1,10.0,0.25,smoother_001,eu_agreement,0.05246046803855864,0.9272727272727272
homoscedastic,1,10.0,0.25,smoother_001,acquisition_overlap,0.05246046803855864,0.8909090909090909
homoscedastic,1,10.0,0.25,smoother_001,eu_group0,0.05246046803855864,0.9272727272727272
homoscedastic,1,10.0,0.25,smoother_001,eu_group1,0.05246046803855864,
homoscedastic,1,10.0,0.25,smoother_001,eu_id,0.05246046803855864,0.8424242424242423
homoscedastic,1,10.0,0.25,smoother_001,eu_heldout,0.05246046803855864,0.7696969696969697
homoscedastic,1,10.0,0.25,smoother_1,eu_agreement,0.1965144346065345,0.9515151515151514
homoscedastic,1,10.0,0.25,smoother_1,acquisition_overlap,0.1965144346065345,0.8181818181818182
homoscedastic,1,10.0,0.25,smoother_1,eu_group0,0.1965144346065345,0.9515151515151514
homoscedastic,1,10.0,0.25,smoother_1,eu_group1,0.1965144346065345,
homoscedastic,1,10.0,0.25,smoother_1,eu_id,0.1965144346065345,0.9030303030303028
homoscedastic,1,10.0,0.25,smoother_1,eu_heldout,0.1965144346065345,0.7696969696969697
homoscedastic,1,10.0,1.0,cka,eu_agreement,0.5518100968471429,0.9393939393939393
homoscedastic,1,10.0,1.0,cka,acquisition_overlap,0.5518100968471429,0.772040040473682
homoscedastic,1,10.0,1.0,cka,eu_group0,0.5518100968471429,0.9393939393939393
homoscedastic,1,10.0,1.0,cka,eu_group1,0.5518100968471429,
homoscedastic,1,10.0,1.0,cka,eu_id,0.5518100968471429,0.9393939393939393
homoscedastic,1,10.0,1.0,cka,eu_heldout,0.5518100968471429,0.9272727272727272
homoscedastic,1,10.0,1.0,mknn,eu_agreement,0.36199261992619924,0.9272727272727272
homoscedastic,1,10.0,1.0,mknn,acquisition_overlap,0.36199261992619924,0.7841981513472833
homoscedastic,1,10.0,1.0,mknn,eu_group0,0.36199261992619924,0.9272727272727272
homoscedastic,1,10.0,1.0,mknn,eu_group1,0.36199261992619924,
homoscedastic,1,10.0,1.0,mknn,eu_id,0.36199261992619924,0.9272727272727272
homoscedastic,1,10.0,1.0,mknn,eu_heldout,0.36199261992619924,0.9151515151515152
homoscedastic,1,10.0,1.0,predictivity,eu_agreement,0.5197082859904373,0.8787878787878788
homoscedastic,1,10.0,1.0,predictivity,acquisition_overlap,0.5197082859904373,0.7173285415424762
homoscedastic,1,10.0,1.0,predictivity,eu_group0,0.5197082859904373,0.8787878787878788
homoscedastic,1,10.0,1.0,predictivity,eu_group1,0.5197082859904373,
homoscedastic,1,10.0,1.0,predictivity,eu_id,0.5197082859904373,0.8787878787878788
homoscedastic,1,10.0,1.0,predictivity,eu_heldout,0.5197082859904373,0.8545454545454544
homoscedastic,1,10.0,1.0,cca_type,eu_agreement,1.0197428901292938e-08,0.7939393939393938
homoscedastic,1,10.0,1.0,cca_type,acquisition_overlap,1.0197428901292938e-08,0.6686960980480711
homoscedastic,1,10.0,1.0,cca_type,eu_group0,1.0197428901292938e-08,0.7939393939393938
homoscedastic,1,10.0,1.0,cca_type,eu_group1,1.0197428901292938e-08,
homoscedastic,1,10.0,1.0,cca_type,eu_id,1.0197428901292938e-08,0.7939393939393938
homoscedastic,1,10.0,1.0,cca_type,eu_heldout,1.0197428901292938e-08,0.7818181818181817
homoscedastic,1,10.0,1.0,smoother_001,eu_agreement,0.05246046803855864,0.7939393939393938
homoscedastic,1,10.0,1.0,smoother_001,acquisition_overlap,0.05246046803855864,0.6686960980480711
homoscedastic,1,10.0,1.0,smoother_001,eu_group0,0.05246046803855864,0.7939393939393938
homoscedastic,1,10.0,1.0,smoother_001,eu_group1,0.05246046803855864,
homoscedastic,1,10.0,1.0,smoother_001,eu_id,0.05246046803855864,0.7939393939393938
homoscedastic,1,10.0,1.0,smoother_001,eu_heldout,0.05246046803855864,0.7818181818181817
homoscedastic,1,10.0,1.0,smoother_1,eu_agreement,0.1965144346065345,0.8909090909090909
homoscedastic,1,10.0,1.0,smoother_1,acquisition_overlap,0.1965144346065345,0.7659609850368815
homoscedastic,1,10.0,1.0,smoother_1,eu_group0,0.1965144346065345,0.8909090909090909
homoscedastic,1,10.0,1.0,smoother_1,eu_group1,0.1965144346065345,
homoscedastic,1,10.0,1.0,smoother_1,eu_id,0.1965144346065345,0.8909090909090909
homoscedastic,1,10.0,1.0,smoother_1,eu_heldout,0.1965144346065345,0.8424242424242423
homoscedastic,2,0.1,0.1,cka,eu_agreement,0.5493133172179201,0.9393939393939393
homoscedastic,2,0.1,0.1,cka,acquisition_overlap,0.5493133172179201,0.717845449393623
homoscedastic,2,0.1,0.1,cka,eu_group0,0.5493133172179201,0.9393939393939393
homoscedastic,2,0.1,0.1,cka,eu_group1,0.5493133172179201,
homoscedastic,2,0.1,0.1,cka,eu_id,0.5493133172179201,0.9393939393939393
homoscedastic,2,0.1,0.1,cka,eu_heldout,0.5493133172179201,0.8060606060606059
homoscedastic,2,0.1,0.1,mknn,eu_agreement,0.3846863468634687,0.9393939393939393
homoscedastic,2,0.1,0.1,mknn,acquisition_overlap,0.3846863468634687,0.717845449393623
homoscedastic,2,0.1,0.1,mknn,eu_group0,0.3846863468634687,0.9393939393939393
homoscedastic,2,0.1,0.1,mknn,eu_group1,0.3846863468634687,
homoscedastic,2,0.1,0.1,mknn,eu_id,0.3846863468634687,0.9393939393939393
homoscedastic,2,0.1,0.1,mknn,eu_heldout,0.3846863468634687,0.8060606060606059
homoscedastic,2,0.1,0.1,predictivity,eu_agreement,0.5911289820763598,0.8666666666666665
homoscedastic,2,0.1,0.1,predictivity,acquisition_overlap,0.5911289820763598,0.6319494127140443
homoscedastic,2,0.1,0.1,predictivity,eu_group0,0.5911289820763598,0.8666666666666665
homoscedastic,2,0.1,0.1,predictivity,eu_group1,0.5911289820763598,
homoscedastic,2,0.1,0.1,predictivity,eu_id,0.5911289820763598,0.8666666666666665
homoscedastic,2,0.1,0.1,predictivity,eu_heldout,0.5911289820763598,0.8424242424242423
homoscedastic,2,0.1,0.1,cca_type,eu_agreement,1.0639401470946552e-08,0.9272727272727272
homoscedastic,2,0.1,0.1,cca_type,acquisition_overlap,1.0639401470946552e-08,0.779199761307608
homoscedastic,2,0.1,0.1,cca_type,eu_group0,1.0639401470946552e-08,0.9272727272727272
homoscedastic,2,0.1,0.1,cca_type,eu_group1,1.0639401470946552e-08,
homoscedastic,2,0.1,0.1,cca_type,eu_id,1.0639401470946552e-08,0.9272727272727272
homoscedastic,2,0.1,0.1,cca_type,eu_heldout,1.0639401470946552e-08,0.7212121212121211
homoscedastic,2,0.1,0.1,smoother_001,eu_agreement,0.05286222939809715,0.9272727272727272
homoscedastic,2,0.1,0.1,smoother_001,acquisition_overlap,0.05286222939809715,0.779199761307608
homoscedastic,2,0.1,0.1,smoother_001,eu_group0,0.05286222939809715,0.9272727272727272
homoscedastic,2,0.1,0.1,smoother_001,eu_group1,0.05286222939809715,
homoscedastic,2,0.1,0.1,smoother_001,eu_id,0.05286222939809715,0.9272727272727272
homoscedastic,2,0.1,0.1,smoother_001,eu_heldout,0.05286222939809715,0.7212121212121211
homoscedastic,2,0.1,0.1,smoother_1,eu_agreement,0.19385001931028778,0.9272727272727272
homoscedastic,2,0.1,0.1,smoother_1,acquisition_overlap,0.19385001931028778,0.8405540732215928
homoscedastic,2,0.1,0.1,smoother_1,eu_group0,0.19385001931028778,0.9272727272727272
homoscedastic,2,0.1,0.1,smoother_1,eu_group1,0.19385001931028778,
homoscedastic,2,0.1,0.1,smoother_1,eu_id,0.19385001931028778,0.9272727272727272
homoscedastic,2,0.1,0.1,smoother_1,eu_heldout,0.19385001931028778,0.709090909090909
homoscedastic,2,0.1,0.25,cka,eu_agreement,0.5493133172179201,0.9636363636363635
homoscedastic,2,0.1,0.25,cka,acquisition_overlap,0.5493133172179201,0.6277666039945968
homoscedastic,2,0.1,0.25,cka,eu_group0,0.5493133172179201,0.9636363636363635
homoscedastic,2,0.1,0.25,cka,eu_group1,0.5493133172179201,
homoscedastic,2,0.1,0.25,cka,eu_id,0.5493133172179201,0.9636363636363635
homoscedastic,2,0.1,0.25,cka,eu_heldout,0.5493133172179201,0.8060606060606059
homoscedastic,2,0.1,0.25,mknn,eu_agreement,0.3846863468634687,0.9636363636363635
homoscedastic,2,0.1,0.25,mknn,acquisition_overlap,0.3846863468634687,0.6277666039945968
homoscedastic,2,0.1,0.25,mknn,eu_group0,0.3846863468634687,0.9636363636363635
homoscedastic,2,0.1,0.25,mknn,eu_group1,0.3846863468634687,
homoscedastic,2,0.1,0.25,mknn,eu_id,0.3846863468634687,0.9636363636363635
homoscedastic,2,0.1,0.25,mknn,eu_heldout,0.3846863468634687,0.8060606060606059
homoscedastic,2,0.1,0.25,predictivity,eu_agreement,0.5911289820763598,0.9151515151515152
homoscedastic,2,0.1,0.25,predictivity,acquisition_overlap,0.5911289820763598,0.5539117094069973
homoscedastic,2,0.1,0.25,predictivity,eu_group0,0.5911289820763598,0.9151515151515152
homoscedastic,2,0.1,0.25,predictivity,eu_group1,0.5911289820763598,
homoscedastic,2,0.1,0.25,predictivity,eu_id,0.5911289820763598,0.9151515151515152
homoscedastic,2,0.1,0.25,predictivity,eu_heldout,0.5911289820763598,0.8424242424242423
homoscedastic,2,0.1,0.25,cca_type,eu_agreement,1.0639401470946552e-08,0.9393939393939393
homoscedastic,2,0.1,0.25,cca_type,acquisition_overlap,1.0639401470946552e-08,0.7693218186208295
homoscedastic,2,0.1,0.25,cca_type,eu_group0,1.0639401470946552e-08,0.9393939393939393
homoscedastic,2,0.1,0.25,cca_type,eu_group1,1.0639401470946552e-08,
homoscedastic,2,0.1,0.25,cca_type,eu_id,1.0639401470946552e-08,0.9393939393939393
homoscedastic,2,0.1,0.25,cca_type,eu_heldout,1.0639401470946552e-08,0.7212121212121211
homoscedastic,2,0.1,0.25,smoother_001,eu_agreement,0.05286222939809715,0.9393939393939393
homoscedastic,2,0.1,0.25,smoother_001,acquisition_overlap,0.05286222939809715,0.7693218186208295
homoscedastic,2,0.1,0.25,smoother_001,eu_group0,0.05286222939809715,0.9393939393939393
homoscedastic,2,0.1,0.25,smoother_001,eu_group1,0.05286222939809715,
homoscedastic,2,0.1,0.25,smoother_001,eu_id,0.05286222939809715,0.9393939393939393
homoscedastic,2,0.1,0.25,smoother_001,eu_heldout,0.05286222939809715,0.7212121212121211
homoscedastic,2,0.1,0.25,smoother_1,eu_agreement,0.19385001931028778,0.9515151515151514
homoscedastic,2,0.1,0.25,smoother_1,acquisition_overlap,0.19385001931028778,0.8000946913656626
homoscedastic,2,0.1,0.25,smoother_1,eu_group0,0.19385001931028778,0.9515151515151514
homoscedastic,2,0.1,0.25,smoother_1,eu_group1,0.19385001931028778,
homoscedastic,2,0.1,0.25,smoother_1,eu_id,0.19385001931028778,0.9515151515151514
homoscedastic,2,0.1,0.25,smoother_1,eu_heldout,0.19385001931028778,0.709090909090909
homoscedastic,2,0.1,1.0,cka,eu_agreement,0.5493133172179201,0.9515151515151514
homoscedastic,2,0.1,1.0,cka,acquisition_overlap,0.5493133172179201,0.8206724839680872
homoscedastic,2,0.1,1.0,cka,eu_group0,0.5493133172179201,0.9515151515151514
homoscedastic,2,0.1,1.0,cka,eu_group1,0.5493133172179201,
homoscedastic,2,0.1,1.0,cka,eu_id,0.5493133172179201,0.9515151515151514
homoscedastic,2,0.1,1.0,cka,eu_heldout,0.5493133172179201,0.8060606060606059
homoscedastic,2,0.1,1.0,mknn,eu_agreement,0.3846863468634687,0.9515151515151514
homoscedastic,2,0.1,1.0,mknn,acquisition_overlap,0.3846863468634687,0.8206724839680872
homoscedastic,2,0.1,1.0,mknn,eu_group0,0.3846863468634687,0.9515151515151514
homoscedastic,2,0.1,1.0,mknn,eu_group1,0.3846863468634687,
homoscedastic,2,0.1,1.0,mknn,eu_id,0.3846863468634687,0.9515151515151514
homoscedastic,2,0.1,1.0,mknn,eu_heldout,0.3846863468634687,0.8060606060606059
homoscedastic,2,0.1,1.0,predictivity,eu_agreement,0.5911289820763598,0.8666666666666665
homoscedastic,2,0.1,1.0,predictivity,acquisition_overlap,0.5911289820763598,0.7781190959104827
homoscedastic,2,0.1,1.0,predictivity,eu_group0,0.5911289820763598,0.8666666666666665
homoscedastic,2,0.1,1.0,predictivity,eu_group1,0.5911289820763598,
homoscedastic,2,0.1,1.0,predictivity,eu_id,0.5911289820763598,0.8666666666666665
homoscedastic,2,0.1,1.0,predictivity,eu_heldout,0.5911289820763598,0.7818181818181817
homoscedastic,2,0.1,1.0,cca_type,eu_agreement,1.0639401470946552e-08,0.8545454545454544
homoscedastic,2,0.1,1.0,cca_type,acquisition_overlap,1.0639401470946552e-08,0.7659609850368815
homoscedastic,2,0.1,1.0,cca_type,eu_group0,1.0639401470946552e-08,0.8545454545454544
homoscedastic,2,0.1,1.0,cca_type,eu_group1,1.0639401470946552e-08,
homoscedastic,2,0.1,1.0,cca_type,eu_id,1.0639401470946552e-08,0.8545454545454544
homoscedastic,2,0.1,1.0,cca_type,eu_heldout,1.0639401470946552e-08,0.709090909090909
homoscedastic,2,0.1,1.0,smoother_001,eu_agreement,0.05286222939809715,0.8545454545454544
homoscedastic,2,0.1,1.0,smoother_001,acquisition_overlap,0.05286222939809715,0.7659609850368815
homoscedastic,2,0.1,1.0,smoother_001,eu_group0,0.05286222939809715,0.8545454545454544
homoscedastic,2,0.1,1.0,smoother_001,eu_group1,0.05286222939809715,
homoscedastic,2,0.1,1.0,smoother_001,eu_id,0.05286222939809715,0.8545454545454544
homoscedastic,2,0.1,1.0,smoother_001,eu_heldout,0.05286222939809715,0.709090909090909
homoscedastic,2,0.1,1.0,smoother_1,eu_agreement,0.19385001931028778,0.8909090909090909
homoscedastic,2,0.1,1.0,smoother_1,acquisition_overlap,0.19385001931028778,0.8085143730944859
homoscedastic,2,0.1,1.0,smoother_1,eu_group0,0.19385001931028778,0.8909090909090909
homoscedastic,2,0.1,1.0,smoother_1,eu_group1,0.19385001931028778,
homoscedastic,2,0.1,1.0,smoother_1,eu_id,0.19385001931028778,0.8909090909090909
homoscedastic,2,0.1,1.0,smoother_1,eu_heldout,0.19385001931028778,0.6969696969696969
homoscedastic,2,1.0,0.1,cka,eu_agreement,0.5493133172179201,0.9393939393939393
homoscedastic,2,1.0,0.1,cka,acquisition_overlap,0.5493133172179201,0.717845449393623
homoscedastic,2,1.0,0.1,cka,eu_group0,0.5493133172179201,0.9393939393939393
homoscedastic,2,1.0,0.1,cka,eu_group1,0.5493133172179201,
homoscedastic,2,1.0,0.1,cka,eu_id,0.5493133172179201,0.9393939393939393
homoscedastic,2,1.0,0.1,cka,eu_heldout,0.5493133172179201,0.8060606060606059
homoscedastic,2,1.0,0.1,mknn,eu_agreement,0.3846863468634687,0.9393939393939393
homoscedastic,2,1.0,0.1,mknn,acquisition_overlap,0.3846863468634687,0.717845449393623
homoscedastic,2,1.0,0.1,mknn,eu_group0,0.3846863468634687,0.9393939393939393
homoscedastic,2,1.0,0.1,mknn,eu_group1,0.3846863468634687,
homoscedastic,2,1.0,0.1,mknn,eu_id,0.3846863468634687,0.9393939393939393
homoscedastic,2,1.0,0.1,mknn,eu_heldout,0.3846863468634687,0.8060606060606059
homoscedastic,2,1.0,0.1,predictivity,eu_agreement,0.5911289820763598,0.8666666666666665
homoscedastic,2,1.0,0.1,predictivity,acquisition_overlap,0.5911289820763598,0.6319494127140443
homoscedastic,2,1.0,0.1,predictivity,eu_group0,0.5911289820763598,0.8666666666666665
homoscedastic,2,1.0,0.1,predictivity,eu_group1,0.5911289820763598,
homoscedastic,2,1.0,0.1,predictivity,eu_id,0.5911289820763598,0.8666666666666665
homoscedastic,2,1.0,0.1,predictivity,eu_heldout,0.5911289820763598,0.8424242424242423
homoscedastic,2,1.0,0.1,cca_type,eu_agreement,1.0639401470946552e-08,0.9272727272727272
homoscedastic,2,1.0,0.1,cca_type,acquisition_overlap,1.0639401470946552e-08,0.779199761307608
homoscedastic,2,1.0,0.1,cca_type,eu_group0,1.0639401470946552e-08,0.9272727272727272
homoscedastic,2,1.0,0.1,cca_type,eu_group1,1.0639401470946552e-08,
homoscedastic,2,1.0,0.1,cca_type,eu_id,1.0639401470946552e-08,0.9272727272727272
homoscedastic,2,1.0,0.1,cca_type,eu_heldout,1.0639401470946552e-08,0.7212121212121211
homoscedastic,2,1.0,0.1,smoother_001,eu_agreement,0.05286222939809715,0.9272727272727272
homoscedastic,2,1.0,0.1,smoother_001,acquisition_overlap,0.05286222939809715,0.779199761307608
homoscedastic,2,1.0,0.1,smoother_001,eu_group0,0.05286222939809715,0.9272727272727272
homoscedastic,2,1.0,0.1,smoother_001,eu_group1,0.05286222939809715,
homoscedastic,2,1.0,0.1,smoother_001,eu_id,0.05286222939809715,0.9272727272727272
homoscedastic,2,1.0,0.1,smoother_001,eu_heldout,0.05286222939809715,0.7212121212121211
homoscedastic,2,1.0,0.1,smoother_1,eu_agreement,0.19385001931028778,0.9272727272727272
homoscedastic,2,1.0,0.1,smoother_1,acquisition_overlap,0.19385001931028778,0.8405540732215928
homoscedastic,2,1.0,0.1,smoother_1,eu_group0,0.19385001931028778,0.9272727272727272
homoscedastic,2,1.0,0.1,smoother_1,eu_group1,0.19385001931028778,
homoscedastic,2,1.0,0.1,smoother_1,eu_id,0.19385001931028778,0.9272727272727272
homoscedastic,2,1.0,0.1,smoother_1,eu_heldout,0.19385001931028778,0.709090909090909
homoscedastic,2,1.0,0.25,cka,eu_agreement,0.5493133172179201,0.9636363636363635
homoscedastic,2,1.0,0.25,cka,acquisition_overlap,0.5493133172179201,0.6277666039945968
homoscedastic,2,1.0,0.25,cka,eu_group0,0.5493133172179201,0.9636363636363635
homoscedastic,2,1.0,0.25,cka,eu_group1,0.5493133172179201,
homoscedastic,2,1.0,0.25,cka,eu_id,0.5493133172179201,0.9636363636363635
homoscedastic,2,1.0,0.25,cka,eu_heldout,0.5493133172179201,0.790277206784084
homoscedastic,2,1.0,0.25,mknn,eu_agreement,0.3846863468634687,0.9636363636363635
homoscedastic,2,1.0,0.25,mknn,acquisition_overlap,0.3846863468634687,0.6277666039945968
homoscedastic,2,1.0,0.25,mknn,eu_group0,0.3846863468634687,0.9636363636363635
homoscedastic,2,1.0,0.25,mknn,eu_group1,0.3846863468634687,
homoscedastic,2,1.0,0.25,mknn,eu_id,0.3846863468634687,0.9636363636363635
homoscedastic,2,1.0,0.25,mknn,eu_heldout,0.3846863468634687,0.790277206784084
homoscedastic,2,1.0,0.25,predictivity,eu_agreement,0.5911289820763598,0.9151515151515152
homoscedastic,2,1.0,0.25,predictivity,acquisition_overlap,0.5911289820763598,0.5539117094069973
homoscedastic,2,1.0,0.25,predictivity,eu_group0,0.5911289820763598,0.9151515151515152
homoscedastic,2,1.0,0.25,predictivity,eu_group1,0.5911289820763598,
homoscedastic,2,1.0,0.25,predictivity,eu_id,0.5911289820763598,0.9151515151515152
homoscedastic,2,1.0,0.25,predictivity,eu_heldout,0.5911289820763598,0.8328305948416885
homoscedastic,2,1.0,0.25,cca_type,eu_agreement,1.0639401470946552e-08,0.9393939393939393
homoscedastic,2,1.0,0.25,cca_type,acquisition_overlap,1.0639401470946552e-08,0.7693218186208295
homoscedastic,2,1.0,0.25,cca_type,eu_group0,1.0639401470946552e-08,0.9393939393939393
homoscedastic,2,1.0,0.25,cca_type,eu_group1,1.0639401470946552e-08,
homoscedastic,2,1.0,0.25,cca_type,eu_id,1.0639401470946552e-08,0.9393939393939393
homoscedastic,2,1.0,0.25,cca_type,eu_heldout,1.0639401470946552e-08,0.6990913752320743
homoscedastic,2,1.0,0.25,smoother_001,eu_agreement,0.05286222939809715,0.9393939393939393
homoscedastic,2,1.0,0.25,smoother_001,acquisition_overlap,0.05286222939809715,0.7693218186208295
homoscedastic,2,1.0,0.25,smoother_001,eu_group0,0.05286222939809715,0.9393939393939393
homoscedastic,2,1.0,0.25,smoother_001,eu_group1,0.05286222939809715,
homoscedastic,2,1.0,0.25,smoother_001,eu_id,0.05286222939809715,0.9393939393939393
homoscedastic,2,1.0,0.25,smoother_001,eu_heldout,0.05286222939809715,0.6990913752320743
homoscedastic,2,1.0,0.25,smoother_1,eu_agreement,0.19385001931028778,0.9515151515151514
homoscedastic,2,1.0,0.25,smoother_1,acquisition_overlap,0.19385001931028778,0.8000946913656626
homoscedastic,2,1.0,0.25,smoother_1,eu_group0,0.19385001931028778,0.9515151515151514
homoscedastic,2,1.0,0.25,smoother_1,eu_group1,0.19385001931028778,
homoscedastic,2,1.0,0.25,smoother_1,eu_id,0.19385001931028778,0.9515151515151514
homoscedastic,2,1.0,0.25,smoother_1,eu_heldout,0.19385001931028778,0.6808542089216724
homoscedastic,2,1.0,1.0,cka,eu_agreement,0.5493133172179201,0.9515151515151514
homoscedastic,2,1.0,1.0,cka,acquisition_overlap,0.5493133172179201,0.8414790579803637
homoscedastic,2,1.0,1.0,cka,eu_group0,0.5493133172179201,0.9515151515151514
homoscedastic,2,1.0,1.0,cka,eu_group1,0.5493133172179201,
homoscedastic,2,1.0,1.0,cka,eu_id,0.5493133172179201,0.9515151515151514
homoscedastic,2,1.0,1.0,cka,eu_heldout,0.5493133172179201,0.7575757575757575
homoscedastic,2,1.0,1.0,mknn,eu_agreement,0.3846863468634687,0.9515151515151514
homoscedastic,2,1.0,1.0,mknn,acquisition_overlap,0.3846863468634687,0.8414790579803637
homoscedastic,2,1.0,1.0,mknn,eu_group0,0.3846863468634687,0.9515151515151514
homoscedastic,2,1.0,1.0,mknn,eu_group1,0.3846863468634687,
homoscedastic,2,1.0,1.0,mknn,eu_id,0.3846863468634687,0.9515151515151514
homoscedastic,2,1.0,1.0,mknn,eu_heldout,0.3846863468634687,0.7575757575757575
homoscedastic,2,1.0,1.0,predictivity,eu_agreement,0.5911289820763598,0.8666666666666665
homoscedastic,2,1.0,1.0,predictivity,acquisition_overlap,0.5911289820763598,0.8414790579803637
homoscedastic,2,1.0,1.0,predictivity,eu_group0,0.5911289820763598,0.8666666666666665
homoscedastic,2,1.0,1.0,predictivity,eu_group1,0.5911289820763598,
homoscedastic,2,1.0,1.0,predictivity,eu_id,0.5911289820763598,0.8666666666666665
homoscedastic,2,1.0,1.0,predictivity,eu_heldout,0.5911289820763598,0.7696969696969697
homoscedastic,2,1.0,1.0,cca_type,eu_agreement,1.0639401470946552e-08,0.8545454545454544
homoscedastic,2,1.0,1.0,cca_type,acquisition_overlap,1.0639401470946552e-08,0.737818594316116
homoscedastic,2,1.0,1.0,cca_type,eu_group0,1.0639401470946552e-08,0.8545454545454544
homoscedastic,2,1.0,1.0,cca_type,eu_group1,1.0639401470946552e-08,
homoscedastic,2,1.0,1.0,cca_type,eu_id,1.0639401470946552e-08,0.8545454545454544
homoscedastic,2,1.0,1.0,cca_type,eu_heldout,1.0639401470946552e-08,0.6242424242424242
homoscedastic,2,1.0,1.0,smoother_001,eu_agreement,0.05286222939809715,0.8545454545454544
homoscedastic,2,1.0,1.0,smoother_001,acquisition_overlap,0.05286222939809715,0.737818594316116
homoscedastic,2,1.0,1.0,smoother_001,eu_group0,0.05286222939809715,0.8545454545454544
homoscedastic,2,1.0,1.0,smoother_001,eu_group1,0.05286222939809715,
homoscedastic,2,1.0,1.0,smoother_001,eu_id,0.05286222939809715,0.8545454545454544
homoscedastic,2,1.0,1.0,smoother_001,eu_heldout,0.05286222939809715,0.6242424242424242
homoscedastic,2,1.0,1.0,smoother_1,eu_agreement,0.19385001931028778,0.8909090909090909
homoscedastic,2,1.0,1.0,smoother_1,acquisition_overlap,0.19385001931028778,0.7926976633148354
homoscedastic,2,1.0,1.0,smoother_1,eu_group0,0.19385001931028778,0.8909090909090909
homoscedastic,2,1.0,1.0,smoother_1,eu_group1,0.19385001931028778,
homoscedastic,2,1.0,1.0,smoother_1,eu_id,0.19385001931028778,0.8909090909090909
homoscedastic,2,1.0,1.0,smoother_1,eu_heldout,0.19385001931028778,0.6121212121212121
homoscedastic,2,10.0,0.1,cka,eu_agreement,0.5493133172179201,0.9393939393939393
homoscedastic,2,10.0,0.1,cka,acquisition_overlap,0.5493133172179201,0.717845449393623
homoscedastic,2,10.0,0.1,cka,eu_group0,0.5493133172179201,0.9393939393939393
homoscedastic,2,10.0,0.1,cka,eu_group1,0.5493133172179201,
homoscedastic,2,10.0,0.1,cka,eu_id,0.5493133172179201,0.9393939393939393
homoscedastic,2,10.0,0.1,cka,eu_heldout,0.5493133172179201,0.8060606060606059
homoscedastic,2,10.0,0.1,mknn,eu_agreement,0.3846863468634687,0.9393939393939393
homoscedastic,2,10.0,0.1,mknn,acquisition_overlap,0.3846863468634687,0.717845449393623
homoscedastic,2,10.0,0.1,mknn,eu_group0,0.3846863468634687,0.9393939393939393
homoscedastic,2,10.0,0.1,mknn,eu_group1,0.3846863468634687,
homoscedastic,2,10.0,0.1,mknn,eu_id,0.3846863468634687,0.9393939393939393
homoscedastic,2,10.0,0.1,mknn,eu_heldout,0.3846863468634687,0.8060606060606059
homoscedastic,2,10.0,0.1,predictivity,eu_agreement,0.5911289820763598,0.8666666666666665
homoscedastic,2,10.0,0.1,predictivity,acquisition_overlap,0.5911289820763598,0.6319494127140443
homoscedastic,2,10.0,0.1,predictivity,eu_group0,0.5911289820763598,0.8666666666666665
homoscedastic,2,10.0,0.1,predictivity,eu_group1,0.5911289820763598,
homoscedastic,2,10.0,0.1,predictivity,eu_id,0.5911289820763598,0.8666666666666665
homoscedastic,2,10.0,0.1,predictivity,eu_heldout,0.5911289820763598,0.8424242424242423
homoscedastic,2,10.0,0.1,cca_type,eu_agreement,1.0639401470946552e-08,0.9272727272727272
homoscedastic,2,10.0,0.1,cca_type,acquisition_overlap,1.0639401470946552e-08,0.779199761307608
homoscedastic,2,10.0,0.1,cca_type,eu_group0,1.0639401470946552e-08,0.9272727272727272
homoscedastic,2,10.0,0.1,cca_type,eu_group1,1.0639401470946552e-08,
homoscedastic,2,10.0,0.1,cca_type,eu_id,1.0639401470946552e-08,0.9272727272727272
homoscedastic,2,10.0,0.1,cca_type,eu_heldout,1.0639401470946552e-08,0.7212121212121211
homoscedastic,2,10.0,0.1,smoother_001,eu_agreement,0.05286222939809715,0.9272727272727272
homoscedastic,2,10.0,0.1,smoother_001,acquisition_overlap,0.05286222939809715,0.779199761307608
homoscedastic,2,10.0,0.1,smoother_001,eu_group0,0.05286222939809715,0.9272727272727272
homoscedastic,2,10.0,0.1,smoother_001,eu_group1,0.05286222939809715,
homoscedastic,2,10.0,0.1,smoother_001,eu_id,0.05286222939809715,0.9272727272727272
homoscedastic,2,10.0,0.1,smoother_001,eu_heldout,0.05286222939809715,0.7212121212121211
homoscedastic,2,10.0,0.1,smoother_1,eu_agreement,0.19385001931028778,0.9272727272727272
homoscedastic,2,10.0,0.1,smoother_1,acquisition_overlap,0.19385001931028778,0.8405540732215928
homoscedastic,2,10.0,0.1,smoother_1,eu_group0,0.19385001931028778,0.9272727272727272
homoscedastic,2,10.0,0.1,smoother_1,eu_group1,0.19385001931028778,
homoscedastic,2,10.0,0.1,smoother_1,eu_id,0.19385001931028778,0.9272727272727272
homoscedastic,2,10.0,0.1,smoother_1,eu_heldout,0.19385001931028778,0.709090909090909
homoscedastic,2,10.0,0.25,cka,eu_agreement,0.5493133172179201,0.9636363636363635
homoscedastic,2,10.0,0.25,cka,acquisition_overlap,0.5493133172179201,0.6277666039945968
homoscedastic,2,10.0,0.25,cka,eu_group0,0.5493133172179201,0.9636363636363635
homoscedastic,2,10.0,0.25,cka,eu_group1,0.5493133172179201,
homoscedastic,2,10.0,0.25,cka,eu_id,0.5493133172179201,0.9636363636363635
homoscedastic,2,10.0,0.25,cka,eu_heldout,0.5493133172179201,0.790277206784084
homoscedastic,2,10.0,0.25,mknn,eu_agreement,0.3846863468634687,0.9636363636363635
homoscedastic,2,10.0,0.25,mknn,acquisition_overlap,0.3846863468634687,0.6277666039945968
homoscedastic,2,10.0,0.25,mknn,eu_group0,0.3846863468634687,0.9636363636363635
homoscedastic,2,10.0,0.25,mknn,eu_group1,0.3846863468634687,
homoscedastic,2,10.0,0.25,mknn,eu_id,0.3846863468634687,0.9636363636363635
homoscedastic,2,10.0,0.25,mknn,eu_heldout,0.3846863468634687,0.790277206784084
homoscedastic,2,10.0,0.25,predictivity,eu_agreement,0.5911289820763598,0.9151515151515152
homoscedastic,2,10.0,0.25,predictivity,acquisition_overlap,0.5911289820763598,0.5539117094069973
homoscedastic,2,10.0,0.25,predictivity,eu_group0,0.5911289820763598,0.9151515151515152
homoscedastic,2,10.0,0.25,predictivity,eu_group1,0.5911289820763598,
homoscedastic,2,10.0,0.25,predictivity,eu_id,0.5911289820763598,0.9151515151515152
homoscedastic,2,10.0,0.25,predictivity,eu_heldout,0.5911289820763598,0.8328305948416885
homoscedastic,2,10.0,0.25,cca_type,eu_agreement,1.0639401470946552e-08,0.9393939393939393
homoscedastic,2,10.0,0.25,cca_type,acquisition_overlap,1.0639401470946552e-08,0.7693218186208295
homoscedastic,2,10.0,0.25,cca_type,eu_group0,1.0639401470946552e-08,0.9393939393939393
homoscedastic,2,10.0,0.25,cca_type,eu_group1,1.0639401470946552e-08,
homoscedastic,2,10.0,0.25,cca_type,eu_id,1.0639401470946552e-08,0.9393939393939393
homoscedastic,2,10.0,0.25,cca_type,eu_heldout,1.0639401470946552e-08,0.6990913752320743
homoscedastic,2,10.0,0.25,smoother_001,eu_agreement,0.05286222939809715,0.9393939393939393
homoscedastic,2,10.0,0.25,smoother_001,acquisition_overlap,0.05286222939809715,0.7693218186208295
homoscedastic,2,10.0,0.25,smoother_001,eu_group0,0.05286222939809715,0.9393939393939393
homoscedastic,2,10.0,0.25,smoother_001,eu_group1,0.05286222939809715,
homoscedastic,2,10.0,0.25,smoother_001,eu_id,0.05286222939809715,0.9393939393939393
homoscedastic,2,10.0,0.25,smoother_001,eu_heldout,0.05286222939809715,0.6990913752320743
homoscedastic,2,10.0,0.25,smoother_1,eu_agreement,0.19385001931028778,0.9515151515151514
homoscedastic,2,10.0,0.25,smoother_1,acquisition_overlap,0.19385001931028778,0.8000946913656626
homoscedastic,2,10.0,0.25,smoother_1,eu_group0,0.19385001931028778,0.9515151515151514
homoscedastic,2,10.0,0.25,smoother_1,eu_group1,0.19385001931028778,
homoscedastic,2,10.0,0.25,smoother_1,eu_id,0.19385001931028778,0.9515151515151514
homoscedastic,2,10.0,0.25,smoother_1,eu_heldout,0.19385001931028778,0.6808542089216724
homoscedastic,2,10.0,1.0,cka,eu_agreement,0.5493133172179201,0.9515151515151514
homoscedastic,2,10.0,1.0,cka,acquisition_overlap,0.5493133172179201,0.8024353176576852
homoscedastic,2,10.0,1.0,cka,eu_group0,0.5493133172179201,0.9515151515151514
homoscedastic,2,10.0,1.0,cka,eu_group1,0.5493133172179201,
homoscedastic,2,10.0,1.0,cka,eu_id,0.5493133172179201,0.9515151515151514
homoscedastic,2,10.0,1.0,cka,eu_heldout,0.5493133172179201,0.8060606060606059
homoscedastic,2,10.0,1.0,mknn,eu_agreement,0.3846863468634687,0.9515151515151514
homoscedastic,2,10.0,1.0,mknn,acquisition_overlap,0.3846863468634687,0.8024353176576852
homoscedastic,2,10.0,1.0,mknn,eu_group0,0.3846863468634687,0.9515151515151514
homoscedastic,2,10.0,1.0,mknn,eu_group1,0.3846863468634687,
homoscedastic,2,10.0,1.0,mknn,eu_id,0.3846863468634687,0.9515151515151514
homoscedastic,2,10.0,1.0,mknn,eu_heldout,0.3846863468634687,0.8060606060606059
homoscedastic,2,10.0,1.0,predictivity,eu_agreement,0.5911289820763598,0.8666666666666665
homoscedastic,2,10.0,1.0,predictivity,acquisition_overlap,0.5911289820763598,0.8449887057152898
homoscedastic,2,10.0,1.0,predictivity,eu_group0,0.5911289820763598,0.8666666666666665
homoscedastic,2,10.0,1.0,predictivity,eu_group1,0.5911289820763598,
homoscedastic,2,10.0,1.0,predictivity,eu_id,0.5911289820763598,0.8666666666666665
homoscedastic,2,10.0,1.0,predictivity,eu_heldout,0.5911289820763598,0.7818181818181817
homoscedastic,2,10.0,1.0,cca_type,eu_agreement,1.0639401470946552e-08,0.8545454545454544
homoscedastic,2,10.0,1.0,cca_type,acquisition_overlap,1.0639401470946552e-08,0.6747751534848716
homoscedastic,2,10.0,1.0,cca_type,eu_group0,1.0639401470946552e-08,0.8545454545454544
homoscedastic,2,10.0,1.0,cca_type,eu_group1,1.0639401470946552e-08,
homoscedastic,2,10.0,1.0,cca_type,eu_id,1.0639401470946552e-08,0.8545454545454544
homoscedastic,2,10.0,1.0,cca_type,eu_heldout,1.0639401470946552e-08,0.709090909090909
homoscedastic,2,10.0,1.0,smoother_001,eu_agreement,0.05286222939809715,0.8545454545454544
homoscedastic,2,10.0,1.0,smoother_001,acquisition_overlap,0.05286222939809715,0.6747751534848716
homoscedastic,2,10.0,1.0,smoother_001,eu_group0,0.05286222939809715,0.8545454545454544
homoscedastic,2,10.0,1.0,smoother_001,eu_group1,0.05286222939809715,
homoscedastic,2,10.0,1.0,smoother_001,eu_id,0.05286222939809715,0.8545454545454544
homoscedastic,2,10.0,1.0,smoother_001,eu_heldout,0.05286222939809715,0.709090909090909
homoscedastic,2,10.0,1.0,smoother_1,eu_agreement,0.19385001931028778,0.8909090909090909
homoscedastic,2,10.0,1.0,smoother_1,acquisition_overlap,0.19385001931028778,0.7477238187264795
homoscedastic,2,10.0,1.0,smoother_1,eu_group0,0.19385001931028778,0.8909090909090909
homoscedastic,2,10.0,1.0,smoother_1,eu_group1,0.19385001931028778,
homoscedastic,2,10.0,1.0,smoother_1,eu_id,0.19385001931028778,0.8909090909090909
homoscedastic,2,10.0,1.0,smoother_1,eu_heldout,0.19385001931028778,0.6969696969696969
homoscedastic,3,0.1,0.1,cka,eu_agreement,0.5621919195091325,0.9393939393939393
homoscedastic,3,0.1,0.1,cka,acquisition_overlap,0.5621919195091325,0.759389481241052
homoscedastic,3,0.1,0.1,cka,eu_group0,0.5621919195091325,0.9393939393939393
homoscedastic,3,0.1,0.1,cka,eu_group1,0.5621919195091325,
homoscedastic,3,0.1,0.1,cka,eu_id,0.5621919195091325,0.9393939393939393
homoscedastic,3,0.1,0.1,cka,eu_heldout,0.5621919195091325,0.9030303030303028
homoscedastic,3,0.1,0.1,mknn,eu_agreement,0.3614391143911439,0.9151515151515152
homoscedastic,3,0.1,0.1,mknn,acquisition_overlap,0.3614391143911439,0.7779111759054679
homoscedastic,3,0.1,0.1,mknn,eu_group0,0.3614391143911439,0.9151515151515152
homoscedastic,3,0.1,0.1,mknn,eu_group1,0.3614391143911439,
homoscedastic,3,0.1,0.1,mknn,eu_id,0.3614391143911439,0.9151515151515152
homoscedastic,3,0.1,0.1,mknn,eu_heldout,0.3614391143911439,0.8909090909090909
homoscedastic,3,0.1,0.1,predictivity,eu_agreement,0.5032517079263362,0.8666666666666665
homoscedastic,3,0.1,0.1,predictivity,acquisition_overlap,0.5032517079263362,0.7779111759054679
homoscedastic,3,0.1,0.1,predictivity,eu_group0,0.5032517079263362,0.8666666666666665
homoscedastic,3,0.1,0.1,predictivity,eu_group1,0.5032517079263362,
homoscedastic,3,0.1,0.1,predictivity,eu_id,0.5032517079263362,0.8666666666666665
homoscedastic,3,0.1,0.1,predictivity,eu_heldout,0.5032517079263362,0.8909090909090909
homoscedastic,3,0.1,0.1,cca_type,eu_agreement,1.0333451871957777e-08,0.9272727272727272
homoscedastic,3,0.1,0.1,cca_type,acquisition_overlap,1.0333451871957777e-08,0.8396501581201875
homoscedastic,3,0.1,0.1,cca_type,eu_group0,1.0333451871957777e-08,0.9272727272727272
homoscedastic,3,0.1,0.1,cca_type,eu_group1,1.0333451871957777e-08,
homoscedastic,3,0.1,0.1,cca_type,eu_id,1.0333451871957777e-08,0.9272727272727272
homoscedastic,3,0.1,0.1,cca_type,eu_heldout,1.0333451871957777e-08,0.7939393939393938
homoscedastic,3,0.1,0.1,smoother_001,eu_agreement,0.05055567082856294,0.9272727272727272
homoscedastic,3,0.1,0.1,smoother_001,acquisition_overlap,0.05055567082856294,0.8396501581201875
homoscedastic,3,0.1,0.1,smoother_001,eu_group0,0.05055567082856294,0.9272727272727272
homoscedastic,3,0.1,0.1,smoother_001,eu_group1,0.05055567082856294,
homoscedastic,3,0.1,0.1,smoother_001,eu_id,0.05055567082856294,0.9272727272727272
homoscedastic,3,0.1,0.1,smoother_001,eu_heldout,0.05055567082856294,0.7939393939393938
homoscedastic,3,0.1,0.1,smoother_1,eu_agreement,0.19600238537392378,0.9272727272727272
homoscedastic,3,0.1,0.1,smoother_1,acquisition_overlap,0.19600238537392378,0.8705196492275473
homoscedastic,3,0.1,0.1,smoother_1,eu_group0,0.19600238537392378,0.9272727272727272
homoscedastic,3,0.1,0.1,smoother_1,eu_group1,0.19600238537392378,
homoscedastic,3,0.1,0.1,smoother_1,eu_id,0.19600238537392378,0.9272727272727272
homoscedastic,3,0.1,0.1,smoother_1,eu_heldout,0.19600238537392378,0.8060606060606059
homoscedastic,3,0.1,0.25,cka,eu_agreement,0.5621919195091325,0.9757575757575757
homoscedastic,3,0.1,0.25,cka,acquisition_overlap,0.5621919195091325,0.7659609850368815
homoscedastic,3,0.1,0.25,cka,eu_group0,0.5621919195091325,0.9757575757575757
homoscedastic,3,0.1,0.25,cka,eu_group1,0.5621919195091325,
homoscedastic,3,0.1,0.25,cka,eu_id,0.5621919195091325,0.9393939393939393
homoscedastic,3,0.1,0.25,cka,eu_heldout,0.5621919195091325,0.9636363636363635
homoscedastic,3,0.1,0.25,mknn,eu_agreement,0.3614391143911439,0.9636363636363635
homoscedastic,3,0.1,0.25,mknn,acquisition_overlap,0.3614391143911439,0.7781190959104827
homoscedastic,3,0.1,0.25,mknn,eu_group0,0.3614391143911439,0.9636363636363635
homoscedastic,3,0.1,0.25,mknn,eu_group1,0.3614391143911439,
homoscedastic,3,0.1,0.25,mknn,eu_id,0.3614391143911439,0.9030303030303028
homoscedastic,3,0.1,0.25,mknn,eu_heldout,0.3614391143911439,0.9393939393939393
homoscedastic,3,0.1,0.25,predictivity,eu_agreement,0.5032517079263362,0.9393939393939393
homoscedastic,3,0.1,0.25,predictivity,acquisition_overlap,0.5032517079263362,0.6443798763008685
homoscedastic,3,0.1,0.25,predictivity,eu_group0,0.5032517079263362,0.9393939393939393
homoscedastic,3,0.1,0.25,predictivity,eu_group1,0.5032517079263362,
homoscedastic,3,0.1,0.25,predictivity,eu_id,0.5032517079263362,0.9030303030303028
homoscedastic,3,0.1,0.25,predictivity,eu_heldout,0.5032517079263362,0.9151515151515152
homoscedastic,3,0.1,0.25,cca_type,eu_agreement,1.0333451871957777e-08,0.9030303030303028
homoscedastic,3,0.1,0.25,cca_type,acquisition_overlap,1.0333451871957777e-08,0.8510677611520905
homoscedastic,3,0.1,0.25,cca_type,eu_group0,1.0333451871957777e-08,0.9030303030303028
homoscedastic,3,0.1,0.25,cca_type,eu_group1,1.0333451871957777e-08,
homoscedastic,3,0.1,0.25,cca_type,eu_id,1.0333451871957777e-08,0.9151515151515152
homoscedastic,3,0.1,0.25,cca_type,eu_heldout,1.0333451871957777e-08,0.8787878787878788
homoscedastic,3,0.1,0.25,smoother_001,eu_agreement,0.05055567082856294,0.9030303030303028
homoscedastic,3,0.1,0.25,smoother_001,acquisition_overlap,0.05055567082856294,0.8510677611520905
homoscedastic,3,0.1,0.25,smoother_001,eu_group0,0.05055567082856294,0.9030303030303028
homoscedastic,3,0.1,0.25,smoother_001,eu_group1,0.05055567082856294,
homoscedastic,3,0.1,0.25,smoother_001,eu_id,0.05055567082856294,0.9151515151515152
homoscedastic,3,0.1,0.25,smoother_001,eu_heldout,0.05055567082856294,0.8787878787878788
homoscedastic,3,0.1,0.25,smoother_1,eu_agreement,0.19600238537392378,0.9151515151515152
homoscedastic,3,0.1,0.25,smoother_1,acquisition_overlap,0.19600238537392378,0.8632258720256917
homoscedastic,3,0.1,0.25,smoother_1,eu_group0,0.19600238537392378,0.9151515151515152
homoscedastic,3,0.1,0.25,smoother_1,eu_group1,0.19600238537392378,
homoscedastic,3,0.1,0.25,smoother_1,eu_id,0.19600238537392378,0.9393939393939393
homoscedastic,3,0.1,0.25,smoother_1,eu_heldout,0.19600238537392378,0.9151515151515152
homoscedastic,3,0.1,1.0,cka,eu_agreement,0.5621919195091325,0.9393939393939393
homoscedastic,3,0.1,1.0,cka,acquisition_overlap,0.5621919195091325,0.7963562622208846
homoscedastic,3,0.1,1.0,cka,eu_group0,0.5621919195091325,0.9393939393939393
homoscedastic,3,0.1,1.0,cka,eu_group1,0.5621919195091325,
homoscedastic,3,0.1,1.0,cka,eu_id,0.5621919195091325,0.9151515151515152
homoscedastic,3,0.1,1.0,cka,eu_heldout,0.5621919195091325,0.8181818181818182
homoscedastic,3,0.1,1.0,mknn,eu_agreement,0.3614391143911439,0.9272727272727272
homoscedastic,3,0.1,1.0,mknn,acquisition_overlap,0.3614391143911439,0.8389096502784891
homoscedastic,3,0.1,1.0,mknn,eu_group0,0.3614391143911439,0.9272727272727272
homoscedastic,3,0.1,1.0,mknn,eu_group1,0.3614391143911439,
homoscedastic,3,0.1,1.0,mknn,eu_id,0.3614391143911439,0.8909090909090909
homoscedastic,3,0.1,1.0,mknn,eu_heldout,0.3614391143911439,0.7939393939393938
homoscedastic,3,0.1,1.0,predictivity,eu_agreement,0.5032517079263362,0.8787878787878788
homoscedastic,3,0.1,1.0,predictivity,acquisition_overlap,0.5032517079263362,0.7659609850368815
homoscedastic,3,0.1,1.0,predictivity,eu_group0,0.5032517079263362,0.8787878787878788
homoscedastic,3,0.1,1.0,predictivity,eu_group1,0.5032517079263362,
homoscedastic,3,0.1,1.0,predictivity,eu_id,0.5032517079263362,0.8666666666666665
homoscedastic,3,0.1,1.0,predictivity,eu_heldout,0.5032517079263362,0.6969696969696969
homoscedastic,3,0.1,1.0,cca_type,eu_agreement,1.0333451871957777e-08,0.7939393939393938
homoscedastic,3,0.1,1.0,cca_type,acquisition_overlap,1.0333451871957777e-08,0.6200636545536659
homoscedastic,3,0.1,1.0,cca_type,eu_group0,1.0333451871957777e-08,0.7939393939393938
homoscedastic,3,0.1,1.0,cca_type,eu_group1,1.0333451871957777e-08,
homoscedastic,3,0.1,1.0,cca_type,eu_id,1.0333451871957777e-08,0.7696969696969697
homoscedastic,3,0.1,1.0,cca_type,eu_heldout,1.0333451871957777e-08,0.7575757575757575
homoscedastic,3,0.1,1.0,smoother_001,eu_agreement,0.05055567082856294,0.7939393939393938
homoscedastic,3,0.1,1.0,smoother_001,acquisition_overlap,0.05055567082856294,0.6200636545536659
homoscedastic,3,0.1,1.0,smoother_001,eu_group0,0.05055567082856294,0.7939393939393938
homoscedastic,3,0.1,1.0,smoother_001,eu_group1,0.05055567082856294,
homoscedastic,3,0.1,1.0,smoother_001,eu_id,0.05055567082856294,0.7696969696969697
homoscedastic,3,0.1,1.0,smoother_001,eu_heldout,0.05055567082856294,0.7575757575757575
homoscedastic,3,0.1,1.0,smoother_1,eu_agreement,0.19600238537392378,0.8424242424242423
homoscedastic,3,0.1,1.0,smoother_1,acquisition_overlap,0.19600238537392378,0.735565707852878
homoscedastic,3,0.1,1.0,smoother_1,eu_group0,0.19600238537392378,0.8424242424242423
homoscedastic,3,0.1,1.0,smoother_1,eu_group1,0.19600238537392378,
homoscedastic,3,0.1,1.0,smoother_1,eu_id,0.19600238537392378,0.8303030303030302
homoscedastic,3,0.1,1.0,smoother_1,eu_heldout,0.19600238537392378,0.6848484848484848
homoscedastic,3,1.0,0.1,cka,eu_agreement,0.5621919195091325,0.9393939393939393
homoscedastic,3,1.0,0.1,cka,acquisition_overlap,0.5621919195091325,0.759389481241052
homoscedastic,3,1.0,0.1,cka,eu_group0,0.5621919195091325,0.9393939393939393
homoscedastic,3,1.0,0.1,cka,eu_group1,0.5621919195091325,
homoscedastic,3,1.0,0.1,cka,eu_id,0.5621919195091325,0.9393939393939393
homoscedastic,3,1.0,0.1,cka,eu_heldout,0.5621919195091325,0.9030303030303028
homoscedastic,3,1.0,0.1,mknn,eu_agreement,0.3614391143911439,0.9151515151515152
homoscedastic,3,1.0,0.1,mknn,acquisition_overlap,0.3614391143911439,0.7779111759054679
homoscedastic,3,1.0,0.1,mknn,eu_group0,0.3614391143911439,0.9151515151515152
homoscedastic,3,1.0,0.1,mknn,eu_group1,0.3614391143911439,
homoscedastic,3,1.0,0.1,mknn,eu_id,0.3614391143911439,0.9151515151515152
homoscedastic,3,1.0,0.1,mknn,eu_heldout,0.3614391143911439,0.8909090909090909
homoscedastic,3,1.0,0.1,predictivity,eu_agreement,0.5032517079263362,0.8666666666666665
homoscedastic,3,1.0,0.1,predictivity,acquisition_overlap,0.5032517079263362,0.7779111759054679
homoscedastic,3,1.0,0.1,predictivity,eu_group0,0.5032517079263362,0.8666666666666665
homoscedastic,3,1.0,0.1,predictivity,eu_group1,0.5032517079263362,
homoscedastic,3,1.0,0.1,predictivity,eu_id,0.5032517079263362,0.8666666666666665
homoscedastic,3,1.0,0.1,predictivity,eu_heldout,0.5032517079263362,0.8909090909090909
homoscedastic,3,1.0,0.1,cca_type,eu_agreement,1.0333451871957777e-08,0.9272727272727272
homoscedastic,3,1.0,0.1,cca_type,acquisition_overlap,1.0333451871957777e-08,0.8396501581201875
homoscedastic,3,1.0,0.1,cca_type,eu_group0,1.0333451871957777e-08,0.9272727272727272
homoscedastic,3,1.0,0.1,cca_type,eu_group1,1.0333451871957777e-08,
homoscedastic,3,1.0,0.1,cca_type,eu_id,1.0333451871957777e-08,0.9272727272727272
homoscedastic,3,1.0,0.1,cca_type,eu_heldout,1.0333451871957777e-08,0.7939393939393938
homoscedastic,3,1.0,0.1,smoother_001,eu_agreement,0.05055567082856294,0.9272727272727272
homoscedastic,3,1.0,0.1,smoother_001,acquisition_overlap,0.05055567082856294,0.8396501581201875
homoscedastic,3,1.0,0.1,smoother_001,eu_group0,0.05055567082856294,0.9272727272727272
homoscedastic,3,1.0,0.1,smoother_001,eu_group1,0.05055567082856294,
homoscedastic,3,1.0,0.1,smoother_001,eu_id,0.05055567082856294,0.9272727272727272
homoscedastic,3,1.0,0.1,smoother_001,eu_heldout,0.05055567082856294,0.7939393939393938
homoscedastic,3,1.0,0.1,smoother_1,eu_agreement,0.19600238537392378,0.9272727272727272
homoscedastic,3,1.0,0.1,smoother_1,acquisition_overlap,0.19600238537392378,0.8705196492275473
homoscedastic,3,1.0,0.1,smoother_1,eu_group0,0.19600238537392378,0.9272727272727272
homoscedastic,3,1.0,0.1,smoother_1,eu_group1,0.19600238537392378,
homoscedastic,3,1.0,0.1,smoother_1,eu_id,0.19600238537392378,0.9272727272727272
homoscedastic,3,1.0,0.1,smoother_1,eu_heldout,0.19600238537392378,0.8060606060606059
homoscedastic,3,1.0,0.25,cka,eu_agreement,0.5621919195091325,0.9757575757575757
homoscedastic,3,1.0,0.25,cka,acquisition_overlap,0.5621919195091325,0.7339758434175736
homoscedastic,3,1.0,0.25,cka,eu_group0,0.5621919195091325,0.9757575757575757
homoscedastic,3,1.0,0.25,cka,eu_group1,0.5621919195091325,
homoscedastic,3,1.0,0.25,cka,eu_id,0.5621919195091325,0.9393939393939393
homoscedastic,3,1.0,0.25,cka,eu_heldout,0.5621919195091325,0.9636363636363635
homoscedastic,3,1.0,0.25,mknn,eu_agreement,0.3614391143911439,0.9636363636363635
homoscedastic,3,1.0,0.25,mknn,acquisition_overlap,0.3614391143911439,0.752325239503013
homoscedastic,3,1.0,0.25,mknn,eu_group0,0.3614391143911439,0.9636363636363635
homoscedastic,3,1.0,0.25,mknn,eu_group1,0.3614391143911439,
homoscedastic,3,1.0,0.25,mknn,eu_id,0.3614391143911439,0.9030303030303028
homoscedastic,3,1.0,0.25,mknn,eu_heldout,0.3614391143911439,0.9393939393939393
homoscedastic,3,1.0,0.25,predictivity,eu_agreement,0.5032517079263362,0.9393939393939393
homoscedastic,3,1.0,0.25,predictivity,acquisition_overlap,0.5032517079263362,0.6116465361813115
homoscedastic,3,1.0,0.25,predictivity,eu_group0,0.5032517079263362,0.9393939393939393
homoscedastic,3,1.0,0.25,predictivity,eu_group1,0.5032517079263362,
homoscedastic,3,1.0,0.25,predictivity,eu_id,0.5032517079263362,0.9030303030303028
homoscedastic,3,1.0,0.25,predictivity,eu_heldout,0.5032517079263362,0.9151515151515152
homoscedastic,3,1.0,0.25,cca_type,eu_agreement,1.0333451871957777e-08,0.9030303030303028
homoscedastic,3,1.0,0.25,cca_type,acquisition_overlap,1.0333451871957777e-08,0.8440722199302098
homoscedastic,3,1.0,0.25,cca_type,eu_group0,1.0333451871957777e-08,0.9030303030303028
homoscedastic,3,1.0,0.25,cca_type,eu_group1,1.0333451871957777e-08,
homoscedastic,3,1.0,0.25,cca_type,eu_id,1.0333451871957777e-08,0.9151515151515152
homoscedastic,3,1.0,0.25,cca_type,eu_heldout,1.0333451871957777e-08,0.8787878787878788
homoscedastic,3,1.0,0.25,smoother_001,eu_agreement,0.05055567082856294,0.9030303030303028
homoscedastic,3,1.0,0.25,smoother_001,acquisition_overlap,0.05055567082856294,0.8440722199302098
homoscedastic,3,1.0,0.25,smoother_001,eu_group0,0.05055567082856294,0.9030303030303028
homoscedastic,3,1.0,0.25,smoother_001,eu_group1,0.05055567082856294,
homoscedastic,3,1.0,0.25,smoother_001,eu_id,0.05055567082856294,0.9151515151515152
homoscedastic,3,1.0,0.25,smoother_001,eu_heldout,0.05055567082856294,0.8787878787878788
homoscedastic,3,1.0,0.25,smoother_1,eu_agreement,0.19600238537392378,0.9151515151515152
homoscedastic,3,1.0,0.25,smoother_1,acquisition_overlap,0.19600238537392378,0.8624216160156492
homoscedastic,3,1.0,0.25,smoother_1,eu_group0,0.19600238537392378,0.9151515151515152
homoscedastic,3,1.0,0.25,smoother_1,eu_group1,0.19600238537392378,
homoscedastic,3,1.0,0.25,smoother_1,eu_id,0.19600238537392378,0.9393939393939393
homoscedastic,3,1.0,0.25,smoother_1,eu_heldout,0.19600238537392378,0.9151515151515152
homoscedastic,3,1.0,1.0,cka,eu_agreement,0.5621919195091325,0.9393939393939393
homoscedastic,3,1.0,1.0,cka,acquisition_overlap,0.5621919195091325,0.8658697553131279
homoscedastic,3,1.0,1.0,cka,eu_group0,0.5621919195091325,0.9393939393939393
homoscedastic,3,1.0,1.0,cka,eu_group1,0.5621919195091325,
homoscedastic,3,1.0,1.0,cka,eu_id,0.5621919195091325,0.9151515151515152
homoscedastic,3,1.0,1.0,cka,eu_heldout,0.5621919195091325,0.8787878787878788
homoscedastic,3,1.0,1.0,mknn,eu_agreement,0.3614391143911439,0.9272727272727272
homoscedastic,3,1.0,1.0,mknn,acquisition_overlap,0.3614391143911439,0.884162778312701
homoscedastic,3,1.0,1.0,mknn,eu_group0,0.3614391143911439,0.9272727272727272
homoscedastic,3,1.0,1.0,mknn,eu_group1,0.3614391143911439,
homoscedastic,3,1.0,1.0,mknn,eu_id,0.3614391143911439,0.8909090909090909
homoscedastic,3,1.0,1.0,mknn,eu_heldout,0.3614391143911439,0.8545454545454544
homoscedastic,3,1.0,1.0,predictivity,eu_agreement,0.5032517079263362,0.8787878787878788
homoscedastic,3,1.0,1.0,predictivity,acquisition_overlap,0.5032517079263362,0.8170883606475996
homoscedastic,3,1.0,1.0,predictivity,eu_group0,0.5032517079263362,0.8787878787878788
homoscedastic,3,1.0,1.0,predictivity,eu_group1,0.5032517079263362,
homoscedastic,3,1.0,1.0,predictivity,eu_id,0.5032517079263362,0.8666666666666665
homoscedastic,3,1.0,1.0,predictivity,eu_heldout,0.5032517079263362,0.7696969696969697
homoscedastic,3,1.0,1.0,cca_type,eu_agreement,1.0333451871957777e-08,0.7939393939393938
homoscedastic,3,1.0,1.0,cca_type,acquisition_overlap,1.0333451871957777e-08,0.7012325483169698
homoscedastic,3,1.0,1.0,cca_type,eu_group0,1.0333451871957777e-08,0.7939393939393938
homoscedastic,3,1.0,1.0,cca_type,eu_group1,1.0333451871957777e-08,
homoscedastic,3,1.0,1.0,cca_type,eu_id,1.0333451871957777e-08,0.7696969696969697
homoscedastic,3,1.0,1.0,cca_type,eu_heldout,1.0333451871957777e-08,0.7939393939393938
homoscedastic,3,1.0,1.0,smoother_001,eu_agreement,0.05055567082856294,0.7939393939393938
homoscedastic,3,1.0,1.0,smoother_001,acquisition_overlap,0.05055567082856294,0.7012325483169698
homoscedastic,3,1.0,1.0,smoother_001,eu_group0,0.05055567082856294,0.7939393939393938
homoscedastic,3,1.0,1.0,smoother_001,eu_group1,0.05055567082856294,
homoscedastic,3,1.0,1.0,smoother_001,eu_id,0.05055567082856294,0.7696969696969697
homoscedastic,3,1.0,1.0,smoother_001,eu_heldout,0.05055567082856294,0.7939393939393938
homoscedastic,3,1.0,1.0,smoother_1,eu_agreement,0.19600238537392378,0.8424242424242423
homoscedastic,3,1.0,1.0,smoother_1,acquisition_overlap,0.19600238537392378,0.7865999889816444
homoscedastic,3,1.0,1.0,smoother_1,eu_group0,0.19600238537392378,0.8424242424242423
homoscedastic,3,1.0,1.0,smoother_1,eu_group1,0.19600238537392378,
homoscedastic,3,1.0,1.0,smoother_1,eu_id,0.19600238537392378,0.8303030303030302
homoscedastic,3,1.0,1.0,smoother_1,eu_heldout,0.19600238537392378,0.7454545454545454
homoscedastic,3,10.0,0.1,cka,eu_agreement,0.5621919195091325,0.9393939393939393
homoscedastic,3,10.0,0.1,cka,acquisition_overlap,0.5621919195091325,0.759389481241052
homoscedastic,3,10.0,0.1,cka,eu_group0,0.5621919195091325,0.9393939393939393
homoscedastic,3,10.0,0.1,cka,eu_group1,0.5621919195091325,
homoscedastic,3,10.0,0.1,cka,eu_id,0.5621919195091325,0.9393939393939393
homoscedastic,3,10.0,0.1,cka,eu_heldout,0.5621919195091325,0.9030303030303028
homoscedastic,3,10.0,0.1,mknn,eu_agreement,0.3614391143911439,0.9151515151515152
homoscedastic,3,10.0,0.1,mknn,acquisition_overlap,0.3614391143911439,0.7779111759054679
homoscedastic,3,10.0,0.1,mknn,eu_group0,0.3614391143911439,0.9151515151515152
homoscedastic,3,10.0,0.1,mknn,eu_group1,0.3614391143911439,
homoscedastic,3,10.0,0.1,mknn,eu_id,0.3614391143911439,0.9151515151515152
homoscedastic,3,10.0,0.1,mknn,eu_heldout,0.3614391143911439,0.8909090909090909
homoscedastic,3,10.0,0.1,predictivity,eu_agreement,0.5032517079263362,0.8666666666666665
homoscedastic,3,10.0,0.1,predictivity,acquisition_overlap,0.5032517079263362,0.7779111759054679
homoscedastic,3,10.0,0.1,predictivity,eu_group0,0.5032517079263362,0.8666666666666665
homoscedastic,3,10.0,0.1,predictivity,eu_group1,0.5032517079263362,
homoscedastic,3,10.0,0.1,predictivity,eu_id,0.5032517079263362,0.8666666666666665
homoscedastic,3,10.0,0.1,predictivity,eu_heldout,0.5032517079263362,0.8909090909090909
homoscedastic,3,10.0,0.1,cca_type,eu_agreement,1.0333451871957777e-08,0.9272727272727272
homoscedastic,3,10.0,0.1,cca_type,acquisition_overlap,1.0333451871957777e-08,0.8396501581201875
homoscedastic,3,10.0,0.1,cca_type,eu_group0,1.0333451871957777e-08,0.9272727272727272
homoscedastic,3,10.0,0.1,cca_type,eu_group1,1.0333451871957777e-08,
homoscedastic,3,10.0,0.1,cca_type,eu_id,1.0333451871957777e-08,0.9272727272727272
homoscedastic,3,10.0,0.1,cca_type,eu_heldout,1.0333451871957777e-08,0.7939393939393938
homoscedastic,3,10.0,0.1,smoother_001,eu_agreement,0.05055567082856294,0.9272727272727272
homoscedastic,3,10.0,0.1,smoother_001,acquisition_overlap,0.05055567082856294,0.8396501581201875
homoscedastic,3,10.0,0.1,smoother_001,eu_group0,0.05055567082856294,0.9272727272727272
homoscedastic,3,10.0,0.1,smoother_001,eu_group1,0.05055567082856294,
homoscedastic,3,10.0,0.1,smoother_001,eu_id,0.05055567082856294,0.9272727272727272
homoscedastic,3,10.0,0.1,smoother_001,eu_heldout,0.05055567082856294,0.7939393939393938
homoscedastic,3,10.0,0.1,smoother_1,eu_agreement,0.19600238537392378,0.9272727272727272
homoscedastic,3,10.0,0.1,smoother_1,acquisition_overlap,0.19600238537392378,0.8705196492275473
homoscedastic,3,10.0,0.1,smoother_1,eu_group0,0.19600238537392378,0.9272727272727272
homoscedastic,3,10.0,0.1,smoother_1,eu_group1,0.19600238537392378,
homoscedastic,3,10.0,0.1,smoother_1,eu_id,0.19600238537392378,0.9272727272727272
homoscedastic,3,10.0,0.1,smoother_1,eu_heldout,0.19600238537392378,0.8060606060606059
homoscedastic,3,10.0,0.25,cka,eu_agreement,0.5621919195091325,0.9757575757575757
homoscedastic,3,10.0,0.25,cka,acquisition_overlap,0.5621919195091325,0.7339758434175736
homoscedastic,3,10.0,0.25,cka,eu_group0,0.5621919195091325,0.9757575757575757
homoscedastic,3,10.0,0.25,cka,eu_group1,0.5621919195091325,
homoscedastic,3,10.0,0.25,cka,eu_id,0.5621919195091325,0.9393939393939393
homoscedastic,3,10.0,0.25,cka,eu_heldout,0.5621919195091325,0.9636363636363635
homoscedastic,3,10.0,0.25,mknn,eu_agreement,0.3614391143911439,0.9636363636363635
homoscedastic,3,10.0,0.25,mknn,acquisition_overlap,0.3614391143911439,0.752325239503013
homoscedastic,3,10.0,0.25,mknn,eu_group0,0.3614391143911439,0.9636363636363635
homoscedastic,3,10.0,0.25,mknn,eu_group1,0.3614391143911439,
homoscedastic,3,10.0,0.25,mknn,eu_id,0.3614391143911439,0.9030303030303028
homoscedastic,3,10.0,0.25,mknn,eu_heldout,0.3614391143911439,0.9393939393939393
homoscedastic,3,10.0,0.25,predictivity,eu_agreement,0.5032517079263362,0.9393939393939393
homoscedastic,3,10.0,0.25,predictivity,acquisition_overlap,0.5032517079263362,0.6116465361813115
homoscedastic,3,10.0,0.25,predictivity,eu_group0,0.5032517079263362,0.9393939393939393
homoscedastic,3,10.0,0.25,predictivity,eu_group1,0.5032517079263362,
homoscedastic,3,10.0,0.25,predictivity,eu_id,0.5032517079263362,0.9030303030303028
homoscedastic,3,10.0,0.25,predictivity,eu_heldout,0.5032517079263362,0.9151515151515152
homoscedastic,3,10.0,0.25,cca_type,eu_agreement,1.0333451871957777e-08,0.9030303030303028
homoscedastic,3,10.0,0.25,cca_type,acquisition_overlap,1.0333451871957777e-08,0.8440722199302098
homoscedastic,3,10.0,0.25,cca_type,eu_group0,1.0333451871957777e-08,0.9030303030303028
homoscedastic,3,10.0,0.25,cca_type,eu_group1,1.0333451871957777e-08,
homoscedastic,3,10.0,0.25,cca_type,eu_id,1.0333451871957777e-08,0.9151515151515152
homoscedastic,3,10.0,0.25,cca_type,eu_heldout,1.0333451871957777e-08,0.8787878787878788
homoscedastic,3,10.0,0.25,smoother_001,eu_agreement,0.05055567082856294,0.9030303030303028
homoscedastic,3,10.0,0.25,smoother_001,acquisition_overlap,0.05055567082856294,0.8440722199302098
homoscedastic,3,10.0,0.25,smoother_001,eu_group0,0.05055567082856294,0.9030303030303028
homoscedastic,3,10.0,0.25,smoother_001,eu_group1,0.05055567082856294,
homoscedastic,3,10.0,0.25,smoother_001,eu_id,0.05055567082856294,0.9151515151515152
homoscedastic,3,10.0,0.25,smoother_001,eu_heldout,0.05055567082856294,0.8787878787878788
homoscedastic,3,10.0,0.25,smoother_1,eu_agreement,0.19600238537392378,0.9151515151515152
homoscedastic,3,10.0,0.25,smoother_1,acquisition_overlap,0.19600238537392378,0.8624216160156492
homoscedastic,3,10.0,0.25,smoother_1,eu_group0,0.19600238537392378,0.9151515151515152
homoscedastic,3,10.0,0.25,smoother_1,eu_group1,0.19600238537392378,
homoscedastic,3,10.0,0.25,smoother_1,eu_id,0.19600238537392378,0.9393939393939393
homoscedastic,3,10.0,0.25,smoother_1,eu_heldout,0.19600238537392378,0.9151515151515152
homoscedastic,3,10.0,1.0,cka,eu_agreement,0.5621919195091325,0.9393939393939393
homoscedastic,3,10.0,1.0,cka,acquisition_overlap,0.5621919195091325,0.8753839828992931
homoscedastic,3,10.0,1.0,cka,eu_group0,0.5621919195091325,0.9393939393939393
homoscedastic,3,10.0,1.0,cka,eu_group1,0.5621919195091325,
homoscedastic,3,10.0,1.0,cka,eu_id,0.5621919195091325,0.9151515151515152
homoscedastic,3,10.0,1.0,cka,eu_heldout,0.5621919195091325,0.8787878787878788
homoscedastic,3,10.0,1.0,mknn,eu_agreement,0.3614391143911439,0.9272727272727272
homoscedastic,3,10.0,1.0,mknn,acquisition_overlap,0.3614391143911439,0.8753839828992931
homoscedastic,3,10.0,1.0,mknn,eu_group0,0.3614391143911439,0.9272727272727272
homoscedastic,3,10.0,1.0,mknn,eu_group1,0.3614391143911439,
homoscedastic,3,10.0,1.0,mknn,eu_id,0.3614391143911439,0.8909090909090909
homoscedastic,3,10.0,1.0,mknn,eu_heldout,0.3614391143911439,0.8545454545454544
homoscedastic,3,10.0,1.0,predictivity,eu_agreement,0.5032517079263362,0.8787878787878788
homoscedastic,3,10.0,1.0,predictivity,acquisition_overlap,0.5032517079263362,0.8389096502784891
homoscedastic,3,10.0,1.0,predictivity,eu_group0,0.5032517079263362,0.8787878787878788
homoscedastic,3,10.0,1.0,predictivity,eu_group1,0.5032517079263362,
homoscedastic,3,10.0,1.0,predictivity,eu_id,0.5032517079263362,0.8666666666666665
homoscedastic,3,10.0,1.0,predictivity,eu_heldout,0.5032517079263362,0.7696969696969697
homoscedastic,3,10.0,1.0,cca_type,eu_agreement,1.0333451871957777e-08,0.7939393939393938
homoscedastic,3,10.0,1.0,cca_type,acquisition_overlap,1.0333451871957777e-08,0.686933264358473
homoscedastic,3,10.0,1.0,cca_type,eu_group0,1.0333451871957777e-08,0.7939393939393938
homoscedastic,3,10.0,1.0,cca_type,eu_group1,1.0333451871957777e-08,
homoscedastic,3,10.0,1.0,cca_type,eu_id,1.0333451871957777e-08,0.7696969696969697
homoscedastic,3,10.0,1.0,cca_type,eu_heldout,1.0333451871957777e-08,0.7939393939393938
homoscedastic,3,10.0,1.0,smoother_001,eu_agreement,0.05055567082856294,0.7939393939393938
homoscedastic,3,10.0,1.0,smoother_001,acquisition_overlap,0.05055567082856294,0.686933264358473
homoscedastic,3,10.0,1.0,smoother_001,eu_group0,0.05055567082856294,0.7939393939393938
homoscedastic,3,10.0,1.0,smoother_001,eu_group1,0.05055567082856294,
homoscedastic,3,10.0,1.0,smoother_001,eu_id,0.05055567082856294,0.7696969696969697
homoscedastic,3,10.0,1.0,smoother_001,eu_heldout,0.05055567082856294,0.7939393939393938
homoscedastic,3,10.0,1.0,smoother_1,eu_agreement,0.19600238537392378,0.8424242424242423
homoscedastic,3,10.0,1.0,smoother_1,acquisition_overlap,0.19600238537392378,0.7781190959104827
homoscedastic,3,10.0,1.0,smoother_1,eu_group0,0.19600238537392378,0.8424242424242423
homoscedastic,3,10.0,1.0,smoother_1,eu_group1,0.19600238537392378,
homoscedastic,3,10.0,1.0,smoother_1,eu_id,0.19600238537392378,0.8303030303030302
homoscedastic,3,10.0,1.0,smoother_1,eu_heldout,0.19600238537392378,0.7454545454545454
homoscedastic,4,0.1,0.1,cka,eu_agreement,0.5462164664366376,0.9393939393939393
homoscedastic,4,0.1,0.1,cka,acquisition_overlap,0.5462164664366376,0.7173285415424762
homoscedastic,4,0.1,0.1,cka,eu_group0,0.5462164664366376,0.9393939393939393
homoscedastic,4,0.1,0.1,cka,eu_group1,0.5462164664366376,
homoscedastic,4,0.1,0.1,cka,eu_id,0.5462164664366376,0.9393939393939393
homoscedastic,4,0.1,0.1,cka,eu_heldout,0.5462164664366376,0.7454545454545454
homoscedastic,4,0.1,0.1,mknn,eu_agreement,0.3601476014760149,0.9151515151515152
homoscedastic,4,0.1,0.1,mknn,acquisition_overlap,0.3601476014760149,0.772040040473682
homoscedastic,4,0.1,0.1,mknn,eu_group0,0.3601476014760149,0.9151515151515152
homoscedastic,4,0.1,0.1,mknn,eu_group1,0.3601476014760149,
homoscedastic,4,0.1,0.1,mknn,eu_id,0.3601476014760149,0.9151515151515152
homoscedastic,4,0.1,0.1,mknn,eu_heldout,0.3601476014760149,0.7575757575757575
homoscedastic,4,0.1,0.1,predictivity,eu_agreement,0.48196322277602555,0.8545454545454544
homoscedastic,4,0.1,0.1,predictivity,acquisition_overlap,0.48196322277602555,0.6565379871744699
homoscedastic,4,0.1,0.1,predictivity,eu_group0,0.48196322277602555,0.8545454545454544
homoscedastic,4,0.1,0.1,predictivity,eu_group1,0.48196322277602555,
homoscedastic,4,0.1,0.1,predictivity,eu_id,0.48196322277602555,0.8545454545454544
homoscedastic,4,0.1,0.1,predictivity,eu_heldout,0.48196322277602555,0.6727272727272726
homoscedastic,4,0.1,0.1,cca_type,eu_agreement,1.0060221322660823e-08,0.9272727272727272
homoscedastic,4,0.1,0.1,cca_type,acquisition_overlap,1.0060221322660823e-08,0.7841981513472833
homoscedastic,4,0.1,0.1,cca_type,eu_group0,1.0060221322660823e-08,0.9272727272727272
homoscedastic,4,0.1,0.1,cca_type,eu_group1,1.0060221322660823e-08,
homoscedastic,4,0.1,0.1,cca_type,eu_id,1.0060221322660823e-08,0.9272727272727272
homoscedastic,4,0.1,0.1,cca_type,eu_heldout,1.0060221322660823e-08,0.7454545454545454
homoscedastic,4,0.1,0.1,smoother_001,eu_agreement,0.051481926809243794,0.9272727272727272
homoscedastic,4,0.1,0.1,smoother_001,acquisition_overlap,0.051481926809243794,0.7841981513472833
homoscedastic,4,0.1,0.1,smoother_001,eu_group0,0.051481926809243794,0.9272727272727272
homoscedastic,4,0.1,0.1,smoother_001,eu_group1,0.051481926809243794,
homoscedastic,4,0.1,0.1,smoother_001,eu_id,0.051481926809243794,0.9272727272727272
homoscedastic,4,0.1,0.1,smoother_001,eu_heldout,0.051481926809243794,0.7454545454545454
homoscedastic,4,0.1,0.1,smoother_1,eu_agreement,0.1956839267201318,0.9272727272727272
homoscedastic,4,0.1,0.1,smoother_1,acquisition_overlap,0.1956839267201318,0.772040040473682
homoscedastic,4,0.1,0.1,smoother_1,eu_group0,0.1956839267201318,0.9272727272727272
homoscedastic,4,0.1,0.1,smoother_1,eu_group1,0.1956839267201318,
homoscedastic,4,0.1,0.1,smoother_1,eu_id,0.1956839267201318,0.9272727272727272
homoscedastic,4,0.1,0.1,smoother_1,eu_heldout,0.1956839267201318,0.6969696969696969
homoscedastic,4,0.1,0.25,cka,eu_agreement,0.5462164664366376,0.9515151515151514
homoscedastic,4,0.1,0.25,cka,acquisition_overlap,0.5462164664366376,0.8624216160156492
homoscedastic,4,0.1,0.25,cka,eu_group0,0.5462164664366376,0.9515151515151514
homoscedastic,4,0.1,0.25,cka,eu_group1,0.5462164664366376,
homoscedastic,4,0.1,0.25,cka,eu_id,0.5462164664366376,0.9393939393939393
homoscedastic,4,0.1,0.25,cka,eu_heldout,0.5462164664366376,0.6363636363636362
homoscedastic,4,0.1,0.25,mknn,eu_agreement,0.3601476014760149,0.9393939393939393
homoscedastic,4,0.1,0.25,mknn,acquisition_overlap,0.3601476014760149,0.8746545467392752
homoscedastic,4,0.1,0.25,mknn,eu_group0,0.3601476014760149,0.9393939393939393
homoscedastic,4,0.1,0.25,mknn,eu_group1,0.3601476014760149,
homoscedastic,4,0.1,0.25,mknn,eu_id,0.3601476014760149,0.9272727272727272
homoscedastic,4,0.1,0.25,mknn,eu_heldout,0.3601476014760149,0.6242424242424242
homoscedastic,4,0.1,0.25,predictivity,eu_agreement,0.48196322277602555,0.8666666666666665
homoscedastic,4,0.1,0.25,predictivity,acquisition_overlap,0.48196322277602555,0.8807710121010884
homoscedastic,4,0.1,0.25,predictivity,eu_group0,0.48196322277602555,0.8666666666666665
homoscedastic,4,0.1,0.25,predictivity,eu_group1,0.48196322277602555,
homoscedastic,4,0.1,0.25,predictivity,eu_id,0.48196322277602555,0.8303030303030302
homoscedastic,4,0.1,0.25,predictivity,eu_heldout,0.48196322277602555,0.6121212121212121
homoscedastic,4,0.1,0.25,cca_type,eu_agreement,1.0060221322660823e-08,0.8909090909090909
homoscedastic,4,0.1,0.25,cca_type,acquisition_overlap,1.0060221322660823e-08,0.7951404970357048
homoscedastic,4,0.1,0.25,cca_type,eu_group0,1.0060221322660823e-08,0.8909090909090909
homoscedastic,4,0.1,0.25,cca_type,eu_group1,1.0060221322660823e-08,
homoscedastic,4,0.1,0.25,cca_type,eu_id,1.0060221322660823e-08,0.8666666666666665
homoscedastic,4,0.1,0.25,cca_type,eu_heldout,1.0060221322660823e-08,0.5878787878787878
homoscedastic,4,0.1,0.25,smoother_001,eu_agreement,0.051481926809243794,0.8909090909090909
homoscedastic,4,0.1,0.25,smoother_001,acquisition_overlap,0.051481926809243794,0.7951404970357048
homoscedastic,4,0.1,0.25,smoother_001,eu_group0,0.051481926809243794,0.8909090909090909
homoscedastic,4,0.1,0.25,smoother_001,eu_group1,0.051481926809243794,
homoscedastic,4,0.1,0.25,smoother_001,eu_id,0.051481926809243794,0.8666666666666665
homoscedastic,4,0.1,0.25,smoother_001,eu_heldout,0.051481926809243794,0.5878787878787878
homoscedastic,4,0.1,0.25,smoother_1,eu_agreement,0.1956839267201318,0.8909090909090909
homoscedastic,4,0.1,0.25,smoother_1,acquisition_overlap,0.1956839267201318,0.8134898931211442
homoscedastic,4,0.1,0.25,smoother_1,eu_group0,0.1956839267201318,0.8909090909090909
homoscedastic,4,0.1,0.25,smoother_1,eu_group1,0.1956839267201318,
homoscedastic,4,0.1,0.25,smoother_1,eu_id,0.1956839267201318,0.8787878787878788
homoscedastic,4,0.1,0.25,smoother_1,eu_heldout,0.1956839267201318,0.5636363636363636
homoscedastic,4,0.1,1.0,cka,eu_agreement,0.5462164664366376,0.9393939393939393
homoscedastic,4,0.1,1.0,cka,acquisition_overlap,0.5462164664366376,0.7416447632896788
homoscedastic,4,0.1,1.0,cka,eu_group0,0.5462164664366376,0.9393939393939393
homoscedastic,4,0.1,1.0,cka,eu_group1,0.5462164664366376,
homoscedastic,4,0.1,1.0,cka,eu_id,0.5462164664366376,0.9393939393939393
homoscedastic,4,0.1,1.0,cka,eu_heldout,0.5462164664366376,0.8424242424242423
homoscedastic,4,0.1,1.0,mknn,eu_agreement,0.3601476014760149,0.9272727272727272
homoscedastic,4,0.1,1.0,mknn,acquisition_overlap,0.3601476014760149,0.7781190959104827
homoscedastic,4,0.1,1.0,mknn,eu_group0,0.3601476014760149,0.9272727272727272
homoscedastic,4,0.1,1.0,mknn,eu_group1,0.3601476014760149,
homoscedastic,4,0.1,1.0,mknn,eu_id,0.3601476014760149,0.9272727272727272
homoscedastic,4,0.1,1.0,mknn,eu_heldout,0.3601476014760149,0.8303030303030302
homoscedastic,4,0.1,1.0,predictivity,eu_agreement,0.48196322277602555,0.8666666666666665
homoscedastic,4,0.1,1.0,predictivity,acquisition_overlap,0.48196322277602555,0.6930123197952736
homoscedastic,4,0.1,1.0,predictivity,eu_group0,0.48196322277602555,0.8666666666666665
homoscedastic,4,0.1,1.0,predictivity,eu_group1,0.48196322277602555,
homoscedastic,4,0.1,1.0,predictivity,eu_id,0.48196322277602555,0.8666666666666665
homoscedastic,4,0.1,1.0,predictivity,eu_heldout,0.48196322277602555,0.7818181818181817
homoscedastic,4,0.1,1.0,cca_type,eu_agreement,1.0060221322660823e-08,0.7939393939393938
homoscedastic,4,0.1,1.0,cca_type,acquisition_overlap,1.0060221322660823e-08,0.6747751534848716
homoscedastic,4,0.1,1.0,cca_type,eu_group0,1.0060221322660823e-08,0.7939393939393938
homoscedastic,4,0.1,1.0,cca_type,eu_group1,1.0060221322660823e-08,
homoscedastic,4,0.1,1.0,cca_type,eu_id,1.0060221322660823e-08,0.7939393939393938
homoscedastic,4,0.1,1.0,cca_type,eu_heldout,1.0060221322660823e-08,0.6848484848484848
homoscedastic,4,0.1,1.0,smoother_001,eu_agreement,0.051481926809243794,0.7939393939393938
homoscedastic,4,0.1,1.0,smoother_001,acquisition_overlap,0.051481926809243794,0.6747751534848716
homoscedastic,4,0.1,1.0,smoother_001,eu_group0,0.051481926809243794,0.7939393939393938
homoscedastic,4,0.1,1.0,smoother_001,eu_group1,0.051481926809243794,
homoscedastic,4,0.1,1.0,smoother_001,eu_id,0.051481926809243794,0.7939393939393938
homoscedastic,4,0.1,1.0,smoother_001,eu_heldout,0.051481926809243794,0.6848484848484848
homoscedastic,4,0.1,1.0,smoother_1,eu_agreement,0.1956839267201318,0.8424242424242423
homoscedastic,4,0.1,1.0,smoother_1,acquisition_overlap,0.1956839267201318,0.7477238187264795
homoscedastic,4,0.1,1.0,smoother_1,eu_group0,0.1956839267201318,0.8424242424242423
homoscedastic,4,0.1,1.0,smoother_1,eu_group1,0.1956839267201318,
homoscedastic,4,0.1,1.0,smoother_1,eu_id,0.1956839267201318,0.8424242424242423
homoscedastic,4,0.1,1.0,smoother_1,eu_heldout,0.1956839267201318,0.7212121212121211
homoscedastic,4,1.0,0.1,cka,eu_agreement,0.5462164664366376,0.9393939393939393
homoscedastic,4,1.0,0.1,cka,acquisition_overlap,0.5462164664366376,0.7173285415424762
homoscedastic,4,1.0,0.1,cka,eu_group0,0.5462164664366376,0.9393939393939393
homoscedastic,4,1.0,0.1,cka,eu_group1,0.5462164664366376,
homoscedastic,4,1.0,0.1,cka,eu_id,0.5462164664366376,0.9393939393939393
homoscedastic,4,1.0,0.1,cka,eu_heldout,0.5462164664366376,0.7454545454545454
homoscedastic,4,1.0,0.1,mknn,eu_agreement,0.3601476014760149,0.9151515151515152
homoscedastic,4,1.0,0.1,mknn,acquisition_overlap,0.3601476014760149,0.772040040473682
homoscedastic,4,1.0,0.1,mknn,eu_group0,0.3601476014760149,0.9151515151515152
homoscedastic,4,1.0,0.1,mknn,eu_group1,0.3601476014760149,
homoscedastic,4,1.0,0.1,mknn,eu_id,0.3601476014760149,0.9151515151515152
homoscedastic,4,1.0,0.1,mknn,eu_heldout,0.3601476014760149,0.7575757575757575
homoscedastic,4,1.0,0.1,predictivity,eu_agreement,0.48196322277602555,0.8545454545454544
homoscedastic,4,1.0,0.1,predictivity,acquisition_overlap,0.48196322277602555,0.6565379871744699
homoscedastic,4,1.0,0.1,predictivity,eu_group0,0.48196322277602555,0.8545454545454544
homoscedastic,4,1.0,0.1,predictivity,eu_group1,0.48196322277602555,
homoscedastic,4,1.0,0.1,predictivity,eu_id,0.48196322277602555,0.8545454545454544
homoscedastic,4,1.0,0.1,predictivity,eu_heldout,0.48196322277602555,0.6727272727272726
homoscedastic,4,1.0,0.1,cca_type,eu_agreement,1.0060221322660823e-08,0.9272727272727272
homoscedastic,4,1.0,0.1,cca_type,acquisition_overlap,1.0060221322660823e-08,0.7841981513472833
homoscedastic,4,1.0,0.1,cca_type,eu_group0,1.0060221322660823e-08,0.9272727272727272
homoscedastic,4,1.0,0.1,cca_type,eu_group1,1.0060221322660823e-08,
homoscedastic,4,1.0,0.1,cca_type,eu_id,1.0060221322660823e-08,0.9272727272727272
homoscedastic,4,1.0,0.1,cca_type,eu_heldout,1.0060221322660823e-08,0.7454545454545454
homoscedastic,4,1.0,0.1,smoother_001,eu_agreement,0.051481926809243794,0.9272727272727272
homoscedastic,4,1.0,0.1,smoother_001,acquisition_overlap,0.051481926809243794,0.7841981513472833
homoscedastic,4,1.0,0.1,smoother_001,eu_group0,0.051481926809243794,0.9272727272727272
homoscedastic,4,1.0,0.1,smoother_001,eu_group1,0.051481926809243794,
homoscedastic,4,1.0,0.1,smoother_001,eu_id,0.051481926809243794,0.9272727272727272
homoscedastic,4,1.0,0.1,smoother_001,eu_heldout,0.051481926809243794,0.7454545454545454
homoscedastic,4,1.0,0.1,smoother_1,eu_agreement,0.1956839267201318,0.9272727272727272
homoscedastic,4,1.0,0.1,smoother_1,acquisition_overlap,0.1956839267201318,0.772040040473682
homoscedastic,4,1.0,0.1,smoother_1,eu_group0,0.1956839267201318,0.9272727272727272
homoscedastic,4,1.0,0.1,smoother_1,eu_group1,0.1956839267201318,
homoscedastic,4,1.0,0.1,smoother_1,eu_id,0.1956839267201318,0.9272727272727272
homoscedastic,4,1.0,0.1,smoother_1,eu_heldout,0.1956839267201318,0.6969696969696969
homoscedastic,4,1.0,0.25,cka,eu_agreement,0.5462164664366376,0.9515151515151514
homoscedastic,4,1.0,0.25,cka,acquisition_overlap,0.5462164664366376,0.8624216160156492
homoscedastic,4,1.0,0.25,cka,eu_group0,0.5462164664366376,0.9515151515151514
homoscedastic,4,1.0,0.25,cka,eu_group1,0.5462164664366376,
homoscedastic,4,1.0,0.25,cka,eu_id,0.5462164664366376,0.9393939393939393
homoscedastic,4,1.0,0.25,cka,eu_heldout,0.5462164664366376,0.6363636363636362
homoscedastic,4,1.0,0.25,mknn,eu_agreement,0.3601476014760149,0.9393939393939393
homoscedastic,4,1.0,0.25,mknn,acquisition_overlap,0.3601476014760149,0.8746545467392752
homoscedastic,4,1.0,0.25,mknn,eu_group0,0.3601476014760149,0.9393939393939393
homoscedastic,4,1.0,0.25,mknn,eu_group1,0.3601476014760149,
homoscedastic,4,1.0,0.25,mknn,eu_id,0.3601476014760149,0.9272727272727272
homoscedastic,4,1.0,0.25,mknn,eu_heldout,0.3601476014760149,0.6242424242424242
homoscedastic,4,1.0,0.25,predictivity,eu_agreement,0.48196322277602555,0.8666666666666665
homoscedastic,4,1.0,0.25,predictivity,acquisition_overlap,0.48196322277602555,0.8807710121010884
homoscedastic,4,1.0,0.25,predictivity,eu_group0,0.48196322277602555,0.8666666666666665
homoscedastic,4,1.0,0.25,predictivity,eu_group1,0.48196322277602555,
homoscedastic,4,1.0,0.25,predictivity,eu_id,0.48196322277602555,0.8303030303030302
homoscedastic,4,1.0,0.25,predictivity,eu_heldout,0.48196322277602555,0.6121212121212121
homoscedastic,4,1.0,0.25,cca_type,eu_agreement,1.0060221322660823e-08,0.8909090909090909
homoscedastic,4,1.0,0.25,cca_type,acquisition_overlap,1.0060221322660823e-08,0.7951404970357048
homoscedastic,4,1.0,0.25,cca_type,eu_group0,1.0060221322660823e-08,0.8909090909090909
homoscedastic,4,1.0,0.25,cca_type,eu_group1,1.0060221322660823e-08,
homoscedastic,4,1.0,0.25,cca_type,eu_id,1.0060221322660823e-08,0.8666666666666665
homoscedastic,4,1.0,0.25,cca_type,eu_heldout,1.0060221322660823e-08,0.5878787878787878
homoscedastic,4,1.0,0.25,smoother_001,eu_agreement,0.051481926809243794,0.8909090909090909
homoscedastic,4,1.0,0.25,smoother_001,acquisition_overlap,0.051481926809243794,0.7951404970357048
homoscedastic,4,1.0,0.25,smoother_001,eu_group0,0.051481926809243794,0.8909090909090909
homoscedastic,4,1.0,0.25,smoother_001,eu_group1,0.051481926809243794,
homoscedastic,4,1.0,0.25,smoother_001,eu_id,0.051481926809243794,0.8666666666666665
homoscedastic,4,1.0,0.25,smoother_001,eu_heldout,0.051481926809243794,0.5878787878787878
homoscedastic,4,1.0,0.25,smoother_1,eu_agreement,0.1956839267201318,0.8909090909090909
homoscedastic,4,1.0,0.25,smoother_1,acquisition_overlap,0.1956839267201318,0.8134898931211442
homoscedastic,4,1.0,0.25,smoother_1,eu_group0,0.1956839267201318,0.8909090909090909
homoscedastic,4,1.0,0.25,smoother_1,eu_group1,0.1956839267201318,
homoscedastic,4,1.0,0.25,smoother_1,eu_id,0.1956839267201318,0.8787878787878788
homoscedastic,4,1.0,0.25,smoother_1,eu_heldout,0.1956839267201318,0.5636363636363636
homoscedastic,4,1.0,1.0,cka,eu_agreement,0.5462164664366376,0.9393939393939393
homoscedastic,4,1.0,1.0,cka,acquisition_overlap,0.5462164664366376,0.7500139429824981
homoscedastic,4,1.0,1.0,cka,eu_group0,0.5462164664366376,0.9393939393939393
homoscedastic,4,1.0,1.0,cka,eu_group1,0.5462164664366376,
homoscedastic,4,1.0,1.0,cka,eu_id,0.5462164664366376,0.9393939393939393
homoscedastic,4,1.0,1.0,cka,eu_heldout,0.5462164664366376,0.7454545454545454
homoscedastic,4,1.0,1.0,mknn,eu_agreement,0.3601476014760149,0.9272727272727272
homoscedastic,4,1.0,1.0,mknn,acquisition_overlap,0.3601476014760149,0.7805023146484533
homoscedastic,4,1.0,1.0,mknn,eu_group0,0.3601476014760149,0.9272727272727272
homoscedastic,4,1.0,1.0,mknn,eu_group1,0.3601476014760149,
homoscedastic,4,1.0,1.0,mknn,eu_id,0.3601476014760149,0.9272727272727272
homoscedastic,4,1.0,1.0,mknn,eu_heldout,0.3601476014760149,0.7333333333333332
homoscedastic,4,1.0,1.0,predictivity,eu_agreement,0.48196322277602555,0.8666666666666665
homoscedastic,4,1.0,1.0,predictivity,acquisition_overlap,0.48196322277602555,0.6829395253173965
homoscedastic,4,1.0,1.0,predictivity,eu_group0,0.48196322277602555,0.8666666666666665
homoscedastic,4,1.0,1.0,predictivity,eu_group1,0.48196322277602555,
homoscedastic,4,1.0,1.0,predictivity,eu_id,0.48196322277602555,0.8666666666666665
homoscedastic,4,1.0,1.0,predictivity,eu_heldout,0.48196322277602555,0.6363636363636362
homoscedastic,4,1.0,1.0,cca_type,eu_agreement,1.0060221322660823e-08,0.7939393939393938
homoscedastic,4,1.0,1.0,cca_type,acquisition_overlap,1.0060221322660823e-08,0.6646465023178236
homoscedastic,4,1.0,1.0,cca_type,eu_group0,1.0060221322660823e-08,0.7939393939393938
homoscedastic,4,1.0,1.0,cca_type,eu_group1,1.0060221322660823e-08,
homoscedastic,4,1.0,1.0,cca_type,eu_id,1.0060221322660823e-08,0.7939393939393938
homoscedastic,4,1.0,1.0,cca_type,eu_heldout,1.0060221322660823e-08,0.5878787878787878
homoscedastic,4,1.0,1.0,smoother_001,eu_agreement,0.051481926809243794,0.7939393939393938
homoscedastic,4,1.0,1.0,smoother_001,acquisition_overlap,0.051481926809243794,0.6646465023178236
homoscedastic,4,1.0,1.0,smoother_001,eu_group0,0.051481926809243794,0.7939393939393938
homoscedastic,4,1.0,1.0,smoother_001,eu_group1,0.051481926809243794,
homoscedastic,4,1.0,1.0,smoother_001,eu_id,0.051481926809243794,0.7939393939393938
homoscedastic,4,1.0,1.0,smoother_001,eu_heldout,0.051481926809243794,0.5878787878787878
homoscedastic,4,1.0,1.0,smoother_1,eu_agreement,0.1956839267201318,0.8424242424242423
homoscedastic,4,1.0,1.0,smoother_1,acquisition_overlap,0.1956839267201318,0.743916268649307
homoscedastic,4,1.0,1.0,smoother_1,eu_group0,0.1956839267201318,0.8424242424242423
homoscedastic,4,1.0,1.0,smoother_1,eu_group1,0.1956839267201318,
homoscedastic,4,1.0,1.0,smoother_1,eu_id,0.1956839267201318,0.8424242424242423
homoscedastic,4,1.0,1.0,smoother_1,eu_heldout,0.1956839267201318,0.6242424242424242
homoscedastic,4,10.0,0.1,cka,eu_agreement,0.5462164664366376,0.9393939393939393
homoscedastic,4,10.0,0.1,cka,acquisition_overlap,0.5462164664366376,0.7173285415424762
homoscedastic,4,10.0,0.1,cka,eu_group0,0.5462164664366376,0.9393939393939393
homoscedastic,4,10.0,0.1,cka,eu_group1,0.5462164664366376,
homoscedastic,4,10.0,0.1,cka,eu_id,0.5462164664366376,0.9393939393939393
homoscedastic,4,10.0,0.1,cka,eu_heldout,0.5462164664366376,0.7454545454545454
homoscedastic,4,10.0,0.1,mknn,eu_agreement,0.3601476014760149,0.9151515151515152
homoscedastic,4,10.0,0.1,mknn,acquisition_overlap,0.3601476014760149,0.772040040473682
homoscedastic,4,10.0,0.1,mknn,eu_group0,0.3601476014760149,0.9151515151515152
homoscedastic,4,10.0,0.1,mknn,eu_group1,0.3601476014760149,
homoscedastic,4,10.0,0.1,mknn,eu_id,0.3601476014760149,0.9151515151515152
homoscedastic,4,10.0,0.1,mknn,eu_heldout,0.3601476014760149,0.7575757575757575
homoscedastic,4,10.0,0.1,predictivity,eu_agreement,0.48196322277602555,0.8545454545454544
homoscedastic,4,10.0,0.1,predictivity,acquisition_overlap,0.48196322277602555,0.6565379871744699
homoscedastic,4,10.0,0.1,predictivity,eu_group0,0.48196322277602555,0.8545454545454544
homoscedastic,4,10.0,0.1,predictivity,eu_group1,0.48196322277602555,
homoscedastic,4,10.0,0.1,predictivity,eu_id,0.48196322277602555,0.8545454545454544
homoscedastic,4,10.0,0.1,predictivity,eu_heldout,0.48196322277602555,0.6727272727272726
homoscedastic,4,10.0,0.1,cca_type,eu_agreement,1.0060221322660823e-08,0.9272727272727272
homoscedastic,4,10.0,0.1,cca_type,acquisition_overlap,1.0060221322660823e-08,0.7841981513472833
homoscedastic,4,10.0,0.1,cca_type,eu_group0,1.0060221322660823e-08,0.9272727272727272
homoscedastic,4,10.0,0.1,cca_type,eu_group1,1.0060221322660823e-08,
homoscedastic,4,10.0,0.1,cca_type,eu_id,1.0060221322660823e-08,0.9272727272727272
homoscedastic,4,10.0,0.1,cca_type,eu_heldout,1.0060221322660823e-08,0.7454545454545454
homoscedastic,4,10.0,0.1,smoother_001,eu_agreement,0.051481926809243794,0.9272727272727272
homoscedastic,4,10.0,0.1,smoother_001,acquisition_overlap,0.051481926809243794,0.7841981513472833
homoscedastic,4,10.0,0.1,smoother_001,eu_group0,0.051481926809243794,0.9272727272727272
homoscedastic,4,10.0,0.1,smoother_001,eu_group1,0.051481926809243794,
homoscedastic,4,10.0,0.1,smoother_001,eu_id,0.051481926809243794,0.9272727272727272
homoscedastic,4,10.0,0.1,smoother_001,eu_heldout,0.051481926809243794,0.7454545454545454
homoscedastic,4,10.0,0.1,smoother_1,eu_agreement,0.1956839267201318,0.9272727272727272
homoscedastic,4,10.0,0.1,smoother_1,acquisition_overlap,0.1956839267201318,0.772040040473682
homoscedastic,4,10.0,0.1,smoother_1,eu_group0,0.1956839267201318,0.9272727272727272
homoscedastic,4,10.0,0.1,smoother_1,eu_group1,0.1956839267201318,
homoscedastic,4,10.0,0.1,smoother_1,eu_id,0.1956839267201318,0.9272727272727272
homoscedastic,4,10.0,0.1,smoother_1,eu_heldout,0.1956839267201318,0.6969696969696969
homoscedastic,4,10.0,0.25,cka,eu_agreement,0.5462164664366376,0.9515151515151514
homoscedastic,4,10.0,0.25,cka,acquisition_overlap,0.5462164664366376,0.8475767323135548
homoscedastic,4,10.0,0.25,cka,eu_group0,0.5462164664366376,0.9515151515151514
homoscedastic,4,10.0,0.25,cka,eu_group1,0.5462164664366376,
homoscedastic,4,10.0,0.25,cka,eu_id,0.5462164664366376,0.9393939393939393
homoscedastic,4,10.0,0.25,cka,eu_heldout,0.5462164664366376,0.6363636363636362
homoscedastic,4,10.0,0.25,mknn,eu_agreement,0.3601476014760149,0.9393939393939393
homoscedastic,4,10.0,0.25,mknn,acquisition_overlap,0.3601476014760149,0.859772080979937
homoscedastic,4,10.0,0.25,mknn,eu_group0,0.3601476014760149,0.9393939393939393
homoscedastic,4,10.0,0.25,mknn,eu_group1,0.3601476014760149,
homoscedastic,4,10.0,0.25,mknn,eu_id,0.3601476014760149,0.9272727272727272
homoscedastic,4,10.0,0.25,mknn,eu_heldout,0.3601476014760149,0.6242424242424242
homoscedastic,4,10.0,0.25,predictivity,eu_agreement,0.48196322277602555,0.8666666666666665
homoscedastic,4,10.0,0.25,predictivity,acquisition_overlap,0.48196322277602555,0.8536744066467458
homoscedastic,4,10.0,0.25,predictivity,eu_group0,0.48196322277602555,0.8666666666666665
homoscedastic,4,10.0,0.25,predictivity,eu_group1,0.48196322277602555,
homoscedastic,4,10.0,0.25,predictivity,eu_id,0.48196322277602555,0.8303030303030302
homoscedastic,4,10.0,0.25,predictivity,eu_heldout,0.48196322277602555,0.6121212121212121
homoscedastic,4,10.0,0.25,cca_type,eu_agreement,1.0060221322660823e-08,0.8909090909090909
homoscedastic,4,10.0,0.25,cca_type,acquisition_overlap,1.0060221322660823e-08,0.7865999889816444
homoscedastic,4,10.0,0.25,cca_type,eu_group0,1.0060221322660823e-08,0.8909090909090909
homoscedastic,4,10.0,0.25,cca_type,eu_group1,1.0060221322660823e-08,
homoscedastic,4,10.0,0.25,cca_type,eu_id,1.0060221322660823e-08,0.8666666666666665
homoscedastic,4,10.0,0.25,cca_type,eu_heldout,1.0060221322660823e-08,0.5878787878787878
homoscedastic,4,10.0,0.25,smoother_001,eu_agreement,0.051481926809243794,0.8909090909090909
homoscedastic,4,10.0,0.25,smoother_001,acquisition_overlap,0.051481926809243794,0.7865999889816444
homoscedastic,4,10.0,0.25,smoother_001,eu_group0,0.051481926809243794,0.8909090909090909
homoscedastic,4,10.0,0.25,smoother_001,eu_group1,0.051481926809243794,
homoscedastic,4,10.0,0.25,smoother_001,eu_id,0.051481926809243794,0.8666666666666665
homoscedastic,4,10.0,0.25,smoother_001,eu_heldout,0.051481926809243794,0.5878787878787878
homoscedastic,4,10.0,0.25,smoother_1,eu_agreement,0.1956839267201318,0.8909090909090909
homoscedastic,4,10.0,0.25,smoother_1,acquisition_overlap,0.1956839267201318,0.7987953376480265
homoscedastic,4,10.0,0.25,smoother_1,eu_group0,0.1956839267201318,0.8909090909090909
homoscedastic,4,10.0,0.25,smoother_1,eu_group1,0.1956839267201318,
homoscedastic,4,10.0,0.25,smoother_1,eu_id,0.1956839267201318,0.8787878787878788
homoscedastic,4,10.0,0.25,smoother_1,eu_heldout,0.1956839267201318,0.5636363636363636
homoscedastic,4,10.0,1.0,cka,eu_agreement,0.5462164664366376,0.9393939393939393
homoscedastic,4,10.0,1.0,cka,acquisition_overlap,0.5462164664366376,0.7500139429824981
homoscedastic,4,10.0,1.0,cka,eu_group0,0.5462164664366376,0.9393939393939393
homoscedastic,4,10.0,1.0,cka,eu_group1,0.5462164664366376,
homoscedastic,4,10.0,1.0,cka,eu_id,0.5462164664366376,0.9393939393939393
homoscedastic,4,10.0,1.0,cka,eu_heldout,0.5462164664366376,0.7454545454545454
homoscedastic,4,10.0,1.0,mknn,eu_agreement,0.3601476014760149,0.9272727272727272
homoscedastic,4,10.0,1.0,mknn,acquisition_overlap,0.3601476014760149,0.7805023146484533
homoscedastic,4,10.0,1.0,mknn,eu_group0,0.3601476014760149,0.9272727272727272
homoscedastic,4,10.0,1.0,mknn,eu_group1,0.3601476014760149,
homoscedastic,4,10.0,1.0,mknn,eu_id,0.3601476014760149,0.9272727272727272
homoscedastic,4,10.0,1.0,mknn,eu_heldout,0.3601476014760149,0.7333333333333332
homoscedastic,4,10.0,1.0,predictivity,eu_agreement,0.48196322277602555,0.8666666666666665
homoscedastic,4,10.0,1.0,predictivity,acquisition_overlap,0.48196322277602555,0.6829395253173965
homoscedastic,4,10.0,1.0,predictivity,eu_group0,0.48196322277602555,0.8666666666666665
homoscedastic,4,10.0,1.0,predictivity,eu_group1,0.48196322277602555,
homoscedastic,4,10.0,1.0,predictivity,eu_id,0.48196322277602555,0.8666666666666665
homoscedastic,4,10.0,1.0,predictivity,eu_heldout,0.48196322277602555,0.6363636363636362
homoscedastic,4,10.0,1.0,cca_type,eu_agreement,1.0060221322660823e-08,0.7939393939393938
homoscedastic,4,10.0,1.0,cca_type,acquisition_overlap,1.0060221322660823e-08,0.6646465023178236
homoscedastic,4,10.0,1.0,cca_type,eu_group0,1.0060221322660823e-08,0.7939393939393938
homoscedastic,4,10.0,1.0,cca_type,eu_group1,1.0060221322660823e-08,
homoscedastic,4,10.0,1.0,cca_type,eu_id,1.0060221322660823e-08,0.7939393939393938
homoscedastic,4,10.0,1.0,cca_type,eu_heldout,1.0060221322660823e-08,0.5878787878787878
homoscedastic,4,10.0,1.0,smoother_001,eu_agreement,0.051481926809243794,0.7939393939393938
homoscedastic,4,10.0,1.0,smoother_001,acquisition_overlap,0.051481926809243794,0.6646465023178236
homoscedastic,4,10.0,1.0,smoother_001,eu_group0,0.051481926809243794,0.7939393939393938
homoscedastic,4,10.0,1.0,smoother_001,eu_group1,0.051481926809243794,
homoscedastic,4,10.0,1.0,smoother_001,eu_id,0.051481926809243794,0.7939393939393938
homoscedastic,4,10.0,1.0,smoother_001,eu_heldout,0.051481926809243794,0.5878787878787878
homoscedastic,4,10.0,1.0,smoother_1,eu_agreement,0.1956839267201318,0.8424242424242423
homoscedastic,4,10.0,1.0,smoother_1,acquisition_overlap,0.1956839267201318,0.743916268649307
homoscedastic,4,10.0,1.0,smoother_1,eu_group0,0.1956839267201318,0.8424242424242423
homoscedastic,4,10.0,1.0,smoother_1,eu_group1,0.1956839267201318,
homoscedastic,4,10.0,1.0,smoother_1,eu_id,0.1956839267201318,0.8424242424242423
homoscedastic,4,10.0,1.0,smoother_1,eu_heldout,0.1956839267201318,0.6242424242424242
