noise_condition,seed,prior,fraction,metric,target,metric_span,correlation
heteroscedastic,0,0.1,0.1,cka,eu_agreement,0.5396406559366,0.8060606060606059
heteroscedastic,0,0.1,0.1,cka,acquisition_overlap,0.5396406559366,0.6463534793182504
heteroscedastic,0,0.1,0.1,cka,eu_group0,0.5396406559366,0.8666666666666665
heteroscedastic,0,0.1,0.1,cka,eu_group1,0.5396406559366,0.6848484848484848
heteroscedastic,0,0.1,0.1,cka,eu_id,0.5396406559366,0.7454545454545454
heteroscedastic,0,0.1,0.1,cka,eu_heldout,0.5396406559366,0.07878787878787878
heteroscedastic,0,0.1,0.1,mknn,eu_agreement,0.35936920222634516,0.8060606060606059
heteroscedastic,0,0.1,0.1,mknn,acquisition_overlap,0.35936920222634516,0.6463534793182504
heteroscedastic,0,0.1,0.1,mknn,eu_group0,0.35936920222634516,0.8666666666666665
heteroscedastic,0,0.1,0.1,mknn,eu_group1,0.35936920222634516,0.6848484848484848
heteroscedastic,0,0.1,0.1,mknn,eu_id,0.35936920222634516,0.7454545454545454
heteroscedastic,0,0.1,0.1,mknn,eu_heldout,0.35936920222634516,0.07878787878787878
heteroscedastic,0,0.1,0.1,predictivity,eu_agreement,0.5463299137342059,0.9030303030303028
heteroscedastic,0,0.1,0.1,predictivity,acquisition_overlap,0.5463299137342059,0.6585488279846325
heteroscedastic,0,0.1,0.1,predictivity,eu_group0,0.5463299137342059,0.8303030303030302
heteroscedastic,0,0.1,0.1,predictivity,eu_group1,0.5463299137342059,0.8424242424242423
heteroscedastic,0,0.1,0.1,predictivity,eu_id,0.5463299137342059,0.8060606060606059
heteroscedastic,0,0.1,0.1,predictivity,eu_heldout,0.5463299137342059,0.33333333333333326
heteroscedastic,0,0.1,0.1,cca_type,eu_agreement,9.943829426539708e-09,0.6969696969696969
heteroscedastic,0,0.1,0.1,cca_type,acquisition_overlap,9.943829426539708e-09,0.7012325483169698
heteroscedastic,0,0.1,0.1,cca_type,eu_group0,9.943829426539708e-09,0.6848484848484848
heteroscedastic,0,0.1,0.1,cca_type,eu_group1,9.943829426539708e-09,0.5030303030303029
heteroscedastic,0,0.1,0.1,cca_type,eu_id,9.943829426539708e-09,0.6242424242424242
heteroscedastic,0,0.1,0.1,cca_type,eu_heldout,9.943829426539708e-09,-0.13939393939393938
heteroscedastic,0,0.1,0.1,smoother_001,eu_agreement,0.051455192167383035,0.6969696969696969
heteroscedastic,0,0.1,0.1,smoother_001,acquisition_overlap,0.051455192167383035,0.7012325483169698
heteroscedastic,0,0.1,0.1,smoother_001,eu_group0,0.051455192167383035,0.6848484848484848
heteroscedastic,0,0.1,0.1,smoother_001,eu_group1,0.051455192167383035,0.5030303030303029
heteroscedastic,0,0.1,0.1,smoother_001,eu_id,0.051455192167383035,0.6242424242424242
heteroscedastic,0,0.1,0.1,smoother_001,eu_heldout,0.051455192167383035,-0.13939393939393938
heteroscedastic,0,0.1,0.1,smoother_1,eu_agreement,0.19595614718308363,0.7818181818181817
heteroscedastic,0,0.1,0.1,smoother_1,acquisition_overlap,0.19595614718308363,0.6890371996505876
heteroscedastic,0,0.1,0.1,smoother_1,eu_group0,0.19595614718308363,0.7696969696969697
heteroscedastic,0,0.1,0.1,smoother_1,eu_group1,0.19595614718308363,0.6121212121212121
heteroscedastic,0,0.1,0.1,smoother_1,eu_id,0.19595614718308363,0.6848484848484848
heteroscedastic,0,0.1,0.1,smoother_1,eu_heldout,0.19595614718308363,0.04242424242424241
heteroscedastic,0,0.1,0.25,cka,eu_agreement,0.5396406559366,0.8787878787878788
heteroscedastic,0,0.1,0.25,cka,acquisition_overlap,0.5396406559366,0.7963562622208846
heteroscedastic,0,0.1,0.25,cka,eu_group0,0.5396406559366,0.8060606060606059
heteroscedastic,0,0.1,0.25,cka,eu_group1,0.5396406559366,0.8060606060606059
heteroscedastic,0,0.1,0.25,cka,eu_id,0.5396406559366,0.8181818181818182
heteroscedastic,0,0.1,0.25,cka,eu_heldout,0.5396406559366,0.09090909090909088
heteroscedastic,0,0.1,0.25,mknn,eu_agreement,0.35936920222634516,0.8787878787878788
heteroscedastic,0,0.1,0.25,mknn,acquisition_overlap,0.35936920222634516,0.7963562622208846
heteroscedastic,0,0.1,0.25,mknn,eu_group0,0.35936920222634516,0.8060606060606059
heteroscedastic,0,0.1,0.25,mknn,eu_group1,0.35936920222634516,0.8060606060606059
heteroscedastic,0,0.1,0.25,mknn,eu_id,0.35936920222634516,0.8181818181818182
heteroscedastic,0,0.1,0.25,mknn,eu_heldout,0.35936920222634516,0.09090909090909088
heteroscedastic,0,0.1,0.25,predictivity,eu_agreement,0.5463299137342059,0.9393939393939393
heteroscedastic,0,0.1,0.25,predictivity,acquisition_overlap,0.5463299137342059,0.8997002046464955
heteroscedastic,0,0.1,0.25,predictivity,eu_group0,0.5463299137342059,0.7696969696969697
heteroscedastic,0,0.1,0.25,predictivity,eu_group1,0.5463299137342059,0.9272727272727272
heteroscedastic,0,0.1,0.25,predictivity,eu_id,0.5463299137342059,0.8666666666666665
heteroscedastic,0,0.1,0.25,predictivity,eu_heldout,0.5463299137342059,0.34545454545454546
heteroscedastic,0,0.1,0.25,cca_type,eu_agreement,9.943829426539708e-09,0.7818181818181817
heteroscedastic,0,0.1,0.25,cca_type,acquisition_overlap,9.943829426539708e-09,0.7234075969792769
heteroscedastic,0,0.1,0.25,cca_type,eu_group0,9.943829426539708e-09,0.7333333333333332
heteroscedastic,0,0.1,0.25,cca_type,eu_group1,9.943829426539708e-09,0.6242424242424242
heteroscedastic,0,0.1,0.25,cca_type,eu_id,9.943829426539708e-09,0.7212121212121211
heteroscedastic,0,0.1,0.25,cca_type,eu_heldout,9.943829426539708e-09,-0.1515151515151515
heteroscedastic,0,0.1,0.25,smoother_001,eu_agreement,0.051455192167383035,0.7818181818181817
heteroscedastic,0,0.1,0.25,smoother_001,acquisition_overlap,0.051455192167383035,0.7234075969792769
heteroscedastic,0,0.1,0.25,smoother_001,eu_group0,0.051455192167383035,0.7333333333333332
heteroscedastic,0,0.1,0.25,smoother_001,eu_group1,0.051455192167383035,0.6242424242424242
heteroscedastic,0,0.1,0.25,smoother_001,eu_id,0.051455192167383035,0.7212121212121211
heteroscedastic,0,0.1,0.25,smoother_001,eu_heldout,0.051455192167383035,-0.1515151515151515
heteroscedastic,0,0.1,0.25,smoother_1,eu_agreement,0.19595614718308363,0.8545454545454544
heteroscedastic,0,0.1,0.25,smoother_1,acquisition_overlap,0.19595614718308363,0.7659609850368815
heteroscedastic,0,0.1,0.25,smoother_1,eu_group0,0.19595614718308363,0.8303030303030302
heteroscedastic,0,0.1,0.25,smoother_1,eu_group1,0.19595614718308363,0.7575757575757575
heteroscedastic,0,0.1,0.25,smoother_1,eu_id,0.19595614718308363,0.7818181818181817
heteroscedastic,0,0.1,0.25,smoother_1,eu_heldout,0.19595614718308363,0.06666666666666665
heteroscedastic,0,0.1,1.0,cka,eu_agreement,0.5396406559366,0.8909090909090909
heteroscedastic,0,0.1,1.0,cka,acquisition_overlap,0.5396406559366,0.8267515394048879
heteroscedastic,0,0.1,1.0,cka,eu_group0,0.5396406559366,0.7818181818181817
heteroscedastic,0,0.1,1.0,cka,eu_group1,0.5396406559366,0.9272727272727272
heteroscedastic,0,0.1,1.0,cka,eu_id,0.5396406559366,0.8545454545454544
heteroscedastic,0,0.1,1.0,cka,eu_heldout,0.5396406559366,0.04242424242424241
heteroscedastic,0,0.1,1.0,mknn,eu_agreement,0.35936920222634516,0.8909090909090909
heteroscedastic,0,0.1,1.0,mknn,acquisition_overlap,0.35936920222634516,0.8267515394048879
heteroscedastic,0,0.1,1.0,mknn,eu_group0,0.35936920222634516,0.7818181818181817
heteroscedastic,0,0.1,1.0,mknn,eu_group1,0.35936920222634516,0.9272727272727272
heteroscedastic,0,0.1,1.0,mknn,eu_id,0.35936920222634516,0.8545454545454544
heteroscedastic,0,0.1,1.0,mknn,eu_heldout,0.35936920222634516,0.04242424242424241
heteroscedastic,0,0.1,1.0,predictivity,eu_agreement,0.5463299137342059,0.9515151515151514
heteroscedastic,0,0.1,1.0,predictivity,acquisition_overlap,0.5463299137342059,0.9118583155200968
heteroscedastic,0,0.1,1.0,predictivity,eu_group0,0.5463299137342059,0.7575757575757575
heteroscedastic,0,0.1,1.0,predictivity,eu_group1,0.5463299137342059,0.9272727272727272
heteroscedastic,0,0.1,1.0,predictivity,eu_id,0.5463299137342059,0.8545454545454544
heteroscedastic,0,0.1,1.0,predictivity,eu_heldout,0.5463299137342059,0.29696969696969694
heteroscedastic,0,0.1,1.0,cca_type,eu_agreement,9.943829426539708e-09,0.8060606060606059
heteroscedastic,0,0.1,1.0,cca_type,acquisition_overlap,9.943829426539708e-09,0.7538028741632801
heteroscedastic,0,0.1,1.0,cca_type,eu_group0,9.943829426539708e-09,0.709090909090909
heteroscedastic,0,0.1,1.0,cca_type,eu_group1,9.943829426539708e-09,0.7939393939393938
heteroscedastic,0,0.1,1.0,cca_type,eu_id,9.943829426539708e-09,0.7575757575757575
heteroscedastic,0,0.1,1.0,cca_type,eu_heldout,9.943829426539708e-09,-0.16363636363636364
heteroscedastic,0,0.1,1.0,smoother_001,eu_agreement,0.051455192167383035,0.8060606060606059
heteroscedastic,0,0.1,1.0,smoother_001,acquisition_overlap,0.051455192167383035,0.7538028741632801
heteroscedastic,0,0.1,1.0,smoother_001,eu_group0,0.051455192167383035,0.709090909090909
heteroscedastic,0,0.1,1.0,smoother_001,eu_group1,0.051455192167383035,0.7939393939393938
heteroscedastic,0,0.1,1.0,smoother_001,eu_id,0.051455192167383035,0.7575757575757575
heteroscedastic,0,0.1,1.0,smoother_001,eu_heldout,0.051455192167383035,-0.16363636363636364
heteroscedastic,0,0.1,1.0,smoother_1,eu_agreement,0.19595614718308363,0.8666666666666665
heteroscedastic,0,0.1,1.0,smoother_1,acquisition_overlap,0.19595614718308363,0.7841981513472833
heteroscedastic,0,0.1,1.0,smoother_1,eu_group0,0.19595614718308363,0.8181818181818182
heteroscedastic,0,0.1,1.0,smoother_1,eu_group1,0.19595614718308363,0.8545454545454544
heteroscedastic,0,0.1,1.0,smoother_1,eu_id,0.19595614718308363,0.8060606060606059
heteroscedastic,0,0.1,1.0,smoother_1,eu_heldout,0.19595614718308363,0.04242424242424241
heteroscedastic,0,1.0,0.1,cka,eu_agreement,0.5396406559366,0.8545454545454544
heteroscedastic,0,1.0,0.1,cka,acquisition_overlap,0.5396406559366,0.7217429126939475
heteroscedastic,0,1.0,0.1,cka,eu_group0,0.5396406559366,0.8909090909090909
heteroscedastic,0,1.0,0.1,cka,eu_group1,0.5396406559366,0.9272727272727272
heteroscedastic,0,1.0,0.1,cka,eu_id,0.5396406559366,0.8545454545454544
heteroscedastic,0,1.0,0.1,cka,eu_heldout,0.5396406559366,0.01818181818181818
heteroscedastic,0,1.0,0.1,mknn,eu_agreement,0.35936920222634516,0.8545454545454544
heteroscedastic,0,1.0,0.1,mknn,acquisition_overlap,0.35936920222634516,0.7217429126939475
heteroscedastic,0,1.0,0.1,mknn,eu_group0,0.35936920222634516,0.8909090909090909
heteroscedastic,0,1.0,0.1,mknn,eu_group1,0.35936920222634516,0.9272727272727272
heteroscedastic,0,1.0,0.1,mknn,eu_id,0.35936920222634516,0.8545454545454544
heteroscedastic,0,1.0,0.1,mknn,eu_heldout,0.35936920222634516,0.01818181818181818
heteroscedastic,0,1.0,0.1,predictivity,eu_agreement,0.5463299137342059,0.8545454545454544
heteroscedastic,0,1.0,0.1,predictivity,acquisition_overlap,0.5463299137342059,0.7890240316738918
heteroscedastic,0,1.0,0.1,predictivity,eu_group0,0.5463299137342059,0.8666666666666665
heteroscedastic,0,1.0,0.1,predictivity,eu_group1,0.5463299137342059,0.9272727272727272
heteroscedastic,0,1.0,0.1,predictivity,eu_id,0.5463299137342059,0.8545454545454544
heteroscedastic,0,1.0,0.1,predictivity,eu_heldout,0.5463299137342059,0.309090909090909
heteroscedastic,0,1.0,0.1,cca_type,eu_agreement,9.943829426539708e-09,0.7575757575757575
heteroscedastic,0,1.0,0.1,cca_type,acquisition_overlap,9.943829426539708e-09,0.6850441205230687
heteroscedastic,0,1.0,0.1,cca_type,eu_group0,9.943829426539708e-09,0.7575757575757575
heteroscedastic,0,1.0,0.1,cca_type,eu_group1,9.943829426539708e-09,0.7939393939393938
heteroscedastic,0,1.0,0.1,cca_type,eu_id,9.943829426539708e-09,0.7575757575757575
heteroscedastic,0,1.0,0.1,cca_type,eu_heldout,9.943829426539708e-09,-0.16363636363636364
heteroscedastic,0,1.0,0.1,smoother_001,eu_agreement,0.051455192167383035,0.7575757575757575
heteroscedastic,0,1.0,0.1,smoother_001,acquisition_overlap,0.051455192167383035,0.6850441205230687
heteroscedastic,0,1.0,0.1,smoother_001,eu_group0,0.051455192167383035,0.7575757575757575
heteroscedastic,0,1.0,0.1,smoother_001,eu_group1,0.051455192167383035,0.7939393939393938
heteroscedastic,0,1.0,0.1,smoother_001,eu_id,0.051455192167383035,0.7575757575757575
heteroscedastic,0,1.0,0.1,smoother_001,eu_heldout,0.051455192167383035,-0.16363636363636364
heteroscedastic,0,1.0,0.1,smoother_1,eu_agreement,0.19595614718308363,0.8060606060606059
heteroscedastic,0,1.0,0.1,smoother_1,acquisition_overlap,0.19595614718308363,0.7278593780557606
heteroscedastic,0,1.0,0.1,smoother_1,eu_group0,0.19595614718308363,0.8545454545454544
heteroscedastic,0,1.0,0.1,smoother_1,eu_group1,0.19595614718308363,0.8545454545454544
heteroscedastic,0,1.0,0.1,smoother_1,eu_id,0.19595614718308363,0.8060606060606059
heteroscedastic,0,1.0,0.1,smoother_1,eu_heldout,0.19595614718308363,0.01818181818181818
heteroscedastic,0,1.0,0.25,cka,eu_agreement,0.5396406559366,0.9272727272727272
heteroscedastic,0,1.0,0.25,cka,acquisition_overlap,0.5396406559366,0.8658697553131279
heteroscedastic,0,1.0,0.25,cka,eu_group0,0.5396406559366,0.7696969696969697
heteroscedastic,0,1.0,0.25,cka,eu_group1,0.5396406559366,0.9757575757575757
heteroscedastic,0,1.0,0.25,cka,eu_id,0.5396406559366,0.8909090909090909
heteroscedastic,0,1.0,0.25,cka,eu_heldout,0.5396406559366,0.10303030303030303
heteroscedastic,0,1.0,0.25,mknn,eu_agreement,0.35936920222634516,0.9272727272727272
heteroscedastic,0,1.0,0.25,mknn,acquisition_overlap,0.35936920222634516,0.8658697553131279
heteroscedastic,0,1.0,0.25,mknn,eu_group0,0.35936920222634516,0.7696969696969697
heteroscedastic,0,1.0,0.25,mknn,eu_group1,0.35936920222634516,0.9757575757575757
heteroscedastic,0,1.0,0.25,mknn,eu_id,0.35936920222634516,0.8909090909090909
heteroscedastic,0,1.0,0.25,mknn,eu_heldout,0.35936920222634516,0.10303030303030303
heteroscedastic,0,1.0,0.25,predictivity,eu_agreement,0.5463299137342059,0.8909090909090909
heteroscedastic,0,1.0,0.25,predictivity,acquisition_overlap,0.5463299137342059,0.9268464986450384
heteroscedastic,0,1.0,0.25,predictivity,eu_group0,0.5463299137342059,0.6848484848484848
heteroscedastic,0,1.0,0.25,predictivity,eu_group1,0.5463299137342059,0.9636363636363635
heteroscedastic,0,1.0,0.25,predictivity,eu_id,0.5463299137342059,0.8666666666666665
heteroscedastic,0,1.0,0.25,predictivity,eu_heldout,0.5463299137342059,0.38181818181818183
heteroscedastic,0,1.0,0.25,cca_type,eu_agreement,9.943829426539708e-09,0.8060606060606059
heteroscedastic,0,1.0,0.25,cca_type,acquisition_overlap,9.943829426539708e-09,0.7500139429824981
heteroscedastic,0,1.0,0.25,cca_type,eu_group0,9.943829426539708e-09,0.7333333333333332
heteroscedastic,0,1.0,0.25,cca_type,eu_group1,9.943829426539708e-09,0.8303030303030302
heteroscedastic,0,1.0,0.25,cca_type,eu_id,9.943829426539708e-09,0.7575757575757575
heteroscedastic,0,1.0,0.25,cca_type,eu_heldout,9.943829426539708e-09,-0.12727272727272726
heteroscedastic,0,1.0,0.25,smoother_001,eu_agreement,0.051455192167383035,0.8060606060606059
heteroscedastic,0,1.0,0.25,smoother_001,acquisition_overlap,0.051455192167383035,0.7500139429824981
heteroscedastic,0,1.0,0.25,smoother_001,eu_group0,0.051455192167383035,0.7333333333333332
heteroscedastic,0,1.0,0.25,smoother_001,eu_group1,0.051455192167383035,0.8303030303030302
heteroscedastic,0,1.0,0.25,smoother_001,eu_id,0.051455192167383035,0.7575757575757575
heteroscedastic,0,1.0,0.25,smoother_001,eu_heldout,0.051455192167383035,-0.12727272727272726
heteroscedastic,0,1.0,0.25,smoother_1,eu_agreement,0.19595614718308363,0.8787878787878788
heteroscedastic,0,1.0,0.25,smoother_1,acquisition_overlap,0.19595614718308363,0.8353813836471727
heteroscedastic,0,1.0,0.25,smoother_1,eu_group0,0.19595614718308363,0.8181818181818182
heteroscedastic,0,1.0,0.25,smoother_1,eu_group1,0.19595614718308363,0.9272727272727272
heteroscedastic,0,1.0,0.25,smoother_1,eu_id,0.19595614718308363,0.8303030303030302
heteroscedastic,0,1.0,0.25,smoother_1,eu_heldout,0.19595614718308363,0.07878787878787878
heteroscedastic,0,1.0,1.0,cka,eu_agreement,0.5396406559366,0.9030303030303028
heteroscedastic,0,1.0,1.0,cka,acquisition_overlap,0.5396406559366,0.8501886852920228
heteroscedastic,0,1.0,1.0,cka,eu_group0,0.5396406559366,0.7212121212121211
heteroscedastic,0,1.0,1.0,cka,eu_group1,0.5396406559366,0.9757575757575757
heteroscedastic,0,1.0,1.0,cka,eu_id,0.5396406559366,0.8787878787878788
heteroscedastic,0,1.0,1.0,cka,eu_heldout,0.5396406559366,0.05454545454545454
heteroscedastic,0,1.0,1.0,mknn,eu_agreement,0.35936920222634516,0.9030303030303028
heteroscedastic,0,1.0,1.0,mknn,acquisition_overlap,0.35936920222634516,0.8501886852920228
heteroscedastic,0,1.0,1.0,mknn,eu_group0,0.35936920222634516,0.7212121212121211
heteroscedastic,0,1.0,1.0,mknn,eu_group1,0.35936920222634516,0.9757575757575757
heteroscedastic,0,1.0,1.0,mknn,eu_id,0.35936920222634516,0.8787878787878788
heteroscedastic,0,1.0,1.0,mknn,eu_heldout,0.35936920222634516,0.05454545454545454
heteroscedastic,0,1.0,1.0,predictivity,eu_agreement,0.5463299137342059,0.8787878787878788
heteroscedastic,0,1.0,1.0,predictivity,acquisition_overlap,0.5463299137342059,0.9541685964428458
heteroscedastic,0,1.0,1.0,predictivity,eu_group0,0.5463299137342059,0.6606060606060605
heteroscedastic,0,1.0,1.0,predictivity,eu_group1,0.5463299137342059,0.9636363636363635
heteroscedastic,0,1.0,1.0,predictivity,eu_id,0.5463299137342059,0.8666666666666665
heteroscedastic,0,1.0,1.0,predictivity,eu_heldout,0.5463299137342059,0.33333333333333326
heteroscedastic,0,1.0,1.0,cca_type,eu_agreement,9.943829426539708e-09,0.7818181818181817
heteroscedastic,0,1.0,1.0,cca_type,acquisition_overlap,9.943829426539708e-09,0.64834532835219
heteroscedastic,0,1.0,1.0,cca_type,eu_group0,9.943829426539708e-09,0.6848484848484848
heteroscedastic,0,1.0,1.0,cca_type,eu_group1,9.943829426539708e-09,0.8303030303030302
heteroscedastic,0,1.0,1.0,cca_type,eu_id,9.943829426539708e-09,0.7575757575757575
heteroscedastic,0,1.0,1.0,cca_type,eu_heldout,9.943829426539708e-09,-0.13939393939393938
heteroscedastic,0,1.0,1.0,smoother_001,eu_agreement,0.051455192167383035,0.7818181818181817
heteroscedastic,0,1.0,1.0,smoother_001,acquisition_overlap,0.051455192167383035,0.64834532835219
heteroscedastic,0,1.0,1.0,smoother_001,eu_group0,0.051455192167383035,0.6848484848484848
heteroscedastic,0,1.0,1.0,smoother_001,eu_group1,0.051455192167383035,0.8303030303030302
heteroscedastic,0,1.0,1.0,smoother_001,eu_id,0.051455192167383035,0.7575757575757575
heteroscedastic,0,1.0,1.0,smoother_001,eu_heldout,0.051455192167383035,-0.13939393939393938
heteroscedastic,0,1.0,1.0,smoother_1,eu_agreement,0.19595614718308363,0.8424242424242423
heteroscedastic,0,1.0,1.0,smoother_1,acquisition_overlap,0.19595614718308363,0.7890240316738918
heteroscedastic,0,1.0,1.0,smoother_1,eu_group0,0.19595614718308363,0.7939393939393938
heteroscedastic,0,1.0,1.0,smoother_1,eu_group1,0.19595614718308363,0.9272727272727272
heteroscedastic,0,1.0,1.0,smoother_1,eu_id,0.19595614718308363,0.8303030303030302
heteroscedastic,0,1.0,1.0,smoother_1,eu_heldout,0.19595614718308363,0.05454545454545454
heteroscedastic,0,10.0,0.1,cka,eu_agreement,0.5396406559366,0.9272727272727272
heteroscedastic,0,10.0,0.1,cka,acquisition_overlap,0.5396406559366,0.8160123484559988
heteroscedastic,0,10.0,0.1,cka,eu_group0,0.5396406559366,0.8666666666666665
heteroscedastic,0,10.0,0.1,cka,eu_group1,0.5396406559366,0.9878787878787878
heteroscedastic,0,10.0,0.1,cka,eu_id,0.5396406559366,0.8909090909090909
heteroscedastic,0,10.0,0.1,cka,eu_heldout,0.5396406559366,0.04242424242424241
heteroscedastic,0,10.0,0.1,mknn,eu_agreement,0.35936920222634516,0.9272727272727272
heteroscedastic,0,10.0,0.1,mknn,acquisition_overlap,0.35936920222634516,0.8160123484559988
heteroscedastic,0,10.0,0.1,mknn,eu_group0,0.35936920222634516,0.8666666666666665
heteroscedastic,0,10.0,0.1,mknn,eu_group1,0.35936920222634516,0.9878787878787878
heteroscedastic,0,10.0,0.1,mknn,eu_id,0.35936920222634516,0.8909090909090909
heteroscedastic,0,10.0,0.1,mknn,eu_heldout,0.35936920222634516,0.04242424242424241
heteroscedastic,0,10.0,0.1,predictivity,eu_agreement,0.5463299137342059,0.8909090909090909
heteroscedastic,0,10.0,0.1,predictivity,acquisition_overlap,0.5463299137342059,0.8896375227527807
heteroscedastic,0,10.0,0.1,predictivity,eu_group0,0.5463299137342059,0.8303030303030302
heteroscedastic,0,10.0,0.1,predictivity,eu_group1,0.5463299137342059,0.9515151515151514
heteroscedastic,0,10.0,0.1,predictivity,eu_id,0.5463299137342059,0.8666666666666665
heteroscedastic,0,10.0,0.1,predictivity,eu_heldout,0.5463299137342059,0.309090909090909
heteroscedastic,0,10.0,0.1,cca_type,eu_agreement,9.943829426539708e-09,0.8060606060606059
heteroscedastic,0,10.0,0.1,cca_type,acquisition_overlap,9.943829426539708e-09,0.754658036542014
heteroscedastic,0,10.0,0.1,cca_type,eu_group0,9.943829426539708e-09,0.7696969696969697
heteroscedastic,0,10.0,0.1,cca_type,eu_group1,9.943829426539708e-09,0.8909090909090909
heteroscedastic,0,10.0,0.1,cca_type,eu_id,9.943829426539708e-09,0.7575757575757575
heteroscedastic,0,10.0,0.1,cca_type,eu_heldout,9.943829426539708e-09,-0.10303030303030303
heteroscedastic,0,10.0,0.1,smoother_001,eu_agreement,0.051455192167383035,0.8060606060606059
heteroscedastic,0,10.0,0.1,smoother_001,acquisition_overlap,0.051455192167383035,0.754658036542014
heteroscedastic,0,10.0,0.1,smoother_001,eu_group0,0.051455192167383035,0.7696969696969697
heteroscedastic,0,10.0,0.1,smoother_001,eu_group1,0.051455192167383035,0.8909090909090909
heteroscedastic,0,10.0,0.1,smoother_001,eu_id,0.051455192167383035,0.7575757575757575
heteroscedastic,0,10.0,0.1,smoother_001,eu_heldout,0.051455192167383035,-0.10303030303030303
heteroscedastic,0,10.0,0.1,smoother_1,eu_agreement,0.19595614718308363,0.8787878787878788
heteroscedastic,0,10.0,0.1,smoother_1,acquisition_overlap,0.19595614718308363,0.8528249356043897
heteroscedastic,0,10.0,0.1,smoother_1,eu_group0,0.19595614718308363,0.8666666666666665
heteroscedastic,0,10.0,0.1,smoother_1,eu_group1,0.19595614718308363,0.9636363636363635
heteroscedastic,0,10.0,0.1,smoother_1,eu_id,0.19595614718308363,0.8303030303030302
heteroscedastic,0,10.0,0.1,smoother_1,eu_heldout,0.19595614718308363,0.07878787878787878
heteroscedastic,0,10.0,0.25,cka,eu_agreement,0.5396406559366,0.9272727272727272
heteroscedastic,0,10.0,0.25,cka,acquisition_overlap,0.5396406559366,0.8475767323135548
heteroscedastic,0,10.0,0.25,cka,eu_group0,0.5396406559366,0.7696969696969697
heteroscedastic,0,10.0,0.25,cka,eu_group1,0.5396406559366,0.9878787878787878
heteroscedastic,0,10.0,0.25,cka,eu_id,0.5396406559366,0.8909090909090909
heteroscedastic,0,10.0,0.25,cka,eu_heldout,0.5396406559366,0.19999999999999998
heteroscedastic,0,10.0,0.25,mknn,eu_agreement,0.35936920222634516,0.9272727272727272
heteroscedastic,0,10.0,0.25,mknn,acquisition_overlap,0.35936920222634516,0.8475767323135548
heteroscedastic,0,10.0,0.25,mknn,eu_group0,0.35936920222634516,0.7696969696969697
heteroscedastic,0,10.0,0.25,mknn,eu_group1,0.35936920222634516,0.9878787878787878
heteroscedastic,0,10.0,0.25,mknn,eu_id,0.35936920222634516,0.8909090909090909
heteroscedastic,0,10.0,0.25,mknn,eu_heldout,0.35936920222634516,0.19999999999999998
heteroscedastic,0,10.0,0.25,predictivity,eu_agreement,0.5463299137342059,0.8909090909090909
heteroscedastic,0,10.0,0.25,predictivity,acquisition_overlap,0.5463299137342059,0.9512371959778025
heteroscedastic,0,10.0,0.25,predictivity,eu_group0,0.5463299137342059,0.6848484848484848
heteroscedastic,0,10.0,0.25,predictivity,eu_group1,0.5463299137342059,0.9515151515151514
heteroscedastic,0,10.0,0.25,predictivity,eu_id,0.5463299137342059,0.8666666666666665
heteroscedastic,0,10.0,0.25,predictivity,eu_heldout,0.5463299137342059,0.4787878787878787
heteroscedastic,0,10.0,0.25,cca_type,eu_agreement,9.943829426539708e-09,0.8060606060606059
heteroscedastic,0,10.0,0.25,cca_type,acquisition_overlap,9.943829426539708e-09,0.731720919982925
heteroscedastic,0,10.0,0.25,cca_type,eu_group0,9.943829426539708e-09,0.7333333333333332
heteroscedastic,0,10.0,0.25,cca_type,eu_group1,9.943829426539708e-09,0.8909090909090909
heteroscedastic,0,10.0,0.25,cca_type,eu_id,9.943829426539708e-09,0.7575757575757575
heteroscedastic,0,10.0,0.25,cca_type,eu_heldout,9.943829426539708e-09,-0.04242424242424241
heteroscedastic,0,10.0,0.25,smoother_001,eu_agreement,0.051455192167383035,0.8060606060606059
heteroscedastic,0,10.0,0.25,smoother_001,acquisition_overlap,0.051455192167383035,0.731720919982925
heteroscedastic,0,10.0,0.25,smoother_001,eu_group0,0.051455192167383035,0.7333333333333332
heteroscedastic,0,10.0,0.25,smoother_001,eu_group1,0.051455192167383035,0.8909090909090909
heteroscedastic,0,10.0,0.25,smoother_001,eu_id,0.051455192167383035,0.7575757575757575
heteroscedastic,0,10.0,0.25,smoother_001,eu_heldout,0.051455192167383035,-0.04242424242424241
heteroscedastic,0,10.0,0.25,smoother_1,eu_agreement,0.19595614718308363,0.8787878787878788
heteroscedastic,0,10.0,0.25,smoother_1,acquisition_overlap,0.19595614718308363,0.7926976633148354
heteroscedastic,0,10.0,0.25,smoother_1,eu_group0,0.19595614718308363,0.8181818181818182
heteroscedastic,0,10.0,0.25,smoother_1,eu_group1,0.19595614718308363,0.9636363636363635
heteroscedastic,0,10.0,0.25,smoother_1,eu_id,0.19595614718308363,0.8303030303030302
heteroscedastic,0,10.0,0.25,smoother_1,eu_heldout,0.19595614718308363,0.17575757575757575
heteroscedastic,0,10.0,1.0,cka,eu_agreement,0.5396406559366,0.8787878787878788
heteroscedastic,0,10.0,1.0,cka,acquisition_overlap,0.5396406559366,0.8616404368553291
heteroscedastic,0,10.0,1.0,cka,eu_group0,0.5396406559366,0.7212121212121211
heteroscedastic,0,10.0,1.0,cka,eu_group1,0.5396406559366,0.9757575757575757
heteroscedastic,0,10.0,1.0,cka,eu_id,0.5396406559366,0.8181818181818182
heteroscedastic,0,10.0,1.0,cka,eu_heldout,0.5396406559366,0.05454545454545454
heteroscedastic,0,10.0,1.0,mknn,eu_agreement,0.35936920222634516,0.8787878787878788
heteroscedastic,0,10.0,1.0,mknn,acquisition_overlap,0.35936920222634516,0.8616404368553291
heteroscedastic,0,10.0,1.0,mknn,eu_group0,0.35936920222634516,0.7212121212121211
heteroscedastic,0,10.0,1.0,mknn,eu_group1,0.35936920222634516,0.9757575757575757
heteroscedastic,0,10.0,1.0,mknn,eu_id,0.35936920222634516,0.8181818181818182
heteroscedastic,0,10.0,1.0,mknn,eu_heldout,0.35936920222634516,0.05454545454545454
heteroscedastic,0,10.0,1.0,predictivity,eu_agreement,0.5463299137342059,0.8303030303030302
heteroscedastic,0,10.0,1.0,predictivity,acquisition_overlap,0.5463299137342059,0.9662682041877618
heteroscedastic,0,10.0,1.0,predictivity,eu_group0,0.5463299137342059,0.6121212121212121
heteroscedastic,0,10.0,1.0,predictivity,eu_group1,0.5463299137342059,0.9151515151515152
heteroscedastic,0,10.0,1.0,predictivity,eu_id,0.5463299137342059,0.7939393939393938
heteroscedastic,0,10.0,1.0,predictivity,eu_heldout,0.5463299137342059,0.33333333333333326
heteroscedastic,0,10.0,1.0,cca_type,eu_agreement,9.943829426539708e-09,0.7333333333333332
heteroscedastic,0,10.0,1.0,cca_type,acquisition_overlap,9.943829426539708e-09,0.7200852222290964
heteroscedastic,0,10.0,1.0,cca_type,eu_group0,9.943829426539708e-09,0.6363636363636362
heteroscedastic,0,10.0,1.0,cca_type,eu_group1,9.943829426539708e-09,0.8666666666666665
heteroscedastic,0,10.0,1.0,cca_type,eu_id,9.943829426539708e-09,0.6606060606060605
heteroscedastic,0,10.0,1.0,cca_type,eu_heldout,9.943829426539708e-09,-0.13939393939393938
heteroscedastic,0,10.0,1.0,smoother_001,eu_agreement,0.051455192167383035,0.7333333333333332
heteroscedastic,0,10.0,1.0,smoother_001,acquisition_overlap,0.051455192167383035,0.7200852222290964
heteroscedastic,0,10.0,1.0,smoother_001,eu_group0,0.051455192167383035,0.6363636363636362
heteroscedastic,0,10.0,1.0,smoother_001,eu_group1,0.051455192167383035,0.8666666666666665
heteroscedastic,0,10.0,1.0,smoother_001,eu_id,0.051455192167383035,0.6606060606060605
heteroscedastic,0,10.0,1.0,smoother_001,eu_heldout,0.051455192167383035,-0.13939393939393938
heteroscedastic,0,10.0,1.0,smoother_1,eu_agreement,0.19595614718308363,0.8181818181818182
heteroscedastic,0,10.0,1.0,smoother_1,acquisition_overlap,0.19595614718308363,0.8431767132084292
heteroscedastic,0,10.0,1.0,smoother_1,eu_group0,0.19595614718308363,0.7696969696969697
heteroscedastic,0,10.0,1.0,smoother_1,eu_group1,0.19595614718308363,0.9515151515151514
heteroscedastic,0,10.0,1.0,smoother_1,eu_id,0.19595614718308363,0.7818181818181817
heteroscedastic,0,10.0,1.0,smoother_1,eu_heldout,0.19595614718308363,0.05454545454545454
heteroscedastic,1,0.1,0.1,cka,eu_agreement,0.5611522558352449,0.8303030303030302
heteroscedastic,1,0.1,0.1,cka,acquisition_overlap,0.5611522558352449,0.6443798763008685
heteroscedastic,1,0.1,0.1,cka,eu_group0,0.5611522558352449,0.8060606060606059
heteroscedastic,1,0.1,0.1,cka,eu_group1,0.5611522558352449,0.7575757575757575
heteroscedastic,1,0.1,0.1,cka,eu_id,0.5611522558352449,0.8545454545454544
heteroscedastic,1,0.1,0.1,cka,eu_heldout,0.5611522558352449,0.07878787878787878
heteroscedastic,1,0.1,0.1,mknn,eu_agreement,0.3512059369202226,0.8545454545454544
heteroscedastic,1,0.1,0.1,mknn,acquisition_overlap,0.3512059369202226,0.6747751534848716
heteroscedastic,1,0.1,0.1,mknn,eu_group0,0.3512059369202226,0.8545454545454544
heteroscedastic,1,0.1,0.1,mknn,eu_group1,0.3512059369202226,0.7333333333333332
heteroscedastic,1,0.1,0.1,mknn,eu_id,0.3512059369202226,0.8666666666666665
heteroscedastic,1,0.1,0.1,mknn,eu_heldout,0.3512059369202226,0.06666666666666665
heteroscedastic,1,0.1,0.1,predictivity,eu_agreement,0.5066734261624967,0.9272727272727272
heteroscedastic,1,0.1,0.1,predictivity,acquisition_overlap,0.5066734261624967,0.6747751534848716
heteroscedastic,1,0.1,0.1,predictivity,eu_group0,0.5066734261624967,0.709090909090909
heteroscedastic,1,0.1,0.1,predictivity,eu_group1,0.5066734261624967,0.9030303030303028
heteroscedastic,1,0.1,0.1,predictivity,eu_id,0.5066734261624967,0.8909090909090909
heteroscedastic,1,0.1,0.1,predictivity,eu_heldout,0.5066734261624967,0.309090909090909
heteroscedastic,1,0.1,0.1,cca_type,eu_agreement,1.0938374206403978e-08,0.6969696969696969
heteroscedastic,1,0.1,0.1,cca_type,acquisition_overlap,1.0938374206403978e-08,0.7538028741632801
heteroscedastic,1,0.1,0.1,cca_type,eu_group0,1.0938374206403978e-08,0.6121212121212121
heteroscedastic,1,0.1,0.1,cca_type,eu_group1,1.0938374206403978e-08,0.6
heteroscedastic,1,0.1,0.1,cca_type,eu_id,1.0938374206403978e-08,0.7696969696969697
heteroscedastic,1,0.1,0.1,cca_type,eu_heldout,1.0938374206403978e-08,-0.1515151515151515
heteroscedastic,1,0.1,0.1,smoother_001,eu_agreement,0.052419887356194295,0.6969696969696969
heteroscedastic,1,0.1,0.1,smoother_001,acquisition_overlap,0.052419887356194295,0.7538028741632801
heteroscedastic,1,0.1,0.1,smoother_001,eu_group0,0.052419887356194295,0.6121212121212121
heteroscedastic,1,0.1,0.1,smoother_001,eu_group1,0.052419887356194295,0.6
heteroscedastic,1,0.1,0.1,smoother_001,eu_id,0.052419887356194295,0.7696969696969697
heteroscedastic,1,0.1,0.1,smoother_001,eu_heldout,0.052419887356194295,-0.1515151515151515
heteroscedastic,1,0.1,0.1,smoother_1,eu_agreement,0.1941922384089415,0.8060606060606059
heteroscedastic,1,0.1,0.1,smoother_1,acquisition_overlap,0.1941922384089415,0.7477238187264795
heteroscedastic,1,0.1,0.1,smoother_1,eu_group0,0.1941922384089415,0.7454545454545454
heteroscedastic,1,0.1,0.1,smoother_1,eu_group1,0.1941922384089415,0.7212121212121211
heteroscedastic,1,0.1,0.1,smoother_1,eu_id,0.1941922384089415,0.8303030303030302
heteroscedastic,1,0.1,0.1,smoother_1,eu_heldout,0.1941922384089415,0.06666666666666665
heteroscedastic,1,0.1,0.25,cka,eu_agreement,0.5611522558352449,0.8787878787878788
heteroscedastic,1,0.1,0.25,cka,acquisition_overlap,0.5611522558352449,0.7818181818181817
heteroscedastic,1,0.1,0.25,cka,eu_group0,0.5611522558352449,0.8787878787878788
heteroscedastic,1,0.1,0.25,cka,eu_group1,0.5611522558352449,0.8545454545454544
heteroscedastic,1,0.1,0.25,cka,eu_id,0.5611522558352449,0.8545454545454544
heteroscedastic,1,0.1,0.25,cka,eu_heldout,0.5611522558352449,0.04242424242424241
heteroscedastic,1,0.1,0.25,mknn,eu_agreement,0.3512059369202226,0.8909090909090909
heteroscedastic,1,0.1,0.25,mknn,acquisition_overlap,0.3512059369202226,0.7575757575757575
heteroscedastic,1,0.1,0.25,mknn,eu_group0,0.3512059369202226,0.9151515151515152
heteroscedastic,1,0.1,0.25,mknn,eu_group1,0.3512059369202226,0.8303030303030302
heteroscedastic,1,0.1,0.25,mknn,eu_id,0.3512059369202226,0.8666666666666665
heteroscedastic,1,0.1,0.25,mknn,eu_heldout,0.3512059369202226,0.0303030303030303
heteroscedastic,1,0.1,0.25,predictivity,eu_agreement,0.5066734261624967,0.9393939393939393
heteroscedastic,1,0.1,0.25,predictivity,acquisition_overlap,0.5066734261624967,0.9272727272727272
heteroscedastic,1,0.1,0.25,predictivity,eu_group0,0.5066734261624967,0.8181818181818182
heteroscedastic,1,0.1,0.25,predictivity,eu_group1,0.5066734261624967,0.9393939393939393
heteroscedastic,1,0.1,0.25,predictivity,eu_id,0.5066734261624967,0.8909090909090909
heteroscedastic,1,0.1,0.25,predictivity,eu_heldout,0.5066734261624967,0.28484848484848485
heteroscedastic,1,0.1,0.25,cca_type,eu_agreement,1.0938374206403978e-08,0.7818181818181817
heteroscedastic,1,0.1,0.25,cca_type,acquisition_overlap,1.0938374206403978e-08,0.6606060606060605
heteroscedastic,1,0.1,0.25,cca_type,eu_group0,1.0938374206403978e-08,0.8303030303030302
heteroscedastic,1,0.1,0.25,cca_type,eu_group1,1.0938374206403978e-08,0.709090909090909
heteroscedastic,1,0.1,0.25,cca_type,eu_id,1.0938374206403978e-08,0.7696969696969697
heteroscedastic,1,0.1,0.25,cca_type,eu_heldout,1.0938374206403978e-08,-0.17575757575757575
heteroscedastic,1,0.1,0.25,smoother_001,eu_agreement,0.052419887356194295,0.7818181818181817
heteroscedastic,1,0.1,0.25,smoother_001,acquisition_overlap,0.052419887356194295,0.6606060606060605
heteroscedastic,1,0.1,0.25,smoother_001,eu_group0,0.052419887356194295,0.8303030303030302
heteroscedastic,1,0.1,0.25,smoother_001,eu_group1,0.052419887356194295,0.709090909090909
heteroscedastic,1,0.1,0.25,smoother_001,eu_id,0.052419887356194295,0.7696969696969697
heteroscedastic,1,0.1,0.25,smoother_001,eu_heldout,0.052419887356194295,-0.17575757575757575
heteroscedastic,1,0.1,0.25,smoother_1,eu_agreement,0.1941922384089415,0.8545454545454544
heteroscedastic,1,0.1,0.25,smoother_1,acquisition_overlap,0.1941922384089415,0.7212121212121211
heteroscedastic,1,0.1,0.25,smoother_1,eu_group0,0.1941922384089415,0.9030303030303028
heteroscedastic,1,0.1,0.25,smoother_1,eu_group1,0.1941922384089415,0.8303030303030302
heteroscedastic,1,0.1,0.25,smoother_1,eu_id,0.1941922384089415,0.8303030303030302
heteroscedastic,1,0.1,0.25,smoother_1,eu_heldout,0.1941922384089415,0.0303030303030303
heteroscedastic,1,0.1,1.0,cka,eu_agreement,0.5611522558352449,0.9030303030303028
heteroscedastic,1,0.1,1.0,cka,acquisition_overlap,0.5611522558352449,0.8693049274624923
heteroscedastic,1,0.1,1.0,cka,eu_group0,0.5611522558352449,0.8060606060606059
heteroscedastic,1,0.1,1.0,cka,eu_group1,0.5611522558352449,0.9393939393939393
heteroscedastic,1,0.1,1.0,cka,eu_id,0.5611522558352449,0.8545454545454544
heteroscedastic,1,0.1,1.0,cka,eu_heldout,0.5611522558352449,0.04242424242424241
heteroscedastic,1,0.1,1.0,mknn,eu_agreement,0.3512059369202226,0.8909090909090909
heteroscedastic,1,0.1,1.0,mknn,acquisition_overlap,0.3512059369202226,0.8510677611520905
heteroscedastic,1,0.1,1.0,mknn,eu_group0,0.3512059369202226,0.8545454545454544
heteroscedastic,1,0.1,1.0,mknn,eu_group1,0.3512059369202226,0.9272727272727272
heteroscedastic,1,0.1,1.0,mknn,eu_id,0.3512059369202226,0.8424242424242423
heteroscedastic,1,0.1,1.0,mknn,eu_heldout,0.3512059369202226,0.0303030303030303
heteroscedastic,1,0.1,1.0,predictivity,eu_agreement,0.5066734261624967,0.8787878787878788
heteroscedastic,1,0.1,1.0,predictivity,acquisition_overlap,0.5066734261624967,0.9483326481409007
heteroscedastic,1,0.1,1.0,predictivity,eu_group0,0.5066734261624967,0.7696969696969697
heteroscedastic,1,0.1,1.0,predictivity,eu_group1,0.5066734261624967,0.9393939393939393
heteroscedastic,1,0.1,1.0,predictivity,eu_id,0.5066734261624967,0.8545454545454544
heteroscedastic,1,0.1,1.0,predictivity,eu_heldout,0.5066734261624967,0.28484848484848485
heteroscedastic,1,0.1,1.0,cca_type,eu_agreement,1.0938374206403978e-08,0.7818181818181817
heteroscedastic,1,0.1,1.0,cca_type,acquisition_overlap,1.0938374206403978e-08,0.7234075969792769
heteroscedastic,1,0.1,1.0,cca_type,eu_group0,1.0938374206403978e-08,0.7333333333333332
heteroscedastic,1,0.1,1.0,cca_type,eu_group1,1.0938374206403978e-08,0.7818181818181817
heteroscedastic,1,0.1,1.0,cca_type,eu_id,1.0938374206403978e-08,0.7575757575757575
heteroscedastic,1,0.1,1.0,cca_type,eu_heldout,1.0938374206403978e-08,-0.19999999999999998
heteroscedastic,1,0.1,1.0,smoother_001,eu_agreement,0.052419887356194295,0.7818181818181817
heteroscedastic,1,0.1,1.0,smoother_001,acquisition_overlap,0.052419887356194295,0.7234075969792769
heteroscedastic,1,0.1,1.0,smoother_001,eu_group0,0.052419887356194295,0.7333333333333332
heteroscedastic,1,0.1,1.0,smoother_001,eu_group1,0.052419887356194295,0.7818181818181817
heteroscedastic,1,0.1,1.0,smoother_001,eu_id,0.052419887356194295,0.7575757575757575
heteroscedastic,1,0.1,1.0,smoother_001,eu_heldout,0.052419887356194295,-0.19999999999999998
heteroscedastic,1,0.1,1.0,smoother_1,eu_agreement,0.1941922384089415,0.8424242424242423
heteroscedastic,1,0.1,1.0,smoother_1,acquisition_overlap,0.1941922384089415,0.8389096502784891
heteroscedastic,1,0.1,1.0,smoother_1,eu_group0,0.1941922384089415,0.8303030303030302
heteroscedastic,1,0.1,1.0,smoother_1,eu_group1,0.1941922384089415,0.8787878787878788
heteroscedastic,1,0.1,1.0,smoother_1,eu_id,0.1941922384089415,0.8060606060606059
heteroscedastic,1,0.1,1.0,smoother_1,eu_heldout,0.1941922384089415,0.01818181818181818
heteroscedastic,1,1.0,0.1,cka,eu_agreement,0.5611522558352449,0.9515151515151514
heteroscedastic,1,1.0,0.1,cka,acquisition_overlap,0.5611522558352449,0.8267515394048879
heteroscedastic,1,1.0,0.1,cka,eu_group0,0.5611522558352449,0.8303030303030302
heteroscedastic,1,1.0,0.1,cka,eu_group1,0.5611522558352449,0.9757575757575757
heteroscedastic,1,1.0,0.1,cka,eu_id,0.5611522558352449,0.9272727272727272
heteroscedastic,1,1.0,0.1,cka,eu_heldout,0.5611522558352449,0.12727272727272726
heteroscedastic,1,1.0,0.1,mknn,eu_agreement,0.3512059369202226,0.9636363636363635
heteroscedastic,1,1.0,0.1,mknn,acquisition_overlap,0.3512059369202226,0.8267515394048879
heteroscedastic,1,1.0,0.1,mknn,eu_group0,0.3512059369202226,0.8787878787878788
heteroscedastic,1,1.0,0.1,mknn,eu_group1,0.3512059369202226,0.9636363636363635
heteroscedastic,1,1.0,0.1,mknn,eu_id,0.3512059369202226,0.9393939393939393
heteroscedastic,1,1.0,0.1,mknn,eu_heldout,0.3512059369202226,0.11515151515151514
heteroscedastic,1,1.0,0.1,predictivity,eu_agreement,0.5066734261624967,0.9393939393939393
heteroscedastic,1,1.0,0.1,predictivity,acquisition_overlap,0.5066734261624967,0.9118583155200968
heteroscedastic,1,1.0,0.1,predictivity,eu_group0,0.5066734261624967,0.7454545454545454
heteroscedastic,1,1.0,0.1,predictivity,eu_group1,0.5066734261624967,0.9636363636363635
heteroscedastic,1,1.0,0.1,predictivity,eu_id,0.5066734261624967,0.8909090909090909
heteroscedastic,1,1.0,0.1,predictivity,eu_heldout,0.5066734261624967,0.3696969696969697
heteroscedastic,1,1.0,0.1,cca_type,eu_agreement,1.0938374206403978e-08,0.8181818181818182
heteroscedastic,1,1.0,0.1,cca_type,acquisition_overlap,1.0938374206403978e-08,0.7234075969792769
heteroscedastic,1,1.0,0.1,cca_type,eu_group0,1.0938374206403978e-08,0.6848484848484848
heteroscedastic,1,1.0,0.1,cca_type,eu_group1,1.0938374206403978e-08,0.8303030303030302
heteroscedastic,1,1.0,0.1,cca_type,eu_id,1.0938374206403978e-08,0.8060606060606059
heteroscedastic,1,1.0,0.1,cca_type,eu_heldout,1.0938374206403978e-08,-0.10303030303030303
heteroscedastic,1,1.0,0.1,smoother_001,eu_agreement,0.052419887356194295,0.8181818181818182
heteroscedastic,1,1.0,0.1,smoother_001,acquisition_overlap,0.052419887356194295,0.7234075969792769
heteroscedastic,1,1.0,0.1,smoother_001,eu_group0,0.052419887356194295,0.6848484848484848
heteroscedastic,1,1.0,0.1,smoother_001,eu_group1,0.052419887356194295,0.8303030303030302
heteroscedastic,1,1.0,0.1,smoother_001,eu_id,0.052419887356194295,0.8060606060606059
heteroscedastic,1,1.0,0.1,smoother_001,eu_heldout,0.052419887356194295,-0.10303030303030303
heteroscedastic,1,1.0,0.1,smoother_1,eu_agreement,0.1941922384089415,0.9030303030303028
heteroscedastic,1,1.0,0.1,smoother_1,acquisition_overlap,0.1941922384089415,0.8267515394048879
heteroscedastic,1,1.0,0.1,smoother_1,eu_group0,0.1941922384089415,0.8060606060606059
heteroscedastic,1,1.0,0.1,smoother_1,eu_group1,0.1941922384089415,0.9272727272727272
heteroscedastic,1,1.0,0.1,smoother_1,eu_id,0.1941922384089415,0.8787878787878788
heteroscedastic,1,1.0,0.1,smoother_1,eu_heldout,0.1941922384089415,0.11515151515151514
heteroscedastic,1,1.0,0.25,cka,eu_agreement,0.5611522558352449,0.9272727272727272
heteroscedastic,1,1.0,0.25,cka,acquisition_overlap,0.5611522558352449,0.7963562622208846
heteroscedastic,1,1.0,0.25,cka,eu_group0,0.5611522558352449,0.7696969696969697
heteroscedastic,1,1.0,0.25,cka,eu_group1,0.5611522558352449,0.9878787878787878
heteroscedastic,1,1.0,0.25,cka,eu_id,0.5611522558352449,0.8909090909090909
heteroscedastic,1,1.0,0.25,cka,eu_heldout,0.5611522558352449,0.12727272727272726
heteroscedastic,1,1.0,0.25,mknn,eu_agreement,0.3512059369202226,0.9393939393939393
heteroscedastic,1,1.0,0.25,mknn,acquisition_overlap,0.3512059369202226,0.8085143730944859
heteroscedastic,1,1.0,0.25,mknn,eu_group0,0.3512059369202226,0.8303030303030302
heteroscedastic,1,1.0,0.25,mknn,eu_group1,0.3512059369202226,0.9757575757575757
heteroscedastic,1,1.0,0.25,mknn,eu_id,0.3512059369202226,0.9030303030303028
heteroscedastic,1,1.0,0.25,mknn,eu_heldout,0.3512059369202226,0.10303030303030303
heteroscedastic,1,1.0,0.25,predictivity,eu_agreement,0.5066734261624967,0.8909090909090909
heteroscedastic,1,1.0,0.25,predictivity,acquisition_overlap,0.5066734261624967,0.8693049274624923
heteroscedastic,1,1.0,0.25,predictivity,eu_group0,0.5066734261624967,0.6848484848484848
heteroscedastic,1,1.0,0.25,predictivity,eu_group1,0.5066734261624967,0.9515151515151514
heteroscedastic,1,1.0,0.25,predictivity,eu_id,0.5066734261624967,0.8666666666666665
heteroscedastic,1,1.0,0.25,predictivity,eu_heldout,0.5066734261624967,0.38181818181818183
heteroscedastic,1,1.0,0.25,cca_type,eu_agreement,1.0938374206403978e-08,0.8060606060606059
heteroscedastic,1,1.0,0.25,cca_type,acquisition_overlap,1.0938374206403978e-08,0.7416447632896788
heteroscedastic,1,1.0,0.25,cca_type,eu_group0,1.0938374206403978e-08,0.7333333333333332
heteroscedastic,1,1.0,0.25,cca_type,eu_group1,1.0938374206403978e-08,0.8909090909090909
heteroscedastic,1,1.0,0.25,cca_type,eu_id,1.0938374206403978e-08,0.7575757575757575
heteroscedastic,1,1.0,0.25,cca_type,eu_heldout,1.0938374206403978e-08,-0.04242424242424241
heteroscedastic,1,1.0,0.25,smoother_001,eu_agreement,0.052419887356194295,0.8060606060606059
heteroscedastic,1,1.0,0.25,smoother_001,acquisition_overlap,0.052419887356194295,0.7416447632896788
heteroscedastic,1,1.0,0.25,smoother_001,eu_group0,0.052419887356194295,0.7333333333333332
heteroscedastic,1,1.0,0.25,smoother_001,eu_group1,0.052419887356194295,0.8909090909090909
heteroscedastic,1,1.0,0.25,smoother_001,eu_id,0.052419887356194295,0.7575757575757575
heteroscedastic,1,1.0,0.25,smoother_001,eu_heldout,0.052419887356194295,-0.04242424242424241
heteroscedastic,1,1.0,0.25,smoother_1,eu_agreement,0.1941922384089415,0.8787878787878788
heteroscedastic,1,1.0,0.25,smoother_1,acquisition_overlap,0.1941922384089415,0.7598819296000807
heteroscedastic,1,1.0,0.25,smoother_1,eu_group0,0.1941922384089415,0.8181818181818182
heteroscedastic,1,1.0,0.25,smoother_1,eu_group1,0.1941922384089415,0.9636363636363635
heteroscedastic,1,1.0,0.25,smoother_1,eu_id,0.1941922384089415,0.8303030303030302
heteroscedastic,1,1.0,0.25,smoother_1,eu_heldout,0.1941922384089415,0.1515151515151515
heteroscedastic,1,1.0,1.0,cka,eu_agreement,0.5611522558352449,0.9030303030303028
heteroscedastic,1,1.0,1.0,cka,acquisition_overlap,0.5611522558352449,0.8985678841491289
heteroscedastic,1,1.0,1.0,cka,eu_group0,0.5611522558352449,0.7333333333333332
heteroscedastic,1,1.0,1.0,cka,eu_group1,0.5611522558352449,0.9393939393939393
heteroscedastic,1,1.0,1.0,cka,eu_id,0.5611522558352449,0.9030303030303028
heteroscedastic,1,1.0,1.0,cka,eu_heldout,0.5611522558352449,0.04242424242424241
heteroscedastic,1,1.0,1.0,mknn,eu_agreement,0.3512059369202226,0.8909090909090909
heteroscedastic,1,1.0,1.0,mknn,acquisition_overlap,0.3512059369202226,0.8985678841491289
heteroscedastic,1,1.0,1.0,mknn,eu_group0,0.3512059369202226,0.7696969696969697
heteroscedastic,1,1.0,1.0,mknn,eu_group1,0.3512059369202226,0.9272727272727272
heteroscedastic,1,1.0,1.0,mknn,eu_id,0.3512059369202226,0.8909090909090909
heteroscedastic,1,1.0,1.0,mknn,eu_heldout,0.3512059369202226,0.01818181818181818
heteroscedastic,1,1.0,1.0,predictivity,eu_agreement,0.5066734261624967,0.8787878787878788
heteroscedastic,1,1.0,1.0,predictivity,acquisition_overlap,0.5066734261624967,0.9724227787367284
heteroscedastic,1,1.0,1.0,predictivity,eu_group0,0.5066734261624967,0.6484848484848483
heteroscedastic,1,1.0,1.0,predictivity,eu_group1,0.5066734261624967,0.9393939393939393
heteroscedastic,1,1.0,1.0,predictivity,eu_id,0.5066734261624967,0.8787878787878788
heteroscedastic,1,1.0,1.0,predictivity,eu_heldout,0.5066734261624967,0.29696969696969694
heteroscedastic,1,1.0,1.0,cca_type,eu_agreement,1.0938374206403978e-08,0.7818181818181817
heteroscedastic,1,1.0,1.0,cca_type,acquisition_overlap,1.0938374206403978e-08,0.7631672440718629
heteroscedastic,1,1.0,1.0,cca_type,eu_group0,1.0938374206403978e-08,0.6606060606060605
heteroscedastic,1,1.0,1.0,cca_type,eu_group1,1.0938374206403978e-08,0.7818181818181817
heteroscedastic,1,1.0,1.0,cca_type,eu_id,1.0938374206403978e-08,0.7818181818181817
heteroscedastic,1,1.0,1.0,cca_type,eu_heldout,1.0938374206403978e-08,-0.16363636363636364
heteroscedastic,1,1.0,1.0,smoother_001,eu_agreement,0.052419887356194295,0.7818181818181817
heteroscedastic,1,1.0,1.0,smoother_001,acquisition_overlap,0.052419887356194295,0.7631672440718629
heteroscedastic,1,1.0,1.0,smoother_001,eu_group0,0.052419887356194295,0.6606060606060605
heteroscedastic,1,1.0,1.0,smoother_001,eu_group1,0.052419887356194295,0.7818181818181817
heteroscedastic,1,1.0,1.0,smoother_001,eu_id,0.052419887356194295,0.7818181818181817
heteroscedastic,1,1.0,1.0,smoother_001,eu_heldout,0.052419887356194295,-0.16363636363636364
heteroscedastic,1,1.0,1.0,smoother_1,eu_agreement,0.1941922384089415,0.8424242424242423
heteroscedastic,1,1.0,1.0,smoother_1,acquisition_overlap,0.1941922384089415,0.8554858623063625
heteroscedastic,1,1.0,1.0,smoother_1,eu_group0,0.1941922384089415,0.7818181818181817
heteroscedastic,1,1.0,1.0,smoother_1,eu_group1,0.1941922384089415,0.8787878787878788
heteroscedastic,1,1.0,1.0,smoother_1,eu_id,0.1941922384089415,0.8424242424242423
heteroscedastic,1,1.0,1.0,smoother_1,eu_heldout,0.1941922384089415,0.04242424242424241
heteroscedastic,1,10.0,0.1,cka,eu_agreement,0.5611522558352449,0.9636363636363635
heteroscedastic,1,10.0,0.1,cka,acquisition_overlap,0.5611522558352449,0.7575757575757575
heteroscedastic,1,10.0,0.1,cka,eu_group0,0.5611522558352449,0.8303030303030302
heteroscedastic,1,10.0,0.1,cka,eu_group1,0.5611522558352449,0.9878787878787878
heteroscedastic,1,10.0,0.1,cka,eu_id,0.5611522558352449,0.9393939393939393
heteroscedastic,1,10.0,0.1,cka,eu_heldout,0.5611522558352449,0.11515151515151514
heteroscedastic,1,10.0,0.1,mknn,eu_agreement,0.3512059369202226,0.9757575757575757
heteroscedastic,1,10.0,0.1,mknn,acquisition_overlap,0.3512059369202226,0.7696969696969697
heteroscedastic,1,10.0,0.1,mknn,eu_group0,0.3512059369202226,0.8787878787878788
heteroscedastic,1,10.0,0.1,mknn,eu_group1,0.3512059369202226,0.9757575757575757
heteroscedastic,1,10.0,0.1,mknn,eu_id,0.3512059369202226,0.9515151515151514
heteroscedastic,1,10.0,0.1,mknn,eu_heldout,0.3512059369202226,0.09090909090909088
heteroscedastic,1,10.0,0.1,predictivity,eu_agreement,0.5066734261624967,0.9272727272727272
heteroscedastic,1,10.0,0.1,predictivity,acquisition_overlap,0.5066734261624967,0.7939393939393938
heteroscedastic,1,10.0,0.1,predictivity,eu_group0,0.5066734261624967,0.7454545454545454
heteroscedastic,1,10.0,0.1,predictivity,eu_group1,0.5066734261624967,0.9515151515151514
heteroscedastic,1,10.0,0.1,predictivity,eu_id,0.5066734261624967,0.8787878787878788
heteroscedastic,1,10.0,0.1,predictivity,eu_heldout,0.5066734261624967,0.34545454545454546
heteroscedastic,1,10.0,0.1,cca_type,eu_agreement,1.0938374206403978e-08,0.8787878787878788
heteroscedastic,1,10.0,0.1,cca_type,acquisition_overlap,1.0938374206403978e-08,0.7454545454545454
heteroscedastic,1,10.0,0.1,cca_type,eu_group0,1.0938374206403978e-08,0.6848484848484848
heteroscedastic,1,10.0,0.1,cca_type,eu_group1,1.0938374206403978e-08,0.8909090909090909
heteroscedastic,1,10.0,0.1,cca_type,eu_id,1.0938374206403978e-08,0.8666666666666665
heteroscedastic,1,10.0,0.1,cca_type,eu_heldout,1.0938374206403978e-08,-0.06666666666666665
heteroscedastic,1,10.0,0.1,smoother_001,eu_agreement,0.052419887356194295,0.8787878787878788
heteroscedastic,1,10.0,0.1,smoother_001,acquisition_overlap,0.052419887356194295,0.7454545454545454
heteroscedastic,1,10.0,0.1,smoother_001,eu_group0,0.052419887356194295,0.6848484848484848
heteroscedastic,1,10.0,0.1,smoother_001,eu_group1,0.052419887356194295,0.8909090909090909
heteroscedastic,1,10.0,0.1,smoother_001,eu_id,0.052419887356194295,0.8666666666666665
heteroscedastic,1,10.0,0.1,smoother_001,eu_heldout,0.052419887356194295,-0.06666666666666665
heteroscedastic,1,10.0,0.1,smoother_1,eu_agreement,0.1941922384089415,0.9393939393939393
heteroscedastic,1,10.0,0.1,smoother_1,acquisition_overlap,0.1941922384089415,0.8303030303030302
heteroscedastic,1,10.0,0.1,smoother_1,eu_group0,0.1941922384089415,0.8060606060606059
heteroscedastic,1,10.0,0.1,smoother_1,eu_group1,0.1941922384089415,0.9636363636363635
heteroscedastic,1,10.0,0.1,smoother_1,eu_id,0.1941922384089415,0.9151515151515152
heteroscedastic,1,10.0,0.1,smoother_1,eu_heldout,0.1941922384089415,0.13939393939393938
heteroscedastic,1,10.0,0.25,cka,eu_agreement,0.5611522558352449,0.9393939393939393
heteroscedastic,1,10.0,0.25,cka,acquisition_overlap,0.5611522558352449,0.6728111897994424
heteroscedastic,1,10.0,0.25,cka,eu_group0,0.5611522558352449,0.7818181818181817
heteroscedastic,1,10.0,0.25,cka,eu_group1,0.5611522558352449,0.9878787878787878
heteroscedastic,1,10.0,0.25,cka,eu_id,0.5611522558352449,0.9393939393939393
heteroscedastic,1,10.0,0.25,cka,eu_heldout,0.5611522558352449,0.11515151515151514
heteroscedastic,1,10.0,0.25,mknn,eu_agreement,0.3512059369202226,0.9515151515151514
heteroscedastic,1,10.0,0.25,mknn,acquisition_overlap,0.3512059369202226,0.697277051246695
heteroscedastic,1,10.0,0.25,mknn,eu_group0,0.3512059369202226,0.8424242424242423
heteroscedastic,1,10.0,0.25,mknn,eu_group1,0.3512059369202226,0.9757575757575757
heteroscedastic,1,10.0,0.25,mknn,eu_id,0.3512059369202226,0.9515151515151514
heteroscedastic,1,10.0,0.25,mknn,eu_heldout,0.3512059369202226,0.09090909090909088
heteroscedastic,1,10.0,0.25,predictivity,eu_agreement,0.5066734261624967,0.8787878787878788
heteroscedastic,1,10.0,0.25,predictivity,acquisition_overlap,0.5066734261624967,0.8134898931211442
heteroscedastic,1,10.0,0.25,predictivity,eu_group0,0.5066734261624967,0.6727272727272726
heteroscedastic,1,10.0,0.25,predictivity,eu_group1,0.5066734261624967,0.9515151515151514
heteroscedastic,1,10.0,0.25,predictivity,eu_id,0.5066734261624967,0.8787878787878788
heteroscedastic,1,10.0,0.25,predictivity,eu_heldout,0.5066734261624967,0.34545454545454546
heteroscedastic,1,10.0,0.25,cca_type,eu_agreement,1.0938374206403978e-08,0.8666666666666665
heteroscedastic,1,10.0,0.25,cca_type,acquisition_overlap,1.0938374206403978e-08,0.5076666250304884
heteroscedastic,1,10.0,0.25,cca_type,eu_group0,1.0938374206403978e-08,0.709090909090909
heteroscedastic,1,10.0,0.25,cca_type,eu_group1,1.0938374206403978e-08,0.8909090909090909
heteroscedastic,1,10.0,0.25,cca_type,eu_id,1.0938374206403978e-08,0.8666666666666665
heteroscedastic,1,10.0,0.25,cca_type,eu_heldout,1.0938374206403978e-08,-0.06666666666666665
heteroscedastic,1,10.0,0.25,smoother_001,eu_agreement,0.052419887356194295,0.8666666666666665
heteroscedastic,1,10.0,0.25,smoother_001,acquisition_overlap,0.052419887356194295,0.5076666250304884
heteroscedastic,1,10.0,0.25,smoother_001,eu_group0,0.052419887356194295,0.709090909090909
heteroscedastic,1,10.0,0.25,smoother_001,eu_group1,0.052419887356194295,0.8909090909090909
heteroscedastic,1,10.0,0.25,smoother_001,eu_id,0.052419887356194295,0.8666666666666665
heteroscedastic,1,10.0,0.25,smoother_001,eu_heldout,0.052419887356194295,-0.06666666666666665
heteroscedastic,1,10.0,0.25,smoother_1,eu_agreement,0.1941922384089415,0.9151515151515152
heteroscedastic,1,10.0,0.25,smoother_1,acquisition_overlap,0.1941922384089415,0.6666947244376294
heteroscedastic,1,10.0,0.25,smoother_1,eu_group0,0.1941922384089415,0.8060606060606059
heteroscedastic,1,10.0,0.25,smoother_1,eu_group1,0.1941922384089415,0.9636363636363635
heteroscedastic,1,10.0,0.25,smoother_1,eu_id,0.1941922384089415,0.9151515151515152
heteroscedastic,1,10.0,0.25,smoother_1,eu_heldout,0.1941922384089415,0.13939393939393938
heteroscedastic,1,10.0,1.0,cka,eu_agreement,0.5611522558352449,0.8787878787878788
heteroscedastic,1,10.0,1.0,cka,acquisition_overlap,0.5611522558352449,0.7939393939393938
heteroscedastic,1,10.0,1.0,cka,eu_group0,0.5611522558352449,0.7212121212121211
heteroscedastic,1,10.0,1.0,cka,eu_group1,0.5611522558352449,0.9757575757575757
heteroscedastic,1,10.0,1.0,cka,eu_id,0.5611522558352449,0.8424242424242423
heteroscedastic,1,10.0,1.0,cka,eu_heldout,0.5611522558352449,0.04242424242424241
heteroscedastic,1,10.0,1.0,mknn,eu_agreement,0.3512059369202226,0.8909090909090909
heteroscedastic,1,10.0,1.0,mknn,acquisition_overlap,0.3512059369202226,0.7818181818181817
heteroscedastic,1,10.0,1.0,mknn,eu_group0,0.3512059369202226,0.7575757575757575
heteroscedastic,1,10.0,1.0,mknn,eu_group1,0.3512059369202226,0.9636363636363635
heteroscedastic,1,10.0,1.0,mknn,eu_id,0.3512059369202226,0.8666666666666665
heteroscedastic,1,10.0,1.0,mknn,eu_heldout,0.3512059369202226,0.01818181818181818
heteroscedastic,1,10.0,1.0,predictivity,eu_agreement,0.5066734261624967,0.8303030303030302
heteroscedastic,1,10.0,1.0,predictivity,acquisition_overlap,0.5066734261624967,0.9151515151515152
heteroscedastic,1,10.0,1.0,predictivity,eu_group0,0.5066734261624967,0.6121212121212121
heteroscedastic,1,10.0,1.0,predictivity,eu_group1,0.5066734261624967,0.9151515151515152
heteroscedastic,1,10.0,1.0,predictivity,eu_id,0.5066734261624967,0.8060606060606059
heteroscedastic,1,10.0,1.0,predictivity,eu_heldout,0.5066734261624967,0.29696969696969694
heteroscedastic,1,10.0,1.0,cca_type,eu_agreement,1.0938374206403978e-08,0.7333333333333332
heteroscedastic,1,10.0,1.0,cca_type,acquisition_overlap,1.0938374206403978e-08,0.6363636363636362
heteroscedastic,1,10.0,1.0,cca_type,eu_group0,1.0938374206403978e-08,0.6363636363636362
heteroscedastic,1,10.0,1.0,cca_type,eu_group1,1.0938374206403978e-08,0.8666666666666665
heteroscedastic,1,10.0,1.0,cca_type,eu_id,1.0938374206403978e-08,0.6848484848484848
heteroscedastic,1,10.0,1.0,cca_type,eu_heldout,1.0938374206403978e-08,-0.16363636363636364
heteroscedastic,1,10.0,1.0,smoother_001,eu_agreement,0.052419887356194295,0.7333333333333332
heteroscedastic,1,10.0,1.0,smoother_001,acquisition_overlap,0.052419887356194295,0.6363636363636362
heteroscedastic,1,10.0,1.0,smoother_001,eu_group0,0.052419887356194295,0.6363636363636362
heteroscedastic,1,10.0,1.0,smoother_001,eu_group1,0.052419887356194295,0.8666666666666665
heteroscedastic,1,10.0,1.0,smoother_001,eu_id,0.052419887356194295,0.6848484848484848
heteroscedastic,1,10.0,1.0,smoother_001,eu_heldout,0.052419887356194295,-0.16363636363636364
heteroscedastic,1,10.0,1.0,smoother_1,eu_agreement,0.1941922384089415,0.8181818181818182
heteroscedastic,1,10.0,1.0,smoother_1,acquisition_overlap,0.1941922384089415,0.7818181818181817
heteroscedastic,1,10.0,1.0,smoother_1,eu_group0,0.1941922384089415,0.7696969696969697
heteroscedastic,1,10.0,1.0,smoother_1,eu_group1,0.1941922384089415,0.9515151515151514
heteroscedastic,1,10.0,1.0,smoother_1,eu_id,0.1941922384089415,0.7939393939393938
heteroscedastic,1,10.0,1.0,smoother_1,eu_heldout,0.1941922384089415,0.04242424242424241
heteroscedastic,2,0.1,0.1,cka,eu_agreement,0.5456154037050684,0.9151515151515152
heteroscedastic,2,0.1,0.1,cka,acquisition_overlap,0.5456154037050684,0.8206724839680872
heteroscedastic,2,0.1,0.1,cka,eu_group0,0.5456154037050684,0.7939393939393938
heteroscedastic,2,0.1,0.1,cka,eu_group1,0.5456154037050684,0.7212121212121211
heteroscedastic,2,0.1,0.1,cka,eu_id,0.5456154037050684,0.9030303030303028
heteroscedastic,2,0.1,0.1,cka,eu_heldout,0.5456154037050684,0.12727272727272726
heteroscedastic,2,0.1,0.1,mknn,eu_agreement,0.3580705009276438,0.8909090909090909
heteroscedastic,2,0.1,0.1,mknn,acquisition_overlap,0.3580705009276438,0.7841981513472833
heteroscedastic,2,0.1,0.1,mknn,eu_group0,0.3580705009276438,0.8666666666666665
heteroscedastic,2,0.1,0.1,mknn,eu_group1,0.3580705009276438,0.6484848484848483
heteroscedastic,2,0.1,0.1,mknn,eu_id,0.3580705009276438,0.8909090909090909
heteroscedastic,2,0.1,0.1,mknn,eu_heldout,0.3580705009276438,0.07878787878787878
heteroscedastic,2,0.1,0.1,predictivity,eu_agreement,0.47840713639021765,0.9151515151515152
heteroscedastic,2,0.1,0.1,predictivity,acquisition_overlap,0.47840713639021765,0.7173285415424762
heteroscedastic,2,0.1,0.1,predictivity,eu_group0,0.47840713639021765,0.7333333333333332
heteroscedastic,2,0.1,0.1,predictivity,eu_group1,0.47840713639021765,0.8545454545454544
heteroscedastic,2,0.1,0.1,predictivity,eu_id,0.47840713639021765,0.8424242424242423
heteroscedastic,2,0.1,0.1,predictivity,eu_heldout,0.47840713639021765,0.406060606060606
heteroscedastic,2,0.1,0.1,cca_type,eu_agreement,1.0761895485877915e-08,0.7818181818181817
heteroscedastic,2,0.1,0.1,cca_type,acquisition_overlap,1.0761895485877915e-08,0.8024353176576852
heteroscedastic,2,0.1,0.1,cca_type,eu_group0,1.0761895485877915e-08,0.6
heteroscedastic,2,0.1,0.1,cca_type,eu_group1,1.0761895485877915e-08,0.4424242424242424
heteroscedastic,2,0.1,0.1,cca_type,eu_id,1.0761895485877915e-08,0.7818181818181817
heteroscedastic,2,0.1,0.1,cca_type,eu_heldout,1.0761895485877915e-08,-0.1515151515151515
heteroscedastic,2,0.1,0.1,smoother_001,eu_agreement,0.05278861047705752,0.7818181818181817
heteroscedastic,2,0.1,0.1,smoother_001,acquisition_overlap,0.05278861047705752,0.8024353176576852
heteroscedastic,2,0.1,0.1,smoother_001,eu_group0,0.05278861047705752,0.6
heteroscedastic,2,0.1,0.1,smoother_001,eu_group1,0.05278861047705752,0.4424242424242424
heteroscedastic,2,0.1,0.1,smoother_001,eu_id,0.05278861047705752,0.7818181818181817
heteroscedastic,2,0.1,0.1,smoother_001,eu_heldout,0.05278861047705752,-0.1515151515151515
heteroscedastic,2,0.1,0.1,smoother_1,eu_agreement,0.19537015868190233,0.8545454545454544
heteroscedastic,2,0.1,0.1,smoother_1,acquisition_overlap,0.19537015868190233,0.8267515394048879
heteroscedastic,2,0.1,0.1,smoother_1,eu_group0,0.19537015868190233,0.7333333333333332
heteroscedastic,2,0.1,0.1,smoother_1,eu_group1,0.19537015868190233,0.6121212121212121
heteroscedastic,2,0.1,0.1,smoother_1,eu_id,0.19537015868190233,0.8424242424242423
heteroscedastic,2,0.1,0.1,smoother_1,eu_heldout,0.19537015868190233,0.06666666666666665
heteroscedastic,2,0.1,0.25,cka,eu_agreement,0.5456154037050684,0.9151515151515152
heteroscedastic,2,0.1,0.25,cka,acquisition_overlap,0.5456154037050684,0.790277206784084
heteroscedastic,2,0.1,0.25,cka,eu_group0,0.5456154037050684,0.7575757575757575
heteroscedastic,2,0.1,0.25,cka,eu_group1,0.5456154037050684,0.8545454545454544
heteroscedastic,2,0.1,0.25,cka,eu_id,0.5456154037050684,0.8909090909090909
heteroscedastic,2,0.1,0.25,cka,eu_heldout,0.5456154037050684,0.12727272727272726
heteroscedastic,2,0.1,0.25,mknn,eu_agreement,0.3580705009276438,0.8909090909090909
heteroscedastic,2,0.1,0.25,mknn,acquisition_overlap,0.3580705009276438,0.7538028741632801
heteroscedastic,2,0.1,0.25,mknn,eu_group0,0.3580705009276438,0.8303030303030302
heteroscedastic,2,0.1,0.25,mknn,eu_group1,0.3580705009276438,0.7818181818181817
heteroscedastic,2,0.1,0.25,mknn,eu_id,0.3580705009276438,0.8666666666666665
heteroscedastic,2,0.1,0.25,mknn,eu_heldout,0.3580705009276438,0.07878787878787878
heteroscedastic,2,0.1,0.25,predictivity,eu_agreement,0.47840713639021765,0.9151515151515152
heteroscedastic,2,0.1,0.25,predictivity,acquisition_overlap,0.47840713639021765,0.8814630383360936
heteroscedastic,2,0.1,0.25,predictivity,eu_group0,0.47840713639021765,0.6727272727272726
heteroscedastic,2,0.1,0.25,predictivity,eu_group1,0.47840713639021765,0.9393939393939393
heteroscedastic,2,0.1,0.25,predictivity,eu_id,0.47840713639021765,0.8666666666666665
heteroscedastic,2,0.1,0.25,predictivity,eu_heldout,0.47840713639021765,0.406060606060606
heteroscedastic,2,0.1,0.25,cca_type,eu_agreement,1.0761895485877915e-08,0.7818181818181817
heteroscedastic,2,0.1,0.25,cca_type,acquisition_overlap,1.0761895485877915e-08,0.6139845991168652
heteroscedastic,2,0.1,0.25,cca_type,eu_group0,1.0761895485877915e-08,0.6484848484848483
heteroscedastic,2,0.1,0.25,cca_type,eu_group1,1.0761895485877915e-08,0.6242424242424242
heteroscedastic,2,0.1,0.25,cca_type,eu_id,1.0761895485877915e-08,0.7696969696969697
heteroscedastic,2,0.1,0.25,cca_type,eu_heldout,1.0761895485877915e-08,-0.1515151515151515
heteroscedastic,2,0.1,0.25,smoother_001,eu_agreement,0.05278861047705752,0.7818181818181817
heteroscedastic,2,0.1,0.25,smoother_001,acquisition_overlap,0.05278861047705752,0.6139845991168652
heteroscedastic,2,0.1,0.25,smoother_001,eu_group0,0.05278861047705752,0.6484848484848483
heteroscedastic,2,0.1,0.25,smoother_001,eu_group1,0.05278861047705752,0.6242424242424242
heteroscedastic,2,0.1,0.25,smoother_001,eu_id,0.05278861047705752,0.7696969696969697
heteroscedastic,2,0.1,0.25,smoother_001,eu_heldout,0.05278861047705752,-0.1515151515151515
heteroscedastic,2,0.1,0.25,smoother_1,eu_agreement,0.19537015868190233,0.8545454545454544
heteroscedastic,2,0.1,0.25,smoother_1,acquisition_overlap,0.19537015868190233,0.7051704306688749
heteroscedastic,2,0.1,0.25,smoother_1,eu_group0,0.19537015868190233,0.7696969696969697
heteroscedastic,2,0.1,0.25,smoother_1,eu_group1,0.19537015868190233,0.7575757575757575
heteroscedastic,2,0.1,0.25,smoother_1,eu_id,0.19537015868190233,0.8303030303030302
heteroscedastic,2,0.1,0.25,smoother_1,eu_heldout,0.19537015868190233,0.06666666666666665
heteroscedastic,2,0.1,1.0,cka,eu_agreement,0.5456154037050684,0.9272727272727272
heteroscedastic,2,0.1,1.0,cka,acquisition_overlap,0.5456154037050684,0.884162778312701
heteroscedastic,2,0.1,1.0,cka,eu_group0,0.5456154037050684,0.7333333333333332
heteroscedastic,2,0.1,1.0,cka,eu_group1,0.5456154037050684,0.9636363636363635
heteroscedastic,2,0.1,1.0,cka,eu_id,0.5456154037050684,0.8787878787878788
heteroscedastic,2,0.1,1.0,cka,eu_heldout,0.5456154037050684,0.07878787878787878
heteroscedastic,2,0.1,1.0,mknn,eu_agreement,0.3580705009276438,0.8787878787878788
heteroscedastic,2,0.1,1.0,mknn,acquisition_overlap,0.3580705009276438,0.8170883606475996
heteroscedastic,2,0.1,1.0,mknn,eu_group0,0.3580705009276438,0.7575757575757575
heteroscedastic,2,0.1,1.0,mknn,eu_group1,0.3580705009276438,0.9272727272727272
heteroscedastic,2,0.1,1.0,mknn,eu_id,0.3580705009276438,0.8181818181818182
heteroscedastic,2,0.1,1.0,mknn,eu_heldout,0.3580705009276438,0.0303030303030303
heteroscedastic,2,0.1,1.0,predictivity,eu_agreement,0.47840713639021765,0.9393939393939393
heteroscedastic,2,0.1,1.0,predictivity,acquisition_overlap,0.47840713639021765,0.9085534756454651
heteroscedastic,2,0.1,1.0,predictivity,eu_group0,0.47840713639021765,0.6848484848484848
heteroscedastic,2,0.1,1.0,predictivity,eu_group1,0.47840713639021765,0.9272727272727272
heteroscedastic,2,0.1,1.0,predictivity,eu_id,0.47840713639021765,0.8666666666666665
heteroscedastic,2,0.1,1.0,predictivity,eu_heldout,0.47840713639021765,0.33333333333333326
heteroscedastic,2,0.1,1.0,cca_type,eu_agreement,1.0761895485877915e-08,0.8060606060606059
heteroscedastic,2,0.1,1.0,cca_type,acquisition_overlap,1.0761895485877915e-08,0.7012325483169698
heteroscedastic,2,0.1,1.0,cca_type,eu_group0,1.0761895485877915e-08,0.6848484848484848
heteroscedastic,2,0.1,1.0,cca_type,eu_group1,1.0761895485877915e-08,0.7818181818181817
heteroscedastic,2,0.1,1.0,cca_type,eu_id,1.0761895485877915e-08,0.7454545454545454
heteroscedastic,2,0.1,1.0,cca_type,eu_heldout,1.0761895485877915e-08,-0.19999999999999998
heteroscedastic,2,0.1,1.0,smoother_001,eu_agreement,0.05278861047705752,0.8060606060606059
heteroscedastic,2,0.1,1.0,smoother_001,acquisition_overlap,0.05278861047705752,0.7012325483169698
heteroscedastic,2,0.1,1.0,smoother_001,eu_group0,0.05278861047705752,0.6848484848484848
heteroscedastic,2,0.1,1.0,smoother_001,eu_group1,0.05278861047705752,0.7818181818181817
heteroscedastic,2,0.1,1.0,smoother_001,eu_id,0.05278861047705752,0.7454545454545454
heteroscedastic,2,0.1,1.0,smoother_001,eu_heldout,0.05278861047705752,-0.19999999999999998
heteroscedastic,2,0.1,1.0,smoother_1,eu_agreement,0.19537015868190233,0.8666666666666665
heteroscedastic,2,0.1,1.0,smoother_1,acquisition_overlap,0.19537015868190233,0.7683069659820713
heteroscedastic,2,0.1,1.0,smoother_1,eu_group0,0.19537015868190233,0.7939393939393938
heteroscedastic,2,0.1,1.0,smoother_1,eu_group1,0.19537015868190233,0.8787878787878788
heteroscedastic,2,0.1,1.0,smoother_1,eu_id,0.19537015868190233,0.7939393939393938
heteroscedastic,2,0.1,1.0,smoother_1,eu_heldout,0.19537015868190233,0.01818181818181818
heteroscedastic,2,1.0,0.1,cka,eu_agreement,0.5456154037050684,0.9393939393939393
heteroscedastic,2,1.0,0.1,cka,acquisition_overlap,0.5456154037050684,0.9146511499786562
heteroscedastic,2,1.0,0.1,cka,eu_group0,0.5456154037050684,0.8060606060606059
heteroscedastic,2,1.0,0.1,cka,eu_group1,0.5456154037050684,0.9878787878787878
heteroscedastic,2,1.0,0.1,cka,eu_id,0.5456154037050684,0.9393939393939393
heteroscedastic,2,1.0,0.1,cka,eu_heldout,0.5456154037050684,0.04242424242424241
heteroscedastic,2,1.0,0.1,mknn,eu_agreement,0.3580705009276438,0.9393939393939393
heteroscedastic,2,1.0,0.1,mknn,acquisition_overlap,0.3580705009276438,0.8963581269790831
heteroscedastic,2,1.0,0.1,mknn,eu_group0,0.3580705009276438,0.8787878787878788
heteroscedastic,2,1.0,0.1,mknn,eu_group1,0.3580705009276438,0.9636363636363635
heteroscedastic,2,1.0,0.1,mknn,eu_id,0.3580705009276438,0.9393939393939393
heteroscedastic,2,1.0,0.1,mknn,eu_heldout,0.3580705009276438,-0.0303030303030303
heteroscedastic,2,1.0,0.1,predictivity,eu_agreement,0.47840713639021765,0.8666666666666665
heteroscedastic,2,1.0,0.1,predictivity,acquisition_overlap,0.47840713639021765,0.8902604526458922
heteroscedastic,2,1.0,0.1,predictivity,eu_group0,0.47840713639021765,0.7333333333333332
heteroscedastic,2,1.0,0.1,predictivity,eu_group1,0.47840713639021765,0.9515151515151514
heteroscedastic,2,1.0,0.1,predictivity,eu_id,0.47840713639021765,0.8666666666666665
heteroscedastic,2,1.0,0.1,predictivity,eu_heldout,0.47840713639021765,0.29696969696969694
heteroscedastic,2,1.0,0.1,cca_type,eu_agreement,1.0761895485877915e-08,0.8060606060606059
heteroscedastic,2,1.0,0.1,cca_type,acquisition_overlap,1.0761895485877915e-08,0.8109906863144085
heteroscedastic,2,1.0,0.1,cca_type,eu_group0,1.0761895485877915e-08,0.6848484848484848
heteroscedastic,2,1.0,0.1,cca_type,eu_group1,1.0761895485877915e-08,0.8303030303030302
heteroscedastic,2,1.0,0.1,cca_type,eu_id,1.0761895485877915e-08,0.8060606060606059
heteroscedastic,2,1.0,0.1,cca_type,eu_heldout,1.0761895485877915e-08,-0.2121212121212121
heteroscedastic,2,1.0,0.1,smoother_001,eu_agreement,0.05278861047705752,0.8060606060606059
heteroscedastic,2,1.0,0.1,smoother_001,acquisition_overlap,0.05278861047705752,0.8109906863144085
heteroscedastic,2,1.0,0.1,smoother_001,eu_group0,0.05278861047705752,0.6848484848484848
heteroscedastic,2,1.0,0.1,smoother_001,eu_group1,0.05278861047705752,0.8303030303030302
heteroscedastic,2,1.0,0.1,smoother_001,eu_id,0.05278861047705752,0.8060606060606059
heteroscedastic,2,1.0,0.1,smoother_001,eu_heldout,0.05278861047705752,-0.2121212121212121
heteroscedastic,2,1.0,0.1,smoother_1,eu_agreement,0.19537015868190233,0.8787878787878788
heteroscedastic,2,1.0,0.1,smoother_1,acquisition_overlap,0.19537015868190233,0.859772080979937
heteroscedastic,2,1.0,0.1,smoother_1,eu_group0,0.19537015868190233,0.8060606060606059
heteroscedastic,2,1.0,0.1,smoother_1,eu_group1,0.19537015868190233,0.9272727272727272
heteroscedastic,2,1.0,0.1,smoother_1,eu_id,0.19537015868190233,0.8787878787878788
heteroscedastic,2,1.0,0.1,smoother_1,eu_heldout,0.19537015868190233,-0.006060606060606061
heteroscedastic,2,1.0,0.25,cka,eu_agreement,0.5456154037050684,0.9151515151515152
heteroscedastic,2,1.0,0.25,cka,acquisition_overlap,0.5456154037050684,0.8379557545683965
heteroscedastic,2,1.0,0.25,cka,eu_group0,0.5456154037050684,0.7333333333333332
heteroscedastic,2,1.0,0.25,cka,eu_group1,0.5456154037050684,0.9636363636363635
heteroscedastic,2,1.0,0.25,cka,eu_id,0.5456154037050684,0.8545454545454544
heteroscedastic,2,1.0,0.25,cka,eu_heldout,0.5456154037050684,0.07878787878787878
heteroscedastic,2,1.0,0.25,mknn,eu_agreement,0.3580705009276438,0.9030303030303028
heteroscedastic,2,1.0,0.25,mknn,acquisition_overlap,0.3580705009276438,0.7890240316738918
heteroscedastic,2,1.0,0.25,mknn,eu_group0,0.3580705009276438,0.7939393939393938
heteroscedastic,2,1.0,0.25,mknn,eu_group1,0.3580705009276438,0.9272727272727272
heteroscedastic,2,1.0,0.25,mknn,eu_id,0.3580705009276438,0.8424242424242423
heteroscedastic,2,1.0,0.25,mknn,eu_heldout,0.3580705009276438,-0.006060606060606061
heteroscedastic,2,1.0,0.25,predictivity,eu_agreement,0.47840713639021765,0.8424242424242423
heteroscedastic,2,1.0,0.25,predictivity,acquisition_overlap,0.47840713639021765,0.7951404970357048
heteroscedastic,2,1.0,0.25,predictivity,eu_group0,0.47840713639021765,0.6848484848484848
heteroscedastic,2,1.0,0.25,predictivity,eu_group1,0.47840713639021765,0.9272727272727272
heteroscedastic,2,1.0,0.25,predictivity,eu_id,0.47840713639021765,0.8424242424242423
heteroscedastic,2,1.0,0.25,predictivity,eu_heldout,0.47840713639021765,0.35757575757575755
heteroscedastic,2,1.0,0.25,cca_type,eu_agreement,1.0761895485877915e-08,0.7575757575757575
heteroscedastic,2,1.0,0.25,cca_type,acquisition_overlap,1.0761895485877915e-08,0.7095099819703212
heteroscedastic,2,1.0,0.25,cca_type,eu_group0,1.0761895485877915e-08,0.6242424242424242
heteroscedastic,2,1.0,0.25,cca_type,eu_group1,1.0761895485877915e-08,0.7818181818181817
heteroscedastic,2,1.0,0.25,cca_type,eu_id,1.0761895485877915e-08,0.6848484848484848
heteroscedastic,2,1.0,0.25,cca_type,eu_heldout,1.0761895485877915e-08,-0.1515151515151515
heteroscedastic,2,1.0,0.25,smoother_001,eu_agreement,0.05278861047705752,0.7575757575757575
heteroscedastic,2,1.0,0.25,smoother_001,acquisition_overlap,0.05278861047705752,0.7095099819703212
heteroscedastic,2,1.0,0.25,smoother_001,eu_group0,0.05278861047705752,0.6242424242424242
heteroscedastic,2,1.0,0.25,smoother_001,eu_group1,0.05278861047705752,0.7818181818181817
heteroscedastic,2,1.0,0.25,smoother_001,eu_id,0.05278861047705752,0.6848484848484848
heteroscedastic,2,1.0,0.25,smoother_001,eu_heldout,0.05278861047705752,-0.1515151515151515
heteroscedastic,2,1.0,0.25,smoother_1,eu_agreement,0.19537015868190233,0.8303030303030302
heteroscedastic,2,1.0,0.25,smoother_1,acquisition_overlap,0.19537015868190233,0.752325239503013
heteroscedastic,2,1.0,0.25,smoother_1,eu_group0,0.19537015868190233,0.7575757575757575
heteroscedastic,2,1.0,0.25,smoother_1,eu_group1,0.19537015868190233,0.8787878787878788
heteroscedastic,2,1.0,0.25,smoother_1,eu_id,0.19537015868190233,0.7939393939393938
heteroscedastic,2,1.0,0.25,smoother_1,eu_heldout,0.19537015868190233,0.01818181818181818
heteroscedastic,2,1.0,1.0,cka,eu_agreement,0.5456154037050684,0.9030303030303028
heteroscedastic,2,1.0,1.0,cka,acquisition_overlap,0.5456154037050684,0.884162778312701
heteroscedastic,2,1.0,1.0,cka,eu_group0,0.5456154037050684,0.7333333333333332
heteroscedastic,2,1.0,1.0,cka,eu_group1,0.5456154037050684,0.9636363636363635
heteroscedastic,2,1.0,1.0,cka,eu_id,0.5456154037050684,0.8666666666666665
heteroscedastic,2,1.0,1.0,cka,eu_heldout,0.5456154037050684,0.09090909090909088
heteroscedastic,2,1.0,1.0,mknn,eu_agreement,0.3580705009276438,0.8545454545454544
heteroscedastic,2,1.0,1.0,mknn,acquisition_overlap,0.3580705009276438,0.8414790579803637
heteroscedastic,2,1.0,1.0,mknn,eu_group0,0.3580705009276438,0.7575757575757575
heteroscedastic,2,1.0,1.0,mknn,eu_group1,0.3580705009276438,0.9272727272727272
heteroscedastic,2,1.0,1.0,mknn,eu_id,0.3580705009276438,0.8303030303030302
heteroscedastic,2,1.0,1.0,mknn,eu_heldout,0.3580705009276438,0.01818181818181818
heteroscedastic,2,1.0,1.0,predictivity,eu_agreement,0.47840713639021765,0.8787878787878788
heteroscedastic,2,1.0,1.0,predictivity,acquisition_overlap,0.47840713639021765,0.9451395216446113
heteroscedastic,2,1.0,1.0,predictivity,eu_group0,0.47840713639021765,0.6848484848484848
heteroscedastic,2,1.0,1.0,predictivity,eu_group1,0.47840713639021765,0.9272727272727272
heteroscedastic,2,1.0,1.0,predictivity,eu_id,0.47840713639021765,0.8666666666666665
heteroscedastic,2,1.0,1.0,predictivity,eu_heldout,0.47840713639021765,0.3696969696969697
heteroscedastic,2,1.0,1.0,cca_type,eu_agreement,1.0761895485877915e-08,0.7575757575757575
heteroscedastic,2,1.0,1.0,cca_type,acquisition_overlap,1.0761895485877915e-08,0.7134278969833519
heteroscedastic,2,1.0,1.0,cca_type,eu_group0,1.0761895485877915e-08,0.6848484848484848
heteroscedastic,2,1.0,1.0,cca_type,eu_group1,1.0761895485877915e-08,0.7818181818181817
heteroscedastic,2,1.0,1.0,cca_type,eu_id,1.0761895485877915e-08,0.709090909090909
heteroscedastic,2,1.0,1.0,cca_type,eu_heldout,1.0761895485877915e-08,-0.16363636363636364
heteroscedastic,2,1.0,1.0,smoother_001,eu_agreement,0.05278861047705752,0.7575757575757575
heteroscedastic,2,1.0,1.0,smoother_001,acquisition_overlap,0.05278861047705752,0.7134278969833519
heteroscedastic,2,1.0,1.0,smoother_001,eu_group0,0.05278861047705752,0.6848484848484848
heteroscedastic,2,1.0,1.0,smoother_001,eu_group1,0.05278861047705752,0.7818181818181817
heteroscedastic,2,1.0,1.0,smoother_001,eu_id,0.05278861047705752,0.709090909090909
heteroscedastic,2,1.0,1.0,smoother_001,eu_heldout,0.05278861047705752,-0.16363636363636364
heteroscedastic,2,1.0,1.0,smoother_1,eu_agreement,0.19537015868190233,0.8303030303030302
heteroscedastic,2,1.0,1.0,smoother_1,acquisition_overlap,0.19537015868190233,0.7926976633148354
heteroscedastic,2,1.0,1.0,smoother_1,eu_group0,0.19537015868190233,0.7939393939393938
heteroscedastic,2,1.0,1.0,smoother_1,eu_group1,0.19537015868190233,0.8787878787878788
heteroscedastic,2,1.0,1.0,smoother_1,eu_id,0.19537015868190233,0.8060606060606059
heteroscedastic,2,1.0,1.0,smoother_1,eu_heldout,0.19537015868190233,0.04242424242424241
heteroscedastic,2,10.0,0.1,cka,eu_agreement,0.5456154037050684,0.9515151515151514
heteroscedastic,2,10.0,0.1,cka,acquisition_overlap,0.5456154037050684,0.8449887057152898
heteroscedastic,2,10.0,0.1,cka,eu_group0,0.5456154037050684,0.8060606060606059
heteroscedastic,2,10.0,0.1,cka,eu_group1,0.5456154037050684,0.9999999999999999
heteroscedastic,2,10.0,0.1,cka,eu_id,0.5456154037050684,0.9272727272727272
heteroscedastic,2,10.0,0.1,cka,eu_heldout,0.5456154037050684,0.19999999999999998
heteroscedastic,2,10.0,0.1,mknn,eu_agreement,0.3580705009276438,0.9515151515151514
heteroscedastic,2,10.0,0.1,mknn,acquisition_overlap,0.3580705009276438,0.8206724839680872
heteroscedastic,2,10.0,0.1,mknn,eu_group0,0.3580705009276438,0.8787878787878788
heteroscedastic,2,10.0,0.1,mknn,eu_group1,0.3580705009276438,0.9757575757575757
heteroscedastic,2,10.0,0.1,mknn,eu_id,0.3580705009276438,0.9515151515151514
heteroscedastic,2,10.0,0.1,mknn,eu_heldout,0.3580705009276438,0.11515151515151514
heteroscedastic,2,10.0,0.1,predictivity,eu_agreement,0.47840713639021765,0.8424242424242423
heteroscedastic,2,10.0,0.1,predictivity,acquisition_overlap,0.47840713639021765,0.7294866524160775
heteroscedastic,2,10.0,0.1,predictivity,eu_group0,0.47840713639021765,0.7333333333333332
heteroscedastic,2,10.0,0.1,predictivity,eu_group1,0.47840713639021765,0.9272727272727272
heteroscedastic,2,10.0,0.1,predictivity,eu_id,0.47840713639021765,0.8545454545454544
heteroscedastic,2,10.0,0.1,predictivity,eu_heldout,0.47840713639021765,0.406060606060606
heteroscedastic,2,10.0,0.1,cca_type,eu_agreement,1.0761895485877915e-08,0.8666666666666665
heteroscedastic,2,10.0,0.1,cca_type,acquisition_overlap,1.0761895485877915e-08,0.8389096502784891
heteroscedastic,2,10.0,0.1,cca_type,eu_group0,1.0761895485877915e-08,0.6848484848484848
heteroscedastic,2,10.0,0.1,cca_type,eu_group1,1.0761895485877915e-08,0.8909090909090909
heteroscedastic,2,10.0,0.1,cca_type,eu_id,1.0761895485877915e-08,0.7818181818181817
heteroscedastic,2,10.0,0.1,cca_type,eu_heldout,1.0761895485877915e-08,-0.07878787878787878
heteroscedastic,2,10.0,0.1,smoother_001,eu_agreement,0.05278861047705752,0.8666666666666665
heteroscedastic,2,10.0,0.1,smoother_001,acquisition_overlap,0.05278861047705752,0.8389096502784891
heteroscedastic,2,10.0,0.1,smoother_001,eu_group0,0.05278861047705752,0.6848484848484848
heteroscedastic,2,10.0,0.1,smoother_001,eu_group1,0.05278861047705752,0.8909090909090909
heteroscedastic,2,10.0,0.1,smoother_001,eu_id,0.05278861047705752,0.7818181818181817
heteroscedastic,2,10.0,0.1,smoother_001,eu_heldout,0.05278861047705752,-0.07878787878787878
heteroscedastic,2,10.0,0.1,smoother_1,eu_agreement,0.19537015868190233,0.9151515151515152
heteroscedastic,2,10.0,0.1,smoother_1,acquisition_overlap,0.19537015868190233,0.8510677611520905
heteroscedastic,2,10.0,0.1,smoother_1,eu_group0,0.19537015868190233,0.8060606060606059
heteroscedastic,2,10.0,0.1,smoother_1,eu_group1,0.19537015868190233,0.9636363636363635
heteroscedastic,2,10.0,0.1,smoother_1,eu_id,0.19537015868190233,0.8666666666666665
heteroscedastic,2,10.0,0.1,smoother_1,eu_heldout,0.19537015868190233,0.13939393939393938
heteroscedastic,2,10.0,0.25,cka,eu_agreement,0.5456154037050684,0.9272727272727272
heteroscedastic,2,10.0,0.25,cka,acquisition_overlap,0.5456154037050684,0.859772080979937
heteroscedastic,2,10.0,0.25,cka,eu_group0,0.5456154037050684,0.7212121212121211
heteroscedastic,2,10.0,0.25,cka,eu_group1,0.5456154037050684,0.9878787878787878
heteroscedastic,2,10.0,0.25,cka,eu_id,0.5456154037050684,0.8060606060606059
heteroscedastic,2,10.0,0.25,cka,eu_heldout,0.5456154037050684,0.07878787878787878
heteroscedastic,2,10.0,0.25,mknn,eu_agreement,0.3580705009276438,0.9272727272727272
heteroscedastic,2,10.0,0.25,mknn,acquisition_overlap,0.3580705009276438,0.8353813836471727
heteroscedastic,2,10.0,0.25,mknn,eu_group0,0.3580705009276438,0.7818181818181817
heteroscedastic,2,10.0,0.25,mknn,eu_group1,0.3580705009276438,0.9636363636363635
heteroscedastic,2,10.0,0.25,mknn,eu_id,0.3580705009276438,0.8060606060606059
heteroscedastic,2,10.0,0.25,mknn,eu_heldout,0.3580705009276438,-0.006060606060606061
heteroscedastic,2,10.0,0.25,predictivity,eu_agreement,0.47840713639021765,0.8303030303030302
heteroscedastic,2,10.0,0.25,predictivity,acquisition_overlap,0.47840713639021765,0.9024558013122741
heteroscedastic,2,10.0,0.25,predictivity,eu_group0,0.47840713639021765,0.6484848484848483
heteroscedastic,2,10.0,0.25,predictivity,eu_group1,0.47840713639021765,0.9515151515151514
heteroscedastic,2,10.0,0.25,predictivity,eu_id,0.47840713639021765,0.7696969696969697
heteroscedastic,2,10.0,0.25,predictivity,eu_heldout,0.47840713639021765,0.35757575757575755
heteroscedastic,2,10.0,0.25,cca_type,eu_agreement,1.0761895485877915e-08,0.7818181818181817
heteroscedastic,2,10.0,0.25,cca_type,acquisition_overlap,1.0761895485877915e-08,0.7012325483169698
heteroscedastic,2,10.0,0.25,cca_type,eu_group0,1.0761895485877915e-08,0.6
heteroscedastic,2,10.0,0.25,cca_type,eu_group1,1.0761895485877915e-08,0.8303030303030302
heteroscedastic,2,10.0,0.25,cca_type,eu_id,1.0761895485877915e-08,0.5878787878787878
heteroscedastic,2,10.0,0.25,cca_type,eu_heldout,1.0761895485877915e-08,-0.1515151515151515
heteroscedastic,2,10.0,0.25,smoother_001,eu_agreement,0.05278861047705752,0.7818181818181817
heteroscedastic,2,10.0,0.25,smoother_001,acquisition_overlap,0.05278861047705752,0.7012325483169698
heteroscedastic,2,10.0,0.25,smoother_001,eu_group0,0.05278861047705752,0.6
heteroscedastic,2,10.0,0.25,smoother_001,eu_group1,0.05278861047705752,0.8303030303030302
heteroscedastic,2,10.0,0.25,smoother_001,eu_id,0.05278861047705752,0.5878787878787878
heteroscedastic,2,10.0,0.25,smoother_001,eu_heldout,0.05278861047705752,-0.1515151515151515
heteroscedastic,2,10.0,0.25,smoother_1,eu_agreement,0.19537015868190233,0.8666666666666665
heteroscedastic,2,10.0,0.25,smoother_1,acquisition_overlap,0.19537015868190233,0.8048930119812175
heteroscedastic,2,10.0,0.25,smoother_1,eu_group0,0.19537015868190233,0.7454545454545454
heteroscedastic,2,10.0,0.25,smoother_1,eu_group1,0.19537015868190233,0.9272727272727272
heteroscedastic,2,10.0,0.25,smoother_1,eu_id,0.19537015868190233,0.7212121212121211
heteroscedastic,2,10.0,0.25,smoother_1,eu_heldout,0.19537015868190233,0.01818181818181818
heteroscedastic,2,10.0,1.0,cka,eu_agreement,0.5456154037050684,0.8424242424242423
heteroscedastic,2,10.0,1.0,cka,acquisition_overlap,0.5456154037050684,0.737818594316116
heteroscedastic,2,10.0,1.0,cka,eu_group0,0.5456154037050684,0.6242424242424242
heteroscedastic,2,10.0,1.0,cka,eu_group1,0.5456154037050684,0.9757575757575757
heteroscedastic,2,10.0,1.0,cka,eu_id,0.5456154037050684,0.7212121212121211
heteroscedastic,2,10.0,1.0,cka,eu_heldout,0.5456154037050684,0.10303030303030303
heteroscedastic,2,10.0,1.0,mknn,eu_agreement,0.3580705009276438,0.8303030303030302
heteroscedastic,2,10.0,1.0,mknn,acquisition_overlap,0.3580705009276438,0.725623245649734
heteroscedastic,2,10.0,1.0,mknn,eu_group0,0.3580705009276438,0.6848484848484848
heteroscedastic,2,10.0,1.0,mknn,eu_group1,0.3580705009276438,0.9515151515151514
heteroscedastic,2,10.0,1.0,mknn,eu_id,0.3580705009276438,0.6969696969696969
heteroscedastic,2,10.0,1.0,mknn,eu_heldout,0.3580705009276438,0.0303030303030303
heteroscedastic,2,10.0,1.0,predictivity,eu_agreement,0.47840713639021765,0.8060606060606059
heteroscedastic,2,10.0,1.0,predictivity,acquisition_overlap,0.47840713639021765,0.8902604526458922
heteroscedastic,2,10.0,1.0,predictivity,eu_group0,0.47840713639021765,0.5515151515151515
heteroscedastic,2,10.0,1.0,predictivity,eu_group1,0.47840713639021765,0.9151515151515152
heteroscedastic,2,10.0,1.0,predictivity,eu_id,0.47840713639021765,0.6727272727272726
heteroscedastic,2,10.0,1.0,predictivity,eu_heldout,0.47840713639021765,0.406060606060606
heteroscedastic,2,10.0,1.0,cca_type,eu_agreement,1.0761895485877915e-08,0.6606060606060605
heteroscedastic,2,10.0,1.0,cca_type,acquisition_overlap,1.0761895485877915e-08,0.5000092953216654
heteroscedastic,2,10.0,1.0,cca_type,eu_group0,1.0761895485877915e-08,0.5272727272727272
heteroscedastic,2,10.0,1.0,cca_type,eu_group1,1.0761895485877915e-08,0.8060606060606059
heteroscedastic,2,10.0,1.0,cca_type,eu_id,1.0761895485877915e-08,0.5393939393939393
heteroscedastic,2,10.0,1.0,cca_type,eu_heldout,1.0761895485877915e-08,-0.13939393939393938
heteroscedastic,2,10.0,1.0,smoother_001,eu_agreement,0.05278861047705752,0.6606060606060605
heteroscedastic,2,10.0,1.0,smoother_001,acquisition_overlap,0.05278861047705752,0.5000092953216654
heteroscedastic,2,10.0,1.0,smoother_001,eu_group0,0.05278861047705752,0.5272727272727272
heteroscedastic,2,10.0,1.0,smoother_001,eu_group1,0.05278861047705752,0.8060606060606059
heteroscedastic,2,10.0,1.0,smoother_001,eu_id,0.05278861047705752,0.5393939393939393
heteroscedastic,2,10.0,1.0,smoother_001,eu_heldout,0.05278861047705752,-0.13939393939393938
heteroscedastic,2,10.0,1.0,smoother_1,eu_agreement,0.19537015868190233,0.7818181818181817
heteroscedastic,2,10.0,1.0,smoother_1,acquisition_overlap,0.19537015868190233,0.6585488279846325
heteroscedastic,2,10.0,1.0,smoother_1,eu_group0,0.19537015868190233,0.6727272727272726
heteroscedastic,2,10.0,1.0,smoother_1,eu_group1,0.19537015868190233,0.9151515151515152
heteroscedastic,2,10.0,1.0,smoother_1,eu_id,0.19537015868190233,0.6606060606060605
heteroscedastic,2,10.0,1.0,smoother_1,eu_heldout,0.19537015868190233,0.05454545454545454
heteroscedastic,3,0.1,0.1,cka,eu_agreement,0.5642782290251159,0.8424242424242423
heteroscedastic,3,0.1,0.1,cka,acquisition_overlap,0.5642782290251159,0.859772080979937
heteroscedastic,3,0.1,0.1,cka,eu_group0,0.5642782290251159,0.8060606060606059
heteroscedastic,3,0.1,0.1,cka,eu_group1,0.5642782290251159,0.8060606060606059
heteroscedastic,3,0.1,0.1,cka,eu_id,0.5642782290251159,0.8787878787878788
heteroscedastic,3,0.1,0.1,cka,eu_heldout,0.5642782290251159,0.09090909090909088
heteroscedastic,3,0.1,0.1,mknn,eu_agreement,0.3669758812615955,0.8545454545454544
heteroscedastic,3,0.1,0.1,mknn,acquisition_overlap,0.3669758812615955,0.859772080979937
heteroscedastic,3,0.1,0.1,mknn,eu_group0,0.3669758812615955,0.8545454545454544
heteroscedastic,3,0.1,0.1,mknn,eu_group1,0.3669758812615955,0.7818181818181817
heteroscedastic,3,0.1,0.1,mknn,eu_id,0.3669758812615955,0.8909090909090909
heteroscedastic,3,0.1,0.1,mknn,eu_heldout,0.3669758812615955,0.07878787878787878
heteroscedastic,3,0.1,0.1,predictivity,eu_agreement,0.5094048943305203,0.9272727272727272
heteroscedastic,3,0.1,0.1,predictivity,acquisition_overlap,0.5094048943305203,0.9329441729782294
heteroscedastic,3,0.1,0.1,predictivity,eu_group0,0.5094048943305203,0.7696969696969697
heteroscedastic,3,0.1,0.1,predictivity,eu_group1,0.5094048943305203,0.9272727272727272
heteroscedastic,3,0.1,0.1,predictivity,eu_id,0.5094048943305203,0.9393939393939393
heteroscedastic,3,0.1,0.1,predictivity,eu_heldout,0.5094048943305203,0.34545454545454546
heteroscedastic,3,0.1,0.1,cca_type,eu_agreement,1.0332225408582474e-08,0.7454545454545454
heteroscedastic,3,0.1,0.1,cca_type,acquisition_overlap,1.0332225408582474e-08,0.8048930119812175
heteroscedastic,3,0.1,0.1,cca_type,eu_group0,1.0332225408582474e-08,0.7333333333333332
heteroscedastic,3,0.1,0.1,cca_type,eu_group1,1.0332225408582474e-08,0.6242424242424242
heteroscedastic,3,0.1,0.1,cca_type,eu_id,1.0332225408582474e-08,0.7818181818181817
heteroscedastic,3,0.1,0.1,cca_type,eu_heldout,1.0332225408582474e-08,-0.1515151515151515
heteroscedastic,3,0.1,0.1,smoother_001,eu_agreement,0.052380805110523565,0.7454545454545454
heteroscedastic,3,0.1,0.1,smoother_001,acquisition_overlap,0.052380805110523565,0.8048930119812175
heteroscedastic,3,0.1,0.1,smoother_001,eu_group0,0.052380805110523565,0.7333333333333332
heteroscedastic,3,0.1,0.1,smoother_001,eu_group1,0.052380805110523565,0.6242424242424242
heteroscedastic,3,0.1,0.1,smoother_001,eu_id,0.052380805110523565,0.7818181818181817
heteroscedastic,3,0.1,0.1,smoother_001,eu_heldout,0.052380805110523565,-0.1515151515151515
heteroscedastic,3,0.1,0.1,smoother_1,eu_agreement,0.19756496731708462,0.8303030303030302
heteroscedastic,3,0.1,0.1,smoother_1,acquisition_overlap,0.19756496731708462,0.8658697553131279
heteroscedastic,3,0.1,0.1,smoother_1,eu_group0,0.19756496731708462,0.8303030303030302
heteroscedastic,3,0.1,0.1,smoother_1,eu_group1,0.19756496731708462,0.7575757575757575
heteroscedastic,3,0.1,0.1,smoother_1,eu_id,0.19756496731708462,0.8545454545454544
heteroscedastic,3,0.1,0.1,smoother_1,eu_heldout,0.19756496731708462,0.06666666666666665
heteroscedastic,3,0.1,0.25,cka,eu_agreement,0.5642782290251159,0.8787878787878788
heteroscedastic,3,0.1,0.25,cka,acquisition_overlap,0.5642782290251159,0.8145934285312865
heteroscedastic,3,0.1,0.25,cka,eu_group0,0.5642782290251159,0.7575757575757575
heteroscedastic,3,0.1,0.25,cka,eu_group1,0.5642782290251159,0.8545454545454544
heteroscedastic,3,0.1,0.25,cka,eu_id,0.5642782290251159,0.8181818181818182
heteroscedastic,3,0.1,0.25,cka,eu_heldout,0.5642782290251159,0.09090909090909088
heteroscedastic,3,0.1,0.25,mknn,eu_agreement,0.3669758812615955,0.8909090909090909
heteroscedastic,3,0.1,0.25,mknn,acquisition_overlap,0.3669758812615955,0.790277206784084
heteroscedastic,3,0.1,0.25,mknn,eu_group0,0.3669758812615955,0.8181818181818182
heteroscedastic,3,0.1,0.25,mknn,eu_group1,0.3669758812615955,0.8303030303030302
heteroscedastic,3,0.1,0.25,mknn,eu_id,0.3669758812615955,0.8303030303030302
heteroscedastic,3,0.1,0.25,mknn,eu_heldout,0.3669758812615955,0.07878787878787878
heteroscedastic,3,0.1,0.25,predictivity,eu_agreement,0.5094048943305203,0.9393939393939393
heteroscedastic,3,0.1,0.25,predictivity,acquisition_overlap,0.5094048943305203,0.9118583155200968
heteroscedastic,3,0.1,0.25,predictivity,eu_group0,0.5094048943305203,0.6969696969696969
heteroscedastic,3,0.1,0.25,predictivity,eu_group1,0.5094048943305203,0.9393939393939393
heteroscedastic,3,0.1,0.25,predictivity,eu_id,0.5094048943305203,0.8666666666666665
heteroscedastic,3,0.1,0.25,predictivity,eu_heldout,0.5094048943305203,0.34545454545454546
heteroscedastic,3,0.1,0.25,cca_type,eu_agreement,1.0332225408582474e-08,0.7818181818181817
heteroscedastic,3,0.1,0.25,cca_type,acquisition_overlap,1.0332225408582474e-08,0.7294866524160775
heteroscedastic,3,0.1,0.25,cca_type,eu_group0,1.0332225408582474e-08,0.6727272727272726
heteroscedastic,3,0.1,0.25,cca_type,eu_group1,1.0332225408582474e-08,0.709090909090909
heteroscedastic,3,0.1,0.25,cca_type,eu_id,1.0332225408582474e-08,0.7212121212121211
heteroscedastic,3,0.1,0.25,cca_type,eu_heldout,1.0332225408582474e-08,-0.1515151515151515
heteroscedastic,3,0.1,0.25,smoother_001,eu_agreement,0.052380805110523565,0.7818181818181817
heteroscedastic,3,0.1,0.25,smoother_001,acquisition_overlap,0.052380805110523565,0.7294866524160775
heteroscedastic,3,0.1,0.25,smoother_001,eu_group0,0.052380805110523565,0.6727272727272726
heteroscedastic,3,0.1,0.25,smoother_001,eu_group1,0.052380805110523565,0.709090909090909
heteroscedastic,3,0.1,0.25,smoother_001,eu_id,0.052380805110523565,0.7212121212121211
heteroscedastic,3,0.1,0.25,smoother_001,eu_heldout,0.052380805110523565,-0.1515151515151515
heteroscedastic,3,0.1,0.25,smoother_1,eu_agreement,0.19756496731708462,0.8545454545454544
heteroscedastic,3,0.1,0.25,smoother_1,acquisition_overlap,0.19756496731708462,0.7781190959104827
heteroscedastic,3,0.1,0.25,smoother_1,eu_group0,0.19756496731708462,0.7818181818181817
heteroscedastic,3,0.1,0.25,smoother_1,eu_group1,0.19756496731708462,0.8303030303030302
heteroscedastic,3,0.1,0.25,smoother_1,eu_id,0.19756496731708462,0.7818181818181817
heteroscedastic,3,0.1,0.25,smoother_1,eu_heldout,0.19756496731708462,0.06666666666666665
heteroscedastic,3,0.1,1.0,cka,eu_agreement,0.5642782290251159,0.9272727272727272
heteroscedastic,3,0.1,1.0,cka,acquisition_overlap,0.5642782290251159,0.8449887057152898
heteroscedastic,3,0.1,1.0,cka,eu_group0,0.5642782290251159,0.7212121212121211
heteroscedastic,3,0.1,1.0,cka,eu_group1,0.5642782290251159,0.9272727272727272
heteroscedastic,3,0.1,1.0,cka,eu_id,0.5642782290251159,0.9030303030303028
heteroscedastic,3,0.1,1.0,cka,eu_heldout,0.5642782290251159,0.09090909090909088
heteroscedastic,3,0.1,1.0,mknn,eu_agreement,0.3669758812615955,0.9151515151515152
heteroscedastic,3,0.1,1.0,mknn,acquisition_overlap,0.3669758812615955,0.8206724839680872
heteroscedastic,3,0.1,1.0,mknn,eu_group0,0.3669758812615955,0.7575757575757575
heteroscedastic,3,0.1,1.0,mknn,eu_group1,0.3669758812615955,0.9030303030303028
heteroscedastic,3,0.1,1.0,mknn,eu_id,0.3669758812615955,0.8909090909090909
heteroscedastic,3,0.1,1.0,mknn,eu_heldout,0.3669758812615955,0.07878787878787878
heteroscedastic,3,0.1,1.0,predictivity,eu_agreement,0.5094048943305203,0.9272727272727272
heteroscedastic,3,0.1,1.0,predictivity,acquisition_overlap,0.5094048943305203,0.9361745372672995
heteroscedastic,3,0.1,1.0,predictivity,eu_group0,0.5094048943305203,0.6606060606060605
heteroscedastic,3,0.1,1.0,predictivity,eu_group1,0.5094048943305203,0.9272727272727272
heteroscedastic,3,0.1,1.0,predictivity,eu_id,0.5094048943305203,0.8787878787878788
heteroscedastic,3,0.1,1.0,predictivity,eu_heldout,0.5094048943305203,0.34545454545454546
heteroscedastic,3,0.1,1.0,cca_type,eu_agreement,1.0332225408582474e-08,0.7939393939393938
heteroscedastic,3,0.1,1.0,cca_type,acquisition_overlap,1.0332225408582474e-08,0.7051704306688749
heteroscedastic,3,0.1,1.0,cca_type,eu_group0,1.0332225408582474e-08,0.6848484848484848
heteroscedastic,3,0.1,1.0,cca_type,eu_group1,1.0332225408582474e-08,0.7939393939393938
heteroscedastic,3,0.1,1.0,cca_type,eu_id,1.0332225408582474e-08,0.7818181818181817
heteroscedastic,3,0.1,1.0,cca_type,eu_heldout,1.0332225408582474e-08,-0.1515151515151515
heteroscedastic,3,0.1,1.0,smoother_001,eu_agreement,0.052380805110523565,0.7939393939393938
heteroscedastic,3,0.1,1.0,smoother_001,acquisition_overlap,0.052380805110523565,0.7051704306688749
heteroscedastic,3,0.1,1.0,smoother_001,eu_group0,0.052380805110523565,0.6848484848484848
heteroscedastic,3,0.1,1.0,smoother_001,eu_group1,0.052380805110523565,0.7939393939393938
heteroscedastic,3,0.1,1.0,smoother_001,eu_id,0.052380805110523565,0.7818181818181817
heteroscedastic,3,0.1,1.0,smoother_001,eu_heldout,0.052380805110523565,-0.1515151515151515
heteroscedastic,3,0.1,1.0,smoother_1,eu_agreement,0.19756496731708462,0.8666666666666665
heteroscedastic,3,0.1,1.0,smoother_1,acquisition_overlap,0.19756496731708462,0.7841981513472833
heteroscedastic,3,0.1,1.0,smoother_1,eu_group0,0.19756496731708462,0.7939393939393938
heteroscedastic,3,0.1,1.0,smoother_1,eu_group1,0.19756496731708462,0.8545454545454544
heteroscedastic,3,0.1,1.0,smoother_1,eu_id,0.19756496731708462,0.8424242424242423
heteroscedastic,3,0.1,1.0,smoother_1,eu_heldout,0.19756496731708462,0.06666666666666665
heteroscedastic,3,1.0,0.1,cka,eu_agreement,0.5642782290251159,0.9636363636363635
heteroscedastic,3,1.0,0.1,cka,acquisition_overlap,0.5642782290251159,0.7696969696969697
heteroscedastic,3,1.0,0.1,cka,eu_group0,0.5642782290251159,0.8303030303030302
heteroscedastic,3,1.0,0.1,cka,eu_group1,0.5642782290251159,0.9757575757575757
heteroscedastic,3,1.0,0.1,cka,eu_id,0.5642782290251159,0.9515151515151514
heteroscedastic,3,1.0,0.1,cka,eu_heldout,0.5642782290251159,0.04242424242424241
heteroscedastic,3,1.0,0.1,mknn,eu_agreement,0.3669758812615955,0.9515151515151514
heteroscedastic,3,1.0,0.1,mknn,acquisition_overlap,0.3669758812615955,0.7333333333333332
heteroscedastic,3,1.0,0.1,mknn,eu_group0,0.3669758812615955,0.8666666666666665
heteroscedastic,3,1.0,0.1,mknn,eu_group1,0.3669758812615955,0.9636363636363635
heteroscedastic,3,1.0,0.1,mknn,eu_id,0.3669758812615955,0.9636363636363635
heteroscedastic,3,1.0,0.1,mknn,eu_heldout,0.3669758812615955,0.01818181818181818
heteroscedastic,3,1.0,0.1,predictivity,eu_agreement,0.5094048943305203,0.9515151515151514
heteroscedastic,3,1.0,0.1,predictivity,acquisition_overlap,0.5094048943305203,0.8666666666666665
heteroscedastic,3,1.0,0.1,predictivity,eu_group0,0.5094048943305203,0.7818181818181817
heteroscedastic,3,1.0,0.1,predictivity,eu_group1,0.5094048943305203,0.9636363636363635
heteroscedastic,3,1.0,0.1,predictivity,eu_id,0.5094048943305203,0.9393939393939393
heteroscedastic,3,1.0,0.1,predictivity,eu_heldout,0.5094048943305203,0.29696969696969694
heteroscedastic,3,1.0,0.1,cca_type,eu_agreement,1.0332225408582474e-08,0.8424242424242423
heteroscedastic,3,1.0,0.1,cca_type,acquisition_overlap,1.0332225408582474e-08,0.709090909090909
heteroscedastic,3,1.0,0.1,cca_type,eu_group0,1.0332225408582474e-08,0.8424242424242423
heteroscedastic,3,1.0,0.1,cca_type,eu_group1,1.0332225408582474e-08,0.8303030303030302
heteroscedastic,3,1.0,0.1,cca_type,eu_id,1.0332225408582474e-08,0.8181818181818182
heteroscedastic,3,1.0,0.1,cca_type,eu_heldout,1.0332225408582474e-08,-0.16363636363636364
heteroscedastic,3,1.0,0.1,smoother_001,eu_agreement,0.052380805110523565,0.8424242424242423
heteroscedastic,3,1.0,0.1,smoother_001,acquisition_overlap,0.052380805110523565,0.709090909090909
heteroscedastic,3,1.0,0.1,smoother_001,eu_group0,0.052380805110523565,0.8424242424242423
heteroscedastic,3,1.0,0.1,smoother_001,eu_group1,0.052380805110523565,0.8303030303030302
heteroscedastic,3,1.0,0.1,smoother_001,eu_id,0.052380805110523565,0.8181818181818182
heteroscedastic,3,1.0,0.1,smoother_001,eu_heldout,0.052380805110523565,-0.16363636363636364
heteroscedastic,3,1.0,0.1,smoother_1,eu_agreement,0.19756496731708462,0.9151515151515152
heteroscedastic,3,1.0,0.1,smoother_1,acquisition_overlap,0.19756496731708462,0.7333333333333332
heteroscedastic,3,1.0,0.1,smoother_1,eu_group0,0.19756496731708462,0.9151515151515152
heteroscedastic,3,1.0,0.1,smoother_1,eu_group1,0.19756496731708462,0.9272727272727272
heteroscedastic,3,1.0,0.1,smoother_1,eu_id,0.19756496731708462,0.9030303030303028
heteroscedastic,3,1.0,0.1,smoother_1,eu_heldout,0.19756496731708462,0.04242424242424241
heteroscedastic,3,1.0,0.25,cka,eu_agreement,0.5642782290251159,0.9272727272727272
heteroscedastic,3,1.0,0.25,cka,acquisition_overlap,0.5642782290251159,0.8353813836471727
heteroscedastic,3,1.0,0.25,cka,eu_group0,0.5642782290251159,0.7333333333333332
heteroscedastic,3,1.0,0.25,cka,eu_group1,0.5642782290251159,0.9878787878787878
heteroscedastic,3,1.0,0.25,cka,eu_id,0.5642782290251159,0.8909090909090909
heteroscedastic,3,1.0,0.25,cka,eu_heldout,0.5642782290251159,0.09090909090909088
heteroscedastic,3,1.0,0.25,mknn,eu_agreement,0.3669758812615955,0.9393939393939393
heteroscedastic,3,1.0,0.25,mknn,acquisition_overlap,0.3669758812615955,0.8109906863144085
heteroscedastic,3,1.0,0.25,mknn,eu_group0,0.3669758812615955,0.7696969696969697
heteroscedastic,3,1.0,0.25,mknn,eu_group1,0.3669758812615955,0.9757575757575757
heteroscedastic,3,1.0,0.25,mknn,eu_id,0.3669758812615955,0.9030303030303028
heteroscedastic,3,1.0,0.25,mknn,eu_heldout,0.3669758812615955,0.07878787878787878
heteroscedastic,3,1.0,0.25,predictivity,eu_agreement,0.5094048943305203,0.8909090909090909
heteroscedastic,3,1.0,0.25,predictivity,acquisition_overlap,0.5094048943305203,0.9268464986450384
heteroscedastic,3,1.0,0.25,predictivity,eu_group0,0.5094048943305203,0.6484848484848483
heteroscedastic,3,1.0,0.25,predictivity,eu_group1,0.5094048943305203,0.9515151515151514
heteroscedastic,3,1.0,0.25,predictivity,eu_id,0.5094048943305203,0.8666666666666665
heteroscedastic,3,1.0,0.25,predictivity,eu_heldout,0.5094048943305203,0.34545454545454546
heteroscedastic,3,1.0,0.25,cca_type,eu_agreement,1.0332225408582474e-08,0.8060606060606059
heteroscedastic,3,1.0,0.25,cca_type,acquisition_overlap,1.0332225408582474e-08,0.7561116173156892
heteroscedastic,3,1.0,0.25,cca_type,eu_group0,1.0332225408582474e-08,0.7454545454545454
heteroscedastic,3,1.0,0.25,cca_type,eu_group1,1.0332225408582474e-08,0.8909090909090909
heteroscedastic,3,1.0,0.25,cca_type,eu_id,1.0332225408582474e-08,0.7575757575757575
heteroscedastic,3,1.0,0.25,cca_type,eu_heldout,1.0332225408582474e-08,-0.1515151515151515
heteroscedastic,3,1.0,0.25,smoother_001,eu_agreement,0.052380805110523565,0.8060606060606059
heteroscedastic,3,1.0,0.25,smoother_001,acquisition_overlap,0.052380805110523565,0.7561116173156892
heteroscedastic,3,1.0,0.25,smoother_001,eu_group0,0.052380805110523565,0.7454545454545454
heteroscedastic,3,1.0,0.25,smoother_001,eu_group1,0.052380805110523565,0.8909090909090909
heteroscedastic,3,1.0,0.25,smoother_001,eu_id,0.052380805110523565,0.7575757575757575
heteroscedastic,3,1.0,0.25,smoother_001,eu_heldout,0.052380805110523565,-0.1515151515151515
heteroscedastic,3,1.0,0.25,smoother_1,eu_agreement,0.19756496731708462,0.8787878787878788
heteroscedastic,3,1.0,0.25,smoother_1,acquisition_overlap,0.19756496731708462,0.8048930119812175
heteroscedastic,3,1.0,0.25,smoother_1,eu_group0,0.19756496731708462,0.8303030303030302
heteroscedastic,3,1.0,0.25,smoother_1,eu_group1,0.19756496731708462,0.9636363636363635
heteroscedastic,3,1.0,0.25,smoother_1,eu_id,0.19756496731708462,0.8303030303030302
heteroscedastic,3,1.0,0.25,smoother_1,eu_heldout,0.19756496731708462,0.06666666666666665
heteroscedastic,3,1.0,1.0,cka,eu_agreement,0.5642782290251159,0.8787878787878788
heteroscedastic,3,1.0,1.0,cka,acquisition_overlap,0.5642782290251159,0.7890240316738918
heteroscedastic,3,1.0,1.0,cka,eu_group0,0.5642782290251159,0.6363636363636362
heteroscedastic,3,1.0,1.0,cka,eu_group1,0.5642782290251159,0.9393939393939393
heteroscedastic,3,1.0,1.0,cka,eu_id,0.5642782290251159,0.7939393939393938
heteroscedastic,3,1.0,1.0,cka,eu_heldout,0.5642782290251159,0.10303030303030303
heteroscedastic,3,1.0,1.0,mknn,eu_agreement,0.3669758812615955,0.8545454545454544
heteroscedastic,3,1.0,1.0,mknn,acquisition_overlap,0.3669758812615955,0.7706746355884525
heteroscedastic,3,1.0,1.0,mknn,eu_group0,0.3669758812615955,0.6484848484848483
heteroscedastic,3,1.0,1.0,mknn,eu_group1,0.3669758812615955,0.9272727272727272
heteroscedastic,3,1.0,1.0,mknn,eu_id,0.3669758812615955,0.7696969696969697
heteroscedastic,3,1.0,1.0,mknn,eu_heldout,0.3669758812615955,0.09090909090909088
heteroscedastic,3,1.0,1.0,predictivity,eu_agreement,0.5094048943305203,0.8666666666666665
heteroscedastic,3,1.0,1.0,predictivity,acquisition_overlap,0.5094048943305203,0.9235862696337802
heteroscedastic,3,1.0,1.0,predictivity,eu_group0,0.5094048943305203,0.5515151515151515
heteroscedastic,3,1.0,1.0,predictivity,eu_group1,0.5094048943305203,0.9393939393939393
heteroscedastic,3,1.0,1.0,predictivity,eu_id,0.5094048943305203,0.7939393939393938
heteroscedastic,3,1.0,1.0,predictivity,eu_heldout,0.5094048943305203,0.38181818181818183
heteroscedastic,3,1.0,1.0,cca_type,eu_agreement,1.0332225408582474e-08,0.7575757575757575
heteroscedastic,3,1.0,1.0,cca_type,acquisition_overlap,1.0332225408582474e-08,0.5688312786486196
heteroscedastic,3,1.0,1.0,cca_type,eu_group0,1.0332225408582474e-08,0.6363636363636362
heteroscedastic,3,1.0,1.0,cca_type,eu_group1,1.0332225408582474e-08,0.7818181818181817
heteroscedastic,3,1.0,1.0,cca_type,eu_id,1.0332225408582474e-08,0.6969696969696969
heteroscedastic,3,1.0,1.0,cca_type,eu_heldout,1.0332225408582474e-08,-0.12727272727272726
heteroscedastic,3,1.0,1.0,smoother_001,eu_agreement,0.052380805110523565,0.7575757575757575
heteroscedastic,3,1.0,1.0,smoother_001,acquisition_overlap,0.052380805110523565,0.5688312786486196
heteroscedastic,3,1.0,1.0,smoother_001,eu_group0,0.052380805110523565,0.6363636363636362
heteroscedastic,3,1.0,1.0,smoother_001,eu_group1,0.052380805110523565,0.7818181818181817
heteroscedastic,3,1.0,1.0,smoother_001,eu_id,0.052380805110523565,0.6969696969696969
heteroscedastic,3,1.0,1.0,smoother_001,eu_heldout,0.052380805110523565,-0.12727272727272726
heteroscedastic,3,1.0,1.0,smoother_1,eu_agreement,0.19756496731708462,0.8303030303030302
heteroscedastic,3,1.0,1.0,smoother_1,acquisition_overlap,0.19756496731708462,0.7156264473321343
heteroscedastic,3,1.0,1.0,smoother_1,eu_group0,0.19756496731708462,0.7333333333333332
heteroscedastic,3,1.0,1.0,smoother_1,eu_group1,0.19756496731708462,0.8787878787878788
heteroscedastic,3,1.0,1.0,smoother_1,eu_id,0.19756496731708462,0.7818181818181817
heteroscedastic,3,1.0,1.0,smoother_1,eu_heldout,0.19756496731708462,0.07878787878787878
heteroscedastic,3,10.0,0.1,cka,eu_agreement,0.5642782290251159,0.9636363636363635
heteroscedastic,3,10.0,0.1,cka,acquisition_overlap,0.5642782290251159,0.7622092916488802
heteroscedastic,3,10.0,0.1,cka,eu_group0,0.5642782290251159,0.8060606060606059
heteroscedastic,3,10.0,0.1,cka,eu_group1,0.5642782290251159,0.9878787878787878
heteroscedastic,3,10.0,0.1,cka,eu_id,0.5642782290251159,0.9151515151515152
heteroscedastic,3,10.0,0.1,cka,eu_heldout,0.5642782290251159,0.04242424242424241
heteroscedastic,3,10.0,0.1,mknn,eu_agreement,0.3669758812615955,0.9757575757575757
heteroscedastic,3,10.0,0.1,mknn,acquisition_overlap,0.3669758812615955,0.7195255713165428
heteroscedastic,3,10.0,0.1,mknn,eu_group0,0.3669758812615955,0.8424242424242423
heteroscedastic,3,10.0,0.1,mknn,eu_group1,0.3669758812615955,0.9757575757575757
heteroscedastic,3,10.0,0.1,mknn,eu_id,0.3669758812615955,0.9393939393939393
heteroscedastic,3,10.0,0.1,mknn,eu_heldout,0.3669758812615955,0.01818181818181818
heteroscedastic,3,10.0,0.1,predictivity,eu_agreement,0.5094048943305203,0.9272727272727272
heteroscedastic,3,10.0,0.1,predictivity,acquisition_overlap,0.5094048943305203,0.8353813836471727
heteroscedastic,3,10.0,0.1,predictivity,eu_group0,0.5094048943305203,0.7333333333333332
heteroscedastic,3,10.0,0.1,predictivity,eu_group1,0.5094048943305203,0.9515151515151514
heteroscedastic,3,10.0,0.1,predictivity,eu_id,0.5094048943305203,0.8424242424242423
heteroscedastic,3,10.0,0.1,predictivity,eu_heldout,0.5094048943305203,0.29696969696969694
heteroscedastic,3,10.0,0.1,cca_type,eu_agreement,1.0332225408582474e-08,0.8787878787878788
heteroscedastic,3,10.0,0.1,cca_type,acquisition_overlap,1.0332225408582474e-08,0.7865999889816444
heteroscedastic,3,10.0,0.1,cca_type,eu_group0,1.0332225408582474e-08,0.8303030303030302
heteroscedastic,3,10.0,0.1,cca_type,eu_group1,1.0332225408582474e-08,0.8909090909090909
heteroscedastic,3,10.0,0.1,cca_type,eu_id,1.0332225408582474e-08,0.8787878787878788
heteroscedastic,3,10.0,0.1,cca_type,eu_heldout,1.0332225408582474e-08,-0.16363636363636364
heteroscedastic,3,10.0,0.1,smoother_001,eu_agreement,0.052380805110523565,0.8787878787878788
heteroscedastic,3,10.0,0.1,smoother_001,acquisition_overlap,0.052380805110523565,0.7865999889816444
heteroscedastic,3,10.0,0.1,smoother_001,eu_group0,0.052380805110523565,0.8303030303030302
heteroscedastic,3,10.0,0.1,smoother_001,eu_group1,0.052380805110523565,0.8909090909090909
heteroscedastic,3,10.0,0.1,smoother_001,eu_id,0.052380805110523565,0.8787878787878788
heteroscedastic,3,10.0,0.1,smoother_001,eu_heldout,0.052380805110523565,-0.16363636363636364
heteroscedastic,3,10.0,0.1,smoother_1,eu_agreement,0.19756496731708462,0.9393939393939393
heteroscedastic,3,10.0,0.1,smoother_1,acquisition_overlap,0.19756496731708462,0.7926976633148354
heteroscedastic,3,10.0,0.1,smoother_1,eu_group0,0.19756496731708462,0.8909090909090909
heteroscedastic,3,10.0,0.1,smoother_1,eu_group1,0.19756496731708462,0.9636363636363635
heteroscedastic,3,10.0,0.1,smoother_1,eu_id,0.19756496731708462,0.9272727272727272
heteroscedastic,3,10.0,0.1,smoother_1,eu_heldout,0.19756496731708462,0.04242424242424241
heteroscedastic,3,10.0,0.25,cka,eu_agreement,0.5642782290251159,0.9151515151515152
heteroscedastic,3,10.0,0.25,cka,acquisition_overlap,0.5642782290251159,0.8024353176576852
heteroscedastic,3,10.0,0.25,cka,eu_group0,0.5642782290251159,0.7454545454545454
heteroscedastic,3,10.0,0.25,cka,eu_group1,0.5642782290251159,0.9878787878787878
heteroscedastic,3,10.0,0.25,cka,eu_id,0.5642782290251159,0.8787878787878788
heteroscedastic,3,10.0,0.25,cka,eu_heldout,0.5642782290251159,0.0303030303030303
heteroscedastic,3,10.0,0.25,mknn,eu_agreement,0.3669758812615955,0.9393939393939393
heteroscedastic,3,10.0,0.25,mknn,acquisition_overlap,0.3669758812615955,0.8024353176576852
heteroscedastic,3,10.0,0.25,mknn,eu_group0,0.3669758812615955,0.7818181818181817
heteroscedastic,3,10.0,0.25,mknn,eu_group1,0.3669758812615955,0.9757575757575757
heteroscedastic,3,10.0,0.25,mknn,eu_id,0.3669758812615955,0.9151515151515152
heteroscedastic,3,10.0,0.25,mknn,eu_heldout,0.3669758812615955,-0.006060606060606061
heteroscedastic,3,10.0,0.25,predictivity,eu_agreement,0.5094048943305203,0.8424242424242423
heteroscedastic,3,10.0,0.25,predictivity,acquisition_overlap,0.5094048943305203,0.9118583155200968
heteroscedastic,3,10.0,0.25,predictivity,eu_group0,0.5094048943305203,0.6363636363636362
heteroscedastic,3,10.0,0.25,predictivity,eu_group1,0.5094048943305203,0.9515151515151514
heteroscedastic,3,10.0,0.25,predictivity,eu_id,0.5094048943305203,0.8181818181818182
heteroscedastic,3,10.0,0.25,predictivity,eu_heldout,0.5094048943305203,0.28484848484848485
heteroscedastic,3,10.0,0.25,cca_type,eu_agreement,1.0332225408582474e-08,0.8787878787878788
heteroscedastic,3,10.0,0.25,cca_type,acquisition_overlap,1.0332225408582474e-08,0.6747751534848716
heteroscedastic,3,10.0,0.25,cca_type,eu_group0,1.0332225408582474e-08,0.7212121212121211
heteroscedastic,3,10.0,0.25,cca_type,eu_group1,1.0332225408582474e-08,0.8909090909090909
heteroscedastic,3,10.0,0.25,cca_type,eu_id,1.0332225408582474e-08,0.8303030303030302
heteroscedastic,3,10.0,0.25,cca_type,eu_heldout,1.0332225408582474e-08,-0.1515151515151515
heteroscedastic,3,10.0,0.25,smoother_001,eu_agreement,0.052380805110523565,0.8787878787878788
heteroscedastic,3,10.0,0.25,smoother_001,acquisition_overlap,0.052380805110523565,0.6747751534848716
heteroscedastic,3,10.0,0.25,smoother_001,eu_group0,0.052380805110523565,0.7212121212121211
heteroscedastic,3,10.0,0.25,smoother_001,eu_group1,0.052380805110523565,0.8909090909090909
heteroscedastic,3,10.0,0.25,smoother_001,eu_id,0.052380805110523565,0.8303030303030302
heteroscedastic,3,10.0,0.25,smoother_001,eu_heldout,0.052380805110523565,-0.1515151515151515
heteroscedastic,3,10.0,0.25,smoother_1,eu_agreement,0.19756496731708462,0.9272727272727272
heteroscedastic,3,10.0,0.25,smoother_1,acquisition_overlap,0.19756496731708462,0.8145934285312865
heteroscedastic,3,10.0,0.25,smoother_1,eu_group0,0.19756496731708462,0.8181818181818182
heteroscedastic,3,10.0,0.25,smoother_1,eu_group1,0.19756496731708462,0.9636363636363635
heteroscedastic,3,10.0,0.25,smoother_1,eu_id,0.19756496731708462,0.9030303030303028
heteroscedastic,3,10.0,0.25,smoother_1,eu_heldout,0.19756496731708462,0.01818181818181818
heteroscedastic,3,10.0,1.0,cka,eu_agreement,0.5642782290251159,0.8303030303030302
heteroscedastic,3,10.0,1.0,cka,acquisition_overlap,0.5642782290251159,0.7645581702266392
heteroscedastic,3,10.0,1.0,cka,eu_group0,0.5642782290251159,0.6242424242424242
heteroscedastic,3,10.0,1.0,cka,eu_group1,0.5642782290251159,0.9636363636363635
heteroscedastic,3,10.0,1.0,cka,eu_id,0.5642782290251159,0.6848484848484848
heteroscedastic,3,10.0,1.0,cka,eu_heldout,0.5642782290251159,0.12727272727272726
heteroscedastic,3,10.0,1.0,mknn,eu_agreement,0.3669758812615955,0.8181818181818182
heteroscedastic,3,10.0,1.0,mknn,acquisition_overlap,0.3669758812615955,0.7767911009502655
heteroscedastic,3,10.0,1.0,mknn,eu_group0,0.3669758812615955,0.6363636363636362
heteroscedastic,3,10.0,1.0,mknn,eu_group1,0.3669758812615955,0.9515151515151514
heteroscedastic,3,10.0,1.0,mknn,eu_id,0.3669758812615955,0.6969696969696969
heteroscedastic,3,10.0,1.0,mknn,eu_heldout,0.3669758812615955,0.10303030303030303
heteroscedastic,3,10.0,1.0,predictivity,eu_agreement,0.5094048943305203,0.8060606060606059
heteroscedastic,3,10.0,1.0,predictivity,acquisition_overlap,0.5094048943305203,0.911353338910154
heteroscedastic,3,10.0,1.0,predictivity,eu_group0,0.5094048943305203,0.5030303030303029
heteroscedastic,3,10.0,1.0,predictivity,eu_group1,0.5094048943305203,0.9272727272727272
heteroscedastic,3,10.0,1.0,predictivity,eu_id,0.5094048943305203,0.6484848484848483
heteroscedastic,3,10.0,1.0,predictivity,eu_heldout,0.5094048943305203,0.35757575757575755
heteroscedastic,3,10.0,1.0,cca_type,eu_agreement,1.0332225408582474e-08,0.6848484848484848
heteroscedastic,3,10.0,1.0,cca_type,acquisition_overlap,1.0332225408582474e-08,0.5443654172013671
heteroscedastic,3,10.0,1.0,cca_type,eu_group0,1.0332225408582474e-08,0.5393939393939393
heteroscedastic,3,10.0,1.0,cca_type,eu_group1,1.0332225408582474e-08,0.8060606060606059
heteroscedastic,3,10.0,1.0,cca_type,eu_id,1.0332225408582474e-08,0.5393939393939393
heteroscedastic,3,10.0,1.0,cca_type,eu_heldout,1.0332225408582474e-08,-0.10303030303030303
heteroscedastic,3,10.0,1.0,smoother_001,eu_agreement,0.052380805110523565,0.6848484848484848
heteroscedastic,3,10.0,1.0,smoother_001,acquisition_overlap,0.052380805110523565,0.5443654172013671
heteroscedastic,3,10.0,1.0,smoother_001,eu_group0,0.052380805110523565,0.5393939393939393
heteroscedastic,3,10.0,1.0,smoother_001,eu_group1,0.052380805110523565,0.8060606060606059
heteroscedastic,3,10.0,1.0,smoother_001,eu_id,0.052380805110523565,0.5393939393939393
heteroscedastic,3,10.0,1.0,smoother_001,eu_heldout,0.052380805110523565,-0.10303030303030303
heteroscedastic,3,10.0,1.0,smoother_1,eu_agreement,0.19756496731708462,0.7939393939393938
heteroscedastic,3,10.0,1.0,smoother_1,acquisition_overlap,0.19756496731708462,0.7156264473321343
heteroscedastic,3,10.0,1.0,smoother_1,eu_group0,0.19756496731708462,0.6606060606060605
heteroscedastic,3,10.0,1.0,smoother_1,eu_group1,0.19756496731708462,0.9151515151515152
heteroscedastic,3,10.0,1.0,smoother_1,eu_id,0.19756496731708462,0.6606060606060605
heteroscedastic,3,10.0,1.0,smoother_1,eu_heldout,0.19756496731708462,0.12727272727272726
heteroscedastic,4,0.1,0.1,cka,eu_agreement,0.5482176260427498,0.8424242424242423
heteroscedastic,4,0.1,0.1,cka,acquisition_overlap,0.5482176260427498,0.7841981513472833
heteroscedastic,4,0.1,0.1,cka,eu_group0,0.5482176260427498,0.7696969696969697
heteroscedastic,4,0.1,0.1,cka,eu_group1,0.5482176260427498,0.7575757575757575
heteroscedastic,4,0.1,0.1,cka,eu_id,0.5482176260427498,0.8181818181818182
heteroscedastic,4,0.1,0.1,cka,eu_heldout,0.5482176260427498,-0.006060606060606061
heteroscedastic,4,0.1,0.1,mknn,eu_agreement,0.4,0.8303030303030302
heteroscedastic,4,0.1,0.1,mknn,acquisition_overlap,0.4,0.7538028741632801
heteroscedastic,4,0.1,0.1,mknn,eu_group0,0.4,0.7575757575757575
heteroscedastic,4,0.1,0.1,mknn,eu_group1,0.4,0.7212121212121211
heteroscedastic,4,0.1,0.1,mknn,eu_id,0.4,0.7939393939393938
heteroscedastic,4,0.1,0.1,mknn,eu_heldout,0.4,0.0303030303030303
heteroscedastic,4,0.1,0.1,predictivity,eu_agreement,0.5842067170417073,0.8787878787878788
heteroscedastic,4,0.1,0.1,predictivity,acquisition_overlap,0.5842067170417073,0.7659609850368815
heteroscedastic,4,0.1,0.1,predictivity,eu_group0,0.5842067170417073,0.6848484848484848
heteroscedastic,4,0.1,0.1,predictivity,eu_group1,0.5842067170417073,0.9272727272727272
heteroscedastic,4,0.1,0.1,predictivity,eu_id,0.5842067170417073,0.8181818181818182
heteroscedastic,4,0.1,0.1,predictivity,eu_heldout,0.5842067170417073,0.35757575757575755
heteroscedastic,4,0.1,0.1,cca_type,eu_agreement,1.1039674396862154e-08,0.7333333333333332
heteroscedastic,4,0.1,0.1,cca_type,acquisition_overlap,1.1039674396862154e-08,0.8267515394048879
heteroscedastic,4,0.1,0.1,cca_type,eu_group0,1.1039674396862154e-08,0.6848484848484848
heteroscedastic,4,0.1,0.1,cca_type,eu_group1,1.1039674396862154e-08,0.6
heteroscedastic,4,0.1,0.1,cca_type,eu_id,1.1039674396862154e-08,0.7212121212121211
heteroscedastic,4,0.1,0.1,cca_type,eu_heldout,1.1039674396862154e-08,-0.2121212121212121
heteroscedastic,4,0.1,0.1,smoother_001,eu_agreement,0.05302942642132269,0.7333333333333332
heteroscedastic,4,0.1,0.1,smoother_001,acquisition_overlap,0.05302942642132269,0.8267515394048879
heteroscedastic,4,0.1,0.1,smoother_001,eu_group0,0.05302942642132269,0.6848484848484848
heteroscedastic,4,0.1,0.1,smoother_001,eu_group1,0.05302942642132269,0.6
heteroscedastic,4,0.1,0.1,smoother_001,eu_id,0.05302942642132269,0.7212121212121211
heteroscedastic,4,0.1,0.1,smoother_001,eu_heldout,0.05302942642132269,-0.2121212121212121
heteroscedastic,4,0.1,0.1,smoother_1,eu_agreement,0.2019307962318121,0.8060606060606059
heteroscedastic,4,0.1,0.1,smoother_1,acquisition_overlap,0.2019307962318121,0.790277206784084
heteroscedastic,4,0.1,0.1,smoother_1,eu_group0,0.2019307962318121,0.7818181818181817
heteroscedastic,4,0.1,0.1,smoother_1,eu_group1,0.2019307962318121,0.7212121212121211
heteroscedastic,4,0.1,0.1,smoother_1,eu_id,0.2019307962318121,0.7818181818181817
heteroscedastic,4,0.1,0.1,smoother_1,eu_heldout,0.2019307962318121,-0.04242424242424241
heteroscedastic,4,0.1,0.25,cka,eu_agreement,0.5482176260427498,0.8181818181818182
heteroscedastic,4,0.1,0.25,cka,acquisition_overlap,0.5482176260427498,0.8247129895615292
heteroscedastic,4,0.1,0.25,cka,eu_group0,0.5482176260427498,0.8181818181818182
heteroscedastic,4,0.1,0.25,cka,eu_group1,0.5482176260427498,0.7939393939393938
heteroscedastic,4,0.1,0.25,cka,eu_id,0.5482176260427498,0.8303030303030302
heteroscedastic,4,0.1,0.25,cka,eu_heldout,0.5482176260427498,0.0303030303030303
heteroscedastic,4,0.1,0.25,mknn,eu_agreement,0.4,0.7818181818181817
heteroscedastic,4,0.1,0.25,mknn,acquisition_overlap,0.4,0.8124038404635959
heteroscedastic,4,0.1,0.25,mknn,eu_group0,0.4,0.8181818181818182
heteroscedastic,4,0.1,0.25,mknn,eu_group1,0.4,0.7454545454545454
heteroscedastic,4,0.1,0.25,mknn,eu_id,0.4,0.7818181818181817
heteroscedastic,4,0.1,0.25,mknn,eu_heldout,0.4,0.05454545454545454
heteroscedastic,4,0.1,0.25,predictivity,eu_agreement,0.5842067170417073,0.8909090909090909
heteroscedastic,4,0.1,0.25,predictivity,acquisition_overlap,0.5842067170417073,0.9354953314429287
heteroscedastic,4,0.1,0.25,predictivity,eu_group0,0.5842067170417073,0.6606060606060605
heteroscedastic,4,0.1,0.25,predictivity,eu_group1,0.5842067170417073,0.9393939393939393
heteroscedastic,4,0.1,0.25,predictivity,eu_id,0.5842067170417073,0.8424242424242423
heteroscedastic,4,0.1,0.25,predictivity,eu_heldout,0.5842067170417073,0.38181818181818183
heteroscedastic,4,0.1,0.25,cca_type,eu_agreement,1.1039674396862154e-08,0.7212121212121211
heteroscedastic,4,0.1,0.25,cca_type,acquisition_overlap,1.1039674396862154e-08,0.6893123494842632
heteroscedastic,4,0.1,0.25,cca_type,eu_group0,1.1039674396862154e-08,0.7939393939393938
heteroscedastic,4,0.1,0.25,cca_type,eu_group1,1.1039674396862154e-08,0.6363636363636362
heteroscedastic,4,0.1,0.25,cca_type,eu_id,1.1039674396862154e-08,0.7454545454545454
heteroscedastic,4,0.1,0.25,cca_type,eu_heldout,1.1039674396862154e-08,-0.18787878787878787
heteroscedastic,4,0.1,0.25,smoother_001,eu_agreement,0.05302942642132269,0.7212121212121211
heteroscedastic,4,0.1,0.25,smoother_001,acquisition_overlap,0.05302942642132269,0.6893123494842632
heteroscedastic,4,0.1,0.25,smoother_001,eu_group0,0.05302942642132269,0.7939393939393938
heteroscedastic,4,0.1,0.25,smoother_001,eu_group1,0.05302942642132269,0.6363636363636362
heteroscedastic,4,0.1,0.25,smoother_001,eu_id,0.05302942642132269,0.7454545454545454
heteroscedastic,4,0.1,0.25,smoother_001,eu_heldout,0.05302942642132269,-0.18787878787878787
heteroscedastic,4,0.1,0.25,smoother_1,eu_agreement,0.2019307962318121,0.7939393939393938
heteroscedastic,4,0.1,0.25,smoother_1,acquisition_overlap,0.2019307962318121,0.7877855422677295
heteroscedastic,4,0.1,0.25,smoother_1,eu_group0,0.2019307962318121,0.8666666666666665
heteroscedastic,4,0.1,0.25,smoother_1,eu_group1,0.2019307962318121,0.7333333333333332
heteroscedastic,4,0.1,0.25,smoother_1,eu_id,0.2019307962318121,0.7939393939393938
heteroscedastic,4,0.1,0.25,smoother_1,eu_heldout,0.2019307962318121,-0.006060606060606061
heteroscedastic,4,0.1,1.0,cka,eu_agreement,0.5482176260427498,0.9272727272727272
heteroscedastic,4,0.1,1.0,cka,acquisition_overlap,0.5482176260427498,0.8719674296463189
heteroscedastic,4,0.1,1.0,cka,eu_group0,0.5482176260427498,0.7333333333333332
heteroscedastic,4,0.1,1.0,cka,eu_group1,0.5482176260427498,0.9272727272727272
heteroscedastic,4,0.1,1.0,cka,eu_id,0.5482176260427498,0.8545454545454544
heteroscedastic,4,0.1,1.0,cka,eu_heldout,0.5482176260427498,0.04242424242424241
heteroscedastic,4,0.1,1.0,mknn,eu_agreement,0.4,0.8787878787878788
heteroscedastic,4,0.1,1.0,mknn,acquisition_overlap,0.4,0.8170883606475996
heteroscedastic,4,0.1,1.0,mknn,eu_group0,0.4,0.7333333333333332
heteroscedastic,4,0.1,1.0,mknn,eu_group1,0.4,0.8666666666666665
heteroscedastic,4,0.1,1.0,mknn,eu_id,0.4,0.7939393939393938
heteroscedastic,4,0.1,1.0,mknn,eu_heldout,0.4,0.07878787878787878
heteroscedastic,4,0.1,1.0,predictivity,eu_agreement,0.5842067170417073,0.8909090909090909
heteroscedastic,4,0.1,1.0,predictivity,acquisition_overlap,0.5842067170417073,0.9451395216446113
heteroscedastic,4,0.1,1.0,predictivity,eu_group0,0.5842067170417073,0.6363636363636362
heteroscedastic,4,0.1,1.0,predictivity,eu_group1,0.5842067170417073,0.8909090909090909
heteroscedastic,4,0.1,1.0,predictivity,eu_id,0.5842067170417073,0.8060606060606059
heteroscedastic,4,0.1,1.0,predictivity,eu_heldout,0.5842067170417073,0.3939393939393939
heteroscedastic,4,0.1,1.0,cca_type,eu_agreement,1.1039674396862154e-08,0.7939393939393938
heteroscedastic,4,0.1,1.0,cca_type,acquisition_overlap,1.1039674396862154e-08,0.737818594316116
heteroscedastic,4,0.1,1.0,cca_type,eu_group0,1.1039674396862154e-08,0.6484848484848483
heteroscedastic,4,0.1,1.0,cca_type,eu_group1,1.1039674396862154e-08,0.7939393939393938
heteroscedastic,4,0.1,1.0,cca_type,eu_id,1.1039674396862154e-08,0.7575757575757575
heteroscedastic,4,0.1,1.0,cca_type,eu_heldout,1.1039674396862154e-08,-0.19999999999999998
heteroscedastic,4,0.1,1.0,smoother_001,eu_agreement,0.05302942642132269,0.7939393939393938
heteroscedastic,4,0.1,1.0,smoother_001,acquisition_overlap,0.05302942642132269,0.737818594316116
heteroscedastic,4,0.1,1.0,smoother_001,eu_group0,0.05302942642132269,0.6484848484848483
heteroscedastic,4,0.1,1.0,smoother_001,eu_group1,0.05302942642132269,0.7939393939393938
heteroscedastic,4,0.1,1.0,smoother_001,eu_id,0.05302942642132269,0.7575757575757575
heteroscedastic,4,0.1,1.0,smoother_001,eu_heldout,0.05302942642132269,-0.19999999999999998
heteroscedastic,4,0.1,1.0,smoother_1,eu_agreement,0.2019307962318121,0.8666666666666665
heteroscedastic,4,0.1,1.0,smoother_1,acquisition_overlap,0.2019307962318121,0.8353813836471727
heteroscedastic,4,0.1,1.0,smoother_1,eu_group0,0.2019307962318121,0.7696969696969697
heteroscedastic,4,0.1,1.0,smoother_1,eu_group1,0.2019307962318121,0.8545454545454544
heteroscedastic,4,0.1,1.0,smoother_1,eu_id,0.2019307962318121,0.8060606060606059
heteroscedastic,4,0.1,1.0,smoother_1,eu_heldout,0.2019307962318121,0.01818181818181818
heteroscedastic,4,1.0,0.1,cka,eu_agreement,0.5482176260427498,0.8909090909090909
heteroscedastic,4,1.0,0.1,cka,acquisition_overlap,0.5482176260427498,0.7234075969792769
heteroscedastic,4,1.0,0.1,cka,eu_group0,0.5482176260427498,0.7696969696969697
heteroscedastic,4,1.0,0.1,cka,eu_group1,0.5482176260427498,0.9757575757575757
heteroscedastic,4,1.0,0.1,cka,eu_id,0.5482176260427498,0.8909090909090909
heteroscedastic,4,1.0,0.1,cka,eu_heldout,0.5482176260427498,-0.006060606060606061
heteroscedastic,4,1.0,0.1,mknn,eu_agreement,0.4,0.8545454545454544
heteroscedastic,4,1.0,0.1,mknn,acquisition_overlap,0.4,0.6747751534848716
heteroscedastic,4,1.0,0.1,mknn,eu_group0,0.4,0.7454545454545454
heteroscedastic,4,1.0,0.1,mknn,eu_group1,0.4,0.9393939393939393
heteroscedastic,4,1.0,0.1,mknn,eu_id,0.4,0.8545454545454544
heteroscedastic,4,1.0,0.1,mknn,eu_heldout,0.4,0.0303030303030303
heteroscedastic,4,1.0,0.1,predictivity,eu_agreement,0.5842067170417073,0.8060606060606059
heteroscedastic,4,1.0,0.1,predictivity,acquisition_overlap,0.5842067170417073,0.8632258720256917
heteroscedastic,4,1.0,0.1,predictivity,eu_group0,0.5842067170417073,0.6848484848484848
heteroscedastic,4,1.0,0.1,predictivity,eu_group1,0.5842067170417073,0.9151515151515152
heteroscedastic,4,1.0,0.1,predictivity,eu_id,0.5842067170417073,0.8060606060606059
heteroscedastic,4,1.0,0.1,predictivity,eu_heldout,0.5842067170417073,0.35757575757575755
heteroscedastic,4,1.0,0.1,cca_type,eu_agreement,1.1039674396862154e-08,0.7575757575757575
heteroscedastic,4,1.0,0.1,cca_type,acquisition_overlap,1.1039674396862154e-08,0.6443798763008685
heteroscedastic,4,1.0,0.1,cca_type,eu_group0,1.1039674396862154e-08,0.7454545454545454
heteroscedastic,4,1.0,0.1,cca_type,eu_group1,1.1039674396862154e-08,0.8303030303030302
heteroscedastic,4,1.0,0.1,cca_type,eu_id,1.1039674396862154e-08,0.7575757575757575
heteroscedastic,4,1.0,0.1,cca_type,eu_heldout,1.1039674396862154e-08,-0.2121212121212121
heteroscedastic,4,1.0,0.1,smoother_001,eu_agreement,0.05302942642132269,0.7575757575757575
heteroscedastic,4,1.0,0.1,smoother_001,acquisition_overlap,0.05302942642132269,0.6443798763008685
heteroscedastic,4,1.0,0.1,smoother_001,eu_group0,0.05302942642132269,0.7454545454545454
heteroscedastic,4,1.0,0.1,smoother_001,eu_group1,0.05302942642132269,0.8303030303030302
heteroscedastic,4,1.0,0.1,smoother_001,eu_id,0.05302942642132269,0.7575757575757575
heteroscedastic,4,1.0,0.1,smoother_001,eu_heldout,0.05302942642132269,-0.2121212121212121
heteroscedastic,4,1.0,0.1,smoother_1,eu_agreement,0.2019307962318121,0.8303030303030302
heteroscedastic,4,1.0,0.1,smoother_1,acquisition_overlap,0.2019307962318121,0.7234075969792769
heteroscedastic,4,1.0,0.1,smoother_1,eu_group0,0.2019307962318121,0.8424242424242423
heteroscedastic,4,1.0,0.1,smoother_1,eu_group1,0.2019307962318121,0.9272727272727272
heteroscedastic,4,1.0,0.1,smoother_1,eu_id,0.2019307962318121,0.8303030303030302
heteroscedastic,4,1.0,0.1,smoother_1,eu_heldout,0.2019307962318121,-0.04242424242424241
heteroscedastic,4,1.0,0.25,cka,eu_agreement,0.5482176260427498,0.8909090909090909
heteroscedastic,4,1.0,0.25,cka,acquisition_overlap,0.5482176260427498,0.8787878787878788
heteroscedastic,4,1.0,0.25,cka,eu_group0,0.5482176260427498,0.7939393939393938
heteroscedastic,4,1.0,0.25,cka,eu_group1,0.5482176260427498,0.9272727272727272
heteroscedastic,4,1.0,0.25,cka,eu_id,0.5482176260427498,0.8787878787878788
heteroscedastic,4,1.0,0.25,cka,eu_heldout,0.5482176260427498,0.0303030303030303
heteroscedastic,4,1.0,0.25,mknn,eu_agreement,0.4,0.8181818181818182
heteroscedastic,4,1.0,0.25,mknn,acquisition_overlap,0.4,0.8303030303030302
heteroscedastic,4,1.0,0.25,mknn,eu_group0,0.4,0.7696969696969697
heteroscedastic,4,1.0,0.25,mknn,eu_group1,0.4,0.8787878787878788
heteroscedastic,4,1.0,0.25,mknn,eu_id,0.4,0.8060606060606059
heteroscedastic,4,1.0,0.25,mknn,eu_heldout,0.4,0.0303030303030303
heteroscedastic,4,1.0,0.25,predictivity,eu_agreement,0.5842067170417073,0.7818181818181817
heteroscedastic,4,1.0,0.25,predictivity,acquisition_overlap,0.5842067170417073,0.9393939393939393
heteroscedastic,4,1.0,0.25,predictivity,eu_group0,0.5842067170417073,0.5878787878787878
heteroscedastic,4,1.0,0.25,predictivity,eu_group1,0.5842067170417073,0.8909090909090909
heteroscedastic,4,1.0,0.25,predictivity,eu_id,0.5842067170417073,0.7818181818181817
heteroscedastic,4,1.0,0.25,predictivity,eu_heldout,0.5842067170417073,0.41818181818181815
heteroscedastic,4,1.0,0.25,cca_type,eu_agreement,1.1039674396862154e-08,0.7575757575757575
heteroscedastic,4,1.0,0.25,cca_type,acquisition_overlap,1.1039674396862154e-08,0.7575757575757575
heteroscedastic,4,1.0,0.25,cca_type,eu_group0,1.1039674396862154e-08,0.8060606060606059
heteroscedastic,4,1.0,0.25,cca_type,eu_group1,1.1039674396862154e-08,0.7939393939393938
heteroscedastic,4,1.0,0.25,cca_type,eu_id,1.1039674396862154e-08,0.7939393939393938
heteroscedastic,4,1.0,0.25,cca_type,eu_heldout,1.1039674396862154e-08,-0.1515151515151515
heteroscedastic,4,1.0,0.25,smoother_001,eu_agreement,0.05302942642132269,0.7575757575757575
heteroscedastic,4,1.0,0.25,smoother_001,acquisition_overlap,0.05302942642132269,0.7575757575757575
heteroscedastic,4,1.0,0.25,smoother_001,eu_group0,0.05302942642132269,0.8060606060606059
heteroscedastic,4,1.0,0.25,smoother_001,eu_group1,0.05302942642132269,0.7939393939393938
heteroscedastic,4,1.0,0.25,smoother_001,eu_id,0.05302942642132269,0.7939393939393938
heteroscedastic,4,1.0,0.25,smoother_001,eu_heldout,0.05302942642132269,-0.1515151515151515
heteroscedastic,4,1.0,0.25,smoother_1,eu_agreement,0.2019307962318121,0.8303030303030302
heteroscedastic,4,1.0,0.25,smoother_1,acquisition_overlap,0.2019307962318121,0.8424242424242423
heteroscedastic,4,1.0,0.25,smoother_1,eu_group0,0.2019307962318121,0.8787878787878788
heteroscedastic,4,1.0,0.25,smoother_1,eu_group1,0.2019307962318121,0.8666666666666665
heteroscedastic,4,1.0,0.25,smoother_1,eu_id,0.2019307962318121,0.8303030303030302
heteroscedastic,4,1.0,0.25,smoother_1,eu_heldout,0.2019307962318121,0.01818181818181818
heteroscedastic,4,1.0,1.0,cka,eu_agreement,0.5482176260427498,0.9030303030303028
heteroscedastic,4,1.0,1.0,cka,acquisition_overlap,0.5482176260427498,0.8902604526458922
heteroscedastic,4,1.0,1.0,cka,eu_group0,0.5482176260427498,0.709090909090909
heteroscedastic,4,1.0,1.0,cka,eu_group1,0.5482176260427498,0.9393939393939393
heteroscedastic,4,1.0,1.0,cka,eu_id,0.5482176260427498,0.8666666666666665
heteroscedastic,4,1.0,1.0,cka,eu_heldout,0.5482176260427498,0.10303030303030303
heteroscedastic,4,1.0,1.0,mknn,eu_agreement,0.4,0.8424242424242423
heteroscedastic,4,1.0,1.0,mknn,acquisition_overlap,0.4,0.859772080979937
heteroscedastic,4,1.0,1.0,mknn,eu_group0,0.4,0.6848484848484848
heteroscedastic,4,1.0,1.0,mknn,eu_group1,0.4,0.8909090909090909
heteroscedastic,4,1.0,1.0,mknn,eu_id,0.4,0.7818181818181817
heteroscedastic,4,1.0,1.0,mknn,eu_heldout,0.4,0.1515151515151515
heteroscedastic,4,1.0,1.0,predictivity,eu_agreement,0.5842067170417073,0.8303030303030302
heteroscedastic,4,1.0,1.0,predictivity,acquisition_overlap,0.5842067170417073,0.9512371959778025
heteroscedastic,4,1.0,1.0,predictivity,eu_group0,0.5842067170417073,0.5636363636363636
heteroscedastic,4,1.0,1.0,predictivity,eu_group1,0.5842067170417073,0.9030303030303028
heteroscedastic,4,1.0,1.0,predictivity,eu_id,0.5842067170417073,0.7939393939393938
heteroscedastic,4,1.0,1.0,predictivity,eu_heldout,0.5842067170417073,0.5151515151515151
heteroscedastic,4,1.0,1.0,cca_type,eu_agreement,1.1039674396862154e-08,0.7818181818181817
heteroscedastic,4,1.0,1.0,cca_type,acquisition_overlap,1.1039674396862154e-08,0.7683069659820713
heteroscedastic,4,1.0,1.0,cca_type,eu_group0,1.1039674396862154e-08,0.6606060606060605
heteroscedastic,4,1.0,1.0,cca_type,eu_group1,1.1039674396862154e-08,0.7818181818181817
heteroscedastic,4,1.0,1.0,cca_type,eu_id,1.1039674396862154e-08,0.7333333333333332
heteroscedastic,4,1.0,1.0,cca_type,eu_heldout,1.1039674396862154e-08,-0.12727272727272726
heteroscedastic,4,1.0,1.0,smoother_001,eu_agreement,0.05302942642132269,0.7818181818181817
heteroscedastic,4,1.0,1.0,smoother_001,acquisition_overlap,0.05302942642132269,0.7683069659820713
heteroscedastic,4,1.0,1.0,smoother_001,eu_group0,0.05302942642132269,0.6606060606060605
heteroscedastic,4,1.0,1.0,smoother_001,eu_group1,0.05302942642132269,0.7818181818181817
heteroscedastic,4,1.0,1.0,smoother_001,eu_id,0.05302942642132269,0.7333333333333332
heteroscedastic,4,1.0,1.0,smoother_001,eu_heldout,0.05302942642132269,-0.12727272727272726
heteroscedastic,4,1.0,1.0,smoother_1,eu_agreement,0.2019307962318121,0.8424242424242423
heteroscedastic,4,1.0,1.0,smoother_1,acquisition_overlap,0.2019307962318121,0.8536744066467458
heteroscedastic,4,1.0,1.0,smoother_1,eu_group0,0.2019307962318121,0.7818181818181817
heteroscedastic,4,1.0,1.0,smoother_1,eu_group1,0.2019307962318121,0.8787878787878788
heteroscedastic,4,1.0,1.0,smoother_1,eu_id,0.2019307962318121,0.8181818181818182
heteroscedastic,4,1.0,1.0,smoother_1,eu_heldout,0.2019307962318121,0.07878787878787878
heteroscedastic,4,10.0,0.1,cka,eu_agreement,0.5482176260427498,0.9151515151515152
heteroscedastic,4,10.0,0.1,cka,acquisition_overlap,0.5482176260427498,0.7195255713165428
heteroscedastic,4,10.0,0.1,cka,eu_group0,0.5482176260427498,0.7333333333333332
heteroscedastic,4,10.0,0.1,cka,eu_group1,0.5482176260427498,0.9878787878787878
heteroscedastic,4,10.0,0.1,cka,eu_id,0.5482176260427498,0.9151515151515152
heteroscedastic,4,10.0,0.1,cka,eu_heldout,0.5482176260427498,-0.05454545454545454
heteroscedastic,4,10.0,0.1,mknn,eu_agreement,0.4,0.9030303030303028
heteroscedastic,4,10.0,0.1,mknn,acquisition_overlap,0.4,0.6524511536514415
heteroscedastic,4,10.0,0.1,mknn,eu_group0,0.4,0.7212121212121211
heteroscedastic,4,10.0,0.1,mknn,eu_group1,0.4,0.9515151515151514
heteroscedastic,4,10.0,0.1,mknn,eu_id,0.4,0.9030303030303028
heteroscedastic,4,10.0,0.1,mknn,eu_heldout,0.4,-0.04242424242424241
heteroscedastic,4,10.0,0.1,predictivity,eu_agreement,0.5842067170417073,0.7333333333333332
heteroscedastic,4,10.0,0.1,predictivity,acquisition_overlap,0.5842067170417073,0.8536744066467458
heteroscedastic,4,10.0,0.1,predictivity,eu_group0,0.5842067170417073,0.5757575757575757
heteroscedastic,4,10.0,0.1,predictivity,eu_group1,0.5842067170417073,0.8787878787878788
heteroscedastic,4,10.0,0.1,predictivity,eu_id,0.5842067170417073,0.7333333333333332
heteroscedastic,4,10.0,0.1,predictivity,eu_heldout,0.5842067170417073,0.32121212121212117
heteroscedastic,4,10.0,0.1,cca_type,eu_agreement,1.1039674396862154e-08,0.8787878787878788
heteroscedastic,4,10.0,0.1,cca_type,acquisition_overlap,1.1039674396862154e-08,0.6585488279846325
heteroscedastic,4,10.0,0.1,cca_type,eu_group0,1.1039674396862154e-08,0.7454545454545454
heteroscedastic,4,10.0,0.1,cca_type,eu_group1,1.1039674396862154e-08,0.8909090909090909
heteroscedastic,4,10.0,0.1,cca_type,eu_id,1.1039674396862154e-08,0.8787878787878788
heteroscedastic,4,10.0,0.1,cca_type,eu_heldout,1.1039674396862154e-08,-0.22424242424242422
heteroscedastic,4,10.0,0.1,smoother_001,eu_agreement,0.05302942642132269,0.8787878787878788
heteroscedastic,4,10.0,0.1,smoother_001,acquisition_overlap,0.05302942642132269,0.6585488279846325
heteroscedastic,4,10.0,0.1,smoother_001,eu_group0,0.05302942642132269,0.7454545454545454
heteroscedastic,4,10.0,0.1,smoother_001,eu_group1,0.05302942642132269,0.8909090909090909
heteroscedastic,4,10.0,0.1,smoother_001,eu_id,0.05302942642132269,0.8787878787878788
heteroscedastic,4,10.0,0.1,smoother_001,eu_heldout,0.05302942642132269,-0.22424242424242422
heteroscedastic,4,10.0,0.1,smoother_1,eu_agreement,0.2019307962318121,0.9272727272727272
heteroscedastic,4,10.0,0.1,smoother_1,acquisition_overlap,0.2019307962318121,0.7195255713165428
heteroscedastic,4,10.0,0.1,smoother_1,eu_group0,0.2019307962318121,0.8303030303030302
heteroscedastic,4,10.0,0.1,smoother_1,eu_group1,0.2019307962318121,0.9636363636363635
heteroscedastic,4,10.0,0.1,smoother_1,eu_id,0.2019307962318121,0.9272727272727272
heteroscedastic,4,10.0,0.1,smoother_1,eu_heldout,0.2019307962318121,-0.06666666666666665
heteroscedastic,4,10.0,0.25,cka,eu_agreement,0.5482176260427498,0.9151515151515152
heteroscedastic,4,10.0,0.25,cka,acquisition_overlap,0.5482176260427498,0.7012325483169698
heteroscedastic,4,10.0,0.25,cka,eu_group0,0.5482176260427498,0.7212121212121211
heteroscedastic,4,10.0,0.25,cka,eu_group1,0.5482176260427498,0.9878787878787878
heteroscedastic,4,10.0,0.25,cka,eu_id,0.5482176260427498,0.8787878787878788
heteroscedastic,4,10.0,0.25,cka,eu_heldout,0.5482176260427498,0.0303030303030303
heteroscedastic,4,10.0,0.25,mknn,eu_agreement,0.4,0.8424242424242423
heteroscedastic,4,10.0,0.25,mknn,acquisition_overlap,0.4,0.6036697589859131
heteroscedastic,4,10.0,0.25,mknn,eu_group0,0.4,0.6969696969696969
heteroscedastic,4,10.0,0.25,mknn,eu_group1,0.4,0.9515151515151514
heteroscedastic,4,10.0,0.25,mknn,eu_id,0.4,0.7939393939393938
heteroscedastic,4,10.0,0.25,mknn,eu_heldout,0.4,0.0303030303030303
heteroscedastic,4,10.0,0.25,predictivity,eu_agreement,0.5842067170417073,0.709090909090909
heteroscedastic,4,10.0,0.25,predictivity,acquisition_overlap,0.5842067170417073,0.8353813836471727
heteroscedastic,4,10.0,0.25,predictivity,eu_group0,0.5842067170417073,0.5272727272727272
heteroscedastic,4,10.0,0.25,predictivity,eu_group1,0.5842067170417073,0.8787878787878788
heteroscedastic,4,10.0,0.25,predictivity,eu_id,0.5842067170417073,0.6969696969696969
heteroscedastic,4,10.0,0.25,predictivity,eu_heldout,0.5842067170417073,0.41818181818181815
heteroscedastic,4,10.0,0.25,cca_type,eu_agreement,1.1039674396862154e-08,0.8787878787878788
heteroscedastic,4,10.0,0.25,cca_type,acquisition_overlap,1.1039674396862154e-08,0.7073302226501608
heteroscedastic,4,10.0,0.25,cca_type,eu_group0,1.1039674396862154e-08,0.7212121212121211
heteroscedastic,4,10.0,0.25,cca_type,eu_group1,1.1039674396862154e-08,0.8909090909090909
heteroscedastic,4,10.0,0.25,cca_type,eu_id,1.1039674396862154e-08,0.8303030303030302
heteroscedastic,4,10.0,0.25,cca_type,eu_heldout,1.1039674396862154e-08,-0.1515151515151515
heteroscedastic,4,10.0,0.25,smoother_001,eu_agreement,0.05302942642132269,0.8787878787878788
heteroscedastic,4,10.0,0.25,smoother_001,acquisition_overlap,0.05302942642132269,0.7073302226501608
heteroscedastic,4,10.0,0.25,smoother_001,eu_group0,0.05302942642132269,0.7212121212121211
heteroscedastic,4,10.0,0.25,smoother_001,eu_group1,0.05302942642132269,0.8909090909090909
heteroscedastic,4,10.0,0.25,smoother_001,eu_id,0.05302942642132269,0.8303030303030302
heteroscedastic,4,10.0,0.25,smoother_001,eu_heldout,0.05302942642132269,-0.1515151515151515
heteroscedastic,4,10.0,0.25,smoother_1,eu_agreement,0.2019307962318121,0.9030303030303028
heteroscedastic,4,10.0,0.25,smoother_1,acquisition_overlap,0.2019307962318121,0.743916268649307
heteroscedastic,4,10.0,0.25,smoother_1,eu_group0,0.2019307962318121,0.8181818181818182
heteroscedastic,4,10.0,0.25,smoother_1,eu_group1,0.2019307962318121,0.9636363636363635
heteroscedastic,4,10.0,0.25,smoother_1,eu_id,0.2019307962318121,0.8545454545454544
heteroscedastic,4,10.0,0.25,smoother_1,eu_heldout,0.2019307962318121,0.01818181818181818
heteroscedastic,4,10.0,1.0,cka,eu_agreement,0.5482176260427498,0.8787878787878788
heteroscedastic,4,10.0,1.0,cka,acquisition_overlap,0.5482176260427498,0.8787878787878788
heteroscedastic,4,10.0,1.0,cka,eu_group0,0.5482176260427498,0.7333333333333332
heteroscedastic,4,10.0,1.0,cka,eu_group1,0.5482176260427498,0.9757575757575757
heteroscedastic,4,10.0,1.0,cka,eu_id,0.5482176260427498,0.8181818181818182
heteroscedastic,4,10.0,1.0,cka,eu_heldout,0.5482176260427498,0.04242424242424241
heteroscedastic,4,10.0,1.0,mknn,eu_agreement,0.4,0.8303030303030302
heteroscedastic,4,10.0,1.0,mknn,acquisition_overlap,0.4,0.8666666666666665
heteroscedastic,4,10.0,1.0,mknn,eu_group0,0.4,0.7333333333333332
heteroscedastic,4,10.0,1.0,mknn,eu_group1,0.4,0.9272727272727272
heteroscedastic,4,10.0,1.0,mknn,eu_id,0.4,0.7696969696969697
heteroscedastic,4,10.0,1.0,mknn,eu_heldout,0.4,0.05454545454545454
heteroscedastic,4,10.0,1.0,predictivity,eu_agreement,0.5842067170417073,0.7575757575757575
heteroscedastic,4,10.0,1.0,predictivity,acquisition_overlap,0.5842067170417073,0.9757575757575757
heteroscedastic,4,10.0,1.0,predictivity,eu_group0,0.5842067170417073,0.5757575757575757
heteroscedastic,4,10.0,1.0,predictivity,eu_group1,0.5842067170417073,0.8303030303030302
heteroscedastic,4,10.0,1.0,predictivity,eu_id,0.5842067170417073,0.7575757575757575
heteroscedastic,4,10.0,1.0,predictivity,eu_heldout,0.5842067170417073,0.43030303030303024
heteroscedastic,4,10.0,1.0,cca_type,eu_agreement,1.1039674396862154e-08,0.7333333333333332
heteroscedastic,4,10.0,1.0,cca_type,acquisition_overlap,1.1039674396862154e-08,0.7212121212121211
heteroscedastic,4,10.0,1.0,cca_type,eu_group0,1.1039674396862154e-08,0.6
heteroscedastic,4,10.0,1.0,cca_type,eu_group1,1.1039674396862154e-08,0.8666666666666665
heteroscedastic,4,10.0,1.0,cca_type,eu_id,1.1039674396862154e-08,0.6606060606060605
heteroscedastic,4,10.0,1.0,cca_type,eu_heldout,1.1039674396862154e-08,-0.16363636363636364
heteroscedastic,4,10.0,1.0,smoother_001,eu_agreement,0.05302942642132269,0.7333333333333332
heteroscedastic,4,10.0,1.0,smoother_001,acquisition_overlap,0.05302942642132269,0.7212121212121211
heteroscedastic,4,10.0,1.0,smoother_001,eu_group0,0.05302942642132269,0.6
heteroscedastic,4,10.0,1.0,smoother_001,eu_group1,0.05302942642132269,0.8666666666666665
heteroscedastic,4,10.0,1.0,smoother_001,eu_id,0.05302942642132269,0.6606060606060605
heteroscedastic,4,10.0,1.0,smoother_001,eu_heldout,0.05302942642132269,-0.16363636363636364
heteroscedastic,4,10.0,1.0,smoother_1,eu_agreement,0.2019307962318121,0.8181818181818182
heteroscedastic,4,10.0,1.0,smoother_1,acquisition_overlap,0.2019307962318121,0.8545454545454544
heteroscedastic,4,10.0,1.0,smoother_1,eu_group0,0.2019307962318121,0.7454545454545454
heteroscedastic,4,10.0,1.0,smoother_1,eu_group1,0.2019307962318121,0.9515151515151514
heteroscedastic,4,10.0,1.0,smoother_1,eu_id,0.2019307962318121,0.7818181818181817
heteroscedastic,4,10.0,1.0,smoother_1,eu_heldout,0.2019307962318121,0.04242424242424241
homoscedastic,0,0.1,0.1,cka,eu_agreement,0.5396406559366,0.8909090909090909
homoscedastic,0,0.1,0.1,cka,acquisition_overlap,0.5396406559366,0.6747751534848716
homoscedastic,0,0.1,0.1,cka,eu_group0,0.5396406559366,0.8909090909090909
homoscedastic,0,0.1,0.1,cka,eu_group1,0.5396406559366,
homoscedastic,0,0.1,0.1,cka,eu_id,0.5396406559366,0.8909090909090909
homoscedastic,0,0.1,0.1,cka,eu_heldout,0.5396406559366,0.04242424242424241
homoscedastic,0,0.1,0.1,mknn,eu_agreement,0.35936920222634516,0.8909090909090909
homoscedastic,0,0.1,0.1,mknn,acquisition_overlap,0.35936920222634516,0.6747751534848716
homoscedastic,0,0.1,0.1,mknn,eu_group0,0.35936920222634516,0.8909090909090909
homoscedastic,0,0.1,0.1,mknn,eu_group1,0.35936920222634516,
homoscedastic,0,0.1,0.1,mknn,eu_id,0.35936920222634516,0.8909090909090909
homoscedastic,0,0.1,0.1,mknn,eu_heldout,0.35936920222634516,0.04242424242424241
homoscedastic,0,0.1,0.1,predictivity,eu_agreement,0.5463299137342059,0.8666666666666665
homoscedastic,0,0.1,0.1,predictivity,acquisition_overlap,0.5463299137342059,0.8389096502784891
homoscedastic,0,0.1,0.1,predictivity,eu_group0,0.5463299137342059,0.8666666666666665
homoscedastic,0,0.1,0.1,predictivity,eu_group1,0.5463299137342059,
homoscedastic,0,0.1,0.1,predictivity,eu_id,0.5463299137342059,0.8666666666666665
homoscedastic,0,0.1,0.1,predictivity,eu_heldout,0.5463299137342059,0.32121212121212117
homoscedastic,0,0.1,0.1,cca_type,eu_agreement,9.943829426539708e-09,0.7575757575757575
homoscedastic,0,0.1,0.1,cca_type,acquisition_overlap,9.943829426539708e-09,0.5227987675648555
homoscedastic,0,0.1,0.1,cca_type,eu_group0,9.943829426539708e-09,0.7575757575757575
homoscedastic,0,0.1,0.1,cca_type,eu_group1,9.943829426539708e-09,
homoscedastic,0,0.1,0.1,cca_type,eu_id,9.943829426539708e-09,0.7575757575757575
homoscedastic,0,0.1,0.1,cca_type,eu_heldout,9.943829426539708e-09,-0.12727272727272726
homoscedastic,0,0.1,0.1,smoother_001,eu_agreement,0.051455192167383035,0.7575757575757575
homoscedastic,0,0.1,0.1,smoother_001,acquisition_overlap,0.051455192167383035,0.5227987675648555
homoscedastic,0,0.1,0.1,smoother_001,eu_group0,0.051455192167383035,0.7575757575757575
homoscedastic,0,0.1,0.1,smoother_001,eu_group1,0.051455192167383035,
homoscedastic,0,0.1,0.1,smoother_001,eu_id,0.051455192167383035,0.7575757575757575
homoscedastic,0,0.1,0.1,smoother_001,eu_heldout,0.051455192167383035,-0.12727272727272726
homoscedastic,0,0.1,0.1,smoother_1,eu_agreement,0.19595614718308363,0.8303030303030302
homoscedastic,0,0.1,0.1,smoother_1,acquisition_overlap,0.19595614718308363,0.6686960980480711
homoscedastic,0,0.1,0.1,smoother_1,eu_group0,0.19595614718308363,0.8303030303030302
homoscedastic,0,0.1,0.1,smoother_1,eu_group1,0.19595614718308363,
homoscedastic,0,0.1,0.1,smoother_1,eu_id,0.19595614718308363,0.8303030303030302
homoscedastic,0,0.1,0.1,smoother_1,eu_heldout,0.19595614718308363,0.0303030303030303
homoscedastic,0,0.1,0.25,cka,eu_agreement,0.5396406559366,0.9393939393939393
homoscedastic,0,0.1,0.25,cka,acquisition_overlap,0.5396406559366,0.772040040473682
homoscedastic,0,0.1,0.25,cka,eu_group0,0.5396406559366,0.9393939393939393
homoscedastic,0,0.1,0.25,cka,eu_group1,0.5396406559366,
homoscedastic,0,0.1,0.25,cka,eu_id,0.5396406559366,0.9393939393939393
homoscedastic,0,0.1,0.25,cka,eu_heldout,0.5396406559366,0.006060606060606061
homoscedastic,0,0.1,0.25,mknn,eu_agreement,0.35936920222634516,0.9393939393939393
homoscedastic,0,0.1,0.25,mknn,acquisition_overlap,0.35936920222634516,0.772040040473682
homoscedastic,0,0.1,0.25,mknn,eu_group0,0.35936920222634516,0.9393939393939393
homoscedastic,0,0.1,0.25,mknn,eu_group1,0.35936920222634516,
homoscedastic,0,0.1,0.25,mknn,eu_id,0.35936920222634516,0.9393939393939393
homoscedastic,0,0.1,0.25,mknn,eu_heldout,0.35936920222634516,0.006060606060606061
homoscedastic,0,0.1,0.25,predictivity,eu_agreement,0.5463299137342059,0.8787878787878788
homoscedastic,0,0.1,0.25,predictivity,acquisition_overlap,0.5463299137342059,0.8693049274624923
homoscedastic,0,0.1,0.25,predictivity,eu_group0,0.5463299137342059,0.8787878787878788
homoscedastic,0,0.1,0.25,predictivity,eu_group1,0.5463299137342059,
homoscedastic,0,0.1,0.25,predictivity,eu_id,0.5463299137342059,0.8787878787878788
homoscedastic,0,0.1,0.25,predictivity,eu_heldout,0.5463299137342059,0.29696969696969694
homoscedastic,0,0.1,0.25,cca_type,eu_agreement,9.943829426539708e-09,0.8666666666666665
homoscedastic,0,0.1,0.25,cca_type,acquisition_overlap,9.943829426539708e-09,0.6808542089216724
homoscedastic,0,0.1,0.25,cca_type,eu_group0,9.943829426539708e-09,0.8666666666666665
homoscedastic,0,0.1,0.25,cca_type,eu_group1,9.943829426539708e-09,
homoscedastic,0,0.1,0.25,cca_type,eu_id,9.943829426539708e-09,0.8666666666666665
homoscedastic,0,0.1,0.25,cca_type,eu_heldout,9.943829426539708e-09,-0.1515151515151515
homoscedastic,0,0.1,0.25,smoother_001,eu_agreement,0.051455192167383035,0.8666666666666665
homoscedastic,0,0.1,0.25,smoother_001,acquisition_overlap,0.051455192167383035,0.6808542089216724
homoscedastic,0,0.1,0.25,smoother_001,eu_group0,0.051455192167383035,0.8666666666666665
homoscedastic,0,0.1,0.25,smoother_001,eu_group1,0.051455192167383035,
homoscedastic,0,0.1,0.25,smoother_001,eu_id,0.051455192167383035,0.8666666666666665
homoscedastic,0,0.1,0.25,smoother_001,eu_heldout,0.051455192167383035,-0.1515151515151515
homoscedastic,0,0.1,0.25,smoother_1,eu_agreement,0.19595614718308363,0.9151515151515152
homoscedastic,0,0.1,0.25,smoother_1,acquisition_overlap,0.19595614718308363,0.772040040473682
homoscedastic,0,0.1,0.25,smoother_1,eu_group0,0.19595614718308363,0.9151515151515152
homoscedastic,0,0.1,0.25,smoother_1,eu_group1,0.19595614718308363,
homoscedastic,0,0.1,0.25,smoother_1,eu_id,0.19595614718308363,0.9151515151515152
homoscedastic,0,0.1,0.25,smoother_1,eu_heldout,0.19595614718308363,-0.006060606060606061
homoscedastic,0,0.1,1.0,cka,eu_agreement,0.5396406559366,0.9151515151515152
homoscedastic,0,0.1,1.0,cka,acquisition_overlap,0.5396406559366,0.7538028741632801
homoscedastic,0,0.1,1.0,cka,eu_group0,0.5396406559366,0.9151515151515152
homoscedastic,0,0.1,1.0,cka,eu_group1,0.5396406559366,
homoscedastic,0,0.1,1.0,cka,eu_id,0.5396406559366,0.9151515151515152
homoscedastic,0,0.1,1.0,cka,eu_heldout,0.5396406559366,0.04242424242424241
homoscedastic,0,0.1,1.0,mknn,eu_agreement,0.35936920222634516,0.9151515151515152
homoscedastic,0,0.1,1.0,mknn,acquisition_overlap,0.35936920222634516,0.7538028741632801
homoscedastic,0,0.1,1.0,mknn,eu_group0,0.35936920222634516,0.9151515151515152
homoscedastic,0,0.1,1.0,mknn,eu_group1,0.35936920222634516,
homoscedastic,0,0.1,1.0,mknn,eu_id,0.35936920222634516,0.9151515151515152
homoscedastic,0,0.1,1.0,mknn,eu_heldout,0.35936920222634516,0.04242424242424241
homoscedastic,0,0.1,1.0,predictivity,eu_agreement,0.5463299137342059,0.8424242424242423
homoscedastic,0,0.1,1.0,predictivity,acquisition_overlap,0.5463299137342059,0.8085143730944859
homoscedastic,0,0.1,1.0,predictivity,eu_group0,0.5463299137342059,0.8424242424242423
homoscedastic,0,0.1,1.0,predictivity,eu_group1,0.5463299137342059,
homoscedastic,0,0.1,1.0,predictivity,eu_id,0.5463299137342059,0.8424242424242423
homoscedastic,0,0.1,1.0,predictivity,eu_heldout,0.5463299137342059,0.32121212121212117
homoscedastic,0,0.1,1.0,cca_type,eu_agreement,9.943829426539708e-09,0.8787878787878788
homoscedastic,0,0.1,1.0,cca_type,acquisition_overlap,9.943829426539708e-09,0.7841981513472833
homoscedastic,0,0.1,1.0,cca_type,eu_group0,9.943829426539708e-09,0.8787878787878788
homoscedastic,0,0.1,1.0,cca_type,eu_group1,9.943829426539708e-09,
homoscedastic,0,0.1,1.0,cca_type,eu_id,9.943829426539708e-09,0.8787878787878788
homoscedastic,0,0.1,1.0,cca_type,eu_heldout,9.943829426539708e-09,-0.12727272727272726
homoscedastic,0,0.1,1.0,smoother_001,eu_agreement,0.051455192167383035,0.8787878787878788
homoscedastic,0,0.1,1.0,smoother_001,acquisition_overlap,0.051455192167383035,0.7841981513472833
homoscedastic,0,0.1,1.0,smoother_001,eu_group0,0.051455192167383035,0.8787878787878788
homoscedastic,0,0.1,1.0,smoother_001,eu_group1,0.051455192167383035,
homoscedastic,0,0.1,1.0,smoother_001,eu_id,0.051455192167383035,0.8787878787878788
homoscedastic,0,0.1,1.0,smoother_001,eu_heldout,0.051455192167383035,-0.12727272727272726
homoscedastic,0,0.1,1.0,smoother_1,eu_agreement,0.19595614718308363,0.9272727272727272
homoscedastic,0,0.1,1.0,smoother_1,acquisition_overlap,0.19595614718308363,0.8753839828992931
homoscedastic,0,0.1,1.0,smoother_1,eu_group0,0.19595614718308363,0.9272727272727272
homoscedastic,0,0.1,1.0,smoother_1,eu_group1,0.19595614718308363,
homoscedastic,0,0.1,1.0,smoother_1,eu_id,0.19595614718308363,0.9272727272727272
homoscedastic,0,0.1,1.0,smoother_1,eu_heldout,0.19595614718308363,0.0303030303030303
homoscedastic,0,1.0,0.1,cka,eu_agreement,0.5396406559366,0.9272727272727272
homoscedastic,0,1.0,0.1,cka,acquisition_overlap,0.5396406559366,0.8160123484559988
homoscedastic,0,1.0,0.1,cka,eu_group0,0.5396406559366,0.9272727272727272
homoscedastic,0,1.0,0.1,cka,eu_group1,0.5396406559366,
homoscedastic,0,1.0,0.1,cka,eu_id,0.5396406559366,0.9272727272727272
homoscedastic,0,1.0,0.1,cka,eu_heldout,0.5396406559366,0.04242424242424241
homoscedastic,0,1.0,0.1,mknn,eu_agreement,0.35936920222634516,0.9272727272727272
homoscedastic,0,1.0,0.1,mknn,acquisition_overlap,0.35936920222634516,0.8160123484559988
homoscedastic,0,1.0,0.1,mknn,eu_group0,0.35936920222634516,0.9272727272727272
homoscedastic,0,1.0,0.1,mknn,eu_group1,0.35936920222634516,
homoscedastic,0,1.0,0.1,mknn,eu_id,0.35936920222634516,0.9272727272727272
homoscedastic,0,1.0,0.1,mknn,eu_heldout,0.35936920222634516,0.04242424242424241
homoscedastic,0,1.0,0.1,predictivity,eu_agreement,0.5463299137342059,0.8909090909090909
homoscedastic,0,1.0,0.1,predictivity,acquisition_overlap,0.5463299137342059,0.9141792475183746
homoscedastic,0,1.0,0.1,predictivity,eu_group0,0.5463299137342059,0.8909090909090909
homoscedastic,0,1.0,0.1,predictivity,eu_group1,0.5463299137342059,
homoscedastic,0,1.0,0.1,predictivity,eu_id,0.5463299137342059,0.8909090909090909
homoscedastic,0,1.0,0.1,predictivity,eu_heldout,0.5463299137342059,0.309090909090909
homoscedastic,0,1.0,0.1,cca_type,eu_agreement,9.943829426539708e-09,0.8060606060606059
homoscedastic,0,1.0,0.1,cca_type,acquisition_overlap,9.943829426539708e-09,0.6810328622452322
homoscedastic,0,1.0,0.1,cca_type,eu_group0,9.943829426539708e-09,0.8060606060606059
homoscedastic,0,1.0,0.1,cca_type,eu_group1,9.943829426539708e-09,
homoscedastic,0,1.0,0.1,cca_type,eu_id,9.943829426539708e-09,0.8060606060606059
homoscedastic,0,1.0,0.1,cca_type,eu_heldout,9.943829426539708e-09,-0.10303030303030303
homoscedastic,0,1.0,0.1,smoother_001,eu_agreement,0.051455192167383035,0.8060606060606059
homoscedastic,0,1.0,0.1,smoother_001,acquisition_overlap,0.051455192167383035,0.6810328622452322
homoscedastic,0,1.0,0.1,smoother_001,eu_group0,0.051455192167383035,0.8060606060606059
homoscedastic,0,1.0,0.1,smoother_001,eu_group1,0.051455192167383035,
homoscedastic,0,1.0,0.1,smoother_001,eu_id,0.051455192167383035,0.8060606060606059
homoscedastic,0,1.0,0.1,smoother_001,eu_heldout,0.051455192167383035,-0.10303030303030303
homoscedastic,0,1.0,0.1,smoother_1,eu_agreement,0.19595614718308363,0.8787878787878788
homoscedastic,0,1.0,0.1,smoother_1,acquisition_overlap,0.19595614718308363,0.779199761307608
homoscedastic,0,1.0,0.1,smoother_1,eu_group0,0.19595614718308363,0.8787878787878788
homoscedastic,0,1.0,0.1,smoother_1,eu_group1,0.19595614718308363,
homoscedastic,0,1.0,0.1,smoother_1,eu_id,0.19595614718308363,0.8787878787878788
homoscedastic,0,1.0,0.1,smoother_1,eu_heldout,0.19595614718308363,0.07878787878787878
homoscedastic,0,1.0,0.25,cka,eu_agreement,0.5396406559366,0.9151515151515152
homoscedastic,0,1.0,0.25,cka,acquisition_overlap,0.5396406559366,0.8705196492275473
homoscedastic,0,1.0,0.25,cka,eu_group0,0.5396406559366,0.9151515151515152
homoscedastic,0,1.0,0.25,cka,eu_group1,0.5396406559366,
homoscedastic,0,1.0,0.25,cka,eu_id,0.5396406559366,0.9151515151515152
homoscedastic,0,1.0,0.25,cka,eu_heldout,0.5396406559366,0.22424242424242422
homoscedastic,0,1.0,0.25,mknn,eu_agreement,0.35936920222634516,0.9151515151515152
homoscedastic,0,1.0,0.25,mknn,acquisition_overlap,0.35936920222634516,0.8705196492275473
homoscedastic,0,1.0,0.25,mknn,eu_group0,0.35936920222634516,0.9151515151515152
homoscedastic,0,1.0,0.25,mknn,eu_group1,0.35936920222634516,
homoscedastic,0,1.0,0.25,mknn,eu_id,0.35936920222634516,0.9151515151515152
homoscedastic,0,1.0,0.25,mknn,eu_heldout,0.35936920222634516,0.22424242424242422
homoscedastic,0,1.0,0.25,predictivity,eu_agreement,0.5463299137342059,0.8424242424242423
homoscedastic,0,1.0,0.25,predictivity,acquisition_overlap,0.5463299137342059,0.9507803261066831
homoscedastic,0,1.0,0.25,predictivity,eu_group0,0.5463299137342059,0.8424242424242423
homoscedastic,0,1.0,0.25,predictivity,eu_group1,0.5463299137342059,
homoscedastic,0,1.0,0.25,predictivity,eu_id,0.5463299137342059,0.8424242424242423
homoscedastic,0,1.0,0.25,predictivity,eu_heldout,0.5463299137342059,0.5030303030303029
homoscedastic,0,1.0,0.25,cca_type,eu_agreement,9.943829426539708e-09,0.8787878787878788
homoscedastic,0,1.0,0.25,cca_type,acquisition_overlap,9.943829426539708e-09,0.765563379462524
homoscedastic,0,1.0,0.25,cca_type,eu_group0,9.943829426539708e-09,0.8787878787878788
homoscedastic,0,1.0,0.25,cca_type,eu_group1,9.943829426539708e-09,
homoscedastic,0,1.0,0.25,cca_type,eu_id,9.943829426539708e-09,0.8787878787878788
homoscedastic,0,1.0,0.25,cca_type,eu_heldout,9.943829426539708e-09,0.05454545454545454
homoscedastic,0,1.0,0.25,smoother_001,eu_agreement,0.051455192167383035,0.8787878787878788
homoscedastic,0,1.0,0.25,smoother_001,acquisition_overlap,0.051455192167383035,0.765563379462524
homoscedastic,0,1.0,0.25,smoother_001,eu_group0,0.051455192167383035,0.8787878787878788
homoscedastic,0,1.0,0.25,smoother_001,eu_group1,0.051455192167383035,
homoscedastic,0,1.0,0.25,smoother_001,eu_id,0.051455192167383035,0.8787878787878788
homoscedastic,0,1.0,0.25,smoother_001,eu_heldout,0.051455192167383035,0.05454545454545454
homoscedastic,0,1.0,0.25,smoother_1,eu_agreement,0.19595614718308363,0.9272727272727272
homoscedastic,0,1.0,0.25,smoother_1,acquisition_overlap,0.19595614718308363,0.8458240563416595
homoscedastic,0,1.0,0.25,smoother_1,eu_group0,0.19595614718308363,0.9272727272727272
homoscedastic,0,1.0,0.25,smoother_1,eu_group1,0.19595614718308363,
homoscedastic,0,1.0,0.25,smoother_1,eu_id,0.19595614718308363,0.9272727272727272
homoscedastic,0,1.0,0.25,smoother_1,eu_heldout,0.19595614718308363,0.19999999999999998
homoscedastic,0,1.0,1.0,cka,eu_agreement,0.5396406559366,0.9151515151515152
homoscedastic,0,1.0,1.0,cka,acquisition_overlap,0.5396406559366,0.790277206784084
homoscedastic,0,1.0,1.0,cka,eu_group0,0.5396406559366,0.9151515151515152
homoscedastic,0,1.0,1.0,cka,eu_group1,0.5396406559366,
homoscedastic,0,1.0,1.0,cka,eu_id,0.5396406559366,0.8545454545454544
homoscedastic,0,1.0,1.0,cka,eu_heldout,0.5396406559366,0.1515151515151515
homoscedastic,0,1.0,1.0,mknn,eu_agreement,0.35936920222634516,0.9151515151515152
homoscedastic,0,1.0,1.0,mknn,acquisition_overlap,0.35936920222634516,0.790277206784084
homoscedastic,0,1.0,1.0,mknn,eu_group0,0.35936920222634516,0.9151515151515152
homoscedastic,0,1.0,1.0,mknn,eu_group1,0.35936920222634516,
homoscedastic,0,1.0,1.0,mknn,eu_id,0.35936920222634516,0.8545454545454544
homoscedastic,0,1.0,1.0,mknn,eu_heldout,0.35936920222634516,0.1515151515151515
homoscedastic,0,1.0,1.0,predictivity,eu_agreement,0.5463299137342059,0.8424242424242423
homoscedastic,0,1.0,1.0,predictivity,acquisition_overlap,0.5463299137342059,0.9240164263936983
homoscedastic,0,1.0,1.0,predictivity,eu_group0,0.5463299137342059,0.8424242424242423
homoscedastic,0,1.0,1.0,predictivity,eu_group1,0.5463299137342059,
homoscedastic,0,1.0,1.0,predictivity,eu_id,0.5463299137342059,0.7939393939393938
homoscedastic,0,1.0,1.0,predictivity,eu_heldout,0.5463299137342059,0.43030303030303024
homoscedastic,0,1.0,1.0,cca_type,eu_agreement,9.943829426539708e-09,0.8787878787878788
homoscedastic,0,1.0,1.0,cca_type,acquisition_overlap,9.943829426539708e-09,0.6383008208640678
homoscedastic,0,1.0,1.0,cca_type,eu_group0,9.943829426539708e-09,0.8787878787878788
homoscedastic,0,1.0,1.0,cca_type,eu_group1,9.943829426539708e-09,
homoscedastic,0,1.0,1.0,cca_type,eu_id,9.943829426539708e-09,0.7454545454545454
homoscedastic,0,1.0,1.0,cca_type,eu_heldout,9.943829426539708e-09,-0.05454545454545454
homoscedastic,0,1.0,1.0,smoother_001,eu_agreement,0.051455192167383035,0.8787878787878788
homoscedastic,0,1.0,1.0,smoother_001,acquisition_overlap,0.051455192167383035,0.6383008208640678
homoscedastic,0,1.0,1.0,smoother_001,eu_group0,0.051455192167383035,0.8787878787878788
homoscedastic,0,1.0,1.0,smoother_001,eu_group1,0.051455192167383035,
homoscedastic,0,1.0,1.0,smoother_001,eu_id,0.051455192167383035,0.7454545454545454
homoscedastic,0,1.0,1.0,smoother_001,eu_heldout,0.051455192167383035,-0.05454545454545454
homoscedastic,0,1.0,1.0,smoother_1,eu_agreement,0.19595614718308363,0.9272727272727272
homoscedastic,0,1.0,1.0,smoother_1,acquisition_overlap,0.19595614718308363,0.790277206784084
homoscedastic,0,1.0,1.0,smoother_1,eu_group0,0.19595614718308363,0.9272727272727272
homoscedastic,0,1.0,1.0,smoother_1,eu_group1,0.19595614718308363,
homoscedastic,0,1.0,1.0,smoother_1,eu_id,0.19595614718308363,0.8545454545454544
homoscedastic,0,1.0,1.0,smoother_1,eu_heldout,0.19595614718308363,0.1515151515151515
homoscedastic,0,10.0,0.1,cka,eu_agreement,0.5396406559366,0.9272727272727272
homoscedastic,0,10.0,0.1,cka,acquisition_overlap,0.5396406559366,0.8160123484559988
homoscedastic,0,10.0,0.1,cka,eu_group0,0.5396406559366,0.9272727272727272
homoscedastic,0,10.0,0.1,cka,eu_group1,0.5396406559366,
homoscedastic,0,10.0,0.1,cka,eu_id,0.5396406559366,0.9272727272727272
homoscedastic,0,10.0,0.1,cka,eu_heldout,0.5396406559366,0.04242424242424241
homoscedastic,0,10.0,0.1,mknn,eu_agreement,0.35936920222634516,0.9272727272727272
homoscedastic,0,10.0,0.1,mknn,acquisition_overlap,0.35936920222634516,0.8160123484559988
homoscedastic,0,10.0,0.1,mknn,eu_group0,0.35936920222634516,0.9272727272727272
homoscedastic,0,10.0,0.1,mknn,eu_group1,0.35936920222634516,
homoscedastic,0,10.0,0.1,mknn,eu_id,0.35936920222634516,0.9272727272727272
homoscedastic,0,10.0,0.1,mknn,eu_heldout,0.35936920222634516,0.04242424242424241
homoscedastic,0,10.0,0.1,predictivity,eu_agreement,0.5463299137342059,0.8909090909090909
homoscedastic,0,10.0,0.1,predictivity,acquisition_overlap,0.5463299137342059,0.9387209722839688
homoscedastic,0,10.0,0.1,predictivity,eu_group0,0.5463299137342059,0.8909090909090909
homoscedastic,0,10.0,0.1,predictivity,eu_group1,0.5463299137342059,
homoscedastic,0,10.0,0.1,predictivity,eu_id,0.5463299137342059,0.8909090909090909
homoscedastic,0,10.0,0.1,predictivity,eu_heldout,0.5463299137342059,0.309090909090909
homoscedastic,0,10.0,0.1,cca_type,eu_agreement,9.943829426539708e-09,0.8060606060606059
homoscedastic,0,10.0,0.1,cca_type,acquisition_overlap,9.943829426539708e-09,0.6810328622452322
homoscedastic,0,10.0,0.1,cca_type,eu_group0,9.943829426539708e-09,0.8060606060606059
homoscedastic,0,10.0,0.1,cca_type,eu_group1,9.943829426539708e-09,
homoscedastic,0,10.0,0.1,cca_type,eu_id,9.943829426539708e-09,0.8060606060606059
homoscedastic,0,10.0,0.1,cca_type,eu_heldout,9.943829426539708e-09,-0.10303030303030303
homoscedastic,0,10.0,0.1,smoother_001,eu_agreement,0.051455192167383035,0.8060606060606059
homoscedastic,0,10.0,0.1,smoother_001,acquisition_overlap,0.051455192167383035,0.6810328622452322
homoscedastic,0,10.0,0.1,smoother_001,eu_group0,0.051455192167383035,0.8060606060606059
homoscedastic,0,10.0,0.1,smoother_001,eu_group1,0.051455192167383035,
homoscedastic,0,10.0,0.1,smoother_001,eu_id,0.051455192167383035,0.8060606060606059
homoscedastic,0,10.0,0.1,smoother_001,eu_heldout,0.051455192167383035,-0.10303030303030303
homoscedastic,0,10.0,0.1,smoother_1,eu_agreement,0.19595614718308363,0.8787878787878788
homoscedastic,0,10.0,0.1,smoother_1,acquisition_overlap,0.19595614718308363,0.7730643301162096
homoscedastic,0,10.0,0.1,smoother_1,eu_group0,0.19595614718308363,0.8787878787878788
homoscedastic,0,10.0,0.1,smoother_1,eu_group1,0.19595614718308363,
homoscedastic,0,10.0,0.1,smoother_1,eu_id,0.19595614718308363,0.8787878787878788
homoscedastic,0,10.0,0.1,smoother_1,eu_heldout,0.19595614718308363,0.07878787878787878
homoscedastic,0,10.0,0.25,cka,eu_agreement,0.5396406559366,0.9151515151515152
homoscedastic,0,10.0,0.25,cka,acquisition_overlap,0.5396406559366,0.8936211492096949
homoscedastic,0,10.0,0.25,cka,eu_group0,0.5396406559366,0.9151515151515152
homoscedastic,0,10.0,0.25,cka,eu_group1,0.5396406559366,
homoscedastic,0,10.0,0.25,cka,eu_id,0.5396406559366,0.8666666666666665
homoscedastic,0,10.0,0.25,cka,eu_heldout,0.5396406559366,0.2727272727272727
homoscedastic,0,10.0,0.25,mknn,eu_agreement,0.35936920222634516,0.9151515151515152
homoscedastic,0,10.0,0.25,mknn,acquisition_overlap,0.35936920222634516,0.8936211492096949
homoscedastic,0,10.0,0.25,mknn,eu_group0,0.35936920222634516,0.9151515151515152
homoscedastic,0,10.0,0.25,mknn,eu_group1,0.35936920222634516,
homoscedastic,0,10.0,0.25,mknn,eu_id,0.35936920222634516,0.8666666666666665
homoscedastic,0,10.0,0.25,mknn,eu_heldout,0.35936920222634516,0.2727272727272727
homoscedastic,0,10.0,0.25,predictivity,eu_agreement,0.5463299137342059,0.8424242424242423
homoscedastic,0,10.0,0.25,predictivity,acquisition_overlap,0.5463299137342059,0.9848069807617047
homoscedastic,0,10.0,0.25,predictivity,eu_group0,0.5463299137342059,0.8424242424242423
homoscedastic,0,10.0,0.25,predictivity,eu_group1,0.5463299137342059,
homoscedastic,0,10.0,0.25,predictivity,eu_id,0.5463299137342059,0.8303030303030302
homoscedastic,0,10.0,0.25,predictivity,eu_heldout,0.5463299137342059,0.5515151515151515
homoscedastic,0,10.0,0.25,cca_type,eu_agreement,9.943829426539708e-09,0.8787878787878788
homoscedastic,0,10.0,0.25,cca_type,acquisition_overlap,9.943829426539708e-09,0.735565707852878
homoscedastic,0,10.0,0.25,cca_type,eu_group0,9.943829426539708e-09,0.8787878787878788
homoscedastic,0,10.0,0.25,cca_type,eu_group1,9.943829426539708e-09,
homoscedastic,0,10.0,0.25,cca_type,eu_id,9.943829426539708e-09,0.7696969696969697
homoscedastic,0,10.0,0.25,cca_type,eu_heldout,9.943829426539708e-09,0.06666666666666665
homoscedastic,0,10.0,0.25,smoother_001,eu_agreement,0.051455192167383035,0.8787878787878788
homoscedastic,0,10.0,0.25,smoother_001,acquisition_overlap,0.051455192167383035,0.735565707852878
homoscedastic,0,10.0,0.25,smoother_001,eu_group0,0.051455192167383035,0.8787878787878788
homoscedastic,0,10.0,0.25,smoother_001,eu_group1,0.051455192167383035,
homoscedastic,0,10.0,0.25,smoother_001,eu_id,0.051455192167383035,0.7696969696969697
homoscedastic,0,10.0,0.25,smoother_001,eu_heldout,0.051455192167383035,0.06666666666666665
homoscedastic,0,10.0,0.25,smoother_1,eu_agreement,0.19595614718308363,0.9272727272727272
homoscedastic,0,10.0,0.25,smoother_1,acquisition_overlap,0.19595614718308363,0.8632258720256917
homoscedastic,0,10.0,0.25,smoother_1,eu_group0,0.19595614718308363,0.9272727272727272
homoscedastic,0,10.0,0.25,smoother_1,eu_group1,0.19595614718308363,
homoscedastic,0,10.0,0.25,smoother_1,eu_id,0.19595614718308363,0.8666666666666665
homoscedastic,0,10.0,0.25,smoother_1,eu_heldout,0.19595614718308363,0.22424242424242422
homoscedastic,0,10.0,1.0,cka,eu_agreement,0.5396406559366,0.8545454545454544
homoscedastic,0,10.0,1.0,cka,acquisition_overlap,0.5396406559366,0.7987953376480265
homoscedastic,0,10.0,1.0,cka,eu_group0,0.5396406559366,0.8545454545454544
homoscedastic,0,10.0,1.0,cka,eu_group1,0.5396406559366,
homoscedastic,0,10.0,1.0,cka,eu_id,0.5396406559366,0.8303030303030302
homoscedastic,0,10.0,1.0,cka,eu_heldout,0.5396406559366,0.1515151515151515
homoscedastic,0,10.0,1.0,mknn,eu_agreement,0.35936920222634516,0.8545454545454544
homoscedastic,0,10.0,1.0,mknn,acquisition_overlap,0.35936920222634516,0.7987953376480265
homoscedastic,0,10.0,1.0,mknn,eu_group0,0.35936920222634516,0.8545454545454544
homoscedastic,0,10.0,1.0,mknn,eu_group1,0.35936920222634516,
homoscedastic,0,10.0,1.0,mknn,eu_id,0.35936920222634516,0.8303030303030302
homoscedastic,0,10.0,1.0,mknn,eu_heldout,0.35936920222634516,0.1515151515151515
homoscedastic,0,10.0,1.0,predictivity,eu_agreement,0.5463299137342059,0.7939393939393938
homoscedastic,0,10.0,1.0,predictivity,acquisition_overlap,0.5463299137342059,0.9207488243118473
homoscedastic,0,10.0,1.0,predictivity,eu_group0,0.5463299137342059,0.7939393939393938
homoscedastic,0,10.0,1.0,predictivity,eu_group1,0.5463299137342059,
homoscedastic,0,10.0,1.0,predictivity,eu_id,0.5463299137342059,0.7818181818181817
homoscedastic,0,10.0,1.0,predictivity,eu_heldout,0.5463299137342059,0.43030303030303024
homoscedastic,0,10.0,1.0,cca_type,eu_agreement,9.943829426539708e-09,0.7454545454545454
homoscedastic,0,10.0,1.0,cca_type,acquisition_overlap,9.943829426539708e-09,0.6585488279846325
homoscedastic,0,10.0,1.0,cca_type,eu_group0,9.943829426539708e-09,0.7454545454545454
homoscedastic,0,10.0,1.0,cca_type,eu_group1,9.943829426539708e-09,
homoscedastic,0,10.0,1.0,cca_type,eu_id,9.943829426539708e-09,0.7212121212121211
homoscedastic,0,10.0,1.0,cca_type,eu_heldout,9.943829426539708e-09,-0.05454545454545454
homoscedastic,0,10.0,1.0,smoother_001,eu_agreement,0.051455192167383035,0.7454545454545454
homoscedastic,0,10.0,1.0,smoother_001,acquisition_overlap,0.051455192167383035,0.6585488279846325
homoscedastic,0,10.0,1.0,smoother_001,eu_group0,0.051455192167383035,0.7454545454545454
homoscedastic,0,10.0,1.0,smoother_001,eu_group1,0.051455192167383035,
homoscedastic,0,10.0,1.0,smoother_001,eu_id,0.051455192167383035,0.7212121212121211
homoscedastic,0,10.0,1.0,smoother_001,eu_heldout,0.051455192167383035,-0.05454545454545454
homoscedastic,0,10.0,1.0,smoother_1,eu_agreement,0.19595614718308363,0.8545454545454544
homoscedastic,0,10.0,1.0,smoother_1,acquisition_overlap,0.19595614718308363,0.8048930119812175
homoscedastic,0,10.0,1.0,smoother_1,eu_group0,0.19595614718308363,0.8545454545454544
homoscedastic,0,10.0,1.0,smoother_1,eu_group1,0.19595614718308363,
homoscedastic,0,10.0,1.0,smoother_1,eu_id,0.19595614718308363,0.8424242424242423
homoscedastic,0,10.0,1.0,smoother_1,eu_heldout,0.19595614718308363,0.1515151515151515
homoscedastic,1,0.1,0.1,cka,eu_agreement,0.5611522558352449,0.9515151515151514
homoscedastic,1,0.1,0.1,cka,acquisition_overlap,0.5611522558352449,0.6686960980480711
homoscedastic,1,0.1,0.1,cka,eu_group0,0.5611522558352449,0.9515151515151514
homoscedastic,1,0.1,0.1,cka,eu_group1,0.5611522558352449,
homoscedastic,1,0.1,0.1,cka,eu_id,0.5611522558352449,0.9393939393939393
homoscedastic,1,0.1,0.1,cka,eu_heldout,0.5611522558352449,-0.006060606060606061
homoscedastic,1,0.1,0.1,mknn,eu_agreement,0.3512059369202226,0.9636363636363635
homoscedastic,1,0.1,0.1,mknn,acquisition_overlap,0.3512059369202226,0.686933264358473
homoscedastic,1,0.1,0.1,mknn,eu_group0,0.3512059369202226,0.9636363636363635
homoscedastic,1,0.1,0.1,mknn,eu_group1,0.3512059369202226,
homoscedastic,1,0.1,0.1,mknn,eu_id,0.3512059369202226,0.9515151515151514
homoscedastic,1,0.1,0.1,mknn,eu_heldout,0.3512059369202226,-0.0303030303030303
homoscedastic,1,0.1,0.1,predictivity,eu_agreement,0.5066734261624967,0.9393939393939393
homoscedastic,1,0.1,0.1,predictivity,acquisition_overlap,0.5066734261624967,0.790277206784084
homoscedastic,1,0.1,0.1,predictivity,eu_group0,0.5066734261624967,0.9393939393939393
homoscedastic,1,0.1,0.1,predictivity,eu_group1,0.5066734261624967,
homoscedastic,1,0.1,0.1,predictivity,eu_id,0.5066734261624967,0.8787878787878788
homoscedastic,1,0.1,0.1,predictivity,eu_heldout,0.5066734261624967,0.23636363636363633
homoscedastic,1,0.1,0.1,cca_type,eu_agreement,1.0938374206403978e-08,0.8181818181818182
homoscedastic,1,0.1,0.1,cca_type,acquisition_overlap,1.0938374206403978e-08,0.6261427099904666
homoscedastic,1,0.1,0.1,cca_type,eu_group0,1.0938374206403978e-08,0.8181818181818182
homoscedastic,1,0.1,0.1,cca_type,eu_group1,1.0938374206403978e-08,
homoscedastic,1,0.1,0.1,cca_type,eu_id,1.0938374206403978e-08,0.7818181818181817
homoscedastic,1,0.1,0.1,cca_type,eu_heldout,1.0938374206403978e-08,-0.2121212121212121
homoscedastic,1,0.1,0.1,smoother_001,eu_agreement,0.052419887356194295,0.8181818181818182
homoscedastic,1,0.1,0.1,smoother_001,acquisition_overlap,0.052419887356194295,0.6261427099904666
homoscedastic,1,0.1,0.1,smoother_001,eu_group0,0.052419887356194295,0.8181818181818182
homoscedastic,1,0.1,0.1,smoother_001,eu_group1,0.052419887356194295,
homoscedastic,1,0.1,0.1,smoother_001,eu_id,0.052419887356194295,0.7818181818181817
homoscedastic,1,0.1,0.1,smoother_001,eu_heldout,0.052419887356194295,-0.2121212121212121
homoscedastic,1,0.1,0.1,smoother_1,eu_agreement,0.1941922384089415,0.9030303030303028
homoscedastic,1,0.1,0.1,smoother_1,acquisition_overlap,0.1941922384089415,0.7477238187264795
homoscedastic,1,0.1,0.1,smoother_1,eu_group0,0.1941922384089415,0.9030303030303028
homoscedastic,1,0.1,0.1,smoother_1,eu_group1,0.1941922384089415,
homoscedastic,1,0.1,0.1,smoother_1,eu_id,0.1941922384089415,0.8666666666666665
homoscedastic,1,0.1,0.1,smoother_1,eu_heldout,0.1941922384089415,-0.006060606060606061
homoscedastic,1,0.1,0.25,cka,eu_agreement,0.5611522558352449,0.9393939393939393
homoscedastic,1,0.1,0.25,cka,acquisition_overlap,0.5611522558352449,0.7212121212121211
homoscedastic,1,0.1,0.25,cka,eu_group0,0.5611522558352449,0.9393939393939393
homoscedastic,1,0.1,0.25,cka,eu_group1,0.5611522558352449,
homoscedastic,1,0.1,0.25,cka,eu_id,0.5611522558352449,0.9393939393939393
homoscedastic,1,0.1,0.25,cka,eu_heldout,0.5611522558352449,0.006060606060606061
homoscedastic,1,0.1,0.25,mknn,eu_agreement,0.3512059369202226,0.9515151515151514
homoscedastic,1,0.1,0.25,mknn,acquisition_overlap,0.3512059369202226,0.7454545454545454
homoscedastic,1,0.1,0.25,mknn,eu_group0,0.3512059369202226,0.9515151515151514
homoscedastic,1,0.1,0.25,mknn,eu_group1,0.3512059369202226,
homoscedastic,1,0.1,0.25,mknn,eu_id,0.3512059369202226,0.9515151515151514
homoscedastic,1,0.1,0.25,mknn,eu_heldout,0.3512059369202226,-0.0303030303030303
homoscedastic,1,0.1,0.25,predictivity,eu_agreement,0.5066734261624967,0.8787878787878788
homoscedastic,1,0.1,0.25,predictivity,acquisition_overlap,0.5066734261624967,0.7818181818181817
homoscedastic,1,0.1,0.25,predictivity,eu_group0,0.5066734261624967,0.8787878787878788
homoscedastic,1,0.1,0.25,predictivity,eu_group1,0.5066734261624967,
homoscedastic,1,0.1,0.25,predictivity,eu_id,0.5066734261624967,0.8787878787878788
homoscedastic,1,0.1,0.25,predictivity,eu_heldout,0.5066734261624967,0.28484848484848485
homoscedastic,1,0.1,0.25,cca_type,eu_agreement,1.0938374206403978e-08,0.8666666666666665
homoscedastic,1,0.1,0.25,cca_type,acquisition_overlap,1.0938374206403978e-08,0.7212121212121211
homoscedastic,1,0.1,0.25,cca_type,eu_group0,1.0938374206403978e-08,0.8666666666666665
homoscedastic,1,0.1,0.25,cca_type,eu_group1,1.0938374206403978e-08,
homoscedastic,1,0.1,0.25,cca_type,eu_id,1.0938374206403978e-08,0.8666666666666665
homoscedastic,1,0.1,0.25,cca_type,eu_heldout,1.0938374206403978e-08,-0.12727272727272726
homoscedastic,1,0.1,0.25,smoother_001,eu_agreement,0.052419887356194295,0.8666666666666665
homoscedastic,1,0.1,0.25,smoother_001,acquisition_overlap,0.052419887356194295,0.7212121212121211
homoscedastic,1,0.1,0.25,smoother_001,eu_group0,0.052419887356194295,0.8666666666666665
homoscedastic,1,0.1,0.25,smoother_001,eu_group1,0.052419887356194295,
homoscedastic,1,0.1,0.25,smoother_001,eu_id,0.052419887356194295,0.8666666666666665
homoscedastic,1,0.1,0.25,smoother_001,eu_heldout,0.052419887356194295,-0.12727272727272726
homoscedastic,1,0.1,0.25,smoother_1,eu_agreement,0.1941922384089415,0.9151515151515152
homoscedastic,1,0.1,0.25,smoother_1,acquisition_overlap,0.1941922384089415,0.8181818181818182
homoscedastic,1,0.1,0.25,smoother_1,eu_group0,0.1941922384089415,0.9151515151515152
homoscedastic,1,0.1,0.25,smoother_1,eu_group1,0.1941922384089415,
homoscedastic,1,0.1,0.25,smoother_1,eu_id,0.1941922384089415,0.9151515151515152
homoscedastic,1,0.1,0.25,smoother_1,eu_heldout,0.1941922384089415,0.04242424242424241
homoscedastic,1,0.1,1.0,cka,eu_agreement,0.5611522558352449,0.9393939393939393
homoscedastic,1,0.1,1.0,cka,acquisition_overlap,0.5611522558352449,0.8536744066467458
homoscedastic,1,0.1,1.0,cka,eu_group0,0.5611522558352449,0.9393939393939393
homoscedastic,1,0.1,1.0,cka,eu_group1,0.5611522558352449,
homoscedastic,1,0.1,1.0,cka,eu_id,0.5611522558352449,0.9151515151515152
homoscedastic,1,0.1,1.0,cka,eu_heldout,0.5611522558352449,0.04242424242424241
homoscedastic,1,0.1,1.0,mknn,eu_agreement,0.3512059369202226,0.9515151515151514
homoscedastic,1,0.1,1.0,mknn,acquisition_overlap,0.3512059369202226,0.8414790579803637
homoscedastic,1,0.1,1.0,mknn,eu_group0,0.3512059369202226,0.9515151515151514
homoscedastic,1,0.1,1.0,mknn,eu_group1,0.3512059369202226,
homoscedastic,1,0.1,1.0,mknn,eu_id,0.3512059369202226,0.9393939393939393
homoscedastic,1,0.1,1.0,mknn,eu_heldout,0.3512059369202226,0.01818181818181818
homoscedastic,1,0.1,1.0,predictivity,eu_agreement,0.5066734261624967,0.8787878787878788
homoscedastic,1,0.1,1.0,predictivity,acquisition_overlap,0.5066734261624967,0.9329441729782294
homoscedastic,1,0.1,1.0,predictivity,eu_group0,0.5066734261624967,0.8787878787878788
homoscedastic,1,0.1,1.0,predictivity,eu_group1,0.5066734261624967,
homoscedastic,1,0.1,1.0,predictivity,eu_id,0.5066734261624967,0.8424242424242423
homoscedastic,1,0.1,1.0,predictivity,eu_heldout,0.5066734261624967,0.29696969696969694
homoscedastic,1,0.1,1.0,cca_type,eu_agreement,1.0938374206403978e-08,0.8666666666666665
homoscedastic,1,0.1,1.0,cca_type,acquisition_overlap,1.0938374206403978e-08,0.7134278969833519
homoscedastic,1,0.1,1.0,cca_type,eu_group0,1.0938374206403978e-08,0.8666666666666665
homoscedastic,1,0.1,1.0,cca_type,eu_group1,1.0938374206403978e-08,
homoscedastic,1,0.1,1.0,cca_type,eu_id,1.0938374206403978e-08,0.8787878787878788
homoscedastic,1,0.1,1.0,cca_type,eu_heldout,1.0938374206403978e-08,-0.16363636363636364
homoscedastic,1,0.1,1.0,smoother_001,eu_agreement,0.052419887356194295,0.8666666666666665
homoscedastic,1,0.1,1.0,smoother_001,acquisition_overlap,0.052419887356194295,0.7134278969833519
homoscedastic,1,0.1,1.0,smoother_001,eu_group0,0.052419887356194295,0.8666666666666665
homoscedastic,1,0.1,1.0,smoother_001,eu_group1,0.052419887356194295,
homoscedastic,1,0.1,1.0,smoother_001,eu_id,0.052419887356194295,0.8787878787878788
homoscedastic,1,0.1,1.0,smoother_001,eu_heldout,0.052419887356194295,-0.16363636363636364
homoscedastic,1,0.1,1.0,smoother_1,eu_agreement,0.1941922384089415,0.9151515151515152
homoscedastic,1,0.1,1.0,smoother_1,acquisition_overlap,0.1941922384089415,0.8475767323135548
homoscedastic,1,0.1,1.0,smoother_1,eu_group0,0.1941922384089415,0.9151515151515152
homoscedastic,1,0.1,1.0,smoother_1,eu_group1,0.1941922384089415,
homoscedastic,1,0.1,1.0,smoother_1,eu_id,0.1941922384089415,0.9272727272727272
homoscedastic,1,0.1,1.0,smoother_1,eu_heldout,0.1941922384089415,0.04242424242424241
homoscedastic,1,1.0,0.1,cka,eu_agreement,0.5611522558352449,0.9393939393939393
homoscedastic,1,1.0,0.1,cka,acquisition_overlap,0.5611522558352449,0.7212121212121211
homoscedastic,1,1.0,0.1,cka,eu_group0,0.5611522558352449,0.9393939393939393
homoscedastic,1,1.0,0.1,cka,eu_group1,0.5611522558352449,
homoscedastic,1,1.0,0.1,cka,eu_id,0.5611522558352449,0.9515151515151514
homoscedastic,1,1.0,0.1,cka,eu_heldout,0.5611522558352449,0.11515151515151514
homoscedastic,1,1.0,0.1,mknn,eu_agreement,0.3512059369202226,0.9636363636363635
homoscedastic,1,1.0,0.1,mknn,acquisition_overlap,0.3512059369202226,0.7454545454545454
homoscedastic,1,1.0,0.1,mknn,eu_group0,0.3512059369202226,0.9636363636363635
homoscedastic,1,1.0,0.1,mknn,eu_group1,0.3512059369202226,
homoscedastic,1,1.0,0.1,mknn,eu_id,0.3512059369202226,0.9636363636363635
homoscedastic,1,1.0,0.1,mknn,eu_heldout,0.3512059369202226,0.09090909090909088
homoscedastic,1,1.0,0.1,predictivity,eu_agreement,0.5066734261624967,0.8909090909090909
homoscedastic,1,1.0,0.1,predictivity,acquisition_overlap,0.5066734261624967,0.7818181818181817
homoscedastic,1,1.0,0.1,predictivity,eu_group0,0.5066734261624967,0.8909090909090909
homoscedastic,1,1.0,0.1,predictivity,eu_group1,0.5066734261624967,
homoscedastic,1,1.0,0.1,predictivity,eu_id,0.5066734261624967,0.8666666666666665
homoscedastic,1,1.0,0.1,predictivity,eu_heldout,0.5066734261624967,0.34545454545454546
homoscedastic,1,1.0,0.1,cca_type,eu_agreement,1.0938374206403978e-08,0.8909090909090909
homoscedastic,1,1.0,0.1,cca_type,acquisition_overlap,1.0938374206403978e-08,0.7212121212121211
homoscedastic,1,1.0,0.1,cca_type,eu_group0,1.0938374206403978e-08,0.8909090909090909
homoscedastic,1,1.0,0.1,cca_type,eu_group1,1.0938374206403978e-08,
homoscedastic,1,1.0,0.1,cca_type,eu_id,1.0938374206403978e-08,0.8424242424242423
homoscedastic,1,1.0,0.1,cca_type,eu_heldout,1.0938374206403978e-08,-0.06666666666666665
homoscedastic,1,1.0,0.1,smoother_001,eu_agreement,0.052419887356194295,0.8909090909090909
homoscedastic,1,1.0,0.1,smoother_001,acquisition_overlap,0.052419887356194295,0.7212121212121211
homoscedastic,1,1.0,0.1,smoother_001,eu_group0,0.052419887356194295,0.8909090909090909
homoscedastic,1,1.0,0.1,smoother_001,eu_group1,0.052419887356194295,
homoscedastic,1,1.0,0.1,smoother_001,eu_id,0.052419887356194295,0.8424242424242423
homoscedastic,1,1.0,0.1,smoother_001,eu_heldout,0.052419887356194295,-0.06666666666666665
homoscedastic,1,1.0,0.1,smoother_1,eu_agreement,0.1941922384089415,0.9515151515151514
homoscedastic,1,1.0,0.1,smoother_1,acquisition_overlap,0.1941922384089415,0.8181818181818182
homoscedastic,1,1.0,0.1,smoother_1,eu_group0,0.1941922384089415,0.9515151515151514
homoscedastic,1,1.0,0.1,smoother_1,eu_group1,0.1941922384089415,
homoscedastic,1,1.0,0.1,smoother_1,eu_id,0.1941922384089415,0.9030303030303028
homoscedastic,1,1.0,0.1,smoother_1,eu_heldout,0.1941922384089415,0.13939393939393938
homoscedastic,1,1.0,0.25,cka,eu_agreement,0.5611522558352449,0.9151515151515152
homoscedastic,1,1.0,0.25,cka,acquisition_overlap,0.5611522558352449,0.6890371996505876
homoscedastic,1,1.0,0.25,cka,eu_group0,0.5611522558352449,0.9151515151515152
homoscedastic,1,1.0,0.25,cka,eu_group1,0.5611522558352449,
homoscedastic,1,1.0,0.25,cka,eu_id,0.5611522558352449,0.9151515151515152
homoscedastic,1,1.0,0.25,cka,eu_heldout,0.5611522558352449,0.12727272727272726
homoscedastic,1,1.0,0.25,mknn,eu_agreement,0.3512059369202226,0.9393939393939393
homoscedastic,1,1.0,0.25,mknn,acquisition_overlap,0.3512059369202226,0.7195255713165428
homoscedastic,1,1.0,0.25,mknn,eu_group0,0.3512059369202226,0.9393939393939393
homoscedastic,1,1.0,0.25,mknn,eu_group1,0.3512059369202226,
homoscedastic,1,1.0,0.25,mknn,eu_id,0.3512059369202226,0.9393939393939393
homoscedastic,1,1.0,0.25,mknn,eu_heldout,0.3512059369202226,0.10303030303030303
homoscedastic,1,1.0,0.25,predictivity,eu_agreement,0.5066734261624967,0.8424242424242423
homoscedastic,1,1.0,0.25,predictivity,acquisition_overlap,0.5066734261624967,0.8231860349807906
homoscedastic,1,1.0,0.25,predictivity,eu_group0,0.5066734261624967,0.8424242424242423
homoscedastic,1,1.0,0.25,predictivity,eu_group1,0.5066734261624967,
homoscedastic,1,1.0,0.25,predictivity,eu_id,0.5066734261624967,0.8424242424242423
homoscedastic,1,1.0,0.25,predictivity,eu_heldout,0.5066734261624967,0.38181818181818183
homoscedastic,1,1.0,0.25,cca_type,eu_agreement,1.0938374206403978e-08,0.8787878787878788
homoscedastic,1,1.0,0.25,cca_type,acquisition_overlap,1.0938374206403978e-08,0.5670837129867669
homoscedastic,1,1.0,0.25,cca_type,eu_group0,1.0938374206403978e-08,0.8787878787878788
homoscedastic,1,1.0,0.25,cca_type,eu_group1,1.0938374206403978e-08,
homoscedastic,1,1.0,0.25,cca_type,eu_id,1.0938374206403978e-08,0.8787878787878788
homoscedastic,1,1.0,0.25,cca_type,eu_heldout,1.0938374206403978e-08,-0.04242424242424241
homoscedastic,1,1.0,0.25,smoother_001,eu_agreement,0.052419887356194295,0.8787878787878788
homoscedastic,1,1.0,0.25,smoother_001,acquisition_overlap,0.052419887356194295,0.5670837129867669
homoscedastic,1,1.0,0.25,smoother_001,eu_group0,0.052419887356194295,0.8787878787878788
homoscedastic,1,1.0,0.25,smoother_001,eu_group1,0.052419887356194295,
homoscedastic,1,1.0,0.25,smoother_001,eu_id,0.052419887356194295,0.8787878787878788
homoscedastic,1,1.0,0.25,smoother_001,eu_heldout,0.052419887356194295,-0.04242424242424241
homoscedastic,1,1.0,0.25,smoother_1,eu_agreement,0.1941922384089415,0.9272727272727272
homoscedastic,1,1.0,0.25,smoother_1,acquisition_overlap,0.1941922384089415,0.7134278969833519
homoscedastic,1,1.0,0.25,smoother_1,eu_group0,0.1941922384089415,0.9272727272727272
homoscedastic,1,1.0,0.25,smoother_1,eu_group1,0.1941922384089415,
homoscedastic,1,1.0,0.25,smoother_1,eu_id,0.1941922384089415,0.9272727272727272
homoscedastic,1,1.0,0.25,smoother_1,eu_heldout,0.1941922384089415,0.1515151515151515
homoscedastic,1,1.0,1.0,cka,eu_agreement,0.5611522558352449,0.9393939393939393
homoscedastic,1,1.0,1.0,cka,acquisition_overlap,0.5611522558352449,0.8292837093139818
homoscedastic,1,1.0,1.0,cka,eu_group0,0.5611522558352449,0.9393939393939393
homoscedastic,1,1.0,1.0,cka,eu_group1,0.5611522558352449,
homoscedastic,1,1.0,1.0,cka,eu_id,0.5611522558352449,0.9151515151515152
homoscedastic,1,1.0,1.0,cka,eu_heldout,0.5611522558352449,-0.0303030303030303
homoscedastic,1,1.0,1.0,mknn,eu_agreement,0.3512059369202226,0.9515151515151514
homoscedastic,1,1.0,1.0,mknn,acquisition_overlap,0.3512059369202226,0.8292837093139818
homoscedastic,1,1.0,1.0,mknn,eu_group0,0.3512059369202226,0.9515151515151514
homoscedastic,1,1.0,1.0,mknn,eu_group1,0.3512059369202226,
homoscedastic,1,1.0,1.0,mknn,eu_id,0.3512059369202226,0.9393939393939393
homoscedastic,1,1.0,1.0,mknn,eu_heldout,0.3512059369202226,-0.06666666666666665
homoscedastic,1,1.0,1.0,predictivity,eu_agreement,0.5066734261624967,0.8787878787878788
homoscedastic,1,1.0,1.0,predictivity,acquisition_overlap,0.5066734261624967,0.9268464986450384
homoscedastic,1,1.0,1.0,predictivity,eu_group0,0.5066734261624967,0.8787878787878788
homoscedastic,1,1.0,1.0,predictivity,eu_group1,0.5066734261624967,
homoscedastic,1,1.0,1.0,predictivity,eu_id,0.5066734261624967,0.8424242424242423
homoscedastic,1,1.0,1.0,predictivity,eu_heldout,0.5066734261624967,0.2121212121212121
homoscedastic,1,1.0,1.0,cca_type,eu_agreement,1.0938374206403978e-08,0.8666666666666665
homoscedastic,1,1.0,1.0,cca_type,acquisition_overlap,1.0938374206403978e-08,0.6890371996505876
homoscedastic,1,1.0,1.0,cca_type,eu_group0,1.0938374206403978e-08,0.8666666666666665
homoscedastic,1,1.0,1.0,cca_type,eu_group1,1.0938374206403978e-08,
homoscedastic,1,1.0,1.0,cca_type,eu_id,1.0938374206403978e-08,0.8787878787878788
homoscedastic,1,1.0,1.0,cca_type,eu_heldout,1.0938374206403978e-08,-0.2606060606060606
homoscedastic,1,1.0,1.0,smoother_001,eu_agreement,0.052419887356194295,0.8666666666666665
homoscedastic,1,1.0,1.0,smoother_001,acquisition_overlap,0.052419887356194295,0.6890371996505876
homoscedastic,1,1.0,1.0,smoother_001,eu_group0,0.052419887356194295,0.8666666666666665
homoscedastic,1,1.0,1.0,smoother_001,eu_group1,0.052419887356194295,
homoscedastic,1,1.0,1.0,smoother_001,eu_id,0.052419887356194295,0.8787878787878788
homoscedastic,1,1.0,1.0,smoother_001,eu_heldout,0.052419887356194295,-0.2606060606060606
homoscedastic,1,1.0,1.0,smoother_1,eu_agreement,0.1941922384089415,0.9151515151515152
homoscedastic,1,1.0,1.0,smoother_1,acquisition_overlap,0.1941922384089415,0.8353813836471727
homoscedastic,1,1.0,1.0,smoother_1,eu_group0,0.1941922384089415,0.9151515151515152
homoscedastic,1,1.0,1.0,smoother_1,eu_group1,0.1941922384089415,
homoscedastic,1,1.0,1.0,smoother_1,eu_id,0.1941922384089415,0.9272727272727272
homoscedastic,1,1.0,1.0,smoother_1,eu_heldout,0.1941922384089415,-0.04242424242424241
homoscedastic,1,10.0,0.1,cka,eu_agreement,0.5611522558352449,0.9393939393939393
homoscedastic,1,10.0,0.1,cka,acquisition_overlap,0.5611522558352449,0.6280604563186774
homoscedastic,1,10.0,0.1,cka,eu_group0,0.5611522558352449,0.9393939393939393
homoscedastic,1,10.0,0.1,cka,eu_group1,0.5611522558352449,
homoscedastic,1,10.0,0.1,cka,eu_id,0.5611522558352449,0.9272727272727272
homoscedastic,1,10.0,0.1,cka,eu_heldout,0.5611522558352449,0.11515151515151514
homoscedastic,1,10.0,0.1,mknn,eu_agreement,0.3512059369202226,0.9636363636363635
homoscedastic,1,10.0,0.1,mknn,acquisition_overlap,0.3512059369202226,0.6524511536514415
homoscedastic,1,10.0,0.1,mknn,eu_group0,0.3512059369202226,0.9636363636363635
homoscedastic,1,10.0,0.1,mknn,eu_group1,0.3512059369202226,
homoscedastic,1,10.0,0.1,mknn,eu_id,0.3512059369202226,0.9515151515151514
homoscedastic,1,10.0,0.1,mknn,eu_heldout,0.3512059369202226,0.09090909090909088
homoscedastic,1,10.0,0.1,predictivity,eu_agreement,0.5066734261624967,0.8909090909090909
homoscedastic,1,10.0,0.1,predictivity,acquisition_overlap,0.5066734261624967,0.6646465023178236
homoscedastic,1,10.0,0.1,predictivity,eu_group0,0.5066734261624967,0.8909090909090909
homoscedastic,1,10.0,0.1,predictivity,eu_group1,0.5066734261624967,
homoscedastic,1,10.0,0.1,predictivity,eu_id,0.5066734261624967,0.8303030303030302
homoscedastic,1,10.0,0.1,predictivity,eu_heldout,0.5066734261624967,0.34545454545454546
homoscedastic,1,10.0,0.1,cca_type,eu_agreement,1.0938374206403978e-08,0.8909090909090909
homoscedastic,1,10.0,0.1,cca_type,acquisition_overlap,1.0938374206403978e-08,0.6646465023178236
homoscedastic,1,10.0,0.1,cca_type,eu_group0,1.0938374206403978e-08,0.8909090909090909
homoscedastic,1,10.0,0.1,cca_type,eu_group1,1.0938374206403978e-08,
homoscedastic,1,10.0,0.1,cca_type,eu_id,1.0938374206403978e-08,0.8545454545454544
homoscedastic,1,10.0,0.1,cca_type,eu_heldout,1.0938374206403978e-08,-0.06666666666666665
homoscedastic,1,10.0,0.1,smoother_001,eu_agreement,0.052419887356194295,0.8909090909090909
homoscedastic,1,10.0,0.1,smoother_001,acquisition_overlap,0.052419887356194295,0.6646465023178236
homoscedastic,1,10.0,0.1,smoother_001,eu_group0,0.052419887356194295,0.8909090909090909
homoscedastic,1,10.0,0.1,smoother_001,eu_group1,0.052419887356194295,
homoscedastic,1,10.0,0.1,smoother_001,eu_id,0.052419887356194295,0.8545454545454544
homoscedastic,1,10.0,0.1,smoother_001,eu_heldout,0.052419887356194295,-0.06666666666666665
homoscedastic,1,10.0,0.1,smoother_1,eu_agreement,0.1941922384089415,0.9515151515151514
homoscedastic,1,10.0,0.1,smoother_1,acquisition_overlap,0.1941922384089415,0.743916268649307
homoscedastic,1,10.0,0.1,smoother_1,eu_group0,0.1941922384089415,0.9515151515151514
homoscedastic,1,10.0,0.1,smoother_1,eu_group1,0.1941922384089415,
homoscedastic,1,10.0,0.1,smoother_1,eu_id,0.1941922384089415,0.9151515151515152
homoscedastic,1,10.0,0.1,smoother_1,eu_heldout,0.1941922384089415,0.13939393939393938
homoscedastic,1,10.0,0.25,cka,eu_agreement,0.5611522558352449,0.9151515151515152
homoscedastic,1,10.0,0.25,cka,acquisition_overlap,0.5611522558352449,0.6626170426112704
homoscedastic,1,10.0,0.25,cka,eu_group0,0.5611522558352449,0.9151515151515152
homoscedastic,1,10.0,0.25,cka,eu_group1,0.5611522558352449,
homoscedastic,1,10.0,0.25,cka,eu_id,0.5611522558352449,0.9151515151515152
homoscedastic,1,10.0,0.25,cka,eu_heldout,0.5611522558352449,0.11515151515151514
homoscedastic,1,10.0,0.25,mknn,eu_agreement,0.3512059369202226,0.9393939393939393
homoscedastic,1,10.0,0.25,mknn,acquisition_overlap,0.3512059369202226,0.6808542089216724
homoscedastic,1,10.0,0.25,mknn,eu_group0,0.3512059369202226,0.9393939393939393
homoscedastic,1,10.0,0.25,mknn,eu_group1,0.3512059369202226,
homoscedastic,1,10.0,0.25,mknn,eu_id,0.3512059369202226,0.9393939393939393
homoscedastic,1,10.0,0.25,mknn,eu_heldout,0.3512059369202226,0.09090909090909088
homoscedastic,1,10.0,0.25,predictivity,eu_agreement,0.5066734261624967,0.8424242424242423
homoscedastic,1,10.0,0.25,predictivity,acquisition_overlap,0.5066734261624967,0.8024353176576852
homoscedastic,1,10.0,0.25,predictivity,eu_group0,0.5066734261624967,0.8424242424242423
homoscedastic,1,10.0,0.25,predictivity,eu_group1,0.5066734261624967,
homoscedastic,1,10.0,0.25,predictivity,eu_id,0.5066734261624967,0.8424242424242423
homoscedastic,1,10.0,0.25,predictivity,eu_heldout,0.5066734261624967,0.34545454545454546
homoscedastic,1,10.0,0.25,cca_type,eu_agreement,1.0938374206403978e-08,0.8787878787878788
homoscedastic,1,10.0,0.25,cca_type,acquisition_overlap,1.0938374206403978e-08,0.4863244349440517
homoscedastic,1,10.0,0.25,cca_type,eu_group0,1.0938374206403978e-08,0.8787878787878788
homoscedastic,1,10.0,0.25,cca_type,eu_group1,1.0938374206403978e-08,
homoscedastic,1,10.0,0.25,cca_type,eu_id,1.0938374206403978e-08,0.8787878787878788
homoscedastic,1,10.0,0.25,cca_type,eu_heldout,1.0938374206403978e-08,-0.06666666666666665
homoscedastic,1,10.0,0.25,smoother_001,eu_agreement,0.052419887356194295,0.8787878787878788
homoscedastic,1,10.0,0.25,smoother_001,acquisition_overlap,0.052419887356194295,0.4863244349440517
homoscedastic,1,10.0,0.25,smoother_001,eu_group0,0.052419887356194295,0.8787878787878788
homoscedastic,1,10.0,0.25,smoother_001,eu_group1,0.052419887356194295,
homoscedastic,1,10.0,0.25,smoother_001,eu_id,0.052419887356194295,0.8787878787878788
homoscedastic,1,10.0,0.25,smoother_001,eu_heldout,0.052419887356194295,-0.06666666666666665
homoscedastic,1,10.0,0.25,smoother_1,eu_agreement,0.1941922384089415,0.9272727272727272
homoscedastic,1,10.0,0.25,smoother_1,acquisition_overlap,0.1941922384089415,0.6565379871744699
homoscedastic,1,10.0,0.25,smoother_1,eu_group0,0.1941922384089415,0.9272727272727272
homoscedastic,1,10.0,0.25,smoother_1,eu_group1,0.1941922384089415,
homoscedastic,1,10.0,0.25,smoother_1,eu_id,0.1941922384089415,0.9272727272727272
homoscedastic,1,10.0,0.25,smoother_1,eu_heldout,0.1941922384089415,0.13939393939393938
homoscedastic,1,10.0,1.0,cka,eu_agreement,0.5611522558352449,0.9151515151515152
homoscedastic,1,10.0,1.0,cka,acquisition_overlap,0.5611522558352449,0.7294866524160775
homoscedastic,1,10.0,1.0,cka,eu_group0,0.5611522558352449,0.9151515151515152
homoscedastic,1,10.0,1.0,cka,eu_group1,0.5611522558352449,
homoscedastic,1,10.0,1.0,cka,eu_id,0.5611522558352449,0.8787878787878788
homoscedastic,1,10.0,1.0,cka,eu_heldout,0.5611522558352449,-0.0303030303030303
homoscedastic,1,10.0,1.0,mknn,eu_agreement,0.3512059369202226,0.9272727272727272
homoscedastic,1,10.0,1.0,mknn,acquisition_overlap,0.3512059369202226,0.7416447632896788
homoscedastic,1,10.0,1.0,mknn,eu_group0,0.3512059369202226,0.9272727272727272
homoscedastic,1,10.0,1.0,mknn,eu_group1,0.3512059369202226,
homoscedastic,1,10.0,1.0,mknn,eu_id,0.3512059369202226,0.9030303030303028
homoscedastic,1,10.0,1.0,mknn,eu_heldout,0.3512059369202226,-0.06666666666666665
homoscedastic,1,10.0,1.0,predictivity,eu_agreement,0.5066734261624967,0.8545454545454544
homoscedastic,1,10.0,1.0,predictivity,acquisition_overlap,0.5066734261624967,0.8571468165888911
homoscedastic,1,10.0,1.0,predictivity,eu_group0,0.5066734261624967,0.8545454545454544
homoscedastic,1,10.0,1.0,predictivity,eu_group1,0.5066734261624967,
homoscedastic,1,10.0,1.0,predictivity,eu_id,0.5066734261624967,0.8303030303030302
homoscedastic,1,10.0,1.0,predictivity,eu_heldout,0.5066734261624967,0.2121212121212121
homoscedastic,1,10.0,1.0,cca_type,eu_agreement,1.0938374206403978e-08,0.7818181818181817
homoscedastic,1,10.0,1.0,cca_type,acquisition_overlap,1.0938374206403978e-08,0.6018264882432639
homoscedastic,1,10.0,1.0,cca_type,eu_group0,1.0938374206403978e-08,0.7818181818181817
homoscedastic,1,10.0,1.0,cca_type,eu_group1,1.0938374206403978e-08,
homoscedastic,1,10.0,1.0,cca_type,eu_id,1.0938374206403978e-08,0.7333333333333332
homoscedastic,1,10.0,1.0,cca_type,eu_heldout,1.0938374206403978e-08,-0.2606060606060606
homoscedastic,1,10.0,1.0,smoother_001,eu_agreement,0.052419887356194295,0.7818181818181817
homoscedastic,1,10.0,1.0,smoother_001,acquisition_overlap,0.052419887356194295,0.6018264882432639
homoscedastic,1,10.0,1.0,smoother_001,eu_group0,0.052419887356194295,0.7818181818181817
homoscedastic,1,10.0,1.0,smoother_001,eu_group1,0.052419887356194295,
homoscedastic,1,10.0,1.0,smoother_001,eu_id,0.052419887356194295,0.7333333333333332
homoscedastic,1,10.0,1.0,smoother_001,eu_heldout,0.052419887356194295,-0.2606060606060606
homoscedastic,1,10.0,1.0,smoother_1,eu_agreement,0.1941922384089415,0.8666666666666665
homoscedastic,1,10.0,1.0,smoother_1,acquisition_overlap,0.1941922384089415,0.735565707852878
homoscedastic,1,10.0,1.0,smoother_1,eu_group0,0.1941922384089415,0.8666666666666665
homoscedastic,1,10.0,1.0,smoother_1,eu_group1,0.1941922384089415,
homoscedastic,1,10.0,1.0,smoother_1,eu_id,0.1941922384089415,0.8424242424242423
homoscedastic,1,10.0,1.0,smoother_1,eu_heldout,0.1941922384089415,-0.04242424242424241
homoscedastic,2,0.1,0.1,cka,eu_agreement,0.5456154037050684,0.9393939393939393
homoscedastic,2,0.1,0.1,cka,acquisition_overlap,0.5456154037050684,0.6747751534848716
homoscedastic,2,0.1,0.1,cka,eu_group0,0.5456154037050684,0.9393939393939393
homoscedastic,2,0.1,0.1,cka,eu_group1,0.5456154037050684,
homoscedastic,2,0.1,0.1,cka,eu_id,0.5456154037050684,0.9272727272727272
homoscedastic,2,0.1,0.1,cka,eu_heldout,0.5456154037050684,0.309090909090909
homoscedastic,2,0.1,0.1,mknn,eu_agreement,0.3580705009276438,0.9393939393939393
homoscedastic,2,0.1,0.1,mknn,acquisition_overlap,0.3580705009276438,0.6747751534848716
homoscedastic,2,0.1,0.1,mknn,eu_group0,0.3580705009276438,0.9393939393939393
homoscedastic,2,0.1,0.1,mknn,eu_group1,0.3580705009276438,
homoscedastic,2,0.1,0.1,mknn,eu_id,0.3580705009276438,0.9515151515151514
homoscedastic,2,0.1,0.1,mknn,eu_heldout,0.3580705009276438,0.18787878787878787
homoscedastic,2,0.1,0.1,predictivity,eu_agreement,0.47840713639021765,0.8666666666666665
homoscedastic,2,0.1,0.1,predictivity,acquisition_overlap,0.47840713639021765,0.8024353176576852
homoscedastic,2,0.1,0.1,predictivity,eu_group0,0.47840713639021765,0.8666666666666665
homoscedastic,2,0.1,0.1,predictivity,eu_group1,0.47840713639021765,
homoscedastic,2,0.1,0.1,predictivity,eu_id,0.47840713639021765,0.8545454545454544
homoscedastic,2,0.1,0.1,predictivity,eu_heldout,0.47840713639021765,0.49090909090909085
homoscedastic,2,0.1,0.1,cca_type,eu_agreement,1.0761895485877915e-08,0.8060606060606059
homoscedastic,2,0.1,0.1,cca_type,acquisition_overlap,1.0761895485877915e-08,0.44377104688644714
homoscedastic,2,0.1,0.1,cca_type,eu_group0,1.0761895485877915e-08,0.8060606060606059
homoscedastic,2,0.1,0.1,cca_type,eu_group1,1.0761895485877915e-08,
homoscedastic,2,0.1,0.1,cca_type,eu_id,1.0761895485877915e-08,0.7818181818181817
homoscedastic,2,0.1,0.1,cca_type,eu_heldout,1.0761895485877915e-08,0.07878787878787878
homoscedastic,2,0.1,0.1,smoother_001,eu_agreement,0.05278861047705752,0.8060606060606059
homoscedastic,2,0.1,0.1,smoother_001,acquisition_overlap,0.05278861047705752,0.44377104688644714
homoscedastic,2,0.1,0.1,smoother_001,eu_group0,0.05278861047705752,0.8060606060606059
homoscedastic,2,0.1,0.1,smoother_001,eu_group1,0.05278861047705752,
homoscedastic,2,0.1,0.1,smoother_001,eu_id,0.05278861047705752,0.7818181818181817
homoscedastic,2,0.1,0.1,smoother_001,eu_heldout,0.05278861047705752,0.07878787878787878
homoscedastic,2,0.1,0.1,smoother_1,eu_agreement,0.19537015868190233,0.8787878787878788
homoscedastic,2,0.1,0.1,smoother_1,acquisition_overlap,0.19537015868190233,0.5775102664960614
homoscedastic,2,0.1,0.1,smoother_1,eu_group0,0.19537015868190233,0.8787878787878788
homoscedastic,2,0.1,0.1,smoother_1,eu_group1,0.19537015868190233,
homoscedastic,2,0.1,0.1,smoother_1,eu_id,0.19537015868190233,0.8666666666666665
homoscedastic,2,0.1,0.1,smoother_1,eu_heldout,0.19537015868190233,0.2121212121212121
homoscedastic,2,0.1,0.25,cka,eu_agreement,0.5456154037050684,0.9393939393939393
homoscedastic,2,0.1,0.25,cka,acquisition_overlap,0.5456154037050684,0.8145934285312865
homoscedastic,2,0.1,0.25,cka,eu_group0,0.5456154037050684,0.9393939393939393
homoscedastic,2,0.1,0.25,cka,eu_group1,0.5456154037050684,
homoscedastic,2,0.1,0.25,cka,eu_id,0.5456154037050684,0.8909090909090909
homoscedastic,2,0.1,0.25,cka,eu_heldout,0.5456154037050684,0.07878787878787878
homoscedastic,2,0.1,0.25,mknn,eu_agreement,0.3580705009276438,0.9393939393939393
homoscedastic,2,0.1,0.25,mknn,acquisition_overlap,0.3580705009276438,0.7538028741632801
homoscedastic,2,0.1,0.25,mknn,eu_group0,0.3580705009276438,0.9393939393939393
homoscedastic,2,0.1,0.25,mknn,eu_group1,0.3580705009276438,
homoscedastic,2,0.1,0.25,mknn,eu_id,0.3580705009276438,0.9030303030303028
homoscedastic,2,0.1,0.25,mknn,eu_heldout,0.3580705009276438,-0.006060606060606061
homoscedastic,2,0.1,0.25,predictivity,eu_agreement,0.47840713639021765,0.8666666666666665
homoscedastic,2,0.1,0.25,predictivity,acquisition_overlap,0.47840713639021765,0.8997002046464955
homoscedastic,2,0.1,0.25,predictivity,eu_group0,0.47840713639021765,0.8666666666666665
homoscedastic,2,0.1,0.25,predictivity,eu_group1,0.47840713639021765,
homoscedastic,2,0.1,0.25,predictivity,eu_id,0.47840713639021765,0.8181818181818182
homoscedastic,2,0.1,0.25,predictivity,eu_heldout,0.47840713639021765,0.35757575757575755
homoscedastic,2,0.1,0.25,cca_type,eu_agreement,1.0761895485877915e-08,0.8060606060606059
homoscedastic,2,0.1,0.25,cca_type,acquisition_overlap,1.0761895485877915e-08,0.6686960980480711
homoscedastic,2,0.1,0.25,cca_type,eu_group0,1.0761895485877915e-08,0.8060606060606059
homoscedastic,2,0.1,0.25,cca_type,eu_group1,1.0761895485877915e-08,
homoscedastic,2,0.1,0.25,cca_type,eu_id,1.0761895485877915e-08,0.7333333333333332
homoscedastic,2,0.1,0.25,cca_type,eu_heldout,1.0761895485877915e-08,-0.1515151515151515
homoscedastic,2,0.1,0.25,smoother_001,eu_agreement,0.05278861047705752,0.8060606060606059
homoscedastic,2,0.1,0.25,smoother_001,acquisition_overlap,0.05278861047705752,0.6686960980480711
homoscedastic,2,0.1,0.25,smoother_001,eu_group0,0.05278861047705752,0.8060606060606059
homoscedastic,2,0.1,0.25,smoother_001,eu_group1,0.05278861047705752,
homoscedastic,2,0.1,0.25,smoother_001,eu_id,0.05278861047705752,0.7333333333333332
homoscedastic,2,0.1,0.25,smoother_001,eu_heldout,0.05278861047705752,-0.1515151515151515
homoscedastic,2,0.1,0.25,smoother_1,eu_agreement,0.19537015868190233,0.8787878787878788
homoscedastic,2,0.1,0.25,smoother_1,acquisition_overlap,0.19537015868190233,0.7598819296000807
homoscedastic,2,0.1,0.25,smoother_1,eu_group0,0.19537015868190233,0.8787878787878788
homoscedastic,2,0.1,0.25,smoother_1,eu_group1,0.19537015868190233,
homoscedastic,2,0.1,0.25,smoother_1,eu_id,0.19537015868190233,0.8424242424242423
homoscedastic,2,0.1,0.25,smoother_1,eu_heldout,0.19537015868190233,0.01818181818181818
homoscedastic,2,0.1,1.0,cka,eu_agreement,0.5456154037050684,0.9272727272727272
homoscedastic,2,0.1,1.0,cka,acquisition_overlap,0.5456154037050684,0.9329441729782294
homoscedastic,2,0.1,1.0,cka,eu_group0,0.5456154037050684,0.9272727272727272
homoscedastic,2,0.1,1.0,cka,eu_group1,0.5456154037050684,
homoscedastic,2,0.1,1.0,cka,eu_id,0.5456154037050684,0.9272727272727272
homoscedastic,2,0.1,1.0,cka,eu_heldout,0.5456154037050684,0.10303030303030303
homoscedastic,2,0.1,1.0,mknn,eu_agreement,0.3580705009276438,0.9393939393939393
homoscedastic,2,0.1,1.0,mknn,acquisition_overlap,0.3580705009276438,0.8902604526458922
homoscedastic,2,0.1,1.0,mknn,eu_group0,0.3580705009276438,0.9393939393939393
homoscedastic,2,0.1,1.0,mknn,eu_group1,0.3580705009276438,
homoscedastic,2,0.1,1.0,mknn,eu_id,0.3580705009276438,0.9393939393939393
homoscedastic,2,0.1,1.0,mknn,eu_heldout,0.3580705009276438,0.0303030303030303
homoscedastic,2,0.1,1.0,predictivity,eu_agreement,0.47840713639021765,0.8060606060606059
homoscedastic,2,0.1,1.0,predictivity,acquisition_overlap,0.47840713639021765,0.9451395216446113
homoscedastic,2,0.1,1.0,predictivity,eu_group0,0.47840713639021765,0.8060606060606059
homoscedastic,2,0.1,1.0,predictivity,eu_group1,0.47840713639021765,
homoscedastic,2,0.1,1.0,predictivity,eu_id,0.47840713639021765,0.8060606060606059
homoscedastic,2,0.1,1.0,predictivity,eu_heldout,0.47840713639021765,0.406060606060606
homoscedastic,2,0.1,1.0,cca_type,eu_agreement,1.0761895485877915e-08,0.8787878787878788
homoscedastic,2,0.1,1.0,cca_type,acquisition_overlap,1.0761895485877915e-08,0.7622092916488802
homoscedastic,2,0.1,1.0,cca_type,eu_group0,1.0761895485877915e-08,0.8787878787878788
homoscedastic,2,0.1,1.0,cca_type,eu_group1,1.0761895485877915e-08,
homoscedastic,2,0.1,1.0,cca_type,eu_id,1.0761895485877915e-08,0.8787878787878788
homoscedastic,2,0.1,1.0,cca_type,eu_heldout,1.0761895485877915e-08,-0.13939393939393938
homoscedastic,2,0.1,1.0,smoother_001,eu_agreement,0.05278861047705752,0.8787878787878788
homoscedastic,2,0.1,1.0,smoother_001,acquisition_overlap,0.05278861047705752,0.7622092916488802
homoscedastic,2,0.1,1.0,smoother_001,eu_group0,0.05278861047705752,0.8787878787878788
homoscedastic,2,0.1,1.0,smoother_001,eu_group1,0.05278861047705752,
homoscedastic,2,0.1,1.0,smoother_001,eu_id,0.05278861047705752,0.8787878787878788
homoscedastic,2,0.1,1.0,smoother_001,eu_heldout,0.05278861047705752,-0.13939393939393938
homoscedastic,2,0.1,1.0,smoother_1,eu_agreement,0.19537015868190233,0.9272727272727272
homoscedastic,2,0.1,1.0,smoother_1,acquisition_overlap,0.19537015868190233,0.8719674296463189
homoscedastic,2,0.1,1.0,smoother_1,eu_group0,0.19537015868190233,0.9272727272727272
homoscedastic,2,0.1,1.0,smoother_1,eu_group1,0.19537015868190233,
homoscedastic,2,0.1,1.0,smoother_1,eu_id,0.19537015868190233,0.9272727272727272
homoscedastic,2,0.1,1.0,smoother_1,eu_heldout,0.19537015868190233,0.05454545454545454
homoscedastic,2,1.0,0.1,cka,eu_agreement,0.5456154037050684,0.9515151515151514
homoscedastic,2,1.0,0.1,cka,acquisition_overlap,0.5456154037050684,0.7914706236904049
homoscedastic,2,1.0,0.1,cka,eu_group0,0.5456154037050684,0.9515151515151514
homoscedastic,2,1.0,0.1,cka,eu_group1,0.5456154037050684,
homoscedastic,2,1.0,0.1,cka,eu_id,0.5456154037050684,0.9393939393939393
homoscedastic,2,1.0,0.1,cka,eu_heldout,0.5456154037050684,0.24848484848484845
homoscedastic,2,1.0,0.1,mknn,eu_agreement,0.3580705009276438,0.9515151515151514
homoscedastic,2,1.0,0.1,mknn,acquisition_overlap,0.3580705009276438,0.754658036542014
homoscedastic,2,1.0,0.1,mknn,eu_group0,0.3580705009276438,0.9515151515151514
homoscedastic,2,1.0,0.1,mknn,eu_group1,0.3580705009276438,
homoscedastic,2,1.0,0.1,mknn,eu_id,0.3580705009276438,0.9636363636363635
homoscedastic,2,1.0,0.1,mknn,eu_heldout,0.3580705009276438,0.16363636363636364
homoscedastic,2,1.0,0.1,predictivity,eu_agreement,0.47840713639021765,0.8424242424242423
homoscedastic,2,1.0,0.1,predictivity,acquisition_overlap,0.47840713639021765,0.7055745870108261
homoscedastic,2,1.0,0.1,predictivity,eu_group0,0.47840713639021765,0.8424242424242423
homoscedastic,2,1.0,0.1,predictivity,eu_group1,0.47840713639021765,
homoscedastic,2,1.0,0.1,predictivity,eu_id,0.47840713639021765,0.8303030303030302
homoscedastic,2,1.0,0.1,predictivity,eu_heldout,0.47840713639021765,0.43030303030303024
homoscedastic,2,1.0,0.1,cca_type,eu_agreement,1.0761895485877915e-08,0.8666666666666665
homoscedastic,2,1.0,0.1,cca_type,acquisition_overlap,1.0761895485877915e-08,0.717845449393623
homoscedastic,2,1.0,0.1,cca_type,eu_group0,1.0761895485877915e-08,0.8666666666666665
homoscedastic,2,1.0,0.1,cca_type,eu_group1,1.0761895485877915e-08,
homoscedastic,2,1.0,0.1,cca_type,eu_id,1.0761895485877915e-08,0.8424242424242423
homoscedastic,2,1.0,0.1,cca_type,eu_heldout,1.0761895485877915e-08,-0.04242424242424241
homoscedastic,2,1.0,0.1,smoother_001,eu_agreement,0.05278861047705752,0.8666666666666665
homoscedastic,2,1.0,0.1,smoother_001,acquisition_overlap,0.05278861047705752,0.717845449393623
homoscedastic,2,1.0,0.1,smoother_001,eu_group0,0.05278861047705752,0.8666666666666665
homoscedastic,2,1.0,0.1,smoother_001,eu_group1,0.05278861047705752,
homoscedastic,2,1.0,0.1,smoother_001,eu_id,0.05278861047705752,0.8424242424242423
homoscedastic,2,1.0,0.1,smoother_001,eu_heldout,0.05278861047705752,-0.04242424242424241
homoscedastic,2,1.0,0.1,smoother_1,eu_agreement,0.19537015868190233,0.9151515151515152
homoscedastic,2,1.0,0.1,smoother_1,acquisition_overlap,0.19537015868190233,0.754658036542014
homoscedastic,2,1.0,0.1,smoother_1,eu_group0,0.19537015868190233,0.9151515151515152
homoscedastic,2,1.0,0.1,smoother_1,eu_group1,0.19537015868190233,
homoscedastic,2,1.0,0.1,smoother_1,eu_id,0.19537015868190233,0.9030303030303028
homoscedastic,2,1.0,0.1,smoother_1,eu_heldout,0.19537015868190233,0.18787878787878787
homoscedastic,2,1.0,0.25,cka,eu_agreement,0.5456154037050684,0.9393939393939393
homoscedastic,2,1.0,0.25,cka,acquisition_overlap,0.5456154037050684,0.7584417048648262
homoscedastic,2,1.0,0.25,cka,eu_group0,0.5456154037050684,0.9393939393939393
homoscedastic,2,1.0,0.25,cka,eu_group1,0.5456154037050684,
homoscedastic,2,1.0,0.25,cka,eu_id,0.5456154037050684,0.8909090909090909
homoscedastic,2,1.0,0.25,cka,eu_heldout,0.5456154037050684,0.23636363636363633
homoscedastic,2,1.0,0.25,mknn,eu_agreement,0.3580705009276438,0.9393939393939393
homoscedastic,2,1.0,0.25,mknn,acquisition_overlap,0.3580705009276438,0.7278593780557606
homoscedastic,2,1.0,0.25,mknn,eu_group0,0.3580705009276438,0.9393939393939393
homoscedastic,2,1.0,0.25,mknn,eu_group1,0.3580705009276438,
homoscedastic,2,1.0,0.25,mknn,eu_id,0.3580705009276438,0.9030303030303028
homoscedastic,2,1.0,0.25,mknn,eu_heldout,0.3580705009276438,0.13939393939393938
homoscedastic,2,1.0,0.25,predictivity,eu_agreement,0.47840713639021765,0.8666666666666665
homoscedastic,2,1.0,0.25,predictivity,acquisition_overlap,0.47840713639021765,0.752325239503013
homoscedastic,2,1.0,0.25,predictivity,eu_group0,0.47840713639021765,0.8666666666666665
homoscedastic,2,1.0,0.25,predictivity,eu_group1,0.47840713639021765,
homoscedastic,2,1.0,0.25,predictivity,eu_id,0.47840713639021765,0.8181818181818182
homoscedastic,2,1.0,0.25,predictivity,eu_heldout,0.47840713639021765,0.4666666666666666
homoscedastic,2,1.0,0.25,cca_type,eu_agreement,1.0761895485877915e-08,0.8060606060606059
homoscedastic,2,1.0,0.25,cca_type,acquisition_overlap,1.0761895485877915e-08,0.6238794669049376
homoscedastic,2,1.0,0.25,cca_type,eu_group0,1.0761895485877915e-08,0.8060606060606059
homoscedastic,2,1.0,0.25,cca_type,eu_group1,1.0761895485877915e-08,
homoscedastic,2,1.0,0.25,cca_type,eu_id,1.0761895485877915e-08,0.7333333333333332
homoscedastic,2,1.0,0.25,cca_type,eu_heldout,1.0761895485877915e-08,-0.01818181818181818
homoscedastic,2,1.0,0.25,smoother_001,eu_agreement,0.05278861047705752,0.8060606060606059
homoscedastic,2,1.0,0.25,smoother_001,acquisition_overlap,0.05278861047705752,0.6238794669049376
homoscedastic,2,1.0,0.25,smoother_001,eu_group0,0.05278861047705752,0.8060606060606059
homoscedastic,2,1.0,0.25,smoother_001,eu_group1,0.05278861047705752,
homoscedastic,2,1.0,0.25,smoother_001,eu_id,0.05278861047705752,0.7333333333333332
homoscedastic,2,1.0,0.25,smoother_001,eu_heldout,0.05278861047705752,-0.01818181818181818
homoscedastic,2,1.0,0.25,smoother_1,eu_agreement,0.19537015868190233,0.8787878787878788
homoscedastic,2,1.0,0.25,smoother_1,acquisition_overlap,0.19537015868190233,0.7095099819703212
homoscedastic,2,1.0,0.25,smoother_1,eu_group0,0.19537015868190233,0.8787878787878788
homoscedastic,2,1.0,0.25,smoother_1,eu_group1,0.19537015868190233,
homoscedastic,2,1.0,0.25,smoother_1,eu_id,0.19537015868190233,0.8424242424242423
homoscedastic,2,1.0,0.25,smoother_1,eu_heldout,0.19537015868190233,0.16363636363636364
homoscedastic,2,1.0,1.0,cka,eu_agreement,0.5456154037050684,0.9030303030303028
homoscedastic,2,1.0,1.0,cka,acquisition_overlap,0.5456154037050684,0.8936211492096949
homoscedastic,2,1.0,1.0,cka,eu_group0,0.5456154037050684,0.9030303030303028
homoscedastic,2,1.0,1.0,cka,eu_group1,0.5456154037050684,
homoscedastic,2,1.0,1.0,cka,eu_id,0.5456154037050684,0.8666666666666665
homoscedastic,2,1.0,1.0,cka,eu_heldout,0.5456154037050684,0.17575757575757575
homoscedastic,2,1.0,1.0,mknn,eu_agreement,0.3580705009276438,0.9151515151515152
homoscedastic,2,1.0,1.0,mknn,acquisition_overlap,0.3580705009276438,0.8997002046464955
homoscedastic,2,1.0,1.0,mknn,eu_group0,0.3580705009276438,0.9151515151515152
homoscedastic,2,1.0,1.0,mknn,eu_group1,0.3580705009276438,
homoscedastic,2,1.0,1.0,mknn,eu_id,0.3580705009276438,0.8666666666666665
homoscedastic,2,1.0,1.0,mknn,eu_heldout,0.3580705009276438,0.10303030303030303
homoscedastic,2,1.0,1.0,predictivity,eu_agreement,0.47840713639021765,0.8545454545454544
homoscedastic,2,1.0,1.0,predictivity,acquisition_overlap,0.47840713639021765,0.9483326481409007
homoscedastic,2,1.0,1.0,predictivity,eu_group0,0.47840713639021765,0.8545454545454544
homoscedastic,2,1.0,1.0,predictivity,eu_group1,0.47840713639021765,
homoscedastic,2,1.0,1.0,predictivity,eu_id,0.47840713639021765,0.8303030303030302
homoscedastic,2,1.0,1.0,predictivity,eu_heldout,0.47840713639021765,0.43030303030303024
homoscedastic,2,1.0,1.0,cca_type,eu_agreement,1.0761895485877915e-08,0.7575757575757575
homoscedastic,2,1.0,1.0,cca_type,acquisition_overlap,1.0761895485877915e-08,0.6930123197952736
homoscedastic,2,1.0,1.0,cca_type,eu_group0,1.0761895485877915e-08,0.7575757575757575
homoscedastic,2,1.0,1.0,cca_type,eu_group1,1.0761895485877915e-08,
homoscedastic,2,1.0,1.0,cca_type,eu_id,1.0761895485877915e-08,0.709090909090909
homoscedastic,2,1.0,1.0,cca_type,eu_heldout,1.0761895485877915e-08,-0.10303030303030303
homoscedastic,2,1.0,1.0,smoother_001,eu_agreement,0.05278861047705752,0.7575757575757575
homoscedastic,2,1.0,1.0,smoother_001,acquisition_overlap,0.05278861047705752,0.6930123197952736
homoscedastic,2,1.0,1.0,smoother_001,eu_group0,0.05278861047705752,0.7575757575757575
homoscedastic,2,1.0,1.0,smoother_001,eu_group1,0.05278861047705752,
homoscedastic,2,1.0,1.0,smoother_001,eu_id,0.05278861047705752,0.709090909090909
homoscedastic,2,1.0,1.0,smoother_001,eu_heldout,0.05278861047705752,-0.10303030303030303
homoscedastic,2,1.0,1.0,smoother_1,eu_agreement,0.19537015868190233,0.8545454545454544
homoscedastic,2,1.0,1.0,smoother_1,acquisition_overlap,0.19537015868190233,0.8449887057152898
homoscedastic,2,1.0,1.0,smoother_1,eu_group0,0.19537015868190233,0.8545454545454544
homoscedastic,2,1.0,1.0,smoother_1,eu_group1,0.19537015868190233,
homoscedastic,2,1.0,1.0,smoother_1,eu_id,0.19537015868190233,0.8303030303030302
homoscedastic,2,1.0,1.0,smoother_1,eu_heldout,0.19537015868190233,0.12727272727272726
homoscedastic,2,10.0,0.1,cka,eu_agreement,0.5456154037050684,0.9515151515151514
homoscedastic,2,10.0,0.1,cka,acquisition_overlap,0.5456154037050684,0.7477238187264795
homoscedastic,2,10.0,0.1,cka,eu_group0,0.5456154037050684,0.9515151515151514
homoscedastic,2,10.0,0.1,cka,eu_group1,0.5456154037050684,
homoscedastic,2,10.0,0.1,cka,eu_id,0.5456154037050684,0.9393939393939393
homoscedastic,2,10.0,0.1,cka,eu_heldout,0.5456154037050684,0.28484848484848485
homoscedastic,2,10.0,0.1,mknn,eu_agreement,0.3580705009276438,0.9515151515151514
homoscedastic,2,10.0,0.1,mknn,acquisition_overlap,0.3580705009276438,0.7173285415424762
homoscedastic,2,10.0,0.1,mknn,eu_group0,0.3580705009276438,0.9515151515151514
homoscedastic,2,10.0,0.1,mknn,eu_group1,0.3580705009276438,
homoscedastic,2,10.0,0.1,mknn,eu_id,0.3580705009276438,0.9636363636363635
homoscedastic,2,10.0,0.1,mknn,eu_heldout,0.3580705009276438,0.18787878787878787
homoscedastic,2,10.0,0.1,predictivity,eu_agreement,0.47840713639021765,0.8424242424242423
homoscedastic,2,10.0,0.1,predictivity,acquisition_overlap,0.47840713639021765,0.6626170426112704
homoscedastic,2,10.0,0.1,predictivity,eu_group0,0.47840713639021765,0.8424242424242423
homoscedastic,2,10.0,0.1,predictivity,eu_group1,0.47840713639021765,
homoscedastic,2,10.0,0.1,predictivity,eu_id,0.47840713639021765,0.8303030303030302
homoscedastic,2,10.0,0.1,predictivity,eu_heldout,0.47840713639021765,0.4424242424242424
homoscedastic,2,10.0,0.1,cca_type,eu_agreement,1.0761895485877915e-08,0.8666666666666665
homoscedastic,2,10.0,0.1,cca_type,acquisition_overlap,1.0761895485877915e-08,0.7112494861056756
homoscedastic,2,10.0,0.1,cca_type,eu_group0,1.0761895485877915e-08,0.8666666666666665
homoscedastic,2,10.0,0.1,cca_type,eu_group1,1.0761895485877915e-08,
homoscedastic,2,10.0,0.1,cca_type,eu_id,1.0761895485877915e-08,0.8424242424242423
homoscedastic,2,10.0,0.1,cca_type,eu_heldout,1.0761895485877915e-08,0.006060606060606061
homoscedastic,2,10.0,0.1,smoother_001,eu_agreement,0.05278861047705752,0.8666666666666665
homoscedastic,2,10.0,0.1,smoother_001,acquisition_overlap,0.05278861047705752,0.7112494861056756
homoscedastic,2,10.0,0.1,smoother_001,eu_group0,0.05278861047705752,0.8666666666666665
homoscedastic,2,10.0,0.1,smoother_001,eu_group1,0.05278861047705752,
homoscedastic,2,10.0,0.1,smoother_001,eu_id,0.05278861047705752,0.8424242424242423
homoscedastic,2,10.0,0.1,smoother_001,eu_heldout,0.05278861047705752,0.006060606060606061
homoscedastic,2,10.0,0.1,smoother_1,eu_agreement,0.19537015868190233,0.9151515151515152
homoscedastic,2,10.0,0.1,smoother_1,acquisition_overlap,0.19537015868190233,0.7598819296000807
homoscedastic,2,10.0,0.1,smoother_1,eu_group0,0.19537015868190233,0.9151515151515152
homoscedastic,2,10.0,0.1,smoother_1,eu_group1,0.19537015868190233,
homoscedastic,2,10.0,0.1,smoother_1,eu_id,0.19537015868190233,0.9030303030303028
homoscedastic,2,10.0,0.1,smoother_1,eu_heldout,0.19537015868190233,0.2121212121212121
homoscedastic,2,10.0,0.25,cka,eu_agreement,0.5456154037050684,0.9030303030303028
homoscedastic,2,10.0,0.25,cka,acquisition_overlap,0.5456154037050684,0.856305150653836
homoscedastic,2,10.0,0.25,cka,eu_group0,0.5456154037050684,0.9030303030303028
homoscedastic,2,10.0,0.25,cka,eu_group1,0.5456154037050684,
homoscedastic,2,10.0,0.25,cka,eu_id,0.5456154037050684,0.8787878787878788
homoscedastic,2,10.0,0.25,cka,eu_heldout,0.5456154037050684,0.23636363636363633
homoscedastic,2,10.0,0.25,mknn,eu_agreement,0.3580705009276438,0.9151515151515152
homoscedastic,2,10.0,0.25,mknn,acquisition_overlap,0.3580705009276438,0.8257228238447705
homoscedastic,2,10.0,0.25,mknn,eu_group0,0.3580705009276438,0.9151515151515152
homoscedastic,2,10.0,0.25,mknn,eu_group1,0.3580705009276438,
homoscedastic,2,10.0,0.25,mknn,eu_id,0.3580705009276438,0.9151515151515152
homoscedastic,2,10.0,0.25,mknn,eu_heldout,0.3580705009276438,0.12727272727272726
homoscedastic,2,10.0,0.25,predictivity,eu_agreement,0.47840713639021765,0.8545454545454544
homoscedastic,2,10.0,0.25,predictivity,acquisition_overlap,0.47840713639021765,0.8746545467392752
homoscedastic,2,10.0,0.25,predictivity,eu_group0,0.47840713639021765,0.8545454545454544
homoscedastic,2,10.0,0.25,predictivity,eu_group1,0.47840713639021765,
homoscedastic,2,10.0,0.25,predictivity,eu_id,0.47840713639021765,0.8060606060606059
homoscedastic,2,10.0,0.25,predictivity,eu_heldout,0.47840713639021765,0.49090909090909085
homoscedastic,2,10.0,0.25,cca_type,eu_agreement,1.0761895485877915e-08,0.7575757575757575
homoscedastic,2,10.0,0.25,cca_type,acquisition_overlap,1.0761895485877915e-08,0.697277051246695
homoscedastic,2,10.0,0.25,cca_type,eu_group0,1.0761895485877915e-08,0.7575757575757575
homoscedastic,2,10.0,0.25,cca_type,eu_group1,1.0761895485877915e-08,
homoscedastic,2,10.0,0.25,cca_type,eu_id,1.0761895485877915e-08,0.709090909090909
homoscedastic,2,10.0,0.25,cca_type,eu_heldout,1.0761895485877915e-08,0.01818181818181818
homoscedastic,2,10.0,0.25,smoother_001,eu_agreement,0.05278861047705752,0.7575757575757575
homoscedastic,2,10.0,0.25,smoother_001,acquisition_overlap,0.05278861047705752,0.697277051246695
homoscedastic,2,10.0,0.25,smoother_001,eu_group0,0.05278861047705752,0.7575757575757575
homoscedastic,2,10.0,0.25,smoother_001,eu_group1,0.05278861047705752,
homoscedastic,2,10.0,0.25,smoother_001,eu_id,0.05278861047705752,0.709090909090909
homoscedastic,2,10.0,0.25,smoother_001,eu_heldout,0.05278861047705752,0.01818181818181818
homoscedastic,2,10.0,0.25,smoother_1,eu_agreement,0.19537015868190233,0.8545454545454544
homoscedastic,2,10.0,0.25,smoother_1,acquisition_overlap,0.19537015868190233,0.7829075663120786
homoscedastic,2,10.0,0.25,smoother_1,eu_group0,0.19537015868190233,0.8545454545454544
homoscedastic,2,10.0,0.25,smoother_1,eu_group1,0.19537015868190233,
homoscedastic,2,10.0,0.25,smoother_1,eu_id,0.19537015868190233,0.8303030303030302
homoscedastic,2,10.0,0.25,smoother_1,eu_heldout,0.19537015868190233,0.1515151515151515
homoscedastic,2,10.0,1.0,cka,eu_agreement,0.5456154037050684,0.8666666666666665
homoscedastic,2,10.0,1.0,cka,acquisition_overlap,0.5456154037050684,0.7744046403152623
homoscedastic,2,10.0,1.0,cka,eu_group0,0.5456154037050684,0.8666666666666665
homoscedastic,2,10.0,1.0,cka,eu_group1,0.5456154037050684,
homoscedastic,2,10.0,1.0,cka,eu_id,0.5456154037050684,0.7939393939393938
homoscedastic,2,10.0,1.0,cka,eu_heldout,0.5456154037050684,0.10303030303030303
homoscedastic,2,10.0,1.0,mknn,eu_agreement,0.3580705009276438,0.8666666666666665
homoscedastic,2,10.0,1.0,mknn,acquisition_overlap,0.3580705009276438,0.7683069659820713
homoscedastic,2,10.0,1.0,mknn,eu_group0,0.3580705009276438,0.8666666666666665
homoscedastic,2,10.0,1.0,mknn,eu_group1,0.3580705009276438,
homoscedastic,2,10.0,1.0,mknn,eu_id,0.3580705009276438,0.7818181818181817
homoscedastic,2,10.0,1.0,mknn,eu_heldout,0.3580705009276438,0.0303030303030303
homoscedastic,2,10.0,1.0,predictivity,eu_agreement,0.47840713639021765,0.8303030303030302
homoscedastic,2,10.0,1.0,predictivity,acquisition_overlap,0.47840713639021765,0.9085534756454651
homoscedastic,2,10.0,1.0,predictivity,eu_group0,0.47840713639021765,0.8303030303030302
homoscedastic,2,10.0,1.0,predictivity,eu_group1,0.47840713639021765,
homoscedastic,2,10.0,1.0,predictivity,eu_id,0.47840713639021765,0.7454545454545454
homoscedastic,2,10.0,1.0,predictivity,eu_heldout,0.47840713639021765,0.406060606060606
homoscedastic,2,10.0,1.0,cca_type,eu_agreement,1.0761895485877915e-08,0.709090909090909
homoscedastic,2,10.0,1.0,cca_type,acquisition_overlap,1.0761895485877915e-08,0.5670837129867669
homoscedastic,2,10.0,1.0,cca_type,eu_group0,1.0761895485877915e-08,0.709090909090909
homoscedastic,2,10.0,1.0,cca_type,eu_group1,1.0761895485877915e-08,
homoscedastic,2,10.0,1.0,cca_type,eu_id,1.0761895485877915e-08,0.6242424242424242
homoscedastic,2,10.0,1.0,cca_type,eu_heldout,1.0761895485877915e-08,-0.13939393939393938
homoscedastic,2,10.0,1.0,smoother_001,eu_agreement,0.05278861047705752,0.709090909090909
homoscedastic,2,10.0,1.0,smoother_001,acquisition_overlap,0.05278861047705752,0.5670837129867669
homoscedastic,2,10.0,1.0,smoother_001,eu_group0,0.05278861047705752,0.709090909090909
homoscedastic,2,10.0,1.0,smoother_001,eu_group1,0.05278861047705752,
homoscedastic,2,10.0,1.0,smoother_001,eu_id,0.05278861047705752,0.6242424242424242
homoscedastic,2,10.0,1.0,smoother_001,eu_heldout,0.05278861047705752,-0.13939393939393938
homoscedastic,2,10.0,1.0,smoother_1,eu_agreement,0.19537015868190233,0.8303030303030302
homoscedastic,2,10.0,1.0,smoother_1,acquisition_overlap,0.19537015868190233,0.7195255713165428
homoscedastic,2,10.0,1.0,smoother_1,eu_group0,0.19537015868190233,0.8303030303030302
homoscedastic,2,10.0,1.0,smoother_1,eu_group1,0.19537015868190233,
homoscedastic,2,10.0,1.0,smoother_1,eu_id,0.19537015868190233,0.7454545454545454
homoscedastic,2,10.0,1.0,smoother_1,eu_heldout,0.19537015868190233,0.05454545454545454
homoscedastic,3,0.1,0.1,cka,eu_agreement,0.5642782290251159,0.9393939393939393
homoscedastic,3,0.1,0.1,cka,acquisition_overlap,0.5642782290251159,0.7693218186208295
homoscedastic,3,0.1,0.1,cka,eu_group0,0.5642782290251159,0.9393939393939393
homoscedastic,3,0.1,0.1,cka,eu_group1,0.5642782290251159,
homoscedastic,3,0.1,0.1,cka,eu_id,0.5642782290251159,0.9151515151515152
homoscedastic,3,0.1,0.1,cka,eu_heldout,0.5642782290251159,-0.006060606060606061
homoscedastic,3,0.1,0.1,mknn,eu_agreement,0.3669758812615955,0.9636363636363635
homoscedastic,3,0.1,0.1,mknn,acquisition_overlap,0.3669758812615955,0.7385489458759963
homoscedastic,3,0.1,0.1,mknn,eu_group0,0.3669758812615955,0.9636363636363635
homoscedastic,3,0.1,0.1,mknn,eu_group1,0.3669758812615955,
homoscedastic,3,0.1,0.1,mknn,eu_id,0.3669758812615955,0.9393939393939393
homoscedastic,3,0.1,0.1,mknn,eu_heldout,0.3669758812615955,-0.0303030303030303
homoscedastic,3,0.1,0.1,predictivity,eu_agreement,0.5094048943305203,0.8909090909090909
homoscedastic,3,0.1,0.1,predictivity,acquisition_overlap,0.5094048943305203,0.8677950114042957
homoscedastic,3,0.1,0.1,predictivity,eu_group0,0.5094048943305203,0.8909090909090909
homoscedastic,3,0.1,0.1,predictivity,eu_group1,0.5094048943305203,
homoscedastic,3,0.1,0.1,predictivity,eu_id,0.5094048943305203,0.8424242424242423
homoscedastic,3,0.1,0.1,predictivity,eu_heldout,0.5094048943305203,0.23636363636363633
homoscedastic,3,0.1,0.1,cca_type,eu_agreement,1.0332225408582474e-08,0.8909090909090909
homoscedastic,3,0.1,0.1,cca_type,acquisition_overlap,1.0332225408582474e-08,0.7016214985821966
homoscedastic,3,0.1,0.1,cca_type,eu_group0,1.0332225408582474e-08,0.8909090909090909
homoscedastic,3,0.1,0.1,cca_type,eu_group1,1.0332225408582474e-08,
homoscedastic,3,0.1,0.1,cca_type,eu_id,1.0332225408582474e-08,0.8787878787878788
homoscedastic,3,0.1,0.1,cca_type,eu_heldout,1.0332225408582474e-08,-0.2121212121212121
homoscedastic,3,0.1,0.1,smoother_001,eu_agreement,0.052380805110523565,0.8909090909090909
homoscedastic,3,0.1,0.1,smoother_001,acquisition_overlap,0.052380805110523565,0.7016214985821966
homoscedastic,3,0.1,0.1,smoother_001,eu_group0,0.052380805110523565,0.8909090909090909
homoscedastic,3,0.1,0.1,smoother_001,eu_group1,0.052380805110523565,
homoscedastic,3,0.1,0.1,smoother_001,eu_id,0.052380805110523565,0.8787878787878788
homoscedastic,3,0.1,0.1,smoother_001,eu_heldout,0.052380805110523565,-0.2121212121212121
homoscedastic,3,0.1,0.1,smoother_1,eu_agreement,0.19756496731708462,0.9515151515151514
homoscedastic,3,0.1,0.1,smoother_1,acquisition_overlap,0.19756496731708462,0.7570126695228963
homoscedastic,3,0.1,0.1,smoother_1,eu_group0,0.19756496731708462,0.9515151515151514
homoscedastic,3,0.1,0.1,smoother_1,eu_group1,0.19756496731708462,
homoscedastic,3,0.1,0.1,smoother_1,eu_id,0.19756496731708462,0.9272727272727272
homoscedastic,3,0.1,0.1,smoother_1,eu_heldout,0.19756496731708462,-0.006060606060606061
homoscedastic,3,0.1,0.25,cka,eu_agreement,0.5642782290251159,0.9393939393939393
homoscedastic,3,0.1,0.25,cka,acquisition_overlap,0.5642782290251159,0.7073302226501608
homoscedastic,3,0.1,0.25,cka,eu_group0,0.5642782290251159,0.9393939393939393
homoscedastic,3,0.1,0.25,cka,eu_group1,0.5642782290251159,
homoscedastic,3,0.1,0.25,cka,eu_id,0.5642782290251159,0.9151515151515152
homoscedastic,3,0.1,0.25,cka,eu_heldout,0.5642782290251159,0.07878787878787878
homoscedastic,3,0.1,0.25,mknn,eu_agreement,0.3669758812615955,0.9636363636363635
homoscedastic,3,0.1,0.25,mknn,acquisition_overlap,0.3669758812615955,0.737818594316116
homoscedastic,3,0.1,0.25,mknn,eu_group0,0.3669758812615955,0.9636363636363635
homoscedastic,3,0.1,0.25,mknn,eu_group1,0.3669758812615955,
homoscedastic,3,0.1,0.25,mknn,eu_id,0.3669758812615955,0.9393939393939393
homoscedastic,3,0.1,0.25,mknn,eu_heldout,0.3669758812615955,0.05454545454545454
homoscedastic,3,0.1,0.25,predictivity,eu_agreement,0.5094048943305203,0.8909090909090909
homoscedastic,3,0.1,0.25,predictivity,acquisition_overlap,0.5094048943305203,0.8292837093139818
homoscedastic,3,0.1,0.25,predictivity,eu_group0,0.5094048943305203,0.8909090909090909
homoscedastic,3,0.1,0.25,predictivity,eu_group1,0.5094048943305203,
homoscedastic,3,0.1,0.25,predictivity,eu_id,0.5094048943305203,0.8424242424242423
homoscedastic,3,0.1,0.25,predictivity,eu_heldout,0.5094048943305203,0.33333333333333326
homoscedastic,3,0.1,0.25,cca_type,eu_agreement,1.0332225408582474e-08,0.8909090909090909
homoscedastic,3,0.1,0.25,cca_type,acquisition_overlap,1.0332225408582474e-08,0.6158651076522952
homoscedastic,3,0.1,0.25,cca_type,eu_group0,1.0332225408582474e-08,0.8909090909090909
homoscedastic,3,0.1,0.25,cca_type,eu_group1,1.0332225408582474e-08,
homoscedastic,3,0.1,0.25,cca_type,eu_id,1.0332225408582474e-08,0.8787878787878788
homoscedastic,3,0.1,0.25,cca_type,eu_heldout,1.0332225408582474e-08,-0.13939393939393938
homoscedastic,3,0.1,0.25,smoother_001,eu_agreement,0.052380805110523565,0.8909090909090909
homoscedastic,3,0.1,0.25,smoother_001,acquisition_overlap,0.052380805110523565,0.6158651076522952
homoscedastic,3,0.1,0.25,smoother_001,eu_group0,0.052380805110523565,0.8909090909090909
homoscedastic,3,0.1,0.25,smoother_001,eu_group1,0.052380805110523565,
homoscedastic,3,0.1,0.25,smoother_001,eu_id,0.052380805110523565,0.8787878787878788
homoscedastic,3,0.1,0.25,smoother_001,eu_heldout,0.052380805110523565,-0.13939393939393938
homoscedastic,3,0.1,0.25,smoother_1,eu_agreement,0.19756496731708462,0.9515151515151514
homoscedastic,3,0.1,0.25,smoother_1,acquisition_overlap,0.19756496731708462,0.743916268649307
homoscedastic,3,0.1,0.25,smoother_1,eu_group0,0.19756496731708462,0.9515151515151514
homoscedastic,3,0.1,0.25,smoother_1,eu_group1,0.19756496731708462,
homoscedastic,3,0.1,0.25,smoother_1,eu_id,0.19756496731708462,0.9272727272727272
homoscedastic,3,0.1,0.25,smoother_1,eu_heldout,0.19756496731708462,0.04242424242424241
homoscedastic,3,0.1,1.0,cka,eu_agreement,0.5642782290251159,0.9151515151515152
homoscedastic,3,0.1,1.0,cka,acquisition_overlap,0.5642782290251159,0.8170883606475996
homoscedastic,3,0.1,1.0,cka,eu_group0,0.5642782290251159,0.9151515151515152
homoscedastic,3,0.1,1.0,cka,eu_group1,0.5642782290251159,
homoscedastic,3,0.1,1.0,cka,eu_id,0.5642782290251159,0.9151515151515152
homoscedastic,3,0.1,1.0,cka,eu_heldout,0.5642782290251159,0.04242424242424241
homoscedastic,3,0.1,1.0,mknn,eu_agreement,0.3669758812615955,0.9393939393939393
homoscedastic,3,0.1,1.0,mknn,acquisition_overlap,0.3669758812615955,0.8170883606475996
homoscedastic,3,0.1,1.0,mknn,eu_group0,0.3669758812615955,0.9393939393939393
homoscedastic,3,0.1,1.0,mknn,eu_group1,0.3669758812615955,
homoscedastic,3,0.1,1.0,mknn,eu_id,0.3669758812615955,0.9393939393939393
homoscedastic,3,0.1,1.0,mknn,eu_heldout,0.3669758812615955,0.01818181818181818
homoscedastic,3,0.1,1.0,predictivity,eu_agreement,0.5094048943305203,0.8424242424242423
homoscedastic,3,0.1,1.0,predictivity,acquisition_overlap,0.5094048943305203,0.9390418473114204
homoscedastic,3,0.1,1.0,predictivity,eu_group0,0.5094048943305203,0.8424242424242423
homoscedastic,3,0.1,1.0,predictivity,eu_group1,0.5094048943305203,
homoscedastic,3,0.1,1.0,predictivity,eu_id,0.5094048943305203,0.8424242424242423
homoscedastic,3,0.1,1.0,predictivity,eu_heldout,0.5094048943305203,0.29696969696969694
homoscedastic,3,0.1,1.0,cca_type,eu_agreement,1.0332225408582474e-08,0.8787878787878788
homoscedastic,3,0.1,1.0,cca_type,acquisition_overlap,1.0332225408582474e-08,0.6524511536514415
homoscedastic,3,0.1,1.0,cca_type,eu_group0,1.0332225408582474e-08,0.8787878787878788
homoscedastic,3,0.1,1.0,cca_type,eu_group1,1.0332225408582474e-08,
homoscedastic,3,0.1,1.0,cca_type,eu_id,1.0332225408582474e-08,0.8787878787878788
homoscedastic,3,0.1,1.0,cca_type,eu_heldout,1.0332225408582474e-08,-0.16363636363636364
homoscedastic,3,0.1,1.0,smoother_001,eu_agreement,0.052380805110523565,0.8787878787878788
homoscedastic,3,0.1,1.0,smoother_001,acquisition_overlap,0.052380805110523565,0.6524511536514415
homoscedastic,3,0.1,1.0,smoother_001,eu_group0,0.052380805110523565,0.8787878787878788
homoscedastic,3,0.1,1.0,smoother_001,eu_group1,0.052380805110523565,
homoscedastic,3,0.1,1.0,smoother_001,eu_id,0.052380805110523565,0.8787878787878788
homoscedastic,3,0.1,1.0,smoother_001,eu_heldout,0.052380805110523565,-0.16363636363636364
homoscedastic,3,0.1,1.0,smoother_1,eu_agreement,0.19756496731708462,0.9272727272727272
homoscedastic,3,0.1,1.0,smoother_1,acquisition_overlap,0.19756496731708462,0.8109906863144085
homoscedastic,3,0.1,1.0,smoother_1,eu_group0,0.19756496731708462,0.9272727272727272
homoscedastic,3,0.1,1.0,smoother_1,eu_group1,0.19756496731708462,
homoscedastic,3,0.1,1.0,smoother_1,eu_id,0.19756496731708462,0.9272727272727272
homoscedastic,3,0.1,1.0,smoother_1,eu_heldout,0.19756496731708462,0.04242424242424241
homoscedastic,3,1.0,0.1,cka,eu_agreement,0.5642782290251159,0.9272727272727272
homoscedastic,3,1.0,0.1,cka,acquisition_overlap,0.5642782290251159,0.7500139429824981
homoscedastic,3,1.0,0.1,cka,eu_group0,0.5642782290251159,0.9272727272727272
homoscedastic,3,1.0,0.1,cka,eu_group1,0.5642782290251159,
homoscedastic,3,1.0,0.1,cka,eu_id,0.5642782290251159,0.9030303030303028
homoscedastic,3,1.0,0.1,cka,eu_heldout,0.5642782290251159,0.04242424242424241
homoscedastic,3,1.0,0.1,mknn,eu_agreement,0.3669758812615955,0.9393939393939393
homoscedastic,3,1.0,0.1,mknn,acquisition_overlap,0.3669758812615955,0.7500139429824981
homoscedastic,3,1.0,0.1,mknn,eu_group0,0.3669758812615955,0.9393939393939393
homoscedastic,3,1.0,0.1,mknn,eu_group1,0.3669758812615955,
homoscedastic,3,1.0,0.1,mknn,eu_id,0.3669758812615955,0.9151515151515152
homoscedastic,3,1.0,0.1,mknn,eu_heldout,0.3669758812615955,0.01818181818181818
homoscedastic,3,1.0,0.1,predictivity,eu_agreement,0.5094048943305203,0.8666666666666665
homoscedastic,3,1.0,0.1,predictivity,acquisition_overlap,0.5094048943305203,0.8719674296463189
homoscedastic,3,1.0,0.1,predictivity,eu_group0,0.5094048943305203,0.8666666666666665
homoscedastic,3,1.0,0.1,predictivity,eu_group1,0.5094048943305203,
homoscedastic,3,1.0,0.1,predictivity,eu_id,0.5094048943305203,0.8181818181818182
homoscedastic,3,1.0,0.1,predictivity,eu_heldout,0.5094048943305203,0.29696969696969694
homoscedastic,3,1.0,0.1,cca_type,eu_agreement,1.0332225408582474e-08,0.9272727272727272
homoscedastic,3,1.0,0.1,cca_type,acquisition_overlap,1.0332225408582474e-08,0.6463534793182504
homoscedastic,3,1.0,0.1,cca_type,eu_group0,1.0332225408582474e-08,0.9272727272727272
homoscedastic,3,1.0,0.1,cca_type,eu_group1,1.0332225408582474e-08,
homoscedastic,3,1.0,0.1,cca_type,eu_id,1.0332225408582474e-08,0.9151515151515152
homoscedastic,3,1.0,0.1,cca_type,eu_heldout,1.0332225408582474e-08,-0.16363636363636364
homoscedastic,3,1.0,0.1,smoother_001,eu_agreement,0.052380805110523565,0.9272727272727272
homoscedastic,3,1.0,0.1,smoother_001,acquisition_overlap,0.052380805110523565,0.6463534793182504
homoscedastic,3,1.0,0.1,smoother_001,eu_group0,0.052380805110523565,0.9272727272727272
homoscedastic,3,1.0,0.1,smoother_001,eu_group1,0.052380805110523565,
homoscedastic,3,1.0,0.1,smoother_001,eu_id,0.052380805110523565,0.9151515151515152
homoscedastic,3,1.0,0.1,smoother_001,eu_heldout,0.052380805110523565,-0.16363636363636364
homoscedastic,3,1.0,0.1,smoother_1,eu_agreement,0.19756496731708462,0.9757575757575757
homoscedastic,3,1.0,0.1,smoother_1,acquisition_overlap,0.19756496731708462,0.7622092916488802
homoscedastic,3,1.0,0.1,smoother_1,eu_group0,0.19756496731708462,0.9757575757575757
homoscedastic,3,1.0,0.1,smoother_1,eu_group1,0.19756496731708462,
homoscedastic,3,1.0,0.1,smoother_1,eu_id,0.19756496731708462,0.9515151515151514
homoscedastic,3,1.0,0.1,smoother_1,eu_heldout,0.19756496731708462,0.04242424242424241
homoscedastic,3,1.0,0.25,cka,eu_agreement,0.5642782290251159,0.9272727272727272
homoscedastic,3,1.0,0.25,cka,acquisition_overlap,0.5642782290251159,0.790277206784084
homoscedastic,3,1.0,0.25,cka,eu_group0,0.5642782290251159,0.9272727272727272
homoscedastic,3,1.0,0.25,cka,eu_group1,0.5642782290251159,
homoscedastic,3,1.0,0.25,cka,eu_id,0.5642782290251159,0.8666666666666665
homoscedastic,3,1.0,0.25,cka,eu_heldout,0.5642782290251159,0.09090909090909088
homoscedastic,3,1.0,0.25,mknn,eu_agreement,0.3669758812615955,0.9393939393939393
homoscedastic,3,1.0,0.25,mknn,acquisition_overlap,0.3669758812615955,0.8024353176576852
homoscedastic,3,1.0,0.25,mknn,eu_group0,0.3669758812615955,0.9393939393939393
homoscedastic,3,1.0,0.25,mknn,eu_group1,0.3669758812615955,
homoscedastic,3,1.0,0.25,mknn,eu_id,0.3669758812615955,0.8909090909090909
homoscedastic,3,1.0,0.25,mknn,eu_heldout,0.3669758812615955,0.07878787878787878
homoscedastic,3,1.0,0.25,predictivity,eu_agreement,0.5094048943305203,0.8666666666666665
homoscedastic,3,1.0,0.25,predictivity,acquisition_overlap,0.5094048943305203,0.8753839828992931
homoscedastic,3,1.0,0.25,predictivity,eu_group0,0.5094048943305203,0.8666666666666665
homoscedastic,3,1.0,0.25,predictivity,eu_group1,0.5094048943305203,
homoscedastic,3,1.0,0.25,predictivity,eu_id,0.5094048943305203,0.7939393939393938
homoscedastic,3,1.0,0.25,predictivity,eu_heldout,0.5094048943305203,0.34545454545454546
homoscedastic,3,1.0,0.25,cca_type,eu_agreement,1.0332225408582474e-08,0.9272727272727272
homoscedastic,3,1.0,0.25,cca_type,acquisition_overlap,1.0332225408582474e-08,0.6383008208640678
homoscedastic,3,1.0,0.25,cca_type,eu_group0,1.0332225408582474e-08,0.9272727272727272
homoscedastic,3,1.0,0.25,cca_type,eu_group1,1.0332225408582474e-08,
homoscedastic,3,1.0,0.25,cca_type,eu_id,1.0332225408582474e-08,0.8666666666666665
homoscedastic,3,1.0,0.25,cca_type,eu_heldout,1.0332225408582474e-08,-0.1515151515151515
homoscedastic,3,1.0,0.25,smoother_001,eu_agreement,0.052380805110523565,0.9272727272727272
homoscedastic,3,1.0,0.25,smoother_001,acquisition_overlap,0.052380805110523565,0.6383008208640678
homoscedastic,3,1.0,0.25,smoother_001,eu_group0,0.052380805110523565,0.9272727272727272
homoscedastic,3,1.0,0.25,smoother_001,eu_group1,0.052380805110523565,
homoscedastic,3,1.0,0.25,smoother_001,eu_id,0.052380805110523565,0.8666666666666665
homoscedastic,3,1.0,0.25,smoother_001,eu_heldout,0.052380805110523565,-0.1515151515151515
homoscedastic,3,1.0,0.25,smoother_1,eu_agreement,0.19756496731708462,0.9757575757575757
homoscedastic,3,1.0,0.25,smoother_1,acquisition_overlap,0.19756496731708462,0.790277206784084
homoscedastic,3,1.0,0.25,smoother_1,eu_group0,0.19756496731708462,0.9757575757575757
homoscedastic,3,1.0,0.25,smoother_1,eu_group1,0.19756496731708462,
homoscedastic,3,1.0,0.25,smoother_1,eu_id,0.19756496731708462,0.9272727272727272
homoscedastic,3,1.0,0.25,smoother_1,eu_heldout,0.19756496731708462,0.06666666666666665
homoscedastic,3,1.0,1.0,cka,eu_agreement,0.5642782290251159,0.8424242424242423
homoscedastic,3,1.0,1.0,cka,acquisition_overlap,0.5642782290251159,0.8328305948416885
homoscedastic,3,1.0,1.0,cka,eu_group0,0.5642782290251159,0.8424242424242423
homoscedastic,3,1.0,1.0,cka,eu_group1,0.5642782290251159,
homoscedastic,3,1.0,1.0,cka,eu_id,0.5642782290251159,0.8424242424242423
homoscedastic,3,1.0,1.0,cka,eu_heldout,0.5642782290251159,0.22424242424242422
homoscedastic,3,1.0,1.0,mknn,eu_agreement,0.3669758812615955,0.8666666666666665
homoscedastic,3,1.0,1.0,mknn,acquisition_overlap,0.3669758812615955,0.8206724839680872
homoscedastic,3,1.0,1.0,mknn,eu_group0,0.3669758812615955,0.8666666666666665
homoscedastic,3,1.0,1.0,mknn,eu_group1,0.3669758812615955,
homoscedastic,3,1.0,1.0,mknn,eu_id,0.3669758812615955,0.8666666666666665
homoscedastic,3,1.0,1.0,mknn,eu_heldout,0.3669758812615955,0.19999999999999998
homoscedastic,3,1.0,1.0,predictivity,eu_agreement,0.5094048943305203,0.8181818181818182
homoscedastic,3,1.0,1.0,predictivity,acquisition_overlap,0.5094048943305203,0.9240164263936983
homoscedastic,3,1.0,1.0,predictivity,eu_group0,0.5094048943305203,0.8181818181818182
homoscedastic,3,1.0,1.0,predictivity,eu_group1,0.5094048943305203,
homoscedastic,3,1.0,1.0,predictivity,eu_id,0.5094048943305203,0.8181818181818182
homoscedastic,3,1.0,1.0,predictivity,eu_heldout,0.5094048943305203,0.4545454545454545
homoscedastic,3,1.0,1.0,cca_type,eu_agreement,1.0332225408582474e-08,0.7454545454545454
homoscedastic,3,1.0,1.0,cca_type,acquisition_overlap,1.0332225408582474e-08,0.6930123197952736
homoscedastic,3,1.0,1.0,cca_type,eu_group0,1.0332225408582474e-08,0.7454545454545454
homoscedastic,3,1.0,1.0,cca_type,eu_group1,1.0332225408582474e-08,
homoscedastic,3,1.0,1.0,cca_type,eu_id,1.0332225408582474e-08,0.7454545454545454
homoscedastic,3,1.0,1.0,cca_type,eu_heldout,1.0332225408582474e-08,-0.01818181818181818
homoscedastic,3,1.0,1.0,smoother_001,eu_agreement,0.052380805110523565,0.7454545454545454
homoscedastic,3,1.0,1.0,smoother_001,acquisition_overlap,0.052380805110523565,0.6930123197952736
homoscedastic,3,1.0,1.0,smoother_001,eu_group0,0.052380805110523565,0.7454545454545454
homoscedastic,3,1.0,1.0,smoother_001,eu_group1,0.052380805110523565,
homoscedastic,3,1.0,1.0,smoother_001,eu_id,0.052380805110523565,0.7454545454545454
homoscedastic,3,1.0,1.0,smoother_001,eu_heldout,0.052380805110523565,-0.01818181818181818
homoscedastic,3,1.0,1.0,smoother_1,eu_agreement,0.19756496731708462,0.8545454545454544
homoscedastic,3,1.0,1.0,smoother_1,acquisition_overlap,0.19756496731708462,0.8328305948416885
homoscedastic,3,1.0,1.0,smoother_1,eu_group0,0.19756496731708462,0.8545454545454544
homoscedastic,3,1.0,1.0,smoother_1,eu_group1,0.19756496731708462,
homoscedastic,3,1.0,1.0,smoother_1,eu_id,0.19756496731708462,0.8545454545454544
homoscedastic,3,1.0,1.0,smoother_1,eu_heldout,0.19756496731708462,0.22424242424242422
homoscedastic,3,10.0,0.1,cka,eu_agreement,0.5642782290251159,0.9272727272727272
homoscedastic,3,10.0,0.1,cka,acquisition_overlap,0.5642782290251159,0.7051704306688749
homoscedastic,3,10.0,0.1,cka,eu_group0,0.5642782290251159,0.9272727272727272
homoscedastic,3,10.0,0.1,cka,eu_group1,0.5642782290251159,
homoscedastic,3,10.0,0.1,cka,eu_id,0.5642782290251159,0.9030303030303028
homoscedastic,3,10.0,0.1,cka,eu_heldout,0.5642782290251159,0.04242424242424241
homoscedastic,3,10.0,0.1,mknn,eu_agreement,0.3669758812615955,0.9393939393939393
homoscedastic,3,10.0,0.1,mknn,acquisition_overlap,0.3669758812615955,0.6686960980480711
homoscedastic,3,10.0,0.1,mknn,eu_group0,0.3669758812615955,0.9393939393939393
homoscedastic,3,10.0,0.1,mknn,eu_group1,0.3669758812615955,
homoscedastic,3,10.0,0.1,mknn,eu_id,0.3669758812615955,0.9151515151515152
homoscedastic,3,10.0,0.1,mknn,eu_heldout,0.3669758812615955,0.01818181818181818
homoscedastic,3,10.0,0.1,predictivity,eu_agreement,0.5094048943305203,0.8666666666666665
homoscedastic,3,10.0,0.1,predictivity,acquisition_overlap,0.5094048943305203,0.8085143730944859
homoscedastic,3,10.0,0.1,predictivity,eu_group0,0.5094048943305203,0.8666666666666665
homoscedastic,3,10.0,0.1,predictivity,eu_group1,0.5094048943305203,
homoscedastic,3,10.0,0.1,predictivity,eu_id,0.5094048943305203,0.8181818181818182
homoscedastic,3,10.0,0.1,predictivity,eu_heldout,0.5094048943305203,0.29696969696969694
homoscedastic,3,10.0,0.1,cca_type,eu_agreement,1.0332225408582474e-08,0.9272727272727272
homoscedastic,3,10.0,0.1,cca_type,acquisition_overlap,1.0332225408582474e-08,0.7234075969792769
homoscedastic,3,10.0,0.1,cca_type,eu_group0,1.0332225408582474e-08,0.9272727272727272
homoscedastic,3,10.0,0.1,cca_type,eu_group1,1.0332225408582474e-08,
homoscedastic,3,10.0,0.1,cca_type,eu_id,1.0332225408582474e-08,0.9151515151515152
homoscedastic,3,10.0,0.1,cca_type,eu_heldout,1.0332225408582474e-08,-0.16363636363636364
homoscedastic,3,10.0,0.1,smoother_001,eu_agreement,0.052380805110523565,0.9272727272727272
homoscedastic,3,10.0,0.1,smoother_001,acquisition_overlap,0.052380805110523565,0.7234075969792769
homoscedastic,3,10.0,0.1,smoother_001,eu_group0,0.052380805110523565,0.9272727272727272
homoscedastic,3,10.0,0.1,smoother_001,eu_group1,0.052380805110523565,
homoscedastic,3,10.0,0.1,smoother_001,eu_id,0.052380805110523565,0.9151515151515152
homoscedastic,3,10.0,0.1,smoother_001,eu_heldout,0.052380805110523565,-0.16363636363636364
homoscedastic,3,10.0,0.1,smoother_1,eu_agreement,0.19756496731708462,0.9757575757575757
homoscedastic,3,10.0,0.1,smoother_1,acquisition_overlap,0.19756496731708462,0.7538028741632801
homoscedastic,3,10.0,0.1,smoother_1,eu_group0,0.19756496731708462,0.9757575757575757
homoscedastic,3,10.0,0.1,smoother_1,eu_group1,0.19756496731708462,
homoscedastic,3,10.0,0.1,smoother_1,eu_id,0.19756496731708462,0.9515151515151514
homoscedastic,3,10.0,0.1,smoother_1,eu_heldout,0.19756496731708462,0.04242424242424241
homoscedastic,3,10.0,0.25,cka,eu_agreement,0.5642782290251159,0.8909090909090909
homoscedastic,3,10.0,0.25,cka,acquisition_overlap,0.5642782290251159,0.7385489458759963
homoscedastic,3,10.0,0.25,cka,eu_group0,0.5642782290251159,0.8909090909090909
homoscedastic,3,10.0,0.25,cka,eu_group1,0.5642782290251159,
homoscedastic,3,10.0,0.25,cka,eu_id,0.5642782290251159,0.8666666666666665
homoscedastic,3,10.0,0.25,cka,eu_heldout,0.5642782290251159,0.19999999999999998
homoscedastic,3,10.0,0.25,mknn,eu_agreement,0.3669758812615955,0.9151515151515152
homoscedastic,3,10.0,0.25,mknn,acquisition_overlap,0.3669758812615955,0.7385489458759963
homoscedastic,3,10.0,0.25,mknn,eu_group0,0.3669758812615955,0.9151515151515152
homoscedastic,3,10.0,0.25,mknn,eu_group1,0.3669758812615955,
homoscedastic,3,10.0,0.25,mknn,eu_id,0.3669758812615955,0.8909090909090909
homoscedastic,3,10.0,0.25,mknn,eu_heldout,0.3669758812615955,0.16363636363636364
homoscedastic,3,10.0,0.25,predictivity,eu_agreement,0.5094048943305203,0.8424242424242423
homoscedastic,3,10.0,0.25,predictivity,acquisition_overlap,0.5094048943305203,0.8616404368553291
homoscedastic,3,10.0,0.25,predictivity,eu_group0,0.5094048943305203,0.8424242424242423
homoscedastic,3,10.0,0.25,predictivity,eu_group1,0.5094048943305203,
homoscedastic,3,10.0,0.25,predictivity,eu_id,0.5094048943305203,0.7939393939393938
homoscedastic,3,10.0,0.25,predictivity,eu_heldout,0.5094048943305203,0.406060606060606
homoscedastic,3,10.0,0.25,cca_type,eu_agreement,1.0332225408582474e-08,0.8787878787878788
homoscedastic,3,10.0,0.25,cca_type,acquisition_overlap,1.0332225408582474e-08,0.5846845821518305
homoscedastic,3,10.0,0.25,cca_type,eu_group0,1.0332225408582474e-08,0.8787878787878788
homoscedastic,3,10.0,0.25,cca_type,eu_group1,1.0332225408582474e-08,
homoscedastic,3,10.0,0.25,cca_type,eu_id,1.0332225408582474e-08,0.8666666666666665
homoscedastic,3,10.0,0.25,cca_type,eu_heldout,1.0332225408582474e-08,-0.0303030303030303
homoscedastic,3,10.0,0.25,smoother_001,eu_agreement,0.052380805110523565,0.8787878787878788
homoscedastic,3,10.0,0.25,smoother_001,acquisition_overlap,0.052380805110523565,0.5846845821518305
homoscedastic,3,10.0,0.25,smoother_001,eu_group0,0.052380805110523565,0.8787878787878788
homoscedastic,3,10.0,0.25,smoother_001,eu_group1,0.052380805110523565,
homoscedastic,3,10.0,0.25,smoother_001,eu_id,0.052380805110523565,0.8666666666666665
homoscedastic,3,10.0,0.25,smoother_001,eu_heldout,0.052380805110523565,-0.0303030303030303
homoscedastic,3,10.0,0.25,smoother_1,eu_agreement,0.19756496731708462,0.9515151515151514
homoscedastic,3,10.0,0.25,smoother_1,acquisition_overlap,0.19756496731708462,0.7385489458759963
homoscedastic,3,10.0,0.25,smoother_1,eu_group0,0.19756496731708462,0.9515151515151514
homoscedastic,3,10.0,0.25,smoother_1,eu_group1,0.19756496731708462,
homoscedastic,3,10.0,0.25,smoother_1,eu_id,0.19756496731708462,0.9272727272727272
homoscedastic,3,10.0,0.25,smoother_1,eu_heldout,0.19756496731708462,0.18787878787878787
homoscedastic,3,10.0,1.0,cka,eu_agreement,0.5642782290251159,0.8545454545454544
homoscedastic,3,10.0,1.0,cka,acquisition_overlap,0.5642782290251159,0.8060606060606059
homoscedastic,3,10.0,1.0,cka,eu_group0,0.5642782290251159,0.8545454545454544
homoscedastic,3,10.0,1.0,cka,eu_group1,0.5642782290251159,
homoscedastic,3,10.0,1.0,cka,eu_id,0.5642782290251159,0.7333333333333332
homoscedastic,3,10.0,1.0,cka,eu_heldout,0.5642782290251159,0.12727272727272726
homoscedastic,3,10.0,1.0,mknn,eu_agreement,0.3669758812615955,0.8666666666666665
homoscedastic,3,10.0,1.0,mknn,acquisition_overlap,0.3669758812615955,0.7939393939393938
homoscedastic,3,10.0,1.0,mknn,eu_group0,0.3669758812615955,0.8666666666666665
homoscedastic,3,10.0,1.0,mknn,eu_group1,0.3669758812615955,
homoscedastic,3,10.0,1.0,mknn,eu_id,0.3669758812615955,0.7696969696969697
homoscedastic,3,10.0,1.0,mknn,eu_heldout,0.3669758812615955,0.10303030303030303
homoscedastic,3,10.0,1.0,predictivity,eu_agreement,0.5094048943305203,0.8181818181818182
homoscedastic,3,10.0,1.0,predictivity,acquisition_overlap,0.5094048943305203,0.9030303030303028
homoscedastic,3,10.0,1.0,predictivity,eu_group0,0.5094048943305203,0.8181818181818182
homoscedastic,3,10.0,1.0,predictivity,eu_group1,0.5094048943305203,
homoscedastic,3,10.0,1.0,predictivity,eu_id,0.5094048943305203,0.6969696969696969
homoscedastic,3,10.0,1.0,predictivity,eu_heldout,0.5094048943305203,0.35757575757575755
homoscedastic,3,10.0,1.0,cca_type,eu_agreement,1.0332225408582474e-08,0.709090909090909
homoscedastic,3,10.0,1.0,cca_type,acquisition_overlap,1.0332225408582474e-08,0.6727272727272726
homoscedastic,3,10.0,1.0,cca_type,eu_group0,1.0332225408582474e-08,0.709090909090909
homoscedastic,3,10.0,1.0,cca_type,eu_group1,1.0332225408582474e-08,
homoscedastic,3,10.0,1.0,cca_type,eu_id,1.0332225408582474e-08,0.6363636363636362
homoscedastic,3,10.0,1.0,cca_type,eu_heldout,1.0332225408582474e-08,-0.10303030303030303
homoscedastic,3,10.0,1.0,smoother_001,eu_agreement,0.052380805110523565,0.709090909090909
homoscedastic,3,10.0,1.0,smoother_001,acquisition_overlap,0.052380805110523565,0.6727272727272726
homoscedastic,3,10.0,1.0,smoother_001,eu_group0,0.052380805110523565,0.709090909090909
homoscedastic,3,10.0,1.0,smoother_001,eu_group1,0.052380805110523565,
homoscedastic,3,10.0,1.0,smoother_001,eu_id,0.052380805110523565,0.6363636363636362
homoscedastic,3,10.0,1.0,smoother_001,eu_heldout,0.052380805110523565,-0.10303030303030303
homoscedastic,3,10.0,1.0,smoother_1,eu_agreement,0.19756496731708462,0.8303030303030302
homoscedastic,3,10.0,1.0,smoother_1,acquisition_overlap,0.19756496731708462,0.8060606060606059
homoscedastic,3,10.0,1.0,smoother_1,eu_group0,0.19756496731708462,0.8303030303030302
homoscedastic,3,10.0,1.0,smoother_1,eu_group1,0.19756496731708462,
homoscedastic,3,10.0,1.0,smoother_1,eu_id,0.19756496731708462,0.7575757575757575
homoscedastic,3,10.0,1.0,smoother_1,eu_heldout,0.19756496731708462,0.12727272727272726
homoscedastic,4,0.1,0.1,cka,eu_agreement,0.5482176260427498,0.8909090909090909
homoscedastic,4,0.1,0.1,cka,acquisition_overlap,0.5482176260427498,0.7294866524160775
homoscedastic,4,0.1,0.1,cka,eu_group0,0.5482176260427498,0.8909090909090909
homoscedastic,4,0.1,0.1,cka,eu_group1,0.5482176260427498,
homoscedastic,4,0.1,0.1,cka,eu_id,0.5482176260427498,0.9393939393939393
homoscedastic,4,0.1,0.1,cka,eu_heldout,0.5482176260427498,-0.05454545454545454
homoscedastic,4,0.1,0.1,mknn,eu_agreement,0.4,0.8787878787878788
homoscedastic,4,0.1,0.1,mknn,acquisition_overlap,0.4,0.7294866524160775
homoscedastic,4,0.1,0.1,mknn,eu_group0,0.4,0.8787878787878788
homoscedastic,4,0.1,0.1,mknn,eu_group1,0.4,
homoscedastic,4,0.1,0.1,mknn,eu_id,0.4,0.9151515151515152
homoscedastic,4,0.1,0.1,mknn,eu_heldout,0.4,-0.04242424242424241
homoscedastic,4,0.1,0.1,predictivity,eu_agreement,0.5842067170417073,0.8060606060606059
homoscedastic,4,0.1,0.1,predictivity,acquisition_overlap,0.5842067170417073,0.7416447632896788
homoscedastic,4,0.1,0.1,predictivity,eu_group0,0.5842067170417073,0.8060606060606059
homoscedastic,4,0.1,0.1,predictivity,eu_group1,0.5842067170417073,
homoscedastic,4,0.1,0.1,predictivity,eu_id,0.5842067170417073,0.7818181818181817
homoscedastic,4,0.1,0.1,predictivity,eu_heldout,0.5842067170417073,0.32121212121212117
homoscedastic,4,0.1,0.1,cca_type,eu_agreement,1.1039674396862154e-08,0.7575757575757575
homoscedastic,4,0.1,0.1,cca_type,acquisition_overlap,1.1039674396862154e-08,0.7538028741632801
homoscedastic,4,0.1,0.1,cca_type,eu_group0,1.1039674396862154e-08,0.7575757575757575
homoscedastic,4,0.1,0.1,cca_type,eu_group1,1.1039674396862154e-08,
homoscedastic,4,0.1,0.1,cca_type,eu_id,1.1039674396862154e-08,0.8666666666666665
homoscedastic,4,0.1,0.1,cca_type,eu_heldout,1.1039674396862154e-08,-0.22424242424242422
homoscedastic,4,0.1,0.1,smoother_001,eu_agreement,0.05302942642132269,0.7575757575757575
homoscedastic,4,0.1,0.1,smoother_001,acquisition_overlap,0.05302942642132269,0.7538028741632801
homoscedastic,4,0.1,0.1,smoother_001,eu_group0,0.05302942642132269,0.7575757575757575
homoscedastic,4,0.1,0.1,smoother_001,eu_group1,0.05302942642132269,
homoscedastic,4,0.1,0.1,smoother_001,eu_id,0.05302942642132269,0.8666666666666665
homoscedastic,4,0.1,0.1,smoother_001,eu_heldout,0.05302942642132269,-0.22424242424242422
homoscedastic,4,0.1,0.1,smoother_1,eu_agreement,0.2019307962318121,0.8545454545454544
homoscedastic,4,0.1,0.1,smoother_1,acquisition_overlap,0.2019307962318121,0.8389096502784891
homoscedastic,4,0.1,0.1,smoother_1,eu_group0,0.2019307962318121,0.8545454545454544
homoscedastic,4,0.1,0.1,smoother_1,eu_group1,0.2019307962318121,
homoscedastic,4,0.1,0.1,smoother_1,eu_id,0.2019307962318121,0.9151515151515152
homoscedastic,4,0.1,0.1,smoother_1,eu_heldout,0.2019307962318121,-0.06666666666666665
homoscedastic,4,0.1,0.25,cka,eu_agreement,0.5482176260427498,0.9151515151515152
homoscedastic,4,0.1,0.25,cka,acquisition_overlap,0.5482176260427498,0.6544617937140031
homoscedastic,4,0.1,0.25,cka,eu_group0,0.5482176260427498,0.9151515151515152
homoscedastic,4,0.1,0.25,cka,eu_group1,0.5482176260427498,
homoscedastic,4,0.1,0.25,cka,eu_id,0.5482176260427498,0.8909090909090909
homoscedastic,4,0.1,0.25,cka,eu_heldout,0.5482176260427498,0.0303030303030303
homoscedastic,4,0.1,0.25,mknn,eu_agreement,0.4,0.9030303030303028
homoscedastic,4,0.1,0.25,mknn,acquisition_overlap,0.4,0.587180674734059
homoscedastic,4,0.1,0.25,mknn,eu_group0,0.4,0.9030303030303028
homoscedastic,4,0.1,0.25,mknn,eu_group1,0.4,
homoscedastic,4,0.1,0.25,mknn,eu_id,0.4,0.8666666666666665
homoscedastic,4,0.1,0.25,mknn,eu_heldout,0.4,0.0303030303030303
homoscedastic,4,0.1,0.25,predictivity,eu_agreement,0.5842067170417073,0.7333333333333332
homoscedastic,4,0.1,0.25,predictivity,acquisition_overlap,0.5842067170417073,0.807373427759331
homoscedastic,4,0.1,0.25,predictivity,eu_group0,0.5842067170417073,0.7333333333333332
homoscedastic,4,0.1,0.25,predictivity,eu_group1,0.5842067170417073,
homoscedastic,4,0.1,0.25,predictivity,eu_id,0.5842067170417073,0.6848484848484848
homoscedastic,4,0.1,0.25,predictivity,eu_heldout,0.5842067170417073,0.41818181818181815
homoscedastic,4,0.1,0.25,cca_type,eu_agreement,1.1039674396862154e-08,0.8787878787878788
homoscedastic,4,0.1,0.25,cca_type,acquisition_overlap,1.1039674396862154e-08,0.6238794669049376
homoscedastic,4,0.1,0.25,cca_type,eu_group0,1.1039674396862154e-08,0.8787878787878788
homoscedastic,4,0.1,0.25,cca_type,eu_group1,1.1039674396862154e-08,
homoscedastic,4,0.1,0.25,cca_type,eu_id,1.1039674396862154e-08,0.8909090909090909
homoscedastic,4,0.1,0.25,cca_type,eu_heldout,1.1039674396862154e-08,-0.1515151515151515
homoscedastic,4,0.1,0.25,smoother_001,eu_agreement,0.05302942642132269,0.8787878787878788
homoscedastic,4,0.1,0.25,smoother_001,acquisition_overlap,0.05302942642132269,0.6238794669049376
homoscedastic,4,0.1,0.25,smoother_001,eu_group0,0.05302942642132269,0.8787878787878788
homoscedastic,4,0.1,0.25,smoother_001,eu_group1,0.05302942642132269,
homoscedastic,4,0.1,0.25,smoother_001,eu_id,0.05302942642132269,0.8909090909090909
homoscedastic,4,0.1,0.25,smoother_001,eu_heldout,0.05302942642132269,-0.1515151515151515
homoscedastic,4,0.1,0.25,smoother_1,eu_agreement,0.2019307962318121,0.9272727272727272
homoscedastic,4,0.1,0.25,smoother_1,acquisition_overlap,0.2019307962318121,0.7095099819703212
homoscedastic,4,0.1,0.25,smoother_1,eu_group0,0.2019307962318121,0.9272727272727272
homoscedastic,4,0.1,0.25,smoother_1,eu_group1,0.2019307962318121,
homoscedastic,4,0.1,0.25,smoother_1,eu_id,0.2019307962318121,0.9151515151515152
homoscedastic,4,0.1,0.25,smoother_1,eu_heldout,0.2019307962318121,0.01818181818181818
homoscedastic,4,0.1,1.0,cka,eu_agreement,0.5482176260427498,0.9151515151515152
homoscedastic,4,0.1,1.0,cka,acquisition_overlap,0.5482176260427498,0.8650957979871867
homoscedastic,4,0.1,1.0,cka,eu_group0,0.5482176260427498,0.9151515151515152
homoscedastic,4,0.1,1.0,cka,eu_group1,0.5482176260427498,
homoscedastic,4,0.1,1.0,cka,eu_id,0.5482176260427498,0.9151515151515152
homoscedastic,4,0.1,1.0,cka,eu_heldout,0.5482176260427498,0.04242424242424241
homoscedastic,4,0.1,1.0,mknn,eu_agreement,0.4,0.9030303030303028
homoscedastic,4,0.1,1.0,mknn,acquisition_overlap,0.4,0.8282832108387959
homoscedastic,4,0.1,1.0,mknn,eu_group0,0.4,0.9030303030303028
homoscedastic,4,0.1,1.0,mknn,eu_group1,0.4,
homoscedastic,4,0.1,1.0,mknn,eu_id,0.4,0.9030303030303028
homoscedastic,4,0.1,1.0,mknn,eu_heldout,0.4,0.05454545454545454
homoscedastic,4,0.1,1.0,predictivity,eu_agreement,0.5842067170417073,0.7333333333333332
homoscedastic,4,0.1,1.0,predictivity,acquisition_overlap,0.5842067170417073,0.9019083851355777
homoscedastic,4,0.1,1.0,predictivity,eu_group0,0.5842067170417073,0.7333333333333332
homoscedastic,4,0.1,1.0,predictivity,eu_group1,0.5842067170417073,
homoscedastic,4,0.1,1.0,predictivity,eu_id,0.5842067170417073,0.7333333333333332
homoscedastic,4,0.1,1.0,predictivity,eu_heldout,0.5842067170417073,0.43030303030303024
homoscedastic,4,0.1,1.0,cca_type,eu_agreement,1.1039674396862154e-08,0.8787878787878788
homoscedastic,4,0.1,1.0,cca_type,acquisition_overlap,1.1039674396862154e-08,0.803741486073202
homoscedastic,4,0.1,1.0,cca_type,eu_group0,1.1039674396862154e-08,0.8787878787878788
homoscedastic,4,0.1,1.0,cca_type,eu_group1,1.1039674396862154e-08,
homoscedastic,4,0.1,1.0,cca_type,eu_id,1.1039674396862154e-08,0.8787878787878788
homoscedastic,4,0.1,1.0,cca_type,eu_heldout,1.1039674396862154e-08,-0.16363636363636364
homoscedastic,4,0.1,1.0,smoother_001,eu_agreement,0.05302942642132269,0.8787878787878788
homoscedastic,4,0.1,1.0,smoother_001,acquisition_overlap,0.05302942642132269,0.803741486073202
homoscedastic,4,0.1,1.0,smoother_001,eu_group0,0.05302942642132269,0.8787878787878788
homoscedastic,4,0.1,1.0,smoother_001,eu_group1,0.05302942642132269,
homoscedastic,4,0.1,1.0,smoother_001,eu_id,0.05302942642132269,0.8787878787878788
homoscedastic,4,0.1,1.0,smoother_001,eu_heldout,0.05302942642132269,-0.16363636363636364
homoscedastic,4,0.1,1.0,smoother_1,eu_agreement,0.2019307962318121,0.9272727272727272
homoscedastic,4,0.1,1.0,smoother_1,acquisition_overlap,0.2019307962318121,0.8896375227527807
homoscedastic,4,0.1,1.0,smoother_1,eu_group0,0.2019307962318121,0.9272727272727272
homoscedastic,4,0.1,1.0,smoother_1,eu_group1,0.2019307962318121,
homoscedastic,4,0.1,1.0,smoother_1,eu_id,0.2019307962318121,0.9272727272727272
homoscedastic,4,0.1,1.0,smoother_1,eu_heldout,0.2019307962318121,0.04242424242424241
homoscedastic,4,1.0,0.1,cka,eu_agreement,0.5482176260427498,0.9151515151515152
homoscedastic,4,1.0,0.1,cka,acquisition_overlap,0.5482176260427498,0.6808542089216724
homoscedastic,4,1.0,0.1,cka,eu_group0,0.5482176260427498,0.9151515151515152
homoscedastic,4,1.0,0.1,cka,eu_group1,0.5482176260427498,
homoscedastic,4,1.0,0.1,cka,eu_id,0.5482176260427498,0.9151515151515152
homoscedastic,4,1.0,0.1,cka,eu_heldout,0.5482176260427498,-0.006060606060606061
homoscedastic,4,1.0,0.1,mknn,eu_agreement,0.4,0.9030303030303028
homoscedastic,4,1.0,0.1,mknn,acquisition_overlap,0.4,0.6018264882432639
homoscedastic,4,1.0,0.1,mknn,eu_group0,0.4,0.9030303030303028
homoscedastic,4,1.0,0.1,mknn,eu_group1,0.4,
homoscedastic,4,1.0,0.1,mknn,eu_id,0.4,0.9030303030303028
homoscedastic,4,1.0,0.1,mknn,eu_heldout,0.4,0.0303030303030303
homoscedastic,4,1.0,0.1,predictivity,eu_agreement,0.5842067170417073,0.7333333333333332
homoscedastic,4,1.0,0.1,predictivity,acquisition_overlap,0.5842067170417073,0.7659609850368815
homoscedastic,4,1.0,0.1,predictivity,eu_group0,0.5842067170417073,0.7333333333333332
homoscedastic,4,1.0,0.1,predictivity,eu_group1,0.5842067170417073,
homoscedastic,4,1.0,0.1,predictivity,eu_id,0.5842067170417073,0.7333333333333332
homoscedastic,4,1.0,0.1,predictivity,eu_heldout,0.5842067170417073,0.35757575757575755
homoscedastic,4,1.0,0.1,cca_type,eu_agreement,1.1039674396862154e-08,0.8787878787878788
homoscedastic,4,1.0,0.1,cca_type,acquisition_overlap,1.1039674396862154e-08,0.686933264358473
homoscedastic,4,1.0,0.1,cca_type,eu_group0,1.1039674396862154e-08,0.8787878787878788
homoscedastic,4,1.0,0.1,cca_type,eu_group1,1.1039674396862154e-08,
homoscedastic,4,1.0,0.1,cca_type,eu_id,1.1039674396862154e-08,0.8787878787878788
homoscedastic,4,1.0,0.1,cca_type,eu_heldout,1.1039674396862154e-08,-0.2121212121212121
homoscedastic,4,1.0,0.1,smoother_001,eu_agreement,0.05302942642132269,0.8787878787878788
homoscedastic,4,1.0,0.1,smoother_001,acquisition_overlap,0.05302942642132269,0.686933264358473
homoscedastic,4,1.0,0.1,smoother_001,eu_group0,0.05302942642132269,0.8787878787878788
homoscedastic,4,1.0,0.1,smoother_001,eu_group1,0.05302942642132269,
homoscedastic,4,1.0,0.1,smoother_001,eu_id,0.05302942642132269,0.8787878787878788
homoscedastic,4,1.0,0.1,smoother_001,eu_heldout,0.05302942642132269,-0.2121212121212121
homoscedastic,4,1.0,0.1,smoother_1,eu_agreement,0.2019307962318121,0.9272727272727272
homoscedastic,4,1.0,0.1,smoother_1,acquisition_overlap,0.2019307962318121,0.735565707852878
homoscedastic,4,1.0,0.1,smoother_1,eu_group0,0.2019307962318121,0.9272727272727272
homoscedastic,4,1.0,0.1,smoother_1,eu_group1,0.2019307962318121,
homoscedastic,4,1.0,0.1,smoother_1,eu_id,0.2019307962318121,0.9272727272727272
homoscedastic,4,1.0,0.1,smoother_1,eu_heldout,0.2019307962318121,-0.04242424242424241
homoscedastic,4,1.0,0.25,cka,eu_agreement,0.5482176260427498,0.8909090909090909
homoscedastic,4,1.0,0.25,cka,acquisition_overlap,0.5482176260427498,0.8303030303030302
homoscedastic,4,1.0,0.25,cka,eu_group0,0.5482176260427498,0.8909090909090909
homoscedastic,4,1.0,0.25,cka,eu_group1,0.5482176260427498,
homoscedastic,4,1.0,0.25,cka,eu_id,0.5482176260427498,0.8666666666666665
homoscedastic,4,1.0,0.25,cka,eu_heldout,0.5482176260427498,0.19999999999999998
homoscedastic,4,1.0,0.25,mknn,eu_agreement,0.4,0.8545454545454544
homoscedastic,4,1.0,0.25,mknn,acquisition_overlap,0.4,0.7818181818181817
homoscedastic,4,1.0,0.25,mknn,eu_group0,0.4,0.8545454545454544
homoscedastic,4,1.0,0.25,mknn,eu_group1,0.4,
homoscedastic,4,1.0,0.25,mknn,eu_id,0.4,0.8181818181818182
homoscedastic,4,1.0,0.25,mknn,eu_heldout,0.4,0.17575757575757575
homoscedastic,4,1.0,0.25,predictivity,eu_agreement,0.5842067170417073,0.6606060606060605
homoscedastic,4,1.0,0.25,predictivity,acquisition_overlap,0.5842067170417073,0.9030303030303028
homoscedastic,4,1.0,0.25,predictivity,eu_group0,0.5842067170417073,0.6606060606060605
homoscedastic,4,1.0,0.25,predictivity,eu_group1,0.5842067170417073,
homoscedastic,4,1.0,0.25,predictivity,eu_id,0.5842067170417073,0.6121212121212121
homoscedastic,4,1.0,0.25,predictivity,eu_heldout,0.5842067170417073,0.5151515151515151
homoscedastic,4,1.0,0.25,cca_type,eu_agreement,1.1039674396862154e-08,0.8909090909090909
homoscedastic,4,1.0,0.25,cca_type,acquisition_overlap,1.1039674396862154e-08,0.7696969696969697
homoscedastic,4,1.0,0.25,cca_type,eu_group0,1.1039674396862154e-08,0.8909090909090909
homoscedastic,4,1.0,0.25,cca_type,eu_group1,1.1039674396862154e-08,
homoscedastic,4,1.0,0.25,cca_type,eu_id,1.1039674396862154e-08,0.9030303030303028
homoscedastic,4,1.0,0.25,cca_type,eu_heldout,1.1039674396862154e-08,-0.0303030303030303
homoscedastic,4,1.0,0.25,smoother_001,eu_agreement,0.05302942642132269,0.8909090909090909
homoscedastic,4,1.0,0.25,smoother_001,acquisition_overlap,0.05302942642132269,0.7696969696969697
homoscedastic,4,1.0,0.25,smoother_001,eu_group0,0.05302942642132269,0.8909090909090909
homoscedastic,4,1.0,0.25,smoother_001,eu_group1,0.05302942642132269,
homoscedastic,4,1.0,0.25,smoother_001,eu_id,0.05302942642132269,0.9030303030303028
homoscedastic,4,1.0,0.25,smoother_001,eu_heldout,0.05302942642132269,-0.0303030303030303
homoscedastic,4,1.0,0.25,smoother_1,eu_agreement,0.2019307962318121,0.9393939393939393
homoscedastic,4,1.0,0.25,smoother_1,acquisition_overlap,0.2019307962318121,0.8666666666666665
homoscedastic,4,1.0,0.25,smoother_1,eu_group0,0.2019307962318121,0.9393939393939393
homoscedastic,4,1.0,0.25,smoother_1,eu_group1,0.2019307962318121,
homoscedastic,4,1.0,0.25,smoother_1,eu_id,0.2019307962318121,0.9272727272727272
homoscedastic,4,1.0,0.25,smoother_1,eu_heldout,0.2019307962318121,0.18787878787878787
homoscedastic,4,1.0,1.0,cka,eu_agreement,0.5482176260427498,0.9272727272727272
homoscedastic,4,1.0,1.0,cka,acquisition_overlap,0.5482176260427498,0.8424242424242423
homoscedastic,4,1.0,1.0,cka,eu_group0,0.5482176260427498,0.9272727272727272
homoscedastic,4,1.0,1.0,cka,eu_group1,0.5482176260427498,
homoscedastic,4,1.0,1.0,cka,eu_id,0.5482176260427498,0.8545454545454544
homoscedastic,4,1.0,1.0,cka,eu_heldout,0.5482176260427498,0.17629260766721871
homoscedastic,4,1.0,1.0,mknn,eu_agreement,0.4,0.8909090909090909
homoscedastic,4,1.0,1.0,mknn,acquisition_overlap,0.4,0.8424242424242423
homoscedastic,4,1.0,1.0,mknn,eu_group0,0.4,0.8909090909090909
homoscedastic,4,1.0,1.0,mknn,eu_group1,0.4,
homoscedastic,4,1.0,1.0,mknn,eu_id,0.4,0.8424242424242423
homoscedastic,4,1.0,1.0,mknn,eu_heldout,0.4,0.17629260766721871
homoscedastic,4,1.0,1.0,predictivity,eu_agreement,0.5842067170417073,0.7333333333333332
homoscedastic,4,1.0,1.0,predictivity,acquisition_overlap,0.5842067170417073,0.9636363636363635
homoscedastic,4,1.0,1.0,predictivity,eu_group0,0.5842067170417073,0.7333333333333332
homoscedastic,4,1.0,1.0,predictivity,eu_group1,0.5842067170417073,
homoscedastic,4,1.0,1.0,predictivity,eu_id,0.5842067170417073,0.709090909090909
homoscedastic,4,1.0,1.0,predictivity,eu_heldout,0.5842067170417073,0.5288778230016562
homoscedastic,4,1.0,1.0,cca_type,eu_agreement,1.1039674396862154e-08,0.8424242424242423
homoscedastic,4,1.0,1.0,cca_type,acquisition_overlap,1.1039674396862154e-08,0.6727272727272726
homoscedastic,4,1.0,1.0,cca_type,eu_group0,1.1039674396862154e-08,0.8424242424242423
homoscedastic,4,1.0,1.0,cca_type,eu_group1,1.1039674396862154e-08,
homoscedastic,4,1.0,1.0,cca_type,eu_id,1.1039674396862154e-08,0.7454545454545454
homoscedastic,4,1.0,1.0,cca_type,eu_heldout,1.1039674396862154e-08,-0.06079055436800646
homoscedastic,4,1.0,1.0,smoother_001,eu_agreement,0.05302942642132269,0.8424242424242423
homoscedastic,4,1.0,1.0,smoother_001,acquisition_overlap,0.05302942642132269,0.6727272727272726
homoscedastic,4,1.0,1.0,smoother_001,eu_group0,0.05302942642132269,0.8424242424242423
homoscedastic,4,1.0,1.0,smoother_001,eu_group1,0.05302942642132269,
homoscedastic,4,1.0,1.0,smoother_001,eu_id,0.05302942642132269,0.7454545454545454
homoscedastic,4,1.0,1.0,smoother_001,eu_heldout,0.05302942642132269,-0.06079055436800646
homoscedastic,4,1.0,1.0,smoother_1,eu_agreement,0.2019307962318121,0.9030303030303028
homoscedastic,4,1.0,1.0,smoother_1,acquisition_overlap,0.2019307962318121,0.8303030303030302
homoscedastic,4,1.0,1.0,smoother_1,eu_group0,0.2019307962318121,0.9030303030303028
homoscedastic,4,1.0,1.0,smoother_1,eu_group1,0.2019307962318121,
homoscedastic,4,1.0,1.0,smoother_1,eu_id,0.2019307962318121,0.8545454545454544
homoscedastic,4,1.0,1.0,smoother_1,eu_heldout,0.2019307962318121,0.17629260766721871
homoscedastic,4,10.0,0.1,cka,eu_agreement,0.5482176260427498,0.9030303030303028
homoscedastic,4,10.0,0.1,cka,acquisition_overlap,0.5482176260427498,0.765563379462524
homoscedastic,4,10.0,0.1,cka,eu_group0,0.5482176260427498,0.9030303030303028
homoscedastic,4,10.0,0.1,cka,eu_group1,0.5482176260427498,
homoscedastic,4,10.0,0.1,cka,eu_id,0.5482176260427498,0.8666666666666665
homoscedastic,4,10.0,0.1,cka,eu_heldout,0.5482176260427498,-0.04242424242424241
homoscedastic,4,10.0,0.1,mknn,eu_agreement,0.4,0.8787878787878788
homoscedastic,4,10.0,0.1,mknn,acquisition_overlap,0.4,0.7038243972478043
homoscedastic,4,10.0,0.1,mknn,eu_group0,0.4,0.8787878787878788
homoscedastic,4,10.0,0.1,mknn,eu_group1,0.4,
homoscedastic,4,10.0,0.1,mknn,eu_id,0.4,0.8545454545454544
homoscedastic,4,10.0,0.1,mknn,eu_heldout,0.4,-0.01818181818181818
homoscedastic,4,10.0,0.1,predictivity,eu_agreement,0.5842067170417073,0.709090909090909
homoscedastic,4,10.0,0.1,predictivity,acquisition_overlap,0.5842067170417073,0.8581718527846034
homoscedastic,4,10.0,0.1,predictivity,eu_group0,0.5842067170417073,0.709090909090909
homoscedastic,4,10.0,0.1,predictivity,eu_group1,0.5842067170417073,
homoscedastic,4,10.0,0.1,predictivity,eu_id,0.5842067170417073,0.6969696969696969
homoscedastic,4,10.0,0.1,predictivity,eu_heldout,0.5842067170417073,0.33333333333333326
homoscedastic,4,10.0,0.1,cca_type,eu_agreement,1.1039674396862154e-08,0.9151515151515152
homoscedastic,4,10.0,0.1,cca_type,acquisition_overlap,1.1039674396862154e-08,0.7161721936907482
homoscedastic,4,10.0,0.1,cca_type,eu_group0,1.1039674396862154e-08,0.9151515151515152
homoscedastic,4,10.0,0.1,cca_type,eu_group1,1.1039674396862154e-08,
homoscedastic,4,10.0,0.1,cca_type,eu_id,1.1039674396862154e-08,0.8666666666666665
homoscedastic,4,10.0,0.1,cca_type,eu_heldout,1.1039674396862154e-08,-0.23636363636363633
homoscedastic,4,10.0,0.1,smoother_001,eu_agreement,0.05302942642132269,0.9151515151515152
homoscedastic,4,10.0,0.1,smoother_001,acquisition_overlap,0.05302942642132269,0.7161721936907482
homoscedastic,4,10.0,0.1,smoother_001,eu_group0,0.05302942642132269,0.9151515151515152
homoscedastic,4,10.0,0.1,smoother_001,eu_group1,0.05302942642132269,
homoscedastic,4,10.0,0.1,smoother_001,eu_id,0.05302942642132269,0.8666666666666665
homoscedastic,4,10.0,0.1,smoother_001,eu_heldout,0.05302942642132269,-0.23636363636363633
homoscedastic,4,10.0,0.1,smoother_1,eu_agreement,0.2019307962318121,0.9515151515151514
homoscedastic,4,10.0,0.1,smoother_1,acquisition_overlap,0.2019307962318121,0.7964328705698838
homoscedastic,4,10.0,0.1,smoother_1,eu_group0,0.2019307962318121,0.9515151515151514
homoscedastic,4,10.0,0.1,smoother_1,eu_group1,0.2019307962318121,
homoscedastic,4,10.0,0.1,smoother_1,eu_id,0.2019307962318121,0.9272727272727272
homoscedastic,4,10.0,0.1,smoother_1,eu_heldout,0.2019307962318121,-0.04242424242424241
homoscedastic,4,10.0,0.25,cka,eu_agreement,0.5482176260427498,0.8909090909090909
homoscedastic,4,10.0,0.25,cka,acquisition_overlap,0.5482176260427498,0.772040040473682
homoscedastic,4,10.0,0.25,cka,eu_group0,0.5482176260427498,0.8909090909090909
homoscedastic,4,10.0,0.25,cka,eu_group1,0.5482176260427498,
homoscedastic,4,10.0,0.25,cka,eu_id,0.5482176260427498,0.8060606060606059
homoscedastic,4,10.0,0.25,cka,eu_heldout,0.5482176260427498,0.19999999999999998
homoscedastic,4,10.0,0.25,mknn,eu_agreement,0.4,0.8545454545454544
homoscedastic,4,10.0,0.25,mknn,acquisition_overlap,0.4,0.7234075969792769
homoscedastic,4,10.0,0.25,mknn,eu_group0,0.4,0.8545454545454544
homoscedastic,4,10.0,0.25,mknn,eu_group1,0.4,
homoscedastic,4,10.0,0.25,mknn,eu_id,0.4,0.7575757575757575
homoscedastic,4,10.0,0.25,mknn,eu_heldout,0.4,0.17575757575757575
homoscedastic,4,10.0,0.25,predictivity,eu_agreement,0.5842067170417073,0.6606060606060605
homoscedastic,4,10.0,0.25,predictivity,acquisition_overlap,0.5842067170417073,0.8753839828992931
homoscedastic,4,10.0,0.25,predictivity,eu_group0,0.5842067170417073,0.6606060606060605
homoscedastic,4,10.0,0.25,predictivity,eu_group1,0.5842067170417073,
homoscedastic,4,10.0,0.25,predictivity,eu_id,0.5842067170417073,0.5515151515151515
homoscedastic,4,10.0,0.25,predictivity,eu_heldout,0.5842067170417073,0.5151515151515151
homoscedastic,4,10.0,0.25,cca_type,eu_agreement,1.1039674396862154e-08,0.8909090909090909
homoscedastic,4,10.0,0.25,cca_type,acquisition_overlap,1.1039674396862154e-08,0.7173285415424762
homoscedastic,4,10.0,0.25,cca_type,eu_group0,1.1039674396862154e-08,0.8909090909090909
homoscedastic,4,10.0,0.25,cca_type,eu_group1,1.1039674396862154e-08,
homoscedastic,4,10.0,0.25,cca_type,eu_id,1.1039674396862154e-08,0.8666666666666665
homoscedastic,4,10.0,0.25,cca_type,eu_heldout,1.1039674396862154e-08,-0.0303030303030303
homoscedastic,4,10.0,0.25,smoother_001,eu_agreement,0.05302942642132269,0.8909090909090909
homoscedastic,4,10.0,0.25,smoother_001,acquisition_overlap,0.05302942642132269,0.7173285415424762
homoscedastic,4,10.0,0.25,smoother_001,eu_group0,0.05302942642132269,0.8909090909090909
homoscedastic,4,10.0,0.25,smoother_001,eu_group1,0.05302942642132269,
homoscedastic,4,10.0,0.25,smoother_001,eu_id,0.05302942642132269,0.8666666666666665
homoscedastic,4,10.0,0.25,smoother_001,eu_heldout,0.05302942642132269,-0.0303030303030303
homoscedastic,4,10.0,0.25,smoother_1,eu_agreement,0.2019307962318121,0.9393939393939393
homoscedastic,4,10.0,0.25,smoother_1,acquisition_overlap,0.2019307962318121,0.8328305948416885
homoscedastic,4,10.0,0.25,smoother_1,eu_group0,0.2019307962318121,0.9393939393939393
homoscedastic,4,10.0,0.25,smoother_1,eu_group1,0.2019307962318121,
homoscedastic,4,10.0,0.25,smoother_1,eu_id,0.2019307962318121,0.8909090909090909
homoscedastic,4,10.0,0.25,smoother_1,eu_heldout,0.2019307962318121,0.18787878787878787
homoscedastic,4,10.0,1.0,cka,eu_agreement,0.5482176260427498,0.9151515151515152
homoscedastic,4,10.0,1.0,cka,acquisition_overlap,0.5482176260427498,0.8370221386594626
homoscedastic,4,10.0,1.0,cka,eu_group0,0.5482176260427498,0.9151515151515152
homoscedastic,4,10.0,1.0,cka,eu_group1,0.5482176260427498,
homoscedastic,4,10.0,1.0,cka,eu_id,0.5482176260427498,0.8787878787878788
homoscedastic,4,10.0,1.0,cka,eu_heldout,0.5482176260427498,0.05454545454545454
homoscedastic,4,10.0,1.0,mknn,eu_agreement,0.4,0.8787878787878788
homoscedastic,4,10.0,1.0,mknn,acquisition_overlap,0.4,0.8062492659146293
homoscedastic,4,10.0,1.0,mknn,eu_group0,0.4,0.8787878787878788
homoscedastic,4,10.0,1.0,mknn,eu_group1,0.4,
homoscedastic,4,10.0,1.0,mknn,eu_id,0.4,0.8545454545454544
homoscedastic,4,10.0,1.0,mknn,eu_heldout,0.4,0.05454545454545454
homoscedastic,4,10.0,1.0,predictivity,eu_agreement,0.5842067170417073,0.7696969696969697
homoscedastic,4,10.0,1.0,predictivity,acquisition_overlap,0.5842067170417073,0.9354953314429287
homoscedastic,4,10.0,1.0,predictivity,eu_group0,0.5842067170417073,0.7696969696969697
homoscedastic,4,10.0,1.0,predictivity,eu_group1,0.5842067170417073,
homoscedastic,4,10.0,1.0,predictivity,eu_id,0.5842067170417073,0.7575757575757575
homoscedastic,4,10.0,1.0,predictivity,eu_heldout,0.5842067170417073,0.43030303030303024
homoscedastic,4,10.0,1.0,cca_type,eu_agreement,1.1039674396862154e-08,0.7818181818181817
homoscedastic,4,10.0,1.0,cca_type,acquisition_overlap,1.1039674396862154e-08,0.7077760731311632
homoscedastic,4,10.0,1.0,cca_type,eu_group0,1.1039674396862154e-08,0.7818181818181817
homoscedastic,4,10.0,1.0,cca_type,eu_group1,1.1039674396862154e-08,
homoscedastic,4,10.0,1.0,cca_type,eu_id,1.1039674396862154e-08,0.7333333333333332
homoscedastic,4,10.0,1.0,cca_type,eu_heldout,1.1039674396862154e-08,-0.19999999999999998
homoscedastic,4,10.0,1.0,smoother_001,eu_agreement,0.05302942642132269,0.7818181818181817
homoscedastic,4,10.0,1.0,smoother_001,acquisition_overlap,0.05302942642132269,0.7077760731311632
homoscedastic,4,10.0,1.0,smoother_001,eu_group0,0.05302942642132269,0.7818181818181817
homoscedastic,4,10.0,1.0,smoother_001,eu_group1,0.05302942642132269,
homoscedastic,4,10.0,1.0,smoother_001,eu_id,0.05302942642132269,0.7333333333333332
homoscedastic,4,10.0,1.0,smoother_001,eu_heldout,0.05302942642132269,-0.19999999999999998
homoscedastic,4,10.0,1.0,smoother_1,eu_agreement,0.2019307962318121,0.8666666666666665
homoscedastic,4,10.0,1.0,smoother_1,acquisition_overlap,0.2019307962318121,0.830867564110496
homoscedastic,4,10.0,1.0,smoother_1,eu_group0,0.2019307962318121,0.8666666666666665
homoscedastic,4,10.0,1.0,smoother_1,eu_group1,0.2019307962318121,
homoscedastic,4,10.0,1.0,smoother_1,eu_id,0.2019307962318121,0.8424242424242423
homoscedastic,4,10.0,1.0,smoother_1,eu_heldout,0.2019307962318121,0.0303030303030303
