noise_condition,seed,prior,fraction,metric,target,metric_span,correlation
heteroscedastic,0,0.1,0.1,cka,eu_agreement,0.5606896955269017,0.9816135651097472
heteroscedastic,0,0.1,0.1,cka,acquisition_overlap,0.5606896955269017,0.956447868181336
heteroscedastic,0,0.1,0.1,cka,eu_group0,0.5606896955269017,0.9816135651097472
heteroscedastic,0,0.1,0.1,cka,eu_group1,0.5606896955269017,0.993883734673619
heteroscedastic,0,0.1,0.1,cka,eu_id,0.5606896955269017,0.9816135651097472
heteroscedastic,0,0.1,0.1,cka,eu_heldout,0.5606896955269017,0.8466416999071569
heteroscedastic,0,0.1,0.1,mknn,eu_agreement,0.7605,0.9876543209876544
heteroscedastic,0,0.1,0.1,mknn,acquisition_overlap,0.7605,0.962333756770276
heteroscedastic,0,0.1,0.1,mknn,eu_group0,0.7605,0.9876543209876544
heteroscedastic,0,0.1,0.1,mknn,eu_group1,0.7605,1.0
heteroscedastic,0,0.1,0.1,mknn,eu_id,0.7605,0.9876543209876544
heteroscedastic,0,0.1,0.1,mknn,eu_heldout,0.7605,0.8518518518518517
heteroscedastic,0,0.1,0.1,predictivity,eu_agreement,0.003448781272578083,0.9012345679012346
heteroscedastic,0,0.1,0.1,predictivity,acquisition_overlap,0.003448781272578083,0.8736977528572242
heteroscedastic,0,0.1,0.1,predictivity,eu_group0,0.003448781272578083,0.9012345679012346
heteroscedastic,0,0.1,0.1,predictivity,eu_group1,0.003448781272578083,0.8888888888888888
heteroscedastic,0,0.1,0.1,predictivity,eu_id,0.003448781272578083,0.9012345679012346
heteroscedastic,0,0.1,0.1,predictivity,eu_heldout,0.003448781272578083,0.7160493827160493
heteroscedastic,0,0.1,0.1,cca_type,eu_agreement,0.001025982547905202,0.8440722199302098
heteroscedastic,0,0.1,0.1,cca_type,acquisition_overlap,0.001025982547905202,0.790438731610333
heteroscedastic,0,0.1,0.1,cca_type,eu_group0,0.001025982547905202,0.8440722199302098
heteroscedastic,0,0.1,0.1,cca_type,eu_group1,0.001025982547905202,0.856305150653836
heteroscedastic,0,0.1,0.1,cca_type,eu_id,0.001025982547905202,0.8440722199302098
heteroscedastic,0,0.1,0.1,cca_type,eu_heldout,0.001025982547905202,0.5627148132868065
heteroscedastic,0,0.1,0.1,smoother_001,eu_agreement,0.050641335734097015,0.7706746355884525
heteroscedastic,0,0.1,0.1,smoother_001,acquisition_overlap,0.050641335734097015,0.7402521454763437
heteroscedastic,0,0.1,0.1,smoother_001,eu_group0,0.050641335734097015,0.7706746355884525
heteroscedastic,0,0.1,0.1,smoother_001,eu_group1,0.050641335734097015,0.7584417048648262
heteroscedastic,0,0.1,0.1,smoother_001,eu_id,0.050641335734097015,0.7706746355884525
heteroscedastic,0,0.1,0.1,smoother_001,eu_heldout,0.050641335734097015,0.4893172289450492
heteroscedastic,0,0.1,0.1,smoother_1,eu_agreement,0.355369521019293,0.9202627172903878
heteroscedastic,0,0.1,0.1,smoother_1,acquisition_overlap,0.355369521019293,0.8935236663273006
heteroscedastic,0,0.1,0.1,smoother_1,eu_group0,0.355369521019293,0.9202627172903878
heteroscedastic,0,0.1,0.1,smoother_1,eu_group1,0.355369521019293,0.9570732259820034
heteroscedastic,0,0.1,0.1,smoother_1,eu_id,0.355369521019293,0.9202627172903878
heteroscedastic,0,0.1,0.1,smoother_1,eu_heldout,0.355369521019293,0.760750512960054
heteroscedastic,0,0.1,0.25,cka,eu_agreement,0.5606896955269017,0.993883734673619
heteroscedastic,0,0.1,0.25,cka,acquisition_overlap,0.5606896955269017,0.956447868181336
heteroscedastic,0,0.1,0.25,cka,eu_group0,0.5606896955269017,0.9448030564181316
heteroscedastic,0,0.1,0.25,cka,eu_group1,0.5606896955269017,0.993883734673619
heteroscedastic,0,0.1,0.25,cka,eu_id,0.5606896955269017,0.993883734673619
heteroscedastic,0,0.1,0.25,cka,eu_heldout,0.5606896955269017,0.8466416999071569
heteroscedastic,0,0.1,0.25,mknn,eu_agreement,0.7605,1.0
heteroscedastic,0,0.1,0.25,mknn,acquisition_overlap,0.7605,0.962333756770276
heteroscedastic,0,0.1,0.25,mknn,eu_group0,0.7605,0.9506172839506172
heteroscedastic,0,0.1,0.25,mknn,eu_group1,0.7605,1.0
heteroscedastic,0,0.1,0.25,mknn,eu_id,0.7605,1.0
heteroscedastic,0,0.1,0.25,mknn,eu_heldout,0.7605,0.8518518518518517
heteroscedastic,0,0.1,0.25,predictivity,eu_agreement,0.003448781272578083,0.8888888888888888
heteroscedastic,0,0.1,0.25,predictivity,acquisition_overlap,0.003448781272578083,0.8736977528572242
heteroscedastic,0,0.1,0.25,predictivity,eu_group0,0.003448781272578083,0.8148148148148148
heteroscedastic,0,0.1,0.25,predictivity,eu_group1,0.003448781272578083,0.8888888888888888
heteroscedastic,0,0.1,0.25,predictivity,eu_id,0.003448781272578083,0.8888888888888888
heteroscedastic,0,0.1,0.25,predictivity,eu_heldout,0.003448781272578083,0.7160493827160493
heteroscedastic,0,0.1,0.25,cca_type,eu_agreement,0.001025982547905202,0.856305150653836
heteroscedastic,0,0.1,0.25,cca_type,acquisition_overlap,0.001025982547905202,0.790438731610333
heteroscedastic,0,0.1,0.25,cca_type,eu_group0,0.001025982547905202,0.7095099819703212
heteroscedastic,0,0.1,0.25,cca_type,eu_group1,0.001025982547905202,0.856305150653836
heteroscedastic,0,0.1,0.25,cca_type,eu_id,0.001025982547905202,0.856305150653836
heteroscedastic,0,0.1,0.25,cca_type,eu_heldout,0.001025982547905202,0.5627148132868065
heteroscedastic,0,0.1,0.25,smoother_001,eu_agreement,0.050641335734097015,0.7584417048648262
heteroscedastic,0,0.1,0.25,smoother_001,acquisition_overlap,0.050641335734097015,0.7402521454763437
heteroscedastic,0,0.1,0.25,smoother_001,eu_group0,0.050641335734097015,0.587180674734059
heteroscedastic,0,0.1,0.25,smoother_001,eu_group1,0.050641335734097015,0.7584417048648262
heteroscedastic,0,0.1,0.25,smoother_001,eu_id,0.050641335734097015,0.7584417048648262
heteroscedastic,0,0.1,0.25,smoother_001,eu_heldout,0.050641335734097015,0.4893172289450492
heteroscedastic,0,0.1,0.25,smoother_1,eu_agreement,0.355369521019293,0.9570732259820034
heteroscedastic,0,0.1,0.25,smoother_1,acquisition_overlap,0.355369521019293,0.8935236663273006
heteroscedastic,0,0.1,0.25,smoother_1,eu_group0,0.355369521019293,0.8589118694710287
heteroscedastic,0,0.1,0.25,smoother_1,eu_group1,0.355369521019293,0.9570732259820034
heteroscedastic,0,0.1,0.25,smoother_1,eu_id,0.355369521019293,0.9570732259820034
heteroscedastic,0,0.1,0.25,smoother_1,eu_heldout,0.355369521019293,0.760750512960054
heteroscedastic,0,0.1,1.0,cka,eu_agreement,0.5606896955269017,0.993883734673619
heteroscedastic,0,0.1,1.0,cka,acquisition_overlap,0.5606896955269017,0.9690327085521431
heteroscedastic,0,0.1,1.0,cka,eu_group0,0.5606896955269017,0.993883734673619
heteroscedastic,0,0.1,1.0,cka,eu_group1,0.5606896955269017,0.993883734673619
heteroscedastic,0,0.1,1.0,cka,eu_id,0.5606896955269017,0.993883734673619
heteroscedastic,0,0.1,1.0,cka,eu_heldout,0.5606896955269017,0.993883734673619
heteroscedastic,0,0.1,1.0,mknn,eu_agreement,0.7605,1.0
heteroscedastic,0,0.1,1.0,mknn,acquisition_overlap,0.7605,0.9749960430435691
heteroscedastic,0,0.1,1.0,mknn,eu_group0,0.7605,1.0
heteroscedastic,0,0.1,1.0,mknn,eu_group1,0.7605,1.0
heteroscedastic,0,0.1,1.0,mknn,eu_id,0.7605,1.0
heteroscedastic,0,0.1,1.0,mknn,eu_heldout,0.7605,1.0
heteroscedastic,0,0.1,1.0,predictivity,eu_agreement,0.003448781272578083,0.8888888888888888
heteroscedastic,0,0.1,1.0,predictivity,acquisition_overlap,0.003448781272578083,0.8610354665839312
heteroscedastic,0,0.1,1.0,predictivity,eu_group0,0.003448781272578083,0.8888888888888888
heteroscedastic,0,0.1,1.0,predictivity,eu_group1,0.003448781272578083,0.8888888888888888
heteroscedastic,0,0.1,1.0,predictivity,eu_id,0.003448781272578083,0.8888888888888888
heteroscedastic,0,0.1,1.0,predictivity,eu_heldout,0.003448781272578083,0.8888888888888888
heteroscedastic,0,0.1,1.0,cca_type,eu_agreement,0.001025982547905202,0.856305150653836
heteroscedastic,0,0.1,1.0,cca_type,acquisition_overlap,0.001025982547905202,0.8029853781438303
heteroscedastic,0,0.1,1.0,cca_type,eu_group0,0.001025982547905202,0.856305150653836
heteroscedastic,0,0.1,1.0,cca_type,eu_group1,0.001025982547905202,0.856305150653836
heteroscedastic,0,0.1,1.0,cca_type,eu_id,0.001025982547905202,0.856305150653836
heteroscedastic,0,0.1,1.0,cca_type,eu_heldout,0.001025982547905202,0.856305150653836
heteroscedastic,0,0.1,1.0,smoother_001,eu_agreement,0.050641335734097015,0.7584417048648262
heteroscedastic,0,0.1,1.0,smoother_001,acquisition_overlap,0.050641335734097015,0.7277054989428462
heteroscedastic,0,0.1,1.0,smoother_001,eu_group0,0.050641335734097015,0.7584417048648262
heteroscedastic,0,0.1,1.0,smoother_001,eu_group1,0.050641335734097015,0.7584417048648262
heteroscedastic,0,0.1,1.0,smoother_001,eu_id,0.050641335734097015,0.7584417048648262
heteroscedastic,0,0.1,1.0,smoother_001,eu_heldout,0.050641335734097015,0.7584417048648262
heteroscedastic,0,0.1,1.0,smoother_1,eu_agreement,0.355369521019293,0.9570732259820034
heteroscedastic,0,0.1,1.0,smoother_1,acquisition_overlap,0.355369521019293,0.9312781874397218
heteroscedastic,0,0.1,1.0,smoother_1,eu_group0,0.355369521019293,0.9570732259820034
heteroscedastic,0,0.1,1.0,smoother_1,eu_group1,0.355369521019293,0.9570732259820034
heteroscedastic,0,0.1,1.0,smoother_1,eu_id,0.355369521019293,0.9570732259820034
heteroscedastic,0,0.1,1.0,smoother_1,eu_heldout,0.355369521019293,0.9570732259820034
heteroscedastic,0,1.0,0.1,cka,eu_agreement,0.5606896955269017,0.993883734673619
heteroscedastic,0,1.0,0.1,cka,acquisition_overlap,0.5606896955269017,0.8923457102129048
heteroscedastic,0,1.0,0.1,cka,eu_group0,0.5606896955269017,0.8589118694710287
heteroscedastic,0,1.0,0.1,cka,eu_group1,0.5606896955269017,0.993883734673619
heteroscedastic,0,1.0,0.1,cka,eu_id,0.5606896955269017,0.993883734673619
heteroscedastic,0,1.0,0.1,cka,eu_heldout,0.5606896955269017,0.993883734673619
heteroscedastic,0,1.0,0.1,mknn,eu_agreement,0.7605,1.0
heteroscedastic,0,1.0,0.1,mknn,acquisition_overlap,0.7605,0.8978371202602906
heteroscedastic,0,1.0,0.1,mknn,eu_group0,0.7605,0.8641975308641975
heteroscedastic,0,1.0,0.1,mknn,eu_group1,0.7605,1.0
heteroscedastic,0,1.0,0.1,mknn,eu_id,0.7605,1.0
heteroscedastic,0,1.0,0.1,mknn,eu_heldout,0.7605,1.0
heteroscedastic,0,1.0,0.1,predictivity,eu_agreement,0.003448781272578083,0.8888888888888888
heteroscedastic,0,1.0,0.1,predictivity,acquisition_overlap,0.003448781272578083,0.7987654380246724
heteroscedastic,0,1.0,0.1,predictivity,eu_group0,0.003448781272578083,0.7037037037037037
heteroscedastic,0,1.0,0.1,predictivity,eu_group1,0.003448781272578083,0.8888888888888888
heteroscedastic,0,1.0,0.1,predictivity,eu_id,0.003448781272578083,0.8888888888888888
heteroscedastic,0,1.0,0.1,predictivity,eu_heldout,0.003448781272578083,0.8888888888888888
heteroscedastic,0,1.0,0.1,cca_type,eu_agreement,0.001025982547905202,0.856305150653836
heteroscedastic,0,1.0,0.1,cca_type,acquisition_overlap,0.001025982547905202,0.7055745870108261
heteroscedastic,0,1.0,0.1,cca_type,eu_group0,0.001025982547905202,0.5749477440104327
heteroscedastic,0,1.0,0.1,cca_type,eu_group1,0.001025982547905202,0.856305150653836
heteroscedastic,0,1.0,0.1,cca_type,eu_id,0.001025982547905202,0.856305150653836
heteroscedastic,0,1.0,0.1,cca_type,eu_heldout,0.001025982547905202,0.856305150653836
heteroscedastic,0,1.0,0.1,smoother_001,eu_agreement,0.050641335734097015,0.7584417048648262
heteroscedastic,0,1.0,0.1,smoother_001,acquisition_overlap,0.050641335734097015,0.6687619998624351
heteroscedastic,0,1.0,0.1,smoother_001,eu_group0,0.050641335734097015,0.4770842982214229
heteroscedastic,0,1.0,0.1,smoother_001,eu_group1,0.050641335734097015,0.7584417048648262
heteroscedastic,0,1.0,0.1,smoother_001,eu_id,0.050641335734097015,0.7584417048648262
heteroscedastic,0,1.0,0.1,smoother_001,eu_heldout,0.050641335734097015,0.7584417048648262
heteroscedastic,0,1.0,0.1,smoother_1,eu_agreement,0.355369521019293,0.9570732259820034
heteroscedastic,0,1.0,0.1,smoother_1,acquisition_overlap,0.355369521019293,0.8431128434425377
heteroscedastic,0,1.0,0.1,smoother_1,eu_group0,0.355369521019293,0.7975610216516694
heteroscedastic,0,1.0,0.1,smoother_1,eu_group1,0.355369521019293,0.9570732259820034
heteroscedastic,0,1.0,0.1,smoother_1,eu_id,0.355369521019293,0.9570732259820034
heteroscedastic,0,1.0,0.1,smoother_1,eu_heldout,0.355369521019293,0.9570732259820034
heteroscedastic,0,1.0,0.25,cka,eu_agreement,0.5606896955269017,0.993883734673619
heteroscedastic,0,1.0,0.25,cka,acquisition_overlap,0.5606896955269017,0.9690327085521431
heteroscedastic,0,1.0,0.25,cka,eu_group0,0.5606896955269017,0.993883734673619
heteroscedastic,0,1.0,0.25,cka,eu_group1,0.5606896955269017,0.993883734673619
heteroscedastic,0,1.0,0.25,cka,eu_id,0.5606896955269017,0.993883734673619
heteroscedastic,0,1.0,0.25,cka,eu_heldout,0.5606896955269017,0.993883734673619
heteroscedastic,0,1.0,0.25,mknn,eu_agreement,0.7605,1.0
heteroscedastic,0,1.0,0.25,mknn,acquisition_overlap,0.7605,0.9749960430435691
heteroscedastic,0,1.0,0.25,mknn,eu_group0,0.7605,1.0
heteroscedastic,0,1.0,0.25,mknn,eu_group1,0.7605,1.0
heteroscedastic,0,1.0,0.25,mknn,eu_id,0.7605,1.0
heteroscedastic,0,1.0,0.25,mknn,eu_heldout,0.7605,1.0
heteroscedastic,0,1.0,0.25,predictivity,eu_agreement,0.003448781272578083,0.8888888888888888
heteroscedastic,0,1.0,0.25,predictivity,acquisition_overlap,0.003448781272578083,0.8610354665839312
heteroscedastic,0,1.0,0.25,predictivity,eu_group0,0.003448781272578083,0.8888888888888888
heteroscedastic,0,1.0,0.25,predictivity,eu_group1,0.003448781272578083,0.8888888888888888
heteroscedastic,0,1.0,0.25,predictivity,eu_id,0.003448781272578083,0.8888888888888888
heteroscedastic,0,1.0,0.25,predictivity,eu_heldout,0.003448781272578083,0.8888888888888888
heteroscedastic,0,1.0,0.25,cca_type,eu_agreement,0.001025982547905202,0.856305150653836
heteroscedastic,0,1.0,0.25,cca_type,acquisition_overlap,0.001025982547905202,0.8029853781438303
heteroscedastic,0,1.0,0.25,cca_type,eu_group0,0.001025982547905202,0.856305150653836
heteroscedastic,0,1.0,0.25,cca_type,eu_group1,0.001025982547905202,0.856305150653836
heteroscedastic,0,1.0,0.25,cca_type,eu_id,0.001025982547905202,0.856305150653836
heteroscedastic,0,1.0,0.25,cca_type,eu_heldout,0.001025982547905202,0.856305150653836
heteroscedastic,0,1.0,0.25,smoother_001,eu_agreement,0.050641335734097015,0.7584417048648262
heteroscedastic,0,1.0,0.25,smoother_001,acquisition_overlap,0.050641335734097015,0.7277054989428462
heteroscedastic,0,1.0,0.25,smoother_001,eu_group0,0.050641335734097015,0.7584417048648262
heteroscedastic,0,1.0,0.25,smoother_001,eu_group1,0.050641335734097015,0.7584417048648262
heteroscedastic,0,1.0,0.25,smoother_001,eu_id,0.050641335734097015,0.7584417048648262
heteroscedastic,0,1.0,0.25,smoother_001,eu_heldout,0.050641335734097015,0.7584417048648262
heteroscedastic,0,1.0,0.25,smoother_1,eu_agreement,0.355369521019293,0.9570732259820034
heteroscedastic,0,1.0,0.25,smoother_1,acquisition_overlap,0.355369521019293,0.9312781874397218
heteroscedastic,0,1.0,0.25,smoother_1,eu_group0,0.355369521019293,0.9570732259820034
heteroscedastic,0,1.0,0.25,smoother_1,eu_group1,0.355369521019293,0.9570732259820034
heteroscedastic,0,1.0,0.25,smoother_1,eu_id,0.355369521019293,0.9570732259820034
heteroscedastic,0,1.0,0.25,smoother_1,eu_heldout,0.355369521019293,0.9570732259820034
heteroscedastic,0,1.0,1.0,cka,eu_agreement,0.5606896955269017,0.993883734673619
heteroscedastic,0,1.0,1.0,cka,acquisition_overlap,0.5606896955269017,0.9846381036309488
heteroscedastic,0,1.0,1.0,cka,eu_group0,0.5606896955269017,0.993883734673619
heteroscedastic,0,1.0,1.0,cka,eu_group1,0.5606896955269017,0.993883734673619
heteroscedastic,0,1.0,1.0,cka,eu_id,0.5606896955269017,0.993883734673619
heteroscedastic,0,1.0,1.0,cka,eu_heldout,0.5606896955269017,0.993883734673619
heteroscedastic,0,1.0,1.0,mknn,eu_agreement,0.7605,1.0
heteroscedastic,0,1.0,1.0,mknn,acquisition_overlap,0.7605,0.9906974722292782
heteroscedastic,0,1.0,1.0,mknn,eu_group0,0.7605,1.0
heteroscedastic,0,1.0,1.0,mknn,eu_group1,0.7605,1.0
heteroscedastic,0,1.0,1.0,mknn,eu_id,0.7605,1.0
heteroscedastic,0,1.0,1.0,mknn,eu_heldout,0.7605,1.0
heteroscedastic,0,1.0,1.0,predictivity,eu_agreement,0.003448781272578083,0.8888888888888888
heteroscedastic,0,1.0,1.0,predictivity,acquisition_overlap,0.003448781272578083,0.8785430414108694
heteroscedastic,0,1.0,1.0,predictivity,eu_group0,0.003448781272578083,0.8888888888888888
heteroscedastic,0,1.0,1.0,predictivity,eu_group1,0.003448781272578083,0.8888888888888888
heteroscedastic,0,1.0,1.0,predictivity,eu_id,0.003448781272578083,0.8888888888888888
heteroscedastic,0,1.0,1.0,predictivity,eu_heldout,0.003448781272578083,0.8888888888888888
heteroscedastic,0,1.0,1.0,cca_type,eu_agreement,0.001025982547905202,0.856305150653836
heteroscedastic,0,1.0,1.0,cca_type,acquisition_overlap,0.001025982547905202,0.8828674456704912
heteroscedastic,0,1.0,1.0,cca_type,eu_group0,0.001025982547905202,0.856305150653836
heteroscedastic,0,1.0,1.0,cca_type,eu_group1,0.001025982547905202,0.856305150653836
heteroscedastic,0,1.0,1.0,cca_type,eu_id,0.001025982547905202,0.856305150653836
heteroscedastic,0,1.0,1.0,cca_type,eu_heldout,0.001025982547905202,0.856305150653836
heteroscedastic,0,1.0,1.0,smoother_001,eu_agreement,0.050641335734097015,0.7584417048648262
heteroscedastic,0,1.0,1.0,smoother_001,acquisition_overlap,0.050641335734097015,0.8087806670128277
heteroscedastic,0,1.0,1.0,smoother_001,eu_group0,0.050641335734097015,0.7584417048648262
heteroscedastic,0,1.0,1.0,smoother_001,eu_group1,0.050641335734097015,0.7584417048648262
heteroscedastic,0,1.0,1.0,smoother_001,eu_id,0.050641335734097015,0.7584417048648262
heteroscedastic,0,1.0,1.0,smoother_001,eu_heldout,0.050641335734097015,0.7584417048648262
heteroscedastic,0,1.0,1.0,smoother_1,eu_agreement,0.355369521019293,0.9570732259820034
heteroscedastic,0,1.0,1.0,smoother_1,acquisition_overlap,0.355369521019293,0.9474819487769509
heteroscedastic,0,1.0,1.0,smoother_1,eu_group0,0.355369521019293,0.9570732259820034
heteroscedastic,0,1.0,1.0,smoother_1,eu_group1,0.355369521019293,0.9570732259820034
heteroscedastic,0,1.0,1.0,smoother_1,eu_id,0.355369521019293,0.9570732259820034
heteroscedastic,0,1.0,1.0,smoother_1,eu_heldout,0.355369521019293,0.9570732259820034
heteroscedastic,0,10.0,0.1,cka,eu_agreement,0.5606896955269017,0.993883734673619
heteroscedastic,0,10.0,0.1,cka,acquisition_overlap,0.5606896955269017,0.8957223781626442
heteroscedastic,0,10.0,0.1,cka,eu_group0,0.5606896955269017,0.993883734673619
heteroscedastic,0,10.0,0.1,cka,eu_group1,0.5606896955269017,0.993883734673619
heteroscedastic,0,10.0,0.1,cka,eu_id,0.5606896955269017,0.993883734673619
heteroscedastic,0,10.0,0.1,cka,eu_heldout,0.5606896955269017,0.993883734673619
heteroscedastic,0,10.0,0.1,mknn,eu_agreement,0.7605,1.0
heteroscedastic,0,10.0,0.1,mknn,acquisition_overlap,0.7605,0.9012345679012346
heteroscedastic,0,10.0,0.1,mknn,eu_group0,0.7605,1.0
heteroscedastic,0,10.0,0.1,mknn,eu_group1,0.7605,1.0
heteroscedastic,0,10.0,0.1,mknn,eu_id,0.7605,1.0
heteroscedastic,0,10.0,0.1,mknn,eu_heldout,0.7605,1.0
heteroscedastic,0,10.0,0.1,predictivity,eu_agreement,0.003448781272578083,0.8888888888888888
heteroscedastic,0,10.0,0.1,predictivity,acquisition_overlap,0.003448781272578083,0.7901234567901234
heteroscedastic,0,10.0,0.1,predictivity,eu_group0,0.003448781272578083,0.8888888888888888
heteroscedastic,0,10.0,0.1,predictivity,eu_group1,0.003448781272578083,0.8888888888888888
heteroscedastic,0,10.0,0.1,predictivity,eu_id,0.003448781272578083,0.8888888888888888
heteroscedastic,0,10.0,0.1,predictivity,eu_heldout,0.003448781272578083,0.8888888888888888
heteroscedastic,0,10.0,0.1,cca_type,eu_agreement,0.001025982547905202,0.856305150653836
heteroscedastic,0,10.0,0.1,cca_type,acquisition_overlap,0.001025982547905202,0.7095099819703212
heteroscedastic,0,10.0,0.1,cca_type,eu_group0,0.001025982547905202,0.856305150653836
heteroscedastic,0,10.0,0.1,cca_type,eu_group1,0.001025982547905202,0.856305150653836
heteroscedastic,0,10.0,0.1,cca_type,eu_id,0.001025982547905202,0.856305150653836
heteroscedastic,0,10.0,0.1,cca_type,eu_heldout,0.001025982547905202,0.856305150653836
heteroscedastic,0,10.0,0.1,smoother_001,eu_agreement,0.050641335734097015,0.7584417048648262
heteroscedastic,0,10.0,0.1,smoother_001,acquisition_overlap,0.050641335734097015,0.6605782590758164
heteroscedastic,0,10.0,0.1,smoother_001,eu_group0,0.050641335734097015,0.7584417048648262
heteroscedastic,0,10.0,0.1,smoother_001,eu_group1,0.050641335734097015,0.7584417048648262
heteroscedastic,0,10.0,0.1,smoother_001,eu_id,0.050641335734097015,0.7584417048648262
heteroscedastic,0,10.0,0.1,smoother_001,eu_heldout,0.050641335734097015,0.7584417048648262
heteroscedastic,0,10.0,0.1,smoother_1,eu_agreement,0.355369521019293,0.9570732259820034
heteroscedastic,0,10.0,0.1,smoother_1,acquisition_overlap,0.355369521019293,0.8589118694710287
heteroscedastic,0,10.0,0.1,smoother_1,eu_group0,0.355369521019293,0.9570732259820034
heteroscedastic,0,10.0,0.1,smoother_1,eu_group1,0.355369521019293,0.9570732259820034
heteroscedastic,0,10.0,0.1,smoother_1,eu_id,0.355369521019293,0.9570732259820034
heteroscedastic,0,10.0,0.1,smoother_1,eu_heldout,0.355369521019293,0.9570732259820034
heteroscedastic,0,10.0,0.25,cka,eu_agreement,0.5606896955269017,0.993883734673619
heteroscedastic,0,10.0,0.25,cka,acquisition_overlap,0.5606896955269017,0.993883734673619
heteroscedastic,0,10.0,0.25,cka,eu_group0,0.5606896955269017,0.993883734673619
heteroscedastic,0,10.0,0.25,cka,eu_group1,0.5606896955269017,0.993883734673619
heteroscedastic,0,10.0,0.25,cka,eu_id,0.5606896955269017,0.993883734673619
heteroscedastic,0,10.0,0.25,cka,eu_heldout,0.5606896955269017,0.993883734673619
heteroscedastic,0,10.0,0.25,mknn,eu_agreement,0.7605,1.0
heteroscedastic,0,10.0,0.25,mknn,acquisition_overlap,0.7605,1.0
heteroscedastic,0,10.0,0.25,mknn,eu_group0,0.7605,1.0
heteroscedastic,0,10.0,0.25,mknn,eu_group1,0.7605,1.0
heteroscedastic,0,10.0,0.25,mknn,eu_id,0.7605,1.0
heteroscedastic,0,10.0,0.25,mknn,eu_heldout,0.7605,1.0
heteroscedastic,0,10.0,0.25,predictivity,eu_agreement,0.003448781272578083,0.8888888888888888
heteroscedastic,0,10.0,0.25,predictivity,acquisition_overlap,0.003448781272578083,0.8888888888888888
heteroscedastic,0,10.0,0.25,predictivity,eu_group0,0.003448781272578083,0.8888888888888888
heteroscedastic,0,10.0,0.25,predictivity,eu_group1,0.003448781272578083,0.8888888888888888
heteroscedastic,0,10.0,0.25,predictivity,eu_id,0.003448781272578083,0.8888888888888888
heteroscedastic,0,10.0,0.25,predictivity,eu_heldout,0.003448781272578083,0.8888888888888888
heteroscedastic,0,10.0,0.25,cca_type,eu_agreement,0.001025982547905202,0.856305150653836
heteroscedastic,0,10.0,0.25,cca_type,acquisition_overlap,0.001025982547905202,0.856305150653836
heteroscedastic,0,10.0,0.25,cca_type,eu_group0,0.001025982547905202,0.856305150653836
heteroscedastic,0,10.0,0.25,cca_type,eu_group1,0.001025982547905202,0.856305150653836
heteroscedastic,0,10.0,0.25,cca_type,eu_id,0.001025982547905202,0.856305150653836
heteroscedastic,0,10.0,0.25,cca_type,eu_heldout,0.001025982547905202,0.856305150653836
heteroscedastic,0,10.0,0.25,smoother_001,eu_agreement,0.050641335734097015,0.7584417048648262
heteroscedastic,0,10.0,0.25,smoother_001,acquisition_overlap,0.050641335734097015,0.7584417048648262
heteroscedastic,0,10.0,0.25,smoother_001,eu_group0,0.050641335734097015,0.7584417048648262
heteroscedastic,0,10.0,0.25,smoother_001,eu_group1,0.050641335734097015,0.7584417048648262
heteroscedastic,0,10.0,0.25,smoother_001,eu_id,0.050641335734097015,0.7584417048648262
heteroscedastic,0,10.0,0.25,smoother_001,eu_heldout,0.050641335734097015,0.7584417048648262
heteroscedastic,0,10.0,0.25,smoother_1,eu_agreement,0.355369521019293,0.9570732259820034
heteroscedastic,0,10.0,0.25,smoother_1,acquisition_overlap,0.355369521019293,0.9570732259820034
heteroscedastic,0,10.0,0.25,smoother_1,eu_group0,0.355369521019293,0.9570732259820034
heteroscedastic,0,10.0,0.25,smoother_1,eu_group1,0.355369521019293,0.9570732259820034
heteroscedastic,0,10.0,0.25,smoother_1,eu_id,0.355369521019293,0.9570732259820034
heteroscedastic,0,10.0,0.25,smoother_1,eu_heldout,0.355369521019293,0.9570732259820034
heteroscedastic,0,10.0,1.0,cka,eu_agreement,0.5606896955269017,0.993883734673619
heteroscedastic,0,10.0,1.0,cka,acquisition_overlap,0.5606896955269017,0.9227111788742854
heteroscedastic,0,10.0,1.0,cka,eu_group0,0.5606896955269017,0.993883734673619
heteroscedastic,0,10.0,1.0,cka,eu_group1,0.5606896955269017,0.993883734673619
heteroscedastic,0,10.0,1.0,cka,eu_id,0.5606896955269017,0.993883734673619
heteroscedastic,0,10.0,1.0,cka,eu_heldout,0.5606896955269017,0.993883734673619
heteroscedastic,0,10.0,1.0,mknn,eu_agreement,0.7605,1.0
heteroscedastic,0,10.0,1.0,mknn,acquisition_overlap,0.7605,0.9283894551079399
heteroscedastic,0,10.0,1.0,mknn,eu_group0,0.7605,1.0
heteroscedastic,0,10.0,1.0,mknn,eu_group1,0.7605,1.0
heteroscedastic,0,10.0,1.0,mknn,eu_id,0.7605,1.0
heteroscedastic,0,10.0,1.0,mknn,eu_heldout,0.7605,1.0
heteroscedastic,0,10.0,1.0,predictivity,eu_agreement,0.003448781272578083,0.8888888888888888
heteroscedastic,0,10.0,1.0,predictivity,acquisition_overlap,0.003448781272578083,0.8162350242895311
heteroscedastic,0,10.0,1.0,predictivity,eu_group0,0.003448781272578083,0.8888888888888888
heteroscedastic,0,10.0,1.0,predictivity,eu_group1,0.003448781272578083,0.8888888888888888
heteroscedastic,0,10.0,1.0,predictivity,eu_id,0.003448781272578083,0.8888888888888888
heteroscedastic,0,10.0,1.0,predictivity,eu_heldout,0.003448781272578083,0.8888888888888888
heteroscedastic,0,10.0,1.0,cca_type,eu_agreement,0.001025982547905202,0.856305150653836
heteroscedastic,0,10.0,1.0,cca_type,acquisition_overlap,0.001025982547905202,0.8828674456704912
heteroscedastic,0,10.0,1.0,cca_type,eu_group0,0.001025982547905202,0.856305150653836
heteroscedastic,0,10.0,1.0,cca_type,eu_group1,0.001025982547905202,0.856305150653836
heteroscedastic,0,10.0,1.0,cca_type,eu_id,0.001025982547905202,0.856305150653836
heteroscedastic,0,10.0,1.0,cca_type,eu_heldout,0.001025982547905202,0.856305150653836
heteroscedastic,0,10.0,1.0,smoother_001,eu_agreement,0.050641335734097015,0.7584417048648262
heteroscedastic,0,10.0,1.0,smoother_001,acquisition_overlap,0.050641335734097015,0.8705196492275473
heteroscedastic,0,10.0,1.0,smoother_001,eu_group0,0.050641335734097015,0.7584417048648262
heteroscedastic,0,10.0,1.0,smoother_001,eu_group1,0.050641335734097015,0.7584417048648262
heteroscedastic,0,10.0,1.0,smoother_001,eu_id,0.050641335734097015,0.7584417048648262
heteroscedastic,0,10.0,1.0,smoother_001,eu_heldout,0.050641335734097015,0.7584417048648262
heteroscedastic,0,10.0,1.0,smoother_1,eu_agreement,0.355369521019293,0.9570732259820034
heteroscedastic,0,10.0,1.0,smoother_1,acquisition_overlap,0.355369521019293,0.8855550240202874
heteroscedastic,0,10.0,1.0,smoother_1,eu_group0,0.355369521019293,0.9570732259820034
heteroscedastic,0,10.0,1.0,smoother_1,eu_group1,0.355369521019293,0.9570732259820034
heteroscedastic,0,10.0,1.0,smoother_1,eu_id,0.355369521019293,0.9570732259820034
heteroscedastic,0,10.0,1.0,smoother_1,eu_heldout,0.355369521019293,0.9570732259820034
heteroscedastic,1,0.1,0.1,cka,eu_agreement,0.6517876228848145,0.6605782590758164
heteroscedastic,1,0.1,0.1,cka,acquisition_overlap,0.6517876228848145,0.3302891295379082
heteroscedastic,1,0.1,0.1,cka,eu_group0,0.6517876228848145,0.6605782590758164
heteroscedastic,1,0.1,0.1,cka,eu_group1,0.6517876228848145,0.6605782590758164
heteroscedastic,1,0.1,0.1,cka,eu_id,0.6517876228848145,0.7584417048648262
heteroscedastic,1,0.1,0.1,cka,eu_heldout,0.6517876228848145,0.6728111897994424
heteroscedastic,1,0.1,0.1,mknn,eu_agreement,0.78,0.8148148148148148
heteroscedastic,1,0.1,0.1,mknn,acquisition_overlap,0.78,0.6049382716049382
heteroscedastic,1,0.1,0.1,mknn,eu_group0,0.78,0.8148148148148148
heteroscedastic,1,0.1,0.1,mknn,eu_group1,0.78,0.8148148148148148
heteroscedastic,1,0.1,0.1,mknn,eu_id,0.78,0.7160493827160493
heteroscedastic,1,0.1,0.1,mknn,eu_heldout,0.78,0.802469135802469
heteroscedastic,1,0.1,0.1,predictivity,eu_agreement,0.006087073313743252,0.8246192881478813
heteroscedastic,1,0.1,0.1,predictivity,acquisition_overlap,0.006087073313743252,0.5046177733442259
heteroscedastic,1,0.1,0.1,predictivity,eu_group0,0.006087073313743252,0.8246192881478813
heteroscedastic,1,0.1,0.1,predictivity,eu_group1,0.006087073313743252,0.8246192881478813
heteroscedastic,1,0.1,0.1,predictivity,eu_id,0.006087073313743252,0.9230812927028521
heteroscedastic,1,0.1,0.1,predictivity,eu_heldout,0.006087073313743252,0.7753882858703959
heteroscedastic,1,0.1,0.1,cca_type,eu_agreement,0.0013654787411976343,0.807373427759331
heteroscedastic,1,0.1,0.1,cca_type,acquisition_overlap,0.0013654787411976343,0.6238794669049376
heteroscedastic,1,0.1,0.1,cca_type,eu_group0,0.0013654787411976343,0.807373427759331
heteroscedastic,1,0.1,0.1,cca_type,eu_group1,0.0013654787411976343,0.807373427759331
heteroscedastic,1,0.1,0.1,cca_type,eu_id,0.0013654787411976343,0.9541685964428458
heteroscedastic,1,0.1,0.1,cca_type,eu_heldout,0.0013654787411976343,0.7706746355884525
heteroscedastic,1,0.1,0.1,smoother_001,eu_agreement,0.0426538893384365,0.7654320987654321
heteroscedastic,1,0.1,0.1,smoother_001,acquisition_overlap,0.0426538893384365,0.6172839506172839
heteroscedastic,1,0.1,0.1,smoother_001,eu_group0,0.0426538893384365,0.7654320987654321
heteroscedastic,1,0.1,0.1,smoother_001,eu_group1,0.0426538893384365,0.7654320987654321
heteroscedastic,1,0.1,0.1,smoother_001,eu_id,0.0426538893384365,0.8641975308641975
heteroscedastic,1,0.1,0.1,smoother_001,eu_heldout,0.0426538893384365,0.691358024691358
heteroscedastic,1,0.1,0.1,smoother_1,eu_agreement,0.4023710666482262,0.7876960364397672
heteroscedastic,1,0.1,0.1,smoother_1,acquisition_overlap,0.4023710666482262,0.4676945216361118
heteroscedastic,1,0.1,0.1,smoother_1,eu_group0,0.4023710666482262,0.7876960364397672
heteroscedastic,1,0.1,0.1,smoother_1,eu_group1,0.4023710666482262,0.7876960364397672
heteroscedastic,1,0.1,0.1,smoother_1,eu_id,0.4023710666482262,0.886158040994738
heteroscedastic,1,0.1,0.1,smoother_1,eu_heldout,0.4023710666482262,0.7384650341622817
heteroscedastic,1,0.1,0.25,cka,eu_agreement,0.6517876228848145,0.6605782590758164
heteroscedastic,1,0.1,0.25,cka,acquisition_overlap,0.6517876228848145,0.6687619998624351
heteroscedastic,1,0.1,0.25,cka,eu_group0,0.6517876228848145,0.6605782590758164
heteroscedastic,1,0.1,0.25,cka,eu_group1,0.6517876228848145,0.6605782590758164
heteroscedastic,1,0.1,0.25,cka,eu_id,0.6517876228848145,0.7584417048648262
heteroscedastic,1,0.1,0.25,cka,eu_heldout,0.6517876228848145,0.6605782590758164
heteroscedastic,1,0.1,0.25,mknn,eu_agreement,0.78,0.8148148148148148
heteroscedastic,1,0.1,0.25,mknn,acquisition_overlap,0.78,0.8111493983041247
heteroscedastic,1,0.1,0.25,mknn,eu_group0,0.78,0.8148148148148148
heteroscedastic,1,0.1,0.25,mknn,eu_group1,0.78,0.8148148148148148
heteroscedastic,1,0.1,0.25,mknn,eu_id,0.78,0.7160493827160493
heteroscedastic,1,0.1,0.25,mknn,eu_heldout,0.78,0.8148148148148148
heteroscedastic,1,0.1,0.25,predictivity,eu_agreement,0.006087073313743252,0.8246192881478813
heteroscedastic,1,0.1,0.25,predictivity,acquisition_overlap,0.006087073313743252,0.8024844248603388
heteroscedastic,1,0.1,0.25,predictivity,eu_group0,0.006087073313743252,0.8246192881478813
heteroscedastic,1,0.1,0.25,predictivity,eu_group1,0.006087073313743252,0.8246192881478813
heteroscedastic,1,0.1,0.25,predictivity,eu_id,0.006087073313743252,0.9230812927028521
heteroscedastic,1,0.1,0.25,predictivity,eu_heldout,0.006087073313743252,0.8246192881478813
heteroscedastic,1,0.1,0.25,cca_type,eu_agreement,0.0013654787411976343,0.807373427759331
heteroscedastic,1,0.1,0.25,cca_type,acquisition_overlap,0.0013654787411976343,0.7914706236904049
heteroscedastic,1,0.1,0.25,cca_type,eu_group0,0.0013654787411976343,0.807373427759331
heteroscedastic,1,0.1,0.25,cca_type,eu_group1,0.0013654787411976343,0.807373427759331
heteroscedastic,1,0.1,0.25,cca_type,eu_id,0.0013654787411976343,0.9541685964428458
heteroscedastic,1,0.1,0.25,cca_type,eu_heldout,0.0013654787411976343,0.807373427759331
heteroscedastic,1,0.1,0.25,smoother_001,eu_agreement,0.0426538893384365,0.7654320987654321
heteroscedastic,1,0.1,0.25,smoother_001,acquisition_overlap,0.0426538893384365,0.7306536564876849
heteroscedastic,1,0.1,0.25,smoother_001,eu_group0,0.0426538893384365,0.7654320987654321
heteroscedastic,1,0.1,0.25,smoother_001,eu_group1,0.0426538893384365,0.7654320987654321
heteroscedastic,1,0.1,0.25,smoother_001,eu_id,0.0426538893384365,0.8641975308641975
heteroscedastic,1,0.1,0.25,smoother_001,eu_heldout,0.0426538893384365,0.7654320987654321
heteroscedastic,1,0.1,0.25,smoother_1,eu_agreement,0.4023710666482262,0.7876960364397672
heteroscedastic,1,0.1,0.25,smoother_1,acquisition_overlap,0.4023710666482262,0.7654466821744771
heteroscedastic,1,0.1,0.25,smoother_1,eu_group0,0.4023710666482262,0.7876960364397672
heteroscedastic,1,0.1,0.25,smoother_1,eu_group1,0.4023710666482262,0.7876960364397672
heteroscedastic,1,0.1,0.25,smoother_1,eu_id,0.4023710666482262,0.886158040994738
heteroscedastic,1,0.1,0.25,smoother_1,eu_heldout,0.4023710666482262,0.7876960364397672
heteroscedastic,1,0.1,1.0,cka,eu_agreement,0.6517876228848145,0.697277051246695
heteroscedastic,1,0.1,1.0,cka,acquisition_overlap,0.6517876228848145,0.697277051246695
heteroscedastic,1,0.1,1.0,cka,eu_group0,0.6517876228848145,0.697277051246695
heteroscedastic,1,0.1,1.0,cka,eu_group1,0.6517876228848145,0.7584417048648262
heteroscedastic,1,0.1,1.0,cka,eu_id,0.6517876228848145,0.7584417048648262
heteroscedastic,1,0.1,1.0,cka,eu_heldout,0.6517876228848145,0.7951404970357048
heteroscedastic,1,0.1,1.0,mknn,eu_agreement,0.78,0.9012345679012346
heteroscedastic,1,0.1,1.0,mknn,acquisition_overlap,0.78,0.9012345679012346
heteroscedastic,1,0.1,1.0,mknn,eu_group0,0.78,0.9012345679012346
heteroscedastic,1,0.1,1.0,mknn,eu_group1,0.78,0.7160493827160493
heteroscedastic,1,0.1,1.0,mknn,eu_id,0.78,0.7160493827160493
heteroscedastic,1,0.1,1.0,mknn,eu_heldout,0.78,0.802469135802469
heteroscedastic,1,0.1,1.0,predictivity,eu_agreement,0.006087073313743252,0.7876960364397672
heteroscedastic,1,0.1,1.0,predictivity,acquisition_overlap,0.006087073313743252,0.7876960364397672
heteroscedastic,1,0.1,1.0,predictivity,eu_group0,0.006087073313743252,0.7876960364397672
heteroscedastic,1,0.1,1.0,predictivity,eu_group1,0.006087073313743252,0.9230812927028521
heteroscedastic,1,0.1,1.0,predictivity,eu_id,0.006087073313743252,0.9230812927028521
heteroscedastic,1,0.1,1.0,predictivity,eu_heldout,0.006087073313743252,0.886158040994738
heteroscedastic,1,0.1,1.0,cca_type,eu_agreement,0.0013654787411976343,0.7706746355884525
heteroscedastic,1,0.1,1.0,cca_type,acquisition_overlap,0.0013654787411976343,0.7706746355884525
heteroscedastic,1,0.1,1.0,cca_type,eu_group0,0.0013654787411976343,0.7706746355884525
heteroscedastic,1,0.1,1.0,cca_type,eu_group1,0.0013654787411976343,0.9541685964428458
heteroscedastic,1,0.1,1.0,cca_type,eu_id,0.0013654787411976343,0.9541685964428458
heteroscedastic,1,0.1,1.0,cca_type,eu_heldout,0.0013654787411976343,0.917469804271967
heteroscedastic,1,0.1,1.0,smoother_001,eu_agreement,0.0426538893384365,0.7037037037037037
heteroscedastic,1,0.1,1.0,smoother_001,acquisition_overlap,0.0426538893384365,0.7037037037037037
heteroscedastic,1,0.1,1.0,smoother_001,eu_group0,0.0426538893384365,0.7037037037037037
heteroscedastic,1,0.1,1.0,smoother_001,eu_group1,0.0426538893384365,0.8641975308641975
heteroscedastic,1,0.1,1.0,smoother_001,eu_id,0.0426538893384365,0.8641975308641975
heteroscedastic,1,0.1,1.0,smoother_001,eu_heldout,0.0426538893384365,0.802469135802469
heteroscedastic,1,0.1,1.0,smoother_1,eu_agreement,0.4023710666482262,0.8246192881478813
heteroscedastic,1,0.1,1.0,smoother_1,acquisition_overlap,0.4023710666482262,0.8246192881478813
heteroscedastic,1,0.1,1.0,smoother_1,eu_group0,0.4023710666482262,0.8246192881478813
heteroscedastic,1,0.1,1.0,smoother_1,eu_group1,0.4023710666482262,0.886158040994738
heteroscedastic,1,0.1,1.0,smoother_1,eu_id,0.4023710666482262,0.886158040994738
heteroscedastic,1,0.1,1.0,smoother_1,eu_heldout,0.4023710666482262,0.9230812927028521
heteroscedastic,1,1.0,0.1,cka,eu_agreement,0.6517876228848145,0.6605782590758164
heteroscedastic,1,1.0,0.1,cka,acquisition_overlap,0.6517876228848145,0.7539048125497749
heteroscedastic,1,1.0,0.1,cka,eu_group0,0.6517876228848145,0.697277051246695
heteroscedastic,1,1.0,0.1,cka,eu_group1,0.6517876228848145,0.6605782590758164
heteroscedastic,1,1.0,0.1,cka,eu_id,0.6517876228848145,0.6605782590758164
heteroscedastic,1,1.0,0.1,cka,eu_heldout,0.6517876228848145,0.7584417048648262
heteroscedastic,1,1.0,0.1,mknn,eu_agreement,0.78,0.8148148148148148
heteroscedastic,1,1.0,0.1,mknn,acquisition_overlap,0.78,0.8375781025771679
heteroscedastic,1,1.0,0.1,mknn,eu_group0,0.78,0.9012345679012346
heteroscedastic,1,1.0,0.1,mknn,eu_group1,0.78,0.8148148148148148
heteroscedastic,1,1.0,0.1,mknn,eu_id,0.78,0.8148148148148148
heteroscedastic,1,1.0,0.1,mknn,eu_heldout,0.78,0.7160493827160493
heteroscedastic,1,1.0,0.1,predictivity,eu_agreement,0.006087073313743252,0.8246192881478813
heteroscedastic,1,1.0,0.1,predictivity,acquisition_overlap,0.006087073313743252,0.8859975570328255
heteroscedastic,1,1.0,0.1,predictivity,eu_group0,0.006087073313743252,0.7876960364397672
heteroscedastic,1,1.0,0.1,predictivity,eu_group1,0.006087073313743252,0.8246192881478813
heteroscedastic,1,1.0,0.1,predictivity,eu_id,0.006087073313743252,0.8246192881478813
heteroscedastic,1,1.0,0.1,predictivity,eu_heldout,0.006087073313743252,0.9230812927028521
heteroscedastic,1,1.0,0.1,cca_type,eu_agreement,0.0013654787411976343,0.807373427759331
heteroscedastic,1,1.0,0.1,cca_type,acquisition_overlap,0.0013654787411976343,0.8932821728530947
heteroscedastic,1,1.0,0.1,cca_type,eu_group0,0.0013654787411976343,0.7706746355884525
heteroscedastic,1,1.0,0.1,cca_type,eu_group1,0.0013654787411976343,0.807373427759331
heteroscedastic,1,1.0,0.1,cca_type,eu_id,0.0013654787411976343,0.807373427759331
heteroscedastic,1,1.0,0.1,cca_type,eu_heldout,0.0013654787411976343,0.9541685964428458
heteroscedastic,1,1.0,0.1,smoother_001,eu_agreement,0.0426538893384365,0.7654320987654321
heteroscedastic,1,1.0,0.1,smoother_001,acquisition_overlap,0.0426538893384365,0.8120031986816819
heteroscedastic,1,1.0,0.1,smoother_001,eu_group0,0.0426538893384365,0.7037037037037037
heteroscedastic,1,1.0,0.1,smoother_001,eu_group1,0.0426538893384365,0.7654320987654321
heteroscedastic,1,1.0,0.1,smoother_001,eu_id,0.0426538893384365,0.7654320987654321
heteroscedastic,1,1.0,0.1,smoother_001,eu_heldout,0.0426538893384365,0.8641975308641975
heteroscedastic,1,1.0,0.1,smoother_1,eu_agreement,0.4023710666482262,0.7876960364397672
heteroscedastic,1,1.0,0.1,smoother_1,acquisition_overlap,0.4023710666482262,0.8859975570328255
heteroscedastic,1,1.0,0.1,smoother_1,eu_group0,0.4023710666482262,0.8246192881478813
heteroscedastic,1,1.0,0.1,smoother_1,eu_group1,0.4023710666482262,0.7876960364397672
heteroscedastic,1,1.0,0.1,smoother_1,eu_id,0.4023710666482262,0.7876960364397672
heteroscedastic,1,1.0,0.1,smoother_1,eu_heldout,0.4023710666482262,0.886158040994738
heteroscedastic,1,1.0,0.25,cka,eu_agreement,0.6517876228848145,0.697277051246695
heteroscedastic,1,1.0,0.25,cka,acquisition_overlap,0.6517876228848145,0.697277051246695
heteroscedastic,1,1.0,0.25,cka,eu_group0,0.6517876228848145,0.697277051246695
heteroscedastic,1,1.0,0.25,cka,eu_group1,0.6517876228848145,0.6605782590758164
heteroscedastic,1,1.0,0.25,cka,eu_id,0.6517876228848145,0.6605782590758164
heteroscedastic,1,1.0,0.25,cka,eu_heldout,0.6517876228848145,0.697277051246695
heteroscedastic,1,1.0,0.25,mknn,eu_agreement,0.78,0.9012345679012346
heteroscedastic,1,1.0,0.25,mknn,acquisition_overlap,0.78,0.9012345679012346
heteroscedastic,1,1.0,0.25,mknn,eu_group0,0.78,0.9012345679012346
heteroscedastic,1,1.0,0.25,mknn,eu_group1,0.78,0.8148148148148148
heteroscedastic,1,1.0,0.25,mknn,eu_id,0.78,0.8148148148148148
heteroscedastic,1,1.0,0.25,mknn,eu_heldout,0.78,0.9012345679012346
heteroscedastic,1,1.0,0.25,predictivity,eu_agreement,0.006087073313743252,0.7876960364397672
heteroscedastic,1,1.0,0.25,predictivity,acquisition_overlap,0.006087073313743252,0.7876960364397672
heteroscedastic,1,1.0,0.25,predictivity,eu_group0,0.006087073313743252,0.7876960364397672
heteroscedastic,1,1.0,0.25,predictivity,eu_group1,0.006087073313743252,0.8246192881478813
heteroscedastic,1,1.0,0.25,predictivity,eu_id,0.006087073313743252,0.8246192881478813
heteroscedastic,1,1.0,0.25,predictivity,eu_heldout,0.006087073313743252,0.7876960364397672
heteroscedastic,1,1.0,0.25,cca_type,eu_agreement,0.0013654787411976343,0.7706746355884525
heteroscedastic,1,1.0,0.25,cca_type,acquisition_overlap,0.0013654787411976343,0.7706746355884525
heteroscedastic,1,1.0,0.25,cca_type,eu_group0,0.0013654787411976343,0.7706746355884525
heteroscedastic,1,1.0,0.25,cca_type,eu_group1,0.0013654787411976343,0.807373427759331
heteroscedastic,1,1.0,0.25,cca_type,eu_id,0.0013654787411976343,0.807373427759331
heteroscedastic,1,1.0,0.25,cca_type,eu_heldout,0.0013654787411976343,0.7706746355884525
heteroscedastic,1,1.0,0.25,smoother_001,eu_agreement,0.0426538893384365,0.7037037037037037
heteroscedastic,1,1.0,0.25,smoother_001,acquisition_overlap,0.0426538893384365,0.7037037037037037
heteroscedastic,1,1.0,0.25,smoother_001,eu_group0,0.0426538893384365,0.7037037037037037
heteroscedastic,1,1.0,0.25,smoother_001,eu_group1,0.0426538893384365,0.7654320987654321
heteroscedastic,1,1.0,0.25,smoother_001,eu_id,0.0426538893384365,0.7654320987654321
heteroscedastic,1,1.0,0.25,smoother_001,eu_heldout,0.0426538893384365,0.7037037037037037
heteroscedastic,1,1.0,0.25,smoother_1,eu_agreement,0.4023710666482262,0.8246192881478813
heteroscedastic,1,1.0,0.25,smoother_1,acquisition_overlap,0.4023710666482262,0.8246192881478813
heteroscedastic,1,1.0,0.25,smoother_1,eu_group0,0.4023710666482262,0.8246192881478813
heteroscedastic,1,1.0,0.25,smoother_1,eu_group1,0.4023710666482262,0.7876960364397672
heteroscedastic,1,1.0,0.25,smoother_1,eu_id,0.4023710666482262,0.7876960364397672
heteroscedastic,1,1.0,0.25,smoother_1,eu_heldout,0.4023710666482262,0.8246192881478813
heteroscedastic,1,1.0,1.0,cka,eu_agreement,0.6517876228848145,0.7584417048648262
heteroscedastic,1,1.0,1.0,cka,acquisition_overlap,0.6517876228848145,0.6729549061404445
heteroscedastic,1,1.0,1.0,cka,eu_group0,0.6517876228848145,0.7951404970357048
heteroscedastic,1,1.0,1.0,cka,eu_group1,0.6517876228848145,0.7584417048648262
heteroscedastic,1,1.0,1.0,cka,eu_id,0.6517876228848145,0.7584417048648262
heteroscedastic,1,1.0,1.0,cka,eu_heldout,0.6517876228848145,0.7951404970357048
heteroscedastic,1,1.0,1.0,mknn,eu_agreement,0.78,0.7160493827160493
heteroscedastic,1,1.0,1.0,mknn,acquisition_overlap,0.78,0.9283894551079399
heteroscedastic,1,1.0,1.0,mknn,eu_group0,0.78,0.802469135802469
heteroscedastic,1,1.0,1.0,mknn,eu_group1,0.78,0.7160493827160493
heteroscedastic,1,1.0,1.0,mknn,eu_id,0.78,0.7160493827160493
heteroscedastic,1,1.0,1.0,mknn,eu_heldout,0.78,0.802469135802469
heteroscedastic,1,1.0,1.0,predictivity,eu_agreement,0.006087073313743252,0.9230812927028521
heteroscedastic,1,1.0,1.0,predictivity,acquisition_overlap,0.006087073313743252,0.788880746204436
heteroscedastic,1,1.0,1.0,predictivity,eu_group0,0.006087073313743252,0.886158040994738
heteroscedastic,1,1.0,1.0,predictivity,eu_group1,0.006087073313743252,0.9230812927028521
heteroscedastic,1,1.0,1.0,predictivity,eu_id,0.006087073313743252,0.9230812927028521
heteroscedastic,1,1.0,1.0,predictivity,eu_heldout,0.006087073313743252,0.886158040994738
heteroscedastic,1,1.0,1.0,cca_type,eu_agreement,0.0013654787411976343,0.9541685964428458
heteroscedastic,1,1.0,1.0,cca_type,acquisition_overlap,0.0013654787411976343,0.6976504990263324
heteroscedastic,1,1.0,1.0,cca_type,eu_group0,0.0013654787411976343,0.917469804271967
heteroscedastic,1,1.0,1.0,cca_type,eu_group1,0.0013654787411976343,0.9541685964428458
heteroscedastic,1,1.0,1.0,cca_type,eu_id,0.0013654787411976343,0.9541685964428458
heteroscedastic,1,1.0,1.0,cca_type,eu_heldout,0.0013654787411976343,0.917469804271967
heteroscedastic,1,1.0,1.0,smoother_001,eu_agreement,0.0426538893384365,0.8641975308641975
heteroscedastic,1,1.0,1.0,smoother_001,acquisition_overlap,0.0426538893384365,0.6916189900468547
heteroscedastic,1,1.0,1.0,smoother_001,eu_group0,0.0426538893384365,0.802469135802469
heteroscedastic,1,1.0,1.0,smoother_001,eu_group1,0.0426538893384365,0.8641975308641975
heteroscedastic,1,1.0,1.0,smoother_001,eu_id,0.0426538893384365,0.8641975308641975
heteroscedastic,1,1.0,1.0,smoother_001,eu_heldout,0.0426538893384365,0.802469135802469
heteroscedastic,1,1.0,1.0,smoother_1,eu_agreement,0.4023710666482262,0.886158040994738
heteroscedastic,1,1.0,1.0,smoother_1,acquisition_overlap,0.4023710666482262,0.8509973403937617
heteroscedastic,1,1.0,1.0,smoother_1,eu_group0,0.4023710666482262,0.9230812927028521
heteroscedastic,1,1.0,1.0,smoother_1,eu_group1,0.4023710666482262,0.886158040994738
heteroscedastic,1,1.0,1.0,smoother_1,eu_id,0.4023710666482262,0.886158040994738
heteroscedastic,1,1.0,1.0,smoother_1,eu_heldout,0.4023710666482262,0.9230812927028521
heteroscedastic,1,10.0,0.1,cka,eu_agreement,0.6517876228848145,0.7584417048648262
heteroscedastic,1,10.0,0.1,cka,acquisition_overlap,0.6517876228848145,0.6976504990263324
heteroscedastic,1,10.0,0.1,cka,eu_group0,0.6517876228848145,0.7584417048648262
heteroscedastic,1,10.0,0.1,cka,eu_group1,0.6517876228848145,0.7584417048648262
heteroscedastic,1,10.0,0.1,cka,eu_id,0.6517876228848145,0.7584417048648262
heteroscedastic,1,10.0,0.1,cka,eu_heldout,0.6517876228848145,0.7584417048648262
heteroscedastic,1,10.0,0.1,mknn,eu_agreement,0.78,0.7160493827160493
heteroscedastic,1,10.0,0.1,mknn,acquisition_overlap,0.78,0.6542341797740517
heteroscedastic,1,10.0,0.1,mknn,eu_group0,0.78,0.7160493827160493
heteroscedastic,1,10.0,0.1,mknn,eu_group1,0.78,0.7160493827160493
heteroscedastic,1,10.0,0.1,mknn,eu_id,0.78,0.7160493827160493
heteroscedastic,1,10.0,0.1,mknn,eu_heldout,0.78,0.7160493827160493
heteroscedastic,1,10.0,0.1,predictivity,eu_agreement,0.006087073313743252,0.9230812927028521
heteroscedastic,1,10.0,0.1,predictivity,acquisition_overlap,0.006087073313743252,0.9131139345830873
heteroscedastic,1,10.0,0.1,predictivity,eu_group0,0.006087073313743252,0.9230812927028521
heteroscedastic,1,10.0,0.1,predictivity,eu_group1,0.006087073313743252,0.9230812927028521
heteroscedastic,1,10.0,0.1,predictivity,eu_id,0.006087073313743252,0.9230812927028521
heteroscedastic,1,10.0,0.1,predictivity,eu_heldout,0.006087073313743252,0.9230812927028521
heteroscedastic,1,10.0,0.1,cca_type,eu_agreement,0.0013654787411976343,0.9541685964428458
heteroscedastic,1,10.0,0.1,cca_type,acquisition_overlap,0.0013654787411976343,0.9816498172140427
heteroscedastic,1,10.0,0.1,cca_type,eu_group0,0.0013654787411976343,0.9541685964428458
heteroscedastic,1,10.0,0.1,cca_type,eu_group1,0.0013654787411976343,0.9541685964428458
heteroscedastic,1,10.0,0.1,cca_type,eu_id,0.0013654787411976343,0.9541685964428458
heteroscedastic,1,10.0,0.1,cca_type,eu_heldout,0.0013654787411976343,0.9541685964428458
heteroscedastic,1,10.0,0.1,smoother_001,eu_agreement,0.0426538893384365,0.8641975308641975
heteroscedastic,1,10.0,0.1,smoother_001,acquisition_overlap,0.0426538893384365,0.9159278516836723
heteroscedastic,1,10.0,0.1,smoother_001,eu_group0,0.0426538893384365,0.8641975308641975
heteroscedastic,1,10.0,0.1,smoother_001,eu_group1,0.0426538893384365,0.8641975308641975
heteroscedastic,1,10.0,0.1,smoother_001,eu_id,0.0426538893384365,0.8641975308641975
heteroscedastic,1,10.0,0.1,smoother_001,eu_heldout,0.0426538893384365,0.8641975308641975
heteroscedastic,1,10.0,0.1,smoother_1,eu_agreement,0.4023710666482262,0.886158040994738
heteroscedastic,1,10.0,0.1,smoother_1,acquisition_overlap,0.4023710666482262,0.875843978069492
heteroscedastic,1,10.0,0.1,smoother_1,eu_group0,0.4023710666482262,0.886158040994738
heteroscedastic,1,10.0,0.1,smoother_1,eu_group1,0.4023710666482262,0.886158040994738
heteroscedastic,1,10.0,0.1,smoother_1,eu_id,0.4023710666482262,0.886158040994738
heteroscedastic,1,10.0,0.1,smoother_1,eu_heldout,0.4023710666482262,0.886158040994738
heteroscedastic,1,10.0,0.25,cka,eu_agreement,0.6517876228848145,0.6605782590758164
heteroscedastic,1,10.0,0.25,cka,acquisition_overlap,0.6517876228848145,0.7346938883551641
heteroscedastic,1,10.0,0.25,cka,eu_group0,0.6517876228848145,0.6605782590758164
heteroscedastic,1,10.0,0.25,cka,eu_group1,0.6517876228848145,0.6605782590758164
heteroscedastic,1,10.0,0.25,cka,eu_id,0.6517876228848145,0.6605782590758164
heteroscedastic,1,10.0,0.25,cka,eu_heldout,0.6517876228848145,0.7584417048648262
heteroscedastic,1,10.0,0.25,mknn,eu_agreement,0.78,0.8148148148148148
heteroscedastic,1,10.0,0.25,mknn,acquisition_overlap,0.78,0.9408510585322077
heteroscedastic,1,10.0,0.25,mknn,eu_group0,0.78,0.8148148148148148
heteroscedastic,1,10.0,0.25,mknn,eu_group1,0.78,0.8148148148148148
heteroscedastic,1,10.0,0.25,mknn,eu_id,0.78,0.8148148148148148
heteroscedastic,1,10.0,0.25,mknn,eu_heldout,0.78,0.7160493827160493
heteroscedastic,1,10.0,0.25,predictivity,eu_agreement,0.006087073313743252,0.8246192881478813
heteroscedastic,1,10.0,0.25,predictivity,acquisition_overlap,0.006087073313743252,0.8137273838801663
heteroscedastic,1,10.0,0.25,predictivity,eu_group0,0.006087073313743252,0.8246192881478813
heteroscedastic,1,10.0,0.25,predictivity,eu_group1,0.006087073313743252,0.8246192881478813
heteroscedastic,1,10.0,0.25,predictivity,eu_id,0.006087073313743252,0.8246192881478813
heteroscedastic,1,10.0,0.25,predictivity,eu_heldout,0.006087073313743252,0.9230812927028521
heteroscedastic,1,10.0,0.25,cca_type,eu_agreement,0.0013654787411976343,0.807373427759331
heteroscedastic,1,10.0,0.25,cca_type,acquisition_overlap,0.0013654787411976343,0.7470416847981081
heteroscedastic,1,10.0,0.25,cca_type,eu_group0,0.0013654787411976343,0.807373427759331
heteroscedastic,1,10.0,0.25,cca_type,eu_group1,0.0013654787411976343,0.807373427759331
heteroscedastic,1,10.0,0.25,cca_type,eu_id,0.0013654787411976343,0.807373427759331
heteroscedastic,1,10.0,0.25,cca_type,eu_heldout,0.0013654787411976343,0.9541685964428458
heteroscedastic,1,10.0,0.25,smoother_001,eu_agreement,0.0426538893384365,0.7654320987654321
heteroscedastic,1,10.0,0.25,smoother_001,acquisition_overlap,0.0426538893384365,0.6916189900468547
heteroscedastic,1,10.0,0.25,smoother_001,eu_group0,0.0426538893384365,0.7654320987654321
heteroscedastic,1,10.0,0.25,smoother_001,eu_group1,0.0426538893384365,0.7654320987654321
heteroscedastic,1,10.0,0.25,smoother_001,eu_id,0.0426538893384365,0.7654320987654321
heteroscedastic,1,10.0,0.25,smoother_001,eu_heldout,0.0426538893384365,0.8641975308641975
heteroscedastic,1,10.0,0.25,smoother_1,eu_agreement,0.4023710666482262,0.7876960364397672
heteroscedastic,1,10.0,0.25,smoother_1,acquisition_overlap,0.4023710666482262,0.8634206592316268
heteroscedastic,1,10.0,0.25,smoother_1,eu_group0,0.4023710666482262,0.7876960364397672
heteroscedastic,1,10.0,0.25,smoother_1,eu_group1,0.4023710666482262,0.7876960364397672
heteroscedastic,1,10.0,0.25,smoother_1,eu_id,0.4023710666482262,0.7876960364397672
heteroscedastic,1,10.0,0.25,smoother_1,eu_heldout,0.4023710666482262,0.886158040994738
heteroscedastic,1,10.0,1.0,cka,eu_agreement,0.6517876228848145,0.7584417048648262
heteroscedastic,1,10.0,1.0,cka,acquisition_overlap,0.6517876228848145,0.7640931774583409
heteroscedastic,1,10.0,1.0,cka,eu_group0,0.6517876228848145,0.7951404970357048
heteroscedastic,1,10.0,1.0,cka,eu_group1,0.6517876228848145,0.7584417048648262
heteroscedastic,1,10.0,1.0,cka,eu_id,0.6517876228848145,0.7584417048648262
heteroscedastic,1,10.0,1.0,cka,eu_heldout,0.6517876228848145,0.7584417048648262
heteroscedastic,1,10.0,1.0,mknn,eu_agreement,0.78,0.7160493827160493
heteroscedastic,1,10.0,1.0,mknn,acquisition_overlap,0.78,0.7063343438184296
heteroscedastic,1,10.0,1.0,mknn,eu_group0,0.78,0.802469135802469
heteroscedastic,1,10.0,1.0,mknn,eu_group1,0.78,0.7160493827160493
heteroscedastic,1,10.0,1.0,mknn,eu_id,0.78,0.7160493827160493
heteroscedastic,1,10.0,1.0,mknn,eu_heldout,0.78,0.7160493827160493
heteroscedastic,1,10.0,1.0,predictivity,eu_agreement,0.006087073313743252,0.9230812927028521
heteroscedastic,1,10.0,1.0,predictivity,acquisition_overlap,0.006087073313743252,0.9496528264568826
heteroscedastic,1,10.0,1.0,predictivity,eu_group0,0.006087073313743252,0.886158040994738
heteroscedastic,1,10.0,1.0,predictivity,eu_group1,0.006087073313743252,0.9230812927028521
heteroscedastic,1,10.0,1.0,predictivity,eu_id,0.006087073313743252,0.9230812927028521
heteroscedastic,1,10.0,1.0,predictivity,eu_heldout,0.006087073313743252,0.9230812927028521
heteroscedastic,1,10.0,1.0,cca_type,eu_agreement,0.0013654787411976343,0.9541685964428458
heteroscedastic,1,10.0,1.0,cca_type,acquisition_overlap,0.0013654787411976343,0.9438798074485388
heteroscedastic,1,10.0,1.0,cca_type,eu_group0,0.0013654787411976343,0.917469804271967
heteroscedastic,1,10.0,1.0,cca_type,eu_group1,0.0013654787411976343,0.9541685964428458
heteroscedastic,1,10.0,1.0,cca_type,eu_id,0.0013654787411976343,0.9541685964428458
heteroscedastic,1,10.0,1.0,cca_type,eu_heldout,0.0013654787411976343,0.9541685964428458
heteroscedastic,1,10.0,1.0,smoother_001,eu_agreement,0.0426538893384365,0.8641975308641975
heteroscedastic,1,10.0,1.0,smoother_001,acquisition_overlap,0.0426538893384365,0.8748177652797064
heteroscedastic,1,10.0,1.0,smoother_001,eu_group0,0.0426538893384365,0.802469135802469
heteroscedastic,1,10.0,1.0,smoother_001,eu_group1,0.0426538893384365,0.8641975308641975
heteroscedastic,1,10.0,1.0,smoother_001,eu_id,0.0426538893384365,0.8641975308641975
heteroscedastic,1,10.0,1.0,smoother_001,eu_heldout,0.0426538893384365,0.8641975308641975
heteroscedastic,1,10.0,1.0,smoother_1,eu_agreement,0.4023710666482262,0.886158040994738
heteroscedastic,1,10.0,1.0,smoother_1,acquisition_overlap,0.4023710666482262,0.9496528264568826
heteroscedastic,1,10.0,1.0,smoother_1,eu_group0,0.4023710666482262,0.9230812927028521
heteroscedastic,1,10.0,1.0,smoother_1,eu_group1,0.4023710666482262,0.886158040994738
heteroscedastic,1,10.0,1.0,smoother_1,eu_id,0.4023710666482262,0.886158040994738
heteroscedastic,1,10.0,1.0,smoother_1,eu_heldout,0.4023710666482262,0.886158040994738
heteroscedastic,2,0.1,0.1,cka,eu_agreement,0.7222245337731901,0.7975610216516694
heteroscedastic,2,0.1,0.1,cka,acquisition_overlap,0.7222245337731901,0.7975610216516694
heteroscedastic,2,0.1,0.1,cka,eu_group0,0.7222245337731901,0.7975610216516694
heteroscedastic,2,0.1,0.1,cka,eu_group1,0.7222245337731901,0.7975610216516694
heteroscedastic,2,0.1,0.1,cka,eu_id,0.7222245337731901,0.7975610216516694
heteroscedastic,2,0.1,0.1,cka,eu_heldout,0.7222245337731901,0.8589118694710287
heteroscedastic,2,0.1,0.1,mknn,eu_agreement,0.8059999999999999,0.802469135802469
heteroscedastic,2,0.1,0.1,mknn,acquisition_overlap,0.8059999999999999,0.802469135802469
heteroscedastic,2,0.1,0.1,mknn,eu_group0,0.8059999999999999,0.802469135802469
heteroscedastic,2,0.1,0.1,mknn,eu_group1,0.8059999999999999,0.802469135802469
heteroscedastic,2,0.1,0.1,mknn,eu_id,0.8059999999999999,0.802469135802469
heteroscedastic,2,0.1,0.1,mknn,eu_heldout,0.8059999999999999,0.8641975308641975
heteroscedastic,2,0.1,0.1,predictivity,eu_agreement,0.005072790864493859,0.8615425398559954
heteroscedastic,2,0.1,0.1,predictivity,acquisition_overlap,0.005072790864493859,0.8615425398559954
heteroscedastic,2,0.1,0.1,predictivity,eu_group0,0.005072790864493859,0.8615425398559954
heteroscedastic,2,0.1,0.1,predictivity,eu_group1,0.005072790864493859,0.8615425398559954
heteroscedastic,2,0.1,0.1,predictivity,eu_id,0.005072790864493859,0.8615425398559954
heteroscedastic,2,0.1,0.1,predictivity,eu_heldout,0.005072790864493859,0.8000037870091384
heteroscedastic,2,0.1,0.1,cca_type,eu_agreement,0.001100862700956995,0.8318392892065836
heteroscedastic,2,0.1,0.1,cca_type,acquisition_overlap,0.001100862700956995,0.8318392892065836
heteroscedastic,2,0.1,0.1,cca_type,eu_group0,0.001100862700956995,0.8318392892065836
heteroscedastic,2,0.1,0.1,cca_type,eu_group1,0.001100862700956995,0.8318392892065836
heteroscedastic,2,0.1,0.1,cca_type,eu_id,0.001100862700956995,0.8318392892065836
heteroscedastic,2,0.1,0.1,cca_type,eu_heldout,0.001100862700956995,0.7706746355884525
heteroscedastic,2,0.1,0.1,smoother_001,eu_agreement,0.05374463969619625,0.7362101738323102
heteroscedastic,2,0.1,0.1,smoother_001,acquisition_overlap,0.05374463969619625,0.7362101738323102
heteroscedastic,2,0.1,0.1,smoother_001,eu_group0,0.05374463969619625,0.7362101738323102
heteroscedastic,2,0.1,0.1,smoother_001,eu_group1,0.05374463969619625,0.7362101738323102
heteroscedastic,2,0.1,0.1,smoother_001,eu_id,0.05374463969619625,0.7362101738323102
heteroscedastic,2,0.1,0.1,smoother_001,eu_heldout,0.05374463969619625,0.6748593260129511
heteroscedastic,2,0.1,0.1,smoother_1,eu_agreement,0.44321211281951756,0.8589118694710287
heteroscedastic,2,0.1,0.1,smoother_1,acquisition_overlap,0.44321211281951756,0.8589118694710287
heteroscedastic,2,0.1,0.1,smoother_1,eu_group0,0.44321211281951756,0.8589118694710287
heteroscedastic,2,0.1,0.1,smoother_1,eu_group1,0.44321211281951756,0.8589118694710287
heteroscedastic,2,0.1,0.1,smoother_1,eu_id,0.44321211281951756,0.8589118694710287
heteroscedastic,2,0.1,0.1,smoother_1,eu_heldout,0.44321211281951756,0.8957223781626442
heteroscedastic,2,0.1,0.25,cka,eu_agreement,0.7222245337731901,0.7975610216516694
heteroscedastic,2,0.1,0.25,cka,acquisition_overlap,0.7222245337731901,0.7975610216516694
heteroscedastic,2,0.1,0.25,cka,eu_group0,0.7222245337731901,0.7975610216516694
heteroscedastic,2,0.1,0.25,cka,eu_group1,0.7222245337731901,0.7975610216516694
heteroscedastic,2,0.1,0.25,cka,eu_id,0.7222245337731901,0.7975610216516694
heteroscedastic,2,0.1,0.25,cka,eu_heldout,0.7222245337731901,0.7975610216516694
heteroscedastic,2,0.1,0.25,mknn,eu_agreement,0.8059999999999999,0.802469135802469
heteroscedastic,2,0.1,0.25,mknn,acquisition_overlap,0.8059999999999999,0.802469135802469
heteroscedastic,2,0.1,0.25,mknn,eu_group0,0.8059999999999999,0.802469135802469
heteroscedastic,2,0.1,0.25,mknn,eu_group1,0.8059999999999999,0.802469135802469
heteroscedastic,2,0.1,0.25,mknn,eu_id,0.8059999999999999,0.802469135802469
heteroscedastic,2,0.1,0.25,mknn,eu_heldout,0.8059999999999999,0.802469135802469
heteroscedastic,2,0.1,0.25,predictivity,eu_agreement,0.005072790864493859,0.8615425398559954
heteroscedastic,2,0.1,0.25,predictivity,acquisition_overlap,0.005072790864493859,0.8615425398559954
heteroscedastic,2,0.1,0.25,predictivity,eu_group0,0.005072790864493859,0.8615425398559954
heteroscedastic,2,0.1,0.25,predictivity,eu_group1,0.005072790864493859,0.8615425398559954
heteroscedastic,2,0.1,0.25,predictivity,eu_id,0.005072790864493859,0.8615425398559954
heteroscedastic,2,0.1,0.25,predictivity,eu_heldout,0.005072790864493859,0.8615425398559954
heteroscedastic,2,0.1,0.25,cca_type,eu_agreement,0.001100862700956995,0.8318392892065836
heteroscedastic,2,0.1,0.25,cca_type,acquisition_overlap,0.001100862700956995,0.8318392892065836
heteroscedastic,2,0.1,0.25,cca_type,eu_group0,0.001100862700956995,0.8318392892065836
heteroscedastic,2,0.1,0.25,cca_type,eu_group1,0.001100862700956995,0.8318392892065836
heteroscedastic,2,0.1,0.25,cca_type,eu_id,0.001100862700956995,0.8318392892065836
heteroscedastic,2,0.1,0.25,cca_type,eu_heldout,0.001100862700956995,0.8318392892065836
heteroscedastic,2,0.1,0.25,smoother_001,eu_agreement,0.05374463969619625,0.7362101738323102
heteroscedastic,2,0.1,0.25,smoother_001,acquisition_overlap,0.05374463969619625,0.7362101738323102
heteroscedastic,2,0.1,0.25,smoother_001,eu_group0,0.05374463969619625,0.7362101738323102
heteroscedastic,2,0.1,0.25,smoother_001,eu_group1,0.05374463969619625,0.7362101738323102
heteroscedastic,2,0.1,0.25,smoother_001,eu_id,0.05374463969619625,0.7362101738323102
heteroscedastic,2,0.1,0.25,smoother_001,eu_heldout,0.05374463969619625,0.7362101738323102
heteroscedastic,2,0.1,0.25,smoother_1,eu_agreement,0.44321211281951756,0.8589118694710287
heteroscedastic,2,0.1,0.25,smoother_1,acquisition_overlap,0.44321211281951756,0.8589118694710287
heteroscedastic,2,0.1,0.25,smoother_1,eu_group0,0.44321211281951756,0.8589118694710287
heteroscedastic,2,0.1,0.25,smoother_1,eu_group1,0.44321211281951756,0.8589118694710287
heteroscedastic,2,0.1,0.25,smoother_1,eu_id,0.44321211281951756,0.8589118694710287
heteroscedastic,2,0.1,0.25,smoother_1,eu_heldout,0.44321211281951756,0.8589118694710287
heteroscedastic,2,0.1,1.0,cka,eu_agreement,0.7222245337731901,0.7239400042684385
heteroscedastic,2,0.1,1.0,cka,acquisition_overlap,0.7222245337731901,0.7369304046042952
heteroscedastic,2,0.1,1.0,cka,eu_group0,0.7222245337731901,0.7239400042684385
heteroscedastic,2,0.1,1.0,cka,eu_group1,0.7222245337731901,0.6625891564490793
heteroscedastic,2,0.1,1.0,cka,eu_id,0.7222245337731901,0.6625891564490793
heteroscedastic,2,0.1,1.0,cka,eu_heldout,0.7222245337731901,0.7239400042684385
heteroscedastic,2,0.1,1.0,mknn,eu_agreement,0.8059999999999999,0.7283950617283951
heteroscedastic,2,0.1,1.0,mknn,acquisition_overlap,0.8059999999999999,0.7414654037439252
heteroscedastic,2,0.1,1.0,mknn,eu_group0,0.8059999999999999,0.7283950617283951
heteroscedastic,2,0.1,1.0,mknn,eu_group1,0.8059999999999999,0.6666666666666666
heteroscedastic,2,0.1,1.0,mknn,eu_id,0.8059999999999999,0.6666666666666666
heteroscedastic,2,0.1,1.0,mknn,eu_heldout,0.8059999999999999,0.7283950617283951
heteroscedastic,2,0.1,1.0,predictivity,eu_agreement,0.005072790864493859,0.713849533023539
heteroscedastic,2,0.1,1.0,predictivity,acquisition_overlap,0.005072790864493859,0.8261507027180315
heteroscedastic,2,0.1,1.0,predictivity,eu_group0,0.005072790864493859,0.713849533023539
heteroscedastic,2,0.1,1.0,predictivity,eu_group1,0.005072790864493859,0.7753882858703959
heteroscedastic,2,0.1,1.0,predictivity,eu_id,0.005072790864493859,0.7753882858703959
heteroscedastic,2,0.1,1.0,predictivity,eu_heldout,0.005072790864493859,0.713849533023539
heteroscedastic,2,0.1,1.0,cca_type,eu_agreement,0.001100862700956995,0.856305150653836
heteroscedastic,2,0.1,1.0,cca_type,acquisition_overlap,0.001100862700956995,0.8828674456704912
heteroscedastic,2,0.1,1.0,cca_type,eu_group0,0.001100862700956995,0.856305150653836
heteroscedastic,2,0.1,1.0,cca_type,eu_group1,0.001100862700956995,0.917469804271967
heteroscedastic,2,0.1,1.0,cca_type,eu_id,0.001100862700956995,0.917469804271967
heteroscedastic,2,0.1,1.0,cca_type,eu_heldout,0.001100862700956995,0.856305150653836
heteroscedastic,2,0.1,1.0,smoother_001,eu_agreement,0.05374463969619625,0.7116698347045666
heteroscedastic,2,0.1,1.0,smoother_001,acquisition_overlap,0.05374463969619625,0.7617011745069605
heteroscedastic,2,0.1,1.0,smoother_001,eu_group0,0.05374463969619625,0.7116698347045666
heteroscedastic,2,0.1,1.0,smoother_001,eu_group1,0.05374463969619625,0.7730206825239259
heteroscedastic,2,0.1,1.0,smoother_001,eu_id,0.05374463969619625,0.7730206825239259
heteroscedastic,2,0.1,1.0,smoother_001,eu_heldout,0.05374463969619625,0.7116698347045666
heteroscedastic,2,0.1,1.0,smoother_1,eu_agreement,0.44321211281951756,0.8098311912155413
heteroscedastic,2,0.1,1.0,smoother_1,acquisition_overlap,0.44321211281951756,0.8236280992636239
heteroscedastic,2,0.1,1.0,smoother_1,eu_group0,0.44321211281951756,0.8098311912155413
heteroscedastic,2,0.1,1.0,smoother_1,eu_group1,0.44321211281951756,0.7730206825239259
heteroscedastic,2,0.1,1.0,smoother_1,eu_id,0.44321211281951756,0.7730206825239259
heteroscedastic,2,0.1,1.0,smoother_1,eu_heldout,0.44321211281951756,0.8098311912155413
heteroscedastic,2,1.0,0.1,cka,eu_agreement,0.7222245337731901,0.7239400042684385
heteroscedastic,2,1.0,0.1,cka,acquisition_overlap,0.7222245337731901,0.7369304046042952
heteroscedastic,2,1.0,0.1,cka,eu_group0,0.7222245337731901,0.7239400042684385
heteroscedastic,2,1.0,0.1,cka,eu_group1,0.7222245337731901,0.6625891564490793
heteroscedastic,2,1.0,0.1,cka,eu_id,0.7222245337731901,0.6625891564490793
heteroscedastic,2,1.0,0.1,cka,eu_heldout,0.7222245337731901,0.7239400042684385
heteroscedastic,2,1.0,0.1,mknn,eu_agreement,0.8059999999999999,0.7283950617283951
heteroscedastic,2,1.0,0.1,mknn,acquisition_overlap,0.8059999999999999,0.7414654037439252
heteroscedastic,2,1.0,0.1,mknn,eu_group0,0.8059999999999999,0.7283950617283951
heteroscedastic,2,1.0,0.1,mknn,eu_group1,0.8059999999999999,0.6666666666666666
heteroscedastic,2,1.0,0.1,mknn,eu_id,0.8059999999999999,0.6666666666666666
heteroscedastic,2,1.0,0.1,mknn,eu_heldout,0.8059999999999999,0.7283950617283951
heteroscedastic,2,1.0,0.1,predictivity,eu_agreement,0.005072790864493859,0.713849533023539
heteroscedastic,2,1.0,0.1,predictivity,acquisition_overlap,0.005072790864493859,0.8261507027180315
heteroscedastic,2,1.0,0.1,predictivity,eu_group0,0.005072790864493859,0.713849533023539
heteroscedastic,2,1.0,0.1,predictivity,eu_group1,0.005072790864493859,0.7753882858703959
heteroscedastic,2,1.0,0.1,predictivity,eu_id,0.005072790864493859,0.7753882858703959
heteroscedastic,2,1.0,0.1,predictivity,eu_heldout,0.005072790864493859,0.713849533023539
heteroscedastic,2,1.0,0.1,cca_type,eu_agreement,0.001100862700956995,0.856305150653836
heteroscedastic,2,1.0,0.1,cca_type,acquisition_overlap,0.001100862700956995,0.8828674456704912
heteroscedastic,2,1.0,0.1,cca_type,eu_group0,0.001100862700956995,0.856305150653836
heteroscedastic,2,1.0,0.1,cca_type,eu_group1,0.001100862700956995,0.917469804271967
heteroscedastic,2,1.0,0.1,cca_type,eu_id,0.001100862700956995,0.917469804271967
heteroscedastic,2,1.0,0.1,cca_type,eu_heldout,0.001100862700956995,0.856305150653836
heteroscedastic,2,1.0,0.1,smoother_001,eu_agreement,0.05374463969619625,0.7116698347045666
heteroscedastic,2,1.0,0.1,smoother_001,acquisition_overlap,0.05374463969619625,0.7617011745069605
heteroscedastic,2,1.0,0.1,smoother_001,eu_group0,0.05374463969619625,0.7116698347045666
heteroscedastic,2,1.0,0.1,smoother_001,eu_group1,0.05374463969619625,0.7730206825239259
heteroscedastic,2,1.0,0.1,smoother_001,eu_id,0.05374463969619625,0.7730206825239259
heteroscedastic,2,1.0,0.1,smoother_001,eu_heldout,0.05374463969619625,0.7116698347045666
heteroscedastic,2,1.0,0.1,smoother_1,eu_agreement,0.44321211281951756,0.8098311912155413
heteroscedastic,2,1.0,0.1,smoother_1,acquisition_overlap,0.44321211281951756,0.8236280992636239
heteroscedastic,2,1.0,0.1,smoother_1,eu_group0,0.44321211281951756,0.8098311912155413
heteroscedastic,2,1.0,0.1,smoother_1,eu_group1,0.44321211281951756,0.7730206825239259
heteroscedastic,2,1.0,0.1,smoother_1,eu_id,0.44321211281951756,0.7730206825239259
heteroscedastic,2,1.0,0.1,smoother_1,eu_heldout,0.44321211281951756,0.8098311912155413
heteroscedastic,2,1.0,0.25,cka,eu_agreement,0.7222245337731901,0.7239400042684385
heteroscedastic,2,1.0,0.25,cka,acquisition_overlap,0.7222245337731901,0.6625891564490793
heteroscedastic,2,1.0,0.25,cka,eu_group0,0.7222245337731901,0.6380488173213356
heteroscedastic,2,1.0,0.25,cka,eu_group1,0.7222245337731901,0.7239400042684385
heteroscedastic,2,1.0,0.25,cka,eu_id,0.7222245337731901,0.7239400042684385
heteroscedastic,2,1.0,0.25,cka,eu_heldout,0.7222245337731901,0.7239400042684385
heteroscedastic,2,1.0,0.25,mknn,eu_agreement,0.8059999999999999,0.7283950617283951
heteroscedastic,2,1.0,0.25,mknn,acquisition_overlap,0.8059999999999999,0.6666666666666666
heteroscedastic,2,1.0,0.25,mknn,eu_group0,0.8059999999999999,0.6419753086419753
heteroscedastic,2,1.0,0.25,mknn,eu_group1,0.8059999999999999,0.7283950617283951
heteroscedastic,2,1.0,0.25,mknn,eu_id,0.8059999999999999,0.7283950617283951
heteroscedastic,2,1.0,0.25,mknn,eu_heldout,0.8059999999999999,0.7283950617283951
heteroscedastic,2,1.0,0.25,predictivity,eu_agreement,0.005072790864493859,0.713849533023539
heteroscedastic,2,1.0,0.25,predictivity,acquisition_overlap,0.005072790864493859,0.7753882858703959
heteroscedastic,2,1.0,0.25,predictivity,eu_group0,0.005072790864493859,0.6769262813154249
heteroscedastic,2,1.0,0.25,predictivity,eu_group1,0.005072790864493859,0.713849533023539
heteroscedastic,2,1.0,0.25,predictivity,eu_id,0.005072790864493859,0.713849533023539
heteroscedastic,2,1.0,0.25,predictivity,eu_heldout,0.005072790864493859,0.713849533023539
heteroscedastic,2,1.0,0.25,cca_type,eu_agreement,0.001100862700956995,0.856305150653836
heteroscedastic,2,1.0,0.25,cca_type,acquisition_overlap,0.001100862700956995,0.917469804271967
heteroscedastic,2,1.0,0.25,cca_type,eu_group0,0.001100862700956995,0.8930039428247147
heteroscedastic,2,1.0,0.25,cca_type,eu_group1,0.001100862700956995,0.856305150653836
heteroscedastic,2,1.0,0.25,cca_type,eu_id,0.001100862700956995,0.856305150653836
heteroscedastic,2,1.0,0.25,cca_type,eu_heldout,0.001100862700956995,0.856305150653836
heteroscedastic,2,1.0,0.25,smoother_001,eu_agreement,0.05374463969619625,0.7116698347045666
heteroscedastic,2,1.0,0.25,smoother_001,acquisition_overlap,0.05374463969619625,0.7730206825239259
heteroscedastic,2,1.0,0.25,smoother_001,eu_group0,0.05374463969619625,0.7975610216516694
heteroscedastic,2,1.0,0.25,smoother_001,eu_group1,0.05374463969619625,0.7116698347045666
heteroscedastic,2,1.0,0.25,smoother_001,eu_id,0.05374463969619625,0.7116698347045666
heteroscedastic,2,1.0,0.25,smoother_001,eu_heldout,0.05374463969619625,0.7116698347045666
heteroscedastic,2,1.0,0.25,smoother_1,eu_agreement,0.44321211281951756,0.8098311912155413
heteroscedastic,2,1.0,0.25,smoother_1,acquisition_overlap,0.44321211281951756,0.7730206825239259
heteroscedastic,2,1.0,0.25,smoother_1,eu_group0,0.44321211281951756,0.7730206825239259
heteroscedastic,2,1.0,0.25,smoother_1,eu_group1,0.44321211281951756,0.8098311912155413
heteroscedastic,2,1.0,0.25,smoother_1,eu_id,0.44321211281951756,0.8098311912155413
heteroscedastic,2,1.0,0.25,smoother_1,eu_heldout,0.44321211281951756,0.8098311912155413
heteroscedastic,2,1.0,1.0,cka,eu_agreement,0.7222245337731901,0.6380488173213356
heteroscedastic,2,1.0,1.0,cka,acquisition_overlap,0.7222245337731901,0.6799443666848518
heteroscedastic,2,1.0,1.0,cka,eu_group0,0.7222245337731901,0.6380488173213356
heteroscedastic,2,1.0,1.0,cka,eu_group1,0.7222245337731901,0.6380488173213356
heteroscedastic,2,1.0,1.0,cka,eu_id,0.7222245337731901,0.5766979695019764
heteroscedastic,2,1.0,1.0,cka,eu_heldout,0.7222245337731901,0.7362101738323102
heteroscedastic,2,1.0,1.0,mknn,eu_agreement,0.8059999999999999,0.6419753086419753
heteroscedastic,2,1.0,1.0,mknn,acquisition_overlap,0.8059999999999999,0.6841286792042517
heteroscedastic,2,1.0,1.0,mknn,eu_group0,0.8059999999999999,0.6419753086419753
heteroscedastic,2,1.0,1.0,mknn,eu_group1,0.8059999999999999,0.6419753086419753
heteroscedastic,2,1.0,1.0,mknn,eu_id,0.8059999999999999,0.5802469135802469
heteroscedastic,2,1.0,1.0,mknn,eu_heldout,0.8059999999999999,0.7407407407407406
heteroscedastic,2,1.0,1.0,predictivity,eu_agreement,0.005072790864493859,0.6769262813154249
heteroscedastic,2,1.0,1.0,predictivity,acquisition_overlap,0.005072790864493859,0.7840122267268886
heteroscedastic,2,1.0,1.0,predictivity,eu_group0,0.005072790864493859,0.6769262813154249
heteroscedastic,2,1.0,1.0,predictivity,eu_group1,0.005072790864493859,0.6769262813154249
heteroscedastic,2,1.0,1.0,predictivity,eu_id,0.005072790864493859,0.7384650341622817
heteroscedastic,2,1.0,1.0,predictivity,eu_heldout,0.005072790864493859,0.7753882858703959
heteroscedastic,2,1.0,1.0,cca_type,eu_agreement,0.001100862700956995,0.8930039428247147
heteroscedastic,2,1.0,1.0,cca_type,acquisition_overlap,0.001100862700956995,0.9059528419715783
heteroscedastic,2,1.0,1.0,cca_type,eu_group0,0.001100862700956995,0.8930039428247147
heteroscedastic,2,1.0,1.0,cca_type,eu_group1,0.001100862700956995,0.8930039428247147
heteroscedastic,2,1.0,1.0,cca_type,eu_id,0.001100862700956995,0.9541685964428458
heteroscedastic,2,1.0,1.0,cca_type,eu_heldout,0.001100862700956995,0.7951404970357048
heteroscedastic,2,1.0,1.0,smoother_001,eu_agreement,0.05374463969619625,0.7975610216516694
heteroscedastic,2,1.0,1.0,smoother_001,acquisition_overlap,0.05374463969619625,0.9087106956629328
heteroscedastic,2,1.0,1.0,smoother_001,eu_group0,0.05374463969619625,0.7975610216516694
heteroscedastic,2,1.0,1.0,smoother_001,eu_group1,0.05374463969619625,0.7975610216516694
heteroscedastic,2,1.0,1.0,smoother_001,eu_id,0.05374463969619625,0.8589118694710287
heteroscedastic,2,1.0,1.0,smoother_001,eu_heldout,0.05374463969619625,0.8957223781626442
heteroscedastic,2,1.0,1.0,smoother_1,eu_agreement,0.44321211281951756,0.7730206825239259
heteroscedastic,2,1.0,1.0,smoother_1,acquisition_overlap,0.44321211281951756,0.8324552526702392
heteroscedastic,2,1.0,1.0,smoother_1,eu_group0,0.44321211281951756,0.7730206825239259
heteroscedastic,2,1.0,1.0,smoother_1,eu_group1,0.44321211281951756,0.7730206825239259
heteroscedastic,2,1.0,1.0,smoother_1,eu_id,0.44321211281951756,0.7362101738323102
heteroscedastic,2,1.0,1.0,smoother_1,eu_heldout,0.44321211281951756,0.8711820390349004
heteroscedastic,2,10.0,0.1,cka,eu_agreement,0.7222245337731901,0.5766979695019764
heteroscedastic,2,10.0,0.1,cka,acquisition_overlap,0.7222245337731901,0.7047510607651949
heteroscedastic,2,10.0,0.1,cka,eu_group0,0.7222245337731901,0.5766979695019764
heteroscedastic,2,10.0,0.1,cka,eu_group1,0.7222245337731901,0.5766979695019764
heteroscedastic,2,10.0,0.1,cka,eu_id,0.7222245337731901,0.5766979695019764
heteroscedastic,2,10.0,0.1,cka,eu_heldout,0.7222245337731901,0.5766979695019764
heteroscedastic,2,10.0,0.1,mknn,eu_agreement,0.8059999999999999,0.5802469135802469
heteroscedastic,2,10.0,0.1,mknn,acquisition_overlap,0.8059999999999999,0.7090880313044138
heteroscedastic,2,10.0,0.1,mknn,eu_group0,0.8059999999999999,0.5802469135802469
heteroscedastic,2,10.0,0.1,mknn,eu_group1,0.8059999999999999,0.5802469135802469
heteroscedastic,2,10.0,0.1,mknn,eu_id,0.8059999999999999,0.5802469135802469
heteroscedastic,2,10.0,0.1,mknn,eu_heldout,0.8059999999999999,0.5802469135802469
heteroscedastic,2,10.0,0.1,predictivity,eu_agreement,0.005072790864493859,0.7384650341622817
heteroscedastic,2,10.0,0.1,predictivity,acquisition_overlap,0.005072790864493859,0.7447797237475158
heteroscedastic,2,10.0,0.1,predictivity,eu_group0,0.005072790864493859,0.7384650341622817
heteroscedastic,2,10.0,0.1,predictivity,eu_group1,0.005072790864493859,0.7384650341622817
heteroscedastic,2,10.0,0.1,predictivity,eu_id,0.005072790864493859,0.7384650341622817
heteroscedastic,2,10.0,0.1,predictivity,eu_heldout,0.005072790864493859,0.7384650341622817
heteroscedastic,2,10.0,0.1,cca_type,eu_agreement,0.001100862700956995,0.9541685964428458
heteroscedastic,2,10.0,0.1,cca_type,acquisition_overlap,0.001100862700956995,0.8657186108113171
heteroscedastic,2,10.0,0.1,cca_type,eu_group0,0.001100862700956995,0.9541685964428458
heteroscedastic,2,10.0,0.1,cca_type,eu_group1,0.001100862700956995,0.9541685964428458
heteroscedastic,2,10.0,0.1,cca_type,eu_id,0.001100862700956995,0.9541685964428458
heteroscedastic,2,10.0,0.1,cca_type,eu_heldout,0.001100862700956995,0.9541685964428458
heteroscedastic,2,10.0,0.1,smoother_001,eu_agreement,0.05374463969619625,0.8589118694710287
heteroscedastic,2,10.0,0.1,smoother_001,acquisition_overlap,0.05374463969619625,0.8683539855856865
heteroscedastic,2,10.0,0.1,smoother_001,eu_group0,0.05374463969619625,0.8589118694710287
heteroscedastic,2,10.0,0.1,smoother_001,eu_group1,0.05374463969619625,0.8589118694710287
heteroscedastic,2,10.0,0.1,smoother_001,eu_id,0.05374463969619625,0.8589118694710287
heteroscedastic,2,10.0,0.1,smoother_001,eu_heldout,0.05374463969619625,0.8589118694710287
heteroscedastic,2,10.0,0.1,smoother_1,eu_agreement,0.44321211281951756,0.7362101738323102
heteroscedastic,2,10.0,0.1,smoother_1,acquisition_overlap,0.44321211281951756,0.8431843048440725
heteroscedastic,2,10.0,0.1,smoother_1,eu_group0,0.44321211281951756,0.7362101738323102
heteroscedastic,2,10.0,0.1,smoother_1,eu_group1,0.44321211281951756,0.7362101738323102
heteroscedastic,2,10.0,0.1,smoother_1,eu_id,0.44321211281951756,0.7362101738323102
heteroscedastic,2,10.0,0.1,smoother_1,eu_heldout,0.44321211281951756,0.7362101738323102
heteroscedastic,2,10.0,0.25,cka,eu_agreement,0.7222245337731901,0.7362101738323102
heteroscedastic,2,10.0,0.25,cka,acquisition_overlap,0.7222245337731901,0.5876836798544176
heteroscedastic,2,10.0,0.25,cka,eu_group0,0.7222245337731901,0.7362101738323102
heteroscedastic,2,10.0,0.25,cka,eu_group1,0.7222245337731901,0.7362101738323102
heteroscedastic,2,10.0,0.25,cka,eu_id,0.7222245337731901,0.7362101738323102
heteroscedastic,2,10.0,0.25,cka,eu_heldout,0.7222245337731901,0.7362101738323102
heteroscedastic,2,10.0,0.25,mknn,eu_agreement,0.8059999999999999,0.7407407407407406
heteroscedastic,2,10.0,0.25,mknn,acquisition_overlap,0.8059999999999999,0.5913002289421778
heteroscedastic,2,10.0,0.25,mknn,eu_group0,0.8059999999999999,0.7407407407407406
heteroscedastic,2,10.0,0.25,mknn,eu_group1,0.8059999999999999,0.7407407407407406
heteroscedastic,2,10.0,0.25,mknn,eu_id,0.8059999999999999,0.7407407407407406
heteroscedastic,2,10.0,0.25,mknn,eu_heldout,0.8059999999999999,0.7407407407407406
heteroscedastic,2,10.0,0.25,predictivity,eu_agreement,0.005072790864493859,0.7753882858703959
heteroscedastic,2,10.0,0.25,predictivity,acquisition_overlap,0.005072790864493859,0.7901589137722145
heteroscedastic,2,10.0,0.25,predictivity,eu_group0,0.005072790864493859,0.7753882858703959
heteroscedastic,2,10.0,0.25,predictivity,eu_group1,0.005072790864493859,0.7753882858703959
heteroscedastic,2,10.0,0.25,predictivity,eu_id,0.005072790864493859,0.7753882858703959
heteroscedastic,2,10.0,0.25,predictivity,eu_heldout,0.005072790864493859,0.7753882858703959
heteroscedastic,2,10.0,0.25,cca_type,eu_agreement,0.001100862700956995,0.7951404970357048
heteroscedastic,2,10.0,0.25,cca_type,acquisition_overlap,0.001100862700956995,0.9723448696087954
heteroscedastic,2,10.0,0.25,cca_type,eu_group0,0.001100862700956995,0.7951404970357048
heteroscedastic,2,10.0,0.25,cca_type,eu_group1,0.001100862700956995,0.7951404970357048
heteroscedastic,2,10.0,0.25,cca_type,eu_id,0.001100862700956995,0.7951404970357048
heteroscedastic,2,10.0,0.25,cca_type,eu_heldout,0.001100862700956995,0.7951404970357048
heteroscedastic,2,10.0,0.25,smoother_001,eu_agreement,0.05374463969619625,0.8957223781626442
heteroscedastic,2,10.0,0.25,smoother_001,acquisition_overlap,0.05374463969619625,0.8502657495766043
heteroscedastic,2,10.0,0.25,smoother_001,eu_group0,0.05374463969619625,0.8957223781626442
heteroscedastic,2,10.0,0.25,smoother_001,eu_group1,0.05374463969619625,0.8957223781626442
heteroscedastic,2,10.0,0.25,smoother_001,eu_id,0.05374463969619625,0.8957223781626442
heteroscedastic,2,10.0,0.25,smoother_001,eu_heldout,0.05374463969619625,0.8957223781626442
heteroscedastic,2,10.0,0.25,smoother_1,eu_agreement,0.44321211281951756,0.8711820390349004
heteroscedastic,2,10.0,0.25,smoother_1,acquisition_overlap,0.44321211281951756,0.7377305768385243
heteroscedastic,2,10.0,0.25,smoother_1,eu_group0,0.44321211281951756,0.8711820390349004
heteroscedastic,2,10.0,0.25,smoother_1,eu_group1,0.44321211281951756,0.8711820390349004
heteroscedastic,2,10.0,0.25,smoother_1,eu_id,0.44321211281951756,0.8711820390349004
heteroscedastic,2,10.0,0.25,smoother_1,eu_heldout,0.44321211281951756,0.8711820390349004
heteroscedastic,2,10.0,1.0,cka,eu_agreement,0.7222245337731901,0.7362101738323102
heteroscedastic,2,10.0,1.0,cka,acquisition_overlap,0.7222245337731901,0.7002188525924975
heteroscedastic,2,10.0,1.0,cka,eu_group0,0.7222245337731901,0.7362101738323102
heteroscedastic,2,10.0,1.0,cka,eu_group1,0.7222245337731901,0.8098311912155413
heteroscedastic,2,10.0,1.0,cka,eu_id,0.7222245337731901,0.6748593260129511
heteroscedastic,2,10.0,1.0,cka,eu_heldout,0.7222245337731901,0.7362101738323102
heteroscedastic,2,10.0,1.0,mknn,eu_agreement,0.8059999999999999,0.7407407407407406
heteroscedastic,2,10.0,1.0,mknn,acquisition_overlap,0.8059999999999999,0.7045279323566374
heteroscedastic,2,10.0,1.0,mknn,eu_group0,0.8059999999999999,0.7407407407407406
heteroscedastic,2,10.0,1.0,mknn,eu_group1,0.8059999999999999,0.8148148148148148
heteroscedastic,2,10.0,1.0,mknn,eu_id,0.8059999999999999,0.6790123456790123
heteroscedastic,2,10.0,1.0,mknn,eu_heldout,0.8059999999999999,0.7407407407407406
heteroscedastic,2,10.0,1.0,predictivity,eu_agreement,0.005072790864493859,0.7753882858703959
heteroscedastic,2,10.0,1.0,predictivity,acquisition_overlap,0.005072790864493859,0.8528699386747712
heteroscedastic,2,10.0,1.0,predictivity,eu_group0,0.005072790864493859,0.7753882858703959
heteroscedastic,2,10.0,1.0,predictivity,eu_group1,0.005072790864493859,0.9230812927028521
heteroscedastic,2,10.0,1.0,predictivity,eu_id,0.005072790864493859,0.8369270387172527
heteroscedastic,2,10.0,1.0,predictivity,eu_heldout,0.005072790864493859,0.7753882858703959
heteroscedastic,2,10.0,1.0,cca_type,eu_agreement,0.001100862700956995,0.7951404970357048
heteroscedastic,2,10.0,1.0,cca_type,acquisition_overlap,0.001100862700956995,0.9100150702748983
heteroscedastic,2,10.0,1.0,cca_type,eu_group0,0.001100862700956995,0.7951404970357048
heteroscedastic,2,10.0,1.0,cca_type,eu_group1,0.001100862700956995,0.7706746355884525
heteroscedastic,2,10.0,1.0,cca_type,eu_id,0.001100862700956995,0.856305150653836
heteroscedastic,2,10.0,1.0,cca_type,eu_heldout,0.001100862700956995,0.7951404970357048
heteroscedastic,2,10.0,1.0,smoother_001,eu_agreement,0.05374463969619625,0.8957223781626442
heteroscedastic,2,10.0,1.0,smoother_001,acquisition_overlap,0.05374463969619625,0.7877462091665598
heteroscedastic,2,10.0,1.0,smoother_001,eu_group0,0.05374463969619625,0.8957223781626442
heteroscedastic,2,10.0,1.0,smoother_001,eu_group1,0.05374463969619625,0.9202627172903878
heteroscedastic,2,10.0,1.0,smoother_001,eu_id,0.05374463969619625,0.9570732259820034
heteroscedastic,2,10.0,1.0,smoother_001,eu_heldout,0.05374463969619625,0.8957223781626442
heteroscedastic,2,10.0,1.0,smoother_1,eu_agreement,0.44321211281951756,0.8711820390349004
heteroscedastic,2,10.0,1.0,smoother_1,acquisition_overlap,0.44321211281951756,0.8002501172485686
heteroscedastic,2,10.0,1.0,smoother_1,eu_group0,0.44321211281951756,0.8711820390349004
heteroscedastic,2,10.0,1.0,smoother_1,eu_group1,0.44321211281951756,0.9202627172903878
heteroscedastic,2,10.0,1.0,smoother_1,eu_id,0.44321211281951756,0.834371530343285
heteroscedastic,2,10.0,1.0,smoother_1,eu_heldout,0.44321211281951756,0.8711820390349004
heteroscedastic,3,0.1,0.1,cka,eu_agreement,0.6459509221143364,0.9846200455497092
heteroscedastic,3,0.1,0.1,cka,acquisition_overlap,0.6459509221143364,0.886158040994738
heteroscedastic,3,0.1,0.1,cka,eu_group0,0.6459509221143364,0.9846200455497092
heteroscedastic,3,0.1,0.1,cka,eu_group1,0.6459509221143364,0.9846200455497092
heteroscedastic,3,0.1,0.1,cka,eu_id,0.6459509221143364,0.9230812927028521
heteroscedastic,3,0.1,0.1,cka,eu_heldout,0.6459509221143364,0.9846200455497092
heteroscedastic,3,0.1,0.1,mknn,eu_agreement,0.7895,0.9876543209876544
heteroscedastic,3,0.1,0.1,mknn,acquisition_overlap,0.7895,0.8888888888888888
heteroscedastic,3,0.1,0.1,mknn,eu_group0,0.7895,0.9876543209876544
heteroscedastic,3,0.1,0.1,mknn,eu_group1,0.7895,0.9876543209876544
heteroscedastic,3,0.1,0.1,mknn,eu_id,0.7895,0.9259259259259257
heteroscedastic,3,0.1,0.1,mknn,eu_heldout,0.7895,0.9876543209876544
heteroscedastic,3,0.1,0.1,predictivity,eu_agreement,0.014316869386420517,0.9876543209876544
heteroscedastic,3,0.1,0.1,predictivity,acquisition_overlap,0.014316869386420517,0.8888888888888888
heteroscedastic,3,0.1,0.1,predictivity,eu_group0,0.014316869386420517,0.9876543209876544
heteroscedastic,3,0.1,0.1,predictivity,eu_group1,0.014316869386420517,0.9876543209876544
heteroscedastic,3,0.1,0.1,predictivity,eu_id,0.014316869386420517,0.9259259259259257
heteroscedastic,3,0.1,0.1,predictivity,eu_heldout,0.014316869386420517,0.9876543209876544
heteroscedastic,3,0.1,0.1,cca_type,eu_agreement,0.00040281382584339553,0.7095099819703212
heteroscedastic,3,0.1,0.1,cca_type,acquisition_overlap,0.00040281382584339553,0.856305150653836
heteroscedastic,3,0.1,0.1,cca_type,eu_group0,0.00040281382584339553,0.7095099819703212
heteroscedastic,3,0.1,0.1,cca_type,eu_group1,0.00040281382584339553,0.7095099819703212
heteroscedastic,3,0.1,0.1,cca_type,eu_id,0.00040281382584339553,0.7706746355884525
heteroscedastic,3,0.1,0.1,cca_type,eu_heldout,0.00040281382584339553,0.7095099819703212
heteroscedastic,3,0.1,0.1,smoother_001,eu_agreement,0.06343437977910305,0.9570732259820034
heteroscedastic,3,0.1,0.1,smoother_001,acquisition_overlap,0.06343437977910305,0.8589118694710287
heteroscedastic,3,0.1,0.1,smoother_001,eu_group0,0.06343437977910305,0.9570732259820034
heteroscedastic,3,0.1,0.1,smoother_001,eu_group1,0.06343437977910305,0.9570732259820034
heteroscedastic,3,0.1,0.1,smoother_001,eu_id,0.06343437977910305,0.993883734673619
heteroscedastic,3,0.1,0.1,smoother_001,eu_heldout,0.06343437977910305,0.9570732259820034
heteroscedastic,3,0.1,0.1,smoother_1,eu_agreement,0.43676411065012843,0.9816135651097472
heteroscedastic,3,0.1,0.1,smoother_1,acquisition_overlap,0.43676411065012843,0.8834522085987724
heteroscedastic,3,0.1,0.1,smoother_1,eu_group0,0.43676411065012843,0.9816135651097472
heteroscedastic,3,0.1,0.1,smoother_1,eu_group1,0.43676411065012843,0.9816135651097472
heteroscedastic,3,0.1,0.1,smoother_1,eu_id,0.43676411065012843,0.9202627172903878
heteroscedastic,3,0.1,0.1,smoother_1,eu_heldout,0.43676411065012843,0.9816135651097472
heteroscedastic,3,0.1,0.25,cka,eu_agreement,0.6459509221143364,0.9230812927028521
heteroscedastic,3,0.1,0.25,cka,acquisition_overlap,0.6459509221143364,0.886158040994738
heteroscedastic,3,0.1,0.25,cka,eu_group0,0.6459509221143364,0.9230812927028521
heteroscedastic,3,0.1,0.25,cka,eu_group1,0.6459509221143364,0.9230812927028521
heteroscedastic,3,0.1,0.25,cka,eu_id,0.6459509221143364,0.9230812927028521
heteroscedastic,3,0.1,0.25,cka,eu_heldout,0.6459509221143364,0.9846200455497092
heteroscedastic,3,0.1,0.25,mknn,eu_agreement,0.7895,0.9259259259259257
heteroscedastic,3,0.1,0.25,mknn,acquisition_overlap,0.7895,0.8888888888888888
heteroscedastic,3,0.1,0.25,mknn,eu_group0,0.7895,0.9259259259259257
heteroscedastic,3,0.1,0.25,mknn,eu_group1,0.7895,0.9259259259259257
heteroscedastic,3,0.1,0.25,mknn,eu_id,0.7895,0.9259259259259257
heteroscedastic,3,0.1,0.25,mknn,eu_heldout,0.7895,0.9876543209876544
heteroscedastic,3,0.1,0.25,predictivity,eu_agreement,0.014316869386420517,0.9259259259259257
heteroscedastic,3,0.1,0.25,predictivity,acquisition_overlap,0.014316869386420517,0.8888888888888888
heteroscedastic,3,0.1,0.25,predictivity,eu_group0,0.014316869386420517,0.9259259259259257
heteroscedastic,3,0.1,0.25,predictivity,eu_group1,0.014316869386420517,0.9259259259259257
heteroscedastic,3,0.1,0.25,predictivity,eu_id,0.014316869386420517,0.9259259259259257
heteroscedastic,3,0.1,0.25,predictivity,eu_heldout,0.014316869386420517,0.9876543209876544
heteroscedastic,3,0.1,0.25,cca_type,eu_agreement,0.00040281382584339553,0.7706746355884525
heteroscedastic,3,0.1,0.25,cca_type,acquisition_overlap,0.00040281382584339553,0.856305150653836
heteroscedastic,3,0.1,0.25,cca_type,eu_group0,0.00040281382584339553,0.7706746355884525
heteroscedastic,3,0.1,0.25,cca_type,eu_group1,0.00040281382584339553,0.7706746355884525
heteroscedastic,3,0.1,0.25,cca_type,eu_id,0.00040281382584339553,0.7706746355884525
heteroscedastic,3,0.1,0.25,cca_type,eu_heldout,0.00040281382584339553,0.7095099819703212
heteroscedastic,3,0.1,0.25,smoother_001,eu_agreement,0.06343437977910305,0.993883734673619
heteroscedastic,3,0.1,0.25,smoother_001,acquisition_overlap,0.06343437977910305,0.8589118694710287
heteroscedastic,3,0.1,0.25,smoother_001,eu_group0,0.06343437977910305,0.993883734673619
heteroscedastic,3,0.1,0.25,smoother_001,eu_group1,0.06343437977910305,0.993883734673619
heteroscedastic,3,0.1,0.25,smoother_001,eu_id,0.06343437977910305,0.993883734673619
heteroscedastic,3,0.1,0.25,smoother_001,eu_heldout,0.06343437977910305,0.9570732259820034
heteroscedastic,3,0.1,0.25,smoother_1,eu_agreement,0.43676411065012843,0.9202627172903878
heteroscedastic,3,0.1,0.25,smoother_1,acquisition_overlap,0.43676411065012843,0.8834522085987724
heteroscedastic,3,0.1,0.25,smoother_1,eu_group0,0.43676411065012843,0.9202627172903878
heteroscedastic,3,0.1,0.25,smoother_1,eu_group1,0.43676411065012843,0.9202627172903878
heteroscedastic,3,0.1,0.25,smoother_1,eu_id,0.43676411065012843,0.9202627172903878
heteroscedastic,3,0.1,0.25,smoother_1,eu_heldout,0.43676411065012843,0.9816135651097472
heteroscedastic,3,0.1,1.0,cka,eu_agreement,0.6459509221143364,0.9230812927028521
heteroscedastic,3,0.1,1.0,cka,acquisition_overlap,0.6459509221143364,0.9593772712679864
heteroscedastic,3,0.1,1.0,cka,eu_group0,0.6459509221143364,0.9230812927028521
heteroscedastic,3,0.1,1.0,cka,eu_group1,0.6459509221143364,0.9230812927028521
heteroscedastic,3,0.1,1.0,cka,eu_id,0.6459509221143364,0.9230812927028521
heteroscedastic,3,0.1,1.0,cka,eu_heldout,0.6459509221143364,0.9230812927028521
heteroscedastic,3,0.1,1.0,mknn,eu_agreement,0.7895,0.9259259259259257
heteroscedastic,3,0.1,1.0,mknn,acquisition_overlap,0.7895,0.962333756770276
heteroscedastic,3,0.1,1.0,mknn,eu_group0,0.7895,0.9259259259259257
heteroscedastic,3,0.1,1.0,mknn,eu_group1,0.7895,0.9259259259259257
heteroscedastic,3,0.1,1.0,mknn,eu_id,0.7895,0.9259259259259257
heteroscedastic,3,0.1,1.0,mknn,eu_heldout,0.7895,0.9259259259259257
heteroscedastic,3,0.1,1.0,predictivity,eu_agreement,0.014316869386420517,0.9259259259259257
heteroscedastic,3,0.1,1.0,predictivity,acquisition_overlap,0.014316869386420517,0.962333756770276
heteroscedastic,3,0.1,1.0,predictivity,eu_group0,0.014316869386420517,0.9259259259259257
heteroscedastic,3,0.1,1.0,predictivity,eu_group1,0.014316869386420517,0.9259259259259257
heteroscedastic,3,0.1,1.0,predictivity,eu_id,0.014316869386420517,0.9259259259259257
heteroscedastic,3,0.1,1.0,predictivity,eu_heldout,0.014316869386420517,0.9259259259259257
heteroscedastic,3,0.1,1.0,cca_type,eu_agreement,0.00040281382584339553,0.7706746355884525
heteroscedastic,3,0.1,1.0,cca_type,acquisition_overlap,0.00040281382584339553,0.8029853781438303
heteroscedastic,3,0.1,1.0,cca_type,eu_group0,0.00040281382584339553,0.7706746355884525
heteroscedastic,3,0.1,1.0,cca_type,eu_group1,0.00040281382584339553,0.7706746355884525
heteroscedastic,3,0.1,1.0,cca_type,eu_id,0.00040281382584339553,0.7706746355884525
heteroscedastic,3,0.1,1.0,cca_type,eu_heldout,0.00040281382584339553,0.7706746355884525
heteroscedastic,3,0.1,1.0,smoother_001,eu_agreement,0.06343437977910305,0.993883734673619
heteroscedastic,3,0.1,1.0,smoother_001,acquisition_overlap,0.06343437977910305,0.9312781874397218
heteroscedastic,3,0.1,1.0,smoother_001,eu_group0,0.06343437977910305,0.993883734673619
heteroscedastic,3,0.1,1.0,smoother_001,eu_group1,0.06343437977910305,0.993883734673619
heteroscedastic,3,0.1,1.0,smoother_001,eu_id,0.06343437977910305,0.993883734673619
heteroscedastic,3,0.1,1.0,smoother_001,eu_heldout,0.06343437977910305,0.993883734673619
heteroscedastic,3,0.1,1.0,smoother_1,eu_agreement,0.43676411065012843,0.9202627172903878
heteroscedastic,3,0.1,1.0,smoother_1,acquisition_overlap,0.43676411065012843,0.956447868181336
heteroscedastic,3,0.1,1.0,smoother_1,eu_group0,0.43676411065012843,0.9202627172903878
heteroscedastic,3,0.1,1.0,smoother_1,eu_group1,0.43676411065012843,0.9202627172903878
heteroscedastic,3,0.1,1.0,smoother_1,eu_id,0.43676411065012843,0.9202627172903878
heteroscedastic,3,0.1,1.0,smoother_1,eu_heldout,0.43676411065012843,0.9202627172903878
heteroscedastic,3,1.0,0.1,cka,eu_agreement,0.6459509221143364,0.9230812927028521
heteroscedastic,3,1.0,0.1,cka,acquisition_overlap,0.6459509221143364,0.886158040994738
heteroscedastic,3,1.0,0.1,cka,eu_group0,0.6459509221143364,0.9230812927028521
heteroscedastic,3,1.0,0.1,cka,eu_group1,0.6459509221143364,0.9230812927028521
heteroscedastic,3,1.0,0.1,cka,eu_id,0.6459509221143364,0.9230812927028521
heteroscedastic,3,1.0,0.1,cka,eu_heldout,0.6459509221143364,0.9230812927028521
heteroscedastic,3,1.0,0.1,mknn,eu_agreement,0.7895,0.9259259259259257
heteroscedastic,3,1.0,0.1,mknn,acquisition_overlap,0.7895,0.8888888888888888
heteroscedastic,3,1.0,0.1,mknn,eu_group0,0.7895,0.9259259259259257
heteroscedastic,3,1.0,0.1,mknn,eu_group1,0.7895,0.9259259259259257
heteroscedastic,3,1.0,0.1,mknn,eu_id,0.7895,0.9259259259259257
heteroscedastic,3,1.0,0.1,mknn,eu_heldout,0.7895,0.9259259259259257
heteroscedastic,3,1.0,0.1,predictivity,eu_agreement,0.014316869386420517,0.9259259259259257
heteroscedastic,3,1.0,0.1,predictivity,acquisition_overlap,0.014316869386420517,0.8888888888888888
heteroscedastic,3,1.0,0.1,predictivity,eu_group0,0.014316869386420517,0.9259259259259257
heteroscedastic,3,1.0,0.1,predictivity,eu_group1,0.014316869386420517,0.9259259259259257
heteroscedastic,3,1.0,0.1,predictivity,eu_id,0.014316869386420517,0.9259259259259257
heteroscedastic,3,1.0,0.1,predictivity,eu_heldout,0.014316869386420517,0.9259259259259257
heteroscedastic,3,1.0,0.1,cca_type,eu_agreement,0.00040281382584339553,0.7706746355884525
heteroscedastic,3,1.0,0.1,cca_type,acquisition_overlap,0.00040281382584339553,0.856305150653836
heteroscedastic,3,1.0,0.1,cca_type,eu_group0,0.00040281382584339553,0.7706746355884525
heteroscedastic,3,1.0,0.1,cca_type,eu_group1,0.00040281382584339553,0.7706746355884525
heteroscedastic,3,1.0,0.1,cca_type,eu_id,0.00040281382584339553,0.7706746355884525
heteroscedastic,3,1.0,0.1,cca_type,eu_heldout,0.00040281382584339553,0.7706746355884525
heteroscedastic,3,1.0,0.1,smoother_001,eu_agreement,0.06343437977910305,0.993883734673619
heteroscedastic,3,1.0,0.1,smoother_001,acquisition_overlap,0.06343437977910305,0.8589118694710287
heteroscedastic,3,1.0,0.1,smoother_001,eu_group0,0.06343437977910305,0.993883734673619
heteroscedastic,3,1.0,0.1,smoother_001,eu_group1,0.06343437977910305,0.993883734673619
heteroscedastic,3,1.0,0.1,smoother_001,eu_id,0.06343437977910305,0.993883734673619
heteroscedastic,3,1.0,0.1,smoother_001,eu_heldout,0.06343437977910305,0.993883734673619
heteroscedastic,3,1.0,0.1,smoother_1,eu_agreement,0.43676411065012843,0.9202627172903878
heteroscedastic,3,1.0,0.1,smoother_1,acquisition_overlap,0.43676411065012843,0.8834522085987724
heteroscedastic,3,1.0,0.1,smoother_1,eu_group0,0.43676411065012843,0.9202627172903878
heteroscedastic,3,1.0,0.1,smoother_1,eu_group1,0.43676411065012843,0.9202627172903878
heteroscedastic,3,1.0,0.1,smoother_1,eu_id,0.43676411065012843,0.9202627172903878
heteroscedastic,3,1.0,0.1,smoother_1,eu_heldout,0.43676411065012843,0.9202627172903878
heteroscedastic,3,1.0,0.25,cka,eu_agreement,0.6459509221143364,0.9230812927028521
heteroscedastic,3,1.0,0.25,cka,acquisition_overlap,0.6459509221143364,0.962807209934548
heteroscedastic,3,1.0,0.25,cka,eu_group0,0.6459509221143364,0.9230812927028521
heteroscedastic,3,1.0,0.25,cka,eu_group1,0.6459509221143364,0.9230812927028521
heteroscedastic,3,1.0,0.25,cka,eu_id,0.6459509221143364,0.9230812927028521
heteroscedastic,3,1.0,0.25,cka,eu_heldout,0.6459509221143364,0.9230812927028521
heteroscedastic,3,1.0,0.25,mknn,eu_agreement,0.7895,0.9259259259259257
heteroscedastic,3,1.0,0.25,mknn,acquisition_overlap,0.7895,0.965774265380743
heteroscedastic,3,1.0,0.25,mknn,eu_group0,0.7895,0.9259259259259257
heteroscedastic,3,1.0,0.25,mknn,eu_group1,0.7895,0.9259259259259257
heteroscedastic,3,1.0,0.25,mknn,eu_id,0.7895,0.9259259259259257
heteroscedastic,3,1.0,0.25,mknn,eu_heldout,0.7895,0.9259259259259257
heteroscedastic,3,1.0,0.25,predictivity,eu_agreement,0.014316869386420517,0.9259259259259257
heteroscedastic,3,1.0,0.25,predictivity,acquisition_overlap,0.014316869386420517,0.965774265380743
heteroscedastic,3,1.0,0.25,predictivity,eu_group0,0.014316869386420517,0.9259259259259257
heteroscedastic,3,1.0,0.25,predictivity,eu_group1,0.014316869386420517,0.9259259259259257
heteroscedastic,3,1.0,0.25,predictivity,eu_id,0.014316869386420517,0.9259259259259257
heteroscedastic,3,1.0,0.25,predictivity,eu_heldout,0.014316869386420517,0.9259259259259257
heteroscedastic,3,1.0,0.25,cca_type,eu_agreement,0.00040281382584339553,0.7706746355884525
heteroscedastic,3,1.0,0.25,cca_type,acquisition_overlap,0.00040281382584339553,0.7470416847981081
heteroscedastic,3,1.0,0.25,cca_type,eu_group0,0.00040281382584339553,0.7706746355884525
heteroscedastic,3,1.0,0.25,cca_type,eu_group1,0.00040281382584339553,0.7706746355884525
heteroscedastic,3,1.0,0.25,cca_type,eu_id,0.00040281382584339553,0.7706746355884525
heteroscedastic,3,1.0,0.25,cca_type,eu_heldout,0.00040281382584339553,0.7706746355884525
heteroscedastic,3,1.0,0.25,smoother_001,eu_agreement,0.06343437977910305,0.993883734673619
heteroscedastic,3,1.0,0.25,smoother_001,acquisition_overlap,0.06343437977910305,0.9846381036309488
heteroscedastic,3,1.0,0.25,smoother_001,eu_group0,0.06343437977910305,0.993883734673619
heteroscedastic,3,1.0,0.25,smoother_001,eu_group1,0.06343437977910305,0.993883734673619
heteroscedastic,3,1.0,0.25,smoother_001,eu_id,0.06343437977910305,0.993883734673619
heteroscedastic,3,1.0,0.25,smoother_001,eu_heldout,0.06343437977910305,0.993883734673619
heteroscedastic,3,1.0,0.25,smoother_1,eu_agreement,0.43676411065012843,0.9202627172903878
heteroscedastic,3,1.0,0.25,smoother_1,acquisition_overlap,0.43676411065012843,0.9598673337282837
heteroscedastic,3,1.0,0.25,smoother_1,eu_group0,0.43676411065012843,0.9202627172903878
heteroscedastic,3,1.0,0.25,smoother_1,eu_group1,0.43676411065012843,0.9202627172903878
heteroscedastic,3,1.0,0.25,smoother_1,eu_id,0.43676411065012843,0.9202627172903878
heteroscedastic,3,1.0,0.25,smoother_1,eu_heldout,0.43676411065012843,0.9202627172903878
heteroscedastic,3,1.0,1.0,cka,eu_agreement,0.6459509221143364,0.9230812927028521
heteroscedastic,3,1.0,1.0,cka,acquisition_overlap,0.6459509221143364,0.962807209934548
heteroscedastic,3,1.0,1.0,cka,eu_group0,0.6459509221143364,0.9230812927028521
heteroscedastic,3,1.0,1.0,cka,eu_group1,0.6459509221143364,0.9230812927028521
heteroscedastic,3,1.0,1.0,cka,eu_id,0.6459509221143364,0.9230812927028521
heteroscedastic,3,1.0,1.0,cka,eu_heldout,0.6459509221143364,0.9230812927028521
heteroscedastic,3,1.0,1.0,mknn,eu_agreement,0.7895,0.9259259259259257
heteroscedastic,3,1.0,1.0,mknn,acquisition_overlap,0.7895,0.965774265380743
heteroscedastic,3,1.0,1.0,mknn,eu_group0,0.7895,0.9259259259259257
heteroscedastic,3,1.0,1.0,mknn,eu_group1,0.7895,0.9259259259259257
heteroscedastic,3,1.0,1.0,mknn,eu_id,0.7895,0.9259259259259257
heteroscedastic,3,1.0,1.0,mknn,eu_heldout,0.7895,0.9259259259259257
heteroscedastic,3,1.0,1.0,predictivity,eu_agreement,0.014316869386420517,0.9259259259259257
heteroscedastic,3,1.0,1.0,predictivity,acquisition_overlap,0.014316869386420517,0.965774265380743
heteroscedastic,3,1.0,1.0,predictivity,eu_group0,0.014316869386420517,0.9259259259259257
heteroscedastic,3,1.0,1.0,predictivity,eu_group1,0.014316869386420517,0.9259259259259257
heteroscedastic,3,1.0,1.0,predictivity,eu_id,0.014316869386420517,0.9259259259259257
heteroscedastic,3,1.0,1.0,predictivity,eu_heldout,0.014316869386420517,0.9259259259259257
heteroscedastic,3,1.0,1.0,cca_type,eu_agreement,0.00040281382584339553,0.7706746355884525
heteroscedastic,3,1.0,1.0,cca_type,acquisition_overlap,0.00040281382584339553,0.7470416847981081
heteroscedastic,3,1.0,1.0,cca_type,eu_group0,0.00040281382584339553,0.7706746355884525
heteroscedastic,3,1.0,1.0,cca_type,eu_group1,0.00040281382584339553,0.7706746355884525
heteroscedastic,3,1.0,1.0,cca_type,eu_id,0.00040281382584339553,0.7706746355884525
heteroscedastic,3,1.0,1.0,cca_type,eu_heldout,0.00040281382584339553,0.7706746355884525
heteroscedastic,3,1.0,1.0,smoother_001,eu_agreement,0.06343437977910305,0.993883734673619
heteroscedastic,3,1.0,1.0,smoother_001,acquisition_overlap,0.06343437977910305,0.9846381036309488
heteroscedastic,3,1.0,1.0,smoother_001,eu_group0,0.06343437977910305,0.993883734673619
heteroscedastic,3,1.0,1.0,smoother_001,eu_group1,0.06343437977910305,0.993883734673619
heteroscedastic,3,1.0,1.0,smoother_001,eu_id,0.06343437977910305,0.993883734673619
heteroscedastic,3,1.0,1.0,smoother_001,eu_heldout,0.06343437977910305,0.993883734673619
heteroscedastic,3,1.0,1.0,smoother_1,eu_agreement,0.43676411065012843,0.9202627172903878
heteroscedastic,3,1.0,1.0,smoother_1,acquisition_overlap,0.43676411065012843,0.9598673337282837
heteroscedastic,3,1.0,1.0,smoother_1,eu_group0,0.43676411065012843,0.9202627172903878
heteroscedastic,3,1.0,1.0,smoother_1,eu_group1,0.43676411065012843,0.9202627172903878
heteroscedastic,3,1.0,1.0,smoother_1,eu_id,0.43676411065012843,0.9202627172903878
heteroscedastic,3,1.0,1.0,smoother_1,eu_heldout,0.43676411065012843,0.9202627172903878
heteroscedastic,3,10.0,0.1,cka,eu_agreement,0.6459509221143364,0.9230812927028521
heteroscedastic,3,10.0,0.1,cka,acquisition_overlap,0.6459509221143364,0.7650745038111918
heteroscedastic,3,10.0,0.1,cka,eu_group0,0.6459509221143364,0.9230812927028521
heteroscedastic,3,10.0,0.1,cka,eu_group1,0.6459509221143364,0.9230812927028521
heteroscedastic,3,10.0,0.1,cka,eu_id,0.6459509221143364,0.9230812927028521
heteroscedastic,3,10.0,0.1,cka,eu_heldout,0.6459509221143364,0.9230812927028521
heteroscedastic,3,10.0,0.1,mknn,eu_agreement,0.7895,0.9259259259259257
heteroscedastic,3,10.0,0.1,mknn,acquisition_overlap,0.7895,0.7674322120313372
heteroscedastic,3,10.0,0.1,mknn,eu_group0,0.7895,0.9259259259259257
heteroscedastic,3,10.0,0.1,mknn,eu_group1,0.7895,0.9259259259259257
heteroscedastic,3,10.0,0.1,mknn,eu_id,0.7895,0.9259259259259257
heteroscedastic,3,10.0,0.1,mknn,eu_heldout,0.7895,0.9259259259259257
heteroscedastic,3,10.0,0.1,predictivity,eu_agreement,0.014316869386420517,0.9259259259259257
heteroscedastic,3,10.0,0.1,predictivity,acquisition_overlap,0.014316869386420517,0.7674322120313372
heteroscedastic,3,10.0,0.1,predictivity,eu_group0,0.014316869386420517,0.9259259259259257
heteroscedastic,3,10.0,0.1,predictivity,eu_group1,0.014316869386420517,0.9259259259259257
heteroscedastic,3,10.0,0.1,predictivity,eu_id,0.014316869386420517,0.9259259259259257
heteroscedastic,3,10.0,0.1,predictivity,eu_heldout,0.014316869386420517,0.9259259259259257
heteroscedastic,3,10.0,0.1,cca_type,eu_agreement,0.00040281382584339553,0.7706746355884525
heteroscedastic,3,10.0,0.1,cca_type,acquisition_overlap,0.00040281382584339553,0.9224810301416777
heteroscedastic,3,10.0,0.1,cca_type,eu_group0,0.00040281382584339553,0.7706746355884525
heteroscedastic,3,10.0,0.1,cca_type,eu_group1,0.00040281382584339553,0.7706746355884525
heteroscedastic,3,10.0,0.1,cca_type,eu_id,0.00040281382584339553,0.7706746355884525
heteroscedastic,3,10.0,0.1,cca_type,eu_heldout,0.00040281382584339553,0.7706746355884525
heteroscedastic,3,10.0,0.1,smoother_001,eu_agreement,0.06343437977910305,0.993883734673619
heteroscedastic,3,10.0,0.1,smoother_001,acquisition_overlap,0.06343437977910305,0.7877462091665598
heteroscedastic,3,10.0,0.1,smoother_001,eu_group0,0.06343437977910305,0.993883734673619
heteroscedastic,3,10.0,0.1,smoother_001,eu_group1,0.06343437977910305,0.993883734673619
heteroscedastic,3,10.0,0.1,smoother_001,eu_id,0.06343437977910305,0.993883734673619
heteroscedastic,3,10.0,0.1,smoother_001,eu_heldout,0.06343437977910305,0.993883734673619
heteroscedastic,3,10.0,0.1,smoother_1,eu_agreement,0.43676411065012843,0.9202627172903878
heteroscedastic,3,10.0,0.1,smoother_1,acquisition_overlap,0.43676411065012843,0.762738393002542
heteroscedastic,3,10.0,0.1,smoother_1,eu_group0,0.43676411065012843,0.9202627172903878
heteroscedastic,3,10.0,0.1,smoother_1,eu_group1,0.43676411065012843,0.9202627172903878
heteroscedastic,3,10.0,0.1,smoother_1,eu_id,0.43676411065012843,0.9202627172903878
heteroscedastic,3,10.0,0.1,smoother_1,eu_heldout,0.43676411065012843,0.9202627172903878
heteroscedastic,3,10.0,0.25,cka,eu_agreement,0.6459509221143364,0.9230812927028521
heteroscedastic,3,10.0,0.25,cka,acquisition_overlap,0.6459509221143364,0.9435105285935409
heteroscedastic,3,10.0,0.25,cka,eu_group0,0.6459509221143364,0.886158040994738
heteroscedastic,3,10.0,0.25,cka,eu_group1,0.6459509221143364,0.9230812927028521
heteroscedastic,3,10.0,0.25,cka,eu_id,0.6459509221143364,0.9230812927028521
heteroscedastic,3,10.0,0.25,cka,eu_heldout,0.6459509221143364,0.9230812927028521
heteroscedastic,3,10.0,0.25,mknn,eu_agreement,0.7895,0.9259259259259257
heteroscedastic,3,10.0,0.25,mknn,acquisition_overlap,0.7895,0.9464181180086597
heteroscedastic,3,10.0,0.25,mknn,eu_group0,0.7895,0.8888888888888888
heteroscedastic,3,10.0,0.25,mknn,eu_group1,0.7895,0.9259259259259257
heteroscedastic,3,10.0,0.25,mknn,eu_id,0.7895,0.9259259259259257
heteroscedastic,3,10.0,0.25,mknn,eu_heldout,0.7895,0.9259259259259257
heteroscedastic,3,10.0,0.25,predictivity,eu_agreement,0.014316869386420517,0.9259259259259257
heteroscedastic,3,10.0,0.25,predictivity,acquisition_overlap,0.014316869386420517,0.9464181180086597
heteroscedastic,3,10.0,0.25,predictivity,eu_group0,0.014316869386420517,0.8888888888888888
heteroscedastic,3,10.0,0.25,predictivity,eu_group1,0.014316869386420517,0.9259259259259257
heteroscedastic,3,10.0,0.25,predictivity,eu_id,0.014316869386420517,0.9259259259259257
heteroscedastic,3,10.0,0.25,predictivity,eu_heldout,0.014316869386420517,0.9259259259259257
heteroscedastic,3,10.0,0.25,cca_type,eu_agreement,0.00040281382584339553,0.7706746355884525
heteroscedastic,3,10.0,0.25,cca_type,acquisition_overlap,0.00040281382584339553,0.6860232117781695
heteroscedastic,3,10.0,0.25,cca_type,eu_group0,0.00040281382584339553,0.7339758434175736
heteroscedastic,3,10.0,0.25,cca_type,eu_group1,0.00040281382584339553,0.7706746355884525
heteroscedastic,3,10.0,0.25,cca_type,eu_id,0.00040281382584339553,0.7706746355884525
heteroscedastic,3,10.0,0.25,cca_type,eu_heldout,0.00040281382584339553,0.7706746355884525
heteroscedastic,3,10.0,0.25,smoother_001,eu_agreement,0.06343437977910305,0.993883734673619
heteroscedastic,3,10.0,0.25,smoother_001,acquisition_overlap,0.06343437977910305,0.965881374325177
heteroscedastic,3,10.0,0.25,smoother_001,eu_group0,0.06343437977910305,0.9570732259820034
heteroscedastic,3,10.0,0.25,smoother_001,eu_group1,0.06343437977910305,0.993883734673619
heteroscedastic,3,10.0,0.25,smoother_001,eu_id,0.06343437977910305,0.993883734673619
heteroscedastic,3,10.0,0.25,smoother_001,eu_heldout,0.06343437977910305,0.993883734673619
heteroscedastic,3,10.0,0.25,smoother_1,eu_agreement,0.43676411065012843,0.9202627172903878
heteroscedastic,3,10.0,0.25,smoother_1,acquisition_overlap,0.43676411065012843,0.9406295736892245
heteroscedastic,3,10.0,0.25,smoother_1,eu_group0,0.43676411065012843,0.8834522085987724
heteroscedastic,3,10.0,0.25,smoother_1,eu_group1,0.43676411065012843,0.9202627172903878
heteroscedastic,3,10.0,0.25,smoother_1,eu_id,0.43676411065012843,0.9202627172903878
heteroscedastic,3,10.0,0.25,smoother_1,eu_heldout,0.43676411065012843,0.9202627172903878
heteroscedastic,3,10.0,1.0,cka,eu_agreement,0.6459509221143364,0.9230812927028521
heteroscedastic,3,10.0,1.0,cka,acquisition_overlap,0.6459509221143364,0.8580188337201026
heteroscedastic,3,10.0,1.0,cka,eu_group0,0.6459509221143364,0.9230812927028521
heteroscedastic,3,10.0,1.0,cka,eu_group1,0.6459509221143364,0.9230812927028521
heteroscedastic,3,10.0,1.0,cka,eu_id,0.6459509221143364,0.9230812927028521
heteroscedastic,3,10.0,1.0,cka,eu_heldout,0.6459509221143364,0.9230812927028521
heteroscedastic,3,10.0,1.0,mknn,eu_agreement,0.7895,0.9259259259259257
heteroscedastic,3,10.0,1.0,mknn,acquisition_overlap,0.7895,0.8606629658238704
heteroscedastic,3,10.0,1.0,mknn,eu_group0,0.7895,0.9259259259259257
heteroscedastic,3,10.0,1.0,mknn,eu_group1,0.7895,0.9259259259259257
heteroscedastic,3,10.0,1.0,mknn,eu_id,0.7895,0.9259259259259257
heteroscedastic,3,10.0,1.0,mknn,eu_heldout,0.7895,0.9259259259259257
heteroscedastic,3,10.0,1.0,predictivity,eu_agreement,0.014316869386420517,0.9259259259259257
heteroscedastic,3,10.0,1.0,predictivity,acquisition_overlap,0.014316869386420517,0.8606629658238704
heteroscedastic,3,10.0,1.0,predictivity,eu_group0,0.014316869386420517,0.9259259259259257
heteroscedastic,3,10.0,1.0,predictivity,eu_group1,0.014316869386420517,0.9259259259259257
heteroscedastic,3,10.0,1.0,predictivity,eu_id,0.014316869386420517,0.9259259259259257
heteroscedastic,3,10.0,1.0,predictivity,eu_heldout,0.014316869386420517,0.9259259259259257
heteroscedastic,3,10.0,1.0,cca_type,eu_agreement,0.00040281382584339553,0.7706746355884525
heteroscedastic,3,10.0,1.0,cca_type,acquisition_overlap,0.00040281382584339553,0.8528028654224417
heteroscedastic,3,10.0,1.0,cca_type,eu_group0,0.00040281382584339553,0.7706746355884525
heteroscedastic,3,10.0,1.0,cca_type,eu_group1,0.00040281382584339553,0.7706746355884525
heteroscedastic,3,10.0,1.0,cca_type,eu_id,0.00040281382584339553,0.7706746355884525
heteroscedastic,3,10.0,1.0,cca_type,eu_heldout,0.00040281382584339553,0.7706746355884525
heteroscedastic,3,10.0,1.0,smoother_001,eu_agreement,0.06343437977910305,0.993883734673619
heteroscedastic,3,10.0,1.0,smoother_001,acquisition_overlap,0.06343437977910305,0.8553989227683017
heteroscedastic,3,10.0,1.0,smoother_001,eu_group0,0.06343437977910305,0.993883734673619
heteroscedastic,3,10.0,1.0,smoother_001,eu_group1,0.06343437977910305,0.993883734673619
heteroscedastic,3,10.0,1.0,smoother_001,eu_id,0.06343437977910305,0.993883734673619
heteroscedastic,3,10.0,1.0,smoother_001,eu_heldout,0.06343437977910305,0.993883734673619
heteroscedastic,3,10.0,1.0,smoother_1,eu_agreement,0.43676411065012843,0.9202627172903878
heteroscedastic,3,10.0,1.0,smoother_1,acquisition_overlap,0.43676411065012843,0.8553989227683017
heteroscedastic,3,10.0,1.0,smoother_1,eu_group0,0.43676411065012843,0.9202627172903878
heteroscedastic,3,10.0,1.0,smoother_1,eu_group1,0.43676411065012843,0.9202627172903878
heteroscedastic,3,10.0,1.0,smoother_1,eu_id,0.43676411065012843,0.9202627172903878
heteroscedastic,3,10.0,1.0,smoother_1,eu_heldout,0.43676411065012843,0.9202627172903878
heteroscedastic,4,0.1,0.1,cka,eu_agreement,0.719223075935418,0.760750512960054
heteroscedastic,4,0.1,0.1,cka,acquisition_overlap,0.719223075935418,0.7252266687565152
heteroscedastic,4,0.1,0.1,cka,eu_group0,0.719223075935418,0.7975610216516694
heteroscedastic,4,0.1,0.1,cka,eu_group1,0.719223075935418,0.760750512960054
heteroscedastic,4,0.1,0.1,cka,eu_id,0.719223075935418,0.9448030564181316
heteroscedastic,4,0.1,0.1,cka,eu_heldout,0.719223075935418,0.760750512960054
heteroscedastic,4,0.1,0.1,mknn,eu_agreement,0.8029999999999999,0.7654320987654321
heteroscedastic,4,0.1,0.1,mknn,acquisition_overlap,0.8029999999999999,0.7296896442265172
heteroscedastic,4,0.1,0.1,mknn,eu_group0,0.8029999999999999,0.802469135802469
heteroscedastic,4,0.1,0.1,mknn,eu_group1,0.8029999999999999,0.7654320987654321
heteroscedastic,4,0.1,0.1,mknn,eu_id,0.8029999999999999,0.9506172839506172
heteroscedastic,4,0.1,0.1,mknn,eu_heldout,0.8029999999999999,0.7654320987654321
heteroscedastic,4,0.1,0.1,predictivity,eu_agreement,0.005806746844911448,0.6153875284685681
heteroscedastic,4,0.1,0.1,predictivity,acquisition_overlap,0.005806746844911448,0.5393148141619877
heteroscedastic,4,0.1,0.1,predictivity,eu_group0,0.005806746844911448,0.5784642767604541
heteroscedastic,4,0.1,0.1,predictivity,eu_group1,0.005806746844911448,0.6153875284685681
heteroscedastic,4,0.1,0.1,predictivity,eu_id,0.005806746844911448,0.8738502904253667
heteroscedastic,4,0.1,0.1,predictivity,eu_heldout,0.005806746844911448,0.6153875284685681
heteroscedastic,4,0.1,0.1,cca_type,eu_agreement,0.00047340834780318364,0.4648513674977967
heteroscedastic,4,0.1,0.1,cca_type,acquisition_overlap,0.00047340834780318364,0.41137667560372115
heteroscedastic,4,0.1,0.1,cca_type,eu_group0,0.00047340834780318364,0.4036867138796655
heteroscedastic,4,0.1,0.1,cca_type,eu_group1,0.00047340834780318364,0.4648513674977967
heteroscedastic,4,0.1,0.1,cca_type,eu_id,0.00047340834780318364,0.697277051246695
heteroscedastic,4,0.1,0.1,cca_type,eu_heldout,0.00047340834780318364,0.4648513674977967
heteroscedastic,4,0.1,0.1,smoother_001,eu_agreement,0.050951474662823015,0.6116465361813115
heteroscedastic,4,0.1,0.1,smoother_001,acquisition_overlap,0.050951474662823015,0.5360362742715155
heteroscedastic,4,0.1,0.1,smoother_001,eu_group0,0.050951474662823015,0.5749477440104327
heteroscedastic,4,0.1,0.1,smoother_001,eu_group1,0.050951474662823015,0.6116465361813115
heteroscedastic,4,0.1,0.1,smoother_001,eu_id,0.050951474662823015,0.8685380813774621
heteroscedastic,4,0.1,0.1,smoother_001,eu_heldout,0.050951474662823015,0.6116465361813115
heteroscedastic,4,0.1,0.1,smoother_1,eu_agreement,0.44529493399352715,0.6850441205230687
heteroscedastic,4,0.1,0.1,smoother_1,acquisition_overlap,0.44529493399352715,0.6606958729393096
heteroscedastic,4,0.1,0.1,smoother_1,eu_group0,0.44529493399352715,0.7462087741411999
heteroscedastic,4,0.1,0.1,smoother_1,eu_group1,0.44529493399352715,0.6850441205230687
heteroscedastic,4,0.1,0.1,smoother_1,eu_id,0.44529493399352715,0.8930039428247147
heteroscedastic,4,0.1,0.1,smoother_1,eu_heldout,0.44529493399352715,0.6850441205230687
heteroscedastic,4,0.1,0.25,cka,eu_agreement,0.719223075935418,0.8589118694710287
heteroscedastic,4,0.1,0.25,cka,acquisition_overlap,0.719223075935418,0.6997742497502971
heteroscedastic,4,0.1,0.25,cka,eu_group0,0.719223075935418,0.8589118694710287
heteroscedastic,4,0.1,0.25,cka,eu_group1,0.719223075935418,0.8711820390349004
heteroscedastic,4,0.1,0.25,cka,eu_id,0.719223075935418,0.8711820390349004
heteroscedastic,4,0.1,0.25,cka,eu_heldout,0.719223075935418,0.760750512960054
heteroscedastic,4,0.1,0.25,mknn,eu_agreement,0.8029999999999999,0.8641975308641975
heteroscedastic,4,0.1,0.25,mknn,acquisition_overlap,0.8029999999999999,0.7040805934711223
heteroscedastic,4,0.1,0.25,mknn,eu_group0,0.8029999999999999,0.8641975308641975
heteroscedastic,4,0.1,0.25,mknn,eu_group1,0.8029999999999999,0.8765432098765431
heteroscedastic,4,0.1,0.25,mknn,eu_id,0.8029999999999999,0.8765432098765431
heteroscedastic,4,0.1,0.25,mknn,eu_heldout,0.8029999999999999,0.7654320987654321
heteroscedastic,4,0.1,0.25,predictivity,eu_agreement,0.005806746844911448,0.8123115375785099
heteroscedastic,4,0.1,0.25,predictivity,acquisition_overlap,0.005806746844911448,0.5652610071228636
heteroscedastic,4,0.1,0.25,predictivity,eu_group0,0.005806746844911448,0.8123115375785099
heteroscedastic,4,0.1,0.25,predictivity,eu_group1,0.005806746844911448,0.8615425398559954
heteroscedastic,4,0.1,0.25,predictivity,eu_id,0.005806746844911448,0.8615425398559954
heteroscedastic,4,0.1,0.25,predictivity,eu_heldout,0.005806746844911448,0.6153875284685681
heteroscedastic,4,0.1,0.25,cca_type,eu_agreement,0.00047340834780318364,0.6605782590758164
heteroscedastic,4,0.1,0.25,cca_type,acquisition_overlap,0.00047340834780318364,0.4136511808386218
heteroscedastic,4,0.1,0.25,cca_type,eu_group0,0.00047340834780318364,0.6605782590758164
heteroscedastic,4,0.1,0.25,cca_type,eu_group1,0.00047340834780318364,0.7095099819703212
heteroscedastic,4,0.1,0.25,cca_type,eu_id,0.00047340834780318364,0.7095099819703212
heteroscedastic,4,0.1,0.25,cca_type,eu_heldout,0.00047340834780318364,0.4648513674977967
heteroscedastic,4,0.1,0.25,smoother_001,eu_agreement,0.050951474662823015,0.807373427759331
heteroscedastic,4,0.1,0.25,smoother_001,acquisition_overlap,0.050951474662823015,0.5618247381539491
heteroscedastic,4,0.1,0.25,smoother_001,eu_group0,0.050951474662823015,0.807373427759331
heteroscedastic,4,0.1,0.25,smoother_001,eu_group1,0.050951474662823015,0.856305150653836
heteroscedastic,4,0.1,0.25,smoother_001,eu_id,0.050951474662823015,0.856305150653836
heteroscedastic,4,0.1,0.25,smoother_001,eu_heldout,0.050951474662823015,0.6116465361813115
heteroscedastic,4,0.1,0.25,smoother_1,eu_agreement,0.44529493399352715,0.7829075663120786
heteroscedastic,4,0.1,0.25,smoother_1,acquisition_overlap,0.44529493399352715,0.6112159239257248
heteroscedastic,4,0.1,0.25,smoother_1,eu_group0,0.44529493399352715,0.7829075663120786
heteroscedastic,4,0.1,0.25,smoother_1,eu_group1,0.44529493399352715,0.807373427759331
heteroscedastic,4,0.1,0.25,smoother_1,eu_id,0.44529493399352715,0.807373427759331
heteroscedastic,4,0.1,0.25,smoother_1,eu_heldout,0.44529493399352715,0.6850441205230687
heteroscedastic,4,0.1,1.0,cka,eu_agreement,0.719223075935418,0.8098311912155413
heteroscedastic,4,0.1,1.0,cka,acquisition_overlap,0.719223075935418,0.8396223711454153
heteroscedastic,4,0.1,1.0,cka,eu_group0,0.719223075935418,0.8098311912155413
heteroscedastic,4,0.1,1.0,cka,eu_group1,0.719223075935418,0.8098311912155413
heteroscedastic,4,0.1,1.0,cka,eu_id,0.719223075935418,0.8098311912155413
heteroscedastic,4,0.1,1.0,cka,eu_heldout,0.719223075935418,0.8711820390349004
heteroscedastic,4,0.1,1.0,mknn,eu_agreement,0.8029999999999999,0.8148148148148148
heteroscedastic,4,0.1,1.0,mknn,acquisition_overlap,0.8029999999999999,0.8447893268130989
heteroscedastic,4,0.1,1.0,mknn,eu_group0,0.8029999999999999,0.8148148148148148
heteroscedastic,4,0.1,1.0,mknn,eu_group1,0.8029999999999999,0.8148148148148148
heteroscedastic,4,0.1,1.0,mknn,eu_id,0.8029999999999999,0.8148148148148148
heteroscedastic,4,0.1,1.0,mknn,eu_heldout,0.8029999999999999,0.8765432098765431
heteroscedastic,4,0.1,1.0,predictivity,eu_agreement,0.005806746844911448,0.9230812927028521
heteroscedastic,4,0.1,1.0,predictivity,acquisition_overlap,0.005806746844911448,0.7598742512162746
heteroscedastic,4,0.1,1.0,predictivity,eu_group0,0.005806746844911448,0.9230812927028521
heteroscedastic,4,0.1,1.0,predictivity,eu_group1,0.005806746844911448,0.9230812927028521
heteroscedastic,4,0.1,1.0,predictivity,eu_id,0.005806746844911448,0.9230812927028521
heteroscedastic,4,0.1,1.0,predictivity,eu_heldout,0.005806746844911448,0.8615425398559954
heteroscedastic,4,0.1,1.0,cca_type,eu_agreement,0.00047340834780318364,0.8440722199302098
heteroscedastic,4,0.1,1.0,cca_type,acquisition_overlap,0.00047340834780318364,0.6042039296394888
heteroscedastic,4,0.1,1.0,cca_type,eu_group0,0.00047340834780318364,0.8440722199302098
heteroscedastic,4,0.1,1.0,cca_type,eu_group1,0.00047340834780318364,0.8440722199302098
heteroscedastic,4,0.1,1.0,cca_type,eu_id,0.00047340834780318364,0.8440722199302098
heteroscedastic,4,0.1,1.0,cca_type,eu_heldout,0.00047340834780318364,0.7095099819703212
heteroscedastic,4,0.1,1.0,smoother_001,eu_agreement,0.050951474662823015,0.917469804271967
heteroscedastic,4,0.1,1.0,smoother_001,acquisition_overlap,0.050951474662823015,0.755254912049361
heteroscedastic,4,0.1,1.0,smoother_001,eu_group0,0.050951474662823015,0.917469804271967
heteroscedastic,4,0.1,1.0,smoother_001,eu_group1,0.050951474662823015,0.917469804271967
heteroscedastic,4,0.1,1.0,smoother_001,eu_id,0.050951474662823015,0.917469804271967
heteroscedastic,4,0.1,1.0,smoother_001,eu_heldout,0.050951474662823015,0.856305150653836
heteroscedastic,4,0.1,1.0,smoother_1,eu_agreement,0.44529493399352715,0.7706746355884525
heteroscedastic,4,0.1,1.0,smoother_1,acquisition_overlap,0.44529493399352715,0.7678424939168503
heteroscedastic,4,0.1,1.0,smoother_1,eu_group0,0.44529493399352715,0.7706746355884525
heteroscedastic,4,0.1,1.0,smoother_1,eu_group1,0.44529493399352715,0.7706746355884525
heteroscedastic,4,0.1,1.0,smoother_1,eu_id,0.44529493399352715,0.7706746355884525
heteroscedastic,4,0.1,1.0,smoother_1,eu_heldout,0.44529493399352715,0.807373427759331
heteroscedastic,4,1.0,0.1,cka,eu_agreement,0.719223075935418,0.8098311912155413
heteroscedastic,4,1.0,0.1,cka,acquisition_overlap,0.719223075935418,0.8677292768277213
heteroscedastic,4,1.0,0.1,cka,eu_group0,0.719223075935418,0.8098311912155413
heteroscedastic,4,1.0,0.1,cka,eu_group1,0.719223075935418,0.8098311912155413
heteroscedastic,4,1.0,0.1,cka,eu_id,0.719223075935418,0.8098311912155413
heteroscedastic,4,1.0,0.1,cka,eu_heldout,0.719223075935418,0.8098311912155413
heteroscedastic,4,1.0,0.1,mknn,eu_agreement,0.8029999999999999,0.8148148148148148
heteroscedastic,4,1.0,0.1,mknn,acquisition_overlap,0.8029999999999999,0.8730691997013861
heteroscedastic,4,1.0,0.1,mknn,eu_group0,0.8029999999999999,0.8148148148148148
heteroscedastic,4,1.0,0.1,mknn,eu_group1,0.8029999999999999,0.8148148148148148
heteroscedastic,4,1.0,0.1,mknn,eu_id,0.8029999999999999,0.8148148148148148
heteroscedastic,4,1.0,0.1,mknn,eu_heldout,0.8029999999999999,0.8148148148148148
heteroscedastic,4,1.0,0.1,predictivity,eu_agreement,0.005806746844911448,0.9230812927028521
heteroscedastic,4,1.0,0.1,predictivity,acquisition_overlap,0.005806746844911448,0.8395221675462007
heteroscedastic,4,1.0,0.1,predictivity,eu_group0,0.005806746844911448,0.9230812927028521
heteroscedastic,4,1.0,0.1,predictivity,eu_group1,0.005806746844911448,0.9230812927028521
heteroscedastic,4,1.0,0.1,predictivity,eu_id,0.005806746844911448,0.9230812927028521
heteroscedastic,4,1.0,0.1,predictivity,eu_heldout,0.005806746844911448,0.9230812927028521
heteroscedastic,4,1.0,0.1,cca_type,eu_agreement,0.00047340834780318364,0.8440722199302098
heteroscedastic,4,1.0,0.1,cca_type,acquisition_overlap,0.00047340834780318364,0.6871682934366307
heteroscedastic,4,1.0,0.1,cca_type,eu_group0,0.00047340834780318364,0.8440722199302098
heteroscedastic,4,1.0,0.1,cca_type,eu_group1,0.00047340834780318364,0.8440722199302098
heteroscedastic,4,1.0,0.1,cca_type,eu_id,0.00047340834780318364,0.8440722199302098
heteroscedastic,4,1.0,0.1,cca_type,eu_heldout,0.00047340834780318364,0.8440722199302098
heteroscedastic,4,1.0,0.1,smoother_001,eu_agreement,0.050951474662823015,0.917469804271967
heteroscedastic,4,1.0,0.1,smoother_001,acquisition_overlap,0.050951474662823015,0.8344186420301943
heteroscedastic,4,1.0,0.1,smoother_001,eu_group0,0.050951474662823015,0.917469804271967
heteroscedastic,4,1.0,0.1,smoother_001,eu_group1,0.050951474662823015,0.917469804271967
heteroscedastic,4,1.0,0.1,smoother_001,eu_id,0.050951474662823015,0.917469804271967
heteroscedastic,4,1.0,0.1,smoother_001,eu_heldout,0.050951474662823015,0.917469804271967
heteroscedastic,4,1.0,0.1,smoother_1,eu_agreement,0.44529493399352715,0.7706746355884525
heteroscedastic,4,1.0,0.1,smoother_1,acquisition_overlap,0.44529493399352715,0.7976060548818034
heteroscedastic,4,1.0,0.1,smoother_1,eu_group0,0.44529493399352715,0.7706746355884525
heteroscedastic,4,1.0,0.1,smoother_1,eu_group1,0.44529493399352715,0.7706746355884525
heteroscedastic,4,1.0,0.1,smoother_1,eu_id,0.44529493399352715,0.7706746355884525
heteroscedastic,4,1.0,0.1,smoother_1,eu_heldout,0.44529493399352715,0.7706746355884525
heteroscedastic,4,1.0,0.25,cka,eu_agreement,0.719223075935418,0.8957223781626442
heteroscedastic,4,1.0,0.25,cka,acquisition_overlap,0.719223075935418,0.8098311912155413
heteroscedastic,4,1.0,0.25,cka,eu_group0,0.719223075935418,0.8098311912155413
heteroscedastic,4,1.0,0.25,cka,eu_group1,0.719223075935418,0.8834522085987724
heteroscedastic,4,1.0,0.25,cka,eu_id,0.719223075935418,0.8098311912155413
heteroscedastic,4,1.0,0.25,cka,eu_heldout,0.719223075935418,0.8098311912155413
heteroscedastic,4,1.0,0.25,mknn,eu_agreement,0.8029999999999999,0.9012345679012346
heteroscedastic,4,1.0,0.25,mknn,acquisition_overlap,0.8029999999999999,0.8148148148148148
heteroscedastic,4,1.0,0.25,mknn,eu_group0,0.8029999999999999,0.8148148148148148
heteroscedastic,4,1.0,0.25,mknn,eu_group1,0.8029999999999999,0.8888888888888888
heteroscedastic,4,1.0,0.25,mknn,eu_id,0.8029999999999999,0.8148148148148148
heteroscedastic,4,1.0,0.25,mknn,eu_heldout,0.8029999999999999,0.8148148148148148
heteroscedastic,4,1.0,0.25,predictivity,eu_agreement,0.005806746844911448,0.9846200455497092
heteroscedastic,4,1.0,0.25,predictivity,acquisition_overlap,0.005806746844911448,0.9230812927028521
heteroscedastic,4,1.0,0.25,predictivity,eu_group0,0.005806746844911448,0.9230812927028521
heteroscedastic,4,1.0,0.25,predictivity,eu_group1,0.005806746844911448,0.9969277961190804
heteroscedastic,4,1.0,0.25,predictivity,eu_id,0.005806746844911448,0.9230812927028521
heteroscedastic,4,1.0,0.25,predictivity,eu_heldout,0.005806746844911448,0.9230812927028521
heteroscedastic,4,1.0,0.25,cca_type,eu_agreement,0.00047340834780318364,0.8807710121010884
heteroscedastic,4,1.0,0.25,cca_type,acquisition_overlap,0.00047340834780318364,0.8440722199302098
heteroscedastic,4,1.0,0.25,cca_type,eu_group0,0.00047340834780318364,0.8440722199302098
heteroscedastic,4,1.0,0.25,cca_type,eu_group1,0.00047340834780318364,0.917469804271967
heteroscedastic,4,1.0,0.25,cca_type,eu_id,0.00047340834780318364,0.8440722199302098
heteroscedastic,4,1.0,0.25,cca_type,eu_heldout,0.00047340834780318364,0.8440722199302098
heteroscedastic,4,1.0,0.25,smoother_001,eu_agreement,0.050951474662823015,0.9786344578900984
heteroscedastic,4,1.0,0.25,smoother_001,acquisition_overlap,0.050951474662823015,0.917469804271967
heteroscedastic,4,1.0,0.25,smoother_001,eu_group0,0.050951474662823015,0.917469804271967
heteroscedastic,4,1.0,0.25,smoother_001,eu_group1,0.050951474662823015,0.9908673886137245
heteroscedastic,4,1.0,0.25,smoother_001,eu_id,0.050951474662823015,0.917469804271967
heteroscedastic,4,1.0,0.25,smoother_001,eu_heldout,0.050951474662823015,0.917469804271967
heteroscedastic,4,1.0,0.25,smoother_1,eu_agreement,0.44529493399352715,0.8807710121010884
heteroscedastic,4,1.0,0.25,smoother_1,acquisition_overlap,0.44529493399352715,0.7706746355884525
heteroscedastic,4,1.0,0.25,smoother_1,eu_group0,0.44529493399352715,0.7706746355884525
heteroscedastic,4,1.0,0.25,smoother_1,eu_group1,0.44529493399352715,0.8930039428247147
heteroscedastic,4,1.0,0.25,smoother_1,eu_id,0.44529493399352715,0.7706746355884525
heteroscedastic,4,1.0,0.25,smoother_1,eu_heldout,0.44529493399352715,0.7706746355884525
heteroscedastic,4,1.0,1.0,cka,eu_agreement,0.719223075935418,0.8834522085987724
heteroscedastic,4,1.0,1.0,cka,acquisition_overlap,0.719223075935418,0.8834522085987724
heteroscedastic,4,1.0,1.0,cka,eu_group0,0.719223075935418,0.8834522085987724
heteroscedastic,4,1.0,1.0,cka,eu_group1,0.719223075935418,0.8834522085987724
heteroscedastic,4,1.0,1.0,cka,eu_id,0.719223075935418,0.8834522085987724
heteroscedastic,4,1.0,1.0,cka,eu_heldout,0.719223075935418,0.8834522085987724
heteroscedastic,4,1.0,1.0,mknn,eu_agreement,0.8029999999999999,0.8888888888888888
heteroscedastic,4,1.0,1.0,mknn,acquisition_overlap,0.8029999999999999,0.8888888888888888
heteroscedastic,4,1.0,1.0,mknn,eu_group0,0.8029999999999999,0.8888888888888888
heteroscedastic,4,1.0,1.0,mknn,eu_group1,0.8029999999999999,0.8888888888888888
heteroscedastic,4,1.0,1.0,mknn,eu_id,0.8029999999999999,0.8888888888888888
heteroscedastic,4,1.0,1.0,mknn,eu_heldout,0.8029999999999999,0.8888888888888888
heteroscedastic,4,1.0,1.0,predictivity,eu_agreement,0.005806746844911448,0.9969277961190804
heteroscedastic,4,1.0,1.0,predictivity,acquisition_overlap,0.005806746844911448,0.9969277961190804
heteroscedastic,4,1.0,1.0,predictivity,eu_group0,0.005806746844911448,0.9969277961190804
heteroscedastic,4,1.0,1.0,predictivity,eu_group1,0.005806746844911448,0.9969277961190804
heteroscedastic,4,1.0,1.0,predictivity,eu_id,0.005806746844911448,0.9969277961190804
heteroscedastic,4,1.0,1.0,predictivity,eu_heldout,0.005806746844911448,0.9969277961190804
heteroscedastic,4,1.0,1.0,cca_type,eu_agreement,0.00047340834780318364,0.917469804271967
heteroscedastic,4,1.0,1.0,cca_type,acquisition_overlap,0.00047340834780318364,0.917469804271967
heteroscedastic,4,1.0,1.0,cca_type,eu_group0,0.00047340834780318364,0.917469804271967
heteroscedastic,4,1.0,1.0,cca_type,eu_group1,0.00047340834780318364,0.917469804271967
heteroscedastic,4,1.0,1.0,cca_type,eu_id,0.00047340834780318364,0.917469804271967
heteroscedastic,4,1.0,1.0,cca_type,eu_heldout,0.00047340834780318364,0.917469804271967
heteroscedastic,4,1.0,1.0,smoother_001,eu_agreement,0.050951474662823015,0.9908673886137245
heteroscedastic,4,1.0,1.0,smoother_001,acquisition_overlap,0.050951474662823015,0.9908673886137245
heteroscedastic,4,1.0,1.0,smoother_001,eu_group0,0.050951474662823015,0.9908673886137245
heteroscedastic,4,1.0,1.0,smoother_001,eu_group1,0.050951474662823015,0.9908673886137245
heteroscedastic,4,1.0,1.0,smoother_001,eu_id,0.050951474662823015,0.9908673886137245
heteroscedastic,4,1.0,1.0,smoother_001,eu_heldout,0.050951474662823015,0.9908673886137245
heteroscedastic,4,1.0,1.0,smoother_1,eu_agreement,0.44529493399352715,0.8930039428247147
heteroscedastic,4,1.0,1.0,smoother_1,acquisition_overlap,0.44529493399352715,0.8930039428247147
heteroscedastic,4,1.0,1.0,smoother_1,eu_group0,0.44529493399352715,0.8930039428247147
heteroscedastic,4,1.0,1.0,smoother_1,eu_group1,0.44529493399352715,0.8930039428247147
heteroscedastic,4,1.0,1.0,smoother_1,eu_id,0.44529493399352715,0.8930039428247147
heteroscedastic,4,1.0,1.0,smoother_1,eu_heldout,0.44529493399352715,0.8930039428247147
heteroscedastic,4,10.0,0.1,cka,eu_agreement,0.719223075935418,0.8834522085987724
heteroscedastic,4,10.0,0.1,cka,acquisition_overlap,0.719223075935418,0.8002501172485686
heteroscedastic,4,10.0,0.1,cka,eu_group0,0.719223075935418,0.8834522085987724
heteroscedastic,4,10.0,0.1,cka,eu_group1,0.719223075935418,0.8834522085987724
heteroscedastic,4,10.0,0.1,cka,eu_id,0.719223075935418,0.8834522085987724
heteroscedastic,4,10.0,0.1,cka,eu_heldout,0.719223075935418,0.8834522085987724
heteroscedastic,4,10.0,0.1,mknn,eu_agreement,0.8029999999999999,0.8888888888888888
heteroscedastic,4,10.0,0.1,mknn,acquisition_overlap,0.8029999999999999,0.805174779836157
heteroscedastic,4,10.0,0.1,mknn,eu_group0,0.8029999999999999,0.8888888888888888
heteroscedastic,4,10.0,0.1,mknn,eu_group1,0.8029999999999999,0.8888888888888888
heteroscedastic,4,10.0,0.1,mknn,eu_id,0.8029999999999999,0.8888888888888888
heteroscedastic,4,10.0,0.1,mknn,eu_heldout,0.8029999999999999,0.8888888888888888
heteroscedastic,4,10.0,0.1,predictivity,eu_agreement,0.005806746844911448,0.9969277961190804
heteroscedastic,4,10.0,0.1,predictivity,acquisition_overlap,0.005806746844911448,0.9782919884798845
heteroscedastic,4,10.0,0.1,predictivity,eu_group0,0.005806746844911448,0.9969277961190804
heteroscedastic,4,10.0,0.1,predictivity,eu_group1,0.005806746844911448,0.9969277961190804
heteroscedastic,4,10.0,0.1,predictivity,eu_id,0.005806746844911448,0.9969277961190804
heteroscedastic,4,10.0,0.1,predictivity,eu_heldout,0.005806746844911448,0.9969277961190804
heteroscedastic,4,10.0,0.1,cca_type,eu_agreement,0.00047340834780318364,0.917469804271967
heteroscedastic,4,10.0,0.1,cca_type,acquisition_overlap,0.00047340834780318364,0.9723448696087954
heteroscedastic,4,10.0,0.1,cca_type,eu_group0,0.00047340834780318364,0.917469804271967
heteroscedastic,4,10.0,0.1,cca_type,eu_group1,0.00047340834780318364,0.917469804271967
heteroscedastic,4,10.0,0.1,cca_type,eu_id,0.00047340834780318364,0.917469804271967
heteroscedastic,4,10.0,0.1,cca_type,eu_heldout,0.00047340834780318364,0.917469804271967
heteroscedastic,4,10.0,0.1,smoother_001,eu_agreement,0.050951474662823015,0.9908673886137245
heteroscedastic,4,10.0,0.1,smoother_001,acquisition_overlap,0.050951474662823015,0.9723448696087954
heteroscedastic,4,10.0,0.1,smoother_001,eu_group0,0.050951474662823015,0.9908673886137245
heteroscedastic,4,10.0,0.1,smoother_001,eu_group1,0.050951474662823015,0.9908673886137245
heteroscedastic,4,10.0,0.1,smoother_001,eu_id,0.050951474662823015,0.9908673886137245
heteroscedastic,4,10.0,0.1,smoother_001,eu_heldout,0.050951474662823015,0.9908673886137245
heteroscedastic,4,10.0,0.1,smoother_1,eu_agreement,0.44529493399352715,0.8930039428247147
heteroscedastic,4,10.0,0.1,smoother_1,acquisition_overlap,0.44529493399352715,0.8227533512074423
heteroscedastic,4,10.0,0.1,smoother_1,eu_group0,0.44529493399352715,0.8930039428247147
heteroscedastic,4,10.0,0.1,smoother_1,eu_group1,0.44529493399352715,0.8930039428247147
heteroscedastic,4,10.0,0.1,smoother_1,eu_id,0.44529493399352715,0.8930039428247147
heteroscedastic,4,10.0,0.1,smoother_1,eu_heldout,0.44529493399352715,0.8930039428247147
heteroscedastic,4,10.0,0.25,cka,eu_agreement,0.719223075935418,0.8834522085987724
heteroscedastic,4,10.0,0.25,cka,acquisition_overlap,0.719223075935418,0.7730206825239259
heteroscedastic,4,10.0,0.25,cka,eu_group0,0.719223075935418,0.8834522085987724
heteroscedastic,4,10.0,0.25,cka,eu_group1,0.719223075935418,0.7730206825239259
heteroscedastic,4,10.0,0.25,cka,eu_id,0.719223075935418,0.8834522085987724
heteroscedastic,4,10.0,0.25,cka,eu_heldout,0.719223075935418,0.8834522085987724
heteroscedastic,4,10.0,0.25,mknn,eu_agreement,0.8029999999999999,0.8888888888888888
heteroscedastic,4,10.0,0.25,mknn,acquisition_overlap,0.8029999999999999,0.7777777777777778
heteroscedastic,4,10.0,0.25,mknn,eu_group0,0.8029999999999999,0.8888888888888888
heteroscedastic,4,10.0,0.25,mknn,eu_group1,0.8029999999999999,0.7777777777777778
heteroscedastic,4,10.0,0.25,mknn,eu_id,0.8029999999999999,0.8888888888888888
heteroscedastic,4,10.0,0.25,mknn,eu_heldout,0.8029999999999999,0.8888888888888888
heteroscedastic,4,10.0,0.25,predictivity,eu_agreement,0.005806746844911448,0.9969277961190804
heteroscedastic,4,10.0,0.25,predictivity,acquisition_overlap,0.005806746844911448,0.9600045444109663
heteroscedastic,4,10.0,0.25,predictivity,eu_group0,0.005806746844911448,0.9969277961190804
heteroscedastic,4,10.0,0.25,predictivity,eu_group1,0.005806746844911448,0.9600045444109663
heteroscedastic,4,10.0,0.25,predictivity,eu_id,0.005806746844911448,0.9969277961190804
heteroscedastic,4,10.0,0.25,predictivity,eu_heldout,0.005806746844911448,0.9969277961190804
heteroscedastic,4,10.0,0.25,cca_type,eu_agreement,0.00047340834780318364,0.917469804271967
heteroscedastic,4,10.0,0.25,cca_type,acquisition_overlap,0.00047340834780318364,0.9541685964428458
heteroscedastic,4,10.0,0.25,cca_type,eu_group0,0.00047340834780318364,0.917469804271967
heteroscedastic,4,10.0,0.25,cca_type,eu_group1,0.00047340834780318364,0.9541685964428458
heteroscedastic,4,10.0,0.25,cca_type,eu_id,0.00047340834780318364,0.917469804271967
heteroscedastic,4,10.0,0.25,cca_type,eu_heldout,0.00047340834780318364,0.917469804271967
heteroscedastic,4,10.0,0.25,smoother_001,eu_agreement,0.050951474662823015,0.9908673886137245
heteroscedastic,4,10.0,0.25,smoother_001,acquisition_overlap,0.050951474662823015,0.9541685964428458
heteroscedastic,4,10.0,0.25,smoother_001,eu_group0,0.050951474662823015,0.9908673886137245
heteroscedastic,4,10.0,0.25,smoother_001,eu_group1,0.050951474662823015,0.9541685964428458
heteroscedastic,4,10.0,0.25,smoother_001,eu_id,0.050951474662823015,0.9908673886137245
heteroscedastic,4,10.0,0.25,smoother_001,eu_heldout,0.050951474662823015,0.9908673886137245
heteroscedastic,4,10.0,0.25,smoother_1,eu_agreement,0.44529493399352715,0.8930039428247147
heteroscedastic,4,10.0,0.25,smoother_1,acquisition_overlap,0.44529493399352715,0.807373427759331
heteroscedastic,4,10.0,0.25,smoother_1,eu_group0,0.44529493399352715,0.8930039428247147
heteroscedastic,4,10.0,0.25,smoother_1,eu_group1,0.44529493399352715,0.807373427759331
heteroscedastic,4,10.0,0.25,smoother_1,eu_id,0.44529493399352715,0.8930039428247147
heteroscedastic,4,10.0,0.25,smoother_1,eu_heldout,0.44529493399352715,0.8930039428247147
heteroscedastic,4,10.0,1.0,cka,eu_agreement,0.719223075935418,0.8834522085987724
heteroscedastic,4,10.0,1.0,cka,acquisition_overlap,0.719223075935418,0.7891187698735106
heteroscedastic,4,10.0,1.0,cka,eu_group0,0.719223075935418,0.8834522085987724
heteroscedastic,4,10.0,1.0,cka,eu_group1,0.719223075935418,0.8834522085987724
heteroscedastic,4,10.0,1.0,cka,eu_id,0.719223075935418,0.8834522085987724
heteroscedastic,4,10.0,1.0,cka,eu_heldout,0.719223075935418,0.8834522085987724
heteroscedastic,4,10.0,1.0,mknn,eu_agreement,0.8029999999999999,0.8888888888888888
heteroscedastic,4,10.0,1.0,mknn,acquisition_overlap,0.8029999999999999,0.7939749312153186
heteroscedastic,4,10.0,1.0,mknn,eu_group0,0.8029999999999999,0.8888888888888888
heteroscedastic,4,10.0,1.0,mknn,eu_group1,0.8029999999999999,0.8888888888888888
heteroscedastic,4,10.0,1.0,mknn,eu_id,0.8029999999999999,0.8888888888888888
heteroscedastic,4,10.0,1.0,mknn,eu_heldout,0.8029999999999999,0.8888888888888888
heteroscedastic,4,10.0,1.0,predictivity,eu_agreement,0.005806746844911448,0.9969277961190804
heteroscedastic,4,10.0,1.0,predictivity,acquisition_overlap,0.005806746844911448,0.9688396703007501
heteroscedastic,4,10.0,1.0,predictivity,eu_group0,0.005806746844911448,0.9969277961190804
heteroscedastic,4,10.0,1.0,predictivity,eu_group1,0.005806746844911448,0.9969277961190804
heteroscedastic,4,10.0,1.0,predictivity,eu_id,0.005806746844911448,0.9969277961190804
heteroscedastic,4,10.0,1.0,predictivity,eu_heldout,0.005806746844911448,0.9969277961190804
heteroscedastic,4,10.0,1.0,cca_type,eu_agreement,0.00047340834780318364,0.917469804271967
heteroscedastic,4,10.0,1.0,cca_type,acquisition_overlap,0.00047340834780318364,0.9629500128629351
heteroscedastic,4,10.0,1.0,cca_type,eu_group0,0.00047340834780318364,0.917469804271967
heteroscedastic,4,10.0,1.0,cca_type,eu_group1,0.00047340834780318364,0.917469804271967
heteroscedastic,4,10.0,1.0,cca_type,eu_id,0.00047340834780318364,0.917469804271967
heteroscedastic,4,10.0,1.0,cca_type,eu_heldout,0.00047340834780318364,0.917469804271967
heteroscedastic,4,10.0,1.0,smoother_001,eu_agreement,0.050951474662823015,0.9908673886137245
heteroscedastic,4,10.0,1.0,smoother_001,acquisition_overlap,0.050951474662823015,0.9629500128629351
heteroscedastic,4,10.0,1.0,smoother_001,eu_group0,0.050951474662823015,0.9908673886137245
heteroscedastic,4,10.0,1.0,smoother_001,eu_group1,0.050951474662823015,0.9908673886137245
heteroscedastic,4,10.0,1.0,smoother_001,eu_id,0.050951474662823015,0.9908673886137245
heteroscedastic,4,10.0,1.0,smoother_001,eu_heldout,0.050951474662823015,0.9908673886137245
heteroscedastic,4,10.0,1.0,smoother_1,eu_agreement,0.44529493399352715,0.8930039428247147
heteroscedastic,4,10.0,1.0,smoother_1,acquisition_overlap,0.44529493399352715,0.811899030453063
heteroscedastic,4,10.0,1.0,smoother_1,eu_group0,0.44529493399352715,0.8930039428247147
heteroscedastic,4,10.0,1.0,smoother_1,eu_group1,0.44529493399352715,0.8930039428247147
heteroscedastic,4,10.0,1.0,smoother_1,eu_id,0.44529493399352715,0.8930039428247147
heteroscedastic,4,10.0,1.0,smoother_1,eu_heldout,0.44529493399352715,0.8930039428247147
homoscedastic,0,0.1,0.1,cka,eu_agreement,0.5606896955269017,0.9816135651097472
homoscedastic,0,0.1,0.1,cka,acquisition_overlap,0.5606896955269017,0.9468384171592796
homoscedastic,0,0.1,0.1,cka,eu_group0,0.5606896955269017,0.9816135651097472
homoscedastic,0,0.1,0.1,cka,eu_group1,0.5606896955269017,
homoscedastic,0,0.1,0.1,cka,eu_id,0.5606896955269017,0.993883734673619
homoscedastic,0,0.1,0.1,cka,eu_heldout,0.5606896955269017,0.8466416999071569
homoscedastic,0,0.1,0.1,mknn,eu_agreement,0.7605,0.9876543209876544
homoscedastic,0,0.1,0.1,mknn,acquisition_overlap,0.7605,0.952665170106855
homoscedastic,0,0.1,0.1,mknn,eu_group0,0.7605,0.9876543209876544
homoscedastic,0,0.1,0.1,mknn,eu_group1,0.7605,
homoscedastic,0,0.1,0.1,mknn,eu_id,0.7605,1.0
homoscedastic,0,0.1,0.1,mknn,eu_heldout,0.7605,0.8518518518518517
homoscedastic,0,0.1,0.1,predictivity,eu_agreement,0.003448781272578083,0.9012345679012346
homoscedastic,0,0.1,0.1,predictivity,acquisition_overlap,0.003448781272578083,0.8375781025771679
homoscedastic,0,0.1,0.1,predictivity,eu_group0,0.003448781272578083,0.9012345679012346
homoscedastic,0,0.1,0.1,predictivity,eu_group1,0.003448781272578083,
homoscedastic,0,0.1,0.1,predictivity,eu_id,0.003448781272578083,0.8888888888888888
homoscedastic,0,0.1,0.1,predictivity,eu_heldout,0.003448781272578083,0.7160493827160493
homoscedastic,0,0.1,0.1,cca_type,eu_agreement,0.001025982547905202,0.8440722199302098
homoscedastic,0,0.1,0.1,cca_type,acquisition_overlap,0.001025982547905202,0.7285634743128077
homoscedastic,0,0.1,0.1,cca_type,eu_group0,0.001025982547905202,0.8440722199302098
homoscedastic,0,0.1,0.1,cca_type,eu_group1,0.001025982547905202,
homoscedastic,0,0.1,0.1,cca_type,eu_id,0.001025982547905202,0.856305150653836
homoscedastic,0,0.1,0.1,cca_type,eu_heldout,0.001025982547905202,0.5627148132868065
homoscedastic,0,0.1,0.1,smoother_001,eu_agreement,0.050641335734097015,0.7706746355884525
homoscedastic,0,0.1,0.1,smoother_001,acquisition_overlap,0.050641335734097015,0.6525394596019061
homoscedastic,0,0.1,0.1,smoother_001,eu_group0,0.050641335734097015,0.7706746355884525
homoscedastic,0,0.1,0.1,smoother_001,eu_group1,0.050641335734097015,
homoscedastic,0,0.1,0.1,smoother_001,eu_id,0.050641335734097015,0.7584417048648262
homoscedastic,0,0.1,0.1,smoother_001,eu_heldout,0.050641335734097015,0.4893172289450492
homoscedastic,0,0.1,0.1,smoother_1,eu_agreement,0.355369521019293,0.9202627172903878
homoscedastic,0,0.1,0.1,smoother_1,acquisition_overlap,0.355369521019293,0.870582974166586
homoscedastic,0,0.1,0.1,smoother_1,eu_group0,0.355369521019293,0.9202627172903878
homoscedastic,0,0.1,0.1,smoother_1,eu_group1,0.355369521019293,
homoscedastic,0,0.1,0.1,smoother_1,eu_id,0.355369521019293,0.9570732259820034
homoscedastic,0,0.1,0.1,smoother_1,eu_heldout,0.355369521019293,0.760750512960054
homoscedastic,0,0.1,0.25,cka,eu_agreement,0.5606896955269017,0.993883734673619
homoscedastic,0,0.1,0.25,cka,acquisition_overlap,0.5606896955269017,0.8834522085987724
homoscedastic,0,0.1,0.25,cka,eu_group0,0.5606896955269017,0.993883734673619
homoscedastic,0,0.1,0.25,cka,eu_group1,0.5606896955269017,
homoscedastic,0,0.1,0.25,cka,eu_id,0.5606896955269017,0.993883734673619
homoscedastic,0,0.1,0.25,cka,eu_heldout,0.5606896955269017,0.9570732259820034
homoscedastic,0,0.1,0.25,mknn,eu_agreement,0.7605,1.0
homoscedastic,0,0.1,0.25,mknn,acquisition_overlap,0.7605,0.8888888888888888
homoscedastic,0,0.1,0.25,mknn,eu_group0,0.7605,1.0
homoscedastic,0,0.1,0.25,mknn,eu_group1,0.7605,
homoscedastic,0,0.1,0.25,mknn,eu_id,0.7605,1.0
homoscedastic,0,0.1,0.25,mknn,eu_heldout,0.7605,0.9629629629629629
homoscedastic,0,0.1,0.25,predictivity,eu_agreement,0.003448781272578083,0.8888888888888888
homoscedastic,0,0.1,0.25,predictivity,acquisition_overlap,0.003448781272578083,0.802469135802469
homoscedastic,0,0.1,0.25,predictivity,eu_group0,0.003448781272578083,0.8888888888888888
homoscedastic,0,0.1,0.25,predictivity,eu_group1,0.003448781272578083,
homoscedastic,0,0.1,0.25,predictivity,eu_id,0.003448781272578083,0.8888888888888888
homoscedastic,0,0.1,0.25,predictivity,eu_heldout,0.003448781272578083,0.802469135802469
homoscedastic,0,0.1,0.25,cca_type,eu_agreement,0.001025982547905202,0.856305150653836
homoscedastic,0,0.1,0.25,cca_type,acquisition_overlap,0.001025982547905202,0.697277051246695
homoscedastic,0,0.1,0.25,cca_type,eu_group0,0.001025982547905202,0.856305150653836
homoscedastic,0,0.1,0.25,cca_type,eu_group1,0.001025982547905202,
homoscedastic,0,0.1,0.25,cca_type,eu_id,0.001025982547905202,0.856305150653836
homoscedastic,0,0.1,0.25,cca_type,eu_heldout,0.001025982547905202,0.7217429126939475
homoscedastic,0,0.1,0.25,smoother_001,eu_agreement,0.050641335734097015,0.7584417048648262
homoscedastic,0,0.1,0.25,smoother_001,acquisition_overlap,0.050641335734097015,0.6728111897994424
homoscedastic,0,0.1,0.25,smoother_001,eu_group0,0.050641335734097015,0.7584417048648262
homoscedastic,0,0.1,0.25,smoother_001,eu_group1,0.050641335734097015,
homoscedastic,0,0.1,0.25,smoother_001,eu_id,0.050641335734097015,0.7584417048648262
homoscedastic,0,0.1,0.25,smoother_001,eu_heldout,0.050641335734097015,0.5749477440104327
homoscedastic,0,0.1,0.25,smoother_1,eu_agreement,0.355369521019293,0.9570732259820034
homoscedastic,0,0.1,0.25,smoother_1,acquisition_overlap,0.355369521019293,0.8221013607794132
homoscedastic,0,0.1,0.25,smoother_1,eu_group0,0.355369521019293,0.9570732259820034
homoscedastic,0,0.1,0.25,smoother_1,eu_group1,0.355369521019293,
homoscedastic,0,0.1,0.25,smoother_1,eu_id,0.355369521019293,0.9570732259820034
homoscedastic,0,0.1,0.25,smoother_1,eu_heldout,0.355369521019293,0.8957223781626442
homoscedastic,0,0.1,1.0,cka,eu_agreement,0.5606896955269017,0.993883734673619
homoscedastic,0,0.1,1.0,cka,acquisition_overlap,0.5606896955269017,0.8957223781626442
homoscedastic,0,0.1,1.0,cka,eu_group0,0.5606896955269017,0.993883734673619
homoscedastic,0,0.1,1.0,cka,eu_group1,0.5606896955269017,
homoscedastic,0,0.1,1.0,cka,eu_id,0.5606896955269017,0.993883734673619
homoscedastic,0,0.1,1.0,cka,eu_heldout,0.5606896955269017,0.993883734673619
homoscedastic,0,0.1,1.0,mknn,eu_agreement,0.7605,1.0
homoscedastic,0,0.1,1.0,mknn,acquisition_overlap,0.7605,0.9012345679012346
homoscedastic,0,0.1,1.0,mknn,eu_group0,0.7605,1.0
homoscedastic,0,0.1,1.0,mknn,eu_group1,0.7605,
homoscedastic,0,0.1,1.0,mknn,eu_id,0.7605,1.0
homoscedastic,0,0.1,1.0,mknn,eu_heldout,0.7605,1.0
homoscedastic,0,0.1,1.0,predictivity,eu_agreement,0.003448781272578083,0.8888888888888888
homoscedastic,0,0.1,1.0,predictivity,acquisition_overlap,0.003448781272578083,0.7901234567901234
homoscedastic,0,0.1,1.0,predictivity,eu_group0,0.003448781272578083,0.8888888888888888
homoscedastic,0,0.1,1.0,predictivity,eu_group1,0.003448781272578083,
homoscedastic,0,0.1,1.0,predictivity,eu_id,0.003448781272578083,0.8888888888888888
homoscedastic,0,0.1,1.0,predictivity,eu_heldout,0.003448781272578083,0.8888888888888888
homoscedastic,0,0.1,1.0,cca_type,eu_agreement,0.001025982547905202,0.856305150653836
homoscedastic,0,0.1,1.0,cca_type,acquisition_overlap,0.001025982547905202,0.7095099819703212
homoscedastic,0,0.1,1.0,cca_type,eu_group0,0.001025982547905202,0.856305150653836
homoscedastic,0,0.1,1.0,cca_type,eu_group1,0.001025982547905202,
homoscedastic,0,0.1,1.0,cca_type,eu_id,0.001025982547905202,0.856305150653836
homoscedastic,0,0.1,1.0,cca_type,eu_heldout,0.001025982547905202,0.856305150653836
homoscedastic,0,0.1,1.0,smoother_001,eu_agreement,0.050641335734097015,0.7584417048648262
homoscedastic,0,0.1,1.0,smoother_001,acquisition_overlap,0.050641335734097015,0.6605782590758164
homoscedastic,0,0.1,1.0,smoother_001,eu_group0,0.050641335734097015,0.7584417048648262
homoscedastic,0,0.1,1.0,smoother_001,eu_group1,0.050641335734097015,
homoscedastic,0,0.1,1.0,smoother_001,eu_id,0.050641335734097015,0.7584417048648262
homoscedastic,0,0.1,1.0,smoother_001,eu_heldout,0.050641335734097015,0.7584417048648262
homoscedastic,0,0.1,1.0,smoother_1,eu_agreement,0.355369521019293,0.9570732259820034
homoscedastic,0,0.1,1.0,smoother_1,acquisition_overlap,0.355369521019293,0.8589118694710287
homoscedastic,0,0.1,1.0,smoother_1,eu_group0,0.355369521019293,0.9570732259820034
homoscedastic,0,0.1,1.0,smoother_1,eu_group1,0.355369521019293,
homoscedastic,0,0.1,1.0,smoother_1,eu_id,0.355369521019293,0.9570732259820034
homoscedastic,0,0.1,1.0,smoother_1,eu_heldout,0.355369521019293,0.9570732259820034
homoscedastic,0,1.0,0.1,cka,eu_agreement,0.5606896955269017,0.993883734673619
homoscedastic,0,1.0,0.1,cka,acquisition_overlap,0.5606896955269017,0.993883734673619
homoscedastic,0,1.0,0.1,cka,eu_group0,0.5606896955269017,0.993883734673619
homoscedastic,0,1.0,0.1,cka,eu_group1,0.5606896955269017,
homoscedastic,0,1.0,0.1,cka,eu_id,0.5606896955269017,0.993883734673619
homoscedastic,0,1.0,0.1,cka,eu_heldout,0.5606896955269017,0.993883734673619
homoscedastic,0,1.0,0.1,mknn,eu_agreement,0.7605,1.0
homoscedastic,0,1.0,0.1,mknn,acquisition_overlap,0.7605,1.0
homoscedastic,0,1.0,0.1,mknn,eu_group0,0.7605,1.0
homoscedastic,0,1.0,0.1,mknn,eu_group1,0.7605,
homoscedastic,0,1.0,0.1,mknn,eu_id,0.7605,1.0
homoscedastic,0,1.0,0.1,mknn,eu_heldout,0.7605,1.0
homoscedastic,0,1.0,0.1,predictivity,eu_agreement,0.003448781272578083,0.8888888888888888
homoscedastic,0,1.0,0.1,predictivity,acquisition_overlap,0.003448781272578083,0.8888888888888888
homoscedastic,0,1.0,0.1,predictivity,eu_group0,0.003448781272578083,0.8888888888888888
homoscedastic,0,1.0,0.1,predictivity,eu_group1,0.003448781272578083,
homoscedastic,0,1.0,0.1,predictivity,eu_id,0.003448781272578083,0.8888888888888888
homoscedastic,0,1.0,0.1,predictivity,eu_heldout,0.003448781272578083,0.8888888888888888
homoscedastic,0,1.0,0.1,cca_type,eu_agreement,0.001025982547905202,0.856305150653836
homoscedastic,0,1.0,0.1,cca_type,acquisition_overlap,0.001025982547905202,0.856305150653836
homoscedastic,0,1.0,0.1,cca_type,eu_group0,0.001025982547905202,0.856305150653836
homoscedastic,0,1.0,0.1,cca_type,eu_group1,0.001025982547905202,
homoscedastic,0,1.0,0.1,cca_type,eu_id,0.001025982547905202,0.856305150653836
homoscedastic,0,1.0,0.1,cca_type,eu_heldout,0.001025982547905202,0.856305150653836
homoscedastic,0,1.0,0.1,smoother_001,eu_agreement,0.050641335734097015,0.7584417048648262
homoscedastic,0,1.0,0.1,smoother_001,acquisition_overlap,0.050641335734097015,0.7584417048648262
homoscedastic,0,1.0,0.1,smoother_001,eu_group0,0.050641335734097015,0.7584417048648262
homoscedastic,0,1.0,0.1,smoother_001,eu_group1,0.050641335734097015,
homoscedastic,0,1.0,0.1,smoother_001,eu_id,0.050641335734097015,0.7584417048648262
homoscedastic,0,1.0,0.1,smoother_001,eu_heldout,0.050641335734097015,0.7584417048648262
homoscedastic,0,1.0,0.1,smoother_1,eu_agreement,0.355369521019293,0.9570732259820034
homoscedastic,0,1.0,0.1,smoother_1,acquisition_overlap,0.355369521019293,0.9570732259820034
homoscedastic,0,1.0,0.1,smoother_1,eu_group0,0.355369521019293,0.9570732259820034
homoscedastic,0,1.0,0.1,smoother_1,eu_group1,0.355369521019293,
homoscedastic,0,1.0,0.1,smoother_1,eu_id,0.355369521019293,0.9570732259820034
homoscedastic,0,1.0,0.1,smoother_1,eu_heldout,0.355369521019293,0.9570732259820034
homoscedastic,0,1.0,0.25,cka,eu_agreement,0.5606896955269017,0.993883734673619
homoscedastic,0,1.0,0.25,cka,acquisition_overlap,0.5606896955269017,0.993883734673619
homoscedastic,0,1.0,0.25,cka,eu_group0,0.5606896955269017,0.993883734673619
homoscedastic,0,1.0,0.25,cka,eu_group1,0.5606896955269017,
homoscedastic,0,1.0,0.25,cka,eu_id,0.5606896955269017,0.993883734673619
homoscedastic,0,1.0,0.25,cka,eu_heldout,0.5606896955269017,0.993883734673619
homoscedastic,0,1.0,0.25,mknn,eu_agreement,0.7605,1.0
homoscedastic,0,1.0,0.25,mknn,acquisition_overlap,0.7605,1.0
homoscedastic,0,1.0,0.25,mknn,eu_group0,0.7605,1.0
homoscedastic,0,1.0,0.25,mknn,eu_group1,0.7605,
homoscedastic,0,1.0,0.25,mknn,eu_id,0.7605,1.0
homoscedastic,0,1.0,0.25,mknn,eu_heldout,0.7605,1.0
homoscedastic,0,1.0,0.25,predictivity,eu_agreement,0.003448781272578083,0.8888888888888888
homoscedastic,0,1.0,0.25,predictivity,acquisition_overlap,0.003448781272578083,0.8888888888888888
homoscedastic,0,1.0,0.25,predictivity,eu_group0,0.003448781272578083,0.8888888888888888
homoscedastic,0,1.0,0.25,predictivity,eu_group1,0.003448781272578083,
homoscedastic,0,1.0,0.25,predictivity,eu_id,0.003448781272578083,0.8888888888888888
homoscedastic,0,1.0,0.25,predictivity,eu_heldout,0.003448781272578083,0.8888888888888888
homoscedastic,0,1.0,0.25,cca_type,eu_agreement,0.001025982547905202,0.856305150653836
homoscedastic,0,1.0,0.25,cca_type,acquisition_overlap,0.001025982547905202,0.856305150653836
homoscedastic,0,1.0,0.25,cca_type,eu_group0,0.001025982547905202,0.856305150653836
homoscedastic,0,1.0,0.25,cca_type,eu_group1,0.001025982547905202,
homoscedastic,0,1.0,0.25,cca_type,eu_id,0.001025982547905202,0.856305150653836
homoscedastic,0,1.0,0.25,cca_type,eu_heldout,0.001025982547905202,0.856305150653836
homoscedastic,0,1.0,0.25,smoother_001,eu_agreement,0.050641335734097015,0.7584417048648262
homoscedastic,0,1.0,0.25,smoother_001,acquisition_overlap,0.050641335734097015,0.7584417048648262
homoscedastic,0,1.0,0.25,smoother_001,eu_group0,0.050641335734097015,0.7584417048648262
homoscedastic,0,1.0,0.25,smoother_001,eu_group1,0.050641335734097015,
homoscedastic,0,1.0,0.25,smoother_001,eu_id,0.050641335734097015,0.7584417048648262
homoscedastic,0,1.0,0.25,smoother_001,eu_heldout,0.050641335734097015,0.7584417048648262
homoscedastic,0,1.0,0.25,smoother_1,eu_agreement,0.355369521019293,0.9570732259820034
homoscedastic,0,1.0,0.25,smoother_1,acquisition_overlap,0.355369521019293,0.9570732259820034
homoscedastic,0,1.0,0.25,smoother_1,eu_group0,0.355369521019293,0.9570732259820034
homoscedastic,0,1.0,0.25,smoother_1,eu_group1,0.355369521019293,
homoscedastic,0,1.0,0.25,smoother_1,eu_id,0.355369521019293,0.9570732259820034
homoscedastic,0,1.0,0.25,smoother_1,eu_heldout,0.355369521019293,0.9570732259820034
homoscedastic,0,1.0,1.0,cka,eu_agreement,0.5606896955269017,0.993883734673619
homoscedastic,0,1.0,1.0,cka,acquisition_overlap,0.5606896955269017,0.9846381036309488
homoscedastic,0,1.0,1.0,cka,eu_group0,0.5606896955269017,0.993883734673619
homoscedastic,0,1.0,1.0,cka,eu_group1,0.5606896955269017,
homoscedastic,0,1.0,1.0,cka,eu_id,0.5606896955269017,0.993883734673619
homoscedastic,0,1.0,1.0,cka,eu_heldout,0.5606896955269017,0.993883734673619
homoscedastic,0,1.0,1.0,mknn,eu_agreement,0.7605,1.0
homoscedastic,0,1.0,1.0,mknn,acquisition_overlap,0.7605,0.9906974722292782
homoscedastic,0,1.0,1.0,mknn,eu_group0,0.7605,1.0
homoscedastic,0,1.0,1.0,mknn,eu_group1,0.7605,
homoscedastic,0,1.0,1.0,mknn,eu_id,0.7605,1.0
homoscedastic,0,1.0,1.0,mknn,eu_heldout,0.7605,1.0
homoscedastic,0,1.0,1.0,predictivity,eu_agreement,0.003448781272578083,0.8888888888888888
homoscedastic,0,1.0,1.0,predictivity,acquisition_overlap,0.003448781272578083,0.8785430414108694
homoscedastic,0,1.0,1.0,predictivity,eu_group0,0.003448781272578083,0.8888888888888888
homoscedastic,0,1.0,1.0,predictivity,eu_group1,0.003448781272578083,
homoscedastic,0,1.0,1.0,predictivity,eu_id,0.003448781272578083,0.8888888888888888
homoscedastic,0,1.0,1.0,predictivity,eu_heldout,0.003448781272578083,0.8888888888888888
homoscedastic,0,1.0,1.0,cca_type,eu_agreement,0.001025982547905202,0.856305150653836
homoscedastic,0,1.0,1.0,cca_type,acquisition_overlap,0.001025982547905202,0.8828674456704912
homoscedastic,0,1.0,1.0,cca_type,eu_group0,0.001025982547905202,0.856305150653836
homoscedastic,0,1.0,1.0,cca_type,eu_group1,0.001025982547905202,
homoscedastic,0,1.0,1.0,cca_type,eu_id,0.001025982547905202,0.856305150653836
homoscedastic,0,1.0,1.0,cca_type,eu_heldout,0.001025982547905202,0.856305150653836
homoscedastic,0,1.0,1.0,smoother_001,eu_agreement,0.050641335734097015,0.7584417048648262
homoscedastic,0,1.0,1.0,smoother_001,acquisition_overlap,0.050641335734097015,0.8087806670128277
homoscedastic,0,1.0,1.0,smoother_001,eu_group0,0.050641335734097015,0.7584417048648262
homoscedastic,0,1.0,1.0,smoother_001,eu_group1,0.050641335734097015,
homoscedastic,0,1.0,1.0,smoother_001,eu_id,0.050641335734097015,0.7584417048648262
homoscedastic,0,1.0,1.0,smoother_001,eu_heldout,0.050641335734097015,0.7584417048648262
homoscedastic,0,1.0,1.0,smoother_1,eu_agreement,0.355369521019293,0.9570732259820034
homoscedastic,0,1.0,1.0,smoother_1,acquisition_overlap,0.355369521019293,0.9474819487769509
homoscedastic,0,1.0,1.0,smoother_1,eu_group0,0.355369521019293,0.9570732259820034
homoscedastic,0,1.0,1.0,smoother_1,eu_group1,0.355369521019293,
homoscedastic,0,1.0,1.0,smoother_1,eu_id,0.355369521019293,0.9570732259820034
homoscedastic,0,1.0,1.0,smoother_1,eu_heldout,0.355369521019293,0.9570732259820034
homoscedastic,0,10.0,0.1,cka,eu_agreement,0.5606896955269017,0.993883734673619
homoscedastic,0,10.0,0.1,cka,acquisition_overlap,0.5606896955269017,0.9846381036309488
homoscedastic,0,10.0,0.1,cka,eu_group0,0.5606896955269017,0.993883734673619
homoscedastic,0,10.0,0.1,cka,eu_group1,0.5606896955269017,
homoscedastic,0,10.0,0.1,cka,eu_id,0.5606896955269017,0.993883734673619
homoscedastic,0,10.0,0.1,cka,eu_heldout,0.5606896955269017,0.993883734673619
homoscedastic,0,10.0,0.1,mknn,eu_agreement,0.7605,1.0
homoscedastic,0,10.0,0.1,mknn,acquisition_overlap,0.7605,0.9906974722292782
homoscedastic,0,10.0,0.1,mknn,eu_group0,0.7605,1.0
homoscedastic,0,10.0,0.1,mknn,eu_group1,0.7605,
homoscedastic,0,10.0,0.1,mknn,eu_id,0.7605,1.0
homoscedastic,0,10.0,0.1,mknn,eu_heldout,0.7605,1.0
homoscedastic,0,10.0,0.1,predictivity,eu_agreement,0.003448781272578083,0.8888888888888888
homoscedastic,0,10.0,0.1,predictivity,acquisition_overlap,0.003448781272578083,0.8785430414108694
homoscedastic,0,10.0,0.1,predictivity,eu_group0,0.003448781272578083,0.8888888888888888
homoscedastic,0,10.0,0.1,predictivity,eu_group1,0.003448781272578083,
homoscedastic,0,10.0,0.1,predictivity,eu_id,0.003448781272578083,0.8888888888888888
homoscedastic,0,10.0,0.1,predictivity,eu_heldout,0.003448781272578083,0.8888888888888888
homoscedastic,0,10.0,0.1,cca_type,eu_agreement,0.001025982547905202,0.856305150653836
homoscedastic,0,10.0,0.1,cca_type,acquisition_overlap,0.001025982547905202,0.8828674456704912
homoscedastic,0,10.0,0.1,cca_type,eu_group0,0.001025982547905202,0.856305150653836
homoscedastic,0,10.0,0.1,cca_type,eu_group1,0.001025982547905202,
homoscedastic,0,10.0,0.1,cca_type,eu_id,0.001025982547905202,0.856305150653836
homoscedastic,0,10.0,0.1,cca_type,eu_heldout,0.001025982547905202,0.856305150653836
homoscedastic,0,10.0,0.1,smoother_001,eu_agreement,0.050641335734097015,0.7584417048648262
homoscedastic,0,10.0,0.1,smoother_001,acquisition_overlap,0.050641335734097015,0.8087806670128277
homoscedastic,0,10.0,0.1,smoother_001,eu_group0,0.050641335734097015,0.7584417048648262
homoscedastic,0,10.0,0.1,smoother_001,eu_group1,0.050641335734097015,
homoscedastic,0,10.0,0.1,smoother_001,eu_id,0.050641335734097015,0.7584417048648262
homoscedastic,0,10.0,0.1,smoother_001,eu_heldout,0.050641335734097015,0.7584417048648262
homoscedastic,0,10.0,0.1,smoother_1,eu_agreement,0.355369521019293,0.9570732259820034
homoscedastic,0,10.0,0.1,smoother_1,acquisition_overlap,0.355369521019293,0.9474819487769509
homoscedastic,0,10.0,0.1,smoother_1,eu_group0,0.355369521019293,0.9570732259820034
homoscedastic,0,10.0,0.1,smoother_1,eu_group1,0.355369521019293,
homoscedastic,0,10.0,0.1,smoother_1,eu_id,0.355369521019293,0.9570732259820034
homoscedastic,0,10.0,0.1,smoother_1,eu_heldout,0.355369521019293,0.9570732259820034
homoscedastic,0,10.0,0.25,cka,eu_agreement,0.5606896955269017,0.993883734673619
homoscedastic,0,10.0,0.25,cka,acquisition_overlap,0.5606896955269017,0.9570732259820034
homoscedastic,0,10.0,0.25,cka,eu_group0,0.5606896955269017,0.993883734673619
homoscedastic,0,10.0,0.25,cka,eu_group1,0.5606896955269017,
homoscedastic,0,10.0,0.25,cka,eu_id,0.5606896955269017,0.993883734673619
homoscedastic,0,10.0,0.25,cka,eu_heldout,0.5606896955269017,0.993883734673619
homoscedastic,0,10.0,0.25,mknn,eu_agreement,0.7605,1.0
homoscedastic,0,10.0,0.25,mknn,acquisition_overlap,0.7605,0.9629629629629629
homoscedastic,0,10.0,0.25,mknn,eu_group0,0.7605,1.0
homoscedastic,0,10.0,0.25,mknn,eu_group1,0.7605,
homoscedastic,0,10.0,0.25,mknn,eu_id,0.7605,1.0
homoscedastic,0,10.0,0.25,mknn,eu_heldout,0.7605,1.0
homoscedastic,0,10.0,0.25,predictivity,eu_agreement,0.003448781272578083,0.8888888888888888
homoscedastic,0,10.0,0.25,predictivity,acquisition_overlap,0.003448781272578083,0.8518518518518517
homoscedastic,0,10.0,0.25,predictivity,eu_group0,0.003448781272578083,0.8888888888888888
homoscedastic,0,10.0,0.25,predictivity,eu_group1,0.003448781272578083,
homoscedastic,0,10.0,0.25,predictivity,eu_id,0.003448781272578083,0.8888888888888888
homoscedastic,0,10.0,0.25,predictivity,eu_heldout,0.003448781272578083,0.8888888888888888
homoscedastic,0,10.0,0.25,cca_type,eu_agreement,0.001025982547905202,0.856305150653836
homoscedastic,0,10.0,0.25,cca_type,acquisition_overlap,0.001025982547905202,0.8930039428247147
homoscedastic,0,10.0,0.25,cca_type,eu_group0,0.001025982547905202,0.856305150653836
homoscedastic,0,10.0,0.25,cca_type,eu_group1,0.001025982547905202,
homoscedastic,0,10.0,0.25,cca_type,eu_id,0.001025982547905202,0.856305150653836
homoscedastic,0,10.0,0.25,cca_type,eu_heldout,0.001025982547905202,0.856305150653836
homoscedastic,0,10.0,0.25,smoother_001,eu_agreement,0.050641335734097015,0.7584417048648262
homoscedastic,0,10.0,0.25,smoother_001,acquisition_overlap,0.050641335734097015,0.8440722199302098
homoscedastic,0,10.0,0.25,smoother_001,eu_group0,0.050641335734097015,0.7584417048648262
homoscedastic,0,10.0,0.25,smoother_001,eu_group1,0.050641335734097015,
homoscedastic,0,10.0,0.25,smoother_001,eu_id,0.050641335734097015,0.7584417048648262
homoscedastic,0,10.0,0.25,smoother_001,eu_heldout,0.050641335734097015,0.7584417048648262
homoscedastic,0,10.0,0.25,smoother_1,eu_agreement,0.355369521019293,0.9570732259820034
homoscedastic,0,10.0,0.25,smoother_1,acquisition_overlap,0.355369521019293,0.9202627172903878
homoscedastic,0,10.0,0.25,smoother_1,eu_group0,0.355369521019293,0.9570732259820034
homoscedastic,0,10.0,0.25,smoother_1,eu_group1,0.355369521019293,
homoscedastic,0,10.0,0.25,smoother_1,eu_id,0.355369521019293,0.9570732259820034
homoscedastic,0,10.0,0.25,smoother_1,eu_heldout,0.355369521019293,0.9570732259820034
homoscedastic,0,10.0,1.0,cka,eu_agreement,0.5606896955269017,0.993883734673619
homoscedastic,0,10.0,1.0,cka,acquisition_overlap,0.5606896955269017,0.965881374325177
homoscedastic,0,10.0,1.0,cka,eu_group0,0.5606896955269017,0.993883734673619
homoscedastic,0,10.0,1.0,cka,eu_group1,0.5606896955269017,
homoscedastic,0,10.0,1.0,cka,eu_id,0.5606896955269017,0.993883734673619
homoscedastic,0,10.0,1.0,cka,eu_heldout,0.5606896955269017,0.993883734673619
homoscedastic,0,10.0,1.0,mknn,eu_agreement,0.7605,1.0
homoscedastic,0,10.0,1.0,mknn,acquisition_overlap,0.7605,0.9718253158075499
homoscedastic,0,10.0,1.0,mknn,eu_group0,0.7605,1.0
homoscedastic,0,10.0,1.0,mknn,eu_group1,0.7605,
homoscedastic,0,10.0,1.0,mknn,eu_id,0.7605,1.0
homoscedastic,0,10.0,1.0,mknn,eu_heldout,0.7605,1.0
homoscedastic,0,10.0,1.0,predictivity,eu_agreement,0.003448781272578083,0.8888888888888888
homoscedastic,0,10.0,1.0,predictivity,acquisition_overlap,0.003448781272578083,0.8956037224108794
homoscedastic,0,10.0,1.0,predictivity,eu_group0,0.003448781272578083,0.8888888888888888
homoscedastic,0,10.0,1.0,predictivity,eu_group1,0.003448781272578083,
homoscedastic,0,10.0,1.0,predictivity,eu_id,0.003448781272578083,0.8888888888888888
homoscedastic,0,10.0,1.0,predictivity,eu_heldout,0.003448781272578083,0.8888888888888888
homoscedastic,0,10.0,1.0,cca_type,eu_agreement,0.001025982547905202,0.856305150653836
homoscedastic,0,10.0,1.0,cca_type,acquisition_overlap,0.001025982547905202,0.9125996853929778
homoscedastic,0,10.0,1.0,cca_type,eu_group0,0.001025982547905202,0.856305150653836
homoscedastic,0,10.0,1.0,cca_type,eu_group1,0.001025982547905202,
homoscedastic,0,10.0,1.0,cca_type,eu_id,0.001025982547905202,0.856305150653836
homoscedastic,0,10.0,1.0,cca_type,eu_heldout,0.001025982547905202,0.856305150653836
homoscedastic,0,10.0,1.0,smoother_001,eu_agreement,0.050641335734097015,0.7584417048648262
homoscedastic,0,10.0,1.0,smoother_001,acquisition_overlap,0.050641335734097015,0.811899030453063
homoscedastic,0,10.0,1.0,smoother_001,eu_group0,0.050641335734097015,0.7584417048648262
homoscedastic,0,10.0,1.0,smoother_001,eu_group1,0.050641335734097015,
homoscedastic,0,10.0,1.0,smoother_001,eu_id,0.050641335734097015,0.7584417048648262
homoscedastic,0,10.0,1.0,smoother_001,eu_heldout,0.050641335734097015,0.7584417048648262
homoscedastic,0,10.0,1.0,smoother_1,eu_agreement,0.355369521019293,0.9570732259820034
homoscedastic,0,10.0,1.0,smoother_1,acquisition_overlap,0.355369521019293,0.965881374325177
homoscedastic,0,10.0,1.0,smoother_1,eu_group0,0.355369521019293,0.9570732259820034
homoscedastic,0,10.0,1.0,smoother_1,eu_group1,0.355369521019293,
homoscedastic,0,10.0,1.0,smoother_1,eu_id,0.355369521019293,0.9570732259820034
homoscedastic,0,10.0,1.0,smoother_1,eu_heldout,0.355369521019293,0.9570732259820034
homoscedastic,1,0.1,0.1,cka,eu_agreement,0.6517876228848145,0.6605782590758164
homoscedastic,1,0.1,0.1,cka,acquisition_overlap,0.6517876228848145,0.5371291452680612
homoscedastic,1,0.1,0.1,cka,eu_group0,0.6517876228848145,0.6605782590758164
homoscedastic,1,0.1,0.1,cka,eu_group1,0.6517876228848145,
homoscedastic,1,0.1,0.1,cka,eu_id,0.6517876228848145,0.7584417048648262
homoscedastic,1,0.1,0.1,cka,eu_heldout,0.6517876228848145,0.6728111897994424
homoscedastic,1,0.1,0.1,mknn,eu_agreement,0.78,0.8148148148148148
homoscedastic,1,0.1,0.1,mknn,acquisition_overlap,0.78,0.7414654037439252
homoscedastic,1,0.1,0.1,mknn,eu_group0,0.78,0.8148148148148148
homoscedastic,1,0.1,0.1,mknn,eu_group1,0.78,
homoscedastic,1,0.1,0.1,mknn,eu_id,0.78,0.7160493827160493
homoscedastic,1,0.1,0.1,mknn,eu_heldout,0.78,0.802469135802469
homoscedastic,1,0.1,0.1,predictivity,eu_agreement,0.006087073313743252,0.8246192881478813
homoscedastic,1,0.1,0.1,predictivity,acquisition_overlap,0.006087073313743252,0.5776843259607287
homoscedastic,1,0.1,0.1,predictivity,eu_group0,0.006087073313743252,0.8246192881478813
homoscedastic,1,0.1,0.1,predictivity,eu_group1,0.006087073313743252,
homoscedastic,1,0.1,0.1,predictivity,eu_id,0.006087073313743252,0.9230812927028521
homoscedastic,1,0.1,0.1,predictivity,eu_heldout,0.006087073313743252,0.7753882858703959
homoscedastic,1,0.1,0.1,cca_type,eu_agreement,0.0013654787411976343,0.807373427759331
homoscedastic,1,0.1,0.1,cca_type,acquisition_overlap,0.0013654787411976343,0.6482593132545565
homoscedastic,1,0.1,0.1,cca_type,eu_group0,0.0013654787411976343,0.807373427759331
homoscedastic,1,0.1,0.1,cca_type,eu_group1,0.0013654787411976343,
homoscedastic,1,0.1,0.1,cca_type,eu_id,0.0013654787411976343,0.9541685964428458
homoscedastic,1,0.1,0.1,cca_type,eu_heldout,0.0013654787411976343,0.7706746355884525
homoscedastic,1,0.1,0.1,smoother_001,eu_agreement,0.0426538893384365,0.7654320987654321
homoscedastic,1,0.1,0.1,smoother_001,acquisition_overlap,0.0426538893384365,0.5545413523799104
homoscedastic,1,0.1,0.1,smoother_001,eu_group0,0.0426538893384365,0.7654320987654321
homoscedastic,1,0.1,0.1,smoother_001,eu_group1,0.0426538893384365,
homoscedastic,1,0.1,0.1,smoother_001,eu_id,0.0426538893384365,0.8641975308641975
homoscedastic,1,0.1,0.1,smoother_001,eu_heldout,0.0426538893384365,0.691358024691358
homoscedastic,1,0.1,0.1,smoother_1,eu_agreement,0.4023710666482262,0.7876960364397672
homoscedastic,1,0.1,0.1,smoother_1,acquisition_overlap,0.4023710666482262,0.5776843259607287
homoscedastic,1,0.1,0.1,smoother_1,eu_group0,0.4023710666482262,0.7876960364397672
homoscedastic,1,0.1,0.1,smoother_1,eu_group1,0.4023710666482262,
homoscedastic,1,0.1,0.1,smoother_1,eu_id,0.4023710666482262,0.886158040994738
homoscedastic,1,0.1,0.1,smoother_1,eu_heldout,0.4023710666482262,0.7384650341622817
homoscedastic,1,0.1,0.25,cka,eu_agreement,0.6517876228848145,0.6605782590758164
homoscedastic,1,0.1,0.25,cka,acquisition_overlap,0.6517876228848145,0.697277051246695
homoscedastic,1,0.1,0.25,cka,eu_group0,0.6517876228848145,0.6605782590758164
homoscedastic,1,0.1,0.25,cka,eu_group1,0.6517876228848145,
homoscedastic,1,0.1,0.25,cka,eu_id,0.6517876228848145,0.6605782590758164
homoscedastic,1,0.1,0.25,cka,eu_heldout,0.6517876228848145,0.697277051246695
homoscedastic,1,0.1,0.25,mknn,eu_agreement,0.78,0.8148148148148148
homoscedastic,1,0.1,0.25,mknn,acquisition_overlap,0.78,0.9012345679012346
homoscedastic,1,0.1,0.25,mknn,eu_group0,0.78,0.8148148148148148
homoscedastic,1,0.1,0.25,mknn,eu_group1,0.78,
homoscedastic,1,0.1,0.25,mknn,eu_id,0.78,0.8148148148148148
homoscedastic,1,0.1,0.25,mknn,eu_heldout,0.78,0.9012345679012346
homoscedastic,1,0.1,0.25,predictivity,eu_agreement,0.006087073313743252,0.8246192881478813
homoscedastic,1,0.1,0.25,predictivity,acquisition_overlap,0.006087073313743252,0.7876960364397672
homoscedastic,1,0.1,0.25,predictivity,eu_group0,0.006087073313743252,0.8246192881478813
homoscedastic,1,0.1,0.25,predictivity,eu_group1,0.006087073313743252,
homoscedastic,1,0.1,0.25,predictivity,eu_id,0.006087073313743252,0.8246192881478813
homoscedastic,1,0.1,0.25,predictivity,eu_heldout,0.006087073313743252,0.7876960364397672
homoscedastic,1,0.1,0.25,cca_type,eu_agreement,0.0013654787411976343,0.807373427759331
homoscedastic,1,0.1,0.25,cca_type,acquisition_overlap,0.0013654787411976343,0.7706746355884525
homoscedastic,1,0.1,0.25,cca_type,eu_group0,0.0013654787411976343,0.807373427759331
homoscedastic,1,0.1,0.25,cca_type,eu_group1,0.0013654787411976343,
homoscedastic,1,0.1,0.25,cca_type,eu_id,0.0013654787411976343,0.807373427759331
homoscedastic,1,0.1,0.25,cca_type,eu_heldout,0.0013654787411976343,0.7706746355884525
homoscedastic,1,0.1,0.25,smoother_001,eu_agreement,0.0426538893384365,0.7654320987654321
homoscedastic,1,0.1,0.25,smoother_001,acquisition_overlap,0.0426538893384365,0.7037037037037037
homoscedastic,1,0.1,0.25,smoother_001,eu_group0,0.0426538893384365,0.7654320987654321
homoscedastic,1,0.1,0.25,smoother_001,eu_group1,0.0426538893384365,
homoscedastic,1,0.1,0.25,smoother_001,eu_id,0.0426538893384365,0.7654320987654321
homoscedastic,1,0.1,0.25,smoother_001,eu_heldout,0.0426538893384365,0.7037037037037037
homoscedastic,1,0.1,0.25,smoother_1,eu_agreement,0.4023710666482262,0.7876960364397672
homoscedastic,1,0.1,0.25,smoother_1,acquisition_overlap,0.4023710666482262,0.8246192881478813
homoscedastic,1,0.1,0.25,smoother_1,eu_group0,0.4023710666482262,0.7876960364397672
homoscedastic,1,0.1,0.25,smoother_1,eu_group1,0.4023710666482262,
homoscedastic,1,0.1,0.25,smoother_1,eu_id,0.4023710666482262,0.7876960364397672
homoscedastic,1,0.1,0.25,smoother_1,eu_heldout,0.4023710666482262,0.8246192881478813
homoscedastic,1,0.1,1.0,cka,eu_agreement,0.6517876228848145,0.7951404970357048
homoscedastic,1,0.1,1.0,cka,acquisition_overlap,0.6517876228848145,0.6853027025833884
homoscedastic,1,0.1,1.0,cka,eu_group0,0.6517876228848145,0.7951404970357048
homoscedastic,1,0.1,1.0,cka,eu_group1,0.6517876228848145,
homoscedastic,1,0.1,1.0,cka,eu_id,0.6517876228848145,0.7584417048648262
homoscedastic,1,0.1,1.0,cka,eu_heldout,0.6517876228848145,0.7951404970357048
homoscedastic,1,0.1,1.0,mknn,eu_agreement,0.78,0.802469135802469
homoscedastic,1,0.1,1.0,mknn,acquisition_overlap,0.78,0.8660814379866016
homoscedastic,1,0.1,1.0,mknn,eu_group0,0.78,0.802469135802469
homoscedastic,1,0.1,1.0,mknn,eu_group1,0.78,
homoscedastic,1,0.1,1.0,mknn,eu_id,0.78,0.7160493827160493
homoscedastic,1,0.1,1.0,mknn,eu_heldout,0.78,0.802469135802469
homoscedastic,1,0.1,1.0,predictivity,eu_agreement,0.006087073313743252,0.886158040994738
homoscedastic,1,0.1,1.0,predictivity,acquisition_overlap,0.006087073313743252,0.8137273838801663
homoscedastic,1,0.1,1.0,predictivity,eu_group0,0.006087073313743252,0.886158040994738
homoscedastic,1,0.1,1.0,predictivity,eu_group1,0.006087073313743252,
homoscedastic,1,0.1,1.0,predictivity,eu_id,0.006087073313743252,0.9230812927028521
homoscedastic,1,0.1,1.0,predictivity,eu_heldout,0.006087073313743252,0.886158040994738
homoscedastic,1,0.1,1.0,cca_type,eu_agreement,0.0013654787411976343,0.917469804271967
homoscedastic,1,0.1,1.0,cca_type,acquisition_overlap,0.0013654787411976343,0.7964328705698838
homoscedastic,1,0.1,1.0,cca_type,eu_group0,0.0013654787411976343,0.917469804271967
homoscedastic,1,0.1,1.0,cca_type,eu_group1,0.0013654787411976343,
homoscedastic,1,0.1,1.0,cca_type,eu_id,0.0013654787411976343,0.9541685964428458
homoscedastic,1,0.1,1.0,cca_type,eu_heldout,0.0013654787411976343,0.917469804271967
homoscedastic,1,0.1,1.0,smoother_001,eu_agreement,0.0426538893384365,0.802469135802469
homoscedastic,1,0.1,1.0,smoother_001,acquisition_overlap,0.0426538893384365,0.7414654037439252
homoscedastic,1,0.1,1.0,smoother_001,eu_group0,0.0426538893384365,0.802469135802469
homoscedastic,1,0.1,1.0,smoother_001,eu_group1,0.0426538893384365,
homoscedastic,1,0.1,1.0,smoother_001,eu_id,0.0426538893384365,0.8641975308641975
homoscedastic,1,0.1,1.0,smoother_001,eu_heldout,0.0426538893384365,0.802469135802469
homoscedastic,1,0.1,1.0,smoother_1,eu_agreement,0.4023710666482262,0.9230812927028521
homoscedastic,1,0.1,1.0,smoother_1,acquisition_overlap,0.4023710666482262,0.8137273838801663
homoscedastic,1,0.1,1.0,smoother_1,eu_group0,0.4023710666482262,0.9230812927028521
homoscedastic,1,0.1,1.0,smoother_1,eu_group1,0.4023710666482262,
homoscedastic,1,0.1,1.0,smoother_1,eu_id,0.4023710666482262,0.886158040994738
homoscedastic,1,0.1,1.0,smoother_1,eu_heldout,0.4023710666482262,0.9230812927028521
homoscedastic,1,1.0,0.1,cka,eu_agreement,0.6517876228848145,0.697277051246695
homoscedastic,1,1.0,0.1,cka,acquisition_overlap,0.6517876228848145,0.6112159239257248
homoscedastic,1,1.0,0.1,cka,eu_group0,0.6517876228848145,0.697277051246695
homoscedastic,1,1.0,0.1,cka,eu_group1,0.6517876228848145,
homoscedastic,1,1.0,0.1,cka,eu_id,0.6517876228848145,0.6605782590758164
homoscedastic,1,1.0,0.1,cka,eu_heldout,0.6517876228848145,0.697277051246695
homoscedastic,1,1.0,0.1,mknn,eu_agreement,0.78,0.9012345679012346
homoscedastic,1,1.0,0.1,mknn,acquisition_overlap,0.78,0.8660814379866016
homoscedastic,1,1.0,0.1,mknn,eu_group0,0.78,0.9012345679012346
homoscedastic,1,1.0,0.1,mknn,eu_group1,0.78,
homoscedastic,1,1.0,0.1,mknn,eu_id,0.78,0.8148148148148148
homoscedastic,1,1.0,0.1,mknn,eu_heldout,0.78,0.9012345679012346
homoscedastic,1,1.0,0.1,predictivity,eu_agreement,0.006087073313743252,0.7876960364397672
homoscedastic,1,1.0,0.1,predictivity,acquisition_overlap,0.006087073313743252,0.7516107896908406
homoscedastic,1,1.0,0.1,predictivity,eu_group0,0.006087073313743252,0.7876960364397672
homoscedastic,1,1.0,0.1,predictivity,eu_group1,0.006087073313743252,
homoscedastic,1,1.0,0.1,predictivity,eu_id,0.006087073313743252,0.8246192881478813
homoscedastic,1,1.0,0.1,predictivity,eu_heldout,0.006087073313743252,0.7876960364397672
homoscedastic,1,1.0,0.1,cca_type,eu_agreement,0.0013654787411976343,0.7706746355884525
homoscedastic,1,1.0,0.1,cca_type,acquisition_overlap,0.0013654787411976343,0.759389481241052
homoscedastic,1,1.0,0.1,cca_type,eu_group0,0.0013654787411976343,0.7706746355884525
homoscedastic,1,1.0,0.1,cca_type,eu_group1,0.0013654787411976343,
homoscedastic,1,1.0,0.1,cca_type,eu_id,0.0013654787411976343,0.807373427759331
homoscedastic,1,1.0,0.1,cca_type,eu_heldout,0.0013654787411976343,0.7706746355884525
homoscedastic,1,1.0,0.1,smoother_001,eu_agreement,0.0426538893384365,0.7037037037037037
homoscedastic,1,1.0,0.1,smoother_001,acquisition_overlap,0.0426538893384365,0.7290038003196576
homoscedastic,1,1.0,0.1,smoother_001,eu_group0,0.0426538893384365,0.7037037037037037
homoscedastic,1,1.0,0.1,smoother_001,eu_group1,0.0426538893384365,
homoscedastic,1,1.0,0.1,smoother_001,eu_id,0.0426538893384365,0.7654320987654321
homoscedastic,1,1.0,0.1,smoother_001,eu_heldout,0.0426538893384365,0.7037037037037037
homoscedastic,1,1.0,0.1,smoother_1,eu_agreement,0.4023710666482262,0.8246192881478813
homoscedastic,1,1.0,0.1,smoother_1,acquisition_overlap,0.4023710666482262,0.788880746204436
homoscedastic,1,1.0,0.1,smoother_1,eu_group0,0.4023710666482262,0.8246192881478813
homoscedastic,1,1.0,0.1,smoother_1,eu_group1,0.4023710666482262,
homoscedastic,1,1.0,0.1,smoother_1,eu_id,0.4023710666482262,0.7876960364397672
homoscedastic,1,1.0,0.1,smoother_1,eu_heldout,0.4023710666482262,0.8246192881478813
homoscedastic,1,1.0,0.25,cka,eu_agreement,0.6517876228848145,0.697277051246695
homoscedastic,1,1.0,0.25,cka,acquisition_overlap,0.6517876228848145,0.6482299130725303
homoscedastic,1,1.0,0.25,cka,eu_group0,0.6517876228848145,0.697277051246695
homoscedastic,1,1.0,0.25,cka,eu_group1,0.6517876228848145,
homoscedastic,1,1.0,0.25,cka,eu_id,0.6517876228848145,0.697277051246695
homoscedastic,1,1.0,0.25,cka,eu_heldout,0.6517876228848145,0.697277051246695
homoscedastic,1,1.0,0.25,mknn,eu_agreement,0.78,0.9012345679012346
homoscedastic,1,1.0,0.25,mknn,acquisition_overlap,0.78,0.9058216273156766
homoscedastic,1,1.0,0.25,mknn,eu_group0,0.78,0.9012345679012346
homoscedastic,1,1.0,0.25,mknn,eu_group1,0.78,
homoscedastic,1,1.0,0.25,mknn,eu_id,0.78,0.9012345679012346
homoscedastic,1,1.0,0.25,mknn,eu_heldout,0.78,0.9012345679012346
homoscedastic,1,1.0,0.25,predictivity,eu_agreement,0.006087073313743252,0.7876960364397672
homoscedastic,1,1.0,0.25,predictivity,acquisition_overlap,0.006087073313743252,0.7776167087917031
homoscedastic,1,1.0,0.25,predictivity,eu_group0,0.006087073313743252,0.7876960364397672
homoscedastic,1,1.0,0.25,predictivity,eu_group1,0.006087073313743252,
homoscedastic,1,1.0,0.25,predictivity,eu_id,0.006087073313743252,0.7876960364397672
homoscedastic,1,1.0,0.25,predictivity,eu_heldout,0.006087073313743252,0.7876960364397672
homoscedastic,1,1.0,0.25,cca_type,eu_agreement,0.0013654787411976343,0.7706746355884525
homoscedastic,1,1.0,0.25,cca_type,acquisition_overlap,0.0013654787411976343,0.7354916321399864
homoscedastic,1,1.0,0.25,cca_type,eu_group0,0.0013654787411976343,0.7706746355884525
homoscedastic,1,1.0,0.25,cca_type,eu_group1,0.0013654787411976343,
homoscedastic,1,1.0,0.25,cca_type,eu_id,0.0013654787411976343,0.7706746355884525
homoscedastic,1,1.0,0.25,cca_type,eu_heldout,0.0013654787411976343,0.7706746355884525
homoscedastic,1,1.0,0.25,smoother_001,eu_agreement,0.0426538893384365,0.7037037037037037
homoscedastic,1,1.0,0.25,smoother_001,acquisition_overlap,0.0426538893384365,0.7171087882915773
homoscedastic,1,1.0,0.25,smoother_001,eu_group0,0.0426538893384365,0.7037037037037037
homoscedastic,1,1.0,0.25,smoother_001,eu_group1,0.0426538893384365,
homoscedastic,1,1.0,0.25,smoother_001,eu_id,0.0426538893384365,0.7037037037037037
homoscedastic,1,1.0,0.25,smoother_001,eu_heldout,0.0426538893384365,0.7037037037037037
homoscedastic,1,1.0,0.25,smoother_1,eu_agreement,0.4023710666482262,0.8246192881478813
homoscedastic,1,1.0,0.25,smoother_1,acquisition_overlap,0.4023710666482262,0.8277855287137484
homoscedastic,1,1.0,0.25,smoother_1,eu_group0,0.4023710666482262,0.8246192881478813
homoscedastic,1,1.0,0.25,smoother_1,eu_group1,0.4023710666482262,
homoscedastic,1,1.0,0.25,smoother_1,eu_id,0.4023710666482262,0.8246192881478813
homoscedastic,1,1.0,0.25,smoother_1,eu_heldout,0.4023710666482262,0.8246192881478813
homoscedastic,1,1.0,1.0,cka,eu_agreement,0.6517876228848145,0.7584417048648262
homoscedastic,1,1.0,1.0,cka,acquisition_overlap,0.6517876228848145,0.7363735392481269
homoscedastic,1,1.0,1.0,cka,eu_group0,0.6517876228848145,0.7584417048648262
homoscedastic,1,1.0,1.0,cka,eu_group1,0.6517876228848145,
homoscedastic,1,1.0,1.0,cka,eu_id,0.6517876228848145,0.7584417048648262
homoscedastic,1,1.0,1.0,cka,eu_heldout,0.6517876228848145,0.7951404970357048
homoscedastic,1,1.0,1.0,mknn,eu_agreement,0.78,0.7160493827160493
homoscedastic,1,1.0,1.0,mknn,acquisition_overlap,0.78,0.9083073213103244
homoscedastic,1,1.0,1.0,mknn,eu_group0,0.78,0.7160493827160493
homoscedastic,1,1.0,1.0,mknn,eu_group1,0.78,
homoscedastic,1,1.0,1.0,mknn,eu_id,0.78,0.7160493827160493
homoscedastic,1,1.0,1.0,mknn,eu_heldout,0.78,0.802469135802469
homoscedastic,1,1.0,1.0,predictivity,eu_agreement,0.006087073313743252,0.9230812927028521
homoscedastic,1,1.0,1.0,predictivity,acquisition_overlap,0.006087073313743252,0.8675231034719135
homoscedastic,1,1.0,1.0,predictivity,eu_group0,0.006087073313743252,0.9230812927028521
homoscedastic,1,1.0,1.0,predictivity,eu_group1,0.006087073313743252,
homoscedastic,1,1.0,1.0,predictivity,eu_id,0.006087073313743252,0.9230812927028521
homoscedastic,1,1.0,1.0,predictivity,eu_heldout,0.006087073313743252,0.886158040994738
homoscedastic,1,1.0,1.0,cca_type,eu_agreement,0.0013654787411976343,0.9541685964428458
homoscedastic,1,1.0,1.0,cca_type,acquisition_overlap,0.0013654787411976343,0.7741362848505949
homoscedastic,1,1.0,1.0,cca_type,eu_group0,0.0013654787411976343,0.9541685964428458
homoscedastic,1,1.0,1.0,cca_type,eu_group1,0.0013654787411976343,
homoscedastic,1,1.0,1.0,cca_type,eu_id,0.0013654787411976343,0.9541685964428458
homoscedastic,1,1.0,1.0,cca_type,eu_heldout,0.0013654787411976343,0.917469804271967
homoscedastic,1,1.0,1.0,smoother_001,eu_agreement,0.0426538893384365,0.8641975308641975
homoscedastic,1,1.0,1.0,smoother_001,acquisition_overlap,0.0426538893384365,0.7431605356175383
homoscedastic,1,1.0,1.0,smoother_001,eu_group0,0.0426538893384365,0.8641975308641975
homoscedastic,1,1.0,1.0,smoother_001,eu_group1,0.0426538893384365,
homoscedastic,1,1.0,1.0,smoother_001,eu_id,0.0426538893384365,0.8641975308641975
homoscedastic,1,1.0,1.0,smoother_001,eu_heldout,0.0426538893384365,0.802469135802469
homoscedastic,1,1.0,1.0,smoother_1,eu_agreement,0.4023710666482262,0.886158040994738
homoscedastic,1,1.0,1.0,smoother_1,acquisition_overlap,0.4023710666482262,0.8675231034719135
homoscedastic,1,1.0,1.0,smoother_1,eu_group0,0.4023710666482262,0.886158040994738
homoscedastic,1,1.0,1.0,smoother_1,eu_group1,0.4023710666482262,
homoscedastic,1,1.0,1.0,smoother_1,eu_id,0.4023710666482262,0.886158040994738
homoscedastic,1,1.0,1.0,smoother_1,eu_heldout,0.4023710666482262,0.9230812927028521
homoscedastic,1,10.0,0.1,cka,eu_agreement,0.6517876228848145,0.6605782590758164
homoscedastic,1,10.0,0.1,cka,acquisition_overlap,0.6517876228848145,0.6232979933389715
homoscedastic,1,10.0,0.1,cka,eu_group0,0.6517876228848145,0.6605782590758164
homoscedastic,1,10.0,0.1,cka,eu_group1,0.6517876228848145,
homoscedastic,1,10.0,0.1,cka,eu_id,0.6517876228848145,0.6605782590758164
homoscedastic,1,10.0,0.1,cka,eu_heldout,0.6517876228848145,0.7584417048648262
homoscedastic,1,10.0,0.1,mknn,eu_agreement,0.78,0.8148148148148148
homoscedastic,1,10.0,0.1,mknn,acquisition_overlap,0.78,0.805174779836157
homoscedastic,1,10.0,0.1,mknn,eu_group0,0.78,0.8148148148148148
homoscedastic,1,10.0,0.1,mknn,eu_group1,0.78,
homoscedastic,1,10.0,0.1,mknn,eu_id,0.78,0.8148148148148148
homoscedastic,1,10.0,0.1,mknn,eu_heldout,0.78,0.7160493827160493
homoscedastic,1,10.0,0.1,predictivity,eu_agreement,0.006087073313743252,0.8246192881478813
homoscedastic,1,10.0,0.1,predictivity,acquisition_overlap,0.006087073313743252,0.8528699386747712
homoscedastic,1,10.0,0.1,predictivity,eu_group0,0.006087073313743252,0.8246192881478813
homoscedastic,1,10.0,0.1,predictivity,eu_group1,0.006087073313743252,
homoscedastic,1,10.0,0.1,predictivity,eu_id,0.006087073313743252,0.8246192881478813
homoscedastic,1,10.0,0.1,predictivity,eu_heldout,0.006087073313743252,0.9230812927028521
homoscedastic,1,10.0,0.1,cca_type,eu_agreement,0.0013654787411976343,0.807373427759331
homoscedastic,1,10.0,0.1,cca_type,acquisition_overlap,0.0013654787411976343,0.7604235518735452
homoscedastic,1,10.0,0.1,cca_type,eu_group0,0.0013654787411976343,0.807373427759331
homoscedastic,1,10.0,0.1,cca_type,eu_group1,0.0013654787411976343,
homoscedastic,1,10.0,0.1,cca_type,eu_id,0.0013654787411976343,0.807373427759331
homoscedastic,1,10.0,0.1,cca_type,eu_heldout,0.0013654787411976343,0.9541685964428458
homoscedastic,1,10.0,0.1,smoother_001,eu_agreement,0.0426538893384365,0.7654320987654321
homoscedastic,1,10.0,0.1,smoother_001,acquisition_overlap,0.0426538893384365,0.7925939239012171
homoscedastic,1,10.0,0.1,smoother_001,eu_group0,0.0426538893384365,0.7654320987654321
homoscedastic,1,10.0,0.1,smoother_001,eu_group1,0.0426538893384365,
homoscedastic,1,10.0,0.1,smoother_001,eu_id,0.0426538893384365,0.7654320987654321
homoscedastic,1,10.0,0.1,smoother_001,eu_heldout,0.0426538893384365,0.8641975308641975
homoscedastic,1,10.0,0.1,smoother_1,eu_agreement,0.4023710666482262,0.7876960364397672
homoscedastic,1,10.0,0.1,smoother_1,acquisition_overlap,0.4023710666482262,0.8027011187527259
homoscedastic,1,10.0,0.1,smoother_1,eu_group0,0.4023710666482262,0.7876960364397672
homoscedastic,1,10.0,0.1,smoother_1,eu_group1,0.4023710666482262,
homoscedastic,1,10.0,0.1,smoother_1,eu_id,0.4023710666482262,0.7876960364397672
homoscedastic,1,10.0,0.1,smoother_1,eu_heldout,0.4023710666482262,0.886158040994738
homoscedastic,1,10.0,0.25,cka,eu_agreement,0.6517876228848145,0.697277051246695
homoscedastic,1,10.0,0.25,cka,acquisition_overlap,0.6517876228848145,0.7867238667180843
homoscedastic,1,10.0,0.25,cka,eu_group0,0.6517876228848145,0.697277051246695
homoscedastic,1,10.0,0.25,cka,eu_group1,0.6517876228848145,
homoscedastic,1,10.0,0.25,cka,eu_id,0.6517876228848145,0.697277051246695
homoscedastic,1,10.0,0.25,cka,eu_heldout,0.6517876228848145,0.7951404970357048
homoscedastic,1,10.0,0.25,mknn,eu_agreement,0.78,0.9012345679012346
homoscedastic,1,10.0,0.25,mknn,acquisition_overlap,0.78,0.7177533378186481
homoscedastic,1,10.0,0.25,mknn,eu_group0,0.78,0.9012345679012346
homoscedastic,1,10.0,0.25,mknn,eu_group1,0.78,
homoscedastic,1,10.0,0.25,mknn,eu_id,0.78,0.9012345679012346
homoscedastic,1,10.0,0.25,mknn,eu_heldout,0.78,0.802469135802469
homoscedastic,1,10.0,0.25,predictivity,eu_agreement,0.006087073313743252,0.7876960364397672
homoscedastic,1,10.0,0.25,predictivity,acquisition_overlap,0.006087073313743252,0.9688396703007501
homoscedastic,1,10.0,0.25,predictivity,eu_group0,0.006087073313743252,0.7876960364397672
homoscedastic,1,10.0,0.25,predictivity,eu_group1,0.006087073313743252,
homoscedastic,1,10.0,0.25,predictivity,eu_id,0.006087073313743252,0.7876960364397672
homoscedastic,1,10.0,0.25,predictivity,eu_heldout,0.006087073313743252,0.886158040994738
homoscedastic,1,10.0,0.25,cca_type,eu_agreement,0.0013654787411976343,0.7706746355884525
homoscedastic,1,10.0,0.25,cca_type,acquisition_overlap,0.0013654787411976343,0.887424521657999
homoscedastic,1,10.0,0.25,cca_type,eu_group0,0.0013654787411976343,0.7706746355884525
homoscedastic,1,10.0,0.25,cca_type,eu_group1,0.0013654787411976343,
homoscedastic,1,10.0,0.25,cca_type,eu_id,0.0013654787411976343,0.7706746355884525
homoscedastic,1,10.0,0.25,cca_type,eu_heldout,0.0013654787411976343,0.917469804271967
homoscedastic,1,10.0,0.25,smoother_001,eu_agreement,0.0426538893384365,0.7037037037037037
homoscedastic,1,10.0,0.25,smoother_001,acquisition_overlap,0.0426538893384365,0.8447893268130989
homoscedastic,1,10.0,0.25,smoother_001,eu_group0,0.0426538893384365,0.7037037037037037
homoscedastic,1,10.0,0.25,smoother_001,eu_group1,0.0426538893384365,
homoscedastic,1,10.0,0.25,smoother_001,eu_id,0.0426538893384365,0.7037037037037037
homoscedastic,1,10.0,0.25,smoother_001,eu_heldout,0.0426538893384365,0.802469135802469
homoscedastic,1,10.0,0.25,smoother_1,eu_agreement,0.4023710666482262,0.8246192881478813
homoscedastic,1,10.0,0.25,smoother_1,acquisition_overlap,0.4023710666482262,0.9688396703007501
homoscedastic,1,10.0,0.25,smoother_1,eu_group0,0.4023710666482262,0.8246192881478813
homoscedastic,1,10.0,0.25,smoother_1,eu_group1,0.4023710666482262,
homoscedastic,1,10.0,0.25,smoother_1,eu_id,0.4023710666482262,0.8246192881478813
homoscedastic,1,10.0,0.25,smoother_1,eu_heldout,0.4023710666482262,0.9230812927028521
homoscedastic,1,10.0,1.0,cka,eu_agreement,0.6517876228848145,0.7584417048648262
homoscedastic,1,10.0,1.0,cka,acquisition_overlap,0.6517876228848145,0.5685352436149612
homoscedastic,1,10.0,1.0,cka,eu_group0,0.6517876228848145,0.7584417048648262
homoscedastic,1,10.0,1.0,cka,eu_group1,0.6517876228848145,
homoscedastic,1,10.0,1.0,cka,eu_id,0.6517876228848145,0.7584417048648262
homoscedastic,1,10.0,1.0,cka,eu_heldout,0.6517876228848145,0.7951404970357048
homoscedastic,1,10.0,1.0,mknn,eu_agreement,0.78,0.7160493827160493
homoscedastic,1,10.0,1.0,mknn,acquisition_overlap,0.78,0.7172191381865587
homoscedastic,1,10.0,1.0,mknn,eu_group0,0.78,0.7160493827160493
homoscedastic,1,10.0,1.0,mknn,eu_group1,0.78,
homoscedastic,1,10.0,1.0,mknn,eu_id,0.78,0.7160493827160493
homoscedastic,1,10.0,1.0,mknn,eu_heldout,0.78,0.802469135802469
homoscedastic,1,10.0,1.0,predictivity,eu_agreement,0.006087073313743252,0.9230812927028521
homoscedastic,1,10.0,1.0,predictivity,acquisition_overlap,0.006087073313743252,0.8580188337201026
homoscedastic,1,10.0,1.0,predictivity,eu_group0,0.006087073313743252,0.9230812927028521
homoscedastic,1,10.0,1.0,predictivity,eu_group1,0.006087073313743252,
homoscedastic,1,10.0,1.0,predictivity,eu_id,0.006087073313743252,0.9230812927028521
homoscedastic,1,10.0,1.0,predictivity,eu_heldout,0.006087073313743252,0.886158040994738
homoscedastic,1,10.0,1.0,cca_type,eu_agreement,0.0013654787411976343,0.9541685964428458
homoscedastic,1,10.0,1.0,cca_type,acquisition_overlap,0.0013654787411976343,0.8528028654224417
homoscedastic,1,10.0,1.0,cca_type,eu_group0,0.0013654787411976343,0.9541685964428458
homoscedastic,1,10.0,1.0,cca_type,eu_group1,0.0013654787411976343,
homoscedastic,1,10.0,1.0,cca_type,eu_id,0.0013654787411976343,0.9541685964428458
homoscedastic,1,10.0,1.0,cca_type,eu_heldout,0.0013654787411976343,0.917469804271967
homoscedastic,1,10.0,1.0,smoother_001,eu_agreement,0.0426538893384365,0.8641975308641975
homoscedastic,1,10.0,1.0,smoother_001,acquisition_overlap,0.0426538893384365,0.8606629658238704
homoscedastic,1,10.0,1.0,smoother_001,eu_group0,0.0426538893384365,0.8641975308641975
homoscedastic,1,10.0,1.0,smoother_001,eu_group1,0.0426538893384365,
homoscedastic,1,10.0,1.0,smoother_001,eu_id,0.0426538893384365,0.8641975308641975
homoscedastic,1,10.0,1.0,smoother_001,eu_heldout,0.0426538893384365,0.802469135802469
homoscedastic,1,10.0,1.0,smoother_1,eu_agreement,0.4023710666482262,0.886158040994738
homoscedastic,1,10.0,1.0,smoother_1,acquisition_overlap,0.4023710666482262,0.8580188337201026
homoscedastic,1,10.0,1.0,smoother_1,eu_group0,0.4023710666482262,0.886158040994738
homoscedastic,1,10.0,1.0,smoother_1,eu_group1,0.4023710666482262,
homoscedastic,1,10.0,1.0,smoother_1,eu_id,0.4023710666482262,0.886158040994738
homoscedastic,1,10.0,1.0,smoother_1,eu_heldout,0.4023710666482262,0.9230812927028521
homoscedastic,2,0.1,0.1,cka,eu_agreement,0.7222245337731901,0.7975610216516694
homoscedastic,2,0.1,0.1,cka,acquisition_overlap,0.7222245337731901,0.7975610216516694
homoscedastic,2,0.1,0.1,cka,eu_group0,0.7222245337731901,0.7975610216516694
homoscedastic,2,0.1,0.1,cka,eu_group1,0.7222245337731901,
homoscedastic,2,0.1,0.1,cka,eu_id,0.7222245337731901,0.7975610216516694
homoscedastic,2,0.1,0.1,cka,eu_heldout,0.7222245337731901,0.6625891564490793
homoscedastic,2,0.1,0.1,mknn,eu_agreement,0.8059999999999999,0.802469135802469
homoscedastic,2,0.1,0.1,mknn,acquisition_overlap,0.8059999999999999,0.802469135802469
homoscedastic,2,0.1,0.1,mknn,eu_group0,0.8059999999999999,0.802469135802469
homoscedastic,2,0.1,0.1,mknn,eu_group1,0.8059999999999999,
homoscedastic,2,0.1,0.1,mknn,eu_id,0.8059999999999999,0.802469135802469
homoscedastic,2,0.1,0.1,mknn,eu_heldout,0.8059999999999999,0.6666666666666666
homoscedastic,2,0.1,0.1,predictivity,eu_agreement,0.005072790864493859,0.8615425398559954
homoscedastic,2,0.1,0.1,predictivity,acquisition_overlap,0.005072790864493859,0.8615425398559954
homoscedastic,2,0.1,0.1,predictivity,eu_group0,0.005072790864493859,0.8615425398559954
homoscedastic,2,0.1,0.1,predictivity,eu_group1,0.005072790864493859,
homoscedastic,2,0.1,0.1,predictivity,eu_id,0.005072790864493859,0.8615425398559954
homoscedastic,2,0.1,0.1,predictivity,eu_heldout,0.005072790864493859,0.7753882858703959
homoscedastic,2,0.1,0.1,cca_type,eu_agreement,0.001100862700956995,0.8318392892065836
homoscedastic,2,0.1,0.1,cca_type,acquisition_overlap,0.001100862700956995,0.8318392892065836
homoscedastic,2,0.1,0.1,cca_type,eu_group0,0.001100862700956995,0.8318392892065836
homoscedastic,2,0.1,0.1,cca_type,eu_group1,0.001100862700956995,
homoscedastic,2,0.1,0.1,cca_type,eu_id,0.001100862700956995,0.8318392892065836
homoscedastic,2,0.1,0.1,cca_type,eu_heldout,0.001100862700956995,0.917469804271967
homoscedastic,2,0.1,0.1,smoother_001,eu_agreement,0.05374463969619625,0.7362101738323102
homoscedastic,2,0.1,0.1,smoother_001,acquisition_overlap,0.05374463969619625,0.7362101738323102
homoscedastic,2,0.1,0.1,smoother_001,eu_group0,0.05374463969619625,0.7362101738323102
homoscedastic,2,0.1,0.1,smoother_001,eu_group1,0.05374463969619625,
homoscedastic,2,0.1,0.1,smoother_001,eu_id,0.05374463969619625,0.7362101738323102
homoscedastic,2,0.1,0.1,smoother_001,eu_heldout,0.05374463969619625,0.7730206825239259
homoscedastic,2,0.1,0.1,smoother_1,eu_agreement,0.44321211281951756,0.8589118694710287
homoscedastic,2,0.1,0.1,smoother_1,acquisition_overlap,0.44321211281951756,0.8589118694710287
homoscedastic,2,0.1,0.1,smoother_1,eu_group0,0.44321211281951756,0.8589118694710287
homoscedastic,2,0.1,0.1,smoother_1,eu_group1,0.44321211281951756,
homoscedastic,2,0.1,0.1,smoother_1,eu_id,0.44321211281951756,0.8589118694710287
homoscedastic,2,0.1,0.1,smoother_1,eu_heldout,0.44321211281951756,0.7730206825239259
homoscedastic,2,0.1,0.25,cka,eu_agreement,0.7222245337731901,0.6625891564490793
homoscedastic,2,0.1,0.25,cka,acquisition_overlap,0.7222245337731901,0.8683539855856865
homoscedastic,2,0.1,0.25,cka,eu_group0,0.7222245337731901,0.6625891564490793
homoscedastic,2,0.1,0.25,cka,eu_group1,0.7222245337731901,
homoscedastic,2,0.1,0.25,cka,eu_id,0.7222245337731901,0.6625891564490793
homoscedastic,2,0.1,0.25,cka,eu_heldout,0.7222245337731901,0.6625891564490793
homoscedastic,2,0.1,0.25,mknn,eu_agreement,0.8059999999999999,0.6666666666666666
homoscedastic,2,0.1,0.25,mknn,acquisition_overlap,0.8059999999999999,0.8736977528572242
homoscedastic,2,0.1,0.25,mknn,eu_group0,0.8059999999999999,0.6666666666666666
homoscedastic,2,0.1,0.25,mknn,eu_group1,0.8059999999999999,
homoscedastic,2,0.1,0.25,mknn,eu_id,0.8059999999999999,0.6666666666666666
homoscedastic,2,0.1,0.25,mknn,eu_heldout,0.8059999999999999,0.6666666666666666
homoscedastic,2,0.1,0.25,predictivity,eu_agreement,0.005072790864493859,0.7753882858703959
homoscedastic,2,0.1,0.25,predictivity,acquisition_overlap,0.005072790864493859,0.9341305009714603
homoscedastic,2,0.1,0.25,predictivity,eu_group0,0.005072790864493859,0.7753882858703959
homoscedastic,2,0.1,0.25,predictivity,eu_group1,0.005072790864493859,
homoscedastic,2,0.1,0.25,predictivity,eu_id,0.005072790864493859,0.7753882858703959
homoscedastic,2,0.1,0.25,predictivity,eu_heldout,0.005072790864493859,0.7753882858703959
homoscedastic,2,0.1,0.25,cca_type,eu_agreement,0.001100862700956995,0.917469804271967
homoscedastic,2,0.1,0.25,cca_type,acquisition_overlap,0.001100862700956995,0.8029853781438303
homoscedastic,2,0.1,0.25,cca_type,eu_group0,0.001100862700956995,0.917469804271967
homoscedastic,2,0.1,0.25,cca_type,eu_group1,0.001100862700956995,
homoscedastic,2,0.1,0.25,cca_type,eu_id,0.001100862700956995,0.917469804271967
homoscedastic,2,0.1,0.25,cca_type,eu_heldout,0.001100862700956995,0.917469804271967
homoscedastic,2,0.1,0.25,smoother_001,eu_agreement,0.05374463969619625,0.7730206825239259
homoscedastic,2,0.1,0.25,smoother_001,acquisition_overlap,0.05374463969619625,0.8054297837316513
homoscedastic,2,0.1,0.25,smoother_001,eu_group0,0.05374463969619625,0.7730206825239259
homoscedastic,2,0.1,0.25,smoother_001,eu_group1,0.05374463969619625,
homoscedastic,2,0.1,0.25,smoother_001,eu_id,0.05374463969619625,0.7730206825239259
homoscedastic,2,0.1,0.25,smoother_001,eu_heldout,0.05374463969619625,0.7730206825239259
homoscedastic,2,0.1,0.25,smoother_1,eu_agreement,0.44321211281951756,0.7730206825239259
homoscedastic,2,0.1,0.25,smoother_1,acquisition_overlap,0.44321211281951756,0.9312781874397218
homoscedastic,2,0.1,0.25,smoother_1,eu_group0,0.44321211281951756,0.7730206825239259
homoscedastic,2,0.1,0.25,smoother_1,eu_group1,0.44321211281951756,
homoscedastic,2,0.1,0.25,smoother_1,eu_id,0.44321211281951756,0.7730206825239259
homoscedastic,2,0.1,0.25,smoother_1,eu_heldout,0.44321211281951756,0.7730206825239259
homoscedastic,2,0.1,1.0,cka,eu_agreement,0.7222245337731901,0.7239400042684385
homoscedastic,2,0.1,1.0,cka,acquisition_overlap,0.7222245337731901,0.8220127099667168
homoscedastic,2,0.1,1.0,cka,eu_group0,0.7222245337731901,0.7239400042684385
homoscedastic,2,0.1,1.0,cka,eu_group1,0.7222245337731901,
homoscedastic,2,0.1,1.0,cka,eu_id,0.7222245337731901,0.6625891564490793
homoscedastic,2,0.1,1.0,cka,eu_heldout,0.7222245337731901,0.7239400042684385
homoscedastic,2,0.1,1.0,mknn,eu_agreement,0.8059999999999999,0.7283950617283951
homoscedastic,2,0.1,1.0,mknn,acquisition_overlap,0.8059999999999999,0.8270712974658522
homoscedastic,2,0.1,1.0,mknn,eu_group0,0.8059999999999999,0.7283950617283951
homoscedastic,2,0.1,1.0,mknn,eu_group1,0.8059999999999999,
homoscedastic,2,0.1,1.0,mknn,eu_id,0.8059999999999999,0.6666666666666666
homoscedastic,2,0.1,1.0,mknn,eu_heldout,0.8059999999999999,0.7283950617283951
homoscedastic,2,0.1,1.0,predictivity,eu_agreement,0.005072790864493859,0.713849533023539
homoscedastic,2,0.1,1.0,predictivity,acquisition_overlap,0.005072790864493859,0.8773003092282032
homoscedastic,2,0.1,1.0,predictivity,eu_group0,0.005072790864493859,0.713849533023539
homoscedastic,2,0.1,1.0,predictivity,eu_group1,0.005072790864493859,
homoscedastic,2,0.1,1.0,predictivity,eu_id,0.005072790864493859,0.7753882858703959
homoscedastic,2,0.1,1.0,predictivity,eu_heldout,0.005072790864493859,0.713849533023539
homoscedastic,2,0.1,1.0,cca_type,eu_agreement,0.001100862700956995,0.856305150653836
homoscedastic,2,0.1,1.0,cca_type,acquisition_overlap,0.001100862700956995,0.8719671272272647
homoscedastic,2,0.1,1.0,cca_type,eu_group0,0.001100862700956995,0.856305150653836
homoscedastic,2,0.1,1.0,cca_type,eu_group1,0.001100862700956995,
homoscedastic,2,0.1,1.0,cca_type,eu_id,0.001100862700956995,0.917469804271967
homoscedastic,2,0.1,1.0,cca_type,eu_heldout,0.001100862700956995,0.856305150653836
homoscedastic,2,0.1,1.0,smoother_001,eu_agreement,0.05374463969619625,0.7116698347045666
homoscedastic,2,0.1,1.0,smoother_001,acquisition_overlap,0.05374463969619625,0.8746215234045869
homoscedastic,2,0.1,1.0,smoother_001,eu_group0,0.05374463969619625,0.7116698347045666
homoscedastic,2,0.1,1.0,smoother_001,eu_group1,0.05374463969619625,
homoscedastic,2,0.1,1.0,smoother_001,eu_id,0.05374463969619625,0.7730206825239259
homoscedastic,2,0.1,1.0,smoother_001,eu_heldout,0.05374463969619625,0.7116698347045666
homoscedastic,2,0.1,1.0,smoother_1,eu_agreement,0.44321211281951756,0.8098311912155413
homoscedastic,2,0.1,1.0,smoother_1,acquisition_overlap,0.44321211281951756,0.9272303368424567
homoscedastic,2,0.1,1.0,smoother_1,eu_group0,0.44321211281951756,0.8098311912155413
homoscedastic,2,0.1,1.0,smoother_1,eu_group1,0.44321211281951756,
homoscedastic,2,0.1,1.0,smoother_1,eu_id,0.44321211281951756,0.7730206825239259
homoscedastic,2,0.1,1.0,smoother_1,eu_heldout,0.44321211281951756,0.8098311912155413
homoscedastic,2,1.0,0.1,cka,eu_agreement,0.7222245337731901,0.6625891564490793
homoscedastic,2,1.0,0.1,cka,acquisition_overlap,0.7222245337731901,0.5766979695019764
homoscedastic,2,1.0,0.1,cka,eu_group0,0.7222245337731901,0.6625891564490793
homoscedastic,2,1.0,0.1,cka,eu_group1,0.7222245337731901,
homoscedastic,2,1.0,0.1,cka,eu_id,0.7222245337731901,0.6625891564490793
homoscedastic,2,1.0,0.1,cka,eu_heldout,0.7222245337731901,0.6625891564490793
homoscedastic,2,1.0,0.1,mknn,eu_agreement,0.8059999999999999,0.6666666666666666
homoscedastic,2,1.0,0.1,mknn,acquisition_overlap,0.8059999999999999,0.5802469135802469
homoscedastic,2,1.0,0.1,mknn,eu_group0,0.8059999999999999,0.6666666666666666
homoscedastic,2,1.0,0.1,mknn,eu_group1,0.8059999999999999,
homoscedastic,2,1.0,0.1,mknn,eu_id,0.8059999999999999,0.6666666666666666
homoscedastic,2,1.0,0.1,mknn,eu_heldout,0.8059999999999999,0.6666666666666666
homoscedastic,2,1.0,0.1,predictivity,eu_agreement,0.005072790864493859,0.7753882858703959
homoscedastic,2,1.0,0.1,predictivity,acquisition_overlap,0.005072790864493859,0.7384650341622817
homoscedastic,2,1.0,0.1,predictivity,eu_group0,0.005072790864493859,0.7753882858703959
homoscedastic,2,1.0,0.1,predictivity,eu_group1,0.005072790864493859,
homoscedastic,2,1.0,0.1,predictivity,eu_id,0.005072790864493859,0.7753882858703959
homoscedastic,2,1.0,0.1,predictivity,eu_heldout,0.005072790864493859,0.7753882858703959
homoscedastic,2,1.0,0.1,cca_type,eu_agreement,0.001100862700956995,0.917469804271967
homoscedastic,2,1.0,0.1,cca_type,acquisition_overlap,0.001100862700956995,0.9541685964428458
homoscedastic,2,1.0,0.1,cca_type,eu_group0,0.001100862700956995,0.917469804271967
homoscedastic,2,1.0,0.1,cca_type,eu_group1,0.001100862700956995,
homoscedastic,2,1.0,0.1,cca_type,eu_id,0.001100862700956995,0.917469804271967
homoscedastic,2,1.0,0.1,cca_type,eu_heldout,0.001100862700956995,0.917469804271967
homoscedastic,2,1.0,0.1,smoother_001,eu_agreement,0.05374463969619625,0.7730206825239259
homoscedastic,2,1.0,0.1,smoother_001,acquisition_overlap,0.05374463969619625,0.8589118694710287
homoscedastic,2,1.0,0.1,smoother_001,eu_group0,0.05374463969619625,0.7730206825239259
homoscedastic,2,1.0,0.1,smoother_001,eu_group1,0.05374463969619625,
homoscedastic,2,1.0,0.1,smoother_001,eu_id,0.05374463969619625,0.7730206825239259
homoscedastic,2,1.0,0.1,smoother_001,eu_heldout,0.05374463969619625,0.7730206825239259
homoscedastic,2,1.0,0.1,smoother_1,eu_agreement,0.44321211281951756,0.7730206825239259
homoscedastic,2,1.0,0.1,smoother_1,acquisition_overlap,0.44321211281951756,0.7362101738323102
homoscedastic,2,1.0,0.1,smoother_1,eu_group0,0.44321211281951756,0.7730206825239259
homoscedastic,2,1.0,0.1,smoother_1,eu_group1,0.44321211281951756,
homoscedastic,2,1.0,0.1,smoother_1,eu_id,0.44321211281951756,0.7730206825239259
homoscedastic,2,1.0,0.1,smoother_1,eu_heldout,0.44321211281951756,0.7730206825239259
homoscedastic,2,1.0,0.25,cka,eu_agreement,0.7222245337731901,0.7239400042684385
homoscedastic,2,1.0,0.25,cka,acquisition_overlap,0.7222245337731901,0.6254619400423009
homoscedastic,2,1.0,0.25,cka,eu_group0,0.7222245337731901,0.7239400042684385
homoscedastic,2,1.0,0.25,cka,eu_group1,0.7222245337731901,
homoscedastic,2,1.0,0.25,cka,eu_id,0.7222245337731901,0.6625891564490793
homoscedastic,2,1.0,0.25,cka,eu_heldout,0.7222245337731901,0.7239400042684385
homoscedastic,2,1.0,0.25,mknn,eu_agreement,0.8059999999999999,0.7283950617283951
homoscedastic,2,1.0,0.25,mknn,acquisition_overlap,0.8059999999999999,0.6293109729255163
homoscedastic,2,1.0,0.25,mknn,eu_group0,0.8059999999999999,0.7283950617283951
homoscedastic,2,1.0,0.25,mknn,eu_group1,0.8059999999999999,
homoscedastic,2,1.0,0.25,mknn,eu_id,0.8059999999999999,0.6666666666666666
homoscedastic,2,1.0,0.25,mknn,eu_heldout,0.8059999999999999,0.7283950617283951
homoscedastic,2,1.0,0.25,predictivity,eu_agreement,0.005072790864493859,0.713849533023539
homoscedastic,2,1.0,0.25,predictivity,acquisition_overlap,0.005072790864493859,0.7640341085287058
homoscedastic,2,1.0,0.25,predictivity,eu_group0,0.005072790864493859,0.713849533023539
homoscedastic,2,1.0,0.25,predictivity,eu_group1,0.005072790864493859,
homoscedastic,2,1.0,0.25,predictivity,eu_id,0.005072790864493859,0.7753882858703959
homoscedastic,2,1.0,0.25,predictivity,eu_heldout,0.005072790864493859,0.713849533023539
homoscedastic,2,1.0,0.25,cca_type,eu_agreement,0.001100862700956995,0.856305150653836
homoscedastic,2,1.0,0.25,cca_type,acquisition_overlap,0.001100862700956995,0.9446064278852111
homoscedastic,2,1.0,0.25,cca_type,eu_group0,0.001100862700956995,0.856305150653836
homoscedastic,2,1.0,0.25,cca_type,eu_group1,0.001100862700956995,
homoscedastic,2,1.0,0.25,cca_type,eu_id,0.001100862700956995,0.917469804271967
homoscedastic,2,1.0,0.25,cca_type,eu_heldout,0.001100862700956995,0.856305150653836
homoscedastic,2,1.0,0.25,smoother_001,eu_agreement,0.05374463969619625,0.7116698347045666
homoscedastic,2,1.0,0.25,smoother_001,acquisition_overlap,0.05374463969619625,0.8236280992636239
homoscedastic,2,1.0,0.25,smoother_001,eu_group0,0.05374463969619625,0.7116698347045666
homoscedastic,2,1.0,0.25,smoother_001,eu_group1,0.05374463969619625,
homoscedastic,2,1.0,0.25,smoother_001,eu_id,0.05374463969619625,0.7730206825239259
homoscedastic,2,1.0,0.25,smoother_001,eu_heldout,0.05374463969619625,0.7116698347045666
homoscedastic,2,1.0,0.25,smoother_1,eu_agreement,0.44321211281951756,0.8098311912155413
homoscedastic,2,1.0,0.25,smoother_1,acquisition_overlap,0.44321211281951756,0.7617011745069605
homoscedastic,2,1.0,0.25,smoother_1,eu_group0,0.44321211281951756,0.8098311912155413
homoscedastic,2,1.0,0.25,smoother_1,eu_group1,0.44321211281951756,
homoscedastic,2,1.0,0.25,smoother_1,eu_id,0.44321211281951756,0.7730206825239259
homoscedastic,2,1.0,0.25,smoother_1,eu_heldout,0.44321211281951756,0.8098311912155413
homoscedastic,2,1.0,1.0,cka,eu_agreement,0.7222245337731901,0.6380488173213356
homoscedastic,2,1.0,1.0,cka,acquisition_overlap,0.7222245337731901,0.8220127099667168
homoscedastic,2,1.0,1.0,cka,eu_group0,0.7222245337731901,0.6380488173213356
homoscedastic,2,1.0,1.0,cka,eu_group1,0.7222245337731901,
homoscedastic,2,1.0,1.0,cka,eu_id,0.7222245337731901,0.6625891564490793
homoscedastic,2,1.0,1.0,cka,eu_heldout,0.7222245337731901,0.7362101738323102
homoscedastic,2,1.0,1.0,mknn,eu_agreement,0.8059999999999999,0.6419753086419753
homoscedastic,2,1.0,1.0,mknn,acquisition_overlap,0.8059999999999999,0.8270712974658522
homoscedastic,2,1.0,1.0,mknn,eu_group0,0.8059999999999999,0.6419753086419753
homoscedastic,2,1.0,1.0,mknn,eu_group1,0.8059999999999999,
homoscedastic,2,1.0,1.0,mknn,eu_id,0.8059999999999999,0.6666666666666666
homoscedastic,2,1.0,1.0,mknn,eu_heldout,0.8059999999999999,0.7407407407407406
homoscedastic,2,1.0,1.0,predictivity,eu_agreement,0.005072790864493859,0.6769262813154249
homoscedastic,2,1.0,1.0,predictivity,acquisition_overlap,0.005072790864493859,0.8773003092282032
homoscedastic,2,1.0,1.0,predictivity,eu_group0,0.005072790864493859,0.6769262813154249
homoscedastic,2,1.0,1.0,predictivity,eu_group1,0.005072790864493859,
homoscedastic,2,1.0,1.0,predictivity,eu_id,0.005072790864493859,0.7753882858703959
homoscedastic,2,1.0,1.0,predictivity,eu_heldout,0.005072790864493859,0.7753882858703959
homoscedastic,2,1.0,1.0,cca_type,eu_agreement,0.001100862700956995,0.8930039428247147
homoscedastic,2,1.0,1.0,cca_type,acquisition_overlap,0.001100862700956995,0.8719671272272647
homoscedastic,2,1.0,1.0,cca_type,eu_group0,0.001100862700956995,0.8930039428247147
homoscedastic,2,1.0,1.0,cca_type,eu_group1,0.001100862700956995,
homoscedastic,2,1.0,1.0,cca_type,eu_id,0.001100862700956995,0.917469804271967
homoscedastic,2,1.0,1.0,cca_type,eu_heldout,0.001100862700956995,0.7951404970357048
homoscedastic,2,1.0,1.0,smoother_001,eu_agreement,0.05374463969619625,0.7975610216516694
homoscedastic,2,1.0,1.0,smoother_001,acquisition_overlap,0.05374463969619625,0.8746215234045869
homoscedastic,2,1.0,1.0,smoother_001,eu_group0,0.05374463969619625,0.7975610216516694
homoscedastic,2,1.0,1.0,smoother_001,eu_group1,0.05374463969619625,
homoscedastic,2,1.0,1.0,smoother_001,eu_id,0.05374463969619625,0.7730206825239259
homoscedastic,2,1.0,1.0,smoother_001,eu_heldout,0.05374463969619625,0.8957223781626442
homoscedastic,2,1.0,1.0,smoother_1,eu_agreement,0.44321211281951756,0.7730206825239259
homoscedastic,2,1.0,1.0,smoother_1,acquisition_overlap,0.44321211281951756,0.9272303368424567
homoscedastic,2,1.0,1.0,smoother_1,eu_group0,0.44321211281951756,0.7730206825239259
homoscedastic,2,1.0,1.0,smoother_1,eu_group1,0.44321211281951756,
homoscedastic,2,1.0,1.0,smoother_1,eu_id,0.44321211281951756,0.7730206825239259
homoscedastic,2,1.0,1.0,smoother_1,eu_heldout,0.44321211281951756,0.8711820390349004
homoscedastic,2,10.0,0.1,cka,eu_agreement,0.7222245337731901,0.5766979695019764
homoscedastic,2,10.0,0.1,cka,acquisition_overlap,0.7222245337731901,0.7863158925818741
homoscedastic,2,10.0,0.1,cka,eu_group0,0.7222245337731901,0.5766979695019764
homoscedastic,2,10.0,0.1,cka,eu_group1,0.7222245337731901,
homoscedastic,2,10.0,0.1,cka,eu_id,0.7222245337731901,0.6625891564490793
homoscedastic,2,10.0,0.1,cka,eu_heldout,0.7222245337731901,0.5766979695019764
homoscedastic,2,10.0,0.1,mknn,eu_agreement,0.8059999999999999,0.5802469135802469
homoscedastic,2,10.0,0.1,mknn,acquisition_overlap,0.8059999999999999,0.79115480528524
homoscedastic,2,10.0,0.1,mknn,eu_group0,0.8059999999999999,0.5802469135802469
homoscedastic,2,10.0,0.1,mknn,eu_group1,0.8059999999999999,
homoscedastic,2,10.0,0.1,mknn,eu_id,0.8059999999999999,0.6666666666666666
homoscedastic,2,10.0,0.1,mknn,eu_heldout,0.8059999999999999,0.5802469135802469
homoscedastic,2,10.0,0.1,predictivity,eu_agreement,0.005072790864493859,0.7384650341622817
homoscedastic,2,10.0,0.1,predictivity,acquisition_overlap,0.005072790864493859,0.9100664035638859
homoscedastic,2,10.0,0.1,predictivity,eu_group0,0.005072790864493859,0.7384650341622817
homoscedastic,2,10.0,0.1,predictivity,eu_group1,0.005072790864493859,
homoscedastic,2,10.0,0.1,predictivity,eu_id,0.005072790864493859,0.7753882858703959
homoscedastic,2,10.0,0.1,predictivity,eu_heldout,0.005072790864493859,0.7384650341622817
homoscedastic,2,10.0,0.1,cca_type,eu_agreement,0.001100862700956995,0.9541685964428458
homoscedastic,2,10.0,0.1,cca_type,acquisition_overlap,0.001100862700956995,0.9045340337332909
homoscedastic,2,10.0,0.1,cca_type,eu_group0,0.001100862700956995,0.9541685964428458
homoscedastic,2,10.0,0.1,cca_type,eu_group1,0.001100862700956995,
homoscedastic,2,10.0,0.1,cca_type,eu_id,0.001100862700956995,0.917469804271967
homoscedastic,2,10.0,0.1,cca_type,eu_heldout,0.001100862700956995,0.9541685964428458
homoscedastic,2,10.0,0.1,smoother_001,eu_agreement,0.05374463969619625,0.8589118694710287
homoscedastic,2,10.0,0.1,smoother_001,acquisition_overlap,0.05374463969619625,0.9072875683637008
homoscedastic,2,10.0,0.1,smoother_001,eu_group0,0.05374463969619625,0.8589118694710287
homoscedastic,2,10.0,0.1,smoother_001,eu_group1,0.05374463969619625,
homoscedastic,2,10.0,0.1,smoother_001,eu_id,0.05374463969619625,0.7730206825239259
homoscedastic,2,10.0,0.1,smoother_001,eu_heldout,0.05374463969619625,0.8589118694710287
homoscedastic,2,10.0,0.1,smoother_1,eu_agreement,0.44321211281951756,0.7362101738323102
homoscedastic,2,10.0,0.1,smoother_1,acquisition_overlap,0.44321211281951756,0.9072875683637008
homoscedastic,2,10.0,0.1,smoother_1,eu_group0,0.44321211281951756,0.7362101738323102
homoscedastic,2,10.0,0.1,smoother_1,eu_group1,0.44321211281951756,
homoscedastic,2,10.0,0.1,smoother_1,eu_id,0.44321211281951756,0.7730206825239259
homoscedastic,2,10.0,0.1,smoother_1,eu_heldout,0.44321211281951756,0.7362101738323102
homoscedastic,2,10.0,0.25,cka,eu_agreement,0.7222245337731901,0.6380488173213356
homoscedastic,2,10.0,0.25,cka,acquisition_overlap,0.7222245337731901,0.7863158925818741
homoscedastic,2,10.0,0.25,cka,eu_group0,0.7222245337731901,0.6380488173213356
homoscedastic,2,10.0,0.25,cka,eu_group1,0.7222245337731901,
homoscedastic,2,10.0,0.25,cka,eu_id,0.7222245337731901,0.6625891564490793
homoscedastic,2,10.0,0.25,cka,eu_heldout,0.7222245337731901,0.7362101738323102
homoscedastic,2,10.0,0.25,mknn,eu_agreement,0.8059999999999999,0.6419753086419753
homoscedastic,2,10.0,0.25,mknn,acquisition_overlap,0.8059999999999999,0.79115480528524
homoscedastic,2,10.0,0.25,mknn,eu_group0,0.8059999999999999,0.6419753086419753
homoscedastic,2,10.0,0.25,mknn,eu_group1,0.8059999999999999,
homoscedastic,2,10.0,0.25,mknn,eu_id,0.8059999999999999,0.6666666666666666
homoscedastic,2,10.0,0.25,mknn,eu_heldout,0.8059999999999999,0.7407407407407406
homoscedastic,2,10.0,0.25,predictivity,eu_agreement,0.005072790864493859,0.6769262813154249
homoscedastic,2,10.0,0.25,predictivity,acquisition_overlap,0.005072790864493859,0.9100664035638859
homoscedastic,2,10.0,0.25,predictivity,eu_group0,0.005072790864493859,0.6769262813154249
homoscedastic,2,10.0,0.25,predictivity,eu_group1,0.005072790864493859,
homoscedastic,2,10.0,0.25,predictivity,eu_id,0.005072790864493859,0.7753882858703959
homoscedastic,2,10.0,0.25,predictivity,eu_heldout,0.005072790864493859,0.7753882858703959
homoscedastic,2,10.0,0.25,cca_type,eu_agreement,0.001100862700956995,0.8930039428247147
homoscedastic,2,10.0,0.25,cca_type,acquisition_overlap,0.001100862700956995,0.9045340337332909
homoscedastic,2,10.0,0.25,cca_type,eu_group0,0.001100862700956995,0.8930039428247147
homoscedastic,2,10.0,0.25,cca_type,eu_group1,0.001100862700956995,
homoscedastic,2,10.0,0.25,cca_type,eu_id,0.001100862700956995,0.917469804271967
homoscedastic,2,10.0,0.25,cca_type,eu_heldout,0.001100862700956995,0.7951404970357048
homoscedastic,2,10.0,0.25,smoother_001,eu_agreement,0.05374463969619625,0.7975610216516694
homoscedastic,2,10.0,0.25,smoother_001,acquisition_overlap,0.05374463969619625,0.9072875683637008
homoscedastic,2,10.0,0.25,smoother_001,eu_group0,0.05374463969619625,0.7975610216516694
homoscedastic,2,10.0,0.25,smoother_001,eu_group1,0.05374463969619625,
homoscedastic,2,10.0,0.25,smoother_001,eu_id,0.05374463969619625,0.7730206825239259
homoscedastic,2,10.0,0.25,smoother_001,eu_heldout,0.05374463969619625,0.8957223781626442
homoscedastic,2,10.0,0.25,smoother_1,eu_agreement,0.44321211281951756,0.7730206825239259
homoscedastic,2,10.0,0.25,smoother_1,acquisition_overlap,0.44321211281951756,0.9072875683637008
homoscedastic,2,10.0,0.25,smoother_1,eu_group0,0.44321211281951756,0.7730206825239259
homoscedastic,2,10.0,0.25,smoother_1,eu_group1,0.44321211281951756,
homoscedastic,2,10.0,0.25,smoother_1,eu_id,0.44321211281951756,0.7730206825239259
homoscedastic,2,10.0,0.25,smoother_1,eu_heldout,0.44321211281951756,0.8711820390349004
homoscedastic,2,10.0,1.0,cka,eu_agreement,0.7222245337731901,0.7362101738323102
homoscedastic,2,10.0,1.0,cka,acquisition_overlap,0.7222245337731901,0.5986660872396565
homoscedastic,2,10.0,1.0,cka,eu_group0,0.7222245337731901,0.7362101738323102
homoscedastic,2,10.0,1.0,cka,eu_group1,0.7222245337731901,
homoscedastic,2,10.0,1.0,cka,eu_id,0.7222245337731901,0.5766979695019764
homoscedastic,2,10.0,1.0,cka,eu_heldout,0.7222245337731901,0.7362101738323102
homoscedastic,2,10.0,1.0,mknn,eu_agreement,0.8059999999999999,0.7407407407407406
homoscedastic,2,10.0,1.0,mknn,acquisition_overlap,0.8059999999999999,0.6023502210107626
homoscedastic,2,10.0,1.0,mknn,eu_group0,0.8059999999999999,0.7407407407407406
homoscedastic,2,10.0,1.0,mknn,eu_group1,0.8059999999999999,
homoscedastic,2,10.0,1.0,mknn,eu_id,0.8059999999999999,0.5802469135802469
homoscedastic,2,10.0,1.0,mknn,eu_heldout,0.8059999999999999,0.7407407407407406
homoscedastic,2,10.0,1.0,predictivity,eu_agreement,0.005072790864493859,0.7753882858703959
homoscedastic,2,10.0,1.0,predictivity,acquisition_overlap,0.005072790864493859,0.7832604499879573
homoscedastic,2,10.0,1.0,predictivity,eu_group0,0.005072790864493859,0.7753882858703959
homoscedastic,2,10.0,1.0,predictivity,eu_group1,0.005072790864493859,
homoscedastic,2,10.0,1.0,predictivity,eu_id,0.005072790864493859,0.7384650341622817
homoscedastic,2,10.0,1.0,predictivity,eu_heldout,0.005072790864493859,0.7753882858703959
homoscedastic,2,10.0,1.0,cca_type,eu_agreement,0.001100862700956995,0.7951404970357048
homoscedastic,2,10.0,1.0,cca_type,acquisition_overlap,0.001100862700956995,0.9341987329938275
homoscedastic,2,10.0,1.0,cca_type,eu_group0,0.001100862700956995,0.7951404970357048
homoscedastic,2,10.0,1.0,cca_type,eu_group1,0.001100862700956995,
homoscedastic,2,10.0,1.0,cca_type,eu_id,0.001100862700956995,0.9541685964428458
homoscedastic,2,10.0,1.0,cca_type,eu_heldout,0.001100862700956995,0.7951404970357048
homoscedastic,2,10.0,1.0,smoother_001,eu_agreement,0.05374463969619625,0.8957223781626442
homoscedastic,2,10.0,1.0,smoother_001,acquisition_overlap,0.05374463969619625,0.9370425713316364
homoscedastic,2,10.0,1.0,smoother_001,eu_group0,0.05374463969619625,0.8957223781626442
homoscedastic,2,10.0,1.0,smoother_001,eu_group1,0.05374463969619625,
homoscedastic,2,10.0,1.0,smoother_001,eu_id,0.05374463969619625,0.8589118694710287
homoscedastic,2,10.0,1.0,smoother_001,eu_heldout,0.05374463969619625,0.8957223781626442
homoscedastic,2,10.0,1.0,smoother_1,eu_agreement,0.44321211281951756,0.8711820390349004
homoscedastic,2,10.0,1.0,smoother_1,acquisition_overlap,0.44321211281951756,0.7808688094430303
homoscedastic,2,10.0,1.0,smoother_1,eu_group0,0.44321211281951756,0.8711820390349004
homoscedastic,2,10.0,1.0,smoother_1,eu_group1,0.44321211281951756,
homoscedastic,2,10.0,1.0,smoother_1,eu_id,0.44321211281951756,0.7362101738323102
homoscedastic,2,10.0,1.0,smoother_1,eu_heldout,0.44321211281951756,0.8711820390349004
homoscedastic,3,0.1,0.1,cka,eu_agreement,0.6459509221143364,0.9230812927028521
homoscedastic,3,0.1,0.1,cka,acquisition_overlap,0.6459509221143364,0.886158040994738
homoscedastic,3,0.1,0.1,cka,eu_group0,0.6459509221143364,0.9230812927028521
homoscedastic,3,0.1,0.1,cka,eu_group1,0.6459509221143364,
homoscedastic,3,0.1,0.1,cka,eu_id,0.6459509221143364,0.9230812927028521
homoscedastic,3,0.1,0.1,cka,eu_heldout,0.6459509221143364,0.9846200455497092
homoscedastic,3,0.1,0.1,mknn,eu_agreement,0.7895,0.9259259259259257
homoscedastic,3,0.1,0.1,mknn,acquisition_overlap,0.7895,0.8888888888888888
homoscedastic,3,0.1,0.1,mknn,eu_group0,0.7895,0.9259259259259257
homoscedastic,3,0.1,0.1,mknn,eu_group1,0.7895,
homoscedastic,3,0.1,0.1,mknn,eu_id,0.7895,0.9259259259259257
homoscedastic,3,0.1,0.1,mknn,eu_heldout,0.7895,0.9876543209876544
homoscedastic,3,0.1,0.1,predictivity,eu_agreement,0.014316869386420517,0.9259259259259257
homoscedastic,3,0.1,0.1,predictivity,acquisition_overlap,0.014316869386420517,0.8888888888888888
homoscedastic,3,0.1,0.1,predictivity,eu_group0,0.014316869386420517,0.9259259259259257
homoscedastic,3,0.1,0.1,predictivity,eu_group1,0.014316869386420517,
homoscedastic,3,0.1,0.1,predictivity,eu_id,0.014316869386420517,0.9259259259259257
homoscedastic,3,0.1,0.1,predictivity,eu_heldout,0.014316869386420517,0.9876543209876544
homoscedastic,3,0.1,0.1,cca_type,eu_agreement,0.00040281382584339553,0.7706746355884525
homoscedastic,3,0.1,0.1,cca_type,acquisition_overlap,0.00040281382584339553,0.856305150653836
homoscedastic,3,0.1,0.1,cca_type,eu_group0,0.00040281382584339553,0.7706746355884525
homoscedastic,3,0.1,0.1,cca_type,eu_group1,0.00040281382584339553,
homoscedastic,3,0.1,0.1,cca_type,eu_id,0.00040281382584339553,0.7706746355884525
homoscedastic,3,0.1,0.1,cca_type,eu_heldout,0.00040281382584339553,0.7095099819703212
homoscedastic,3,0.1,0.1,smoother_001,eu_agreement,0.06343437977910305,0.993883734673619
homoscedastic,3,0.1,0.1,smoother_001,acquisition_overlap,0.06343437977910305,0.8589118694710287
homoscedastic,3,0.1,0.1,smoother_001,eu_group0,0.06343437977910305,0.993883734673619
homoscedastic,3,0.1,0.1,smoother_001,eu_group1,0.06343437977910305,
homoscedastic,3,0.1,0.1,smoother_001,eu_id,0.06343437977910305,0.993883734673619
homoscedastic,3,0.1,0.1,smoother_001,eu_heldout,0.06343437977910305,0.9570732259820034
homoscedastic,3,0.1,0.1,smoother_1,eu_agreement,0.43676411065012843,0.9202627172903878
homoscedastic,3,0.1,0.1,smoother_1,acquisition_overlap,0.43676411065012843,0.8834522085987724
homoscedastic,3,0.1,0.1,smoother_1,eu_group0,0.43676411065012843,0.9202627172903878
homoscedastic,3,0.1,0.1,smoother_1,eu_group1,0.43676411065012843,
homoscedastic,3,0.1,0.1,smoother_1,eu_id,0.43676411065012843,0.9202627172903878
homoscedastic,3,0.1,0.1,smoother_1,eu_heldout,0.43676411065012843,0.9816135651097472
homoscedastic,3,0.1,0.25,cka,eu_agreement,0.6459509221143364,0.9230812927028521
homoscedastic,3,0.1,0.25,cka,acquisition_overlap,0.6459509221143364,0.886158040994738
homoscedastic,3,0.1,0.25,cka,eu_group0,0.6459509221143364,0.9230812927028521
homoscedastic,3,0.1,0.25,cka,eu_group1,0.6459509221143364,
homoscedastic,3,0.1,0.25,cka,eu_id,0.6459509221143364,0.9230812927028521
homoscedastic,3,0.1,0.25,cka,eu_heldout,0.6459509221143364,0.9230812927028521
homoscedastic,3,0.1,0.25,mknn,eu_agreement,0.7895,0.9259259259259257
homoscedastic,3,0.1,0.25,mknn,acquisition_overlap,0.7895,0.8888888888888888
homoscedastic,3,0.1,0.25,mknn,eu_group0,0.7895,0.9259259259259257
homoscedastic,3,0.1,0.25,mknn,eu_group1,0.7895,
homoscedastic,3,0.1,0.25,mknn,eu_id,0.7895,0.9259259259259257
homoscedastic,3,0.1,0.25,mknn,eu_heldout,0.7895,0.9259259259259257
homoscedastic,3,0.1,0.25,predictivity,eu_agreement,0.014316869386420517,0.9259259259259257
homoscedastic,3,0.1,0.25,predictivity,acquisition_overlap,0.014316869386420517,0.8888888888888888
homoscedastic,3,0.1,0.25,predictivity,eu_group0,0.014316869386420517,0.9259259259259257
homoscedastic,3,0.1,0.25,predictivity,eu_group1,0.014316869386420517,
homoscedastic,3,0.1,0.25,predictivity,eu_id,0.014316869386420517,0.9259259259259257
homoscedastic,3,0.1,0.25,predictivity,eu_heldout,0.014316869386420517,0.9259259259259257
homoscedastic,3,0.1,0.25,cca_type,eu_agreement,0.00040281382584339553,0.7706746355884525
homoscedastic,3,0.1,0.25,cca_type,acquisition_overlap,0.00040281382584339553,0.856305150653836
homoscedastic,3,0.1,0.25,cca_type,eu_group0,0.00040281382584339553,0.7706746355884525
homoscedastic,3,0.1,0.25,cca_type,eu_group1,0.00040281382584339553,
homoscedastic,3,0.1,0.25,cca_type,eu_id,0.00040281382584339553,0.7706746355884525
homoscedastic,3,0.1,0.25,cca_type,eu_heldout,0.00040281382584339553,0.7706746355884525
homoscedastic,3,0.1,0.25,smoother_001,eu_agreement,0.06343437977910305,0.993883734673619
homoscedastic,3,0.1,0.25,smoother_001,acquisition_overlap,0.06343437977910305,0.8589118694710287
homoscedastic,3,0.1,0.25,smoother_001,eu_group0,0.06343437977910305,0.993883734673619
homoscedastic,3,0.1,0.25,smoother_001,eu_group1,0.06343437977910305,
homoscedastic,3,0.1,0.25,smoother_001,eu_id,0.06343437977910305,0.993883734673619
homoscedastic,3,0.1,0.25,smoother_001,eu_heldout,0.06343437977910305,0.993883734673619
homoscedastic,3,0.1,0.25,smoother_1,eu_agreement,0.43676411065012843,0.9202627172903878
homoscedastic,3,0.1,0.25,smoother_1,acquisition_overlap,0.43676411065012843,0.8834522085987724
homoscedastic,3,0.1,0.25,smoother_1,eu_group0,0.43676411065012843,0.9202627172903878
homoscedastic,3,0.1,0.25,smoother_1,eu_group1,0.43676411065012843,
homoscedastic,3,0.1,0.25,smoother_1,eu_id,0.43676411065012843,0.9202627172903878
homoscedastic,3,0.1,0.25,smoother_1,eu_heldout,0.43676411065012843,0.9202627172903878
homoscedastic,3,0.1,1.0,cka,eu_agreement,0.6459509221143364,0.9230812927028521
homoscedastic,3,0.1,1.0,cka,acquisition_overlap,0.6459509221143364,0.9593772712679864
homoscedastic,3,0.1,1.0,cka,eu_group0,0.6459509221143364,0.9230812927028521
homoscedastic,3,0.1,1.0,cka,eu_group1,0.6459509221143364,
homoscedastic,3,0.1,1.0,cka,eu_id,0.6459509221143364,0.9230812927028521
homoscedastic,3,0.1,1.0,cka,eu_heldout,0.6459509221143364,0.9230812927028521
homoscedastic,3,0.1,1.0,mknn,eu_agreement,0.7895,0.9259259259259257
homoscedastic,3,0.1,1.0,mknn,acquisition_overlap,0.7895,0.962333756770276
homoscedastic,3,0.1,1.0,mknn,eu_group0,0.7895,0.9259259259259257
homoscedastic,3,0.1,1.0,mknn,eu_group1,0.7895,
homoscedastic,3,0.1,1.0,mknn,eu_id,0.7895,0.9259259259259257
homoscedastic,3,0.1,1.0,mknn,eu_heldout,0.7895,0.9259259259259257
homoscedastic,3,0.1,1.0,predictivity,eu_agreement,0.014316869386420517,0.9259259259259257
homoscedastic,3,0.1,1.0,predictivity,acquisition_overlap,0.014316869386420517,0.962333756770276
homoscedastic,3,0.1,1.0,predictivity,eu_group0,0.014316869386420517,0.9259259259259257
homoscedastic,3,0.1,1.0,predictivity,eu_group1,0.014316869386420517,
homoscedastic,3,0.1,1.0,predictivity,eu_id,0.014316869386420517,0.9259259259259257
homoscedastic,3,0.1,1.0,predictivity,eu_heldout,0.014316869386420517,0.9259259259259257
homoscedastic,3,0.1,1.0,cca_type,eu_agreement,0.00040281382584339553,0.7706746355884525
homoscedastic,3,0.1,1.0,cca_type,acquisition_overlap,0.00040281382584339553,0.8029853781438303
homoscedastic,3,0.1,1.0,cca_type,eu_group0,0.00040281382584339553,0.7706746355884525
homoscedastic,3,0.1,1.0,cca_type,eu_group1,0.00040281382584339553,
homoscedastic,3,0.1,1.0,cca_type,eu_id,0.00040281382584339553,0.7706746355884525
homoscedastic,3,0.1,1.0,cca_type,eu_heldout,0.00040281382584339553,0.7706746355884525
homoscedastic,3,0.1,1.0,smoother_001,eu_agreement,0.06343437977910305,0.993883734673619
homoscedastic,3,0.1,1.0,smoother_001,acquisition_overlap,0.06343437977910305,0.9312781874397218
homoscedastic,3,0.1,1.0,smoother_001,eu_group0,0.06343437977910305,0.993883734673619
homoscedastic,3,0.1,1.0,smoother_001,eu_group1,0.06343437977910305,
homoscedastic,3,0.1,1.0,smoother_001,eu_id,0.06343437977910305,0.993883734673619
homoscedastic,3,0.1,1.0,smoother_001,eu_heldout,0.06343437977910305,0.993883734673619
homoscedastic,3,0.1,1.0,smoother_1,eu_agreement,0.43676411065012843,0.9202627172903878
homoscedastic,3,0.1,1.0,smoother_1,acquisition_overlap,0.43676411065012843,0.956447868181336
homoscedastic,3,0.1,1.0,smoother_1,eu_group0,0.43676411065012843,0.9202627172903878
homoscedastic,3,0.1,1.0,smoother_1,eu_group1,0.43676411065012843,
homoscedastic,3,0.1,1.0,smoother_1,eu_id,0.43676411065012843,0.9202627172903878
homoscedastic,3,0.1,1.0,smoother_1,eu_heldout,0.43676411065012843,0.9202627172903878
homoscedastic,3,1.0,0.1,cka,eu_agreement,0.6459509221143364,0.9230812927028521
homoscedastic,3,1.0,0.1,cka,acquisition_overlap,0.6459509221143364,0.9846200455497092
homoscedastic,3,1.0,0.1,cka,eu_group0,0.6459509221143364,0.9230812927028521
homoscedastic,3,1.0,0.1,cka,eu_group1,0.6459509221143364,
homoscedastic,3,1.0,0.1,cka,eu_id,0.6459509221143364,0.9230812927028521
homoscedastic,3,1.0,0.1,cka,eu_heldout,0.6459509221143364,0.9230812927028521
homoscedastic,3,1.0,0.1,mknn,eu_agreement,0.7895,0.9259259259259257
homoscedastic,3,1.0,0.1,mknn,acquisition_overlap,0.7895,0.9876543209876544
homoscedastic,3,1.0,0.1,mknn,eu_group0,0.7895,0.9259259259259257
homoscedastic,3,1.0,0.1,mknn,eu_group1,0.7895,
homoscedastic,3,1.0,0.1,mknn,eu_id,0.7895,0.9259259259259257
homoscedastic,3,1.0,0.1,mknn,eu_heldout,0.7895,0.9259259259259257
homoscedastic,3,1.0,0.1,predictivity,eu_agreement,0.014316869386420517,0.9259259259259257
homoscedastic,3,1.0,0.1,predictivity,acquisition_overlap,0.014316869386420517,0.9876543209876544
homoscedastic,3,1.0,0.1,predictivity,eu_group0,0.014316869386420517,0.9259259259259257
homoscedastic,3,1.0,0.1,predictivity,eu_group1,0.014316869386420517,
homoscedastic,3,1.0,0.1,predictivity,eu_id,0.014316869386420517,0.9259259259259257
homoscedastic,3,1.0,0.1,predictivity,eu_heldout,0.014316869386420517,0.9259259259259257
homoscedastic,3,1.0,0.1,cca_type,eu_agreement,0.00040281382584339553,0.7706746355884525
homoscedastic,3,1.0,0.1,cca_type,acquisition_overlap,0.00040281382584339553,0.7095099819703212
homoscedastic,3,1.0,0.1,cca_type,eu_group0,0.00040281382584339553,0.7706746355884525
homoscedastic,3,1.0,0.1,cca_type,eu_group1,0.00040281382584339553,
homoscedastic,3,1.0,0.1,cca_type,eu_id,0.00040281382584339553,0.7706746355884525
homoscedastic,3,1.0,0.1,cca_type,eu_heldout,0.00040281382584339553,0.7706746355884525
homoscedastic,3,1.0,0.1,smoother_001,eu_agreement,0.06343437977910305,0.993883734673619
homoscedastic,3,1.0,0.1,smoother_001,acquisition_overlap,0.06343437977910305,0.9570732259820034
homoscedastic,3,1.0,0.1,smoother_001,eu_group0,0.06343437977910305,0.993883734673619
homoscedastic,3,1.0,0.1,smoother_001,eu_group1,0.06343437977910305,
homoscedastic,3,1.0,0.1,smoother_001,eu_id,0.06343437977910305,0.993883734673619
homoscedastic,3,1.0,0.1,smoother_001,eu_heldout,0.06343437977910305,0.993883734673619
homoscedastic,3,1.0,0.1,smoother_1,eu_agreement,0.43676411065012843,0.9202627172903878
homoscedastic,3,1.0,0.1,smoother_1,acquisition_overlap,0.43676411065012843,0.9816135651097472
homoscedastic,3,1.0,0.1,smoother_1,eu_group0,0.43676411065012843,0.9202627172903878
homoscedastic,3,1.0,0.1,smoother_1,eu_group1,0.43676411065012843,
homoscedastic,3,1.0,0.1,smoother_1,eu_id,0.43676411065012843,0.9202627172903878
homoscedastic,3,1.0,0.1,smoother_1,eu_heldout,0.43676411065012843,0.9202627172903878
homoscedastic,3,1.0,0.25,cka,eu_agreement,0.6459509221143364,0.9230812927028521
homoscedastic,3,1.0,0.25,cka,acquisition_overlap,0.6459509221143364,0.9036852809343147
homoscedastic,3,1.0,0.25,cka,eu_group0,0.6459509221143364,0.9230812927028521
homoscedastic,3,1.0,0.25,cka,eu_group1,0.6459509221143364,
homoscedastic,3,1.0,0.25,cka,eu_id,0.6459509221143364,0.9230812927028521
homoscedastic,3,1.0,0.25,cka,eu_heldout,0.6459509221143364,0.9230812927028521
homoscedastic,3,1.0,0.25,mknn,eu_agreement,0.7895,0.9259259259259257
homoscedastic,3,1.0,0.25,mknn,acquisition_overlap,0.7895,0.9064701420225741
homoscedastic,3,1.0,0.25,mknn,eu_group0,0.7895,0.9259259259259257
homoscedastic,3,1.0,0.25,mknn,eu_group1,0.7895,
homoscedastic,3,1.0,0.25,mknn,eu_id,0.7895,0.9259259259259257
homoscedastic,3,1.0,0.25,mknn,eu_heldout,0.7895,0.9259259259259257
homoscedastic,3,1.0,0.25,predictivity,eu_agreement,0.014316869386420517,0.9259259259259257
homoscedastic,3,1.0,0.25,predictivity,acquisition_overlap,0.014316869386420517,0.9064701420225741
homoscedastic,3,1.0,0.25,predictivity,eu_group0,0.014316869386420517,0.9259259259259257
homoscedastic,3,1.0,0.25,predictivity,eu_group1,0.014316869386420517,
homoscedastic,3,1.0,0.25,predictivity,eu_id,0.014316869386420517,0.9259259259259257
homoscedastic,3,1.0,0.25,predictivity,eu_heldout,0.014316869386420517,0.9259259259259257
homoscedastic,3,1.0,0.25,cca_type,eu_agreement,0.00040281382584339553,0.7706746355884525
homoscedastic,3,1.0,0.25,cca_type,acquisition_overlap,0.00040281382584339553,0.8719671272272647
homoscedastic,3,1.0,0.25,cca_type,eu_group0,0.00040281382584339553,0.7706746355884525
homoscedastic,3,1.0,0.25,cca_type,eu_group1,0.00040281382584339553,
homoscedastic,3,1.0,0.25,cca_type,eu_id,0.00040281382584339553,0.7706746355884525
homoscedastic,3,1.0,0.25,cca_type,eu_heldout,0.00040281382584339553,0.7706746355884525
homoscedastic,3,1.0,0.25,smoother_001,eu_agreement,0.06343437977910305,0.993883734673619
homoscedastic,3,1.0,0.25,smoother_001,acquisition_overlap,0.06343437977910305,0.9272303368424567
homoscedastic,3,1.0,0.25,smoother_001,eu_group0,0.06343437977910305,0.993883734673619
homoscedastic,3,1.0,0.25,smoother_001,eu_group1,0.06343437977910305,
homoscedastic,3,1.0,0.25,smoother_001,eu_id,0.06343437977910305,0.993883734673619
homoscedastic,3,1.0,0.25,smoother_001,eu_heldout,0.06343437977910305,0.993883734673619
homoscedastic,3,1.0,0.25,smoother_1,eu_agreement,0.43676411065012843,0.9202627172903878
homoscedastic,3,1.0,0.25,smoother_1,acquisition_overlap,0.43676411065012843,0.9009259301235217
homoscedastic,3,1.0,0.25,smoother_1,eu_group0,0.43676411065012843,0.9202627172903878
homoscedastic,3,1.0,0.25,smoother_1,eu_group1,0.43676411065012843,
homoscedastic,3,1.0,0.25,smoother_1,eu_id,0.43676411065012843,0.9202627172903878
homoscedastic,3,1.0,0.25,smoother_1,eu_heldout,0.43676411065012843,0.9202627172903878
homoscedastic,3,1.0,1.0,cka,eu_agreement,0.6459509221143364,0.9230812927028521
homoscedastic,3,1.0,1.0,cka,acquisition_overlap,0.6459509221143364,0.8277855287137484
homoscedastic,3,1.0,1.0,cka,eu_group0,0.6459509221143364,0.9230812927028521
homoscedastic,3,1.0,1.0,cka,eu_group1,0.6459509221143364,
homoscedastic,3,1.0,1.0,cka,eu_id,0.6459509221143364,0.886158040994738
homoscedastic,3,1.0,1.0,cka,eu_heldout,0.6459509221143364,0.9230812927028521
homoscedastic,3,1.0,1.0,mknn,eu_agreement,0.7895,0.9259259259259257
homoscedastic,3,1.0,1.0,mknn,acquisition_overlap,0.7895,0.8303364917060368
homoscedastic,3,1.0,1.0,mknn,eu_group0,0.7895,0.9259259259259257
homoscedastic,3,1.0,1.0,mknn,eu_group1,0.7895,
homoscedastic,3,1.0,1.0,mknn,eu_id,0.7895,0.8888888888888888
homoscedastic,3,1.0,1.0,mknn,eu_heldout,0.7895,0.9259259259259257
homoscedastic,3,1.0,1.0,predictivity,eu_agreement,0.014316869386420517,0.9259259259259257
homoscedastic,3,1.0,1.0,predictivity,acquisition_overlap,0.014316869386420517,0.8303364917060368
homoscedastic,3,1.0,1.0,predictivity,eu_group0,0.014316869386420517,0.9259259259259257
homoscedastic,3,1.0,1.0,predictivity,eu_group1,0.014316869386420517,
homoscedastic,3,1.0,1.0,predictivity,eu_id,0.014316869386420517,0.8888888888888888
homoscedastic,3,1.0,1.0,predictivity,eu_heldout,0.014316869386420517,0.9259259259259257
homoscedastic,3,1.0,1.0,cca_type,eu_agreement,0.00040281382584339553,0.7706746355884525
homoscedastic,3,1.0,1.0,cca_type,acquisition_overlap,0.00040281382584339553,0.9224810301416777
homoscedastic,3,1.0,1.0,cca_type,eu_group0,0.00040281382584339553,0.7706746355884525
homoscedastic,3,1.0,1.0,cca_type,eu_group1,0.00040281382584339553,
homoscedastic,3,1.0,1.0,cca_type,eu_id,0.00040281382584339553,0.7339758434175736
homoscedastic,3,1.0,1.0,cca_type,eu_heldout,0.00040281382584339553,0.7706746355884525
homoscedastic,3,1.0,1.0,smoother_001,eu_agreement,0.06343437977910305,0.993883734673619
homoscedastic,3,1.0,1.0,smoother_001,acquisition_overlap,0.06343437977910305,0.8502657495766043
homoscedastic,3,1.0,1.0,smoother_001,eu_group0,0.06343437977910305,0.993883734673619
homoscedastic,3,1.0,1.0,smoother_001,eu_group1,0.06343437977910305,
homoscedastic,3,1.0,1.0,smoother_001,eu_id,0.06343437977910305,0.9570732259820034
homoscedastic,3,1.0,1.0,smoother_001,eu_heldout,0.06343437977910305,0.993883734673619
homoscedastic,3,1.0,1.0,smoother_1,eu_agreement,0.43676411065012843,0.9202627172903878
homoscedastic,3,1.0,1.0,smoother_1,acquisition_overlap,0.43676411065012843,0.8252579334125864
homoscedastic,3,1.0,1.0,smoother_1,eu_group0,0.43676411065012843,0.9202627172903878
homoscedastic,3,1.0,1.0,smoother_1,eu_group1,0.43676411065012843,
homoscedastic,3,1.0,1.0,smoother_1,eu_id,0.43676411065012843,0.8834522085987724
homoscedastic,3,1.0,1.0,smoother_1,eu_heldout,0.43676411065012843,0.9202627172903878
homoscedastic,3,10.0,0.1,cka,eu_agreement,0.6459509221143364,0.9230812927028521
homoscedastic,3,10.0,0.1,cka,acquisition_overlap,0.6459509221143364,0.8615864949867531
homoscedastic,3,10.0,0.1,cka,eu_group0,0.6459509221143364,0.9230812927028521
homoscedastic,3,10.0,0.1,cka,eu_group1,0.6459509221143364,
homoscedastic,3,10.0,0.1,cka,eu_id,0.6459509221143364,0.9230812927028521
homoscedastic,3,10.0,0.1,cka,eu_heldout,0.6459509221143364,0.9230812927028521
homoscedastic,3,10.0,0.1,mknn,eu_agreement,0.7895,0.9259259259259257
homoscedastic,3,10.0,0.1,mknn,acquisition_overlap,0.7895,0.8642416214502248
homoscedastic,3,10.0,0.1,mknn,eu_group0,0.7895,0.9259259259259257
homoscedastic,3,10.0,0.1,mknn,eu_group1,0.7895,
homoscedastic,3,10.0,0.1,mknn,eu_id,0.7895,0.9259259259259257
homoscedastic,3,10.0,0.1,mknn,eu_heldout,0.7895,0.9259259259259257
homoscedastic,3,10.0,0.1,predictivity,eu_agreement,0.014316869386420517,0.9259259259259257
homoscedastic,3,10.0,0.1,predictivity,acquisition_overlap,0.014316869386420517,0.8642416214502248
homoscedastic,3,10.0,0.1,predictivity,eu_group0,0.014316869386420517,0.9259259259259257
homoscedastic,3,10.0,0.1,predictivity,eu_group1,0.014316869386420517,
homoscedastic,3,10.0,0.1,predictivity,eu_id,0.014316869386420517,0.9259259259259257
homoscedastic,3,10.0,0.1,predictivity,eu_heldout,0.014316869386420517,0.9259259259259257
homoscedastic,3,10.0,0.1,cca_type,eu_agreement,0.00040281382584339553,0.7706746355884525
homoscedastic,3,10.0,0.1,cca_type,acquisition_overlap,0.00040281382584339553,0.8952737857857512
homoscedastic,3,10.0,0.1,cca_type,eu_group0,0.00040281382584339553,0.7706746355884525
homoscedastic,3,10.0,0.1,cca_type,eu_group1,0.00040281382584339553,
homoscedastic,3,10.0,0.1,cca_type,eu_id,0.00040281382584339553,0.7706746355884525
homoscedastic,3,10.0,0.1,cca_type,eu_heldout,0.00040281382584339553,0.7706746355884525
homoscedastic,3,10.0,0.1,smoother_001,eu_agreement,0.06343437977910305,0.993883734673619
homoscedastic,3,10.0,0.1,smoother_001,acquisition_overlap,0.06343437977910305,0.9370425713316364
homoscedastic,3,10.0,0.1,smoother_001,eu_group0,0.06343437977910305,0.993883734673619
homoscedastic,3,10.0,0.1,smoother_001,eu_group1,0.06343437977910305,
homoscedastic,3,10.0,0.1,smoother_001,eu_id,0.06343437977910305,0.993883734673619
homoscedastic,3,10.0,0.1,smoother_001,eu_heldout,0.06343437977910305,0.993883734673619
homoscedastic,3,10.0,0.1,smoother_1,eu_agreement,0.43676411065012843,0.9202627172903878
homoscedastic,3,10.0,0.1,smoother_1,acquisition_overlap,0.43676411065012843,0.8589556903873334
homoscedastic,3,10.0,0.1,smoother_1,eu_group0,0.43676411065012843,0.9202627172903878
homoscedastic,3,10.0,0.1,smoother_1,eu_group1,0.43676411065012843,
homoscedastic,3,10.0,0.1,smoother_1,eu_id,0.43676411065012843,0.9202627172903878
homoscedastic,3,10.0,0.1,smoother_1,eu_heldout,0.43676411065012843,0.9202627172903878
homoscedastic,3,10.0,0.25,cka,eu_agreement,0.6459509221143364,0.9230812927028521
homoscedastic,3,10.0,0.25,cka,acquisition_overlap,0.6459509221143364,0.9496528264568826
homoscedastic,3,10.0,0.25,cka,eu_group0,0.6459509221143364,0.9230812927028521
homoscedastic,3,10.0,0.25,cka,eu_group1,0.6459509221143364,
homoscedastic,3,10.0,0.25,cka,eu_id,0.6459509221143364,0.9230812927028521
homoscedastic,3,10.0,0.25,cka,eu_heldout,0.6459509221143364,0.9230812927028521
homoscedastic,3,10.0,0.25,mknn,eu_agreement,0.7895,0.9259259259259257
homoscedastic,3,10.0,0.25,mknn,acquisition_overlap,0.7895,0.9525793444156804
homoscedastic,3,10.0,0.25,mknn,eu_group0,0.7895,0.9259259259259257
homoscedastic,3,10.0,0.25,mknn,eu_group1,0.7895,
homoscedastic,3,10.0,0.25,mknn,eu_id,0.7895,0.9259259259259257
homoscedastic,3,10.0,0.25,mknn,eu_heldout,0.7895,0.9259259259259257
homoscedastic,3,10.0,0.25,predictivity,eu_agreement,0.014316869386420517,0.9259259259259257
homoscedastic,3,10.0,0.25,predictivity,acquisition_overlap,0.014316869386420517,0.9525793444156804
homoscedastic,3,10.0,0.25,predictivity,eu_group0,0.014316869386420517,0.9259259259259257
homoscedastic,3,10.0,0.25,predictivity,eu_group1,0.014316869386420517,
homoscedastic,3,10.0,0.25,predictivity,eu_id,0.014316869386420517,0.9259259259259257
homoscedastic,3,10.0,0.25,predictivity,eu_heldout,0.014316869386420517,0.9259259259259257
homoscedastic,3,10.0,0.25,cca_type,eu_agreement,0.00040281382584339553,0.7706746355884525
homoscedastic,3,10.0,0.25,cca_type,acquisition_overlap,0.00040281382584339553,0.7127255688897131
homoscedastic,3,10.0,0.25,cca_type,eu_group0,0.00040281382584339553,0.7706746355884525
homoscedastic,3,10.0,0.25,cca_type,eu_group1,0.00040281382584339553,
homoscedastic,3,10.0,0.25,cca_type,eu_id,0.00040281382584339553,0.7706746355884525
homoscedastic,3,10.0,0.25,cca_type,eu_heldout,0.00040281382584339553,0.7706746355884525
homoscedastic,3,10.0,0.25,smoother_001,eu_agreement,0.06343437977910305,0.993883734673619
homoscedastic,3,10.0,0.25,smoother_001,acquisition_overlap,0.06343437977910305,0.946753116400804
homoscedastic,3,10.0,0.25,smoother_001,eu_group0,0.06343437977910305,0.993883734673619
homoscedastic,3,10.0,0.25,smoother_001,eu_group1,0.06343437977910305,
homoscedastic,3,10.0,0.25,smoother_001,eu_id,0.06343437977910305,0.993883734673619
homoscedastic,3,10.0,0.25,smoother_001,eu_heldout,0.06343437977910305,0.993883734673619
homoscedastic,3,10.0,0.25,smoother_1,eu_agreement,0.43676411065012843,0.9202627172903878
homoscedastic,3,10.0,0.25,smoother_1,acquisition_overlap,0.43676411065012843,0.946753116400804
homoscedastic,3,10.0,0.25,smoother_1,eu_group0,0.43676411065012843,0.9202627172903878
homoscedastic,3,10.0,0.25,smoother_1,eu_group1,0.43676411065012843,
homoscedastic,3,10.0,0.25,smoother_1,eu_id,0.43676411065012843,0.9202627172903878
homoscedastic,3,10.0,0.25,smoother_1,eu_heldout,0.43676411065012843,0.9202627172903878
homoscedastic,3,10.0,1.0,cka,eu_agreement,0.6459509221143364,0.9230812927028521
homoscedastic,3,10.0,1.0,cka,acquisition_overlap,0.6459509221143364,0.7832604499879573
homoscedastic,3,10.0,1.0,cka,eu_group0,0.6459509221143364,0.9230812927028521
homoscedastic,3,10.0,1.0,cka,eu_group1,0.6459509221143364,
homoscedastic,3,10.0,1.0,cka,eu_id,0.6459509221143364,0.9230812927028521
homoscedastic,3,10.0,1.0,cka,eu_heldout,0.6459509221143364,0.9230812927028521
homoscedastic,3,10.0,1.0,mknn,eu_agreement,0.7895,0.9259259259259257
homoscedastic,3,10.0,1.0,mknn,acquisition_overlap,0.7895,0.7856742013183861
homoscedastic,3,10.0,1.0,mknn,eu_group0,0.7895,0.9259259259259257
homoscedastic,3,10.0,1.0,mknn,eu_group1,0.7895,
homoscedastic,3,10.0,1.0,mknn,eu_id,0.7895,0.9259259259259257
homoscedastic,3,10.0,1.0,mknn,eu_heldout,0.7895,0.9259259259259257
homoscedastic,3,10.0,1.0,predictivity,eu_agreement,0.014316869386420517,0.9259259259259257
homoscedastic,3,10.0,1.0,predictivity,acquisition_overlap,0.014316869386420517,0.7856742013183861
homoscedastic,3,10.0,1.0,predictivity,eu_group0,0.014316869386420517,0.9259259259259257
homoscedastic,3,10.0,1.0,predictivity,eu_group1,0.014316869386420517,
homoscedastic,3,10.0,1.0,predictivity,eu_id,0.014316869386420517,0.9259259259259257
homoscedastic,3,10.0,1.0,predictivity,eu_heldout,0.014316869386420517,0.9259259259259257
homoscedastic,3,10.0,1.0,cca_type,eu_agreement,0.00040281382584339553,0.7706746355884525
homoscedastic,3,10.0,1.0,cca_type,acquisition_overlap,0.00040281382584339553,0.8563488385776752
homoscedastic,3,10.0,1.0,cca_type,eu_group0,0.00040281382584339553,0.7706746355884525
homoscedastic,3,10.0,1.0,cca_type,eu_group1,0.00040281382584339553,
homoscedastic,3,10.0,1.0,cca_type,eu_id,0.00040281382584339553,0.7706746355884525
homoscedastic,3,10.0,1.0,cca_type,eu_heldout,0.00040281382584339553,0.7706746355884525
homoscedastic,3,10.0,1.0,smoother_001,eu_agreement,0.06343437977910305,0.993883734673619
homoscedastic,3,10.0,1.0,smoother_001,acquisition_overlap,0.06343437977910305,0.7808688094430303
homoscedastic,3,10.0,1.0,smoother_001,eu_group0,0.06343437977910305,0.993883734673619
homoscedastic,3,10.0,1.0,smoother_001,eu_group1,0.06343437977910305,
homoscedastic,3,10.0,1.0,smoother_001,eu_id,0.06343437977910305,0.993883734673619
homoscedastic,3,10.0,1.0,smoother_001,eu_heldout,0.06343437977910305,0.993883734673619
homoscedastic,3,10.0,1.0,smoother_1,eu_agreement,0.43676411065012843,0.9202627172903878
homoscedastic,3,10.0,1.0,smoother_1,acquisition_overlap,0.43676411065012843,0.7808688094430303
homoscedastic,3,10.0,1.0,smoother_1,eu_group0,0.43676411065012843,0.9202627172903878
homoscedastic,3,10.0,1.0,smoother_1,eu_group1,0.43676411065012843,
homoscedastic,3,10.0,1.0,smoother_1,eu_id,0.43676411065012843,0.9202627172903878
homoscedastic,3,10.0,1.0,smoother_1,eu_heldout,0.43676411065012843,0.9202627172903878
homoscedastic,4,0.1,0.1,cka,eu_agreement,0.719223075935418,0.760750512960054
homoscedastic,4,0.1,0.1,cka,acquisition_overlap,0.719223075935418,0.760750512960054
homoscedastic,4,0.1,0.1,cka,eu_group0,0.719223075935418,0.760750512960054
homoscedastic,4,0.1,0.1,cka,eu_group1,0.719223075935418,
homoscedastic,4,0.1,0.1,cka,eu_id,0.719223075935418,0.8589118694710287
homoscedastic,4,0.1,0.1,cka,eu_heldout,0.719223075935418,0.760750512960054
homoscedastic,4,0.1,0.1,mknn,eu_agreement,0.8029999999999999,0.7654320987654321
homoscedastic,4,0.1,0.1,mknn,acquisition_overlap,0.8029999999999999,0.7654320987654321
homoscedastic,4,0.1,0.1,mknn,eu_group0,0.8029999999999999,0.7654320987654321
homoscedastic,4,0.1,0.1,mknn,eu_group1,0.8029999999999999,
homoscedastic,4,0.1,0.1,mknn,eu_id,0.8029999999999999,0.8641975308641975
homoscedastic,4,0.1,0.1,mknn,eu_heldout,0.8029999999999999,0.7654320987654321
homoscedastic,4,0.1,0.1,predictivity,eu_agreement,0.005806746844911448,0.6153875284685681
homoscedastic,4,0.1,0.1,predictivity,acquisition_overlap,0.005806746844911448,0.6153875284685681
homoscedastic,4,0.1,0.1,predictivity,eu_group0,0.005806746844911448,0.6153875284685681
homoscedastic,4,0.1,0.1,predictivity,eu_group1,0.005806746844911448,
homoscedastic,4,0.1,0.1,predictivity,eu_id,0.005806746844911448,0.8123115375785099
homoscedastic,4,0.1,0.1,predictivity,eu_heldout,0.005806746844911448,0.6153875284685681
homoscedastic,4,0.1,0.1,cca_type,eu_agreement,0.00047340834780318364,0.4648513674977967
homoscedastic,4,0.1,0.1,cca_type,acquisition_overlap,0.00047340834780318364,0.4648513674977967
homoscedastic,4,0.1,0.1,cca_type,eu_group0,0.00047340834780318364,0.4648513674977967
homoscedastic,4,0.1,0.1,cca_type,eu_group1,0.00047340834780318364,
homoscedastic,4,0.1,0.1,cca_type,eu_id,0.00047340834780318364,0.6605782590758164
homoscedastic,4,0.1,0.1,cca_type,eu_heldout,0.00047340834780318364,0.4648513674977967
homoscedastic,4,0.1,0.1,smoother_001,eu_agreement,0.050951474662823015,0.6116465361813115
homoscedastic,4,0.1,0.1,smoother_001,acquisition_overlap,0.050951474662823015,0.6116465361813115
homoscedastic,4,0.1,0.1,smoother_001,eu_group0,0.050951474662823015,0.6116465361813115
homoscedastic,4,0.1,0.1,smoother_001,eu_group1,0.050951474662823015,
homoscedastic,4,0.1,0.1,smoother_001,eu_id,0.050951474662823015,0.807373427759331
homoscedastic,4,0.1,0.1,smoother_001,eu_heldout,0.050951474662823015,0.6116465361813115
homoscedastic,4,0.1,0.1,smoother_1,eu_agreement,0.44529493399352715,0.6850441205230687
homoscedastic,4,0.1,0.1,smoother_1,acquisition_overlap,0.44529493399352715,0.6850441205230687
homoscedastic,4,0.1,0.1,smoother_1,eu_group0,0.44529493399352715,0.6850441205230687
homoscedastic,4,0.1,0.1,smoother_1,eu_group1,0.44529493399352715,
homoscedastic,4,0.1,0.1,smoother_1,eu_id,0.44529493399352715,0.7829075663120786
homoscedastic,4,0.1,0.1,smoother_1,eu_heldout,0.44529493399352715,0.6850441205230687
homoscedastic,4,0.1,0.25,cka,eu_agreement,0.719223075935418,0.8711820390349004
homoscedastic,4,0.1,0.25,cka,acquisition_overlap,0.719223075935418,0.760750512960054
homoscedastic,4,0.1,0.25,cka,eu_group0,0.719223075935418,0.8711820390349004
homoscedastic,4,0.1,0.25,cka,eu_group1,0.719223075935418,
homoscedastic,4,0.1,0.25,cka,eu_id,0.719223075935418,0.8711820390349004
homoscedastic,4,0.1,0.25,cka,eu_heldout,0.719223075935418,0.8589118694710287
homoscedastic,4,0.1,0.25,mknn,eu_agreement,0.8029999999999999,0.8765432098765431
homoscedastic,4,0.1,0.25,mknn,acquisition_overlap,0.8029999999999999,0.7654320987654321
homoscedastic,4,0.1,0.25,mknn,eu_group0,0.8029999999999999,0.8765432098765431
homoscedastic,4,0.1,0.25,mknn,eu_group1,0.8029999999999999,
homoscedastic,4,0.1,0.25,mknn,eu_id,0.8029999999999999,0.8765432098765431
homoscedastic,4,0.1,0.25,mknn,eu_heldout,0.8029999999999999,0.8641975308641975
homoscedastic,4,0.1,0.25,predictivity,eu_agreement,0.005806746844911448,0.8615425398559954
homoscedastic,4,0.1,0.25,predictivity,acquisition_overlap,0.005806746844911448,0.6153875284685681
homoscedastic,4,0.1,0.25,predictivity,eu_group0,0.005806746844911448,0.8615425398559954
homoscedastic,4,0.1,0.25,predictivity,eu_group1,0.005806746844911448,
homoscedastic,4,0.1,0.25,predictivity,eu_id,0.005806746844911448,0.8615425398559954
homoscedastic,4,0.1,0.25,predictivity,eu_heldout,0.005806746844911448,0.8123115375785099
homoscedastic,4,0.1,0.25,cca_type,eu_agreement,0.00047340834780318364,0.7095099819703212
homoscedastic,4,0.1,0.25,cca_type,acquisition_overlap,0.00047340834780318364,0.4648513674977967
homoscedastic,4,0.1,0.25,cca_type,eu_group0,0.00047340834780318364,0.7095099819703212
homoscedastic,4,0.1,0.25,cca_type,eu_group1,0.00047340834780318364,
homoscedastic,4,0.1,0.25,cca_type,eu_id,0.00047340834780318364,0.7095099819703212
homoscedastic,4,0.1,0.25,cca_type,eu_heldout,0.00047340834780318364,0.6605782590758164
homoscedastic,4,0.1,0.25,smoother_001,eu_agreement,0.050951474662823015,0.856305150653836
homoscedastic,4,0.1,0.25,smoother_001,acquisition_overlap,0.050951474662823015,0.6116465361813115
homoscedastic,4,0.1,0.25,smoother_001,eu_group0,0.050951474662823015,0.856305150653836
homoscedastic,4,0.1,0.25,smoother_001,eu_group1,0.050951474662823015,
homoscedastic,4,0.1,0.25,smoother_001,eu_id,0.050951474662823015,0.856305150653836
homoscedastic,4,0.1,0.25,smoother_001,eu_heldout,0.050951474662823015,0.807373427759331
homoscedastic,4,0.1,0.25,smoother_1,eu_agreement,0.44529493399352715,0.807373427759331
homoscedastic,4,0.1,0.25,smoother_1,acquisition_overlap,0.44529493399352715,0.6850441205230687
homoscedastic,4,0.1,0.25,smoother_1,eu_group0,0.44529493399352715,0.807373427759331
homoscedastic,4,0.1,0.25,smoother_1,eu_group1,0.44529493399352715,
homoscedastic,4,0.1,0.25,smoother_1,eu_id,0.44529493399352715,0.807373427759331
homoscedastic,4,0.1,0.25,smoother_1,eu_heldout,0.44529493399352715,0.7829075663120786
homoscedastic,4,0.1,1.0,cka,eu_agreement,0.719223075935418,0.8098311912155413
homoscedastic,4,0.1,1.0,cka,acquisition_overlap,0.719223075935418,0.8711820390349004
homoscedastic,4,0.1,1.0,cka,eu_group0,0.719223075935418,0.8098311912155413
homoscedastic,4,0.1,1.0,cka,eu_group1,0.719223075935418,
homoscedastic,4,0.1,1.0,cka,eu_id,0.719223075935418,0.8098311912155413
homoscedastic,4,0.1,1.0,cka,eu_heldout,0.719223075935418,0.8098311912155413
homoscedastic,4,0.1,1.0,mknn,eu_agreement,0.8029999999999999,0.8148148148148148
homoscedastic,4,0.1,1.0,mknn,acquisition_overlap,0.8029999999999999,0.8765432098765431
homoscedastic,4,0.1,1.0,mknn,eu_group0,0.8029999999999999,0.8148148148148148
homoscedastic,4,0.1,1.0,mknn,eu_group1,0.8029999999999999,
homoscedastic,4,0.1,1.0,mknn,eu_id,0.8029999999999999,0.8148148148148148
homoscedastic,4,0.1,1.0,mknn,eu_heldout,0.8029999999999999,0.8148148148148148
homoscedastic,4,0.1,1.0,predictivity,eu_agreement,0.005806746844911448,0.9230812927028521
homoscedastic,4,0.1,1.0,predictivity,acquisition_overlap,0.005806746844911448,0.8615425398559954
homoscedastic,4,0.1,1.0,predictivity,eu_group0,0.005806746844911448,0.9230812927028521
homoscedastic,4,0.1,1.0,predictivity,eu_group1,0.005806746844911448,
homoscedastic,4,0.1,1.0,predictivity,eu_id,0.005806746844911448,0.9230812927028521
homoscedastic,4,0.1,1.0,predictivity,eu_heldout,0.005806746844911448,0.9230812927028521
homoscedastic,4,0.1,1.0,cca_type,eu_agreement,0.00047340834780318364,0.8440722199302098
homoscedastic,4,0.1,1.0,cca_type,acquisition_overlap,0.00047340834780318364,0.7095099819703212
homoscedastic,4,0.1,1.0,cca_type,eu_group0,0.00047340834780318364,0.8440722199302098
homoscedastic,4,0.1,1.0,cca_type,eu_group1,0.00047340834780318364,
homoscedastic,4,0.1,1.0,cca_type,eu_id,0.00047340834780318364,0.8440722199302098
homoscedastic,4,0.1,1.0,cca_type,eu_heldout,0.00047340834780318364,0.8440722199302098
homoscedastic,4,0.1,1.0,smoother_001,eu_agreement,0.050951474662823015,0.917469804271967
homoscedastic,4,0.1,1.0,smoother_001,acquisition_overlap,0.050951474662823015,0.856305150653836
homoscedastic,4,0.1,1.0,smoother_001,eu_group0,0.050951474662823015,0.917469804271967
homoscedastic,4,0.1,1.0,smoother_001,eu_group1,0.050951474662823015,
homoscedastic,4,0.1,1.0,smoother_001,eu_id,0.050951474662823015,0.917469804271967
homoscedastic,4,0.1,1.0,smoother_001,eu_heldout,0.050951474662823015,0.917469804271967
homoscedastic,4,0.1,1.0,smoother_1,eu_agreement,0.44529493399352715,0.7706746355884525
homoscedastic,4,0.1,1.0,smoother_1,acquisition_overlap,0.44529493399352715,0.807373427759331
homoscedastic,4,0.1,1.0,smoother_1,eu_group0,0.44529493399352715,0.7706746355884525
homoscedastic,4,0.1,1.0,smoother_1,eu_group1,0.44529493399352715,
homoscedastic,4,0.1,1.0,smoother_1,eu_id,0.44529493399352715,0.7706746355884525
homoscedastic,4,0.1,1.0,smoother_1,eu_heldout,0.44529493399352715,0.7706746355884525
homoscedastic,4,1.0,0.1,cka,eu_agreement,0.719223075935418,0.8957223781626442
homoscedastic,4,1.0,0.1,cka,acquisition_overlap,0.719223075935418,0.8711820390349004
homoscedastic,4,1.0,0.1,cka,eu_group0,0.719223075935418,0.8957223781626442
homoscedastic,4,1.0,0.1,cka,eu_group1,0.719223075935418,
homoscedastic,4,1.0,0.1,cka,eu_id,0.719223075935418,0.8957223781626442
homoscedastic,4,1.0,0.1,cka,eu_heldout,0.719223075935418,0.8098311912155413
homoscedastic,4,1.0,0.1,mknn,eu_agreement,0.8029999999999999,0.9012345679012346
homoscedastic,4,1.0,0.1,mknn,acquisition_overlap,0.8029999999999999,0.8765432098765431
homoscedastic,4,1.0,0.1,mknn,eu_group0,0.8029999999999999,0.9012345679012346
homoscedastic,4,1.0,0.1,mknn,eu_group1,0.8029999999999999,
homoscedastic,4,1.0,0.1,mknn,eu_id,0.8029999999999999,0.9012345679012346
homoscedastic,4,1.0,0.1,mknn,eu_heldout,0.8029999999999999,0.8148148148148148
homoscedastic,4,1.0,0.1,predictivity,eu_agreement,0.005806746844911448,0.9846200455497092
homoscedastic,4,1.0,0.1,predictivity,acquisition_overlap,0.005806746844911448,0.8615425398559954
homoscedastic,4,1.0,0.1,predictivity,eu_group0,0.005806746844911448,0.9846200455497092
homoscedastic,4,1.0,0.1,predictivity,eu_group1,0.005806746844911448,
homoscedastic,4,1.0,0.1,predictivity,eu_id,0.005806746844911448,0.9846200455497092
homoscedastic,4,1.0,0.1,predictivity,eu_heldout,0.005806746844911448,0.9230812927028521
homoscedastic,4,1.0,0.1,cca_type,eu_agreement,0.00047340834780318364,0.8807710121010884
homoscedastic,4,1.0,0.1,cca_type,acquisition_overlap,0.00047340834780318364,0.7095099819703212
homoscedastic,4,1.0,0.1,cca_type,eu_group0,0.00047340834780318364,0.8807710121010884
homoscedastic,4,1.0,0.1,cca_type,eu_group1,0.00047340834780318364,
homoscedastic,4,1.0,0.1,cca_type,eu_id,0.00047340834780318364,0.8807710121010884
homoscedastic,4,1.0,0.1,cca_type,eu_heldout,0.00047340834780318364,0.8440722199302098
homoscedastic,4,1.0,0.1,smoother_001,eu_agreement,0.050951474662823015,0.9786344578900984
homoscedastic,4,1.0,0.1,smoother_001,acquisition_overlap,0.050951474662823015,0.856305150653836
homoscedastic,4,1.0,0.1,smoother_001,eu_group0,0.050951474662823015,0.9786344578900984
homoscedastic,4,1.0,0.1,smoother_001,eu_group1,0.050951474662823015,
homoscedastic,4,1.0,0.1,smoother_001,eu_id,0.050951474662823015,0.9786344578900984
homoscedastic,4,1.0,0.1,smoother_001,eu_heldout,0.050951474662823015,0.917469804271967
homoscedastic,4,1.0,0.1,smoother_1,eu_agreement,0.44529493399352715,0.8807710121010884
homoscedastic,4,1.0,0.1,smoother_1,acquisition_overlap,0.44529493399352715,0.807373427759331
homoscedastic,4,1.0,0.1,smoother_1,eu_group0,0.44529493399352715,0.8807710121010884
homoscedastic,4,1.0,0.1,smoother_1,eu_group1,0.44529493399352715,
homoscedastic,4,1.0,0.1,smoother_1,eu_id,0.44529493399352715,0.8807710121010884
homoscedastic,4,1.0,0.1,smoother_1,eu_heldout,0.44529493399352715,0.7706746355884525
homoscedastic,4,1.0,0.25,cka,eu_agreement,0.719223075935418,0.8834522085987724
homoscedastic,4,1.0,0.25,cka,acquisition_overlap,0.719223075935418,0.8098311912155413
homoscedastic,4,1.0,0.25,cka,eu_group0,0.719223075935418,0.8834522085987724
homoscedastic,4,1.0,0.25,cka,eu_group1,0.719223075935418,
homoscedastic,4,1.0,0.25,cka,eu_id,0.719223075935418,0.8834522085987724
homoscedastic,4,1.0,0.25,cka,eu_heldout,0.719223075935418,0.8834522085987724
homoscedastic,4,1.0,0.25,mknn,eu_agreement,0.8029999999999999,0.8888888888888888
homoscedastic,4,1.0,0.25,mknn,acquisition_overlap,0.8029999999999999,0.8148148148148148
homoscedastic,4,1.0,0.25,mknn,eu_group0,0.8029999999999999,0.8888888888888888
homoscedastic,4,1.0,0.25,mknn,eu_group1,0.8029999999999999,
homoscedastic,4,1.0,0.25,mknn,eu_id,0.8029999999999999,0.8888888888888888
homoscedastic,4,1.0,0.25,mknn,eu_heldout,0.8029999999999999,0.8888888888888888
homoscedastic,4,1.0,0.25,predictivity,eu_agreement,0.005806746844911448,0.9969277961190804
homoscedastic,4,1.0,0.25,predictivity,acquisition_overlap,0.005806746844911448,0.9230812927028521
homoscedastic,4,1.0,0.25,predictivity,eu_group0,0.005806746844911448,0.9969277961190804
homoscedastic,4,1.0,0.25,predictivity,eu_group1,0.005806746844911448,
homoscedastic,4,1.0,0.25,predictivity,eu_id,0.005806746844911448,0.9969277961190804
homoscedastic,4,1.0,0.25,predictivity,eu_heldout,0.005806746844911448,0.9969277961190804
homoscedastic,4,1.0,0.25,cca_type,eu_agreement,0.00047340834780318364,0.917469804271967
homoscedastic,4,1.0,0.25,cca_type,acquisition_overlap,0.00047340834780318364,0.8440722199302098
homoscedastic,4,1.0,0.25,cca_type,eu_group0,0.00047340834780318364,0.917469804271967
homoscedastic,4,1.0,0.25,cca_type,eu_group1,0.00047340834780318364,
homoscedastic,4,1.0,0.25,cca_type,eu_id,0.00047340834780318364,0.917469804271967
homoscedastic,4,1.0,0.25,cca_type,eu_heldout,0.00047340834780318364,0.917469804271967
homoscedastic,4,1.0,0.25,smoother_001,eu_agreement,0.050951474662823015,0.9908673886137245
homoscedastic,4,1.0,0.25,smoother_001,acquisition_overlap,0.050951474662823015,0.917469804271967
homoscedastic,4,1.0,0.25,smoother_001,eu_group0,0.050951474662823015,0.9908673886137245
homoscedastic,4,1.0,0.25,smoother_001,eu_group1,0.050951474662823015,
homoscedastic,4,1.0,0.25,smoother_001,eu_id,0.050951474662823015,0.9908673886137245
homoscedastic,4,1.0,0.25,smoother_001,eu_heldout,0.050951474662823015,0.9908673886137245
homoscedastic,4,1.0,0.25,smoother_1,eu_agreement,0.44529493399352715,0.8930039428247147
homoscedastic,4,1.0,0.25,smoother_1,acquisition_overlap,0.44529493399352715,0.7706746355884525
homoscedastic,4,1.0,0.25,smoother_1,eu_group0,0.44529493399352715,0.8930039428247147
homoscedastic,4,1.0,0.25,smoother_1,eu_group1,0.44529493399352715,
homoscedastic,4,1.0,0.25,smoother_1,eu_id,0.44529493399352715,0.8930039428247147
homoscedastic,4,1.0,0.25,smoother_1,eu_heldout,0.44529493399352715,0.8930039428247147
homoscedastic,4,1.0,1.0,cka,eu_agreement,0.719223075935418,0.8834522085987724
homoscedastic,4,1.0,1.0,cka,acquisition_overlap,0.719223075935418,0.7891187698735106
homoscedastic,4,1.0,1.0,cka,eu_group0,0.719223075935418,0.8834522085987724
homoscedastic,4,1.0,1.0,cka,eu_group1,0.719223075935418,
homoscedastic,4,1.0,1.0,cka,eu_id,0.719223075935418,0.8834522085987724
homoscedastic,4,1.0,1.0,cka,eu_heldout,0.719223075935418,0.8834522085987724
homoscedastic,4,1.0,1.0,mknn,eu_agreement,0.8029999999999999,0.8888888888888888
homoscedastic,4,1.0,1.0,mknn,acquisition_overlap,0.8029999999999999,0.7939749312153186
homoscedastic,4,1.0,1.0,mknn,eu_group0,0.8029999999999999,0.8888888888888888
homoscedastic,4,1.0,1.0,mknn,eu_group1,0.8029999999999999,
homoscedastic,4,1.0,1.0,mknn,eu_id,0.8029999999999999,0.8888888888888888
homoscedastic,4,1.0,1.0,mknn,eu_heldout,0.8029999999999999,0.8888888888888888
homoscedastic,4,1.0,1.0,predictivity,eu_agreement,0.005806746844911448,0.9969277961190804
homoscedastic,4,1.0,1.0,predictivity,acquisition_overlap,0.005806746844911448,0.9688396703007501
homoscedastic,4,1.0,1.0,predictivity,eu_group0,0.005806746844911448,0.9969277961190804
homoscedastic,4,1.0,1.0,predictivity,eu_group1,0.005806746844911448,
homoscedastic,4,1.0,1.0,predictivity,eu_id,0.005806746844911448,0.9969277961190804
homoscedastic,4,1.0,1.0,predictivity,eu_heldout,0.005806746844911448,0.9969277961190804
homoscedastic,4,1.0,1.0,cca_type,eu_agreement,0.00047340834780318364,0.917469804271967
homoscedastic,4,1.0,1.0,cca_type,acquisition_overlap,0.00047340834780318364,0.9629500128629351
homoscedastic,4,1.0,1.0,cca_type,eu_group0,0.00047340834780318364,0.917469804271967
homoscedastic,4,1.0,1.0,cca_type,eu_group1,0.00047340834780318364,
homoscedastic,4,1.0,1.0,cca_type,eu_id,0.00047340834780318364,0.917469804271967
homoscedastic,4,1.0,1.0,cca_type,eu_heldout,0.00047340834780318364,0.917469804271967
homoscedastic,4,1.0,1.0,smoother_001,eu_agreement,0.050951474662823015,0.9908673886137245
homoscedastic,4,1.0,1.0,smoother_001,acquisition_overlap,0.050951474662823015,0.9629500128629351
homoscedastic,4,1.0,1.0,smoother_001,eu_group0,0.050951474662823015,0.9908673886137245
homoscedastic,4,1.0,1.0,smoother_001,eu_group1,0.050951474662823015,
homoscedastic,4,1.0,1.0,smoother_001,eu_id,0.050951474662823015,0.9908673886137245
homoscedastic,4,1.0,1.0,smoother_001,eu_heldout,0.050951474662823015,0.9908673886137245
homoscedastic,4,1.0,1.0,smoother_1,eu_agreement,0.44529493399352715,0.8930039428247147
homoscedastic,4,1.0,1.0,smoother_1,acquisition_overlap,0.44529493399352715,0.811899030453063
homoscedastic,4,1.0,1.0,smoother_1,eu_group0,0.44529493399352715,0.8930039428247147
homoscedastic,4,1.0,1.0,smoother_1,eu_group1,0.44529493399352715,
homoscedastic,4,1.0,1.0,smoother_1,eu_id,0.44529493399352715,0.8930039428247147
homoscedastic,4,1.0,1.0,smoother_1,eu_heldout,0.44529493399352715,0.8930039428247147
homoscedastic,4,10.0,0.1,cka,eu_agreement,0.719223075935418,0.8834522085987724
homoscedastic,4,10.0,0.1,cka,acquisition_overlap,0.719223075935418,0.8834522085987724
homoscedastic,4,10.0,0.1,cka,eu_group0,0.719223075935418,0.8834522085987724
homoscedastic,4,10.0,0.1,cka,eu_group1,0.719223075935418,
homoscedastic,4,10.0,0.1,cka,eu_id,0.719223075935418,0.8834522085987724
homoscedastic,4,10.0,0.1,cka,eu_heldout,0.719223075935418,0.8834522085987724
homoscedastic,4,10.0,0.1,mknn,eu_agreement,0.8029999999999999,0.8888888888888888
homoscedastic,4,10.0,0.1,mknn,acquisition_overlap,0.8029999999999999,0.8888888888888888
homoscedastic,4,10.0,0.1,mknn,eu_group0,0.8029999999999999,0.8888888888888888
homoscedastic,4,10.0,0.1,mknn,eu_group1,0.8029999999999999,
homoscedastic,4,10.0,0.1,mknn,eu_id,0.8029999999999999,0.8888888888888888
homoscedastic,4,10.0,0.1,mknn,eu_heldout,0.8029999999999999,0.8888888888888888
homoscedastic,4,10.0,0.1,predictivity,eu_agreement,0.005806746844911448,0.9969277961190804
homoscedastic,4,10.0,0.1,predictivity,acquisition_overlap,0.005806746844911448,0.9969277961190804
homoscedastic,4,10.0,0.1,predictivity,eu_group0,0.005806746844911448,0.9969277961190804
homoscedastic,4,10.0,0.1,predictivity,eu_group1,0.005806746844911448,
homoscedastic,4,10.0,0.1,predictivity,eu_id,0.005806746844911448,0.9969277961190804
homoscedastic,4,10.0,0.1,predictivity,eu_heldout,0.005806746844911448,0.9969277961190804
homoscedastic,4,10.0,0.1,cca_type,eu_agreement,0.00047340834780318364,0.917469804271967
homoscedastic,4,10.0,0.1,cca_type,acquisition_overlap,0.00047340834780318364,0.917469804271967
homoscedastic,4,10.0,0.1,cca_type,eu_group0,0.00047340834780318364,0.917469804271967
homoscedastic,4,10.0,0.1,cca_type,eu_group1,0.00047340834780318364,
homoscedastic,4,10.0,0.1,cca_type,eu_id,0.00047340834780318364,0.917469804271967
homoscedastic,4,10.0,0.1,cca_type,eu_heldout,0.00047340834780318364,0.917469804271967
homoscedastic,4,10.0,0.1,smoother_001,eu_agreement,0.050951474662823015,0.9908673886137245
homoscedastic,4,10.0,0.1,smoother_001,acquisition_overlap,0.050951474662823015,0.9908673886137245
homoscedastic,4,10.0,0.1,smoother_001,eu_group0,0.050951474662823015,0.9908673886137245
homoscedastic,4,10.0,0.1,smoother_001,eu_group1,0.050951474662823015,
homoscedastic,4,10.0,0.1,smoother_001,eu_id,0.050951474662823015,0.9908673886137245
homoscedastic,4,10.0,0.1,smoother_001,eu_heldout,0.050951474662823015,0.9908673886137245
homoscedastic,4,10.0,0.1,smoother_1,eu_agreement,0.44529493399352715,0.8930039428247147
homoscedastic,4,10.0,0.1,smoother_1,acquisition_overlap,0.44529493399352715,0.8930039428247147
homoscedastic,4,10.0,0.1,smoother_1,eu_group0,0.44529493399352715,0.8930039428247147
homoscedastic,4,10.0,0.1,smoother_1,eu_group1,0.44529493399352715,
homoscedastic,4,10.0,0.1,smoother_1,eu_id,0.44529493399352715,0.8930039428247147
homoscedastic,4,10.0,0.1,smoother_1,eu_heldout,0.44529493399352715,0.8930039428247147
homoscedastic,4,10.0,0.25,cka,eu_agreement,0.719223075935418,0.8834522085987724
homoscedastic,4,10.0,0.25,cka,acquisition_overlap,0.719223075935418,0.7891187698735106
homoscedastic,4,10.0,0.25,cka,eu_group0,0.719223075935418,0.8834522085987724
homoscedastic,4,10.0,0.25,cka,eu_group1,0.719223075935418,
homoscedastic,4,10.0,0.25,cka,eu_id,0.719223075935418,0.8834522085987724
homoscedastic,4,10.0,0.25,cka,eu_heldout,0.719223075935418,0.8834522085987724
homoscedastic,4,10.0,0.25,mknn,eu_agreement,0.8029999999999999,0.8888888888888888
homoscedastic,4,10.0,0.25,mknn,acquisition_overlap,0.8029999999999999,0.7939749312153186
homoscedastic,4,10.0,0.25,mknn,eu_group0,0.8029999999999999,0.8888888888888888
homoscedastic,4,10.0,0.25,mknn,eu_group1,0.8029999999999999,
homoscedastic,4,10.0,0.25,mknn,eu_id,0.8029999999999999,0.8888888888888888
homoscedastic,4,10.0,0.25,mknn,eu_heldout,0.8029999999999999,0.8888888888888888
homoscedastic,4,10.0,0.25,predictivity,eu_agreement,0.005806746844911448,0.9969277961190804
homoscedastic,4,10.0,0.25,predictivity,acquisition_overlap,0.005806746844911448,0.9688396703007501
homoscedastic,4,10.0,0.25,predictivity,eu_group0,0.005806746844911448,0.9969277961190804
homoscedastic,4,10.0,0.25,predictivity,eu_group1,0.005806746844911448,
homoscedastic,4,10.0,0.25,predictivity,eu_id,0.005806746844911448,0.9969277961190804
homoscedastic,4,10.0,0.25,predictivity,eu_heldout,0.005806746844911448,0.9969277961190804
homoscedastic,4,10.0,0.25,cca_type,eu_agreement,0.00047340834780318364,0.917469804271967
homoscedastic,4,10.0,0.25,cca_type,acquisition_overlap,0.00047340834780318364,0.9629500128629351
homoscedastic,4,10.0,0.25,cca_type,eu_group0,0.00047340834780318364,0.917469804271967
homoscedastic,4,10.0,0.25,cca_type,eu_group1,0.00047340834780318364,
homoscedastic,4,10.0,0.25,cca_type,eu_id,0.00047340834780318364,0.917469804271967
homoscedastic,4,10.0,0.25,cca_type,eu_heldout,0.00047340834780318364,0.917469804271967
homoscedastic,4,10.0,0.25,smoother_001,eu_agreement,0.050951474662823015,0.9908673886137245
homoscedastic,4,10.0,0.25,smoother_001,acquisition_overlap,0.050951474662823015,0.9629500128629351
homoscedastic,4,10.0,0.25,smoother_001,eu_group0,0.050951474662823015,0.9908673886137245
homoscedastic,4,10.0,0.25,smoother_001,eu_group1,0.050951474662823015,
homoscedastic,4,10.0,0.25,smoother_001,eu_id,0.050951474662823015,0.9908673886137245
homoscedastic,4,10.0,0.25,smoother_001,eu_heldout,0.050951474662823015,0.9908673886137245
homoscedastic,4,10.0,0.25,smoother_1,eu_agreement,0.44529493399352715,0.8930039428247147
homoscedastic,4,10.0,0.25,smoother_1,acquisition_overlap,0.44529493399352715,0.811899030453063
homoscedastic,4,10.0,0.25,smoother_1,eu_group0,0.44529493399352715,0.8930039428247147
homoscedastic,4,10.0,0.25,smoother_1,eu_group1,0.44529493399352715,
homoscedastic,4,10.0,0.25,smoother_1,eu_id,0.44529493399352715,0.8930039428247147
homoscedastic,4,10.0,0.25,smoother_1,eu_heldout,0.44529493399352715,0.8930039428247147
homoscedastic,4,10.0,1.0,cka,eu_agreement,0.719223075935418,0.8834522085987724
homoscedastic,4,10.0,1.0,cka,acquisition_overlap,0.719223075935418,0.6415491920762262
homoscedastic,4,10.0,1.0,cka,eu_group0,0.719223075935418,0.8834522085987724
homoscedastic,4,10.0,1.0,cka,eu_group1,0.719223075935418,
homoscedastic,4,10.0,1.0,cka,eu_id,0.719223075935418,0.8834522085987724
homoscedastic,4,10.0,1.0,cka,eu_heldout,0.719223075935418,0.8834522085987724
homoscedastic,4,10.0,1.0,mknn,eu_agreement,0.8029999999999999,0.8888888888888888
homoscedastic,4,10.0,1.0,mknn,acquisition_overlap,0.8029999999999999,0.6454972243679028
homoscedastic,4,10.0,1.0,mknn,eu_group0,0.8029999999999999,0.8888888888888888
homoscedastic,4,10.0,1.0,mknn,eu_group1,0.8029999999999999,
homoscedastic,4,10.0,1.0,mknn,eu_id,0.8029999999999999,0.8888888888888888
homoscedastic,4,10.0,1.0,mknn,eu_heldout,0.8029999999999999,0.8888888888888888
homoscedastic,4,10.0,1.0,predictivity,eu_agreement,0.005806746844911448,0.9969277961190804
homoscedastic,4,10.0,1.0,predictivity,acquisition_overlap,0.005806746844911448,0.8580188337201026
homoscedastic,4,10.0,1.0,predictivity,eu_group0,0.005806746844911448,0.9969277961190804
homoscedastic,4,10.0,1.0,predictivity,eu_group1,0.005806746844911448,
homoscedastic,4,10.0,1.0,predictivity,eu_id,0.005806746844911448,0.9969277961190804
homoscedastic,4,10.0,1.0,predictivity,eu_heldout,0.005806746844911448,0.9969277961190804
homoscedastic,4,10.0,1.0,cca_type,eu_agreement,0.00047340834780318364,0.917469804271967
homoscedastic,4,10.0,1.0,cca_type,acquisition_overlap,0.00047340834780318364,0.8528028654224417
homoscedastic,4,10.0,1.0,cca_type,eu_group0,0.00047340834780318364,0.917469804271967
homoscedastic,4,10.0,1.0,cca_type,eu_group1,0.00047340834780318364,
homoscedastic,4,10.0,1.0,cca_type,eu_id,0.00047340834780318364,0.917469804271967
homoscedastic,4,10.0,1.0,cca_type,eu_heldout,0.00047340834780318364,0.917469804271967
homoscedastic,4,10.0,1.0,smoother_001,eu_agreement,0.050951474662823015,0.9908673886137245
homoscedastic,4,10.0,1.0,smoother_001,acquisition_overlap,0.050951474662823015,0.8528028654224417
homoscedastic,4,10.0,1.0,smoother_001,eu_group0,0.050951474662823015,0.9908673886137245
homoscedastic,4,10.0,1.0,smoother_001,eu_group1,0.050951474662823015,
homoscedastic,4,10.0,1.0,smoother_001,eu_id,0.050951474662823015,0.9908673886137245
homoscedastic,4,10.0,1.0,smoother_001,eu_heldout,0.050951474662823015,0.9908673886137245
homoscedastic,4,10.0,1.0,smoother_1,eu_agreement,0.44529493399352715,0.8930039428247147
homoscedastic,4,10.0,1.0,smoother_1,acquisition_overlap,0.44529493399352715,0.7106690545187014
homoscedastic,4,10.0,1.0,smoother_1,eu_group0,0.44529493399352715,0.8930039428247147
homoscedastic,4,10.0,1.0,smoother_1,eu_group1,0.44529493399352715,
homoscedastic,4,10.0,1.0,smoother_1,eu_id,0.44529493399352715,0.8930039428247147
homoscedastic,4,10.0,1.0,smoother_1,eu_heldout,0.44529493399352715,0.8930039428247147
