seed,a,b,prior,fraction,n_alignment,n_train,dim_a,dim_b,eu_agreement,acquisition_overlap,eu_group0,eu_group1,eu_id,eu_heldout,cka,mknn,predictivity,cca_type,smoother_001,smoother_1,noise_condition,head
0,clip_b16|2,convnext_s|2,0.1,0.1,536,102,768,768,0.22136367045464012,0.3,0.19334668147290568,0.17876026417715246,0.20246469545846207,0.03996373800710131,0.5543889849552067,0.3216417910447761,-0.44973514616570553,0.9999999987892839,0.973697074519427,0.664033991721471,heteroscedastic,rbf
0,clip_b16|2,dinov2_b|2,0.1,0.1,536,102,768,768,0.32586479406887237,0.26666666666666666,0.38939036766570445,0.23163535085521889,0.2937223728276873,0.06700914104404322,0.6730826631775929,0.3895522388059702,-0.2627973442197843,0.9999999987037684,0.9725088259561016,0.6850085131260572,heteroscedastic,rbf
0,clip_b16|2,mae_b16|2,0.1,0.1,536,102,768,768,0.2541599282220228,0.23333333333333334,0.14258037952878708,0.32826907217675255,0.2756723216378408,0.16531943290272216,0.41216768243224355,0.16735074626865676,-0.3211388375797446,0.9999999910930573,0.9365342674120848,0.5652022480152797,heteroscedastic,rbf
0,clip_b16|2,vit_sup_b16|2,0.1,0.1,536,102,768,768,0.4419808388356634,0.38333333333333336,0.364180463348538,0.41598518087823905,0.4341189121775194,0.1535342852106469,0.6551715374465814,0.37108208955223876,-0.21645553013980978,0.9999999989258975,0.9763236902788708,0.695123107160509,heteroscedastic,rbf
0,convnext_s|2,dinov2_b|2,0.1,0.1,536,102,768,768,0.3543469287414687,0.21666666666666667,0.3842547904766817,0.3177484564113004,0.33061081155913774,-0.020372189066001863,0.7200607331102927,0.3927238805970149,-0.3481523652859302,0.9999999992997302,0.9812143980576654,0.714282727094079,heteroscedastic,rbf
0,convnext_s|2,mae_b16|2,0.1,0.1,536,102,768,768,0.012392812202256116,0.18333333333333332,-0.07223756501467114,0.07930201780115444,0.01953636960475566,0.07461408677696356,0.2810517810471125,0.12574626865671643,-0.5558370045842226,0.9999999915701729,0.9428929940345598,0.5594296248039857,heteroscedastic,rbf
0,convnext_s|2,vit_sup_b16|2,0.1,0.1,536,102,768,768,0.4297706938074828,0.36666666666666664,0.4368807982141937,0.38347661221203544,0.4012915230454103,0.35498980131449726,0.7509958463544991,0.46455223880597013,-0.1523692883453669,0.9999999995307106,0.9850648279706092,0.7466159342749001,heteroscedastic,rbf
0,dinov2_b|2,mae_b16|2,0.1,0.1,536,102,768,768,0.13476315211986697,0.16666666666666666,0.12877995356486444,0.12935257942475645,0.17654939013937637,0.1505124524690892,0.326085445102148,0.15037313432835822,-0.4430179261991891,0.9999999914681967,0.941926276600585,0.5820188723004078,heteroscedastic,rbf
0,dinov2_b|2,vit_sup_b16|2,0.1,0.1,536,102,768,768,0.370965419348387,0.3,0.3694145251505081,0.34937118431492137,0.30048958153403393,0.4909219108055703,0.8407470383236806,0.4986940298507463,-0.0680335236191354,0.999999999438938,0.9836858622666157,0.7521002862096161,heteroscedastic,rbf
0,mae_b16|2,vit_sup_b16|2,0.1,0.1,536,102,768,768,0.1067535743154842,0.2,0.0017265359061779508,0.18327548279299,0.12067591635142523,0.11752411170708368,0.3256592831235512,0.1488805970149254,-0.3890897250551091,0.999999991691443,0.9454516330370575,0.5818176003334634,heteroscedastic,rbf
0,clip_b16|2,convnext_s|2,0.1,0.25,536,256,768,768,0.3224898402495562,0.23333333333333334,0.35106871080945906,0.1589952912480776,0.2977002733631434,0.03830172999924454,0.5543889849552067,0.3216417910447761,-0.44973514616570553,0.9999999987892839,0.973697074519427,0.664033991721471,heteroscedastic,rbf
0,clip_b16|2,dinov2_b|2,0.1,0.25,536,256,768,768,0.40252006255572925,0.2833333333333333,0.4787518548983784,0.2763725435163689,0.36533074736405324,0.06977915439047117,0.6730826631775929,0.3895522388059702,-0.2627973442197843,0.9999999987037684,0.9725088259561016,0.6850085131260572,heteroscedastic,rbf
0,clip_b16|2,mae_b16|2,0.1,0.25,536,256,768,768,0.3169078802996675,0.23333333333333334,0.15497075024967108,0.4271425296004025,0.3498593189506002,0.1850620734808995,0.41216768243224355,0.16735074626865676,-0.3211388375797446,0.9999999910930573,0.9365342674120848,0.5652022480152797,heteroscedastic,rbf
0,clip_b16|2,vit_sup_b16|2,0.1,0.25,536,256,768,768,0.5116982547173742,0.35,0.436339851708771,0.4077461915410026,0.5002234968234783,0.15247664375110173,0.6551715374465814,0.37108208955223876,-0.21645553013980978,0.9999999989258975,0.9763236902788708,0.695123107160509,heteroscedastic,rbf
0,convnext_s|2,dinov2_b|2,0.1,0.25,536,256,768,768,0.4463877399659444,0.23333333333333334,0.5054555623228781,0.35892273720327333,0.411526332842312,0.03517916949963486,0.7200607331102927,0.3927238805970149,-0.3481523652859302,0.9999999992997302,0.9812143980576654,0.714282727094079,heteroscedastic,rbf
0,convnext_s|2,mae_b16|2,0.1,0.25,536,256,768,768,0.05845877349659304,0.18333333333333332,-0.02537829862799073,0.09952052332746589,0.07433406866440448,0.06292966684294024,0.2810517810471125,0.12574626865671643,-0.5558370045842226,0.9999999915701729,0.9428929940345598,0.5594296248039857,heteroscedastic,rbf
0,convnext_s|2,vit_sup_b16|2,0.1,0.25,536,256,768,768,0.5093828038411217,0.36666666666666664,0.522444158056302,0.4036465249600715,0.47475861437594913,0.40056911183299343,0.7509958463544991,0.46455223880597013,-0.1523692883453669,0.9999999995307106,0.9850648279706092,0.7466159342749001,heteroscedastic,rbf
0,dinov2_b|2,mae_b16|2,0.1,0.25,536,256,768,768,0.19269170192139423,0.15,0.19079219189547114,0.17241248342888515,0.24443917516899236,0.1666288937573972,0.326085445102148,0.15037313432835822,-0.4430179261991891,0.9999999914681967,0.941926276600585,0.5820188723004078,heteroscedastic,rbf
0,dinov2_b|2,vit_sup_b16|2,0.1,0.25,536,256,768,768,0.4619237831216197,0.3333333333333333,0.4905933715901725,0.3831565701206357,0.3916520882879688,0.5071894437309562,0.8407470383236806,0.4986940298507463,-0.0680335236191354,0.999999999438938,0.9836858622666157,0.7521002862096161,heteroscedastic,rbf
0,mae_b16|2,vit_sup_b16|2,0.1,0.25,536,256,768,768,0.16582407173353259,0.23333333333333334,0.027303421208086306,0.23129129164352222,0.19107304252250062,0.1740323839742137,0.3256592831235512,0.1488805970149254,-0.3890897250551091,0.999999991691443,0.9454516330370575,0.5818176003334634,heteroscedastic,rbf
0,clip_b16|2,convnext_s|2,0.1,1.0,536,1024,768,768,0.3654675151875421,0.31666666666666665,0.3816988631676714,0.21642860394344357,0.30239515155419583,0.08539195688851955,0.5543889849552067,0.3216417910447761,-0.44973514616570553,0.9999999987892839,0.973697074519427,0.664033991721471,heteroscedastic,rbf
0,clip_b16|2,dinov2_b|2,0.1,1.0,536,1024,768,768,0.4404052789035524,0.35,0.5102291905876747,0.2867674883035228,0.3630337063109561,0.08312558233235125,0.6730826631775929,0.3895522388059702,-0.2627973442197843,0.9999999987037684,0.9725088259561016,0.6850085131260572,heteroscedastic,rbf
0,clip_b16|2,mae_b16|2,0.1,1.0,536,1024,768,768,0.3239335109264192,0.21666666666666667,0.15035203756217516,0.43722581036137664,0.3890279223264445,0.1818387852232379,0.41216768243224355,0.16735074626865676,-0.3211388375797446,0.9999999910930573,0.9365342674120848,0.5652022480152797,heteroscedastic,rbf
0,clip_b16|2,vit_sup_b16|2,0.1,1.0,536,1024,768,768,0.5356437656771268,0.3333333333333333,0.47143380117717865,0.44230403495999054,0.48714574424172497,0.16174359749187883,0.6551715374465814,0.37108208955223876,-0.21645553013980978,0.9999999989258975,0.9763236902788708,0.695123107160509,heteroscedastic,rbf
0,convnext_s|2,dinov2_b|2,0.1,1.0,536,1024,768,768,0.5678782996619434,0.38333333333333336,0.5782022640318558,0.5285785579059751,0.513150980012668,0.053007982674825614,0.7200607331102927,0.3927238805970149,-0.3481523652859302,0.9999999992997302,0.9812143980576654,0.714282727094079,heteroscedastic,rbf
0,convnext_s|2,mae_b16|2,0.1,1.0,536,1024,768,768,0.06349245414570595,0.18333333333333332,-0.030508484323603906,0.11421844241155345,0.10454499795768482,0.03165369796781748,0.2810517810471125,0.12574626865671643,-0.5558370045842226,0.9999999915701729,0.9428929940345598,0.5594296248039857,heteroscedastic,rbf
0,convnext_s|2,vit_sup_b16|2,0.1,1.0,536,1024,768,768,0.5937596493323593,0.4666666666666667,0.588636600943763,0.5304926665398785,0.5410682589468373,0.42051320792727453,0.7509958463544991,0.46455223880597013,-0.1523692883453669,0.9999999995307106,0.9850648279706092,0.7466159342749001,heteroscedastic,rbf
0,dinov2_b|2,mae_b16|2,0.1,1.0,536,1024,768,768,0.1890598584996069,0.11666666666666667,0.19324496196391255,0.15701806785618436,0.2713871779905121,0.24242653169147085,0.326085445102148,0.15037313432835822,-0.4430179261991891,0.9999999914681967,0.941926276600585,0.5820188723004078,heteroscedastic,rbf
0,dinov2_b|2,vit_sup_b16|2,0.1,1.0,536,1024,768,768,0.5630262861841282,0.4666666666666667,0.5733581869198418,0.5072971551721007,0.4748987116865547,0.5044194303845283,0.8407470383236806,0.4986940298507463,-0.0680335236191354,0.999999999438938,0.9836858622666157,0.7521002862096161,heteroscedastic,rbf
0,mae_b16|2,vit_sup_b16|2,0.1,1.0,536,1024,768,768,0.1923882010783363,0.21666666666666667,0.06698373440353281,0.2373536596366321,0.2503756638487559,0.17252146760343484,0.3256592831235512,0.1488805970149254,-0.3890897250551091,0.999999991691443,0.9454516330370575,0.5818176003334634,heteroscedastic,rbf
0,clip_b16|2,convnext_s|2,1.0,0.1,536,102,768,768,0.23600710001972228,0.25,0.2789355610504858,0.20676869474491444,0.14777950579016866,0.0379491828460628,0.5543889849552067,0.3216417910447761,-0.44973514616570553,0.9999999987892839,0.973697074519427,0.664033991721471,heteroscedastic,rbf
0,clip_b16|2,dinov2_b|2,1.0,0.1,536,102,768,768,0.32215833932872034,0.2833333333333333,0.4629799395110383,0.23542279487228895,0.20913866008019222,0.06247639193170659,0.6730826631775929,0.3895522388059702,-0.2627973442197843,0.9999999987037684,0.9725088259561016,0.6850085131260572,heteroscedastic,rbf
0,clip_b16|2,mae_b16|2,1.0,0.1,536,102,768,768,0.21266047961244333,0.16666666666666666,0.10667986264631392,0.33017871250920533,0.2645882971198867,0.13424491954370327,0.41216768243224355,0.16735074626865676,-0.3211388375797446,0.9999999910930573,0.9365342674120848,0.5652022480152797,heteroscedastic,rbf
0,clip_b16|2,vit_sup_b16|2,1.0,0.1,536,102,768,768,0.42376656601823887,0.2833333333333333,0.4472367787552156,0.3993547214167643,0.3447322043375529,0.1438644204376621,0.6551715374465814,0.37108208955223876,-0.21645553013980978,0.9999999989258975,0.9763236902788708,0.695123107160509,heteroscedastic,rbf
0,convnext_s|2,dinov2_b|2,1.0,0.1,536,102,768,768,0.4703466398517773,0.3333333333333333,0.44251167393110497,0.5097608648844287,0.4048414255263541,0.04555412857898316,0.7200607331102927,0.3927238805970149,-0.3481523652859302,0.9999999992997302,0.9812143980576654,0.714282727094079,heteroscedastic,rbf
0,convnext_s|2,mae_b16|2,1.0,0.1,536,102,768,768,-0.015530709807527243,0.16666666666666666,-0.07847767948685923,0.08777950272831693,0.01158727286058865,-0.0068243056080179295,0.2810517810471125,0.12574626865671643,-0.5558370045842226,0.9999999915701729,0.9428929940345598,0.5594296248039857,heteroscedastic,rbf
0,convnext_s|2,vit_sup_b16|2,1.0,0.1,536,102,768,768,0.5111654199039442,0.43333333333333335,0.5018436211713883,0.5293331423134462,0.44020027596395983,0.38218629598851706,0.7509958463544991,0.46455223880597013,-0.1523692883453669,0.9999999995307106,0.9850648279706092,0.7466159342749001,heteroscedastic,rbf
0,dinov2_b|2,mae_b16|2,1.0,0.1,536,102,768,768,0.08083016897269157,0.13333333333333333,0.12184757133889293,0.12911464237251166,0.13443419662842487,0.19785449875349398,0.326085445102148,0.15037313432835822,-0.4430179261991891,0.9999999914681967,0.941926276600585,0.5820188723004078,heteroscedastic,rbf
0,dinov2_b|2,vit_sup_b16|2,1.0,0.1,536,102,768,768,0.44712101978061053,0.4666666666666667,0.44657685996188934,0.4781828199953138,0.3296081679352164,0.48281332628239026,0.8407470383236806,0.4986940298507463,-0.0680335236191354,0.999999999438938,0.9836858622666157,0.7521002862096161,heteroscedastic,rbf
0,mae_b16|2,vit_sup_b16|2,1.0,0.1,536,102,768,768,0.09702332506479185,0.16666666666666666,0.03147068618075773,0.19828674151630135,0.139270713354622,0.13036690085870414,0.3256592831235512,0.1488805970149254,-0.3890897250551091,0.999999991691443,0.9454516330370575,0.5818176003334634,heteroscedastic,rbf
0,clip_b16|2,convnext_s|2,1.0,0.25,536,256,768,768,0.3208154467095741,0.25,0.4071797798868901,0.22726535203652612,0.22815390313765957,0.05764145954521418,0.5543889849552067,0.3216417910447761,-0.44973514616570553,0.9999999987892839,0.973697074519427,0.664033991721471,heteroscedastic,rbf
0,clip_b16|2,dinov2_b|2,1.0,0.25,536,256,768,768,0.3929247025686182,0.31666666666666665,0.5222439539343614,0.29457975485222626,0.291091271355737,0.09158671400871296,0.6730826631775929,0.3895522388059702,-0.2627973442197843,0.9999999987037684,0.9725088259561016,0.6850085131260572,heteroscedastic,rbf
0,clip_b16|2,mae_b16|2,1.0,0.25,536,256,768,768,0.2696796379989944,0.16666666666666666,0.14802542843951672,0.40402465497032897,0.3122753255846471,0.15318173805746518,0.41216768243224355,0.16735074626865676,-0.3211388375797446,0.9999999910930573,0.9365342674120848,0.5652022480152797,heteroscedastic,rbf
0,clip_b16|2,vit_sup_b16|2,1.0,0.25,536,256,768,768,0.46335100930835915,0.3333333333333333,0.4714970613665172,0.419062723502344,0.38738682643719474,0.1360580191886379,0.6551715374465814,0.37108208955223876,-0.21645553013980978,0.9999999989258975,0.9763236902788708,0.695123107160509,heteroscedastic,rbf
0,convnext_s|2,dinov2_b|2,1.0,0.25,536,256,768,768,0.5593175536598712,0.35,0.5580405947104777,0.5689893176875758,0.490989712364732,0.10392586437007378,0.7200607331102927,0.3927238805970149,-0.3481523652859302,0.9999999992997302,0.9812143980576654,0.714282727094079,heteroscedastic,rbf
0,convnext_s|2,mae_b16|2,1.0,0.25,536,256,768,768,0.019502276395212206,0.13333333333333333,8.967850704515431e-05,0.07916517606922963,0.03504517271328226,0.06741205207625091,0.2810517810471125,0.12574626865671643,-0.5558370045842226,0.9999999915701729,0.9428929940345598,0.5594296248039857,heteroscedastic,rbf
0,convnext_s|2,vit_sup_b16|2,1.0,0.25,536,256,768,768,0.5666607407242797,0.45,0.5683915431909842,0.5764418859695055,0.4927035540522279,0.41411699529097734,0.7509958463544991,0.46455223880597013,-0.1523692883453669,0.9999999995307106,0.9850648279706092,0.7466159342749001,heteroscedastic,rbf
0,dinov2_b|2,mae_b16|2,1.0,0.25,536,256,768,768,0.13401081669671303,0.11666666666666667,0.2072732683826113,0.12723851430093844,0.17890168409220078,0.2111505628163481,0.326085445102148,0.15037313432835822,-0.4430179261991891,0.9999999914681967,0.941926276600585,0.5820188723004078,heteroscedastic,rbf
0,dinov2_b|2,vit_sup_b16|2,1.0,0.25,536,256,768,768,0.5075742432617868,0.4,0.5292345642891559,0.5143822056597182,0.3999848728811486,0.5173629472942006,0.8407470383236806,0.4986940298507463,-0.0680335236191354,0.999999999438938,0.9836858622666157,0.7521002862096161,heteroscedastic,rbf
0,mae_b16|2,vit_sup_b16|2,1.0,0.25,536,256,768,768,0.13687210242250672,0.16666666666666666,0.07032106882403082,0.21361301549188036,0.16584173265387417,0.1977034071164161,0.3256592831235512,0.1488805970149254,-0.3890897250551091,0.999999991691443,0.9454516330370575,0.5818176003334634,heteroscedastic,rbf
0,clip_b16|2,convnext_s|2,1.0,1.0,536,1024,768,768,0.35430020638946214,0.3333333333333333,0.41087762550003853,0.27374238957500585,0.24723133460528024,0.10281785903150262,0.5543889849552067,0.3216417910447761,-0.44973514616570553,0.9999999987892839,0.973697074519427,0.664033991721471,heteroscedastic,rbf
0,clip_b16|2,dinov2_b|2,1.0,1.0,536,1024,768,768,0.42045839016219483,0.4,0.5351213562265729,0.30125539721943184,0.30295677377624936,0.09944347913676312,0.6730826631775929,0.3895522388059702,-0.2627973442197843,0.9999999987037684,0.9725088259561016,0.6850085131260572,heteroscedastic,rbf
0,clip_b16|2,mae_b16|2,1.0,1.0,536,1024,768,768,0.30664207400576105,0.15,0.17604070649410775,0.442906697118141,0.3702003233566144,0.1646143385963587,0.41216768243224355,0.16735074626865676,-0.3211388375797446,0.9999999910930573,0.9365342674120848,0.5652022480152797,heteroscedastic,rbf
0,clip_b16|2,vit_sup_b16|2,1.0,1.0,536,1024,768,768,0.4859195164431012,0.4,0.456994662960674,0.455208489549341,0.3961012952874863,0.14179950139759764,0.6551715374465814,0.37108208955223876,-0.21645553013980978,0.9999999989258975,0.9763236902788708,0.695123107160509,heteroscedastic,rbf
0,convnext_s|2,dinov2_b|2,1.0,1.0,536,1024,768,768,0.6446784018844497,0.4,0.6328188111361656,0.6624868499284652,0.5819146393559622,0.08146357432449447,0.7200607331102927,0.3927238805970149,-0.3481523652859302,0.9999999992997302,0.9812143980576654,0.714282727094079,heteroscedastic,rbf
0,convnext_s|2,mae_b16|2,1.0,1.0,536,1024,768,768,0.05400415001152781,0.18333333333333332,0.01637486406697241,0.13452687250455836,0.08527984534119994,0.08846415350910326,0.2810517810471125,0.12574626865671643,-0.5558370045842226,0.9999999915701729,0.9428929940345598,0.5594296248039857,heteroscedastic,rbf
0,convnext_s|2,vit_sup_b16|2,1.0,1.0,536,1024,768,768,0.637559715443654,0.45,0.6295443774721121,0.6448175103797247,0.5727132206125373,0.4426229508196721,0.7509958463544991,0.46455223880597013,-0.1523692883453669,0.9999999995307106,0.9850648279706092,0.7466159342749001,heteroscedastic,rbf
0,dinov2_b|2,mae_b16|2,1.0,1.0,536,1024,768,768,0.17733382592729421,0.15,0.22555654140010975,0.19066549485461123,0.24397958201142825,0.25874442849588275,0.326085445102148,0.15037313432835822,-0.4430179261991891,0.9999999914681967,0.941926276600585,0.5820188723004078,heteroscedastic,rbf
0,dinov2_b|2,vit_sup_b16|2,1.0,1.0,536,1024,768,768,0.5974331595365542,0.45,0.5893209611738791,0.6304508041406631,0.4989839669878951,0.4967641207725819,0.8407470383236806,0.4986940298507463,-0.0680335236191354,0.999999999438938,0.9836858622666157,0.7521002862096161,heteroscedastic,rbf
0,mae_b16|2,vit_sup_b16|2,1.0,1.0,536,1024,768,768,0.19067302964730454,0.16666666666666666,0.11389152423089897,0.26973320609844953,0.2422119515875171,0.17655057792551182,0.3256592831235512,0.1488805970149254,-0.3890897250551091,0.999999991691443,0.9454516330370575,0.5818176003334634,heteroscedastic,rbf
0,clip_b16|2,convnext_s|2,10.0,0.1,536,102,768,768,0.3017249492359701,0.21666666666666667,0.2844672332886618,0.3118899546718744,0.19871312374657504,0.03235879227418096,0.5543889849552067,0.3216417910447761,-0.44973514616570553,0.9999999987892839,0.973697074519427,0.664033991721471,heteroscedastic,rbf
0,clip_b16|2,dinov2_b|2,10.0,0.1,536,102,768,768,0.40057700160278226,0.35,0.48247378251542283,0.3267291837893374,0.27522945076652605,0.07345571755936642,0.6730826631775929,0.3895522388059702,-0.2627973442197843,0.9999999987037684,0.9725088259561016,0.6850085131260572,heteroscedastic,rbf
0,clip_b16|2,mae_b16|2,10.0,0.1,536,102,768,768,0.17880205222792284,0.11666666666666667,0.08973763375621213,0.33541109350786513,0.22319408844833327,0.12618669889954925,0.41216768243224355,0.16735074626865676,-0.3211388375797446,0.9999999910930573,0.9365342674120848,0.5652022480152797,heteroscedastic,rbf
0,clip_b16|2,vit_sup_b16|2,10.0,0.1,536,102,768,768,0.443059341831505,0.2833333333333333,0.44168749430523513,0.4404764996666926,0.33787999709787414,0.16129032258064516,0.6551715374465814,0.37108208955223876,-0.21645553013980978,0.9999999989258975,0.9763236902788708,0.695123107160509,heteroscedastic,rbf
0,convnext_s|2,dinov2_b|2,10.0,0.1,536,102,768,768,0.5747872077422437,0.36666666666666664,0.4402299939201927,0.661051408087458,0.5199653501899115,0.06036110901261615,0.7200607331102927,0.3927238805970149,-0.3481523652859302,0.9999999992997302,0.9812143980576654,0.714282727094079,heteroscedastic,rbf
0,convnext_s|2,mae_b16|2,10.0,0.1,536,102,768,768,0.006134239261775726,0.13333333333333333,-0.0882359231252115,0.1398123145829441,0.03216007743728574,-0.007378308277303519,0.2810517810471125,0.12574626865671643,-0.5558370045842226,0.9999999915701729,0.9428929940345598,0.5594296248039857,heteroscedastic,rbf
0,convnext_s|2,vit_sup_b16|2,10.0,0.1,536,102,768,768,0.6165143792066089,0.4666666666666667,0.5226393301177269,0.6714910358891178,0.5543418241062853,0.3672282239178062,0.7509958463544991,0.46455223880597013,-0.1523692883453669,0.9999999995307106,0.9850648279706092,0.7466159342749001,heteroscedastic,rbf
0,dinov2_b|2,mae_b16|2,10.0,0.1,536,102,768,768,0.11434837318992552,0.15,0.13109470140202192,0.1878208624436191,0.16176195717638261,0.21432348719498373,0.326085445102148,0.15037313432835822,-0.4430179261991891,0.9999999914681967,0.941926276600585,0.5820188723004078,heteroscedastic,rbf
0,dinov2_b|2,vit_sup_b16|2,10.0,0.1,536,102,768,768,0.5622047839021774,0.43333333333333335,0.4441877095156804,0.6469695560658728,0.46655221019497684,0.49278537432953085,0.8407470383236806,0.4986940298507463,-0.0680335236191354,0.999999999438938,0.9836858622666157,0.7521002862096161,heteroscedastic,rbf
0,mae_b16|2,vit_sup_b16|2,10.0,0.1,536,102,768,768,0.11071769643804566,0.13333333333333333,0.018375826987695354,0.25225656204976626,0.15235709679379442,0.08906852005741482,0.3256592831235512,0.1488805970149254,-0.3890897250551091,0.999999991691443,0.9454516330370575,0.5818176003334634,heteroscedastic,rbf
0,clip_b16|2,convnext_s|2,10.0,0.25,536,256,768,768,0.33750504862513503,0.26666666666666666,0.3982805808651227,0.28172110035274445,0.22424273762474717,0.053310165948981386,0.5543889849552067,0.3216417910447761,-0.44973514616570553,0.9999999987892839,0.973697074519427,0.664033991721471,heteroscedastic,rbf
0,clip_b16|2,dinov2_b|2,10.0,0.25,536,256,768,768,0.40836302323062,0.4,0.5311607651679334,0.3183170477708901,0.28373261773250497,0.07562136435748282,0.6730826631775929,0.3895522388059702,-0.2627973442197843,0.9999999987037684,0.9725088259561016,0.6850085131260572,heteroscedastic,rbf
0,clip_b16|2,mae_b16|2,10.0,0.25,536,256,768,768,0.22993224981180502,0.13333333333333333,0.1605448355693354,0.3599901027122869,0.2536109253400394,0.15106645513837477,0.41216768243224355,0.16735074626865676,-0.3211388375797446,0.9999999910930573,0.9365342674120848,0.5652022480152797,heteroscedastic,rbf
0,clip_b16|2,vit_sup_b16|2,10.0,0.25,536,256,768,768,0.4228042855674599,0.38333333333333336,0.44685613932050294,0.40817961678171144,0.3113147573906436,0.12402105210143284,0.6551715374465814,0.37108208955223876,-0.21645553013980978,0.9999999989258975,0.9763236902788708,0.695123107160509,heteroscedastic,rbf
0,convnext_s|2,dinov2_b|2,10.0,0.25,536,256,768,768,0.6239743999288886,0.4166666666666667,0.5539869105323003,0.668480517786772,0.5604590213632601,0.11994157790032987,0.7200607331102927,0.3927238805970149,-0.3481523652859302,0.9999999992997302,0.9812143980576654,0.714282727094079,heteroscedastic,rbf
0,convnext_s|2,mae_b16|2,10.0,0.25,536,256,768,768,0.03331892588590523,0.1,0.0007474407030076088,0.12674476699064643,0.03759782585619165,0.042230112563269626,0.2810517810471125,0.12574626865671643,-0.5558370045842226,0.9999999915701729,0.9428929940345598,0.5594296248039857,heteroscedastic,rbf
0,convnext_s|2,vit_sup_b16|2,10.0,0.25,536,256,768,768,0.6189602193339425,0.43333333333333335,0.5629608715960134,0.6610290665802049,0.5464848155283304,0.42288031024149486,0.7509958463544991,0.46455223880597013,-0.1523692883453669,0.9999999995307106,0.9850648279706092,0.7466159342749001,heteroscedastic,rbf
0,dinov2_b|2,mae_b16|2,10.0,0.25,536,256,768,768,0.1563886566351573,0.11666666666666667,0.22565682317752694,0.18891503776133625,0.18277986739997615,0.2076754551635567,0.326085445102148,0.15037313432835822,-0.4430179261991891,0.9999999914681967,0.941926276600585,0.5820188723004078,heteroscedastic,rbf
0,dinov2_b|2,vit_sup_b16|2,10.0,0.25,536,256,768,768,0.5663529065358515,0.4666666666666667,0.506658224786097,0.6315153769612701,0.46400942088911773,0.5097076376822544,0.8407470383236806,0.4986940298507463,-0.0680335236191354,0.999999999438938,0.9836858622666157,0.7521002862096161,heteroscedastic,rbf
0,mae_b16|2,vit_sup_b16|2,10.0,0.25,536,256,768,768,0.1399039997333326,0.1,0.06928518322361345,0.27114295520611575,0.15902381766019072,0.14925335549344013,0.3256592831235512,0.1488805970149254,-0.3890897250551091,0.999999991691443,0.9454516330370575,0.5818176003334634,heteroscedastic,rbf
0,clip_b16|2,convnext_s|2,10.0,1.0,536,1024,768,768,0.33009980583279397,0.31666666666666665,0.38235051500443634,0.30993730693795957,0.20540388771578152,0.10060184835436024,0.5543889849552067,0.3216417910447761,-0.44973514616570553,0.9999999987892839,0.973697074519427,0.664033991721471,heteroscedastic,rbf
0,clip_b16|2,dinov2_b|2,10.0,1.0,536,1024,768,768,0.4105286403573343,0.43333333333333335,0.5316952418812646,0.33805185966517337,0.27545069354911605,0.0868021455012465,0.6730826631775929,0.3895522388059702,-0.2627973442197843,0.9999999987037684,0.9725088259561016,0.6850085131260572,heteroscedastic,rbf
0,clip_b16|2,mae_b16|2,10.0,1.0,536,1024,768,768,0.29653087925244237,0.15,0.1915775527687925,0.45390877236489596,0.3376989032145281,0.19075319181083325,0.41216768243224355,0.16735074626865676,-0.3211388375797446,0.9999999910930573,0.9365342674120848,0.5652022480152797,heteroscedastic,rbf
0,clip_b16|2,vit_sup_b16|2,10.0,1.0,536,1024,768,768,0.4305556959880444,0.4166666666666667,0.42406917214157847,0.46836875439673875,0.31221737554197637,0.13001435370552242,0.6551715374465814,0.37108208955223876,-0.21645553013980978,0.9999999989258975,0.9763236902788708,0.695123107160509,heteroscedastic,rbf
0,convnext_s|2,dinov2_b|2,10.0,1.0,536,1024,768,768,0.6740623168397689,0.4166666666666667,0.6209923906259183,0.7267979956316767,0.6176676579694466,0.06499458588300472,0.7200607331102927,0.3927238805970149,-0.3481523652859302,0.9999999992997302,0.9812143980576654,0.714282727094079,heteroscedastic,rbf
0,convnext_s|2,mae_b16|2,10.0,1.0,536,1024,768,768,0.07697865827405076,0.15,0.021769592372546446,0.21421902887611882,0.09192552849263731,0.09627055475812749,0.2810517810471125,0.12574626865671643,-0.5558370045842226,0.9999999915701729,0.9428929940345598,0.5594296248039857,heteroscedastic,rbf
0,convnext_s|2,vit_sup_b16|2,10.0,1.0,536,1024,768,768,0.6447964022122282,0.4166666666666667,0.6051611688110734,0.6842832244045219,0.5783824609572182,0.44267331469869814,0.7509958463544991,0.46455223880597013,-0.1523692883453669,0.9999999995307106,0.9850648279706092,0.7466159342749001,heteroscedastic,rbf
0,dinov2_b|2,mae_b16|2,10.0,1.0,536,1024,768,768,0.20411128919802554,0.16666666666666666,0.22735550303442237,0.28934346408979716,0.2453279222994731,0.24655636977159984,0.326085445102148,0.15037313432835822,-0.4430179261991891,0.9999999914681967,0.941926276600585,0.5820188723004078,heteroscedastic,rbf
0,dinov2_b|2,vit_sup_b16|2,10.0,1.0,536,1024,768,768,0.6140390389973305,0.5,0.5504946605345019,0.7032528396753891,0.5179201452265059,0.48855480849135,0.8407470383236806,0.4986940298507463,-0.0680335236191354,0.999999999438938,0.9836858622666157,0.7521002862096161,heteroscedastic,rbf
0,mae_b16|2,vit_sup_b16|2,10.0,1.0,536,1024,768,768,0.2037502326395351,0.11666666666666667,0.11016132965729332,0.3653062643631455,0.23885947997003393,0.12437359925461461,0.3256592831235512,0.1488805970149254,-0.3890897250551091,0.999999991691443,0.9454516330370575,0.5818176003334634,heteroscedastic,rbf
0,clip_b16|2,convnext_s|2,0.1,0.1,536,102,768,768,0.23171336587046074,0.2,0.23171336587046074,,0.1668924624834159,0.04107174334567248,0.5543889849552067,0.3216417910447761,-0.44973514616570553,0.9999999987892839,0.973697074519427,0.664033991721471,homoscedastic,rbf
0,clip_b16|2,dinov2_b|2,0.1,0.1,536,102,768,768,0.33252281256336813,0.31666666666666665,0.33252281256336813,,0.2315597011241961,0.061015839439953666,0.6730826631775929,0.3895522388059702,-0.2627973442197843,0.9999999987037684,0.9725088259561016,0.6850085131260572,homoscedastic,rbf
0,clip_b16|2,mae_b16|2,0.1,0.1,536,102,768,768,0.17046436240100665,0.11666666666666667,0.17046436240100665,,0.20186284727593762,0.1744352950064214,0.41216768243224355,0.16735074626865676,-0.3211388375797446,0.9999999910930573,0.9365342674120848,0.5652022480152797,homoscedastic,rbf
0,clip_b16|2,vit_sup_b16|2,0.1,0.1,536,102,768,768,0.38600090555807093,0.26666666666666666,0.38600090555807093,,0.30816549622864275,0.15403792400090655,0.6551715374465814,0.37108208955223876,-0.21645553013980978,0.9999999989258975,0.9763236902788708,0.695123107160509,homoscedastic,rbf
0,convnext_s|2,dinov2_b|2,0.1,0.1,536,102,768,768,0.5164481012447256,0.16666666666666666,0.5164481012447256,,0.495638199697157,-0.0017879177054216714,0.7200607331102927,0.3927238805970149,-0.3481523652859302,0.9999999992997302,0.9812143980576654,0.714282727094079,homoscedastic,rbf
0,convnext_s|2,mae_b16|2,0.1,0.1,536,102,768,768,0.03219120053111259,0.1,0.03219120053111259,,0.05479141856965192,-0.016242350985872935,0.2810517810471125,0.12574626865671643,-0.5558370045842226,0.9999999915701729,0.9428929940345598,0.5594296248039857,homoscedastic,rbf
0,convnext_s|2,vit_sup_b16|2,0.1,0.1,536,102,768,768,0.5529065358514883,0.45,0.5529065358514883,,0.5151594267708158,0.3640049356601446,0.7509958463544991,0.46455223880597013,-0.1523692883453669,0.9999999995307106,0.9850648279706092,0.7466159342749001,homoscedastic,rbf
0,dinov2_b|2,mae_b16|2,0.1,0.1,536,102,768,768,0.1402933897038603,0.13333333333333333,0.1402933897038603,,0.1869206753692167,0.15202336883986806,0.326085445102148,0.15037313432835822,-0.4430179261991891,0.9999999914681967,0.941926276600585,0.5820188723004078,homoscedastic,rbf
0,dinov2_b|2,vit_sup_b16|2,0.1,0.1,536,102,768,768,0.4850967919355331,0.35,0.4850967919355331,,0.40230302871043155,0.48749716703180473,0.8407470383236806,0.4986940298507463,-0.0680335236191354,0.999999999438938,0.9836858622666157,0.7521002862096161,homoscedastic,rbf
0,mae_b16|2,vit_sup_b16|2,0.1,0.1,536,102,768,768,0.09593148869857969,0.11666666666666667,0.09593148869857969,,0.1324178125639006,-0.0011835511571101206,0.3256592831235512,0.1488805970149254,-0.3890897250551091,0.999999991691443,0.9454516330370575,0.5818176003334634,homoscedastic,rbf
0,clip_b16|2,convnext_s|2,0.1,0.25,536,256,768,768,0.3135640376778824,0.21666666666666667,0.3135640376778824,,0.22977365306704256,0.05461962680365642,0.5543889849552067,0.3216417910447761,-0.44973514616570553,0.9999999987892839,0.973697074519427,0.664033991721471,homoscedastic,rbf
0,clip_b16|2,dinov2_b|2,0.1,0.25,536,256,768,768,0.39969622137839267,0.36666666666666664,0.39969622137839267,,0.2962374971530693,0.06987988214852307,0.6730826631775929,0.3895522388059702,-0.2627973442197843,0.9999999987037684,0.9725088259561016,0.6850085131260572,homoscedastic,rbf
0,clip_b16|2,mae_b16|2,0.1,0.25,536,256,768,768,0.2056181822727285,0.11666666666666667,0.2056181822727285,,0.23082499938639994,0.16954999874090304,0.41216768243224355,0.16735074626865676,-0.3211388375797446,0.9999999910930573,0.9365342674120848,0.5652022480152797,homoscedastic,rbf
0,clip_b16|2,vit_sup_b16|2,0.1,0.25,536,256,768,768,0.423253509037525,0.31666666666666665,0.423253509037525,,0.3325848890100634,0.1429578706151948,0.6551715374465814,0.37108208955223876,-0.21645553013980978,0.9999999989258975,0.9763236902788708,0.695123107160509,homoscedastic,rbf
0,convnext_s|2,dinov2_b|2,0.1,0.25,536,256,768,768,0.575641432337312,0.2833333333333333,0.575641432337312,,0.5334855883368449,0.04308629850671099,0.7200607331102927,0.3927238805970149,-0.3481523652859302,0.9999999992997302,0.9812143980576654,0.714282727094079,homoscedastic,rbf
0,convnext_s|2,mae_b16|2,0.1,0.25,536,256,768,768,0.03298020272278534,0.08333333333333333,0.03298020272278534,,0.04677967104796987,-0.014932890131197906,0.2810517810471125,0.12574626865671643,-0.5558370045842226,0.9999999915701729,0.9428929940345598,0.5594296248039857,homoscedastic,rbf
0,convnext_s|2,vit_sup_b16|2,0.1,0.25,536,256,768,768,0.5852879035775098,0.45,0.5852879035775098,,0.5270573719678766,0.39241016343078744,0.7509958463544991,0.46455223880597013,-0.1523692883453669,0.9999999995307106,0.9850648279706092,0.7466159342749001,homoscedastic,rbf
0,dinov2_b|2,mae_b16|2,0.1,0.25,536,256,768,768,0.15183781066058516,0.1,0.15183781066058516,,0.18472050027840292,0.1780614942962907,0.326085445102148,0.15037313432835822,-0.4430179261991891,0.9999999914681967,0.941926276600585,0.5820188723004078,homoscedastic,rbf
0,dinov2_b|2,vit_sup_b16|2,0.1,0.25,536,256,768,768,0.5278792996647212,0.36666666666666664,0.5278792996647212,,0.432480744614894,0.5139885673994611,0.8407470383236806,0.4986940298507463,-0.0680335236191354,0.999999999438938,0.9836858622666157,0.7521002862096161,homoscedastic,rbf
0,mae_b16|2,vit_sup_b16|2,0.1,0.25,536,256,768,768,0.11707615854488483,0.1,0.11707615854488483,,0.1444197133561247,0.06705950492306917,0.3256592831235512,0.1488805970149254,-0.3890897250551091,0.999999991691443,0.9454516330370575,0.5818176003334634,homoscedastic,rbf
0,clip_b16|2,convnext_s|2,0.1,1.0,536,1024,768,768,0.354239317331437,0.2833333333333333,0.354239317331437,,0.24068012851809062,0.07632645866384628,0.5543889849552067,0.3216417910447761,-0.44973514616570553,0.9999999987892839,0.973697074519427,0.664033991721471,homoscedastic,rbf
0,clip_b16|2,dinov2_b|2,0.1,1.0,536,1024,768,768,0.439282886896908,0.45,0.439282886896908,,0.3135516906867153,0.07965047467955982,0.6730826631775929,0.3895522388059702,-0.2627973442197843,0.9999999987037684,0.9725088259561016,0.6850085131260572,homoscedastic,rbf
0,clip_b16|2,mae_b16|2,0.1,1.0,536,1024,768,768,0.2436232322867563,0.13333333333333333,0.2436232322867563,,0.287687862267236,0.12502832968195213,0.41216768243224355,0.16735074626865676,-0.3211388375797446,0.9999999910930573,0.9365342674120848,0.5652022480152797,homoscedastic,rbf
0,clip_b16|2,vit_sup_b16|2,0.1,1.0,536,1024,768,768,0.46649229581193274,0.4,0.46649229581193274,,0.35763402613816636,0.14451915086499964,0.6551715374465814,0.37108208955223876,-0.21645553013980978,0.9999999989258975,0.9763236902788708,0.695123107160509,homoscedastic,rbf
0,convnext_s|2,dinov2_b|2,0.1,1.0,536,1024,768,768,0.646513406981686,0.4,0.646513406981686,,0.5876849069691823,0.07239807609982123,0.7200607331102927,0.3927238805970149,-0.3481523652859302,0.9999999992997302,0.9812143980576654,0.714282727094079,homoscedastic,rbf
0,convnext_s|2,mae_b16|2,0.1,1.0,536,1024,768,768,0.06654885152458756,0.13333333333333333,0.06654885152458756,,0.0916434073407523,0.0021404648586034096,0.2810517810471125,0.12574626865671643,-0.5558370045842226,0.9999999915701729,0.9428929940345598,0.5594296248039857,homoscedastic,rbf
0,convnext_s|2,vit_sup_b16|2,0.1,1.0,536,1024,768,768,0.6385317181436614,0.43333333333333335,0.6385317181436614,,0.5702277648595333,0.42469340988642945,0.7509958463544991,0.46455223880597013,-0.1523692883453669,0.9999999995307106,0.9850648279706092,0.7466159342749001,homoscedastic,rbf
0,dinov2_b|2,mae_b16|2,0.1,1.0,536,1024,768,768,0.19503976399934442,0.16666666666666666,0.19503976399934442,,0.2470495471708916,0.24262798720757475,0.326085445102148,0.15037313432835822,-0.4430179261991891,0.9999999914681967,0.941926276600585,0.5820188723004078,homoscedastic,rbf
0,dinov2_b|2,vit_sup_b16|2,0.1,1.0,536,1024,768,768,0.6113398648329579,0.5666666666666667,0.6113398648329579,,0.5120490815284277,0.5120243761174487,0.8407470383236806,0.4986940298507463,-0.0680335236191354,0.999999999438938,0.9836858622666157,0.7521002862096161,homoscedastic,rbf
0,mae_b16|2,vit_sup_b16|2,0.1,1.0,536,1024,768,768,0.17670865752404866,0.11666666666666667,0.17670865752404866,,0.22171327991115147,0.08770869532371382,0.3256592831235512,0.1488805970149254,-0.3890897250551091,0.999999991691443,0.9454516330370575,0.5818176003334634,homoscedastic,rbf
0,clip_b16|2,convnext_s|2,1.0,0.1,536,102,768,768,0.3227839521776449,0.21666666666666667,0.3227839521776449,,0.2293522052168216,0.02807786255697414,0.5543889849552067,0.3216417910447761,-0.44973514616570553,0.9999999987892839,0.973697074519427,0.664033991721471,homoscedastic,rbf
0,clip_b16|2,dinov2_b|2,1.0,0.1,536,102,768,768,0.42429367859355166,0.3333333333333333,0.42429367859355166,,0.3080495190820744,0.08322631009040315,0.6730826631775929,0.3895522388059702,-0.2627973442197843,0.9999999987037684,0.9725088259561016,0.6850085131260572,homoscedastic,rbf
0,clip_b16|2,mae_b16|2,1.0,0.1,536,102,768,768,0.16912302534173704,0.1,0.16912302534173704,,0.21177114865422775,0.13197854498753495,0.41216768243224355,0.16735074626865676,-0.3211388375797446,0.9999999910930573,0.9365342674120848,0.5652022480152797,homoscedastic,rbf
0,clip_b16|2,vit_sup_b16|2,1.0,0.1,536,102,768,768,0.4601735004819458,0.2833333333333333,0.4601735004819458,,0.36210126546479143,0.15711012062149027,0.6551715374465814,0.37108208955223876,-0.21645553013980978,0.9999999989258975,0.9763236902788708,0.695123107160509,homoscedastic,rbf
0,convnext_s|2,dinov2_b|2,1.0,0.1,536,102,768,768,0.5911570309917527,0.31666666666666665,0.5911570309917527,,0.5469481846860152,0.03759663569288107,0.7200607331102927,0.3927238805970149,-0.3481523652859302,0.9999999992997302,0.9812143980576654,0.714282727094079,homoscedastic,rbf
0,convnext_s|2,mae_b16|2,1.0,0.1,536,102,768,768,0.027247353464870734,0.11666666666666667,0.027247353464870734,,0.05663950091450484,-0.02767495152476644,0.2810517810471125,0.12574626865671643,-0.5558370045842226,0.9999999915701729,0.9428929940345598,0.5594296248039857,homoscedastic,rbf
0,convnext_s|2,vit_sup_b16|2,1.0,0.1,536,102,768,768,0.6270097416937269,0.48333333333333334,0.6270097416937269,,0.572882601189386,0.37584044723124577,0.7509958463544991,0.46455223880597013,-0.1523692883453669,0.9999999995307106,0.9850648279706092,0.7466159342749001,homoscedastic,rbf
0,dinov2_b|2,mae_b16|2,1.0,0.1,536,102,768,768,0.13792421645615682,0.16666666666666666,0.13792421645615682,,0.18836880994616925,0.19991941779355848,0.326085445102148,0.15037313432835822,-0.4430179261991891,0.9999999914681967,0.941926276600585,0.5820188723004078,homoscedastic,rbf
0,dinov2_b|2,vit_sup_b16|2,1.0,0.1,536,102,768,768,0.5808801691115808,0.38333333333333336,0.5808801691115808,,0.49477195444494737,0.5002895923043994,0.8407470383236806,0.4986940298507463,-0.0680335236191354,0.999999999438938,0.9836858622666157,0.7521002862096161,homoscedastic,rbf
0,mae_b16|2,vit_sup_b16|2,1.0,0.1,536,102,768,768,0.12216950602640561,0.11666666666666667,0.12216950602640561,,0.16784786757521336,0.042532295837425405,0.3256592831235512,0.1488805970149254,-0.3890897250551091,0.999999991691443,0.9454516330370575,0.5818176003334634,homoscedastic,rbf
0,clip_b16|2,convnext_s|2,1.0,0.25,536,256,768,768,0.35709176969936024,0.25,0.35709176969936024,,0.251612111235261,0.04590667573216489,0.5543889849552067,0.3216417910447761,-0.44973514616570553,0.9999999987892839,0.973697074519427,0.664033991721471,homoscedastic,rbf
0,clip_b16|2,dinov2_b|2,1.0,0.25,536,256,768,768,0.4299026941741505,0.4166666666666667,0.4299026941741505,,0.3099631034698397,0.07179370955150965,0.6730826631775929,0.3895522388059702,-0.2627973442197843,0.9999999987037684,0.9725088259561016,0.6850085131260572,homoscedastic,rbf
0,clip_b16|2,mae_b16|2,1.0,0.25,536,256,768,768,0.21478392995536094,0.13333333333333333,0.21478392995536094,,0.23723764938752312,0.16496688574954044,0.41216768243224355,0.16735074626865676,-0.3211388375797446,0.9999999910930573,0.9365342674120848,0.5652022480152797,homoscedastic,rbf
0,clip_b16|2,vit_sup_b16|2,1.0,0.25,536,256,768,768,0.43947944299845265,0.35,0.43947944299845265,,0.3301835841168951,0.1356551081564302,0.6551715374465814,0.37108208955223876,-0.21645553013980978,0.9999999989258975,0.9763236902788708,0.695123107160509,homoscedastic,rbf
0,convnext_s|2,dinov2_b|2,1.0,0.25,536,256,768,768,0.6364877680215778,0.36666666666666664,0.6364877680215778,,0.5816919324100601,0.10276749515247663,0.7200607331102927,0.3927238805970149,-0.3481523652859302,0.9999999992997302,0.9812143980576654,0.714282727094079,homoscedastic,rbf
0,convnext_s|2,mae_b16|2,1.0,0.25,536,256,768,768,0.05305959183219953,0.13333333333333333,0.05305959183219953,,0.06219738778623477,0.01583943995366523,0.2810517810471125,0.12574626865671643,-0.5558370045842226,0.9999999915701729,0.9428929940345598,0.5594296248039857,homoscedastic,rbf
0,convnext_s|2,vit_sup_b16|2,1.0,0.25,536,256,768,768,0.6341249281248004,0.45,0.6341249281248004,,0.5679241736021449,0.4238875878220141,0.7509958463544991,0.46455223880597013,-0.1523692883453669,0.9999999995307106,0.9850648279706092,0.7466159342749001,homoscedastic,rbf
0,dinov2_b|2,mae_b16|2,1.0,0.25,536,256,768,768,0.17534859819055051,0.11666666666666667,0.17534859819055051,,0.20421891722888288,0.18858754501271688,0.326085445102148,0.15037313432835822,-0.4430179261991891,0.9999999914681967,0.941926276600585,0.5820188723004078,homoscedastic,rbf
0,dinov2_b|2,vit_sup_b16|2,1.0,0.25,536,256,768,768,0.5887368020466722,0.43333333333333335,0.5887368020466722,,0.4945261291309585,0.5095061821661505,0.8407470383236806,0.4986940298507463,-0.0680335236191354,0.999999999438938,0.9836858622666157,0.7521002862096161,homoscedastic,rbf
0,mae_b16|2,vit_sup_b16|2,1.0,0.25,536,256,768,768,0.15273586871074643,0.1,0.15273586871074643,,0.17695064794813498,0.11092644355468259,0.3256592831235512,0.1488805970149254,-0.3890897250551091,0.999999991691443,0.9454516330370575,0.5818176003334634,homoscedastic,rbf
0,clip_b16|2,convnext_s|2,1.0,1.0,536,1024,768,768,0.35846638462884617,0.31666666666666665,0.35846638462884617,,0.23731355469607454,0.09727783233864673,0.5543889849552067,0.3216417910447761,-0.44973514616570553,0.9999999987892839,0.973697074519427,0.664033991721471,homoscedastic,rbf
0,clip_b16|2,dinov2_b|2,1.0,1.0,536,1024,768,768,0.44743968733246475,0.48333333333333334,0.44743968733246475,,0.31658127576325384,0.07547027272040494,0.6730826631775929,0.3895522388059702,-0.2627973442197843,0.9999999987037684,0.9725088259561016,0.6850085131260572,homoscedastic,rbf
0,clip_b16|2,mae_b16|2,1.0,1.0,536,1024,768,768,0.2831983977733271,0.15,0.2831983977733271,,0.32134959330359514,0.15469265442824406,0.41216768243224355,0.16735074626865676,-0.3211388375797446,0.9999999910930573,0.9365342674120848,0.5652022480152797,homoscedastic,rbf
0,clip_b16|2,vit_sup_b16|2,1.0,1.0,536,1024,768,768,0.453871760754891,0.4,0.453871760754891,,0.3351534938269526,0.1288056206088993,0.6551715374465814,0.37108208955223876,-0.21645553013980978,0.9999999989258975,0.9763236902788708,0.695123107160509,homoscedastic,rbf
0,convnext_s|2,dinov2_b|2,1.0,1.0,536,1024,768,768,0.680608223911733,0.4,0.680608223911733,,0.6271368644765428,0.06615295510060185,0.7200607331102927,0.3927238805970149,-0.3481523652859302,0.9999999992997302,0.9812143980576654,0.714282727094079,homoscedastic,rbf
0,convnext_s|2,mae_b16|2,1.0,1.0,536,1024,768,768,0.10316023100064164,0.16666666666666666,0.10316023100064164,,0.12095456974809723,0.06650550225378359,0.2810517810471125,0.12574626865671643,-0.5558370045842226,0.9999999915701729,0.9428929940345598,0.5594296248039857,homoscedastic,rbf
0,convnext_s|2,vit_sup_b16|2,1.0,1.0,536,1024,768,768,0.6594310539751499,0.4666666666666667,0.6594310539751499,,0.5958129398823405,0.44070912341668556,0.7509958463544991,0.46455223880597013,-0.1523692883453669,0.9999999995307106,0.9850648279706092,0.7466159342749001,homoscedastic,rbf
0,dinov2_b|2,mae_b16|2,1.0,1.0,536,1024,768,768,0.23248109022525063,0.21666666666666667,0.23248109022525063,,0.275509876571418,0.2333610334667976,0.326085445102148,0.15037313432835822,-0.4430179261991891,0.9999999914681967,0.941926276600585,0.5820188723004078,homoscedastic,rbf
0,dinov2_b|2,vit_sup_b16|2,1.0,1.0,536,1024,768,768,0.6379581609948916,0.5666666666666667,0.6379581609948916,,0.5469683747274777,0.4893606305557654,0.8407470383236806,0.4986940298507463,-0.0680335236191354,0.999999999438938,0.9836858622666157,0.7521002862096161,homoscedastic,rbf
0,mae_b16|2,vit_sup_b16|2,1.0,1.0,536,1024,768,768,0.2252702924174789,0.13333333333333333,0.2252702924174789,,0.2662498142342798,0.08055702450202715,0.3256592831235512,0.1488805970149254,-0.3890897250551091,0.999999991691443,0.9454516330370575,0.5818176003334634,homoscedastic,rbf
0,clip_b16|2,convnext_s|2,10.0,0.1,536,102,768,768,0.33217125603126674,0.23333333333333334,0.33217125603126674,,0.23440942529701997,0.04071919619249075,0.5543889849552067,0.3216417910447761,-0.44973514616570553,0.9999999987892839,0.973697074519427,0.664033991721471,homoscedastic,rbf
0,clip_b16|2,dinov2_b|2,10.0,0.1,536,102,768,768,0.43748599301664726,0.36666666666666664,0.43748599301664726,,0.3189579210637963,0.08383067663871471,0.6730826631775929,0.3895522388059702,-0.2627973442197843,0.9999999987037684,0.9725088259561016,0.6850085131260572,homoscedastic,rbf
0,clip_b16|2,mae_b16|2,10.0,0.1,536,102,768,768,0.17641154558762662,0.1,0.17641154558762662,,0.21851593254353022,0.1263881544156531,0.41216768243224355,0.16735074626865676,-0.3211388375797446,0.9999999910930573,0.9365342674120848,0.5652022480152797,homoscedastic,rbf
0,clip_b16|2,vit_sup_b16|2,10.0,0.1,536,102,768,768,0.46101755838210656,0.2833333333333333,0.46101755838210656,,0.35736870433375767,0.1647654302334366,0.6551715374465814,0.37108208955223876,-0.21645553013980978,0.9999999989258975,0.9763236902788708,0.695123107160509,homoscedastic,rbf
0,convnext_s|2,dinov2_b|2,10.0,0.1,536,102,768,768,0.6013183369953804,0.3333333333333333,0.6013183369953804,,0.5540464484233639,0.06499458588300472,0.7200607331102927,0.3927238805970149,-0.3481523652859302,0.9999999992997302,0.9812143980576654,0.714282727094079,homoscedastic,rbf
0,convnext_s|2,mae_b16|2,10.0,0.1,536,102,768,768,0.032426201183892174,0.11666666666666667,0.032426201183892174,,0.0596765609300581,-0.014983254010223868,0.2810517810471125,0.12574626865671643,-0.5558370045842226,0.9999999915701729,0.9428929940345598,0.5594296248039857,homoscedastic,rbf
0,convnext_s|2,vit_sup_b16|2,10.0,0.1,536,102,768,768,0.6421845616237823,0.4666666666666667,0.6421845616237823,,0.5875455802708462,0.3764448137795573,0.7509958463544991,0.46455223880597013,-0.1523692883453669,0.9999999995307106,0.9850648279706092,0.7466159342749001,homoscedastic,rbf
0,dinov2_b|2,mae_b16|2,10.0,0.1,536,102,768,768,0.14646312906424738,0.18333333333333332,0.14646312906424738,,0.1946715706376535,0.21246002367102318,0.326085445102148,0.15037313432835822,-0.4430179261991891,0.9999999914681967,0.941926276600585,0.5820188723004078,homoscedastic,rbf
0,dinov2_b|2,vit_sup_b16|2,10.0,0.1,536,102,768,768,0.5927542576507157,0.4166666666666667,0.5927542576507157,,0.5063894738371162,0.49918158696582815,0.8407470383236806,0.4986940298507463,-0.0680335236191354,0.999999999438938,0.9836858622666157,0.7521002862096161,homoscedastic,rbf
0,mae_b16|2,vit_sup_b16|2,10.0,0.1,536,102,768,768,0.1329286470240195,0.11666666666666667,0.1329286470240195,,0.1759303573032408,0.05124524690891692,0.3256592831235512,0.1488805970149254,-0.3890897250551091,0.999999991691443,0.9454516330370575,0.5818176003334634,homoscedastic,rbf
0,clip_b16|2,convnext_s|2,10.0,0.25,536,256,768,768,0.35680326889796915,0.2833333333333333,0.35680326889796915,,0.24826850165887776,0.042179748684243665,0.5543889849552067,0.3216417910447761,-0.44973514616570553,0.9999999987892839,0.973697074519427,0.664033991721471,homoscedastic,rbf
0,clip_b16|2,dinov2_b|2,10.0,0.25,536,256,768,768,0.4332138144828179,0.43333333333333335,0.4332138144828179,,0.31157715086842797,0.06902369620508171,0.6730826631775929,0.3895522388059702,-0.2627973442197843,0.9999999987037684,0.9725088259561016,0.6850085131260572,homoscedastic,rbf
0,clip_b16|2,mae_b16|2,10.0,0.25,536,256,768,768,0.22791718865885735,0.16666666666666666,0.22791718865885735,,0.24656105605321907,0.16214650852408655,0.41216768243224355,0.16735074626865676,-0.3211388375797446,0.9999999910930573,0.9365342674120848,0.5652022480152797,homoscedastic,rbf
0,clip_b16|2,vit_sup_b16|2,10.0,0.25,536,256,768,768,0.427849632915647,0.3333333333333333,0.427849632915647,,0.3141116175617758,0.12029412505351161,0.6551715374465814,0.37108208955223876,-0.21645553013980978,0.9999999989258975,0.9763236902788708,0.695123107160509,homoscedastic,rbf
0,convnext_s|2,dinov2_b|2,10.0,0.25,536,256,768,768,0.6494329150914308,0.4,0.6494329150914308,,0.5956822440414236,0.11843066152955102,0.7200607331102927,0.3927238805970149,-0.3481523652859302,0.9999999992997302,0.9812143980576654,0.714282727094079,homoscedastic,rbf
0,convnext_s|2,mae_b16|2,10.0,0.25,536,256,768,768,0.06711129753138202,0.11666666666666667,0.06711129753138202,,0.0726661554681741,0.025660396363727935,0.2810517810471125,0.12574626865671643,-0.5558370045842226,0.9999999915701729,0.9428929940345598,0.5594296248039857,homoscedastic,rbf
0,convnext_s|2,vit_sup_b16|2,10.0,0.25,536,256,768,768,0.6383889955249876,0.48333333333333334,0.6383889955249876,,0.5729705280493426,0.4227292186044169,0.7509958463544991,0.46455223880597013,-0.1523692883453669,0.9999999995307106,0.9850648279706092,0.7466159342749001,homoscedastic,rbf
0,dinov2_b|2,mae_b16|2,10.0,0.25,536,256,768,768,0.19466942963730452,0.16666666666666666,0.19466942963730452,,0.21972980099053727,0.19372466067336505,0.326085445102148,0.15037313432835822,-0.4430179261991891,0.9999999914681967,0.941926276600585,0.5820188723004078,homoscedastic,rbf
0,dinov2_b|2,vit_sup_b16|2,10.0,0.25,536,256,768,768,0.5989598859996833,0.43333333333333335,0.5989598859996833,,0.5083446712874375,0.5038654277152427,0.8407470383236806,0.4986940298507463,-0.0680335236191354,0.999999999438938,0.9836858622666157,0.7521002862096161,homoscedastic,rbf
0,mae_b16|2,vit_sup_b16|2,10.0,0.25,536,256,768,768,0.1683658010161139,0.1,0.1683658010161139,,0.1882011247163135,0.11022134924831911,0.3256592831235512,0.1488805970149254,-0.3890897250551091,0.999999991691443,0.9454516330370575,0.5818176003334634,homoscedastic,rbf
0,clip_b16|2,convnext_s|2,10.0,1.0,536,1024,768,768,0.34704846402351114,0.31666666666666665,0.34704846402351114,,0.228165385260476,0.08997506987988216,0.5543889849552067,0.3216417910447761,-0.44973514616570553,0.9999999987892839,0.973697074519427,0.664033991721471,homoscedastic,rbf
0,clip_b16|2,dinov2_b|2,10.0,1.0,536,1024,768,768,0.438570329362026,0.4666666666666667,0.438570329362026,,0.3079772356511899,0.07159225403540581,0.6730826631775929,0.3895522388059702,-0.2627973442197843,0.9999999987037684,0.9725088259561016,0.6850085131260572,homoscedastic,rbf
0,clip_b16|2,mae_b16|2,10.0,1.0,536,1024,768,768,0.2972706590851641,0.15,0.2972706590851641,,0.3309005617724914,0.1786154969655763,0.41216768243224355,0.16735074626865676,-0.3211388375797446,0.9999999910930573,0.9365342674120848,0.5652022480152797,homoscedastic,rbf
0,clip_b16|2,vit_sup_b16|2,10.0,1.0,536,1024,768,768,0.4370723252009033,0.38333333333333336,0.4370723252009033,,0.31800752495175094,0.13253254765682052,0.6551715374465814,0.37108208955223876,-0.21645553013980978,0.9999999989258975,0.9763236902788708,0.695123107160509,homoscedastic,rbf
0,convnext_s|2,dinov2_b|2,10.0,1.0,536,1024,768,768,0.6882680229667304,0.4166666666666667,0.6882680229667304,,0.6417742592306538,0.05079197199768326,0.7200607331102927,0.3927238805970149,-0.3481523652859302,0.9999999992997302,0.9812143980576654,0.714282727094079,homoscedastic,rbf
0,convnext_s|2,mae_b16|2,10.0,1.0,536,1024,768,768,0.11847910688640802,0.15,0.11847910688640802,,0.1334985192107281,0.08020447734884541,0.2810517810471125,0.12574626865671643,-0.5558370045842226,0.9999999915701729,0.9428929940345598,0.5594296248039857,homoscedastic,rbf
0,convnext_s|2,vit_sup_b16|2,10.0,1.0,536,1024,768,768,0.6605080569668248,0.43333333333333335,0.6605080569668248,,0.6031107151362775,0.4370325602477903,0.7509958463544991,0.46455223880597013,-0.1523692883453669,0.9999999995307106,0.9850648279706092,0.7466159342749001,homoscedastic,rbf
0,dinov2_b|2,mae_b16|2,10.0,1.0,536,1024,768,768,0.2443844010677807,0.2,0.2443844010677807,,0.28108571870902865,0.21648913399310016,0.326085445102148,0.15037313432835822,-0.4430179261991891,0.9999999914681967,0.941926276600585,0.5820188723004078,homoscedastic,rbf
0,dinov2_b|2,vit_sup_b16|2,10.0,1.0,536,1024,768,768,0.6340432612312811,0.5333333333333333,0.6340432612312811,,0.547840399571709,0.4835184205887538,0.8407470383236806,0.4986940298507463,-0.0680335236191354,0.999999999438938,0.9836858622666157,0.7521002862096161,homoscedastic,rbf
0,mae_b16|2,vit_sup_b16|2,10.0,1.0,536,1024,768,768,0.23907683076897435,0.11666666666666667,0.23907683076897435,,0.27532793501457553,0.0885648812671552,0.3256592831235512,0.1488805970149254,-0.3890897250551091,0.999999991691443,0.9454516330370575,0.5818176003334634,homoscedastic,rbf
1,clip_b16|2,convnext_s|2,0.1,0.1,536,102,768,768,0.2891290809141136,0.2833333333333333,0.2917827709796038,0.17034533547029848,0.2854019950920475,0.06187202538339503,0.5589420358845582,0.3145522388059702,-0.4112151525955189,0.99999999869315,0.972823867637129,0.6594075137423191,heteroscedastic,rbf
1,clip_b16|2,dinov2_b|2,0.1,0.1,536,102,768,768,0.42293084147455967,0.25,0.4969416753634451,0.32477039214092795,0.4172383421679534,0.024451663267104833,0.6758439238052085,0.36511194029850746,-0.29070674926385,0.9999999986177059,0.9718244594271079,0.6799123773568807,heteroscedastic,rbf
1,clip_b16|2,mae_b16|2,0.1,0.1,536,102,768,768,0.3062766841019003,0.21666666666666667,0.18763385505616947,0.4083343317194386,0.33275858501562167,0.28468182619425353,0.4143725258423731,0.1757462686567164,-0.26709286516656494,0.9999999907699665,0.9354880417826171,0.5633604380845662,heteroscedastic,rbf
1,clip_b16|2,vit_sup_b16|2,0.1,0.1,536,102,768,768,0.4651778477162436,0.38333333333333336,0.3198469319077746,0.4191314236371471,0.45688326098761123,0.1721689204502531,0.6549391885554671,0.35373134328358213,-0.19662155679537008,0.9999999988458431,0.9757311624742487,0.6918117754040813,heteroscedastic,rbf
1,convnext_s|2,dinov2_b|2,0.1,0.1,536,102,768,768,0.40352162089339133,0.21666666666666667,0.4712918251840611,0.3039425220042901,0.39827881437757506,0.016242350985872935,0.7187630848652822,0.3779850746268657,-0.33964922916737883,0.99999999933912,0.9816246534971923,0.7101070935761554,heteroscedastic,rbf
1,convnext_s|2,mae_b16|2,0.1,0.1,536,102,768,768,0.02253861816282823,0.2,-0.07119772565242014,0.10153796143241456,0.039763785762237054,0.03160333408879152,0.2826605743522328,0.128544776119403,-0.5181240563600178,0.9999999913743258,0.9426585349142769,0.5574796171105764,heteroscedastic,rbf
1,convnext_s|2,vit_sup_b16|2,0.1,0.1,536,102,768,768,0.47681538004272234,0.35,0.5188153235587953,0.3493728599279654,0.46361841222354416,0.35166578529878373,0.756269365557991,0.4671641791044776,-0.12395163955444077,0.9999999995424756,0.9856567765658317,0.7458602449928103,heteroscedastic,rbf
1,dinov2_b|2,mae_b16|2,0.1,0.1,536,102,768,768,0.1622553951538754,0.15,0.11942032100592329,0.2001438793067095,0.22885708683363085,0.090176525395986,0.32560099099740386,0.15951492537313433,-0.4520513008985554,0.9999999913147339,0.9421590237029197,0.5816557263413922,heteroscedastic,rbf
1,dinov2_b|2,vit_sup_b16|2,0.1,0.1,536,102,768,768,0.43865055180708834,0.31666666666666665,0.45161862516558626,0.38371734195268675,0.3766466491139172,0.49046863589433665,0.8478301048469367,0.4882462686567165,-0.0814818566450266,0.9999999994556623,0.9842804983836443,0.7514345575431676,heteroscedastic,rbf
1,mae_b16|2,vit_sup_b16|2,0.1,0.1,536,102,768,768,0.10414506706963074,0.16666666666666666,-0.041893880672951835,0.2198736643618609,0.13614665121383568,0.04036664903930901,0.3165817853363773,0.14085820895522388,-0.34832033321536604,0.9999999914919943,0.9457371085157177,0.5814794959976365,heteroscedastic,rbf
1,clip_b16|2,convnext_s|2,0.1,0.25,536,256,768,768,0.34984213845038453,0.26666666666666666,0.3741831213547889,0.19351906386850456,0.320980470026477,0.07471481453501548,0.5589420358845582,0.3145522388059702,-0.4112151525955189,0.99999999869315,0.972823867637129,0.6594075137423191,heteroscedastic,rbf
1,clip_b16|2,dinov2_b|2,0.1,0.25,536,256,768,768,0.4518015883377453,0.2833333333333333,0.5297557419854103,0.31180114718054364,0.41405155218842515,0.047921230893203395,0.6758439238052085,0.36511194029850746,-0.29070674926385,0.9999999986177059,0.9718244594271079,0.6799123773568807,heteroscedastic,rbf
1,clip_b16|2,mae_b16|2,0.1,0.25,536,256,768,768,0.3425282848007911,0.23333333333333334,0.21535943019822187,0.43335961253123967,0.3760787078712533,0.24660673365062577,0.4143725258423731,0.1757462686567164,-0.26709286516656494,0.9999999907699665,0.9354880417826171,0.5633604380845662,heteroscedastic,rbf
1,clip_b16|2,vit_sup_b16|2,0.1,0.25,536,256,768,768,0.5176415490043028,0.35,0.42596410235858073,0.4211136738681722,0.49189001867925597,0.17881695248168014,0.6549391885554671,0.35373134328358213,-0.19662155679537008,0.9999999988458431,0.9757311624742487,0.6918117754040813,heteroscedastic,rbf
1,convnext_s|2,dinov2_b|2,0.1,0.25,536,256,768,768,0.4688006911130309,0.25,0.5076067681932801,0.4074267079872843,0.43158182540245504,0.04172647377301,0.7187630848652822,0.3779850746268657,-0.33964922916737883,0.99999999933912,0.9816246534971923,0.7101070935761554,heteroscedastic,rbf
1,convnext_s|2,mae_b16|2,0.1,0.25,536,256,768,768,0.056004877791327186,0.16666666666666666,-0.03769282900824737,0.11516851500748858,0.0724780490131751,0.08826269799299942,0.2826605743522328,0.128544776119403,-0.5181240563600178,0.9999999913743258,0.9426585349142769,0.5574796171105764,heteroscedastic,rbf
1,convnext_s|2,vit_sup_b16|2,0.1,0.25,536,256,768,768,0.5246125683682454,0.36666666666666664,0.5370590589579574,0.4327949309354194,0.48765388597227116,0.3830928458109844,0.756269365557991,0.4671641791044776,-0.12395163955444077,0.9999999995424756,0.9856567765658317,0.7458602449928103,heteroscedastic,rbf
1,dinov2_b|2,mae_b16|2,0.1,0.25,536,256,768,768,0.21178114383651064,0.15,0.19960944021741375,0.18797613591902765,0.2702596181176955,0.14482133413915538,0.32560099099740386,0.15951492537313433,-0.4520513008985554,0.9999999913147339,0.9421590237029197,0.5816557263413922,heteroscedastic,rbf
1,dinov2_b|2,vit_sup_b16|2,0.1,0.25,536,256,768,768,0.4925343681510226,0.38333333333333336,0.49810120587938767,0.4560820424829345,0.4097709551534868,0.5124776510286823,0.8478301048469367,0.4882462686567165,-0.0814818566450266,0.9999999994556623,0.9842804983836443,0.7514345575431676,heteroscedastic,rbf
1,mae_b16|2,vit_sup_b16|2,0.1,0.25,536,256,768,768,0.14543234842319003,0.2,0.004664899814370882,0.22552215593310843,0.17348404865353037,0.12251013573065399,0.3165817853363773,0.14085820895522388,-0.34832033321536604,0.9999999914919943,0.9457371085157177,0.5814794959976365,heteroscedastic,rbf
1,clip_b16|2,convnext_s|2,0.1,1.0,536,1024,768,768,0.3653743482620785,0.3,0.3919915835193549,0.18925016037013173,0.29878121119365175,0.06131802271410944,0.5589420358845582,0.3145522388059702,-0.4112151525955189,0.99999999869315,0.972823867637129,0.6594075137423191,heteroscedastic,rbf
1,clip_b16|2,dinov2_b|2,0.1,1.0,536,1024,768,768,0.43084830791196643,0.35,0.5090962581058857,0.2559490546610109,0.3479993691767961,0.06061292840774597,0.6758439238052085,0.36511194029850746,-0.29070674926385,0.9999999986177059,0.9718244594271079,0.6799123773568807,heteroscedastic,rbf
1,clip_b16|2,mae_b16|2,0.1,1.0,536,1024,768,768,0.3174762152117088,0.21666666666666667,0.14452563035094487,0.4222017052713949,0.3885716428016394,0.15670720958928258,0.4143725258423731,0.1757462686567164,-0.26709286516656494,0.9999999907699665,0.9354880417826171,0.5633604380845662,heteroscedastic,rbf
1,clip_b16|2,vit_sup_b16|2,0.1,1.0,536,1024,768,768,0.5337775938266495,0.36666666666666664,0.47847257553976486,0.4166163284581371,0.4792390311723836,0.1820906046183677,0.6549391885554671,0.35373134328358213,-0.19662155679537008,0.9999999988458431,0.9757311624742487,0.6918117754040813,heteroscedastic,rbf
1,convnext_s|2,dinov2_b|2,0.1,1.0,536,1024,768,768,0.5523389787193853,0.36666666666666664,0.5650617568612595,0.4996468645509817,0.4893383673322971,0.061469114351187334,0.7187630848652822,0.3779850746268657,-0.33964922916737883,0.99999999933912,0.9816246534971923,0.7101070935761554,heteroscedastic,rbf
1,convnext_s|2,mae_b16|2,0.1,1.0,536,1024,768,768,0.04721329781471615,0.18333333333333332,-0.04376508831895213,0.09684456929623413,0.0895425641714845,0.05502253783586412,0.2826605743522328,0.128544776119403,-0.5181240563600178,0.9999999913743258,0.9426585349142769,0.5574796171105764,heteroscedastic,rbf
1,convnext_s|2,vit_sup_b16|2,0.1,1.0,536,1024,768,768,0.5830156750435417,0.48333333333333334,0.5836358110899784,0.5120676255083042,0.5252344115830113,0.4180453778550024,0.756269365557991,0.4671641791044776,-0.12395163955444077,0.9999999995424756,0.9856567765658317,0.7458602449928103,heteroscedastic,rbf
1,dinov2_b|2,mae_b16|2,0.1,1.0,536,1024,768,768,0.17020641724004787,0.11666666666666667,0.1750763480395901,0.12680173783414167,0.2566877489487018,0.21976278612978775,0.32560099099740386,0.15951492537313433,-0.4520513008985554,0.9999999913147339,0.9421590237029197,0.5816557263413922,heteroscedastic,rbf
1,dinov2_b|2,vit_sup_b16|2,0.1,1.0,536,1024,768,768,0.5523916455323487,0.4166666666666667,0.5601504657980731,0.4784012082287122,0.45485524067781663,0.5328246581551711,0.8478301048469367,0.4882462686567165,-0.0814818566450266,0.9999999994556623,0.9842804983836443,0.7514345575431676,heteroscedastic,rbf
1,mae_b16|2,vit_sup_b16|2,0.1,1.0,536,1024,768,768,0.17747332631479532,0.16666666666666666,0.044752809911577714,0.21467535416176195,0.23947751101021908,0.17740676386895318,0.3165817853363773,0.14085820895522388,-0.34832033321536604,0.9999999914919943,0.9457371085157177,0.5814794959976365,heteroscedastic,rbf
1,clip_b16|2,convnext_s|2,1.0,0.1,536,102,768,768,0.3128914246984019,0.2833333333333333,0.3663733634346401,0.2323715035192063,0.26322485283135855,0.08836342575105136,0.5589420358845582,0.3145522388059702,-0.4112151525955189,0.99999999869315,0.972823867637129,0.6594075137423191,heteroscedastic,rbf
1,clip_b16|2,dinov2_b|2,1.0,0.1,536,102,768,768,0.4243685121347559,0.3,0.5371219597144018,0.33633714898350325,0.3603186851628509,0.0381002744831407,0.6758439238052085,0.36511194029850746,-0.29070674926385,0.9999999986177059,0.9718244594271079,0.6799123773568807,heteroscedastic,rbf
1,clip_b16|2,mae_b16|2,1.0,0.1,536,102,768,768,0.280512556979325,0.18333333333333332,0.13104222419950254,0.42484079581565903,0.34499814263177725,0.21613658683991843,0.4143725258423731,0.1757462686567164,-0.26709286516656494,0.9999999907699665,0.9354880417826171,0.5633604380845662,heteroscedastic,rbf
1,clip_b16|2,vit_sup_b16|2,1.0,0.1,536,102,768,768,0.46409417803938335,0.35,0.4271351347271303,0.44197617334105227,0.4050353886346018,0.19558812419732569,0.6549391885554671,0.35373134328358213,-0.19662155679537008,0.9999999988458431,0.9757311624742487,0.6918117754040813,heteroscedastic,rbf
1,convnext_s|2,dinov2_b|2,1.0,0.1,536,102,768,768,0.5228617301714726,0.3,0.5374001607743335,0.5087750458768887,0.48453359983160577,0.0553247211100199,0.7187630848652822,0.3779850746268657,-0.33964922916737883,0.99999999933912,0.9816246534971923,0.7101070935761554,heteroscedastic,rbf
1,convnext_s|2,mae_b16|2,1.0,0.1,536,102,768,768,-0.010068083522454228,0.15,-0.08419338136674719,0.10725180191237715,0.02824783306719596,0.02601294351690967,0.2826605743522328,0.128544776119403,-0.5181240563600178,0.9999999913743258,0.9426585349142769,0.5574796171105764,heteroscedastic,rbf
1,convnext_s|2,vit_sup_b16|2,1.0,0.1,536,102,768,768,0.5589122747563187,0.4166666666666667,0.5770873031947654,0.532525185162223,0.5162172462332375,0.3533277933066405,0.756269365557991,0.4671641791044776,-0.12395163955444077,0.9999999995424756,0.9856567765658317,0.7458602449928103,heteroscedastic,rbf
1,dinov2_b|2,mae_b16|2,1.0,0.1,536,102,768,768,0.11311475865210735,0.15,0.1075428610247324,0.17371499330173681,0.19964494810292405,0.17670166956258973,0.32560099099740386,0.15951492537313433,-0.4520513008985554,0.9999999913147339,0.9421590237029197,0.5816557263413922,heteroscedastic,rbf
1,dinov2_b|2,vit_sup_b16|2,1.0,0.1,536,102,768,768,0.5339528165356014,0.4166666666666667,0.5546252633519885,0.5236974971088693,0.43911502270474184,0.5213920576162776,0.8478301048469367,0.4882462686567165,-0.0814818566450266,0.9999999994556623,0.9842804983836443,0.7514345575431676,heteroscedastic,rbf
1,mae_b16|2,vit_sup_b16|2,1.0,0.1,536,102,768,768,0.10586396073322425,0.18333333333333332,-0.012709726847175064,0.25433376368661675,0.17071246456483966,0.07763591951852133,0.3165817853363773,0.14085820895522388,-0.34832033321536604,0.9999999914919943,0.9457371085157177,0.5814794959976365,heteroscedastic,rbf
1,clip_b16|2,convnext_s|2,1.0,0.25,536,256,768,768,0.35552704313067535,0.2833333333333333,0.4163661657909384,0.27625245791488384,0.2675670217866345,0.08821233411397347,0.5589420358845582,0.3145522388059702,-0.4112151525955189,0.99999999869315,0.972823867637129,0.6594075137423191,heteroscedastic,rbf
1,clip_b16|2,dinov2_b|2,1.0,0.25,536,256,768,768,0.43804621679504663,0.38333333333333336,0.5541626732174509,0.32181237658062667,0.3334955985902265,0.07370753695449624,0.6758439238052085,0.36511194029850746,-0.29070674926385,0.9999999986177059,0.9718244594271079,0.6799123773568807,heteroscedastic,rbf
1,clip_b16|2,mae_b16|2,1.0,0.25,536,256,768,768,0.29775316042544564,0.16666666666666666,0.1770970797694813,0.4227256136164784,0.3541122510050614,0.1794213190299917,0.4143725258423731,0.1757462686567164,-0.26709286516656494,0.9999999907699665,0.9354880417826171,0.5633604380845662,heteroscedastic,rbf
1,clip_b16|2,vit_sup_b16|2,1.0,0.25,536,256,768,768,0.48167800466112404,0.38333333333333336,0.45886658947246217,0.4494818027027079,0.39353091806237706,0.17932059127193975,0.6549391885554671,0.35373134328358213,-0.19662155679537008,0.9999999988458431,0.9757311624742487,0.6918117754040813,heteroscedastic,rbf
1,convnext_s|2,dinov2_b|2,1.0,0.25,536,256,768,768,0.5809190025527848,0.36666666666666664,0.5682312361202742,0.6100351348128437,0.5158287035269267,0.10211276472513914,0.7187630848652822,0.3779850746268657,-0.33964922916737883,0.99999999933912,0.9816246534971923,0.7101070935761554,heteroscedastic,rbf
1,convnext_s|2,mae_b16|2,1.0,0.25,536,256,768,768,0.0038493995816655043,0.15,-0.03360140437620332,0.08317156685737935,0.02513440537572954,0.08514013749338975,0.2826605743522328,0.128544776119403,-0.5181240563600178,0.9999999913743258,0.9426585349142769,0.5574796171105764,heteroscedastic,rbf
1,convnext_s|2,vit_sup_b16|2,1.0,0.25,536,256,768,768,0.6062238506218073,0.45,0.5872046202941923,0.6375481424572697,0.5421744728597871,0.4067135050741609,0.756269365557991,0.4671641791044776,-0.12395163955444077,0.9999999995424756,0.9856567765658317,0.7458602449928103,heteroscedastic,rbf
1,dinov2_b|2,mae_b16|2,1.0,0.25,536,256,768,768,0.15118353106536406,0.11666666666666667,0.19668329702761578,0.1485417000043845,0.21372834969645002,0.21704313666238575,0.32560099099740386,0.15951492537313433,-0.4520513008985554,0.9999999913147339,0.9421590237029197,0.5816557263413922,heteroscedastic,rbf
1,dinov2_b|2,vit_sup_b16|2,1.0,0.25,536,256,768,768,0.5637934549818193,0.48333333333333334,0.560402068823851,0.5974328491090904,0.45437276033584667,0.531767016695626,0.8478301048469367,0.4882462686567165,-0.0814818566450266,0.9999999994556623,0.9842804983836443,0.7514345575431676,heteroscedastic,rbf
1,mae_b16|2,vit_sup_b16|2,1.0,0.25,536,256,768,768,0.11777016047266797,0.16666666666666666,0.02933637365637245,0.22130407936373617,0.1578748347662804,0.1474906197275314,0.3165817853363773,0.14085820895522388,-0.34832033321536604,0.9999999914919943,0.9457371085157177,0.5814794959976365,heteroscedastic,rbf
1,clip_b16|2,convnext_s|2,1.0,1.0,536,1024,768,768,0.3491310809196692,0.31666666666666665,0.40859558605623225,0.2570828861541022,0.23840959652706623,0.050086877691319795,0.5589420358845582,0.3145522388059702,-0.4112151525955189,0.99999999869315,0.972823867637129,0.6594075137423191,heteroscedastic,rbf
1,clip_b16|2,dinov2_b|2,1.0,1.0,536,1024,768,768,0.4059738499273609,0.38333333333333336,0.523678091181296,0.2771321547629719,0.28042846350432304,0.10866006899851427,0.6758439238052085,0.36511194029850746,-0.29070674926385,0.9999999986177059,0.9718244594271079,0.6799123773568807,heteroscedastic,rbf
1,clip_b16|2,mae_b16|2,1.0,1.0,536,1024,768,768,0.2881077447437354,0.15,0.1663255948030317,0.4109376758520981,0.35582031310053575,0.15418901563798443,0.4143725258423731,0.1757462686567164,-0.26709286516656494,0.9999999907699665,0.9354880417826171,0.5633604380845662,heteroscedastic,rbf
1,clip_b16|2,vit_sup_b16|2,1.0,1.0,536,1024,768,768,0.4792426645629571,0.43333333333333335,0.46075109613553933,0.4334517712486584,0.380001586690663,0.17090982347460404,0.6549391885554671,0.35373134328358213,-0.19662155679537008,0.9999999988458431,0.9757311624742487,0.6918117754040813,heteroscedastic,rbf
1,convnext_s|2,dinov2_b|2,1.0,1.0,536,1024,768,768,0.6184193289425804,0.4,0.6059271203081203,0.6370622146745163,0.5455851257036219,0.08886706454131098,0.7187630848652822,0.3779850746268657,-0.33964922916737883,0.99999999933912,0.9816246534971923,0.7101070935761554,heteroscedastic,rbf
1,convnext_s|2,mae_b16|2,1.0,1.0,536,1024,768,768,0.021586504406956683,0.15,-0.009535574960538763,0.10189319139773774,0.05331076415492404,0.1406411321800005,0.2826605743522328,0.128544776119403,-0.5181240563600178,0.9999999913743258,0.9426585349142769,0.5574796171105764,heteroscedastic,rbf
1,convnext_s|2,vit_sup_b16|2,1.0,1.0,536,1024,768,768,0.6152870424640068,0.45,0.606421699970221,0.622937355251469,0.5401793576939027,0.4605021278738889,0.756269365557991,0.4671641791044776,-0.12395163955444077,0.9999999995424756,0.9856567765658317,0.7458602449928103,heteroscedastic,rbf
1,dinov2_b|2,mae_b16|2,1.0,1.0,536,1024,768,768,0.14056811268920189,0.15,0.19558487010364786,0.13676437445594938,0.20920084849034548,0.2313968421847851,0.32560099099740386,0.15951492537313433,-0.4520513008985554,0.9999999913147339,0.9421590237029197,0.5816557263413922,heteroscedastic,rbf
1,dinov2_b|2,vit_sup_b16|2,1.0,1.0,536,1024,768,768,0.5757157658771274,0.4666666666666667,0.573388738715829,0.5897065973633111,0.46425293436629794,0.5079449019163457,0.8478301048469367,0.4882462686567165,-0.0814818566450266,0.9999999994556623,0.9842804983836443,0.7514345575431676,heteroscedastic,rbf
1,mae_b16|2,vit_sup_b16|2,1.0,1.0,536,1024,768,768,0.15115319764777124,0.16666666666666666,0.0740613275186676,0.2300814990257706,0.2043252617220818,0.2079272745586865,0.3165817853363773,0.14085820895522388,-0.34832033321536604,0.9999999914919943,0.9457371085157177,0.5814794959976365,heteroscedastic,rbf
1,clip_b16|2,convnext_s|2,10.0,0.1,536,102,768,768,0.32005705571404364,0.26666666666666666,0.3526840022349538,0.30536791016703346,0.23788912500020706,0.06816751026164035,0.5589420358845582,0.3145522388059702,-0.4112151525955189,0.99999999869315,0.972823867637129,0.6594075137423191,heteroscedastic,rbf
1,clip_b16|2,dinov2_b|2,10.0,0.1,536,102,768,768,0.4250277361881561,0.2833333333333333,0.5394241274002705,0.349159498533699,0.31911666719132514,0.04081992395054267,0.6758439238052085,0.36511194029850746,-0.29070674926385,0.9999999986177059,0.9718244594271079,0.6799123773568807,heteroscedastic,rbf
1,clip_b16|2,mae_b16|2,10.0,0.1,536,102,768,768,0.22905474737429823,0.13333333333333333,0.12419430870361362,0.3844953849427735,0.2921890855949486,0.18168769358616002,0.4143725258423731,0.1757462686567164,-0.26709286516656494,0.9999999907699665,0.9354880417826171,0.5633604380845662,heteroscedastic,rbf
1,clip_b16|2,vit_sup_b16|2,10.0,0.1,536,102,768,768,0.42091455809599465,0.38333333333333336,0.4229337236295318,0.4300910500201212,0.31406353135615545,0.16723326030570873,0.6549391885554671,0.35373134328358213,-0.19662155679537008,0.9999999988458431,0.9757311624742487,0.6918117754040813,heteroscedastic,rbf
1,convnext_s|2,dinov2_b|2,10.0,0.1,536,102,768,768,0.5818717829771749,0.38333333333333336,0.539178994166584,0.6053864256911694,0.5372471009470092,0.08675178162222054,0.7187630848652822,0.3779850746268657,-0.33964922916737883,0.99999999933912,0.9816246534971923,0.7101070935761554,heteroscedastic,rbf
1,convnext_s|2,mae_b16|2,10.0,0.1,536,102,768,768,-0.017138992052755698,0.15,-0.09004962150817683,0.139400672311807,0.0148711599860812,-0.005615572511394828,0.2826605743522328,0.128544776119403,-0.5181240563600178,0.9999999913743258,0.9426585349142769,0.5574796171105764,heteroscedastic,rbf
1,convnext_s|2,vit_sup_b16|2,10.0,0.1,536,102,768,768,0.6137812049477915,0.43333333333333335,0.5805040722848305,0.6446024733724142,0.5656723674892707,0.3696960539900783,0.756269365557991,0.4671641791044776,-0.12395163955444077,0.9999999995424756,0.9856567765658317,0.7458602449928103,heteroscedastic,rbf
1,dinov2_b|2,mae_b16|2,10.0,0.1,536,102,768,768,0.10892913591426641,0.18333333333333332,0.1181763237598981,0.19379944978453012,0.17631828351973608,0.2073732718894009,0.32560099099740386,0.15951492537313433,-0.4520513008985554,0.9999999913147339,0.9421590237029197,0.5816557263413922,heteroscedastic,rbf
1,dinov2_b|2,vit_sup_b16|2,10.0,0.1,536,102,768,768,0.5639562887674687,0.48333333333333334,0.5603078974056314,0.5860928585651334,0.45985219887853557,0.5322706554858855,0.8478301048469367,0.4882462686567165,-0.0814818566450266,0.9999999994556623,0.9842804983836443,0.7514345575431676,heteroscedastic,rbf
1,mae_b16|2,vit_sup_b16|2,10.0,0.1,536,102,768,768,0.11020891724699233,0.18333333333333332,-0.001467384789626623,0.291499978077396,0.16988459580365398,0.04500012590969756,0.3165817853363773,0.14085820895522388,-0.34832033321536604,0.9999999914919943,0.9457371085157177,0.5814794959976365,heteroscedastic,rbf
1,clip_b16|2,convnext_s|2,10.0,0.25,536,256,768,768,0.3454334595373876,0.26666666666666666,0.4002473976609186,0.3151758318511139,0.23305715488640036,0.07249880385787313,0.5589420358845582,0.3145522388059702,-0.4112151525955189,0.99999999869315,0.972823867637129,0.6594075137423191,heteroscedastic,rbf
1,clip_b16|2,dinov2_b|2,10.0,0.25,536,256,768,768,0.43706193628315626,0.45,0.5595113941125971,0.35690027225919274,0.30532355523974153,0.09088161970234948,0.6758439238052085,0.36511194029850746,-0.29070674926385,0.9999999986177059,0.9718244594271079,0.6799123773568807,heteroscedastic,rbf
1,clip_b16|2,mae_b16|2,10.0,0.25,536,256,768,768,0.2528391467754077,0.13333333333333333,0.16941492052669138,0.39829517543528936,0.29574731068840365,0.1608370476694115,0.4143725258423731,0.1757462686567164,-0.26709286516656494,0.9999999907699665,0.9354880417826171,0.5633604380845662,heteroscedastic,rbf
1,clip_b16|2,vit_sup_b16|2,10.0,0.25,536,256,768,768,0.435678932441479,0.45,0.43985258938152566,0.4607625882524445,0.31083327884462403,0.1802271410944071,0.6549391885554671,0.35373134328358213,-0.19662155679537008,0.9999999988458431,0.9757311624742487,0.6918117754040813,heteroscedastic,rbf
1,convnext_s|2,dinov2_b|2,10.0,0.25,536,256,768,768,0.6272131867032963,0.35,0.564324919428624,0.6812626526239123,0.5647251308875306,0.10674624159552769,0.7187630848652822,0.3779850746268657,-0.33964922916737883,0.99999999933912,0.9816246534971923,0.7101070935761554,heteroscedastic,rbf
1,convnext_s|2,mae_b16|2,10.0,0.25,536,256,768,768,0.01045719571443254,0.15,-0.03487703171689772,0.14395107880156804,0.022565029946570753,0.06368512502832968,0.2826605743522328,0.128544776119403,-0.5181240563600178,0.9999999913743258,0.9426585349142769,0.5574796171105764,heteroscedastic,rbf
1,convnext_s|2,vit_sup_b16|2,10.0,0.25,536,256,768,768,0.6432097311381421,0.4166666666666667,0.586075282141343,0.7069414225228645,0.5798274360238657,0.41713882803253505,0.756269365557991,0.4671641791044776,-0.12395163955444077,0.9999999995424756,0.9856567765658317,0.7458602449928103,heteroscedastic,rbf
1,dinov2_b|2,mae_b16|2,10.0,0.25,536,256,768,768,0.151629254525707,0.15,0.19098448849374436,0.22015460881556778,0.19499800199503808,0.22419480748407244,0.32560099099740386,0.15951492537313433,-0.4520513008985554,0.9999999913147339,0.9421590237029197,0.5816557263413922,heteroscedastic,rbf
1,dinov2_b|2,vit_sup_b16|2,10.0,0.25,536,256,768,768,0.6052911813643925,0.5166666666666667,0.5544807713286132,0.6819038538820741,0.49881273694159933,0.5315151973004961,0.8478301048469367,0.4882462686567165,-0.0814818566450266,0.9999999994556623,0.9842804983836443,0.7514345575431676,heteroscedastic,rbf
1,mae_b16|2,vit_sup_b16|2,10.0,0.25,536,256,768,768,0.12034772318811995,0.13333333333333333,0.02930186809855147,0.2873707089993546,0.15226863050524922,0.11027171312734507,0.3165817853363773,0.14085820895522388,-0.34832033321536604,0.9999999914919943,0.9457371085157177,0.5814794959976365,heteroscedastic,rbf
1,clip_b16|2,convnext_s|2,10.0,1.0,536,1024,768,768,0.31417403937233157,0.31666666666666665,0.3758685021946074,0.28377540194466067,0.18507629196325764,0.04248193195839944,0.5589420358845582,0.3145522388059702,-0.4112151525955189,0.99999999869315,0.972823867637129,0.6594075137423191,heteroscedastic,rbf
1,clip_b16|2,dinov2_b|2,10.0,1.0,536,1024,768,768,0.3870491306920297,0.45,0.5154747542422516,0.3094558474566568,0.2431191934124672,0.08569414016267533,0.6758439238052085,0.36511194029850746,-0.29070674926385,0.9999999986177059,0.9718244594271079,0.6799123773568807,heteroscedastic,rbf
1,clip_b16|2,mae_b16|2,10.0,1.0,536,1024,768,768,0.26571379364942677,0.15,0.18080031687603934,0.40421790900806776,0.3070659095812111,0.188386089496613,0.4143725258423731,0.1757462686567164,-0.26709286516656494,0.9999999907699665,0.9354880417826171,0.5633604380845662,heteroscedastic,rbf
1,clip_b16|2,vit_sup_b16|2,10.0,1.0,536,1024,768,768,0.41469054080705775,0.4166666666666667,0.41528211618272926,0.44514978444634523,0.2888390028755011,0.15741230389564603,0.6549391885554671,0.35373134328358213,-0.19662155679537008,0.9999999988458431,0.9757311624742487,0.6918117754040813,heteroscedastic,rbf
1,convnext_s|2,dinov2_b|2,10.0,1.0,536,1024,768,768,0.6443791788310522,0.4,0.5899467338422785,0.6917972318313975,0.5786890875792753,0.06242602805268062,0.7187630848652822,0.3779850746268657,-0.33964922916737883,0.99999999933912,0.9816246534971923,0.7101070935761554,heteroscedastic,rbf
1,convnext_s|2,mae_b16|2,10.0,1.0,536,1024,768,768,0.036697268603523896,0.13333333333333333,-0.00326814358840908,0.16949747527004597,0.04769916560800594,0.1617939613709048,0.2826605743522328,0.128544776119403,-0.5181240563600178,0.9999999913743258,0.9426585349142769,0.5574796171105764,heteroscedastic,rbf
1,convnext_s|2,vit_sup_b16|2,10.0,1.0,536,1024,768,768,0.6108900302500839,0.45,0.5703748938999026,0.6547985787450161,0.5344131743257113,0.45294754601999443,0.756269365557991,0.4671641791044776,-0.12395163955444077,0.9999999995424756,0.9856567765658317,0.7458602449928103,heteroscedastic,rbf
1,dinov2_b|2,mae_b16|2,10.0,1.0,536,1024,768,768,0.15521537559826554,0.16666666666666666,0.19854587828416081,0.22891694796020642,0.1958486038181757,0.18596862330336683,0.32560099099740386,0.15951492537313433,-0.4520513008985554,0.9999999913147339,0.9421590237029197,0.5816557263413922,heteroscedastic,rbf
1,dinov2_b|2,vit_sup_b16|2,10.0,1.0,536,1024,768,768,0.5820615612821145,0.4666666666666667,0.5318850224492799,0.6594221536710306,0.47310488044547855,0.4908715469265442,0.8478301048469367,0.4882462686567165,-0.0814818566450266,0.9999999994556623,0.9842804983836443,0.7514345575431676,heteroscedastic,rbf
1,mae_b16|2,vit_sup_b16|2,10.0,1.0,536,1024,768,768,0.15564493234703428,0.15,0.0649489847907768,0.3197139505118858,0.1883244997406697,0.13580619979350808,0.3165817853363773,0.14085820895522388,-0.34832033321536604,0.9999999914919943,0.9457371085157177,0.5814794959976365,heteroscedastic,rbf
1,clip_b16|2,convnext_s|2,0.1,0.1,536,102,768,768,0.23258592384978843,0.18333333333333332,0.23258592384978843,,0.18031760707628589,0.07526881720430106,0.5589420358845582,0.3145522388059702,-0.4112151525955189,0.99999999869315,0.972823867637129,0.6594075137423191,homoscedastic,rbf
1,clip_b16|2,dinov2_b|2,0.1,0.1,536,102,768,768,0.3690188583857177,0.2833333333333333,0.3690188583857177,,0.2910693089060546,0.05461962680365642,0.6758439238052085,0.36511194029850746,-0.29070674926385,0.9999999986177059,0.9718244594271079,0.6799123773568807,homoscedastic,rbf
1,clip_b16|2,mae_b16|2,0.1,0.1,536,102,768,768,0.25104803068897413,0.13333333333333333,0.25104803068897413,,0.28326693673801134,0.2483694694165345,0.4143725258423731,0.1757462686567164,-0.26709286516656494,0.9999999907699665,0.9354880417826171,0.5633604380845662,homoscedastic,rbf
1,clip_b16|2,vit_sup_b16|2,0.1,0.1,536,102,768,768,0.34062277950772085,0.2833333333333333,0.34062277950772085,,0.2610396276185742,0.16975145425700688,0.6549391885554671,0.35373134328358213,-0.19662155679537008,0.9999999988458431,0.9757311624742487,0.6918117754040813,homoscedastic,rbf
1,convnext_s|2,dinov2_b|2,0.1,0.1,536,102,768,768,0.5237614548929302,0.21666666666666667,0.5237614548929302,,0.5091410220067984,0.024250207751000983,0.7187630848652822,0.3779850746268657,-0.33964922916737883,0.99999999933912,0.9816246534971923,0.7101070935761554,homoscedastic,rbf
1,convnext_s|2,mae_b16|2,0.1,0.1,536,102,768,768,0.01869938527607021,0.1,0.01869938527607021,,0.03638241618464548,0.019969278033794162,0.2826605743522328,0.128544776119403,-0.5181240563600178,0.9999999913743258,0.9426585349142769,0.5574796171105764,homoscedastic,rbf
1,convnext_s|2,vit_sup_b16|2,0.1,0.1,536,102,768,768,0.5359657110158639,0.43333333333333335,0.5359657110158639,,0.5015775396423179,0.3652640326357936,0.756269365557991,0.4671641791044776,-0.12395163955444077,0.9999999995424756,0.9856567765658317,0.7458602449928103,homoscedastic,rbf
1,dinov2_b|2,mae_b16|2,0.1,0.1,536,102,768,768,0.15502743063175173,0.15,0.15502743063175173,,0.20170980367920346,0.1441666037118179,0.32560099099740386,0.15951492537313433,-0.4520513008985554,0.9999999913147339,0.9421590237029197,0.5816557263413922,homoscedastic,rbf
1,dinov2_b|2,vit_sup_b16|2,0.1,0.1,536,102,768,768,0.48893691371364917,0.36666666666666664,0.48893691371364917,,0.4049560155708373,0.4936415602729722,0.8478301048469367,0.4882462686567165,-0.0814818566450266,0.9999999994556623,0.9842804983836443,0.7514345575431676,homoscedastic,rbf
1,mae_b16|2,vit_sup_b16|2,0.1,0.1,536,102,768,768,0.10083461342948173,0.18333333333333332,0.10083461342948173,,0.1359717992898731,0.013170154365289214,0.3165817853363773,0.14085820895522388,-0.34832033321536604,0.9999999914919943,0.9457371085157177,0.5814794959976365,homoscedastic,rbf
1,clip_b16|2,convnext_s|2,0.1,0.25,536,256,768,768,0.3249710138083717,0.2,0.3249710138083717,,0.24000638221081647,0.060764020044823855,0.5589420358845582,0.3145522388059702,-0.4112151525955189,0.99999999869315,0.972823867637129,0.6594075137423191,homoscedastic,rbf
1,clip_b16|2,dinov2_b|2,0.1,0.25,536,256,768,768,0.4299438609551693,0.35,0.4299438609551693,,0.32475230884105344,0.07149152627735389,0.6758439238052085,0.36511194029850746,-0.29070674926385,0.9999999986177059,0.9718244594271079,0.6799123773568807,homoscedastic,rbf
1,clip_b16|2,mae_b16|2,0.1,0.25,536,256,768,768,0.24061316836991212,0.13333333333333333,0.24061316836991212,,0.27102483610136613,0.22701518470952634,0.4143725258423731,0.1757462686567164,-0.26709286516656494,0.9999999907699665,0.9354880417826171,0.5633604380845662,homoscedastic,rbf
1,clip_b16|2,vit_sup_b16|2,0.1,0.25,536,256,768,768,0.4271879088553024,0.31666666666666665,0.4271879088553024,,0.3269561058095341,0.15862103699226918,0.6549391885554671,0.35373134328358213,-0.19662155679537008,0.9999999988458431,0.9757311624742487,0.6918117754040813,homoscedastic,rbf
1,convnext_s|2,dinov2_b|2,0.1,0.25,536,256,768,768,0.5832131755921545,0.3,0.5832131755921545,,0.5417853136636606,0.05461962680365642,0.7187630848652822,0.3779850746268657,-0.33964922916737883,0.99999999933912,0.9816246534971923,0.7101070935761554,homoscedastic,rbf
1,convnext_s|2,mae_b16|2,0.1,0.25,536,256,768,768,0.030659085164125455,0.11666666666666667,0.030659085164125455,,0.044459357504332095,0.03230842839515499,0.2826605743522328,0.128544776119403,-0.5181240563600178,0.9999999913743258,0.9426585349142769,0.5574796171105764,homoscedastic,rbf
1,convnext_s|2,vit_sup_b16|2,0.1,0.25,536,256,768,768,0.5977370492695813,0.38333333333333336,0.5977370492695813,,0.5448127410258443,0.3784090050615699,0.756269365557991,0.4671641791044776,-0.12395163955444077,0.9999999995424756,0.9856567765658317,0.7458602449928103,homoscedastic,rbf
1,dinov2_b|2,mae_b16|2,0.1,0.25,536,256,768,768,0.16732635368431578,0.16666666666666666,0.16732635368431578,,0.20535780510206197,0.1892422754400544,0.32560099099740386,0.15951492537313433,-0.4520513008985554,0.9999999913147339,0.9421590237029197,0.5816557263413922,homoscedastic,rbf
1,dinov2_b|2,vit_sup_b16|2,0.1,0.25,536,256,768,768,0.5534639818443939,0.43333333333333335,0.5534639818443939,,0.4570599623810208,0.5103623681095918,0.8478301048469367,0.4882462686567165,-0.0814818566450266,0.9999999994556623,0.9842804983836443,0.7514345575431676,homoscedastic,rbf
1,mae_b16|2,vit_sup_b16|2,0.1,0.25,536,256,768,768,0.11264003511120864,0.1,0.11264003511120864,,0.14136993823812372,0.0573392762710584,0.3165817853363773,0.14085820895522388,-0.34832033321536604,0.9999999914919943,0.9457371085157177,0.5814794959976365,homoscedastic,rbf
1,clip_b16|2,convnext_s|2,0.1,1.0,536,1024,768,768,0.34323600898891377,0.25,0.34323600898891377,,0.22714964122797215,0.06509531364105664,0.5589420358845582,0.3145522388059702,-0.4112151525955189,0.99999999869315,0.972823867637129,0.6594075137423191,homoscedastic,rbf
1,clip_b16|2,dinov2_b|2,0.1,1.0,536,1024,768,768,0.42760063222397837,0.43333333333333335,0.42760063222397837,,0.2976566567086864,0.08070811613910504,0.6758439238052085,0.36511194029850746,-0.29070674926385,0.9999999986177059,0.9718244594271079,0.6799123773568807,homoscedastic,rbf
1,clip_b16|2,mae_b16|2,0.1,1.0,536,1024,768,768,0.20996619435053987,0.1,0.20996619435053987,,0.25707166798139536,0.14648334214701217,0.4143725258423731,0.1757462686567164,-0.26709286516656494,0.9999999907699665,0.9354880417826171,0.5633604380845662,homoscedastic,rbf
1,clip_b16|2,vit_sup_b16|2,0.1,1.0,536,1024,768,768,0.4532862591284975,0.4166666666666667,0.4532862591284975,,0.33741500965442317,0.16642743824129336,0.6549391885554671,0.35373134328358213,-0.19662155679537008,0.9999999988458431,0.9757311624742487,0.6918117754040813,homoscedastic,rbf
1,convnext_s|2,dinov2_b|2,0.1,1.0,536,1024,768,768,0.6256080711335308,0.4,0.6256080711335308,,0.5605650576115512,0.08136284656644255,0.7187630848652822,0.3779850746268657,-0.33964922916737883,0.99999999933912,0.9816246534971923,0.7101070935761554,homoscedastic,rbf
1,convnext_s|2,mae_b16|2,0.1,1.0,536,1024,768,768,0.03742577062714063,0.15,0.03742577062714063,,0.06434230997732125,0.041575382135932114,0.2826605743522328,0.128544776119403,-0.5181240563600178,0.9999999913743258,0.9426585349142769,0.5574796171105764,homoscedastic,rbf
1,convnext_s|2,vit_sup_b16|2,0.1,1.0,536,1024,768,768,0.6232827868966302,0.4666666666666667,0.6232827868966302,,0.5511368476771953,0.42544886807181886,0.756269365557991,0.4671641791044776,-0.12395163955444077,0.9999999995424756,0.9856567765658317,0.7458602449928103,homoscedastic,rbf
1,dinov2_b|2,mae_b16|2,0.1,1.0,536,1024,768,768,0.15510409751138193,0.16666666666666666,0.15510409751138193,,0.210788309765634,0.21528040089647707,0.32560099099740386,0.15951492537313433,-0.4520513008985554,0.9999999913147339,0.9421590237029197,0.5816557263413922,homoscedastic,rbf
1,dinov2_b|2,vit_sup_b16|2,0.1,1.0,536,1024,768,768,0.5880935780377167,0.5833333333333334,0.5880935780377167,,0.47942875591314865,0.5159023948024477,0.8478301048469367,0.4882462686567165,-0.0814818566450266,0.9999999994556623,0.9842804983836443,0.7514345575431676,homoscedastic,rbf
1,mae_b16|2,vit_sup_b16|2,0.1,1.0,536,1024,768,768,0.13962038783441064,0.13333333333333333,0.13962038783441064,,0.18725234689003428,0.10719951650676135,0.3165817853363773,0.14085820895522388,-0.34832033321536604,0.9999999914919943,0.9457371085157177,0.5814794959976365,homoscedastic,rbf
1,clip_b16|2,convnext_s|2,1.0,0.1,536,102,768,768,0.31722282561896004,0.26666666666666666,0.31722282561896004,,0.23692162129577757,0.06564931631034222,0.5589420358845582,0.3145522388059702,-0.4112151525955189,0.99999999869315,0.972823867637129,0.6594075137423191,homoscedastic,rbf
1,clip_b16|2,dinov2_b|2,1.0,0.1,536,102,768,768,0.428608246134017,0.35,0.428608246134017,,0.322271091455532,0.049079600110800536,0.6758439238052085,0.36511194029850746,-0.29070674926385,0.9999999986177059,0.9718244594271079,0.6799123773568807,homoscedastic,rbf
1,clip_b16|2,mae_b16|2,1.0,0.1,536,102,768,768,0.2212975591598865,0.13333333333333333,0.2212975591598865,,0.2738109077007245,0.2001712371886883,0.4143725258423731,0.1757462686567164,-0.26709286516656494,0.9999999907699665,0.9354880417826171,0.5633604380845662,homoscedastic,rbf
1,clip_b16|2,vit_sup_b16|2,1.0,0.1,536,102,768,768,0.41115514209761694,0.38333333333333336,0.41115514209761694,,0.30248639204691147,0.16602452720908567,0.6549391885554671,0.35373134328358213,-0.19662155679537008,0.9999999988458431,0.9757311624742487,0.6918117754040813,homoscedastic,rbf
1,convnext_s|2,dinov2_b|2,1.0,0.1,536,102,768,768,0.586051516809769,0.3333333333333333,0.586051516809769,,0.5469081899092253,0.07934829140540406,0.7187630848652822,0.3779850746268657,-0.33964922916737883,0.99999999933912,0.9816246534971923,0.7101070935761554,homoscedastic,rbf
1,convnext_s|2,mae_b16|2,1.0,0.1,536,102,768,768,0.0039826777296603595,0.15,0.0039826777296603595,,0.03365514230145435,-0.028027498677948178,0.2826605743522328,0.128544776119403,-0.5181240563600178,0.9999999913743258,0.9426585349142769,0.5574796171105764,homoscedastic,rbf
1,convnext_s|2,vit_sup_b16|2,1.0,0.1,536,102,768,768,0.6113038091772477,0.4,0.6113038091772477,,0.5652513820064115,0.3764448137795573,0.756269365557991,0.4671641791044776,-0.12395163955444077,0.9999999995424756,0.9856567765658317,0.7458602449928103,homoscedastic,rbf
1,dinov2_b|2,mae_b16|2,1.0,0.1,536,102,768,768,0.13305414737263158,0.18333333333333332,0.13305414737263158,,0.19449648753001003,0.1862708065775226,0.32560099099740386,0.15951492537313433,-0.4520513008985554,0.9999999913147339,0.9421590237029197,0.5816557263413922,homoscedastic,rbf
1,dinov2_b|2,vit_sup_b16|2,1.0,0.1,536,102,768,768,0.5636678435217876,0.48333333333333334,0.5636678435217876,,0.4641285575459913,0.5186220442698497,0.8478301048469367,0.4882462686567165,-0.0814818566450266,0.9999999994556623,0.9842804983836443,0.7514345575431676,homoscedastic,rbf
1,mae_b16|2,vit_sup_b16|2,1.0,0.1,536,102,768,768,0.1235928988691635,0.2,0.1235928988691635,,0.17684754002646821,0.011457782478406486,0.3165817853363773,0.14085820895522388,-0.34832033321536604,0.9999999914919943,0.9457371085157177,0.5814794959976365,homoscedastic,rbf
1,clip_b16|2,convnext_s|2,1.0,0.25,536,256,768,768,0.3557049325137014,0.26666666666666666,0.3557049325137014,,0.24701656496575453,0.06776459922943265,0.5589420358845582,0.3145522388059702,-0.4112151525955189,0.99999999869315,0.972823867637129,0.6594075137423191,homoscedastic,rbf
1,clip_b16|2,dinov2_b|2,1.0,0.25,536,256,768,768,0.4572541034836207,0.45,0.4572541034836207,,0.32965163046721946,0.0951625494195563,0.6758439238052085,0.36511194029850746,-0.29070674926385,0.9999999986177059,0.9718244594271079,0.6799123773568807,homoscedastic,rbf
1,clip_b16|2,mae_b16|2,1.0,0.25,536,256,768,768,0.23952566534907038,0.1,0.23952566534907038,,0.27709232886695445,0.17211855657122713,0.4143725258423731,0.1757462686567164,-0.26709286516656494,0.9999999907699665,0.9354880417826171,0.5633604380845662,homoscedastic,rbf
1,clip_b16|2,vit_sup_b16|2,1.0,0.25,536,256,768,768,0.4444120122555896,0.4166666666666667,0.4444120122555896,,0.3209861725572718,0.1708090957165521,0.6549391885554671,0.35373134328358213,-0.19662155679537008,0.9999999988458431,0.9757311624742487,0.6918117754040813,homoscedastic,rbf
1,convnext_s|2,dinov2_b|2,1.0,0.25,536,256,768,768,0.633470759640999,0.38333333333333336,0.633470759640999,,0.5762665137874672,0.1193875752310443,0.7187630848652822,0.3779850746268657,-0.33964922916737883,0.99999999933912,0.9816246534971923,0.7101070935761554,homoscedastic,rbf
1,convnext_s|2,mae_b16|2,1.0,0.25,536,256,768,768,0.03286348017633382,0.13333333333333333,0.03286348017633382,,0.04728966224796307,0.035833899926972376,0.2826605743522328,0.128544776119403,-0.5181240563600178,0.9999999913743258,0.9426585349142769,0.5574796171105764,homoscedastic,rbf
1,convnext_s|2,vit_sup_b16|2,1.0,0.25,536,256,768,768,0.6491310809196692,0.38333333333333336,0.6491310809196692,,0.589021379828276,0.41290826219435417,0.756269365557991,0.4671641791044776,-0.12395163955444077,0.9999999995424756,0.9856567765658317,0.7458602449928103,homoscedastic,rbf
1,dinov2_b|2,mae_b16|2,1.0,0.25,536,256,768,768,0.17284120233667313,0.16666666666666666,0.17284120233667313,,0.215752208699989,0.2265115459192667,0.32560099099740386,0.15951492537313433,-0.4520513008985554,0.9999999913147339,0.9421590237029197,0.5816557263413922,homoscedastic,rbf
1,dinov2_b|2,vit_sup_b16|2,1.0,0.25,536,256,768,768,0.6155205431126197,0.5166666666666667,0.6155205431126197,,0.5147816726362788,0.5395734179446502,0.8478301048469367,0.4882462686567165,-0.0814818566450266,0.9999999994556623,0.9842804983836443,0.7514345575431676,homoscedastic,rbf
1,mae_b16|2,vit_sup_b16|2,1.0,0.25,536,256,768,768,0.13810888363578785,0.13333333333333333,0.13810888363578785,,0.17268754381171567,0.09158671400871296,0.3165817853363773,0.14085820895522388,-0.34832033321536604,0.9999999914919943,0.9457371085157177,0.5814794959976365,homoscedastic,rbf
1,clip_b16|2,convnext_s|2,1.0,1.0,536,1024,768,768,0.34487695799155,0.3,0.34487695799155,,0.2215280247215498,0.04303593462768503,0.5589420358845582,0.3145522388059702,-0.4112151525955189,0.99999999869315,0.972823867637129,0.6594075137423191,homoscedastic,rbf
1,clip_b16|2,dinov2_b|2,1.0,1.0,536,1024,768,768,0.4345309848082911,0.5333333333333333,0.4345309848082911,,0.2983353349344858,0.08634887059001285,0.6758439238052085,0.36511194029850746,-0.29070674926385,0.9999999986177059,0.9718244594271079,0.6799123773568807,homoscedastic,rbf
1,clip_b16|2,mae_b16|2,1.0,1.0,536,1024,768,768,0.25051547365409343,0.11666666666666667,0.25051547365409343,,0.2901705438160696,0.1580166704439576,0.4143725258423731,0.1757462686567164,-0.26709286516656494,0.9999999907699665,0.9354880417826171,0.5633604380845662,homoscedastic,rbf
1,clip_b16|2,vit_sup_b16|2,1.0,1.0,536,1024,768,768,0.4347974855485709,0.43333333333333335,0.4347974855485709,,0.30868103583697676,0.17237037596635693,0.6549391885554671,0.35373134328358213,-0.19662155679537008,0.9999999988458431,0.9757311624742487,0.6918117754040813,homoscedastic,rbf
1,convnext_s|2,dinov2_b|2,1.0,1.0,536,1024,768,768,0.6562746563184897,0.38333333333333336,0.6562746563184897,,0.5957093695933119,0.06539749691521242,0.7187630848652822,0.3779850746268657,-0.33964922916737883,0.99999999933912,0.9816246534971923,0.7101070935761554,homoscedastic,rbf
1,convnext_s|2,mae_b16|2,1.0,1.0,536,1024,768,768,0.06880863557954327,0.13333333333333333,0.06880863557954327,,0.08544976534663737,0.13535292488227446,0.2826605743522328,0.128544776119403,-0.5181240563600178,0.9999999913743258,0.9426585349142769,0.5574796171105764,homoscedastic,rbf
1,convnext_s|2,vit_sup_b16|2,1.0,1.0,536,1024,768,768,0.6333202592229422,0.45,0.6333202592229422,,0.5624547530189603,0.4429754979728539,0.756269365557991,0.4671641791044776,-0.12395163955444077,0.9999999995424756,0.9856567765658317,0.7458602449928103,homoscedastic,rbf
1,dinov2_b|2,mae_b16|2,1.0,1.0,536,1024,768,768,0.18588929413692815,0.16666666666666666,0.18588929413692815,,0.23031084688015116,0.1935232051572612,0.32560099099740386,0.15951492537313433,-0.4520513008985554,0.9999999913147339,0.9421590237029197,0.5816557263413922,homoscedastic,rbf
1,dinov2_b|2,vit_sup_b16|2,1.0,1.0,536,1024,768,768,0.6088250245139569,0.55,0.6088250245139569,,0.5069133360579614,0.493994107426154,0.8478301048469367,0.4882462686567165,-0.0814818566450266,0.9999999994556623,0.9842804983836443,0.7514345575431676,homoscedastic,rbf
1,mae_b16|2,vit_sup_b16|2,1.0,1.0,536,1024,768,768,0.18152761535448708,0.16666666666666666,0.18152761535448708,,0.22069229571521468,0.10694769711163155,0.3165817853363773,0.14085820895522388,-0.34832033321536604,0.9999999914919943,0.9457371085157177,0.5814794959976365,homoscedastic,rbf
1,clip_b16|2,convnext_s|2,10.0,0.1,536,102,768,768,0.3352773757704882,0.2833333333333333,0.3352773757704882,,0.2513818522891172,0.05754073178716224,0.5589420358845582,0.3145522388059702,-0.4112151525955189,0.99999999869315,0.972823867637129,0.6594075137423191,homoscedastic,rbf
1,clip_b16|2,dinov2_b|2,10.0,0.1,536,102,768,768,0.444173844927347,0.35,0.444173844927347,,0.3332288896837326,0.05754073178716224,0.6758439238052085,0.36511194029850746,-0.29070674926385,0.9999999986177059,0.9718244594271079,0.6799123773568807,homoscedastic,rbf
1,clip_b16|2,mae_b16|2,10.0,0.1,536,102,768,768,0.2257939049830694,0.13333333333333333,0.2257939049830694,,0.2805891361625258,0.18329933771499082,0.4143725258423731,0.1757462686567164,-0.26709286516656494,0.9999999907699665,0.9354880417826171,0.5633604380845662,homoscedastic,rbf
1,clip_b16|2,vit_sup_b16|2,10.0,0.1,536,102,768,768,0.4241343448176244,0.38333333333333336,0.4241343448176244,,0.31046754626149203,0.1708090957165521,0.6549391885554671,0.35373134328358213,-0.19662155679537008,0.9999999988458431,0.9757311624742487,0.6918117754040813,homoscedastic,rbf
1,convnext_s|2,dinov2_b|2,10.0,0.1,536,102,768,768,0.6008193911649754,0.38333333333333336,0.6008193911649754,,0.5599942651034899,0.08378031275968877,0.7187630848652822,0.3779850746268657,-0.33964922916737883,0.99999999933912,0.9816246534971923,0.7101070935761554,homoscedastic,rbf
1,convnext_s|2,mae_b16|2,10.0,0.1,536,102,768,768,0.008510856974602707,0.15,0.008510856974602707,,0.03783232316981801,-0.02561003248470197,0.2826605743522328,0.128544776119403,-0.5181240563600178,0.9999999913743258,0.9426585349142769,0.5574796171105764,homoscedastic,rbf
1,convnext_s|2,vit_sup_b16|2,10.0,0.1,536,102,768,768,0.6295067486298573,0.4166666666666667,0.6295067486298573,,0.5847458688343167,0.36551585203092346,0.756269365557991,0.4671641791044776,-0.12395163955444077,0.9999999995424756,0.9856567765658317,0.7458602449928103,homoscedastic,rbf
1,dinov2_b|2,mae_b16|2,10.0,0.1,536,102,768,768,0.14130261472948533,0.18333333333333332,0.14130261472948533,,0.202212242878955,0.22303643826647532,0.32560099099740386,0.15951492537313433,-0.4520513008985554,0.9999999913147339,0.9421590237029197,0.5816557263413922,homoscedastic,rbf
1,dinov2_b|2,vit_sup_b16|2,10.0,0.1,536,102,768,768,0.5763628232300645,0.5,0.5763628232300645,,0.4755592805240193,0.5254715318173806,0.8478301048469367,0.4882462686567165,-0.0814818566450266,0.9999999994556623,0.9842804983836443,0.7514345575431676,homoscedastic,rbf
1,mae_b16|2,vit_sup_b16|2,10.0,0.1,536,102,768,768,0.13836771768810466,0.18333333333333332,0.13836771768810466,,0.19399304653430807,0.03019314547606457,0.3165817853363773,0.14085820895522388,-0.34832033321536604,0.9999999914919943,0.9457371085157177,0.5814794959976365,homoscedastic,rbf
1,clip_b16|2,convnext_s|2,10.0,0.25,536,256,768,768,0.35581443281786884,0.26666666666666666,0.35581443281786884,,0.24560457210424425,0.0547707184407343,0.5589420358845582,0.3145522388059702,-0.4112151525955189,0.99999999869315,0.972823867637129,0.6594075137423191,homoscedastic,rbf
1,clip_b16|2,dinov2_b|2,10.0,0.25,536,256,768,768,0.46201928338689824,0.48333333333333334,0.46201928338689824,,0.33234923577803266,0.10070257611241219,0.6758439238052085,0.36511194029850746,-0.29070674926385,0.9999999986177059,0.9718244594271079,0.6799123773568807,homoscedastic,rbf
1,clip_b16|2,mae_b16|2,10.0,0.25,536,256,768,768,0.25415448376245486,0.1,0.25415448376245486,,0.2894238205268683,0.16088741154843747,0.4143725258423731,0.1757462686567164,-0.26709286516656494,0.9999999907699665,0.9354880417826171,0.5633604380845662,homoscedastic,rbf
1,clip_b16|2,vit_sup_b16|2,10.0,0.25,536,256,768,768,0.43475104097511375,0.4166666666666667,0.43475104097511375,,0.30575663933523284,0.1805293243685629,0.6549391885554671,0.35373134328358213,-0.19662155679537008,0.9999999988458431,0.9757311624742487,0.6918117754040813,homoscedastic,rbf
1,convnext_s|2,dinov2_b|2,10.0,0.25,536,256,768,768,0.6437906771963254,0.3333333333333333,0.6437906771963254,,0.5880282147352701,0.11153081010299414,0.7187630848652822,0.3779850746268657,-0.33964922916737883,0.99999999933912,0.9816246534971923,0.7101070935761554,homoscedastic,rbf
1,convnext_s|2,mae_b16|2,10.0,0.25,536,256,768,768,0.045277625771182696,0.13333333333333333,0.045277625771182696,,0.05725861081186737,0.04928105562690439,0.2826605743522328,0.128544776119403,-0.5181240563600178,0.9999999913743258,0.9426585349142769,0.5574796171105764,homoscedastic,rbf
1,convnext_s|2,vit_sup_b16|2,10.0,0.25,536,256,768,768,0.6571407142797618,0.38333333333333336,0.6571407142797618,,0.5994862944488675,0.41446954244415907,0.756269365557991,0.4671641791044776,-0.12395163955444077,0.9999999995424756,0.9856567765658317,0.7458602449928103,homoscedastic,rbf
1,dinov2_b|2,mae_b16|2,10.0,0.25,536,256,768,768,0.18510523640343446,0.16666666666666666,0.18510523640343446,,0.2244162795078515,0.24111707083679587,0.32560099099740386,0.15951492537313433,-0.4520513008985554,0.9999999913147339,0.9421590237029197,0.5816557263413922,homoscedastic,rbf
1,dinov2_b|2,vit_sup_b16|2,10.0,0.25,536,256,768,768,0.6266636296211934,0.5333333333333333,0.6266636296211934,,0.5283170918449225,0.5266299010349776,0.8478301048469367,0.4882462686567165,-0.0814818566450266,0.9999999994556623,0.9842804983836443,0.7514345575431676,homoscedastic,rbf
1,mae_b16|2,vit_sup_b16|2,10.0,0.25,536,256,768,768,0.15488554134872598,0.13333333333333333,0.15488554134872598,,0.18688908026616483,0.10639369444234593,0.3165817853363773,0.14085820895522388,-0.34832033321536604,0.9999999914919943,0.9457371085157177,0.5814794959976365,homoscedastic,rbf
1,clip_b16|2,convnext_s|2,10.0,1.0,536,1024,768,768,0.3331847032908425,0.3,0.3331847032908425,,0.2120854813989803,0.048374505804437064,0.5589420358845582,0.3145522388059702,-0.4112151525955189,0.99999999869315,0.972823867637129,0.6594075137423191,homoscedastic,rbf
1,clip_b16|2,dinov2_b|2,10.0,1.0,536,1024,768,768,0.42357167658799044,0.45,0.42357167658799044,,0.2871971363739818,0.08252121578403969,0.6758439238052085,0.36511194029850746,-0.29070674926385,0.9999999986177059,0.9718244594271079,0.6799123773568807,homoscedastic,rbf
1,clip_b16|2,mae_b16|2,10.0,1.0,536,1024,768,768,0.27133553148758743,0.13333333333333333,0.27133553148758743,,0.30373162441328955,0.18042859661051094,0.4143725258423731,0.1757462686567164,-0.26709286516656494,0.9999999907699665,0.9354880417826171,0.5633604380845662,homoscedastic,rbf
1,clip_b16|2,vit_sup_b16|2,10.0,1.0,536,1024,768,768,0.4209485026347295,0.38333333333333336,0.4209485026347295,,0.2950991487084788,0.1795220467880436,0.6549391885554671,0.35373134328358213,-0.19662155679537008,0.9999999988458431,0.9757311624742487,0.6918117754040813,homoscedastic,rbf
1,convnext_s|2,dinov2_b|2,10.0,1.0,536,1024,768,768,0.6632988980524945,0.36666666666666664,0.6632988980524945,,0.6102673912836585,0.049180327868852465,0.7187630848652822,0.3779850746268657,-0.33964922916737883,0.99999999933912,0.9816246534971923,0.7101070935761554,homoscedastic,rbf
1,convnext_s|2,mae_b16|2,10.0,1.0,536,1024,768,768,0.08320578668274077,0.13333333333333333,0.08320578668274077,,0.09328434910754814,0.13520183324519655,0.2826605743522328,0.128544776119403,-0.5181240563600178,0.9999999913743258,0.9426585349142769,0.5574796171105764,homoscedastic,rbf
1,convnext_s|2,vit_sup_b16|2,10.0,1.0,536,1024,768,768,0.628928358134328,0.43333333333333335,0.628928358134328,,0.5628297329493269,0.44257258694064616,0.756269365557991,0.4671641791044776,-0.12395163955444077,0.9999999995424756,0.9856567765658317,0.7458602449928103,homoscedastic,rbf
1,dinov2_b|2,mae_b16|2,10.0,1.0,536,1024,768,768,0.20171489365248235,0.18333333333333332,0.20171489365248235,,0.2369987595839603,0.17977386618317345,0.32560099099740386,0.15951492537313433,-0.4520513008985554,0.9999999913147339,0.9421590237029197,0.5816557263413922,homoscedastic,rbf
1,dinov2_b|2,vit_sup_b16|2,10.0,1.0,536,1024,768,768,0.6050279028552856,0.55,0.6050279028552856,,0.5078242768218054,0.4864898894512856,0.8478301048469367,0.4882462686567165,-0.0814818566450266,0.9999999994556623,0.9842804983836443,0.7514345575431676,homoscedastic,rbf
1,mae_b16|2,vit_sup_b16|2,10.0,1.0,536,1024,768,768,0.19717904771957698,0.16666666666666666,0.19717904771957698,,0.22856286706911377,0.09581727984689381,0.3165817853363773,0.14085820895522388,-0.34832033321536604,0.9999999914919943,0.9457371085157177,0.5814794959976365,homoscedastic,rbf
2,clip_b16|2,convnext_s|2,0.1,0.1,536,102,768,768,0.250136361489893,0.25,0.1954065913882395,0.2425218088019394,0.24833400370179012,0.023595477323663468,0.5510876525451414,0.3292910447761194,-0.3691732598288753,0.9999999987229508,0.9728966571401894,0.661743856692733,heteroscedastic,rbf
2,clip_b16|2,dinov2_b|2,0.1,0.1,536,102,768,768,0.3532542034838985,0.26666666666666666,0.3746600888050851,0.26878034081410773,0.33616284177761907,0.04434539548236006,0.6604330365010521,0.37089552238805973,-0.21940813690565852,0.9999999986201198,0.9716755194578065,0.6829431081212277,heteroscedastic,rbf
2,clip_b16|2,mae_b16|2,0.1,0.1,536,102,768,768,0.2574035483431898,0.18333333333333332,0.1345477732143778,0.34064794280797556,0.28784475892531797,0.26760847120445214,0.42765486177498185,0.1699626865671642,-0.25537093159319446,0.9999999890141507,0.9335559415675028,0.5609241545405456,heteroscedastic,rbf
2,clip_b16|2,vit_sup_b16|2,0.1,0.1,536,102,768,768,0.4473990205528348,0.3333333333333333,0.3575309548101197,0.4369141463351969,0.4466031391892596,0.16466470247538464,0.6395502027615846,0.3529850746268656,-0.16706513298774106,0.9999999988423912,0.9753601316393571,0.6882269530950581,heteroscedastic,rbf
2,convnext_s|2,dinov2_b|2,0.1,0.1,536,102,768,768,0.3915801432781757,0.21666666666666667,0.3911799840447739,0.3762703590475704,0.3955348182081345,-0.06277857520586236,0.7326989639552435,0.3860074626865672,-0.26691485008664106,0.9999999993192389,0.9815561531921534,0.7105946912656042,heteroscedastic,rbf
2,convnext_s|2,mae_b16|2,0.1,0.1,536,102,768,768,-0.007177075491876367,0.15,-0.1150995781875273,0.11063374757280467,0.013780435379749439,-0.042633023595477326,0.2879943742063283,0.1332089552238806,-0.4987254871191119,0.999999989591042,0.9409781157466552,0.5594986558609023,heteroscedastic,rbf
2,convnext_s|2,vit_sup_b16|2,0.1,0.1,536,102,768,768,0.4965471015197264,0.4166666666666667,0.508658468841032,0.4343398461619664,0.48808804892494,0.37614263050540153,0.7647345401779483,0.45727611940298507,-0.08185441981836272,0.9999999995475866,0.985292005173144,0.7446898006190279,heteroscedastic,rbf
2,dinov2_b|2,mae_b16|2,0.1,0.1,536,102,768,768,0.10842413451148473,0.1,0.04935498868595108,0.13507200528153232,0.17472011073390065,0.15771448716980183,0.3298022277057977,0.1453358208955224,-0.4818902341164363,0.9999999895241601,0.9401899953073831,0.5784206384459979,heteroscedastic,rbf
2,dinov2_b|2,vit_sup_b16|2,0.1,0.1,536,102,768,768,0.4626338962052672,0.3,0.46439215135144074,0.4124518715061722,0.41855277551613773,0.46594142680869277,0.8439657871390386,0.48059701492537316,-0.030231842193838177,0.9999999994405605,0.9838682907666522,0.7510784295882886,heteroscedastic,rbf
2,mae_b16|2,vit_sup_b16|2,0.1,0.1,536,102,768,768,0.08042527895910821,0.15,-0.059126890774274174,0.21010539885315457,0.11704594725567438,0.02888368462138954,0.32436627362740234,0.13414179104477614,-0.36656821946148266,0.9999999897143331,0.943639089608197,0.5792796944723668,heteroscedastic,rbf
2,clip_b16|2,convnext_s|2,0.1,0.25,536,256,768,768,0.33141597615548923,0.26666666666666666,0.2995285498446262,0.2317414730146708,0.3123739639551505,0.04419430384528217,0.5510876525451414,0.3292910447761194,-0.3691732598288753,0.9999999987229508,0.9728966571401894,0.661743856692733,heteroscedastic,rbf
2,clip_b16|2,dinov2_b|2,0.1,0.25,536,256,768,768,0.41391631643421223,0.31666666666666665,0.45872497291223857,0.2856336568104314,0.37367370403919115,0.06051220064969404,0.6604330365010521,0.37089552238805973,-0.21940813690565852,0.9999999986201198,0.9716755194578065,0.6829431081212277,heteroscedastic,rbf
2,clip_b16|2,mae_b16|2,0.1,0.25,536,256,768,768,0.2900124722568674,0.2,0.12587501691581057,0.3681296723422473,0.3337609203946351,0.228828284354461,0.42765486177498185,0.1699626865671642,-0.25537093159319446,0.9999999890141507,0.9335559415675028,0.5609241545405456,heteroscedastic,rbf
2,clip_b16|2,vit_sup_b16|2,0.1,0.25,536,256,768,768,0.5024703957510992,0.3,0.43121146317762765,0.42896224536616195,0.49015328980735423,0.15862103699226918,0.6395502027615846,0.3529850746268656,-0.16706513298774106,0.9999999988423912,0.9753601316393571,0.6882269530950581,heteroscedastic,rbf
2,convnext_s|2,dinov2_b|2,0.1,0.25,536,256,768,768,0.4617175047708466,0.26666666666666666,0.4670652537838849,0.4206003777390338,0.43924248197412674,-0.018609453300093174,0.7326989639552435,0.3860074626865672,-0.26691485008664106,0.9999999993192389,0.9815561531921534,0.7105946912656042,heteroscedastic,rbf
2,convnext_s|2,mae_b16|2,0.1,0.25,536,256,768,768,0.033062814063372394,0.18333333333333332,-0.08458480378827894,0.09842914069815534,0.06223977146106043,-0.027171312734506813,0.2879943742063283,0.1332089552238806,-0.4987254871191119,0.999999989591042,0.9409781157466552,0.5594986558609023,heteroscedastic,rbf
2,convnext_s|2,vit_sup_b16|2,0.1,0.25,536,256,768,768,0.5254124594790541,0.3333333333333333,0.507618270045887,0.45367530361410185,0.5015195125384202,0.37286897836871397,0.7647345401779483,0.45727611940298507,-0.08185441981836272,0.9999999995475866,0.985292005173144,0.7446898006190279,heteroscedastic,rbf
2,dinov2_b|2,mae_b16|2,0.1,0.25,536,256,768,768,0.16298795274431316,0.16666666666666666,0.13870533349891212,0.12785737405184736,0.2336140763736096,0.22268389111329356,0.3298022277057977,0.1453358208955224,-0.4818902341164363,0.9999999895241601,0.9401899953073831,0.5784206384459979,heteroscedastic,rbf
2,dinov2_b|2,vit_sup_b16|2,0.1,0.25,536,256,768,768,0.5018612273922982,0.35,0.5054415444400134,0.4382713929008184,0.44171175486947,0.4850797008385586,0.8439657871390386,0.48059701492537316,-0.030231842193838177,0.9999999994405605,0.9838682907666522,0.7510784295882886,heteroscedastic,rbf
2,mae_b16|2,vit_sup_b16|2,0.1,0.25,536,256,768,768,0.15183525509793078,0.18333333333333332,0.014423143452723164,0.2148367715516651,0.19343265729188583,0.1331369142051321,0.32436627362740234,0.13414179104477614,-0.36656821946148266,0.9999999897143331,0.943639089608197,0.5792796944723668,heteroscedastic,rbf
2,clip_b16|2,convnext_s|2,0.1,1.0,536,1024,768,768,0.35523548676524097,0.26666666666666666,0.3675594919847363,0.21233396420164435,0.29799264365821354,0.06862078517287402,0.5510876525451414,0.3292910447761194,-0.3691732598288753,0.9999999987229508,0.9728966571401894,0.661743856692733,heteroscedastic,rbf
2,clip_b16|2,dinov2_b|2,0.1,1.0,536,1024,768,768,0.42321384226067293,0.3333333333333333,0.48513142933342634,0.2788993679866867,0.3452338729250349,0.08040593286494926,0.6604330365010521,0.37089552238805973,-0.21940813690565852,0.9999999986201198,0.9716755194578065,0.6829431081212277,heteroscedastic,rbf
2,clip_b16|2,mae_b16|2,0.1,1.0,536,1024,768,768,0.30694663040730663,0.18333333333333332,0.1298011024166291,0.42031608205923904,0.3783101698202111,0.19528594092316992,0.42765486177498185,0.1699626865671642,-0.25537093159319446,0.9999999890141507,0.9335559415675028,0.5609241545405456,heteroscedastic,rbf
2,clip_b16|2,vit_sup_b16|2,0.1,1.0,536,1024,768,768,0.5208345578737719,0.3333333333333333,0.4535067261576031,0.4348084592765987,0.4722373251524107,0.17997532169927727,0.6395502027615846,0.3529850746268656,-0.16706513298774106,0.9999999988423912,0.9753601316393571,0.6882269530950581,heteroscedastic,rbf
2,convnext_s|2,dinov2_b|2,0.1,1.0,536,1024,768,768,0.5556484879124665,0.31666666666666665,0.5648266877486041,0.5185209698783421,0.5081425396891326,0.049079600110800536,0.7326989639552435,0.3860074626865672,-0.26691485008664106,0.9999999993192389,0.9815561531921534,0.7105946912656042,heteroscedastic,rbf
2,convnext_s|2,mae_b16|2,0.1,1.0,536,1024,768,768,0.051893421926172016,0.16666666666666666,-0.039240187616782,0.10197194521080469,0.09739787740244635,0.06292966684294024,0.2879943742063283,0.1332089552238806,-0.4987254871191119,0.999999989591042,0.9409781157466552,0.5594986558609023,heteroscedastic,rbf
2,convnext_s|2,vit_sup_b16|2,0.1,1.0,536,1024,768,768,0.5788654968486024,0.45,0.5678764758539272,0.5302066952470398,0.5290584208482367,0.40701568834831653,0.7647345401779483,0.45727611940298507,-0.08185441981836272,0.9999999995475866,0.985292005173144,0.7446898006190279,heteroscedastic,rbf
2,dinov2_b|2,mae_b16|2,0.1,1.0,536,1024,768,768,0.17170853252370144,0.1,0.16748117155714057,0.13917725723927668,0.2608173059788068,0.25723351212510387,0.3298022277057977,0.1453358208955224,-0.4818902341164363,0.9999999895241601,0.9401899953073831,0.5784206384459979,heteroscedastic,rbf
2,dinov2_b|2,vit_sup_b16|2,0.1,1.0,536,1024,768,768,0.5454464595734988,0.45,0.552105998198163,0.49057677114393256,0.4559834941016758,0.5112185540530332,0.8439657871390386,0.48059701492537316,-0.030231842193838177,0.9999999994405605,0.9838682907666522,0.7510784295882886,heteroscedastic,rbf
2,mae_b16|2,vit_sup_b16|2,0.1,1.0,536,1024,768,768,0.176309323081453,0.18333333333333332,0.046005792979952095,0.23159960444361408,0.24007327135581405,0.2136183928886203,0.32436627362740234,0.13414179104477614,-0.36656821946148266,0.9999999897143331,0.943639089608197,0.5792796944723668,heteroscedastic,rbf
2,clip_b16|2,convnext_s|2,1.0,0.1,536,102,768,768,0.27884199678332433,0.21666666666666667,0.2777760305345432,0.31071534992804634,0.23492797029320525,0.0387550049104782,0.5510876525451414,0.3292910447761194,-0.3691732598288753,0.9999999987229508,0.9728966571401894,0.661743856692733,heteroscedastic,rbf
2,clip_b16|2,dinov2_b|2,1.0,0.1,536,102,768,768,0.3630697863049619,0.31666666666666665,0.4614782288800377,0.31651743936165844,0.2767759925303011,0.0849386819772859,0.6604330365010521,0.37089552238805973,-0.21940813690565852,0.9999999986201198,0.9716755194578065,0.6829431081212277,heteroscedastic,rbf
2,clip_b16|2,mae_b16|2,1.0,0.1,536,102,768,768,0.1990665529626471,0.18333333333333332,0.08993208695184911,0.3021099598718603,0.2610721474563495,0.18773135906927552,0.42765486177498185,0.1699626865671642,-0.25537093159319446,0.9999999890141507,0.9335559415675028,0.5609241545405456,heteroscedastic,rbf
2,clip_b16|2,vit_sup_b16|2,1.0,0.1,536,102,768,768,0.4690821918949774,0.2833333333333333,0.453119257497905,0.49391906062898605,0.4183322262845904,0.16466470247538464,0.6395502027615846,0.3529850746268656,-0.16706513298774106,0.9999999988423912,0.9753601316393571,0.6882269530950581,heteroscedastic,rbf
2,convnext_s|2,dinov2_b|2,1.0,0.1,536,102,768,768,0.49941655393487194,0.25,0.45069092886625345,0.5700946637589194,0.4774034327462976,-0.023595477323663468,0.7326989639552435,0.3860074626865672,-0.26691485008664106,0.9999999993192389,0.9815561531921534,0.7105946912656042,heteroscedastic,rbf
2,convnext_s|2,mae_b16|2,1.0,0.1,536,102,768,768,-0.0037837327325909234,0.13333333333333333,-0.07703024322284785,0.12387500038399464,0.03575729551158039,-0.024401299388078872,0.2879943742063283,0.1332089552238806,-0.4987254871191119,0.999999989591042,0.9409781157466552,0.5594986558609023,heteroscedastic,rbf
2,convnext_s|2,vit_sup_b16|2,1.0,0.1,536,102,768,768,0.551249475692988,0.43333333333333335,0.5473769396122188,0.5611144949185637,0.518999541832475,0.393064893858125,0.7647345401779483,0.45727611940298507,-0.08185441981836272,0.9999999995475866,0.985292005173144,0.7446898006190279,heteroscedastic,rbf
2,dinov2_b|2,mae_b16|2,1.0,0.1,536,102,768,768,0.09374181594948876,0.1,0.09378916133702567,0.14776421555197905,0.18323013614907863,0.20495580569615474,0.3298022277057977,0.1453358208955224,-0.4818902341164363,0.9999999895241601,0.9401899953073831,0.5784206384459979,heteroscedastic,rbf
2,dinov2_b|2,vit_sup_b16|2,1.0,0.1,536,102,768,768,0.5268742968730469,0.36666666666666664,0.5355627398203663,0.5444091914077914,0.44599096480232303,0.4685099846390169,0.8439657871390386,0.48059701492537316,-0.030231842193838177,0.9999999994405605,0.9838682907666522,0.7510784295882886,heteroscedastic,rbf
2,mae_b16|2,vit_sup_b16|2,1.0,0.1,536,102,768,768,0.109832916202545,0.16666666666666666,0.0031847551570083755,0.2606273662797955,0.17926209945067287,0.026869129460351037,0.32436627362740234,0.13414179104477614,-0.36656821946148266,0.9999999897143331,0.943639089608197,0.5792796944723668,heteroscedastic,rbf
2,clip_b16|2,convnext_s|2,1.0,0.25,536,256,768,768,0.33134664262956287,0.25,0.32945565146223593,0.32241112897500795,0.2613938780788898,0.07683009745410593,0.5510876525451414,0.3292910447761194,-0.3691732598288753,0.9999999987229508,0.9728966571401894,0.661743856692733,heteroscedastic,rbf
2,clip_b16|2,dinov2_b|2,1.0,0.25,536,256,768,768,0.40853863482954117,0.35,0.4985939883770186,0.33749388052152896,0.30820071320936154,0.05990783410138249,0.6604330365010521,0.37089552238805973,-0.21940813690565852,0.9999999986201198,0.9716755194578065,0.6829431081212277,heteroscedastic,rbf
2,clip_b16|2,mae_b16|2,1.0,0.25,536,256,768,768,0.23966455462376282,0.16666666666666666,0.10495206872500705,0.35837648735093675,0.30183214223005705,0.1726725592405127,0.42765486177498185,0.1699626865671642,-0.25537093159319446,0.9999999890141507,0.9335559415675028,0.5609241545405456,heteroscedastic,rbf
2,clip_b16|2,vit_sup_b16|2,1.0,0.25,536,256,768,768,0.4778944385956627,0.3,0.44949293903065624,0.48740818687777154,0.41668280778282946,0.14925335549344013,0.6395502027615846,0.3529850746268656,-0.16706513298774106,0.9999999988423912,0.9753601316393571,0.6882269530950581,heteroscedastic,rbf
2,convnext_s|2,dinov2_b|2,1.0,0.25,536,256,768,768,0.556502545840405,0.2833333333333333,0.5134730724557409,0.607969662467301,0.509148728129494,0.02142983052554708,0.7326989639552435,0.3860074626865672,-0.26691485008664106,0.9999999993192389,0.9815561531921534,0.7105946912656042,heteroscedastic,rbf
2,convnext_s|2,mae_b16|2,1.0,0.25,536,256,768,768,0.016403934455373484,0.13333333333333333,-0.05390325252622917,0.11477586301751656,0.05469516909718418,0.012465060058925738,0.2879943742063283,0.1332089552238806,-0.4987254871191119,0.999999989591042,0.9409781157466552,0.5594986558609023,heteroscedastic,rbf
2,convnext_s|2,vit_sup_b16|2,1.0,0.25,536,256,768,768,0.578043772343812,0.45,0.5472590456229969,0.6080919822195114,0.5301194768821905,0.37437989473949285,0.7647345401779483,0.45727611940298507,-0.08185441981836272,0.9999999995475866,0.985292005173144,0.7446898006190279,heteroscedastic,rbf
2,dinov2_b|2,mae_b16|2,1.0,0.25,536,256,768,768,0.13559409887249685,0.16666666666666666,0.16795490411139113,0.14615004165294757,0.21385342006779923,0.2658960993175694,0.3298022277057977,0.1453358208955224,-0.4818902341164363,0.9999999895241601,0.9401899953073831,0.5784206384459979,heteroscedastic,rbf
2,dinov2_b|2,vit_sup_b16|2,1.0,0.25,536,256,768,768,0.551257142380951,0.4,0.5369774676910265,0.5885342267702084,0.4699543863038464,0.5077938102792678,0.8439657871390386,0.48059701492537316,-0.030231842193838177,0.9999999994405605,0.9838682907666522,0.7510784295882886,heteroscedastic,rbf
2,mae_b16|2,vit_sup_b16|2,1.0,0.25,536,256,768,768,0.1605381126058683,0.2,0.07143099760060571,0.25576250307544807,0.21390350986532042,0.18178842134421194,0.32436627362740234,0.13414179104477614,-0.36656821946148266,0.9999999897143331,0.943639089608197,0.5792796944723668,heteroscedastic,rbf
2,clip_b16|2,convnext_s|2,1.0,1.0,536,1024,768,768,0.3367106575296042,0.31666666666666665,0.38355389633344306,0.2678045754848316,0.2373678057998514,0.08957215884767446,0.5510876525451414,0.3292910447761194,-0.3691732598288753,0.9999999987229508,0.9728966571401894,0.661743856692733,heteroscedastic,rbf
2,clip_b16|2,dinov2_b|2,1.0,1.0,536,1024,768,768,0.3921816449490137,0.36666666666666664,0.5028924463559884,0.289969026292882,0.2717888981666325,0.09269471934728413,0.6604330365010521,0.37089552238805973,-0.21940813690565852,0.9999999986201198,0.9716755194578065,0.6829431081212277,heteroscedastic,rbf
2,clip_b16|2,mae_b16|2,1.0,1.0,536,1024,768,768,0.2821691726921463,0.16666666666666666,0.16279847981451825,0.4023630053683849,0.35186676391279764,0.19573921583440357,0.42765486177498185,0.1699626865671642,-0.25537093159319446,0.9999999890141507,0.9335559415675028,0.5609241545405456,heteroscedastic,rbf
2,clip_b16|2,vit_sup_b16|2,1.0,1.0,536,1024,768,768,0.4657117936438712,0.36666666666666664,0.4341534214147602,0.45253365259347195,0.37608441040204804,0.1625494195562942,0.6395502027615846,0.3529850746268656,-0.16706513298774106,0.9999999988423912,0.9753601316393571,0.6882269530950581,heteroscedastic,rbf
2,convnext_s|2,dinov2_b|2,1.0,1.0,536,1024,768,768,0.6223143397620547,0.36666666666666664,0.6064030094597347,0.6487552010330713,0.5648197620742322,0.08000302183274156,0.7326989639552435,0.3860074626865672,-0.26691485008664106,0.9999999993192389,0.9815561531921534,0.7105946912656042,heteroscedastic,rbf
2,convnext_s|2,mae_b16|2,1.0,1.0,536,1024,768,768,0.036288489690249136,0.13333333333333333,0.009574034280193397,0.10877996100848446,0.07213905667579674,0.1422527763088313,0.2879943742063283,0.1332089552238806,-0.4987254871191119,0.999999989591042,0.9409781157466552,0.5594986558609023,heteroscedastic,rbf
2,convnext_s|2,vit_sup_b16|2,1.0,1.0,536,1024,768,768,0.6151188197744992,0.43333333333333335,0.5973154676015278,0.6405173287711975,0.5513033769886467,0.42836997305532476,0.7647345401779483,0.45727611940298507,-0.08185441981836272,0.9999999995475866,0.985292005173144,0.7446898006190279,heteroscedastic,rbf
2,dinov2_b|2,mae_b16|2,1.0,1.0,536,1024,768,768,0.14860224611735032,0.13333333333333333,0.2018098883942893,0.1563863617386049,0.22331268567661813,0.2696230263654907,0.3298022277057977,0.1453358208955224,-0.4818902341164363,0.9999999895241601,0.9401899953073831,0.5784206384459979,heteroscedastic,rbf
2,dinov2_b|2,vit_sup_b16|2,1.0,1.0,536,1024,768,768,0.5661389614971152,0.4166666666666667,0.5528158781637508,0.6023463050917133,0.4630725875530166,0.4962101181032963,0.8439657871390386,0.48059701492537316,-0.030231842193838177,0.9999999994405605,0.9838682907666522,0.7510784295882886,heteroscedastic,rbf
2,mae_b16|2,vit_sup_b16|2,1.0,1.0,536,1024,768,768,0.16237672882424672,0.11666666666666667,0.08372683747037599,0.2514740507582288,0.21794028517817074,0.22429553524212434,0.32436627362740234,0.13414179104477614,-0.36656821946148266,0.9999999897143331,0.943639089608197,0.5792796944723668,heteroscedastic,rbf
2,clip_b16|2,convnext_s|2,10.0,0.1,536,102,768,768,0.31086458573496034,0.25,0.28245980057584746,0.3734553291336885,0.24546979201829858,0.05270579940066985,0.5510876525451414,0.3292910447761194,-0.3691732598288753,0.9999999987229508,0.9728966571401894,0.661743856692733,heteroscedastic,rbf
2,clip_b16|2,dinov2_b|2,10.0,0.1,536,102,768,768,0.3904089178025494,0.35,0.4812473974812021,0.34202306257939963,0.27660823023921843,0.09622019087910151,0.6604330365010521,0.37089552238805973,-0.21940813690565852,0.9999999986201198,0.9716755194578065,0.6829431081212277,heteroscedastic,rbf
2,clip_b16|2,mae_b16|2,10.0,0.1,536,102,768,768,0.15927894244150675,0.11666666666666667,0.08184664400202649,0.2875231897863565,0.22098204592856832,0.15585102364584122,0.42765486177498185,0.1699626865671642,-0.25537093159319446,0.9999999890141507,0.9335559415675028,0.5609241545405456,heteroscedastic,rbf
2,clip_b16|2,vit_sup_b16|2,10.0,0.1,536,102,768,768,0.4475734099261387,0.31666666666666665,0.436602237721368,0.4813240359150899,0.3661590014313737,0.12658960993175694,0.6395502027615846,0.3529850746268656,-0.16706513298774106,0.9999999988423912,0.9753601316393571,0.6882269530950581,heteroscedastic,rbf
2,convnext_s|2,dinov2_b|2,10.0,0.1,536,102,768,768,0.5632292867480188,0.2833333333333333,0.4536893180677391,0.6578671847662199,0.5330316977100754,0.025307849210546195,0.7326989639552435,0.3860074626865672,-0.26691485008664106,0.9999999993192389,0.9815561531921534,0.7105946912656042,heteroscedastic,rbf
2,convnext_s|2,mae_b16|2,10.0,0.1,536,102,768,768,0.03691732477034658,0.13333333333333333,-0.05857120752019878,0.2075249547654295,0.07860102586217159,0.010803052051068972,0.2879943742063283,0.1332089552238806,-0.4987254871191119,0.999999989591042,0.9409781157466552,0.5594986558609023,heteroscedastic,rbf
2,convnext_s|2,vit_sup_b16|2,10.0,0.1,536,102,768,768,0.6071585754404873,0.45,0.5519147798985716,0.6610458227106447,0.571114816643021,0.42499559316058527,0.7647345401779483,0.45727611940298507,-0.08185441981836272,0.9999999995475866,0.985292005173144,0.7446898006190279,heteroscedastic,rbf
2,dinov2_b|2,mae_b16|2,10.0,0.1,536,102,768,768,0.12350200972780477,0.15,0.11802428364574942,0.22159787018411356,0.20864554528890233,0.20495580569615474,0.3298022277057977,0.1453358208955224,-0.4818902341164363,0.9999999895241601,0.9401899953073831,0.5784206384459979,heteroscedastic,rbf
2,dinov2_b|2,vit_sup_b16|2,10.0,0.1,536,102,768,768,0.5764169900471946,0.3333333333333333,0.5241266634329688,0.6472488249065356,0.49345351391296144,0.45214172395557906,0.8439657871390386,0.48059701492537316,-0.030231842193838177,0.9999999994405605,0.9838682907666522,0.7510784295882886,heteroscedastic,rbf
2,mae_b16|2,vit_sup_b16|2,10.0,0.1,536,102,768,768,0.13453237370103804,0.2,0.009504304298763498,0.3302300979758873,0.20523658779206058,-0.01191105738964015,0.32436627362740234,0.13414179104477614,-0.36656821946148266,0.9999999897143331,0.943639089608197,0.5792796944723668,heteroscedastic,rbf
2,clip_b16|2,convnext_s|2,10.0,0.25,536,256,768,768,0.31334448151244865,0.21666666666666667,0.31819929152182275,0.350234683570251,0.21701793935273728,0.08075848001813099,0.5510876525451414,0.3292910447761194,-0.3691732598288753,0.9999999987229508,0.9728966571401894,0.661743856692733,heteroscedastic,rbf
2,clip_b16|2,dinov2_b|2,10.0,0.25,536,256,768,768,0.39236147878188543,0.3333333333333333,0.4956444820491126,0.35747556607095826,0.2678929137154304,0.05703709299690263,0.6604330365010521,0.37089552238805973,-0.21940813690565852,0.9999999986201198,0.9716755194578065,0.6829431081212277,heteroscedastic,rbf
2,clip_b16|2,mae_b16|2,10.0,0.25,536,256,768,768,0.21057475159653216,0.11666666666666667,0.11667281596442765,0.3590171300714174,0.2549584179545877,0.15428974339603638,0.42765486177498185,0.1699626865671642,-0.25537093159319446,0.9999999890141507,0.9335559415675028,0.5609241545405456,heteroscedastic,rbf
2,clip_b16|2,vit_sup_b16|2,10.0,0.25,536,256,768,768,0.4327290353584315,0.23333333333333334,0.4110688437996299,0.48888216781879024,0.3421075760086669,0.14190022915564957,0.6395502027615846,0.3529850746268656,-0.16706513298774106,0.9999999988423912,0.9753601316393571,0.6882269530950581,heteroscedastic,rbf
2,convnext_s|2,dinov2_b|2,10.0,0.25,536,256,768,768,0.5913435870655196,0.3333333333333333,0.5145240542377049,0.6725327086647904,0.5345575100037995,0.06710986880209514,0.7326989639552435,0.3860074626865672,-0.26691485008664106,0.9999999993192389,0.9815561531921534,0.7105946912656042,heteroscedastic,rbf
2,convnext_s|2,mae_b16|2,10.0,0.25,536,256,768,768,0.0345216514490318,0.15,-0.03180423990636054,0.18061907758060466,0.06130116571673934,0.03326534209664829,0.2879943742063283,0.1332089552238806,-0.4987254871191119,0.999999989591042,0.9409781157466552,0.5594986558609023,heteroscedastic,rbf
2,convnext_s|2,vit_sup_b16|2,10.0,0.25,536,256,768,768,0.5998856107933632,0.4166666666666667,0.5429077510086137,0.6600868135118084,0.5416603203535383,0.40248293923598,0.7647345401779483,0.45727611940298507,-0.08185441981836272,0.9999999995475866,0.985292005173144,0.7446898006190279,heteroscedastic,rbf
2,dinov2_b|2,mae_b16|2,10.0,0.25,536,256,768,768,0.15436998436106766,0.16666666666666666,0.18584783300603974,0.23607963518552802,0.21212177723687645,0.27027775679282817,0.3298022277057977,0.1453358208955224,-0.4818902341164363,0.9999999895241601,0.9401899953073831,0.5784206384459979,heteroscedastic,rbf
2,dinov2_b|2,vit_sup_b16|2,10.0,0.25,536,256,768,768,0.5682297450826252,0.38333333333333336,0.5068541157133098,0.6602275650075026,0.47798979162220384,0.4812520460325855,0.8439657871390386,0.48059701492537316,-0.030231842193838177,0.9999999994405605,0.9838682907666522,0.7510784295882886,heteroscedastic,rbf
2,mae_b16|2,vit_sup_b16|2,10.0,0.25,536,256,768,768,0.17904705290848028,0.18333333333333332,0.07907505695663496,0.3538126759568239,0.2242019722356876,0.11722192843292789,0.32436627362740234,0.13414179104477614,-0.36656821946148266,0.9999999897143331,0.943639089608197,0.5792796944723668,heteroscedastic,rbf
2,clip_b16|2,convnext_s|2,10.0,1.0,536,1024,768,768,0.3135340931502587,0.2833333333333333,0.3575748056231839,0.3081013935794418,0.195703574589045,0.08569414016267533,0.5510876525451414,0.3292910447761194,-0.3691732598288753,0.9999999987229508,0.9728966571401894,0.661743856692733,heteroscedastic,rbf
2,clip_b16|2,dinov2_b|2,10.0,1.0,536,1024,768,768,0.3787664965736016,0.4166666666666667,0.500096777306701,0.32340700166081177,0.23961298464720732,0.07970083855858577,0.6604330365010521,0.37089552238805973,-0.21940813690565852,0.9999999986201198,0.9716755194578065,0.6829431081212277,heteroscedastic,rbf
2,clip_b16|2,mae_b16|2,10.0,1.0,536,1024,768,768,0.2688043577898827,0.13333333333333333,0.18595781947159412,0.4066598357508241,0.3133695950074189,0.2303895646042658,0.42765486177498185,0.1699626865671642,-0.25537093159319446,0.9999999890141507,0.9335559415675028,0.5609241545405456,heteroscedastic,rbf
2,clip_b16|2,vit_sup_b16|2,10.0,1.0,536,1024,768,768,0.4101953060980724,0.36666666666666664,0.3970114233165197,0.46743152816747413,0.29306511762298165,0.1511168190174007,0.6395502027615846,0.3529850746268656,-0.16706513298774106,0.9999999988423912,0.9753601316393571,0.6882269530950581,heteroscedastic,rbf
2,convnext_s|2,dinov2_b|2,10.0,1.0,536,1024,768,768,0.6541117058658495,0.35,0.5918445395224323,0.7112633871009632,0.6020346321630673,0.08690287325929842,0.7326989639552435,0.3860074626865672,-0.26691485008664106,0.9999999993192389,0.9815561531921534,0.7105946912656042,heteroscedastic,rbf
2,convnext_s|2,mae_b16|2,10.0,1.0,536,1024,768,768,0.0586448851246809,0.11666666666666667,0.019320057200150748,0.18304536526828377,0.07892429770925098,0.16340560549973557,0.2879943742063283,0.1332089552238806,-0.4987254871191119,0.999999989591042,0.9409781157466552,0.5594986558609023,heteroscedastic,rbf
2,convnext_s|2,vit_sup_b16|2,10.0,1.0,536,1024,768,768,0.6236124544790401,0.48333333333333334,0.5711724754916189,0.6764251577659498,0.5577356005414168,0.4397018458361663,0.7647345401779483,0.45727611940298507,-0.08185441981836272,0.9999999995475866,0.985292005173144,0.7446898006190279,heteroscedastic,rbf
2,dinov2_b|2,mae_b16|2,10.0,1.0,536,1024,768,768,0.17221847838466214,0.15,0.21285741782330678,0.2446945203822967,0.22181423011846352,0.21351766513056836,0.3298022277057977,0.1453358208955224,-0.4818902341164363,0.9999999895241601,0.9401899953073831,0.5784206384459979,heteroscedastic,rbf
2,dinov2_b|2,vit_sup_b16|2,10.0,1.0,536,1024,768,768,0.579519943110953,0.45,0.5110242561491329,0.6816597729153349,0.47705627191886185,0.47898567147641713,0.8439657871390386,0.48059701492537316,-0.030231842193838177,0.9999999994405605,0.9838682907666522,0.7510784295882886,heteroscedastic,rbf
2,mae_b16|2,vit_sup_b16|2,10.0,1.0,536,1024,768,768,0.16961041558448772,0.13333333333333333,0.0774310108996228,0.34405111290029344,0.20770547538126907,0.16103850318551535,0.32436627362740234,0.13414179104477614,-0.36656821946148266,0.9999999897143331,0.943639089608197,0.5792796944723668,heteroscedastic,rbf
2,clip_b16|2,convnext_s|2,0.1,0.1,536,102,768,768,0.2516773102147506,0.18333333333333332,0.2516773102147506,,0.21666214766788258,0.046309586764372586,0.5510876525451414,0.3292910447761194,-0.3691732598288753,0.9999999987229508,0.9728966571401894,0.661743856692733,homoscedastic,rbf
2,clip_b16|2,dinov2_b|2,0.1,0.1,536,102,768,768,0.3331395364987124,0.2833333333333333,0.3331395364987124,,0.253665484688724,0.05018760544937171,0.6604330365010521,0.37089552238805973,-0.21940813690565852,0.9999999986201198,0.9716755194578065,0.6829431081212277,homoscedastic,rbf
2,clip_b16|2,mae_b16|2,0.1,0.1,536,102,768,768,0.18665296292489697,0.11666666666666667,0.18665296292489697,,0.21964040996726863,0.19740122384226036,0.42765486177498185,0.1699626865671642,-0.25537093159319446,0.9999999890141507,0.9335559415675028,0.5609241545405456,homoscedastic,rbf
2,clip_b16|2,vit_sup_b16|2,0.1,0.1,536,102,768,768,0.39959927666465733,0.3,0.39959927666465733,,0.3446869693973299,0.15887285638739895,0.6395502027615846,0.3529850746268656,-0.16706513298774106,0.9999999988423912,0.9753601316393571,0.6882269530950581,homoscedastic,rbf
2,convnext_s|2,dinov2_b|2,0.1,0.1,536,102,768,768,0.5035533987594409,0.15,0.5035533987594409,,0.5025376454689596,-0.01891163657424895,0.7326989639552435,0.3860074626865672,-0.26691485008664106,0.9999999993192389,0.9815561531921534,0.7105946912656042,homoscedastic,rbf
2,convnext_s|2,mae_b16|2,0.1,0.1,536,102,768,768,0.05557970994363873,0.08333333333333333,0.05557970994363873,,0.08322207939780041,-0.04288484299060714,0.2879943742063283,0.1332089552238806,-0.4987254871191119,0.999999989591042,0.9409781157466552,0.5594986558609023,homoscedastic,rbf
2,convnext_s|2,vit_sup_b16|2,0.1,0.1,536,102,768,768,0.5412043922344227,0.43333333333333335,0.5412043922344227,,0.5182775551971266,0.4039938556067588,0.7647345401779483,0.45727611940298507,-0.08185441981836272,0.9999999995475866,0.985292005173144,0.7446898006190279,homoscedastic,rbf
2,dinov2_b|2,mae_b16|2,0.1,0.1,536,102,768,768,0.14991991644421235,0.11666666666666667,0.14991991644421235,,0.20283289400085666,0.1760469391352522,0.3298022277057977,0.1453358208955224,-0.4818902341164363,0.9999999895241601,0.9401899953073831,0.5784206384459979,homoscedastic,rbf
2,dinov2_b|2,vit_sup_b16|2,0.1,0.1,536,102,768,768,0.5019482831896755,0.3,0.5019482831896755,,0.4350562078809823,0.4612575860592783,0.8439657871390386,0.48059701492537316,-0.030231842193838177,0.9999999994405605,0.9838682907666522,0.7510784295882886,homoscedastic,rbf
2,mae_b16|2,vit_sup_b16|2,0.1,0.1,536,102,768,768,0.11695182486618018,0.18333333333333332,0.11695182486618018,,0.16107418572580248,-0.04117247110372441,0.32436627362740234,0.13414179104477614,-0.36656821946148266,0.9999999897143331,0.943639089608197,0.5792796944723668,homoscedastic,rbf
2,clip_b16|2,convnext_s|2,0.1,0.25,536,256,768,768,0.320405501126392,0.18333333333333332,0.320405501126392,,0.2548442132162393,0.06630404673767974,0.5510876525451414,0.3292910447761194,-0.3691732598288753,0.9999999987229508,0.9728966571401894,0.661743856692733,homoscedastic,rbf
2,clip_b16|2,dinov2_b|2,0.1,0.25,536,256,768,768,0.3984202178339384,0.3,0.3984202178339384,,0.30349304285463446,0.047820503135151474,0.6604330365010521,0.37089552238805973,-0.21940813690565852,0.9999999986201198,0.9716755194578065,0.6829431081212277,homoscedastic,rbf
2,clip_b16|2,mae_b16|2,0.1,0.25,536,256,768,768,0.20115678099105827,0.11666666666666667,0.20115678099105827,,0.23133884364774093,0.1893933670771323,0.42765486177498185,0.1699626865671642,-0.25537093159319446,0.9999999890141507,0.9335559415675028,0.5609241545405456,homoscedastic,rbf
2,clip_b16|2,vit_sup_b16|2,0.1,0.25,536,256,768,768,0.44944897069158524,0.25,0.44944897069158524,,0.3801976304520384,0.16169323361285287,0.6395502027615846,0.3529850746268656,-0.16706513298774106,0.9999999988423912,0.9753601316393571,0.6882269530950581,homoscedastic,rbf
2,convnext_s|2,dinov2_b|2,0.1,0.25,536,256,768,768,0.5458422384506623,0.23333333333333334,0.5458422384506623,,0.5096655007174592,0.00032736521366875677,0.7326989639552435,0.3860074626865672,-0.26691485008664106,0.9999999993192389,0.9815561531921534,0.7105946912656042,homoscedastic,rbf
2,convnext_s|2,mae_b16|2,0.1,0.25,536,256,768,768,0.04675062986286073,0.11666666666666667,0.04675062986286073,,0.07137445518194173,-0.025861851879831785,0.2879943742063283,0.1332089552238806,-0.4987254871191119,0.999999989591042,0.9409781157466552,0.5594986558609023,homoscedastic,rbf
2,convnext_s|2,vit_sup_b16|2,0.1,0.25,536,256,768,768,0.5627232297867494,0.4,0.5627232297867494,,0.5146166845493665,0.3959859988416308,0.7647345401779483,0.45727611940298507,-0.08185441981836272,0.9999999995475866,0.985292005173144,0.7446898006190279,homoscedastic,rbf
2,dinov2_b|2,mae_b16|2,0.1,0.25,536,256,768,768,0.16797735549265413,0.11666666666666667,0.16797735549265413,,0.21320610576137086,0.22993628969303215,0.3298022277057977,0.1453358208955224,-0.4818902341164363,0.9999999895241601,0.9401899953073831,0.5784206384459979,homoscedastic,rbf
2,dinov2_b|2,vit_sup_b16|2,0.1,0.25,536,256,768,768,0.5409995583321064,0.35,0.5409995583321064,,0.45968358891395644,0.4922313716602452,0.8439657871390386,0.48059701492537316,-0.030231842193838177,0.9999999994405605,0.9838682907666522,0.7510784295882886,homoscedastic,rbf
2,mae_b16|2,vit_sup_b16|2,0.1,0.25,536,256,768,768,0.1453642371228809,0.13333333333333333,0.1453642371228809,,0.18172251030491623,0.05829618997255168,0.32436627362740234,0.13414179104477614,-0.36656821946148266,0.9999999897143331,0.943639089608197,0.5792796944723668,homoscedastic,rbf
2,clip_b16|2,convnext_s|2,0.1,1.0,536,1024,768,768,0.34175422709507525,0.25,0.34175422709507525,,0.23320804076877968,0.06821787414066631,0.5510876525451414,0.3292910447761194,-0.3691732598288753,0.9999999987229508,0.9728966571401894,0.661743856692733,homoscedastic,rbf
2,clip_b16|2,dinov2_b|2,0.1,1.0,536,1024,768,768,0.4193658871274642,0.4,0.4193658871274642,,0.29354081657697956,0.06952733499534135,0.6604330365010521,0.37089552238805973,-0.21940813690565852,0.9999999986201198,0.9716755194578065,0.6829431081212277,homoscedastic,rbf
2,clip_b16|2,mae_b16|2,0.1,1.0,536,1024,768,768,0.21330153694871373,0.11666666666666667,0.21330153694871373,,0.256570770006183,0.16375815265291735,0.42765486177498185,0.1699626865671642,-0.25537093159319446,0.9999999890141507,0.9335559415675028,0.5609241545405456,homoscedastic,rbf
2,clip_b16|2,vit_sup_b16|2,0.1,1.0,536,1024,768,768,0.4499569165469904,0.36666666666666664,0.4499569165469904,,0.3417446176297053,0.16491652187051448,0.6395502027615846,0.3529850746268656,-0.16706513298774106,0.9999999988423912,0.9753601316393571,0.6882269530950581,homoscedastic,rbf
2,convnext_s|2,dinov2_b|2,0.1,1.0,536,1024,768,768,0.6351800421667837,0.3333333333333333,0.6351800421667837,,0.5808807859351238,0.0721462567046914,0.7326989639552435,0.3860074626865672,-0.26691485008664106,0.9999999993192389,0.9815561531921534,0.7105946912656042,homoscedastic,rbf
2,convnext_s|2,mae_b16|2,0.1,1.0,536,1024,768,768,0.05260436834546762,0.11666666666666667,0.05260436834546762,,0.079310913884888,0.051698521820150584,0.2879943742063283,0.1332089552238806,-0.4987254871191119,0.999999989591042,0.9409781157466552,0.5594986558609023,homoscedastic,rbf
2,convnext_s|2,vit_sup_b16|2,0.1,1.0,536,1024,768,768,0.6290735252042366,0.4166666666666667,0.6290735252042366,,0.5651771720448531,0.40197930044572033,0.7647345401779483,0.45727611940298507,-0.08185441981836272,0.9999999995475866,0.985292005173144,0.7446898006190279,homoscedastic,rbf
2,dinov2_b|2,mae_b16|2,0.1,1.0,536,1024,768,768,0.17365453792927202,0.16666666666666666,0.17365453792927202,,0.22817632795470372,0.24413890357835358,0.3298022277057977,0.1453358208955224,-0.4818902341164363,0.9999999895241601,0.9401899953073831,0.5784206384459979,homoscedastic,rbf
2,dinov2_b|2,vit_sup_b16|2,0.1,1.0,536,1024,768,768,0.5947102075283542,0.5333333333333333,0.5947102075283542,,0.4953041392783039,0.5106141875047217,0.8439657871390386,0.48059701492537316,-0.030231842193838177,0.9999999994405605,0.9838682907666522,0.7510784295882886,homoscedastic,rbf
2,mae_b16|2,vit_sup_b16|2,0.1,1.0,536,1024,768,768,0.15768921580337722,0.11666666666666667,0.15768921580337722,,0.20475241210309755,0.10050112059630834,0.32436627362740234,0.13414179104477614,-0.36656821946148266,0.9999999897143331,0.943639089608197,0.5792796944723668,homoscedastic,rbf
2,clip_b16|2,convnext_s|2,1.0,0.1,536,102,768,768,0.32288900802502224,0.2,0.32288900802502224,,0.2625136547677839,0.062023117020472925,0.5510876525451414,0.3292910447761194,-0.3691732598288753,0.9999999987229508,0.9728966571401894,0.661743856692733,homoscedastic,rbf
2,clip_b16|2,dinov2_b|2,1.0,0.1,536,102,768,768,0.4027638410106694,0.31666666666666665,0.4027638410106694,,0.2953475941041842,0.08267230742111757,0.6604330365010521,0.37089552238805973,-0.21940813690565852,0.9999999986201198,0.9716755194578065,0.6829431081212277,homoscedastic,rbf
2,clip_b16|2,mae_b16|2,1.0,0.1,536,102,768,768,0.16077733549259857,0.11666666666666667,0.16077733549259857,,0.21410987983110796,0.1702550930472665,0.42765486177498185,0.1699626865671642,-0.25537093159319446,0.9999999890141507,0.9335559415675028,0.5609241545405456,homoscedastic,rbf
2,clip_b16|2,vit_sup_b16|2,1.0,0.1,536,102,768,768,0.44910513640315664,0.3,0.44910513640315664,,0.3703213094829349,0.1387776686560399,0.6395502027615846,0.3529850746268656,-0.16706513298774106,0.9999999988423912,0.9753601316393571,0.6882269530950581,homoscedastic,rbf
2,convnext_s|2,dinov2_b|2,1.0,0.1,536,102,768,768,0.5757432659535164,0.26666666666666666,0.5757432659535164,,0.5519849064798434,0.0285311374682078,0.7326989639552435,0.3860074626865672,-0.26691485008664106,0.9999999993192389,0.9815561531921534,0.7105946912656042,homoscedastic,rbf
2,convnext_s|2,mae_b16|2,1.0,0.1,536,102,768,768,0.061340614835041204,0.11666666666666667,0.061340614835041204,,0.1022322364142887,-0.01271687945405555,0.2879943742063283,0.1332089552238806,-0.4987254871191119,0.999999989591042,0.9409781157466552,0.5594986558609023,homoscedastic,rbf
2,convnext_s|2,vit_sup_b16|2,1.0,0.1,536,102,768,768,0.6102816396712212,0.45,0.6102816396712212,,0.5763848798320711,0.42021102465311877,0.7647345401779483,0.45727611940298507,-0.08185441981836272,0.9999999995475866,0.985292005173144,0.7446898006190279,homoscedastic,rbf
2,dinov2_b|2,mae_b16|2,1.0,0.1,536,102,768,768,0.15088808580023833,0.13333333333333333,0.15088808580023833,,0.22851655327171336,0.21331620961446454,0.3298022277057977,0.1453358208955224,-0.4818902341164363,0.9999999895241601,0.9401899953073831,0.5784206384459979,homoscedastic,rbf
2,dinov2_b|2,vit_sup_b16|2,1.0,0.1,536,102,768,768,0.5815705599182219,0.35,0.5815705599182219,,0.5037676197124005,0.4647326937120697,0.8439657871390386,0.48059701492537316,-0.030231842193838177,0.9999999994405605,0.9838682907666522,0.7510784295882886,homoscedastic,rbf
2,mae_b16|2,vit_sup_b16|2,1.0,0.1,536,102,768,768,0.14952780424390066,0.15,0.14952780424390066,,0.21565457212543604,-0.03326534209664829,0.32436627362740234,0.13414179104477614,-0.36656821946148266,0.9999999897143331,0.943639089608197,0.5792796944723668,homoscedastic,rbf
2,clip_b16|2,convnext_s|2,1.0,0.25,536,256,768,768,0.3325708126967019,0.21666666666666667,0.3325708126967019,,0.23981457681692359,0.08287376293722143,0.5510876525451414,0.3292910447761194,-0.3691732598288753,0.9999999987229508,0.9728966571401894,0.661743856692733,homoscedastic,rbf
2,clip_b16|2,dinov2_b|2,1.0,0.25,536,256,768,768,0.41677232436756767,0.35,0.41677232436756767,,0.29806138227265805,0.06348366951222584,0.6604330365010521,0.37089552238805973,-0.21940813690565852,0.9999999986201198,0.9716755194578065,0.6829431081212277,homoscedastic,rbf
2,clip_b16|2,mae_b16|2,1.0,0.25,536,256,768,768,0.20692690813030032,0.1,0.20692690813030032,,0.24197760839634466,0.16778726297499433,0.42765486177498185,0.1699626865671642,-0.25537093159319446,0.9999999890141507,0.9335559415675028,0.5609241545405456,homoscedastic,rbf
2,clip_b16|2,vit_sup_b16|2,1.0,0.25,536,256,768,768,0.44521373670482417,0.23333333333333334,0.44521373670482417,,0.35391096708025294,0.16008158948402207,0.6395502027615846,0.3529850746268656,-0.16706513298774106,0.9999999988423912,0.9753601316393571,0.6882269530950581,homoscedastic,rbf
2,convnext_s|2,dinov2_b|2,1.0,0.25,536,256,768,768,0.598063661287948,0.35,0.598063661287948,,0.5459574855522721,0.05824582609352572,0.7326989639552435,0.3860074626865672,-0.26691485008664106,0.9999999993192389,0.9815561531921534,0.7105946912656042,homoscedastic,rbf
2,convnext_s|2,mae_b16|2,1.0,0.25,536,256,768,768,0.063704676957436,0.13333333333333333,0.063704676957436,,0.08919239795619754,0.008738133011004508,0.2879943742063283,0.1332089552238806,-0.4987254871191119,0.999999989591042,0.9409781157466552,0.5594986558609023,homoscedastic,rbf
2,convnext_s|2,vit_sup_b16|2,1.0,0.25,536,256,768,768,0.6086333573148813,0.43333333333333335,0.6086333573148813,,0.5521311686886056,0.40772078265468004,0.7647345401779483,0.45727611940298507,-0.08185441981836272,0.9999999995475866,0.985292005173144,0.7446898006190279,homoscedastic,rbf
2,dinov2_b|2,mae_b16|2,1.0,0.25,536,256,768,768,0.18433334537040377,0.15,0.18433334537040377,,0.23522219005772227,0.24872201656971618,0.3298022277057977,0.1453358208955224,-0.4818902341164363,0.9999999895241601,0.9401899953073831,0.5784206384459979,homoscedastic,rbf
2,dinov2_b|2,vit_sup_b16|2,1.0,0.25,536,256,768,768,0.5815318375884377,0.4,0.5815318375884377,,0.49378218004592767,0.500591775578555,0.8439657871390386,0.48059701492537316,-0.030231842193838177,0.9999999994405605,0.9838682907666522,0.7510784295882886,homoscedastic,rbf
2,mae_b16|2,vit_sup_b16|2,1.0,0.25,536,256,768,768,0.19299631387864966,0.16666666666666666,0.19299631387864966,,0.23577672264689592,0.07693082521215784,0.32436627362740234,0.13414179104477614,-0.36656821946148266,0.9999999897143331,0.943639089608197,0.5792796944723668,homoscedastic,rbf
2,clip_b16|2,convnext_s|2,1.0,1.0,536,1024,768,768,0.34800424445623457,0.2833333333333333,0.34800424445623457,,0.2334782174304866,0.09224144443605047,0.5510876525451414,0.3292910447761194,-0.3691732598288753,0.9999999987229508,0.9728966571401894,0.661743856692733,homoscedastic,rbf
2,clip_b16|2,dinov2_b|2,1.0,1.0,536,1024,768,768,0.42994130539251496,0.4666666666666667,0.42994130539251496,,0.2985754577176799,0.07018206542267885,0.6604330365010521,0.37089552238805973,-0.21940813690565852,0.9999999986201198,0.9716755194578065,0.6829431081212277,homoscedastic,rbf
2,clip_b16|2,mae_b16|2,1.0,1.0,536,1024,768,768,0.2581642726785352,0.1,0.2581642726785352,,0.2972782860843337,0.19860995693888345,0.42765486177498185,0.1699626865671642,-0.25537093159319446,0.9999999890141507,0.9335559415675028,0.5609241545405456,homoscedastic,rbf
2,clip_b16|2,vit_sup_b16|2,1.0,1.0,536,1024,768,768,0.4356049877916327,0.38333333333333336,0.4356049877916327,,0.3167074249917804,0.16360706101583944,0.6395502027615846,0.3529850746268656,-0.16706513298774106,0.9999999988423912,0.9753601316393571,0.6882269530950581,homoscedastic,rbf
2,convnext_s|2,dinov2_b|2,1.0,1.0,536,1024,768,768,0.6667466854074594,0.3333333333333333,0.6667466854074594,,0.6173534022859211,0.09148598625066102,0.7326989639552435,0.3860074626865672,-0.26691485008664106,0.9999999993192389,0.9815561531921534,0.7105946912656042,homoscedastic,rbf
2,convnext_s|2,mae_b16|2,1.0,1.0,536,1024,768,768,0.08958447106797518,0.11666666666666667,0.08958447106797518,,0.11038069055259024,0.13560474427740424,0.2879943742063283,0.1332089552238806,-0.4987254871191119,0.999999989591042,0.9409781157466552,0.5594986558609023,homoscedastic,rbf
2,convnext_s|2,vit_sup_b16|2,1.0,1.0,536,1024,768,768,0.6447885688571356,0.45,0.6447885688571356,,0.5830076757991027,0.4426229508196721,0.7647345401779483,0.45727611940298507,-0.08185441981836272,0.9999999995475866,0.985292005173144,0.7446898006190279,homoscedastic,rbf
2,dinov2_b|2,mae_b16|2,1.0,1.0,536,1024,768,768,0.20776474379095497,0.15,0.20776474379095497,,0.25437668275229874,0.21220820427589335,0.3298022277057977,0.1453358208955224,-0.4818902341164363,0.9999999895241601,0.9401899953073831,0.5784206384459979,homoscedastic,rbf
2,dinov2_b|2,vit_sup_b16|2,1.0,1.0,536,1024,768,768,0.6108962524895901,0.5333333333333333,0.6108962524895901,,0.515552670211971,0.4854826118707663,0.8439657871390386,0.48059701492537316,-0.030231842193838177,0.9999999994405605,0.9838682907666522,0.7510784295882886,homoscedastic,rbf
2,mae_b16|2,vit_sup_b16|2,1.0,1.0,536,1024,768,768,0.20058650162917116,0.11666666666666667,0.20058650162917116,,0.24191410994533313,0.12588451562539346,0.32436627362740234,0.13414179104477614,-0.36656821946148266,0.9999999897143331,0.943639089608197,0.5792796944723668,homoscedastic,rbf
2,clip_b16|2,convnext_s|2,10.0,0.1,536,102,768,768,0.3318998108328078,0.21666666666666667,0.3318998108328078,,0.26676805098555717,0.05023796932839767,0.5510876525451414,0.3292910447761194,-0.3691732598288753,0.9999999987229508,0.9728966571401894,0.661743856692733,homoscedastic,rbf
2,clip_b16|2,dinov2_b|2,10.0,0.1,536,102,768,768,0.41494737485381905,0.38333333333333336,0.41494737485381905,,0.3033870836675703,0.09481000226637455,0.6604330365010521,0.37089552238805973,-0.21940813690565852,0.9999999986201198,0.9716755194578065,0.6829431081212277,homoscedastic,rbf
2,clip_b16|2,mae_b16|2,10.0,0.1,536,102,768,768,0.16293489704138064,0.1,0.16293489704138064,,0.21890832831118892,0.15408828787993253,0.42765486177498185,0.1699626865671642,-0.25537093159319446,0.9999999890141507,0.9335559415675028,0.5609241545405456,homoscedastic,rbf
2,clip_b16|2,vit_sup_b16|2,10.0,0.1,536,102,768,768,0.445836516212545,0.31666666666666665,0.445836516212545,,0.36037501691975554,0.12946035103623682,0.6395502027615846,0.3529850746268656,-0.16706513298774106,0.9999999988423912,0.9753601316393571,0.6882269530950581,homoscedastic,rbf
2,convnext_s|2,dinov2_b|2,10.0,0.1,536,102,768,768,0.5864443512343088,0.3,0.5864443512343088,,0.5596611294193602,0.040920651708594595,0.7326989639552435,0.3860074626865672,-0.26691485008664106,0.9999999993192389,0.9815561531921534,0.7105946912656042,homoscedastic,rbf
2,convnext_s|2,mae_b16|2,10.0,0.1,536,102,768,768,0.07230375639932332,0.11666666666666667,0.07230375639932332,,0.11409396283468025,0.012968698849185363,0.2879943742063283,0.1332089552238806,-0.4987254871191119,0.999999989591042,0.9409781157466552,0.5594986558609023,homoscedastic,rbf
2,convnext_s|2,vit_sup_b16|2,10.0,0.1,536,102,768,768,0.6250274028538968,0.45,0.6250274028538968,,0.5914225305989903,0.4445871421016847,0.7647345401779483,0.45727611940298507,-0.08185441981836272,0.9999999995475866,0.985292005173144,0.7446898006190279,homoscedastic,rbf
2,dinov2_b|2,mae_b16|2,10.0,0.1,536,102,768,768,0.16440395667765742,0.15,0.16440395667765742,,0.2467288954055287,0.19548739643927376,0.3298022277057977,0.1453358208955224,-0.4818902341164363,0.9999999895241601,0.9401899953073831,0.5784206384459979,homoscedastic,rbf
2,dinov2_b|2,vit_sup_b16|2,10.0,0.1,536,102,768,768,0.5948707079741887,0.38333333333333336,0.5948707079741887,,0.5169039388266402,0.4637757800105764,0.8439657871390386,0.48059701492537316,-0.030231842193838177,0.9999999994405605,0.9838682907666522,0.7510784295882886,homoscedastic,rbf
2,mae_b16|2,vit_sup_b16|2,10.0,0.1,536,102,768,768,0.1626568962691563,0.16666666666666666,0.1626568962691563,,0.2314354013651165,-0.032761703306388654,0.32436627362740234,0.13414179104477614,-0.36656821946148266,0.9999999897143331,0.943639089608197,0.5792796944723668,homoscedastic,rbf
2,clip_b16|2,convnext_s|2,10.0,0.25,536,256,768,768,0.32680401890005245,0.21666666666666667,0.32680401890005245,,0.23114657588648632,0.0921910805570245,0.5510876525451414,0.3292910447761194,-0.3691732598288753,0.9999999987229508,0.9728966571401894,0.661743856692733,homoscedastic,rbf
2,clip_b16|2,dinov2_b|2,10.0,0.25,536,256,768,768,0.41439265109069745,0.35,0.41439265109069745,,0.29305856741869046,0.05290725491677369,0.6604330365010521,0.37089552238805973,-0.21940813690565852,0.9999999986201198,0.9716755194578065,0.6829431081212277,homoscedastic,rbf
2,clip_b16|2,mae_b16|2,10.0,0.25,536,256,768,768,0.22371445476237434,0.11666666666666667,0.22371445476237434,,0.2542407467479487,0.16023268112109998,0.42765486177498185,0.1699626865671642,-0.25537093159319446,0.9999999890141507,0.9335559415675028,0.5609241545405456,homoscedastic,rbf
2,clip_b16|2,vit_sup_b16|2,10.0,0.25,536,256,768,768,0.4328331467587409,0.23333333333333334,0.4328331467587409,,0.3386145447132164,0.15071390798519302,0.6395502027615846,0.3529850746268656,-0.16706513298774106,0.9999999988423912,0.9753601316393571,0.6882269530950581,homoscedastic,rbf
2,convnext_s|2,dinov2_b|2,10.0,0.25,536,256,768,768,0.6114001983338841,0.35,0.6114001983338841,,0.5608508006411032,0.07244843997884717,0.7326989639552435,0.3860074626865672,-0.26691485008664106,0.9999999993192389,0.9815561531921534,0.7105946912656042,homoscedastic,rbf
2,convnext_s|2,mae_b16|2,10.0,0.25,536,256,768,768,0.07971361031558422,0.15,0.07971361031558422,,0.10062890052624726,0.06247639193170659,0.2879943742063283,0.1332089552238806,-0.4987254871191119,0.999999989591042,0.9409781157466552,0.5594986558609023,homoscedastic,rbf
2,convnext_s|2,vit_sup_b16|2,10.0,0.25,536,256,768,768,0.616896824713402,0.43333333333333335,0.616896824713402,,0.5626015546563108,0.3994107426153963,0.7647345401779483,0.45727611940298507,-0.08185441981836272,0.9999999995475866,0.985292005173144,0.7446898006190279,homoscedastic,rbf
2,dinov2_b|2,mae_b16|2,10.0,0.25,536,256,768,768,0.19942877619104496,0.16666666666666666,0.19942877619104496,,0.24578859431421457,0.26085971141497316,0.3298022277057977,0.1453358208955224,-0.4818902341164363,0.9999999895241601,0.9401899953073831,0.5784206384459979,homoscedastic,rbf
2,dinov2_b|2,vit_sup_b16|2,10.0,0.25,536,256,768,768,0.5845528459801277,0.4,0.5845528459801277,,0.4989722536813978,0.4865906172093375,0.8439657871390386,0.48059701492537316,-0.030231842193838177,0.9999999994405605,0.9838682907666522,0.7510784295882886,homoscedastic,rbf
2,mae_b16|2,vit_sup_b16|2,10.0,0.25,536,256,768,768,0.2136012600035,0.18333333333333332,0.2136012600035,,0.25310486426262097,0.07275062325300294,0.32436627362740234,0.13414179104477614,-0.36656821946148266,0.9999999897143331,0.943639089608197,0.5792796944723668,homoscedastic,rbf
2,clip_b16|2,convnext_s|2,10.0,1.0,536,1024,768,768,0.34017072269645193,0.31666666666666665,0.34017072269645193,,0.2296253872663797,0.07441263126085972,0.5510876525451414,0.3292910447761194,-0.3691732598288753,0.9999999987229508,0.9728966571401894,0.661743856692733,homoscedastic,rbf
2,clip_b16|2,dinov2_b|2,10.0,1.0,536,1024,768,768,0.42157028213967257,0.48333333333333334,0.42157028213967257,,0.291389035936694,0.07078643197099041,0.6604330365010521,0.37089552238805973,-0.21940813690565852,0.9999999986201198,0.9716755194578065,0.6829431081212277,homoscedastic,rbf
2,clip_b16|2,mae_b16|2,10.0,1.0,536,1024,768,768,0.27519659776832706,0.11666666666666667,0.27519659776832706,,0.30940518018668,0.22243207171816373,0.42765486177498185,0.1699626865671642,-0.25537093159319446,0.9999999890141507,0.9335559415675028,0.5609241545405456,homoscedastic,rbf
2,clip_b16|2,vit_sup_b16|2,10.0,1.0,536,1024,768,768,0.4199027219520054,0.38333333333333336,0.4199027219520054,,0.30106992963423773,0.15449119891214022,0.6395502027615846,0.3529850746268656,-0.16706513298774106,0.9999999988423912,0.9753601316393571,0.6882269530950581,homoscedastic,rbf
2,convnext_s|2,dinov2_b|2,10.0,1.0,536,1024,768,768,0.6734054261261836,0.36666666666666664,0.6734054261261836,,0.6307266076118228,0.07144116239832793,0.7326989639552435,0.3860074626865672,-0.26691485008664106,0.9999999993192389,0.9815561531921534,0.7105946912656042,homoscedastic,rbf
2,convnext_s|2,mae_b16|2,10.0,1.0,536,1024,768,768,0.10347762077116879,0.11666666666666667,0.10347762077116879,,0.12085562313268605,0.14547606456649292,0.2879943742063283,0.1332089552238806,-0.4987254871191119,0.999999989591042,0.9409781157466552,0.5594986558609023,homoscedastic,rbf
2,convnext_s|2,vit_sup_b16|2,10.0,1.0,536,1024,768,768,0.6414603929455359,0.45,0.6414603929455359,,0.5833912095256614,0.42630505401526025,0.7647345401779483,0.45727611940298507,-0.08185441981836272,0.9999999995475866,0.985292005173144,0.7446898006190279,homoscedastic,rbf
2,dinov2_b|2,mae_b16|2,10.0,1.0,536,1024,768,768,0.21668215745043737,0.15,0.21668215745043737,,0.25791456368183746,0.19659540177784493,0.3298022277057977,0.1453358208955224,-0.4818902341164363,0.9999999895241601,0.9401899953073831,0.5784206384459979,homoscedastic,rbf
2,dinov2_b|2,vit_sup_b16|2,10.0,1.0,536,1024,768,768,0.6033161203225563,0.48333333333333334,0.6033161203225563,,0.5118266828274335,0.4711792702273929,0.8439657871390386,0.48059701492537316,-0.030231842193838177,0.9999999994405605,0.9838682907666522,0.7510784295882886,homoscedastic,rbf
2,mae_b16|2,vit_sup_b16|2,10.0,1.0,536,1024,768,768,0.2115909210858919,0.13333333333333333,0.2115909210858919,,0.24738345346729088,0.10589005565208634,0.32436627362740234,0.13414179104477614,-0.36656821946148266,0.9999999897143331,0.943639089608197,0.5792796944723668,homoscedastic,rbf
3,clip_b16|2,convnext_s|2,0.1,0.1,536,102,768,768,0.33636960102666946,0.25,0.3422927972703229,0.1810754028662478,0.3314316677486705,0.048324141925411096,0.5669205454521126,0.32518656716417915,-0.3655962049184298,0.9999999987206644,0.9728455576069285,0.6621100225925355,heteroscedastic,rbf
3,clip_b16|2,dinov2_b|2,0.1,0.1,536,102,768,768,0.41285386903852506,0.2833333333333333,0.4958605012183876,0.25528551189559584,0.3965704440371929,0.07083679585001636,0.6640970399032284,0.36828358208955225,-0.2403974903134688,0.9999999986082917,0.9717131675929789,0.683707007976108,heteroscedastic,rbf
3,clip_b16|2,mae_b16|2,0.1,0.1,536,102,768,768,0.3422102839174553,0.25,0.22757619483131908,0.38776785721766127,0.3763564365332019,0.228828284354461,0.4085537139111505,0.17089552238805972,-0.2830287615945125,0.9999999895541524,0.9342953639043654,0.5664354236081395,heteroscedastic,rbf
3,clip_b16|2,vit_sup_b16|2,0.1,0.1,536,102,768,768,0.5003333342592617,0.3333333333333333,0.4031429890547293,0.39971553675890076,0.503313960269312,0.16677998539447508,0.651395249483911,0.355410447761194,-0.13749600900491482,0.9999999988546863,0.9758495166107298,0.6934500648510827,heteroscedastic,rbf
3,convnext_s|2,dinov2_b|2,0.1,0.1,536,102,768,768,0.4131491476365211,0.25,0.510681716601181,0.260590502792828,0.3963867300721304,-0.053209438190929464,0.7235981272729792,0.3798507462686567,-0.3322347907450036,0.999999999283653,0.9812076388298895,0.71253647883694,heteroscedastic,rbf
3,convnext_s|2,mae_b16|2,0.1,0.1,536,102,768,768,0.10127828132855923,0.16666666666666666,0.013931079820880212,0.11265509544152263,0.12810577454836436,-0.005968119664576566,0.28789922343628804,0.1274253731343284,-0.5328342297159763,0.999999990047001,0.9409686244887432,0.5579303415778569,heteroscedastic,rbf
3,convnext_s|2,vit_sup_b16|2,0.1,0.1,536,102,768,768,0.5121062558507107,0.4,0.5279844566839332,0.36207624095203866,0.490540137166672,0.3800206491904007,0.7599708945897865,0.4673507462686567,-0.1284538095544605,0.9999999995407964,0.9854183116966636,0.7461158402468397,heteroscedastic,rbf
3,dinov2_b|2,mae_b16|2,0.1,0.1,536,102,768,768,0.19992572201589445,0.16666666666666666,0.2003534663079287,0.17198464356498963,0.26602733847205845,0.06796605474553652,0.3019195404849662,0.13843283582089552,-0.4844358103853157,0.9999999899955645,0.9401002916570661,0.57977729533493,heteroscedastic,rbf
3,dinov2_b|2,vit_sup_b16|2,0.1,0.1,536,102,768,768,0.4494930819252275,0.3,0.49284629696956744,0.3369945478344237,0.39479017557206103,0.48140313766966336,0.8513922450018327,0.4932835820895522,-0.045969253901200935,0.9999999994231523,0.9838841287542544,0.7553348228433996,heteroscedastic,rbf
3,mae_b16|2,vit_sup_b16|2,0.1,0.1,536,102,768,768,0.1486835241209003,0.13333333333333333,0.0234172327584983,0.1551877398744798,0.18136278849748677,0.0921910805570245,0.31095687129586375,0.1345149253731343,-0.37714239794630167,0.9999999902373716,0.944321740097184,0.5817300416186524,heteroscedastic,rbf
3,clip_b16|2,convnext_s|2,0.1,0.25,536,256,768,768,0.3460265722960341,0.2833333333333333,0.3330161937098885,0.16062231151377954,0.32992866557812545,0.032761703306388654,0.5669205454521126,0.32518656716417915,-0.3655962049184298,0.9999999987206644,0.9728455576069285,0.6621100225925355,heteroscedastic,rbf
3,clip_b16|2,dinov2_b|2,0.1,0.25,536,256,768,768,0.4150903196953325,0.31666666666666665,0.4754820938619465,0.2639473142575959,0.3782583076144699,0.07693082521215784,0.6640970399032284,0.36828358208955225,-0.2403974903134688,0.9999999986082917,0.9717131675929789,0.683707007976108,heteroscedastic,rbf
3,clip_b16|2,mae_b16|2,0.1,0.25,536,256,768,768,0.3222310617529493,0.2,0.1374785890317974,0.39853813932666604,0.3729421618117002,0.21865478079121653,0.4085537139111505,0.17089552238805972,-0.2830287615945125,0.9999999895541524,0.9342953639043654,0.5664354236081395,heteroscedastic,rbf
3,clip_b16|2,vit_sup_b16|2,0.1,0.25,536,256,768,768,0.5282395784432734,0.35,0.438030983474893,0.40019755477788493,0.5201645534615922,0.18148623807005618,0.651395249483911,0.355410447761194,-0.13749600900491482,0.9999999988546863,0.9758495166107298,0.6934500648510827,heteroscedastic,rbf
3,convnext_s|2,dinov2_b|2,0.1,0.25,536,256,768,768,0.44336234267317404,0.26666666666666666,0.5089355916022817,0.3147457578364931,0.4147400171900478,-0.03648863035430989,0.7235981272729792,0.3798507462686567,-0.3322347907450036,0.999999999283653,0.9812076388298895,0.71253647883694,heteroscedastic,rbf
3,convnext_s|2,mae_b16|2,0.1,0.25,536,256,768,768,0.0706063627954522,0.2,-0.06692299024445211,0.10758245621972201,0.11137763164571686,-0.08433431542897435,0.28789922343628804,0.1274253731343284,-0.5328342297159763,0.999999990047001,0.9409686244887432,0.5579303415778569,heteroscedastic,rbf
3,convnext_s|2,vit_sup_b16|2,0.1,0.25,536,256,768,768,0.5266722407562242,0.38333333333333336,0.5231698530692245,0.38814040185110554,0.5006621293273105,0.3697967817481302,0.7599708945897865,0.4673507462686567,-0.1284538095544605,0.9999999995407964,0.9854183116966636,0.7461158402468397,heteroscedastic,rbf
3,dinov2_b|2,mae_b16|2,0.1,0.25,536,256,768,768,0.17325231458976273,0.16666666666666666,0.137872168050693,0.15826863372467276,0.2566775768667437,0.1472388003324016,0.3019195404849662,0.13843283582089552,-0.4844358103853157,0.9999999899955645,0.9401002916570661,0.57977729533493,heteroscedastic,rbf
3,dinov2_b|2,vit_sup_b16|2,0.1,0.25,536,256,768,768,0.4858140717057547,0.3,0.5179778449158488,0.3601046029369586,0.4191438351268884,0.4712296341064189,0.8513922450018327,0.4932835820895522,-0.045969253901200935,0.9999999994231523,0.9838841287542544,0.7553348228433996,heteroscedastic,rbf
3,mae_b16|2,vit_sup_b16|2,0.1,0.25,536,256,768,768,0.17421748393745537,0.18333333333333332,0.023199775857647324,0.20337055149172845,0.22390497826700007,0.12256049960967993,0.31095687129586375,0.1345149253731343,-0.37714239794630167,0.9999999902373716,0.944321740097184,0.5817300416186524,heteroscedastic,rbf
3,clip_b16|2,convnext_s|2,0.1,1.0,536,1024,768,768,0.37045852905146953,0.2833333333333333,0.38731320497146016,0.19791252126981304,0.3110405735451351,0.06187202538339503,0.5669205454521126,0.32518656716417915,-0.3655962049184298,0.9999999987206644,0.9728455576069285,0.6621100225925355,heteroscedastic,rbf
3,clip_b16|2,dinov2_b|2,0.1,1.0,536,1024,768,768,0.43476742990952755,0.35,0.5091943832859391,0.26937797613312636,0.3539799368783783,0.09209035279897258,0.6640970399032284,0.36828358208955225,-0.2403974903134688,0.9999999986082917,0.9717131675929789,0.683707007976108,heteroscedastic,rbf
3,clip_b16|2,mae_b16|2,0.1,1.0,536,1024,768,768,0.30814780041055667,0.2,0.11348644335939642,0.4060035539752663,0.3847359972911437,0.18808390622245724,0.4085537139111505,0.17089552238805972,-0.2830287615945125,0.9999999895541524,0.9342953639043654,0.5664354236081395,heteroscedastic,rbf
3,clip_b16|2,vit_sup_b16|2,0.1,1.0,536,1024,768,768,0.5360087111353087,0.31666666666666665,0.47676455042762633,0.42260608655267473,0.48711052726100623,0.17554330034499258,0.651395249483911,0.355410447761194,-0.13749600900491482,0.9999999988546863,0.9758495166107298,0.6934500648510827,heteroscedastic,rbf
3,convnext_s|2,dinov2_b|2,0.1,1.0,536,1024,768,768,0.5542675396320546,0.3333333333333333,0.564736470092218,0.5056991788658277,0.5000161250617404,0.06801641862456247,0.7235981272729792,0.3798507462686567,-0.3322347907450036,0.999999999283653,0.9812076388298895,0.71253647883694,heteroscedastic,rbf
3,convnext_s|2,mae_b16|2,0.1,1.0,536,1024,768,768,0.05980188833857872,0.15,-0.04709235861841903,0.09940211333902484,0.10895374781305052,0.07013170154365289,0.28789922343628804,0.1274253731343284,-0.5328342297159763,0.999999990047001,0.9409686244887432,0.5579303415778569,heteroscedastic,rbf
3,convnext_s|2,vit_sup_b16|2,0.1,1.0,536,1024,768,768,0.5853951260975724,0.45,0.5753990468917952,0.5129545833462494,0.5326671981065748,0.44448641434363273,0.7599708945897865,0.4673507462686567,-0.1284538095544605,0.9999999995407964,0.9854183116966636,0.7461158402468397,heteroscedastic,rbf
3,dinov2_b|2,mae_b16|2,0.1,1.0,536,1024,768,768,0.15971294364706567,0.11666666666666667,0.1502226417203465,0.1276803176068671,0.25231406195160094,0.24977965802926144,0.3019195404849662,0.13843283582089552,-0.4844358103853157,0.9999999899955645,0.9401002916570661,0.57977729533493,heteroscedastic,rbf
3,dinov2_b|2,vit_sup_b16|2,0.1,1.0,536,1024,768,768,0.5445810127250353,0.45,0.551294039290688,0.4777024775893737,0.45255588778791084,0.5054770718440734,0.8513922450018327,0.4932835820895522,-0.045969253901200935,0.9999999994231523,0.9838841287542544,0.7553348228433996,heteroscedastic,rbf
3,mae_b16|2,vit_sup_b16|2,0.1,1.0,536,1024,768,768,0.19199197775549376,0.18333333333333332,0.056767573258264585,0.22229548374808944,0.26151170469490514,0.236836141119589,0.31095687129586375,0.1345149253731343,-0.37714239794630167,0.9999999902373716,0.944321740097184,0.5817300416186524,heteroscedastic,rbf
3,clip_b16|2,convnext_s|2,1.0,0.1,536,102,768,768,0.30181839393998317,0.2833333333333333,0.3897641778754317,0.14954595075540825,0.23940769353859717,0.06051220064969404,0.5669205454521126,0.32518656716417915,-0.3655962049184298,0.9999999987206644,0.9728455576069285,0.6621100225925355,heteroscedastic,rbf
3,clip_b16|2,dinov2_b|2,1.0,0.1,536,102,768,768,0.3710427528965358,0.3,0.5378242915892164,0.19948089507897582,0.2901670760608566,0.10609151116819018,0.6640970399032284,0.36828358208955225,-0.2403974903134688,0.9999999986082917,0.9717131675929789,0.683707007976108,heteroscedastic,rbf
3,clip_b16|2,mae_b16|2,1.0,0.1,536,102,768,768,0.29796043877899653,0.18333333333333332,0.19544936390262174,0.3715283741331145,0.356122778416337,0.17116164286973384,0.4085537139111505,0.17089552238805972,-0.2830287615945125,0.9999999895541524,0.9342953639043654,0.5664354236081395,heteroscedastic,rbf
3,clip_b16|2,vit_sup_b16|2,1.0,0.1,536,102,768,768,0.45305386959408217,0.3333333333333333,0.44845417796708714,0.38237908566823026,0.3992669704908287,0.1910050112059631,0.651395249483911,0.355410447761194,-0.13749600900491482,0.9999999988546863,0.9758495166107298,0.6934500648510827,heteroscedastic,rbf
3,convnext_s|2,dinov2_b|2,1.0,0.1,536,102,768,768,0.5050085694682485,0.2833333333333333,0.565719878490116,0.427949058012237,0.44447378336601817,0.0036010173503563244,0.7235981272729792,0.3798507462686567,-0.3322347907450036,0.999999999283653,0.9812076388298895,0.71253647883694,heteroscedastic,rbf
3,convnext_s|2,mae_b16|2,1.0,0.1,536,102,768,768,0.05717765882683006,0.13333333333333333,0.010961445250912017,0.10385254158382855,0.10018826443051425,-0.07164261791443177,0.28789922343628804,0.1274253731343284,-0.5328342297159763,0.999999990047001,0.9409686244887432,0.5579303415778569,heteroscedastic,rbf
3,convnext_s|2,vit_sup_b16|2,1.0,0.1,536,102,768,768,0.5374920485890238,0.4166666666666667,0.5556819960602561,0.48227299143566243,0.47238975225932917,0.4188511999194178,0.7599708945897865,0.4673507462686567,-0.1284538095544605,0.9999999995407964,0.9854183116966636,0.7461158402468397,heteroscedastic,rbf
3,dinov2_b|2,mae_b16|2,1.0,0.1,536,102,768,768,0.12899535832043976,0.13333333333333333,0.2038662039806834,0.1044390061492206,0.2027495908145175,0.08730578429150614,0.3019195404849662,0.13843283582089552,-0.4844358103853157,0.9999999899955645,0.9401002916570661,0.57977729533493,heteroscedastic,rbf
3,dinov2_b|2,vit_sup_b16|2,1.0,0.1,536,102,768,768,0.48589057191825524,0.38333333333333336,0.5439713129418666,0.44297818994135074,0.38352652133407317,0.4755609277026517,0.8513922450018327,0.4932835820895522,-0.045969253901200935,0.9999999994231523,0.9838841287542544,0.7553348228433996,heteroscedastic,rbf
3,mae_b16|2,vit_sup_b16|2,1.0,0.1,536,102,768,768,0.14921047002908341,0.13333333333333333,0.0797684030091003,0.1736206004335928,0.20237299259838473,0.07683009745410593,0.31095687129586375,0.1345149253731343,-0.37714239794630167,0.9999999902373716,0.944321740097184,0.5817300416186524,heteroscedastic,rbf
3,clip_b16|2,convnext_s|2,1.0,0.25,536,256,768,768,0.3090321917560882,0.26666666666666666,0.35509795355084656,0.2223965790684094,0.2296344804911605,0.02248747198509229,0.5669205454521126,0.32518656716417915,-0.3655962049184298,0.9999999987206644,0.9728455576069285,0.6621100225925355,heteroscedastic,rbf
3,clip_b16|2,dinov2_b|2,1.0,0.25,536,256,768,768,0.3871980755502098,0.36666666666666664,0.5222960717039868,0.2591902488257443,0.28379218606094175,0.09214071667799853,0.6640970399032284,0.36828358208955225,-0.2403974903134688,0.9999999986082917,0.9717131675929789,0.683707007976108,heteroscedastic,rbf
3,clip_b16|2,mae_b16|2,1.0,0.25,536,256,768,768,0.28356023211175585,0.16666666666666666,0.1532149205626347,0.3832548727525491,0.3546717155127602,0.1971494044471305,0.4085537139111505,0.17089552238805972,-0.2830287615945125,0.9999999895541524,0.9342953639043654,0.5664354236081395,heteroscedastic,rbf
3,clip_b16|2,vit_sup_b16|2,1.0,0.25,536,256,768,768,0.46504868069077965,0.31666666666666665,0.4651074228104382,0.39852920272376485,0.39175373204632347,0.1809825992797965,0.651395249483911,0.355410447761194,-0.13749600900491482,0.9999999988546863,0.9758495166107298,0.6934500648510827,heteroscedastic,rbf
3,convnext_s|2,dinov2_b|2,1.0,0.25,536,256,768,768,0.5479630776752157,0.31666666666666665,0.5576998523269955,0.5448118970760273,0.4851843048320202,0.05149706630404674,0.7235981272729792,0.3798507462686567,-0.3322347907450036,0.999999999283653,0.9812076388298895,0.71253647883694,heteroscedastic,rbf
3,convnext_s|2,mae_b16|2,1.0,0.25,536,256,768,768,0.027622854507929184,0.13333333333333333,-0.0390755673513444,0.10662679824697363,0.07449874850640892,-0.055274357230993935,0.28789922343628804,0.1274253731343284,-0.5328342297159763,0.999999990047001,0.9409686244887432,0.5579303415778569,heteroscedastic,rbf
3,convnext_s|2,vit_sup_b16|2,1.0,0.25,536,256,768,768,0.5573976594379427,0.4166666666666667,0.5454424717768799,0.561541776244778,0.49309240500344675,0.4109944347913676,0.7599708945897865,0.4673507462686567,-0.1284538095544605,0.9999999995407964,0.9854183116966636,0.7461158402468397,heteroscedastic,rbf
3,dinov2_b|2,mae_b16|2,1.0,0.25,536,256,768,768,0.12483584676624102,0.11666666666666667,0.17631675095667557,0.13602375349051143,0.2090609823634208,0.18002568557830326,0.3019195404849662,0.13843283582089552,-0.4844358103853157,0.9999999899955645,0.9401002916570661,0.57977729533493,heteroscedastic,rbf
3,dinov2_b|2,vit_sup_b16|2,1.0,0.25,536,256,768,768,0.5265872960758224,0.4166666666666667,0.5460340983203522,0.5297788553831442,0.4209905303696561,0.49117373020070004,0.8513922450018327,0.4932835820895522,-0.045969253901200935,0.9999999994231523,0.9838841287542544,0.7553348228433996,heteroscedastic,rbf
3,mae_b16|2,vit_sup_b16|2,1.0,0.25,536,256,768,768,0.15606526684796346,0.15,0.08320242487807587,0.21387161843833424,0.22007549765466078,0.15086499962227093,0.31095687129586375,0.1345149253731343,-0.37714239794630167,0.9999999902373716,0.944321740097184,0.5817300416186524,heteroscedastic,rbf
3,clip_b16|2,convnext_s|2,1.0,1.0,536,1024,768,768,0.355486543018175,0.31666666666666665,0.4120217004015405,0.2635127719415244,0.25167907744148554,0.08478759034020801,0.5669205454521126,0.32518656716417915,-0.3655962049184298,0.9999999987206644,0.9728455576069285,0.6621100225925355,heteroscedastic,rbf
3,clip_b16|2,dinov2_b|2,1.0,1.0,536,1024,768,768,0.405164569901583,0.38333333333333336,0.5224725532549255,0.2884810819098302,0.2824515518955925,0.10397622824909974,0.6640970399032284,0.36828358208955225,-0.2403974903134688,0.9999999986082917,0.9717131675929789,0.683707007976108,heteroscedastic,rbf
3,clip_b16|2,mae_b16|2,1.0,1.0,536,1024,768,768,0.2881136892046922,0.16666666666666666,0.13892746302738465,0.4178663357889442,0.3646438235869696,0.19604139910855936,0.4085537139111505,0.17089552238805972,-0.2830287615945125,0.9999999895541524,0.9342953639043654,0.5664354236081395,heteroscedastic,rbf
3,clip_b16|2,vit_sup_b16|2,1.0,1.0,536,1024,768,768,0.4793572759924333,0.38333333333333336,0.458457195406232,0.4373928131280931,0.387522145951729,0.1511168190174007,0.651395249483911,0.355410447761194,-0.13749600900491482,0.9999999988546863,0.9758495166107298,0.6934500648510827,heteroscedastic,rbf
3,convnext_s|2,dinov2_b|2,1.0,1.0,536,1024,768,768,0.6267071852977368,0.36666666666666664,0.6110353805972014,0.647391810552955,0.5606112172864975,0.0999974818060487,0.7235981272729792,0.3798507462686567,-0.3322347907450036,0.999999999283653,0.9812076388298895,0.71253647883694,heteroscedastic,rbf
3,convnext_s|2,mae_b16|2,1.0,1.0,536,1024,768,768,0.038077216881158,0.15,-0.007927831625817418,0.11714406278633782,0.08019064485181492,0.13439601118078118,0.28789922343628804,0.1274253731343284,-0.5328342297159763,0.999999990047001,0.9409686244887432,0.5579303415778569,heteroscedastic,rbf
3,convnext_s|2,vit_sup_b16|2,1.0,1.0,536,1024,768,768,0.6237790104972513,0.4166666666666667,0.6095182143517602,0.6289036547633908,0.5546677160350811,0.4805469517262219,0.7599708945897865,0.4673507462686567,-0.1284538095544605,0.9999999995407964,0.9854183116966636,0.7461158402468397,heteroscedastic,rbf
3,dinov2_b|2,mae_b16|2,1.0,1.0,536,1024,768,768,0.1393770538251495,0.13333333333333333,0.18290335873864935,0.15591886569933525,0.2182883707403299,0.25375840447231246,0.3019195404849662,0.13843283582089552,-0.4844358103853157,0.9999999899955645,0.9401002916570661,0.57977729533493,heteroscedastic,rbf
3,dinov2_b|2,vit_sup_b16|2,1.0,1.0,536,1024,768,768,0.5731047030686196,0.45,0.558323108965137,0.602066477713369,0.46789191962560267,0.4848278814434288,0.8513922450018327,0.4932835820895522,-0.045969253901200935,0.9999999994231523,0.9838841287542544,0.7553348228433996,heteroscedastic,rbf
3,mae_b16|2,vit_sup_b16|2,1.0,1.0,536,1024,768,768,0.1756375989933305,0.16666666666666666,0.09118830491626921,0.2524028989222736,0.24028102842368676,0.2426783510866007,0.31095687129586375,0.1345149253731343,-0.37714239794630167,0.9999999902373716,0.944321740097184,0.5817300416186524,heteroscedastic,rbf
3,clip_b16|2,convnext_s|2,10.0,0.1,536,102,768,768,0.31973627704521396,0.25,0.38896695571660944,0.25869203321400175,0.22526125586142134,0.07129007076125003,0.5669205454521126,0.32518656716417915,-0.3655962049184298,0.9999999987206644,0.9728455576069285,0.6621100225925355,heteroscedastic,rbf
3,clip_b16|2,dinov2_b|2,10.0,0.1,536,102,768,768,0.37940249834027306,0.35,0.545955023083679,0.24087468117970975,0.2651871399145599,0.1364609302208456,0.6640970399032284,0.36828358208955225,-0.2403974903134688,0.9999999986082917,0.9717131675929789,0.683707007976108,heteroscedastic,rbf
3,clip_b16|2,mae_b16|2,10.0,0.1,536,102,768,768,0.23124358678774104,0.06666666666666667,0.1820295773734118,0.34549716695724586,0.2828300766423992,0.20409961975271337,0.4085537139111505,0.17089552238805972,-0.2830287615945125,0.9999999895541524,0.9342953639043654,0.5664354236081395,heteroscedastic,rbf
3,clip_b16|2,vit_sup_b16|2,10.0,0.1,536,102,768,768,0.4252933480370778,0.31666666666666665,0.44416326807889045,0.4250932548476183,0.3311860736183625,0.2145249427110876,0.651395249483911,0.355410447761194,-0.13749600900491482,0.9999999988546863,0.9758495166107298,0.6934500648510827,heteroscedastic,rbf
3,convnext_s|2,dinov2_b|2,10.0,0.1,536,102,768,768,0.5941807616132266,0.3,0.5738078374701963,0.5991168402182876,0.5338438459809622,0.04449648711943793,0.7235981272729792,0.3798507462686567,-0.3322347907450036,0.999999999283653,0.9812076388298895,0.71253647883694,heteroscedastic,rbf
3,convnext_s|2,mae_b16|2,10.0,0.1,536,102,768,768,0.025261681282448004,0.16666666666666666,-0.005610567758402148,0.1306763137294985,0.05866035453019257,-0.07355644531741834,0.28789922343628804,0.1274253731343284,-0.5328342297159763,0.999999990047001,0.9409686244887432,0.5579303415778569,heteroscedastic,rbf
3,convnext_s|2,vit_sup_b16|2,10.0,0.1,536,102,768,768,0.5879589665526849,0.43333333333333335,0.5518141386882605,0.6291829236040536,0.514750077533227,0.4405580317796076,0.7599708945897865,0.4673507462686567,-0.1284538095544605,0.9999999995407964,0.9854183116966636,0.7461158402468397,heteroscedastic,rbf
3,dinov2_b|2,mae_b16|2,10.0,0.1,536,102,768,768,0.09438342884285789,0.1,0.1979998997182226,0.12990832441767558,0.15256323557590107,0.15811739820200954,0.3019195404849662,0.13843283582089552,-0.4844358103853157,0.9999999899955645,0.9401002916570661,0.57977729533493,heteroscedastic,rbf
3,dinov2_b|2,vit_sup_b16|2,10.0,0.1,536,102,768,768,0.5538743163175452,0.4,0.5378437009654907,0.6064202789393034,0.4538570666050587,0.4866409810883634,0.8513922450018327,0.4932835820895522,-0.045969253901200935,0.9999999994231523,0.9838841287542544,0.7553348228433996,heteroscedastic,rbf
3,mae_b16|2,vit_sup_b16|2,10.0,0.1,536,102,768,768,0.12190122750340972,0.1,0.07786448696974888,0.224074426263112,0.1702576492033468,0.08529122913046763,0.31095687129586375,0.1345149253731343,-0.37714239794630167,0.9999999902373716,0.944321740097184,0.5817300416186524,heteroscedastic,rbf
3,clip_b16|2,convnext_s|2,10.0,0.25,536,256,768,768,0.2889289136914269,0.25,0.3364329627999535,0.2742378124983418,0.18071847957890969,0.024451663267104833,0.5669205454521126,0.32518656716417915,-0.3655962049184298,0.9999999987206644,0.9728455576069285,0.6621100225925355,heteroscedastic,rbf
3,clip_b16|2,dinov2_b|2,10.0,0.25,536,256,768,768,0.3705140847613465,0.4,0.5163701015811274,0.2815412512193576,0.23908681058955342,0.07874392485709249,0.6640970399032284,0.36828358208955225,-0.2403974903134688,0.9999999986082917,0.9717131675929789,0.683707007976108,heteroscedastic,rbf
3,clip_b16|2,mae_b16|2,10.0,0.25,536,256,768,768,0.22436473434648427,0.11666666666666667,0.13849865958488017,0.36569333097630424,0.28465573417020795,0.1806300521266148,0.4085537139111505,0.17089552238805972,-0.2830287615945125,0.9999999895541524,0.9342953639043654,0.5664354236081395,heteroscedastic,rbf
3,clip_b16|2,vit_sup_b16|2,10.0,0.25,536,256,768,768,0.405851405142792,0.2833333333333333,0.44073319997174865,0.3933504413425123,0.2966321276963097,0.14300823449422073,0.651395249483911,0.355410447761194,-0.13749600900491482,0.9999999988546863,0.9758495166107298,0.6934500648510827,heteroscedastic,rbf
3,convnext_s|2,dinov2_b|2,10.0,0.25,536,256,768,768,0.6144792068866857,0.35,0.5611478920788359,0.6656213633960656,0.5546086100740061,0.060260381254564226,0.7235981272729792,0.3798507462686567,-0.3322347907450036,0.999999999283653,0.9812076388298895,0.71253647883694,heteroscedastic,rbf
3,convnext_s|2,mae_b16|2,10.0,0.25,536,256,768,768,0.01953288759135442,0.1,-0.036478305259527624,0.16572567030805305,0.05642696605056088,-0.0014353705522399335,0.28789922343628804,0.1274253731343284,-0.5328342297159763,0.999999990047001,0.9409686244887432,0.5579303415778569,heteroscedastic,rbf
3,convnext_s|2,vit_sup_b16|2,10.0,0.25,536,256,768,768,0.6017543382064949,0.4666666666666667,0.5359455358524428,0.6628141530097221,0.5337818887544897,0.4196066581048072,0.7599708945897865,0.4673507462686567,-0.1284538095544605,0.9999999995407964,0.9854183116966636,0.7461158402468397,heteroscedastic,rbf
3,dinov2_b|2,mae_b16|2,10.0,0.25,536,256,768,768,0.11590748863191286,0.1,0.17533801518639922,0.20250984492480545,0.18524104886648904,0.15741230389564603,0.3019195404849662,0.13843283582089552,-0.4844358103853157,0.9999999899955645,0.9401002916570661,0.57977729533493,heteroscedastic,rbf
3,dinov2_b|2,vit_sup_b16|2,10.0,0.25,536,256,768,768,0.5725858127383687,0.4666666666666667,0.5223884459577369,0.6502995577219369,0.4715960986829119,0.5052252524489437,0.8513922450018327,0.4932835820895522,-0.045969253901200935,0.9999999994231523,0.9838841287542544,0.7553348228433996,heteroscedastic,rbf
3,mae_b16|2,vit_sup_b16|2,10.0,0.25,536,256,768,768,0.1403251675699099,0.13333333333333333,0.0713673779783733,0.2915675611368364,0.19910952669803544,0.08639923446903881,0.31095687129586375,0.1345149253731343,-0.37714239794630167,0.9999999902373716,0.944321740097184,0.5817300416186524,heteroscedastic,rbf
3,clip_b16|2,convnext_s|2,10.0,1.0,536,1024,768,768,0.32009088914135875,0.31666666666666665,0.37581674385787595,0.29745678244873525,0.19743090199125823,0.09068016418624562,0.5669205454521126,0.32518656716417915,-0.3655962049184298,0.9999999987206644,0.9728455576069285,0.6621100225925355,heteroscedastic,rbf
3,clip_b16|2,dinov2_b|2,10.0,1.0,536,1024,768,768,0.3869396303878621,0.43333333333333335,0.5106860297959087,0.3267688399647115,0.24462535509331745,0.08559341240462341,0.6640970399032284,0.36828358208955225,-0.2403974903134688,0.9999999986082917,0.9717131675929789,0.683707007976108,heteroscedastic,rbf
3,clip_b16|2,mae_b16|2,10.0,1.0,536,1024,768,768,0.2616185600515557,0.2,0.15267936555062156,0.4219380754858091,0.31404241657996956,0.19573921583440357,0.4085537139111505,0.17089552238805972,-0.2830287615945125,0.9999999895541524,0.9342953639043654,0.5664354236081395,heteroscedastic,rbf
3,clip_b16|2,vit_sup_b16|2,10.0,1.0,536,1024,768,768,0.41931272031311195,0.4,0.4173617949072313,0.4445013221983261,0.2996000637912837,0.1505124524690892,0.651395249483911,0.355410447761194,-0.13749600900491482,0.9999999988546863,0.9758495166107298,0.6934500648510827,heteroscedastic,rbf
3,convnext_s|2,dinov2_b|2,10.0,1.0,536,1024,768,768,0.6521218114494762,0.38333333333333336,0.5907134042051133,0.7097894061599445,0.5913606504337449,0.07753519176046939,0.7235981272729792,0.3798507462686567,-0.3322347907450036,0.999999999283653,0.9812076388298895,0.71253647883694,heteroscedastic,rbf
3,convnext_s|2,mae_b16|2,10.0,1.0,536,1024,768,768,0.04418551162642118,0.15,0.0023864546995042164,0.18110444682567678,0.06746036134240503,0.14582861171967465,0.28789922343628804,0.1274253731343284,-0.5328342297159763,0.999999990047001,0.9409686244887432,0.5579303415778569,heteroscedastic,rbf
3,convnext_s|2,vit_sup_b16|2,10.0,1.0,536,1024,768,768,0.6220213945038735,0.48333333333333334,0.5766275885233797,0.6663899112455697,0.54892912058614,0.4709274508322631,0.7599708945897865,0.4673507462686567,-0.1284538095544605,0.9999999995407964,0.9854183116966636,0.7461158402468397,heteroscedastic,rbf
3,dinov2_b|2,mae_b16|2,10.0,1.0,536,1024,768,768,0.15582709951972087,0.18333333333333332,0.19017145128758747,0.2518588832206623,0.21011271398891296,0.21825186975900884,0.3019195404849662,0.13843283582089552,-0.4844358103853157,0.9999999899955645,0.9401002916570661,0.57977729533493,heteroscedastic,rbf
3,dinov2_b|2,vit_sup_b16|2,10.0,1.0,536,1024,768,768,0.580422612285034,0.4666666666666667,0.5117628907462385,0.6778298800344841,0.4741620063568576,0.47203545617083437,0.8513922450018327,0.4932835820895522,-0.045969253901200935,0.9999999994231523,0.9838841287542544,0.7553348228433996,heteroscedastic,rbf
3,mae_b16|2,vit_sup_b16|2,10.0,1.0,536,1024,768,768,0.17183303286953575,0.18333333333333332,0.08584389721585078,0.3355870328774827,0.21760383586128193,0.1802271410944071,0.31095687129586375,0.1345149253731343,-0.37714239794630167,0.9999999902373716,0.944321740097184,0.5817300416186524,heteroscedastic,rbf
3,clip_b16|2,convnext_s|2,0.1,0.1,536,102,768,768,0.23125969794360537,0.23333333333333334,0.23125969794360537,,0.16668694019112493,0.05220216061041021,0.5669205454521126,0.32518656716417915,-0.3655962049184298,0.9999999987206644,0.9728455576069285,0.6621100225925355,homoscedastic,rbf
3,clip_b16|2,dinov2_b|2,0.1,0.1,536,102,768,768,0.31843077341881504,0.3333333333333333,0.31843077341881504,,0.22715804090171038,0.08559341240462341,0.6640970399032284,0.36828358208955225,-0.2403974903134688,0.9999999986082917,0.9717131675929789,0.683707007976108,homoscedastic,rbf
3,clip_b16|2,mae_b16|2,0.1,0.1,536,102,768,768,0.21870749640971224,0.1,0.21870749640971224,,0.25797960335738807,0.23054065624134368,0.4085537139111505,0.17089552238805972,-0.2830287615945125,0.9999999895541524,0.9342953639043654,0.5664354236081395,homoscedastic,rbf
3,clip_b16|2,vit_sup_b16|2,0.1,0.1,536,102,768,768,0.38134561484893015,0.26666666666666666,0.38134561484893015,,0.3111405990177236,0.1804789604895369,0.651395249483911,0.355410447761194,-0.13749600900491482,0.9999999988546863,0.9758495166107298,0.6934500648510827,homoscedastic,rbf
3,convnext_s|2,dinov2_b|2,0.1,0.1,536,102,768,768,0.503748454856819,0.2,0.503748454856819,,0.47243329185255917,-0.001485734431265896,0.7235981272729792,0.3798507462686567,-0.3322347907450036,0.999999999283653,0.9812076388298895,0.71253647883694,homoscedastic,rbf
3,convnext_s|2,mae_b16|2,0.1,0.1,536,102,768,768,0.030707140853169033,0.11666666666666667,0.030707140853169033,,0.05819698537250761,-0.048374505804437064,0.28789922343628804,0.1274253731343284,-0.5328342297159763,0.999999990047001,0.9409686244887432,0.5579303415778569,homoscedastic,rbf
3,convnext_s|2,vit_sup_b16|2,0.1,0.1,536,102,768,768,0.4994216095044708,0.43333333333333335,0.4994216095044708,,0.44285696176325945,0.39659036538994236,0.7599708945897865,0.4673507462686567,-0.1284538095544605,0.9999999995407964,0.9854183116966636,0.7461158402468397,homoscedastic,rbf
3,dinov2_b|2,mae_b16|2,0.1,0.1,536,102,768,768,0.11162719896444155,0.13333333333333333,0.11162719896444155,,0.16428671415513402,0.1397345823575332,0.3019195404849662,0.13843283582089552,-0.4844358103853157,0.9999999899955645,0.9401002916570661,0.57977729533493,homoscedastic,rbf
3,dinov2_b|2,vit_sup_b16|2,0.1,0.1,536,102,768,768,0.46371884366345456,0.31666666666666665,0.46371884366345456,,0.3732132632081305,0.48719498375764897,0.8513922450018327,0.4932835820895522,-0.045969253901200935,0.9999999994231523,0.9838841287542544,0.7553348228433996,homoscedastic,rbf
3,mae_b16|2,vit_sup_b16|2,0.1,0.1,536,102,768,768,0.0794311095308598,0.11666666666666667,0.0794311095308598,,0.118617610979437,-0.0071768527611996685,0.31095687129586375,0.1345149253731343,-0.37714239794630167,0.9999999902373716,0.944321740097184,0.5817300416186524,homoscedastic,rbf
3,clip_b16|2,convnext_s|2,0.1,0.25,536,256,768,768,0.2791956088766913,0.2,0.2791956088766913,,0.19956149079413096,0.01891163657424895,0.5669205454521126,0.32518656716417915,-0.3655962049184298,0.9999999987206644,0.9728455576069285,0.6621100225925355,homoscedastic,rbf
3,clip_b16|2,dinov2_b|2,0.1,0.25,536,256,768,768,0.35477981883283005,0.35,0.35477981883283005,,0.24527444180796576,0.059202739795019006,0.6640970399032284,0.36828358208955225,-0.2403974903134688,0.9999999986082917,0.9717131675929789,0.683707007976108,homoscedastic,rbf
3,clip_b16|2,mae_b16|2,0.1,0.25,536,256,768,768,0.18220033944538735,0.08333333333333333,0.18220033944538735,,0.23331546411915605,0.214021303920828,0.4085537139111505,0.17089552238805972,-0.2830287615945125,0.9999999895541524,0.9342953639043654,0.5664354236081395,homoscedastic,rbf
3,clip_b16|2,vit_sup_b16|2,0.1,0.25,536,256,768,768,0.412090755807655,0.3,0.412090755807655,,0.3253605531054152,0.15781521492785375,0.651395249483911,0.355410447761194,-0.13749600900491482,0.9999999988546863,0.9758495166107298,0.6934500648510827,homoscedastic,rbf
3,convnext_s|2,dinov2_b|2,0.1,0.25,536,256,768,768,0.5511806421684504,0.25,0.5511806421684504,,0.5085953514587247,0.0036010173503563244,0.7235981272729792,0.3798507462686567,-0.3322347907450036,0.999999999283653,0.9812076388298895,0.71253647883694,homoscedastic,rbf
3,convnext_s|2,mae_b16|2,0.1,0.25,536,256,768,768,0.02162017116714213,0.13333333333333333,0.02162017116714213,,0.06110003591438481,-0.08292412681624739,0.28789922343628804,0.1274253731343284,-0.5328342297159763,0.999999990047001,0.9409686244887432,0.5579303415778569,homoscedastic,rbf
3,convnext_s|2,vit_sup_b16|2,0.1,0.25,536,256,768,768,0.5597433326203684,0.45,0.5597433326203684,,0.5038103886933609,0.3731207977638438,0.7599708945897865,0.4673507462686567,-0.1284538095544605,0.9999999995407964,0.9854183116966636,0.7461158402468397,homoscedastic,rbf
3,dinov2_b|2,mae_b16|2,0.1,0.25,536,256,768,768,0.10567723799232774,0.06666666666666667,0.10567723799232774,,0.1704356606376146,0.1887386366497948,0.3019195404849662,0.13843283582089552,-0.4844358103853157,0.9999999899955645,0.9401002916570661,0.57977729533493,homoscedastic,rbf
3,dinov2_b|2,vit_sup_b16|2,0.1,0.25,536,256,768,768,0.530200028333412,0.35,0.530200028333412,,0.4354531502610314,0.4856840673868702,0.8513922450018327,0.4932835820895522,-0.045969253901200935,0.9999999994231523,0.9838841287542544,0.7553348228433996,homoscedastic,rbf
3,mae_b16|2,vit_sup_b16|2,0.1,0.25,536,256,768,768,0.10837813438370661,0.11666666666666667,0.10837813438370661,,0.1641792908047577,0.025307849210546195,0.31095687129586375,0.1345149253731343,-0.37714239794630167,0.9999999902373716,0.944321740097184,0.5817300416186524,homoscedastic,rbf
3,clip_b16|2,convnext_s|2,0.1,1.0,536,1024,768,768,0.34464584623846173,0.26666666666666666,0.34464584623846173,,0.23303773545720752,0.05290725491677369,0.5669205454521126,0.32518656716417915,-0.3655962049184298,0.9999999987206644,0.9728455576069285,0.6621100225925355,homoscedastic,rbf
3,clip_b16|2,dinov2_b|2,0.1,1.0,536,1024,768,768,0.42008522245895125,0.43333333333333335,0.42008522245895125,,0.2913315482613851,0.08715469265442825,0.6640970399032284,0.36828358208955225,-0.2403974903134688,0.9999999986082917,0.9717131675929789,0.683707007976108,homoscedastic,rbf
3,clip_b16|2,mae_b16|2,0.1,1.0,536,1024,768,768,0.20210033916760878,0.13333333333333333,0.20210033916760878,,0.2550244594260888,0.14703734481629774,0.4085537139111505,0.17089552238805972,-0.2830287615945125,0.9999999895541524,0.9342953639043654,0.5664354236081395,homoscedastic,rbf
3,clip_b16|2,vit_sup_b16|2,0.1,1.0,536,1024,768,768,0.45296464712401974,0.4,0.45296464712401974,,0.34339141604974976,0.1658230716929818,0.651395249483911,0.355410447761194,-0.13749600900491482,0.9999999988546863,0.9758495166107298,0.6934500648510827,homoscedastic,rbf
3,convnext_s|2,dinov2_b|2,0.1,1.0,536,1024,768,768,0.6303514176428268,0.35,0.6303514176428268,,0.5689209605728176,0.06418876381858932,0.7235981272729792,0.3798507462686567,-0.3322347907450036,0.999999999283653,0.9812076388298895,0.71253647883694,homoscedastic,rbf
3,convnext_s|2,mae_b16|2,0.1,1.0,536,1024,768,768,0.0414248372912147,0.13333333333333333,0.0414248372912147,,0.07479096467902514,0.023897660597819243,0.28789922343628804,0.1274253731343284,-0.5328342297159763,0.999999990047001,0.9409686244887432,0.5579303415778569,homoscedastic,rbf
3,convnext_s|2,vit_sup_b16|2,0.1,1.0,536,1024,768,768,0.6235696765824348,0.48333333333333334,0.6235696765824348,,0.5524958224145602,0.4260028707411045,0.7599708945897865,0.4673507462686567,-0.1284538095544605,0.9999999995407964,0.9854183116966636,0.7461158402468397,homoscedastic,rbf
3,dinov2_b|2,mae_b16|2,0.1,1.0,536,1024,768,768,0.15043108453079035,0.16666666666666666,0.15043108453079035,,0.21206467486770222,0.2648888217370502,0.3019195404849662,0.13843283582089552,-0.4844358103853157,0.9999999899955645,0.9401002916570661,0.57977729533493,homoscedastic,rbf
3,dinov2_b|2,vit_sup_b16|2,0.1,1.0,536,1024,768,768,0.5891779699388053,0.5333333333333333,0.5891779699388053,,0.4842906257830142,0.5024048752234896,0.8513922450018327,0.4932835820895522,-0.045969253901200935,0.9999999994231523,0.9838841287542544,0.7553348228433996,homoscedastic,rbf
3,mae_b16|2,vit_sup_b16|2,0.1,1.0,536,1024,768,768,0.15155358764885457,0.11666666666666667,0.15155358764885457,,0.20755250884576187,0.12815089018156178,0.31095687129586375,0.1345149253731343,-0.37714239794630167,0.9999999902373716,0.944321740097184,0.5817300416186524,homoscedastic,rbf
3,clip_b16|2,convnext_s|2,1.0,0.1,536,102,768,768,0.3244562901563615,0.23333333333333334,0.3244562901563615,,0.2345124561574598,0.05230288836846214,0.5669205454521126,0.32518656716417915,-0.3655962049184298,0.9999999987206644,0.9728455576069285,0.6621100225925355,homoscedastic,rbf
3,clip_b16|2,dinov2_b|2,1.0,0.1,536,102,768,768,0.38969119358664883,0.3333333333333333,0.38969119358664883,,0.2778992369744082,0.12200649694039435,0.6640970399032284,0.36828358208955225,-0.2403974903134688,0.9999999986082917,0.9717131675929789,0.683707007976108,homoscedastic,rbf
3,clip_b16|2,mae_b16|2,1.0,0.1,536,102,768,768,0.2042153450426251,0.08333333333333333,0.2042153450426251,,0.25541431217325794,0.21256075142907507,0.4085537139111505,0.17089552238805972,-0.2830287615945125,0.9999999895541524,0.9342953639043654,0.5664354236081395,homoscedastic,rbf
3,clip_b16|2,vit_sup_b16|2,1.0,0.1,536,102,768,768,0.43348725968683244,0.31666666666666665,0.43348725968683244,,0.341807807835809,0.2029916144141422,0.651395249483911,0.355410447761194,-0.13749600900491482,0.9999999988546863,0.9758495166107298,0.6934500648510827,homoscedastic,rbf
3,convnext_s|2,dinov2_b|2,1.0,0.1,536,102,768,768,0.6017818938385938,0.2833333333333333,0.6017818938385938,,0.5505726824346524,0.04348920953891869,0.7235981272729792,0.3798507462686567,-0.3322347907450036,0.999999999283653,0.9812076388298895,0.71253647883694,homoscedastic,rbf
3,convnext_s|2,mae_b16|2,1.0,0.1,536,102,768,768,0.03165803238342328,0.16666666666666666,0.03165803238342328,,0.06819598781492467,-0.0629800307219662,0.28789922343628804,0.1274253731343284,-0.5328342297159763,0.999999990047001,0.9409686244887432,0.5579303415778569,homoscedastic,rbf
3,convnext_s|2,vit_sup_b16|2,1.0,0.1,536,102,768,768,0.5926427573409926,0.43333333333333335,0.5926427573409926,,0.524012374645947,0.4358238271511672,0.7599708945897865,0.4673507462686567,-0.1284538095544605,0.9999999995407964,0.9854183116966636,0.7461158402468397,homoscedastic,rbf
3,dinov2_b|2,mae_b16|2,1.0,0.1,536,102,768,768,0.10003200008888914,0.08333333333333333,0.10003200008888914,,0.1606124348538836,0.1726725592405127,0.3019195404849662,0.13843283582089552,-0.4844358103853157,0.9999999899955645,0.9401002916570661,0.57977729533493,homoscedastic,rbf
3,dinov2_b|2,vit_sup_b16|2,1.0,0.1,536,102,768,768,0.5656117933660927,0.36666666666666664,0.5656117933660927,,0.47262394132804775,0.48341769283070185,0.8513922450018327,0.4932835820895522,-0.045969253901200935,0.9999999994231523,0.9838841287542544,0.7553348228433996,homoscedastic,rbf
3,mae_b16|2,vit_sup_b16|2,1.0,0.1,536,102,768,768,0.11499748610412806,0.1,0.11499748610412806,,0.166977692200429,0.04192792928911385,0.31095687129586375,0.1345149253731343,-0.37714239794630167,0.9999999902373716,0.944321740097184,0.5817300416186524,homoscedastic,rbf
3,clip_b16|2,convnext_s|2,1.0,0.25,536,256,768,768,0.3039111219753388,0.25,0.3039111219753388,,0.19928014025451546,0.03321497821762232,0.5669205454521126,0.32518656716417915,-0.3655962049184298,0.9999999987206644,0.9728455576069285,0.6621100225925355,homoscedastic,rbf
3,clip_b16|2,dinov2_b|2,1.0,0.25,536,256,768,768,0.38974891596921096,0.43333333333333335,0.38974891596921096,,0.26168355123101644,0.07718264460728766,0.6640970399032284,0.36828358208955225,-0.2403974903134688,0.9999999986082917,0.9717131675929789,0.683707007976108,homoscedastic,rbf
3,clip_b16|2,mae_b16|2,1.0,0.25,536,256,768,768,0.19920860891280254,0.06666666666666667,0.19920860891280254,,0.25414619262247407,0.16275087507239805,0.4085537139111505,0.17089552238805972,-0.2830287615945125,0.9999999895541524,0.9342953639043654,0.5664354236081395,homoscedastic,rbf
3,clip_b16|2,vit_sup_b16|2,1.0,0.25,536,256,768,768,0.41819388387189965,0.3333333333333333,0.41819388387189965,,0.3091204389530785,0.14733952809045353,0.651395249483911,0.355410447761194,-0.13749600900491482,0.9999999988546863,0.9758495166107298,0.6934500648510827,homoscedastic,rbf
3,convnext_s|2,dinov2_b|2,1.0,0.25,536,256,768,768,0.6182736618712829,0.36666666666666664,0.6182736618712829,,0.5647687475419876,0.047870867014177435,0.7235981272729792,0.3798507462686567,-0.3322347907450036,0.999999999283653,0.9812076388298895,0.71253647883694,homoscedastic,rbf
3,convnext_s|2,mae_b16|2,1.0,0.25,536,256,768,768,0.0359030441751227,0.11666666666666667,0.0359030441751227,,0.07366001411222248,-0.04635995064339856,0.28789922343628804,0.1274253731343284,-0.5328342297159763,0.999999990047001,0.9409686244887432,0.5579303415778569,homoscedastic,rbf
3,convnext_s|2,vit_sup_b16|2,1.0,0.25,536,256,768,768,0.6085746904852514,0.43333333333333335,0.6085746904852514,,0.544297894968553,0.42444159049129965,0.7599708945897865,0.4673507462686567,-0.1284538095544605,0.9999999995407964,0.9854183116966636,0.7461158402468397,homoscedastic,rbf
3,dinov2_b|2,mae_b16|2,1.0,0.25,536,256,768,768,0.12967074908541412,0.08333333333333333,0.12967074908541412,,0.1966994368249942,0.1572108483795422,0.3019195404849662,0.13843283582089552,-0.4844358103853157,0.9999999899955645,0.9401002916570661,0.57977729533493,homoscedastic,rbf
3,dinov2_b|2,vit_sup_b16|2,1.0,0.25,536,256,768,768,0.5880051333475925,0.45,0.5880051333475925,,0.49321909366056205,0.5091536350129687,0.8513922450018327,0.4932835820895522,-0.045969253901200935,0.9999999994231523,0.9838841287542544,0.7553348228433996,homoscedastic,rbf
3,mae_b16|2,vit_sup_b16|2,1.0,0.25,536,256,768,768,0.15184125511459753,0.13333333333333333,0.15184125511459753,,0.21296798657007757,0.03845282163632243,0.31095687129586375,0.1345149253731343,-0.37714239794630167,0.9999999902373716,0.944321740097184,0.5817300416186524,homoscedastic,rbf
3,clip_b16|2,convnext_s|2,1.0,1.0,536,1024,768,768,0.3456699601943338,0.2833333333333333,0.3456699601943338,,0.2260908199696001,0.0777870111555992,0.5669205454521126,0.32518656716417915,-0.3655962049184298,0.9999999987206644,0.9728455576069285,0.6621100225925355,homoscedastic,rbf
3,clip_b16|2,dinov2_b|2,1.0,1.0,536,1024,768,768,0.4261845171792143,0.45,0.4261845171792143,,0.2902314221853647,0.06912442396313363,0.6640970399032284,0.36828358208955225,-0.2403974903134688,0.9999999986082917,0.9717131675929789,0.683707007976108,homoscedastic,rbf
3,clip_b16|2,mae_b16|2,1.0,1.0,536,1024,768,768,0.24189500526390348,0.11666666666666667,0.24189500526390348,,0.28858693560212884,0.17453602276447333,0.4085537139111505,0.17089552238805972,-0.2830287615945125,0.9999999895541524,0.9342953639043654,0.5664354236081395,homoscedastic,rbf
3,clip_b16|2,vit_sup_b16|2,1.0,1.0,536,1024,768,768,0.4349840416223377,0.38333333333333336,0.4349840416223377,,0.3139008551060518,0.1474906197275314,0.651395249483911,0.355410447761194,-0.13749600900491482,0.9999999988546863,0.9758495166107298,0.6934500648510827,homoscedastic,rbf
3,convnext_s|2,dinov2_b|2,1.0,1.0,536,1024,768,768,0.6622174506040294,0.35,0.6622174506040294,,0.6051539935690095,0.0643398554556672,0.7235981272729792,0.3798507462686567,-0.3322347907450036,0.999999999283653,0.9812076388298895,0.71253647883694,homoscedastic,rbf
3,convnext_s|2,mae_b16|2,1.0,1.0,536,1024,768,768,0.07356781546615407,0.15,0.07356781546615407,,0.099906528584764,0.11571101206214904,0.28789922343628804,0.1274253731343284,-0.5328342297159763,0.999999990047001,0.9409686244887432,0.5579303415778569,homoscedastic,rbf
3,convnext_s|2,vit_sup_b16|2,1.0,1.0,536,1024,768,768,0.6372537701493615,0.48333333333333334,0.6372537701493615,,0.5680994108322422,0.46579033517161494,0.7599708945897865,0.4673507462686567,-0.1284538095544605,0.9999999995407964,0.9854183116966636,0.7461158402468397,homoscedastic,rbf
3,dinov2_b|2,mae_b16|2,1.0,1.0,536,1024,768,768,0.1870840752335423,0.18333333333333332,0.1870840752335423,,0.24108994012304133,0.21084837954219235,0.3019195404849662,0.13843283582089552,-0.4844358103853157,0.9999999899955645,0.9401002916570661,0.57977729533493,homoscedastic,rbf
3,dinov2_b|2,vit_sup_b16|2,1.0,1.0,536,1024,768,768,0.609661804616124,0.5166666666666667,0.609661804616124,,0.5106637518514441,0.46951726221953616,0.8513922450018327,0.4932835820895522,-0.045969253901200935,0.9999999994231523,0.9838841287542544,0.7553348228433996,homoscedastic,rbf
3,mae_b16|2,vit_sup_b16|2,1.0,1.0,536,1024,768,768,0.1904938624829513,0.11666666666666667,0.1904938624829513,,0.24014378237847855,0.12699252096396466,0.31095687129586375,0.1345149253731343,-0.37714239794630167,0.9999999902373716,0.944321740097184,0.5817300416186524,homoscedastic,rbf
3,clip_b16|2,convnext_s|2,10.0,0.1,536,102,768,768,0.33537876494101365,0.25,0.33537876494101365,,0.24006171217177072,0.06121729495605752,0.5669205454521126,0.32518656716417915,-0.3655962049184298,0.9999999987206644,0.9728455576069285,0.6621100225925355,homoscedastic,rbf
3,clip_b16|2,dinov2_b|2,10.0,0.1,536,102,768,768,0.3986843296786935,0.36666666666666664,0.3986843296786935,,0.28302403975064677,0.13026617310065222,0.6640970399032284,0.36828358208955225,-0.2403974903134688,0.9999999986082917,0.9717131675929789,0.683707007976108,homoscedastic,rbf
3,clip_b16|2,mae_b16|2,10.0,0.1,536,102,768,768,0.21637387881633,0.08333333333333333,0.21637387881633,,0.2613340785667721,0.21462567046913952,0.4085537139111505,0.17089552238805972,-0.2830287615945125,0.9999999895541524,0.9342953639043654,0.5664354236081395,homoscedastic,rbf
3,clip_b16|2,vit_sup_b16|2,10.0,0.1,536,102,768,768,0.4310190306084183,0.3333333333333333,0.4310190306084183,,0.33222223887600955,0.20933746317141344,0.651395249483911,0.355410447761194,-0.13749600900491482,0.9999999988546863,0.9758495166107298,0.6934500648510827,homoscedastic,rbf
3,convnext_s|2,dinov2_b|2,10.0,0.1,536,102,768,768,0.6191093864149623,0.2833333333333333,0.6191093864149623,,0.5649431370985885,0.05869910100475939,0.7235981272729792,0.3798507462686567,-0.3322347907450036,0.999999999283653,0.9812076388298895,0.71253647883694,homoscedastic,rbf
3,convnext_s|2,mae_b16|2,10.0,0.1,536,102,768,768,0.040694390817752266,0.18333333333333332,0.040694390817752266,,0.07077353173414076,-0.06987988214852307,0.28789922343628804,0.1274253731343284,-0.5328342297159763,0.999999990047001,0.9409686244887432,0.5579303415778569,homoscedastic,rbf
3,convnext_s|2,vit_sup_b16|2,10.0,0.1,536,102,768,768,0.6079977999938888,0.4166666666666667,0.6079977999938888,,0.5386897641768479,0.4434287728840875,0.7599708945897865,0.4673507462686567,-0.1284538095544605,0.9999999995407964,0.9854183116966636,0.7461158402468397,homoscedastic,rbf
3,dinov2_b|2,mae_b16|2,10.0,0.1,536,102,768,768,0.1157449881805227,0.1,0.1157449881805227,,0.1686620964992279,0.16803908237012416,0.3019195404849662,0.13843283582089552,-0.4844358103853157,0.9999999899955645,0.9401002916570661,0.57977729533493,homoscedastic,rbf
3,dinov2_b|2,vit_sup_b16|2,10.0,0.1,536,102,768,768,0.5828979524943124,0.4,0.5828979524943124,,0.4904774093279301,0.49298682984563474,0.8513922450018327,0.4932835820895522,-0.045969253901200935,0.9999999994231523,0.9838841287542544,0.7553348228433996,homoscedastic,rbf
3,mae_b16|2,vit_sup_b16|2,10.0,0.1,536,102,768,768,0.1337682049116803,0.1,0.1337682049116803,,0.17930864443175415,0.0675631437133288,0.31095687129586375,0.1345149253731343,-0.37714239794630167,0.9999999902373716,0.944321740097184,0.5817300416186524,homoscedastic,rbf
3,clip_b16|2,convnext_s|2,10.0,0.25,536,256,768,768,0.2964884902458062,0.23333333333333334,0.2964884902458062,,0.18794435670809695,0.01815617838885951,0.5669205454521126,0.32518656716417915,-0.3655962049184298,0.9999999987206644,0.9728455576069285,0.6621100225925355,homoscedastic,rbf
3,clip_b16|2,dinov2_b|2,10.0,0.25,536,256,768,768,0.38483634676762984,0.43333333333333335,0.38483634676762984,,0.25339338149634333,0.07169298179345773,0.6640970399032284,0.36828358208955225,-0.2403974903134688,0.9999999986082917,0.9717131675929789,0.683707007976108,homoscedastic,rbf
3,clip_b16|2,mae_b16|2,10.0,0.25,536,256,768,768,0.21320898113605868,0.06666666666666667,0.21320898113605868,,0.26470296422559686,0.1552970209765556,0.4085537139111505,0.17089552238805972,-0.2830287615945125,0.9999999895541524,0.9342953639043654,0.5664354236081395,homoscedastic,rbf
3,clip_b16|2,vit_sup_b16|2,10.0,0.25,536,256,768,768,0.40680557445992904,0.3,0.40680557445992904,,0.2936503205804837,0.12714361260104254,0.651395249483911,0.355410447761194,-0.13749600900491482,0.9999999988546863,0.9758495166107298,0.6934500648510827,homoscedastic,rbf
3,convnext_s|2,dinov2_b|2,10.0,0.25,536,256,768,768,0.6337292048033466,0.36666666666666664,0.6337292048033466,,0.5815393511806878,0.0593538314320969,0.7235981272729792,0.3798507462686567,-0.3322347907450036,0.999999999283653,0.9812076388298895,0.71253647883694,homoscedastic,rbf
3,convnext_s|2,mae_b16|2,10.0,0.25,536,256,768,768,0.049074858541273726,0.11666666666666667,0.049074858541273726,,0.0839832131364424,-0.024350935509052908,0.28789922343628804,0.1274253731343284,-0.5328342297159763,0.999999990047001,0.9409686244887432,0.5579303415778569,homoscedastic,rbf
3,convnext_s|2,vit_sup_b16|2,10.0,0.25,536,256,768,768,0.615902044172345,0.43333333333333335,0.615902044172345,,0.5525391308241092,0.4354209161189595,0.7599708945897865,0.4673507462686567,-0.1284538095544605,0.9999999995407964,0.9854183116966636,0.7461158402468397,homoscedastic,rbf
3,dinov2_b|2,mae_b16|2,10.0,0.25,536,256,768,768,0.14872246867352407,0.08333333333333333,0.14872246867352407,,0.21242693969562124,0.14411623983279193,0.3019195404849662,0.13843283582089552,-0.4844358103853157,0.9999999899955645,0.9401002916570661,0.57977729533493,homoscedastic,rbf
3,dinov2_b|2,vit_sup_b16|2,10.0,0.25,536,256,768,768,0.5943858732940924,0.45,0.5943858732940924,,0.5019333313271727,0.5149958449799803,0.8513922450018327,0.4932835820895522,-0.045969253901200935,0.9999999994231523,0.9838841287542544,0.7553348228433996,homoscedastic,rbf
3,mae_b16|2,vit_sup_b16|2,10.0,0.25,536,256,768,768,0.16705313070314085,0.15,0.16705313070314085,,0.22418571231679987,0.05013724157034575,0.31095687129586375,0.1345149253731343,-0.37714239794630167,0.9999999902373716,0.944321740097184,0.5817300416186524,homoscedastic,rbf
3,clip_b16|2,convnext_s|2,10.0,1.0,536,1024,768,768,0.3320359223220064,0.3,0.3320359223220064,,0.21528159578697023,0.05980710634333057,0.5669205454521126,0.32518656716417915,-0.3655962049184298,0.9999999987206644,0.9728455576069285,0.6621100225925355,homoscedastic,rbf
3,clip_b16|2,dinov2_b|2,10.0,1.0,536,1024,768,768,0.4182262728507579,0.43333333333333335,0.4182262728507579,,0.2826006653697518,0.07083679585001636,0.6640970399032284,0.36828358208955225,-0.2403974903134688,0.9999999986082917,0.9717131675929789,0.683707007976108,homoscedastic,rbf
3,clip_b16|2,mae_b16|2,10.0,1.0,536,1024,768,768,0.25818905052514035,0.15,0.25818905052514035,,0.2986438880872166,0.20062451209992196,0.4085537139111505,0.17089552238805972,-0.2830287615945125,0.9999999895541524,0.9342953639043654,0.5664354236081395,homoscedastic,rbf
3,clip_b16|2,vit_sup_b16|2,10.0,1.0,536,1024,768,768,0.4210690585251626,0.38333333333333336,0.4210690585251626,,0.2995136010946393,0.14043967666389665,0.651395249483911,0.355410447761194,-0.13749600900491482,0.9999999988546863,0.9758495166107298,0.6934500648510827,homoscedastic,rbf
3,convnext_s|2,dinov2_b|2,10.0,1.0,536,1024,768,768,0.6663727954799874,0.35,0.6663727954799874,,0.615815645502019,0.06197275314144695,0.7235981272729792,0.3798507462686567,-0.3322347907450036,0.999999999283653,0.9812076388298895,0.71253647883694,homoscedastic,rbf
3,convnext_s|2,mae_b16|2,10.0,1.0,536,1024,768,768,0.0861859060719613,0.16666666666666666,0.0861859060719613,,0.1061916422552754,0.12910780388305507,0.28789922343628804,0.1274253731343284,-0.5328342297159763,0.999999990047001,0.9409686244887432,0.5579303415778569,homoscedastic,rbf
3,convnext_s|2,vit_sup_b16|2,10.0,1.0,536,1024,768,768,0.6339387609410025,0.43333333333333335,0.6339387609410025,,0.569717927781994,0.4613583138173302,0.7599708945897865,0.4673507462686567,-0.1284538095544605,0.9999999995407964,0.9854183116966636,0.7461158402468397,homoscedastic,rbf
3,dinov2_b|2,mae_b16|2,10.0,1.0,536,1024,768,768,0.20208206133905926,0.18333333333333332,0.20208206133905926,,0.2488833731887577,0.19468157437485833,0.3019195404849662,0.13843283582089552,-0.4844358103853157,0.9999999899955645,0.9401002916570661,0.57977729533493,homoscedastic,rbf
3,dinov2_b|2,vit_sup_b16|2,10.0,1.0,536,1024,768,768,0.6019510054194595,0.4666666666666667,0.6019510054194595,,0.5057603459802494,0.46014958072070705,0.8513922450018327,0.4932835820895522,-0.045969253901200935,0.9999999994231523,0.9838841287542544,0.7553348228433996,homoscedastic,rbf
3,mae_b16|2,vit_sup_b16|2,10.0,1.0,536,1024,768,768,0.20348356523212563,0.11666666666666667,0.20348356523212563,,0.24540729536323747,0.12210722469844627,0.31095687129586375,0.1345149253731343,-0.37714239794630167,0.9999999902373716,0.944321740097184,0.5817300416186524,homoscedastic,rbf
4,clip_b16|2,convnext_s|2,0.1,0.1,536,102,768,768,0.2867768521579227,0.25,0.23555237018137526,0.1634680610001343,0.2865999889263016,0.03059605650827227,0.5618668125603204,0.3376865671641791,-0.36983388066498046,0.9999999988026659,0.9738800095386906,0.6675406384449329,heteroscedastic,rbf
4,clip_b16|2,dinov2_b|2,0.1,0.1,536,102,768,768,0.3700365278792441,0.23333333333333334,0.40347187015271047,0.23330258583397634,0.3602341489968805,0.013925612550678656,0.6800049877499306,0.3863805970149254,-0.2399774274721247,0.9999999986751641,0.9723360696963878,0.6864901366968534,heteroscedastic,rbf
4,clip_b16|2,mae_b16|2,0.1,0.1,536,102,768,768,0.3217302825841183,0.2,0.1981246229324297,0.39790643320908664,0.34421281166787115,0.22590717937095517,0.41112020706872643,0.1787313432835821,-0.37415621426454204,0.9999999905402703,0.9368488456222394,0.5677972231769269,heteroscedastic,rbf
4,clip_b16|2,vit_sup_b16|2,0.1,0.1,536,102,768,768,0.48265722960341545,0.3333333333333333,0.34835247642973877,0.3863106324070823,0.4892986037391879,0.15242627987207574,0.6556991033421001,0.38395522388059705,-0.16412957426289976,0.9999999989272637,0.976483013782346,0.697881629579446,heteroscedastic,rbf
4,convnext_s|2,dinov2_b|2,0.1,0.1,536,102,768,768,0.37597232214533927,0.25,0.41275063031050874,0.299079892950668,0.3736636090184599,-0.042985570748659066,0.7256752565808917,0.40242537313432836,-0.2698693406176319,0.9999999993307404,0.9816667260814146,0.7168701751033598,heteroscedastic,rbf
4,convnext_s|2,mae_b16|2,0.1,0.1,536,102,768,768,0.06010977808271689,0.16666666666666666,-0.032081003234716333,0.09839283574886916,0.07331901818294327,0.046913953312684144,0.2839704157665238,0.14011194029850746,-0.574237033390151,0.9999999910867403,0.9436638919579334,0.5674872981819162,heteroscedastic,rbf
4,convnext_s|2,vit_sup_b16|2,0.1,0.1,536,102,768,768,0.4750737640937891,0.38333333333333336,0.4743272359736256,0.36549002326030167,0.46778472745890715,0.3382186295988517,0.760141802693028,0.48749999999999993,-0.11589191317815883,0.9999999995721935,0.9858427013329841,0.7516962268857895,heteroscedastic,rbf
4,dinov2_b|2,mae_b16|2,0.1,0.1,536,102,768,768,0.2044349567637688,0.16666666666666666,0.1888764145706188,0.16030897187455578,0.25508633959133425,0.12971217043136665,0.3219088479392069,0.1492537313432836,-0.5126061686015343,0.9999999909570217,0.9422044202170949,0.5813980011153502,heteroscedastic,rbf
4,dinov2_b|2,vit_sup_b16|2,0.1,0.1,536,102,768,768,0.41289948027633405,0.2833333333333333,0.39873490404309897,0.3414215174966117,0.3698134759972965,0.48941099443479136,0.8486924642983039,0.48600746268656714,-0.04204949744748171,0.9999999994487105,0.9838886000245164,0.7543250643231928,heteroscedastic,rbf
4,mae_b16|2,vit_sup_b16|2,0.1,0.1,536,102,768,768,0.14677785216070044,0.15,0.0005555035376284007,0.20995124245310862,0.16837018857151947,0.08821233411397347,0.3223015191830771,0.1419776119402985,-0.4175553880318751,0.9999999912101555,0.9462038945942112,0.5849713939243448,heteroscedastic,rbf
4,clip_b16|2,convnext_s|2,0.1,0.25,536,256,768,768,0.3099586387739966,0.25,0.31513225063758904,0.12302211334461019,0.28538496456089024,0.055475812747097786,0.5618668125603204,0.3376865671641791,-0.36983388066498046,0.9999999988026659,0.9738800095386906,0.6675406384449329,heteroscedastic,rbf
4,clip_b16|2,dinov2_b|2,0.1,0.25,536,256,768,768,0.3877071880755224,0.2833333333333333,0.46434758167258866,0.2185934959962623,0.3500543609160252,0.039611190853919565,0.6800049877499306,0.3863805970149254,-0.2399774274721247,0.9999999986751641,0.9723360696963878,0.6864901366968534,heteroscedastic,rbf
4,clip_b16|2,mae_b16|2,0.1,0.25,536,256,768,768,0.3325739793721649,0.23333333333333334,0.18175101688058612,0.42051045317234037,0.37138868453749907,0.21235929591297126,0.41112020706872643,0.1787313432835821,-0.37415621426454204,0.9999999905402703,0.9368488456222394,0.5677972231769269,heteroscedastic,rbf
4,clip_b16|2,vit_sup_b16|2,0.1,0.25,536,256,768,768,0.5115273653537926,0.31666666666666665,0.4273924886792117,0.3840843012093178,0.5012939543271208,0.15741230389564603,0.6556991033421001,0.38395522388059705,-0.16412957426289976,0.9999999989272637,0.976483013782346,0.697881629579446,heteroscedastic,rbf
4,convnext_s|2,dinov2_b|2,0.1,0.25,536,256,768,768,0.4470456862380173,0.25,0.4909150640302744,0.3580754355407021,0.412081867227436,-0.03895646042658206,0.7256752565808917,0.40242537313432836,-0.2698693406176319,0.9999999993307404,0.9816667260814146,0.7168701751033598,heteroscedastic,rbf
4,convnext_s|2,mae_b16|2,0.1,0.25,536,256,768,768,0.0678201328337023,0.15,-0.029228184355287914,0.11085883825837896,0.09493422997667085,0.03603535544307623,0.2839704157665238,0.14011194029850746,-0.574237033390151,0.9999999910867403,0.9436638919579334,0.5674872981819162,heteroscedastic,rbf
4,convnext_s|2,vit_sup_b16|2,0.1,0.25,536,256,768,768,0.5066412962258228,0.35,0.505001598577796,0.39395924741515737,0.47508658695787276,0.3845533983027373,0.760141802693028,0.48749999999999993,-0.11589191317815883,0.9999999995721935,0.9858427013329841,0.7516962268857895,heteroscedastic,rbf
4,dinov2_b|2,mae_b16|2,0.1,0.25,536,256,768,768,0.20047850132917033,0.13333333333333333,0.19323992990339706,0.1624900615201329,0.2675659429294571,0.21074765178414043,0.3219088479392069,0.1492537313432836,-0.5126061686015343,0.9999999909570217,0.9422044202170949,0.5813980011153502,heteroscedastic,rbf
4,dinov2_b|2,vit_sup_b16|2,0.1,0.25,536,256,768,768,0.47235220097833597,0.3333333333333333,0.48745624129161497,0.3794869775543254,0.401473233418572,0.4675530709375236,0.8486924642983039,0.48600746268656714,-0.04204949744748171,0.9999999994487105,0.9838886000245164,0.7543250643231928,heteroscedastic,rbf
4,mae_b16|2,vit_sup_b16|2,0.1,0.25,536,256,768,768,0.17687610243361784,0.2,0.0381554191427849,0.21730662517848767,0.21376557026906962,0.14401551207474,0.3223015191830771,0.1419776119402985,-0.4175553880318751,0.9999999912101555,0.9462038945942112,0.5849713939243448,heteroscedastic,rbf
4,clip_b16|2,convnext_s|2,0.1,1.0,536,1024,768,768,0.3640401223336731,0.3,0.39141613145611126,0.18855310534383718,0.3032477569692343,0.06262748356878448,0.5618668125603204,0.3376865671641791,-0.36983388066498046,0.9999999988026659,0.9738800095386906,0.6675406384449329,heteroscedastic,rbf
4,clip_b16|2,dinov2_b|2,0.1,1.0,536,1024,768,768,0.42942952619312824,0.35,0.511151854826492,0.2567957977859007,0.3484187363738893,0.0859963234368311,0.6800049877499306,0.3863805970149254,-0.2399774274721247,0.9999999986751641,0.9723360696963878,0.6864901366968534,heteroscedastic,rbf
4,clip_b16|2,mae_b16|2,0.1,1.0,536,1024,768,768,0.32668568523801456,0.21666666666666667,0.14761962870222622,0.4175211595018849,0.3876474475067591,0.19755231547933824,0.41112020706872643,0.1787313432835821,-0.37415621426454204,0.9999999905402703,0.9368488456222394,0.5677972231769269,heteroscedastic,rbf
4,clip_b16|2,vit_sup_b16|2,0.1,1.0,536,1024,768,768,0.5411292809146692,0.3333333333333333,0.4832329047874844,0.41935651432272136,0.49346330068878475,0.1704061846843444,0.6556991033421001,0.38395522388059705,-0.16412957426289976,0.9999999989272637,0.976483013782346,0.697881629579446,heteroscedastic,rbf
4,convnext_s|2,dinov2_b|2,0.1,1.0,536,1024,768,768,0.557612548923747,0.35,0.5712576610874893,0.5096586524887461,0.49977684995204286,0.04635995064339856,0.7256752565808917,0.40242537313432836,-0.2698693406176319,0.9999999993307404,0.9816667260814146,0.7168701751033598,heteroscedastic,rbf
4,convnext_s|2,mae_b16|2,0.1,1.0,536,1024,768,768,0.06376706601962782,0.18333333333333332,-0.029581866322952975,0.09774437350084994,0.10271456263380477,0.05084233587670923,0.2839704157665238,0.14011194029850746,-0.574237033390151,0.9999999910867403,0.9436638919579334,0.5674872981819162,heteroscedastic,rbf
4,convnext_s|2,vit_sup_b16|2,0.1,1.0,536,1024,768,768,0.5877111880866336,0.5,0.5845969346484504,0.5073222893677605,0.5343937548965184,0.4285210646924026,0.760141802693028,0.48749999999999993,-0.11589191317815883,0.9999999995721935,0.9858427013329841,0.7516962268857895,heteroscedastic,rbf
4,dinov2_b|2,mae_b16|2,0.1,1.0,536,1024,768,768,0.17978011050030693,0.11666666666666667,0.1921842754938114,0.12287633500978418,0.26313407470600464,0.21462567046913952,0.3219088479392069,0.1492537313432836,-0.5126061686015343,0.9999999909570217,0.9422044202170949,0.5813980011153502,heteroscedastic,rbf
4,dinov2_b|2,vit_sup_b16|2,0.1,1.0,536,1024,768,768,0.5561014336150933,0.45,0.567090396114818,0.4829410025025281,0.461753453469988,0.4894613583138173,0.8486924642983039,0.48600746268656714,-0.04204949744748171,0.9999999994487105,0.9838886000245164,0.7543250643231928,heteroscedastic,rbf
4,mae_b16|2,vit_sup_b16|2,0.1,1.0,536,1024,768,768,0.18954002650007362,0.21666666666666667,0.06046110567668544,0.2153779945648698,0.24586110892877994,0.18717735639998995,0.3223015191830771,0.1419776119402985,-0.4175553880318751,0.9999999912101555,0.9462038945942112,0.5849713939243448,heteroscedastic,rbf
4,clip_b16|2,convnext_s|2,1.0,0.1,536,102,768,768,0.27734977041602893,0.18333333333333332,0.32327304625308284,0.1877365232537389,0.22518126630784133,0.06746241595527687,0.5618668125603204,0.3376865671641791,-0.36983388066498046,0.9999999988026659,0.9738800095386906,0.6675406384449329,heteroscedastic,rbf
4,clip_b16|2,dinov2_b|2,1.0,0.1,536,102,768,768,0.3447557354325984,0.2833333333333333,0.4570093997093267,0.2275664038467607,0.26711945018047545,0.05159779406209866,0.6800049877499306,0.3863805970149254,-0.2399774274721247,0.9999999986751641,0.9723360696963878,0.6864901366968534,heteroscedastic,rbf
4,clip_b16|2,mae_b16|2,1.0,0.1,536,102,768,768,0.28922680340778717,0.21666666666666667,0.14571283719972303,0.4154506603172102,0.33717673634067596,0.21412203167887991,0.41112020706872643,0.1787313432835821,-0.37415621426454204,0.9999999905402703,0.9368488456222394,0.5677972231769269,heteroscedastic,rbf
4,clip_b16|2,vit_sup_b16|2,1.0,0.1,536,102,768,768,0.45219042275117427,0.26666666666666666,0.4254012304466259,0.39142236926657575,0.4109146208227372,0.15323210193649114,0.6556991033421001,0.38395522388059705,-0.16412957426289976,0.9999999989272637,0.976483013782346,0.697881629579446,heteroscedastic,rbf
4,convnext_s|2,dinov2_b|2,1.0,0.1,536,102,768,768,0.5015658376828824,0.23333333333333334,0.49482102128903066,0.5209154209181857,0.4626861254998335,0.013623429276522877,0.7256752565808917,0.40242537313432836,-0.2698693406176319,0.9999999993307404,0.9816667260814146,0.7168701751033598,heteroscedastic,rbf
4,convnext_s|2,mae_b16|2,1.0,0.1,536,102,768,768,0.04700318611996144,0.16666666666666666,-0.014382886968598687,0.11947707468123554,0.07891528154569716,0.03195588124197326,0.2839704157665238,0.14011194029850746,-0.574237033390151,0.9999999910867403,0.9436638919579334,0.5674872981819162,heteroscedastic,rbf
4,convnext_s|2,vit_sup_b16|2,1.0,0.1,536,102,768,768,0.5240960113778094,0.43333333333333335,0.5168100474433449,0.5266281443227856,0.48459594236421294,0.38863287250384027,0.760141802693028,0.48749999999999993,-0.11589191317815883,0.9999999995721935,0.9858427013329841,0.7516962268857895,heteroscedastic,rbf
4,dinov2_b|2,mae_b16|2,1.0,0.1,536,102,768,768,0.16318795329987026,0.16666666666666666,0.20530788931839125,0.1369687992473146,0.23468353208130158,0.22268389111329356,0.3219088479392069,0.1492537313432836,-0.5126061686015343,0.9999999909570217,0.9422044202170949,0.5813980011153502,heteroscedastic,rbf
4,dinov2_b|2,vit_sup_b16|2,1.0,0.1,536,102,768,768,0.4823875066319628,0.31666666666666665,0.49253215262023886,0.48481377934801334,0.40602639601325274,0.48412278713706525,0.8486924642983039,0.48600746268656714,-0.04204949744748171,0.9999999994487105,0.9838886000245164,0.7543250643231928,heteroscedastic,rbf
4,mae_b16|2,vit_sup_b16|2,1.0,0.1,536,102,768,768,0.15761554893208035,0.16666666666666666,0.05916139633209515,0.22554952427949337,0.19963439071483108,0.15066354410616706,0.3223015191830771,0.1419776119402985,-0.4175553880318751,0.9999999912101555,0.9462038945942112,0.5849713939243448,heteroscedastic,rbf
4,clip_b16|2,convnext_s|2,1.0,0.25,536,256,768,768,0.3077929105358626,0.3,0.36303027808783855,0.2390013457965431,0.2213137945106128,0.04303593462768503,0.5618668125603204,0.3376865671641791,-0.36983388066498046,0.9999999988026659,0.9738800095386906,0.6675406384449329,heteroscedastic,rbf
4,clip_b16|2,dinov2_b|2,1.0,0.25,536,256,768,768,0.38370512140311497,0.38333333333333336,0.5062218732528192,0.2754085074784006,0.27604437324158315,0.0912341668555312,0.6800049877499306,0.3863805970149254,-0.2399774274721247,0.9999999986751641,0.9723360696963878,0.6864901366968534,heteroscedastic,rbf
4,clip_b16|2,mae_b16|2,1.0,0.25,536,256,768,768,0.28742557618215603,0.16666666666666666,0.15947588214267297,0.418496924831161,0.34287772591086274,0.18556571227115914,0.41112020706872643,0.1787313432835821,-0.37415621426454204,0.9999999905402703,0.9368488456222394,0.5677972231769269,heteroscedastic,rbf
4,clip_b16|2,vit_sup_b16|2,1.0,0.25,536,256,768,768,0.4551766532684813,0.3,0.4375364038127923,0.43863109116759225,0.3809331028021042,0.14109440709123416,0.6556991033421001,0.38395522388059705,-0.16412957426289976,0.9999999989272637,0.976483013782346,0.697881629579446,heteroscedastic,rbf
4,convnext_s|2,dinov2_b|2,1.0,0.25,536,256,768,768,0.5781531059808499,0.3333333333333333,0.5608226053097943,0.6123128514772902,0.5177299581183791,0.035833899926972376,0.7256752565808917,0.40242537313432836,-0.2698693406176319,0.9999999993307404,0.9816667260814146,0.7168701751033598,heteroscedastic,rbf
4,convnext_s|2,mae_b16|2,1.0,0.25,536,256,768,768,0.029233636760102107,0.15,-0.015884957032493274,0.11009420017264397,0.06035146315573661,0.04238120420034751,0.2839704157665238,0.14011194029850746,-0.574237033390151,0.9999999910867403,0.9436638919579334,0.5674872981819162,heteroscedastic,rbf
4,convnext_s|2,vit_sup_b16|2,1.0,0.25,536,256,768,768,0.5759888221911728,0.4166666666666667,0.5524765735118445,0.6111388052711434,0.5143324056831267,0.4479615219964242,0.760141802693028,0.48749999999999993,-0.11589191317815883,0.9999999995721935,0.9858427013329841,0.7516962268857895,heteroscedastic,rbf
4,dinov2_b|2,mae_b16|2,1.0,0.25,536,256,768,768,0.1526174239372887,0.16666666666666666,0.21084998511049236,0.1508088044528858,0.22085990388384344,0.270479212308932,0.3219088479392069,0.1492537313432836,-0.5126061686015343,0.9999999909570217,0.9422044202170949,0.5813980011153502,heteroscedastic,rbf
4,dinov2_b|2,vit_sup_b16|2,1.0,0.25,536,256,768,768,0.5461665171292142,0.38333333333333336,0.5464521187760376,0.58255675650466,0.44971972639103114,0.4475586109642164,0.8486924642983039,0.48600746268656714,-0.04204949744748171,0.9999999994487105,0.9838886000245164,0.7543250643231928,heteroscedastic,rbf
4,mae_b16|2,vit_sup_b16|2,1.0,0.25,536,256,768,768,0.16069783527176465,0.21666666666666667,0.07765817248861091,0.23373936230077308,0.2063293159902932,0.15716048450051626,0.3223015191830771,0.1419776119402985,-0.4175553880318751,0.9999999912101555,0.9462038945942112,0.5849713939243448,heteroscedastic,rbf
4,clip_b16|2,convnext_s|2,1.0,1.0,536,1024,768,768,0.34851935699821385,0.3,0.41309209155977883,0.24902039472416476,0.24290403846680678,0.063282213996122,0.5618668125603204,0.3376865671641791,-0.36983388066498046,0.9999999988026659,0.9738800095386906,0.6675406384449329,heteroscedastic,rbf
4,clip_b16|2,dinov2_b|2,1.0,1.0,536,1024,768,768,0.4100787502187505,0.4166666666666667,0.5384482670931457,0.279659537770971,0.2849132727906941,0.09823474604014001,0.6800049877499306,0.3863805970149254,-0.2399774274721247,0.9999999986751641,0.9723360696963878,0.6864901366968534,heteroscedastic,rbf
4,clip_b16|2,mae_b16|2,1.0,1.0,536,1024,768,768,0.30628590634973984,0.16666666666666666,0.17989274881876877,0.41536352843892344,0.3653876956107735,0.22278461887134546,0.41112020706872643,0.1787313432835821,-0.37415621426454204,0.9999999905402703,0.9368488456222394,0.5677972231769269,heteroscedastic,rbf
4,clip_b16|2,vit_sup_b16|2,1.0,1.0,536,1024,768,768,0.4858207939466498,0.38333333333333336,0.4620249263117639,0.44279443104419447,0.393444070059598,0.14547606456649292,0.6556991033421001,0.38395522388059705,-0.16412957426289976,0.9999999989272637,0.976483013782346,0.697881629579446,heteroscedastic,rbf
4,convnext_s|2,dinov2_b|2,1.0,1.0,536,1024,768,768,0.6242177339381497,0.36666666666666664,0.6098237323116334,0.6493673583318043,0.5546670995452654,0.05769182342424014,0.7256752565808917,0.40242537313432836,-0.2698693406176319,0.9999999993307404,0.9816667260814146,0.7168701751033598,heteroscedastic,rbf
4,convnext_s|2,mae_b16|2,1.0,1.0,536,1024,768,768,0.04678090772474368,0.18333333333333332,0.018522116175540556,0.10902906881435576,0.07617490725392355,0.10951625494195565,0.2839704157665238,0.14011194029850746,-0.574237033390151,0.9999999910867403,0.9436638919579334,0.5674872981819162,heteroscedastic,rbf
4,convnext_s|2,vit_sup_b16|2,1.0,1.0,536,1024,768,768,0.6256790157750438,0.43333333333333335,0.6182840637698652,0.6272844540252275,0.5573286402018633,0.46679761275213416,0.760141802693028,0.48749999999999993,-0.11589191317815883,0.9999999995721935,0.9858427013329841,0.7516962268857895,heteroscedastic,rbf
4,dinov2_b|2,mae_b16|2,1.0,1.0,536,1024,768,768,0.1619338942608174,0.15,0.23348347444369225,0.1480457185433672,0.2301430075278415,0.17196746493414924,0.3219088479392069,0.1492537313432836,-0.5126061686015343,0.9999999909570217,0.9422044202170949,0.5813980011153502,heteroscedastic,rbf
4,dinov2_b|2,vit_sup_b16|2,1.0,1.0,536,1024,768,768,0.5795864988513856,0.43333333333333335,0.5787608227490829,0.6045419167170047,0.472254201561114,0.48920953891868757,0.8486924642983039,0.48600746268656714,-0.04204949744748171,0.9999999994487105,0.9838886000245164,0.7543250643231928,heteroscedastic,rbf
4,mae_b16|2,vit_sup_b16|2,1.0,1.0,536,1024,768,768,0.17032930647029573,0.16666666666666666,0.09370110027800338,0.23310207080638037,0.21637994945477063,0.19589030747148145,0.3223015191830771,0.1419776119402985,-0.4175553880318751,0.9999999912101555,0.9462038945942112,0.5849713939243448,heteroscedastic,rbf
4,clip_b16|2,convnext_s|2,10.0,0.1,536,102,768,768,0.3029170636585101,0.23333333333333334,0.33266071457775354,0.2945685840985997,0.2234587167016993,0.08126211880839063,0.5618668125603204,0.3376865671641791,-0.36983388066498046,0.9999999988026659,0.9738800095386906,0.6675406384449329,heteroscedastic,rbf
4,clip_b16|2,dinov2_b|2,10.0,0.1,536,102,768,768,0.36746235406209454,0.2833333333333333,0.4747758082252983,0.2919624472775337,0.25558692932163884,0.04107174334567248,0.6800049877499306,0.3863805970149254,-0.2399774274721247,0.9999999986751641,0.9723360696963878,0.6864901366968534,heteroscedastic,rbf
4,clip_b16|2,mae_b16|2,10.0,0.1,536,102,768,768,0.2545758182661618,0.13333333333333333,0.15181528887352114,0.40460274147050124,0.29703014893353613,0.2187051446702425,0.41112020706872643,0.1787313432835821,-0.37415621426454204,0.9999999905402703,0.9368488456222394,0.5677972231769269,heteroscedastic,rbf
4,clip_b16|2,vit_sup_b16|2,10.0,0.1,536,102,768,768,0.4192427756743769,0.3,0.41821472916461866,0.43016980383318826,0.3412780119004882,0.14557679232454482,0.6556991033421001,0.38395522388059705,-0.16412957426289976,0.9999999989272637,0.976483013782346,0.697881629579446,heteroscedastic,rbf
4,convnext_s|2,dinov2_b|2,10.0,0.1,536,102,768,768,0.5654465706849185,0.3,0.5047722803914441,0.6245923024012372,0.5190235078740583,0.02656694618619526,0.7256752565808917,0.40242537313432836,-0.2698693406176319,0.9999999993307404,0.9816667260814146,0.7168701751033598,heteroscedastic,rbf
4,convnext_s|2,mae_b16|2,10.0,0.1,536,102,768,768,0.0666013516704213,0.13333333333333333,-0.001151083842934295,0.18219247822889933,0.09184777371463894,0.05587872377930549,0.2839704157665238,0.14011194029850746,-0.574237033390151,0.9999999910867403,0.9436638919579334,0.5674872981819162,heteroscedastic,rbf
4,convnext_s|2,vit_sup_b16|2,10.0,0.1,536,102,768,768,0.5900533057036269,0.43333333333333335,0.5229279547315836,0.675748210096183,0.5456243498681423,0.38747450328624317,0.760141802693028,0.48749999999999993,-0.11589191317815883,0.9999999995721935,0.9858427013329841,0.7516962268857895,heteroscedastic,rbf
4,dinov2_b|2,mae_b16|2,10.0,0.1,536,102,768,768,0.17348203745010402,0.16666666666666666,0.22298731507402253,0.2015826723738047,0.22746798115652642,0.23290775855556392,0.3219088479392069,0.1492537313432836,-0.5126061686015343,0.9999999909570217,0.9422044202170949,0.5813980011153502,heteroscedastic,rbf
4,dinov2_b|2,vit_sup_b16|2,10.0,0.1,536,102,768,768,0.5324263122953119,0.3,0.5021290108891993,0.6037482346718409,0.44826681401800744,0.4940948351842059,0.8486924642983039,0.48600746268656714,-0.04204949744748171,0.9999999994487105,0.9838886000245164,0.7543250643231928,heteroscedastic,rbf
4,mae_b16|2,vit_sup_b16|2,10.0,0.1,536,102,768,768,0.16848302356395434,0.21666666666666667,0.08369664510728264,0.28645023890052973,0.20486461324954514,0.17740676386895318,0.3223015191830771,0.1419776119402985,-0.4175553880318751,0.9999999912101555,0.9462038945942112,0.5849713939243448,heteroscedastic,rbf
4,clip_b16|2,convnext_s|2,10.0,0.25,536,256,768,768,0.3216813380037166,0.26666666666666666,0.3565982264502713,0.3175725170416828,0.2124845044321572,0.05124524690891692,0.5618668125603204,0.3376865671641791,-0.36983388066498046,0.9999999988026659,0.9738800095386906,0.6675406384449329,heteroscedastic,rbf
4,clip_b16|2,dinov2_b|2,10.0,0.25,536,256,768,768,0.41347787077186315,0.4166666666666667,0.5212217267839149,0.340935031176177,0.28448804894035223,0.09279544710533606,0.6800049877499306,0.3863805970149254,-0.2399774274721247,0.9999999986751641,0.9723360696963878,0.6864901366968534,heteroscedastic,rbf
4,clip_b16|2,mae_b16|2,10.0,0.25,536,256,768,768,0.25623893399703884,0.15,0.16370245354284918,0.40485017366332854,0.2991035583060077,0.18365188486817255,0.41112020706872643,0.1787313432835821,-0.37415621426454204,0.9999999905402703,0.9368488456222394,0.5677972231769269,heteroscedastic,rbf
4,clip_b16|2,vit_sup_b16|2,10.0,0.25,536,256,768,768,0.42216167267131294,0.38333333333333336,0.40325800758079916,0.46515157735230234,0.31589257957795025,0.12643851829467903,0.6556991033421001,0.38395522388059705,-0.16412957426289976,0.9999999989272637,0.976483013782346,0.697881629579446,heteroscedastic,rbf
4,convnext_s|2,dinov2_b|2,10.0,0.25,536,256,768,768,0.6331235364542679,0.35,0.5601608893519983,0.6969117613792974,0.576016141861088,0.04379139281307447,0.7256752565808917,0.40242537313432836,-0.2698693406176319,0.9999999993307404,0.9816667260814146,0.7168701751033598,heteroscedastic,rbf
4,convnext_s|2,mae_b16|2,10.0,0.25,536,256,768,768,0.049422748396523324,0.16666666666666666,-0.015312020999507396,0.18473773444270083,0.0719973410794251,0.04414393996625621,0.2839704157665238,0.14011194029850746,-0.574237033390151,0.9999999910867403,0.9436638919579334,0.5674872981819162,heteroscedastic,rbf
4,convnext_s|2,vit_sup_b16|2,10.0,0.25,536,256,768,768,0.6203483898566384,0.4166666666666667,0.5514920868152646,0.6973323402533359,0.5617507216494925,0.4542066429956435,0.760141802693028,0.48749999999999993,-0.11589191317815883,0.9999999995721935,0.9858427013329841,0.7516962268857895,heteroscedastic,rbf
4,dinov2_b|2,mae_b16|2,10.0,0.25,536,256,768,768,0.17190075527987575,0.16666666666666666,0.20838499432365604,0.24578199324783792,0.22288653709155284,0.27899070786431973,0.3219088479392069,0.1492537313432836,-0.5126061686015343,0.9999999909570217,0.9422044202170949,0.5813980011153502,heteroscedastic,rbf
4,dinov2_b|2,vit_sup_b16|2,10.0,0.25,536,256,768,768,0.5867923522009784,0.4666666666666667,0.5268479298732046,0.6789156772869812,0.49386594559962854,0.43894638765077687,0.8486924642983039,0.48600746268656714,-0.04204949744748171,0.9999999994487105,0.9838886000245164,0.7543250643231928,heteroscedastic,rbf
4,mae_b16|2,vit_sup_b16|2,10.0,0.25,536,256,768,768,0.16952274867430184,0.15,0.0768983313507614,0.31631413164565586,0.2049909936617526,0.1403893127848707,0.3223015191830771,0.1419776119402985,-0.4175553880318751,0.9999999912101555,0.9462038945942112,0.5849713939243448,heteroscedastic,rbf
4,clip_b16|2,convnext_s|2,10.0,1.0,536,1024,768,768,0.3250468473523537,0.2833333333333333,0.38740018773180057,0.2953522124654998,0.20067171189088254,0.05844728160962958,0.5618668125603204,0.3376865671641791,-0.36983388066498046,0.9999999988026659,0.9738800095386906,0.6675406384449329,heteroscedastic,rbf
4,clip_b16|2,dinov2_b|2,10.0,1.0,536,1024,768,768,0.40346639851777366,0.4166666666666667,0.5382991024421488,0.3257645892136878,0.2605573013990581,0.06700914104404322,0.6800049877499306,0.3863805970149254,-0.2399774274721247,0.9999999986751641,0.9723360696963878,0.6864901366968534,heteroscedastic,rbf
4,clip_b16|2,mae_b16|2,10.0,1.0,536,1024,768,768,0.28368451023475066,0.13333333333333333,0.19206206830986206,0.42330649280505717,0.32197093797653936,0.2281735539271235,0.41112020706872643,0.1787313432835821,-0.37415621426454204,0.9999999905402703,0.9368488456222394,0.5677972231769269,heteroscedastic,rbf
4,clip_b16|2,vit_sup_b16|2,10.0,1.0,536,1024,768,768,0.43054352928758133,0.35,0.4270977537061575,0.4626968042428756,0.30871486571561035,0.13993603787363704,0.6556991033421001,0.38395522388059705,-0.16412957426289976,0.9999999989272637,0.976483013782346,0.697881629579446,heteroscedastic,rbf
4,convnext_s|2,dinov2_b|2,10.0,1.0,536,1024,768,768,0.6505524182011616,0.4,0.5911706028462412,0.7092671734279049,0.5873436027949953,0.06564931631034222,0.7256752565808917,0.40242537313432836,-0.2698693406176319,0.9999999993307404,0.9816667260814146,0.7168701751033598,heteroscedastic,rbf
4,convnext_s|2,mae_b16|2,10.0,1.0,536,1024,768,768,0.06507823632843424,0.16666666666666666,0.02141015947857789,0.19356151273228533,0.08005285937801802,0.10296895066858051,0.2839704157665238,0.14011194029850746,-0.574237033390151,0.9999999910867403,0.9436638919579334,0.5674872981819162,heteroscedastic,rbf
4,convnext_s|2,vit_sup_b16|2,10.0,1.0,536,1024,768,768,0.6292736368712134,0.4666666666666667,0.5908230312377738,0.6701689771974197,0.5588460528218492,0.4720858200498602,0.760141802693028,0.48749999999999993,-0.11589191317815883,0.9999999995721935,0.9858427013329841,0.7516962268857895,heteroscedastic,rbf
4,dinov2_b|2,mae_b16|2,10.0,1.0,536,1024,768,768,0.18096428045633456,0.15,0.2337685047286093,0.24706942260329384,0.22557104199378353,0.15816776208103547,0.3219088479392069,0.1492537313432836,-0.5126061686015343,0.9999999909570217,0.9422044202170949,0.5813980011153502,heteroscedastic,rbf
4,dinov2_b|2,vit_sup_b16|2,10.0,1.0,536,1024,768,768,0.5884510790307751,0.5166666666666667,0.5418445485082547,0.6757202832121166,0.48075359252697203,0.49691521240965986,0.8486924642983039,0.48600746268656714,-0.04204949744748171,0.9999999994487105,0.9838886000245164,0.7543250643231928,heteroscedastic,rbf
4,mae_b16|2,vit_sup_b16|2,10.0,1.0,536,1024,768,768,0.17277559104330847,0.15,0.083601035957487,0.3329982107245378,0.20329410544418688,0.14174913751857168,0.3223015191830771,0.1419776119402985,-0.4175553880318751,0.9999999912101555,0.9462038945942112,0.5849713939243448,heteroscedastic,rbf
4,clip_b16|2,convnext_s|2,0.1,0.1,536,102,768,768,0.21323842566229345,0.18333333333333332,0.21323842566229345,,0.16044143599126878,0.061469114351187334,0.5618668125603204,0.3376865671641791,-0.36983388066498046,0.9999999988026659,0.9738800095386906,0.6675406384449329,homoscedastic,rbf
4,clip_b16|2,dinov2_b|2,0.1,0.1,536,102,768,768,0.3172195478320773,0.26666666666666666,0.3172195478320773,,0.2333763424884511,0.04026592128125708,0.6800049877499306,0.3863805970149254,-0.2399774274721247,0.9999999986751641,0.9723360696963878,0.6864901366968534,homoscedastic,rbf
4,clip_b16|2,mae_b16|2,0.1,0.1,536,102,768,768,0.2475149097636382,0.15,0.2475149097636382,,0.27397350688960115,0.22847573720127923,0.41112020706872643,0.1787313432835821,-0.37415621426454204,0.9999999905402703,0.9368488456222394,0.5677972231769269,homoscedastic,rbf
4,clip_b16|2,vit_sup_b16|2,0.1,0.1,536,102,768,768,0.35772149367081574,0.26666666666666666,0.35772149367081574,,0.29236085506983306,0.1573115761375941,0.6556991033421001,0.38395522388059705,-0.16412957426289976,0.9999999989272637,0.976483013782346,0.697881629579446,homoscedastic,rbf
4,convnext_s|2,dinov2_b|2,0.1,0.1,536,102,768,768,0.49142853174592144,0.2,0.49142853174592144,,0.47690500073034775,-0.023545113444637507,0.7256752565808917,0.40242537313432836,-0.2698693406176319,0.9999999993307404,0.9816667260814146,0.7168701751033598,homoscedastic,rbf
4,convnext_s|2,mae_b16|2,0.1,0.1,536,102,768,768,0.06636096211378364,0.11666666666666667,0.06636096211378364,,0.08462998801428206,0.007378308277303519,0.2839704157665238,0.14011194029850746,-0.574237033390151,0.9999999910867403,0.9436638919579334,0.5674872981819162,homoscedastic,rbf
4,convnext_s|2,vit_sup_b16|2,0.1,0.1,536,102,768,768,0.5081595226653407,0.43333333333333335,0.5081595226653407,,0.4755579704831611,0.35498980131449726,0.760141802693028,0.48749999999999993,-0.11589191317815883,0.9999999995721935,0.9858427013329841,0.7516962268857895,homoscedastic,rbf
4,dinov2_b|2,mae_b16|2,0.1,0.1,536,102,768,768,0.17832421756727102,0.15,0.17832421756727102,,0.21745395177485294,0.1914079222381708,0.3219088479392069,0.1492537313432836,-0.5126061686015343,0.9999999909570217,0.9422044202170949,0.5813980011153502,homoscedastic,rbf
4,dinov2_b|2,vit_sup_b16|2,0.1,0.1,536,102,768,768,0.43613887816355046,0.2833333333333333,0.43613887816355046,,0.354901974458904,0.47551056382362566,0.8486924642983039,0.48600746268656714,-0.04204949744748171,0.9999999994487105,0.9838886000245164,0.7543250643231928,homoscedastic,rbf
4,mae_b16|2,vit_sup_b16|2,0.1,0.1,536,102,768,768,0.12809846694018592,0.18333333333333332,0.12809846694018592,,0.15498349753090046,0.04736722822391781,0.3223015191830771,0.1419776119402985,-0.4175553880318751,0.9999999912101555,0.9462038945942112,0.5849713939243448,homoscedastic,rbf
4,clip_b16|2,convnext_s|2,0.1,0.25,536,256,768,768,0.29657926827574516,0.26666666666666666,0.29657926827574516,,0.21284992877038136,0.060965475560927705,0.5618668125603204,0.3376865671641791,-0.36983388066498046,0.9999999988026659,0.9738800095386906,0.6675406384449329,homoscedastic,rbf
4,clip_b16|2,dinov2_b|2,0.1,0.25,536,256,768,768,0.3986302184172733,0.35,0.3986302184172733,,0.2940431787155041,0.0806073883810531,0.6800049877499306,0.3863805970149254,-0.2399774274721247,0.9999999986751641,0.9723360696963878,0.6864901366968534,homoscedastic,rbf
4,clip_b16|2,mae_b16|2,0.1,0.25,536,256,768,768,0.24419490054139037,0.1,0.24419490054139037,,0.2793826655933065,0.22278461887134546,0.41112020706872643,0.1787313432835821,-0.37415621426454204,0.9999999905402703,0.9368488456222394,0.5677972231769269,homoscedastic,rbf
4,clip_b16|2,vit_sup_b16|2,0.1,0.25,536,256,768,768,0.43424976180489383,0.31666666666666665,0.43424976180489383,,0.3501765029607501,0.15670720958928258,0.6556991033421001,0.38395522388059705,-0.16412957426289976,0.9999999989272637,0.976483013782346,0.697881629579446,homoscedastic,rbf
4,convnext_s|2,dinov2_b|2,0.1,0.25,536,256,768,768,0.5810422251172919,0.3,0.5810422251172919,,0.5415461926764169,0.025307849210546195,0.7256752565808917,0.40242537313432836,-0.2698693406176319,0.9999999993307404,0.9816667260814146,0.7168701751033598,homoscedastic,rbf
4,convnext_s|2,mae_b16|2,0.1,0.25,536,256,768,768,0.06074350206528351,0.13333333333333333,0.06074350206528351,,0.08639985321377487,-0.015134345647301756,0.2839704157665238,0.14011194029850746,-0.574237033390151,0.9999999910867403,0.9436638919579334,0.5674872981819162,homoscedastic,rbf
4,convnext_s|2,vit_sup_b16|2,0.1,0.25,536,256,768,768,0.580089389137192,0.4,0.580089389137192,,0.5279408789349244,0.40706605222734255,0.760141802693028,0.48749999999999993,-0.11589191317815883,0.9999999995721935,0.9858427013329841,0.7516962268857895,homoscedastic,rbf
4,dinov2_b|2,mae_b16|2,0.1,0.25,536,256,768,768,0.17351648199022773,0.15,0.17351648199022773,,0.22077413473824167,0.2209715192264108,0.3219088479392069,0.1492537313432836,-0.5126061686015343,0.9999999909570217,0.9422044202170949,0.5813980011153502,homoscedastic,rbf
4,dinov2_b|2,vit_sup_b16|2,0.1,0.25,536,256,768,768,0.5388910524751457,0.4,0.5388910524751457,,0.4485873116609163,0.48417315101609126,0.8486924642983039,0.48600746268656714,-0.04204949744748171,0.9999999994487105,0.9838886000245164,0.7543250643231928,homoscedastic,rbf
4,mae_b16|2,vit_sup_b16|2,0.1,0.25,536,256,768,768,0.14689601915560874,0.13333333333333333,0.14689601915560874,,0.18306329859271941,0.06721059656014707,0.3223015191830771,0.1419776119402985,-0.4175553880318751,0.9999999912101555,0.9462038945942112,0.5849713939243448,homoscedastic,rbf
4,clip_b16|2,convnext_s|2,0.1,1.0,536,1024,768,768,0.35182975508265296,0.2833333333333333,0.35182975508265296,,0.23934203737323087,0.05925310367404498,0.5618668125603204,0.3376865671641791,-0.36983388066498046,0.9999999988026659,0.9738800095386906,0.6675406384449329,homoscedastic,rbf
4,clip_b16|2,dinov2_b|2,0.1,1.0,536,1024,768,768,0.4344326512018088,0.43333333333333335,0.4344326512018088,,0.3062671699638147,0.0721462567046914,0.6800049877499306,0.3863805970149254,-0.2399774274721247,0.9999999986751641,0.9723360696963878,0.6864901366968534,homoscedastic,rbf
4,clip_b16|2,mae_b16|2,0.1,1.0,536,1024,768,768,0.21411537254270147,0.11666666666666667,0.21411537254270147,,0.25177517279149936,0.17529148094986277,0.41112020706872643,0.1787313432835821,-0.37415621426454204,0.9999999905402703,0.9368488456222394,0.5677972231769269,homoscedastic,rbf
4,clip_b16|2,vit_sup_b16|2,0.1,1.0,536,1024,768,768,0.4645402903896955,0.4166666666666667,0.4645402903896955,,0.35284551855636265,0.1586714008712951,0.6556991033421001,0.38395522388059705,-0.16412957426289976,0.9999999989272637,0.976483013782346,0.697881629579446,homoscedastic,rbf
4,convnext_s|2,dinov2_b|2,0.1,1.0,536,1024,768,768,0.6345850405140013,0.36666666666666664,0.6345850405140013,,0.5733102139377635,0.059051648157941124,0.7256752565808917,0.40242537313432836,-0.2698693406176319,0.9999999993307404,0.9816667260814146,0.7168701751033598,homoscedastic,rbf
4,convnext_s|2,mae_b16|2,0.1,1.0,536,1024,768,768,0.051477031880644106,0.13333333333333333,0.051477031880644106,,0.07533440045151713,0.013673793155548841,0.2839704157665238,0.14011194029850746,-0.574237033390151,0.9999999910867403,0.9436638919579334,0.5674872981819162,homoscedastic,rbf
4,convnext_s|2,vit_sup_b16|2,0.1,1.0,536,1024,768,768,0.6255106264184067,0.48333333333333334,0.6255106264184067,,0.5547705157118401,0.4316939890710383,0.760141802693028,0.48749999999999993,-0.11589191317815883,0.9999999995721935,0.9858427013329841,0.7516962268857895,homoscedastic,rbf
4,dinov2_b|2,mae_b16|2,0.1,1.0,536,1024,768,768,0.17294642485118011,0.15,0.17294642485118011,,0.2263177652829848,0.2000705094306364,0.3219088479392069,0.1492537313432836,-0.5126061686015343,0.9999999909570217,0.9422044202170949,0.5813980011153502,homoscedastic,rbf
4,dinov2_b|2,vit_sup_b16|2,0.1,1.0,536,1024,768,768,0.5946620962836007,0.5666666666666667,0.5946620962836007,,0.48908583769156305,0.5063332577875148,0.8486924642983039,0.48600746268656714,-0.04204949744748171,0.9999999994487105,0.9838886000245164,0.7543250643231928,homoscedastic,rbf
4,mae_b16|2,vit_sup_b16|2,0.1,1.0,536,1024,768,768,0.15553809871694085,0.11666666666666667,0.15553809871694085,,0.19916516490389752,0.10397622824909974,0.3223015191830771,0.1419776119402985,-0.4175553880318751,0.9999999912101555,0.9462038945942112,0.5849713939243448,homoscedastic,rbf
4,clip_b16|2,convnext_s|2,1.0,0.1,536,102,768,768,0.3066376295489709,0.21666666666666667,0.3066376295489709,,0.22927768701035534,0.05708745687592859,0.5618668125603204,0.3376865671641791,-0.36983388066498046,0.9999999988026659,0.9738800095386906,0.6675406384449329,homoscedastic,rbf
4,clip_b16|2,dinov2_b|2,1.0,0.1,536,102,768,768,0.38393473315203647,0.3,0.38393473315203647,,0.2751164790078089,0.04379139281307447,0.6800049877499306,0.3863805970149254,-0.2399774274721247,0.9999999986751641,0.9723360696963878,0.6864901366968534,homoscedastic,rbf
4,clip_b16|2,mae_b16|2,1.0,0.1,536,102,768,768,0.25036697324159235,0.13333333333333333,0.25036697324159235,,0.28848791192549067,0.2155825841706328,0.41112020706872643,0.1787313432835821,-0.37415621426454204,0.9999999905402703,0.9368488456222394,0.5677972231769269,homoscedastic,rbf
4,clip_b16|2,vit_sup_b16|2,1.0,0.1,536,102,768,768,0.42193956094322477,0.26666666666666666,0.42193956094322477,,0.34051895881497396,0.15564956812973735,0.6556991033421001,0.38395522388059705,-0.16412957426289976,0.9999999989272637,0.976483013782346,0.697881629579446,homoscedastic,rbf
4,convnext_s|2,dinov2_b|2,1.0,0.1,536,102,768,768,0.5648465690182471,0.3,0.5648465690182471,,0.5229364457951907,0.02268892750119614,0.7256752565808917,0.40242537313432836,-0.2698693406176319,0.9999999993307404,0.9816667260814146,0.7168701751033598,homoscedastic,rbf
4,convnext_s|2,mae_b16|2,1.0,0.1,536,102,768,768,0.08592023866732962,0.13333333333333333,0.08592023866732962,,0.11151873075227287,0.03981264637002342,0.2839704157665238,0.14011194029850746,-0.574237033390151,0.9999999910867403,0.9436638919579334,0.5674872981819162,homoscedastic,rbf
4,convnext_s|2,vit_sup_b16|2,1.0,0.1,536,102,768,768,0.593454926263684,0.4166666666666667,0.593454926263684,,0.5513902249914259,0.3773009997229987,0.760141802693028,0.48749999999999993,-0.11589191317815883,0.9999999995721935,0.9858427013329841,0.7516962268857895,homoscedastic,rbf
4,dinov2_b|2,mae_b16|2,1.0,0.1,536,102,768,768,0.19040402890008026,0.16666666666666666,0.19040402890008026,,0.24024920213695403,0.22489990179043592,0.3219088479392069,0.1492537313432836,-0.5126061686015343,0.9999999909570217,0.9422044202170949,0.5813980011153502,homoscedastic,rbf
4,dinov2_b|2,vit_sup_b16|2,1.0,0.1,536,102,768,768,0.5306718629773971,0.31666666666666665,0.5306718629773971,,0.4458840038193085,0.5079449019163457,0.8486924642983039,0.48600746268656714,-0.04204949744748171,0.9999999994487105,0.9838886000245164,0.7543250643231928,homoscedastic,rbf
4,mae_b16|2,vit_sup_b16|2,1.0,0.1,536,102,768,768,0.17457198492218032,0.2,0.17457198492218032,,0.2104779071434563,0.14260532346201307,0.3223015191830771,0.1419776119402985,-0.4175553880318751,0.9999999912101555,0.9462038945942112,0.5849713939243448,homoscedastic,rbf
4,clip_b16|2,convnext_s|2,1.0,0.25,536,256,768,768,0.341240892335812,0.26666666666666666,0.341240892335812,,0.23759259339888134,0.06464203872982296,0.5618668125603204,0.3376865671641791,-0.36983388066498046,0.9999999988026659,0.9738800095386906,0.6675406384449329,homoscedastic,rbf
4,clip_b16|2,dinov2_b|2,1.0,0.25,536,256,768,768,0.4417842827341187,0.43333333333333335,0.4417842827341187,,0.31995308974870296,0.0880108785978696,0.6800049877499306,0.3863805970149254,-0.2399774274721247,0.9999999986751641,0.9723360696963878,0.6864901366968534,homoscedastic,rbf
4,clip_b16|2,mae_b16|2,1.0,0.25,536,256,768,768,0.2475281875782988,0.13333333333333333,0.2475281875782988,,0.2853835003975781,0.20979073808264714,0.41112020706872643,0.1787313432835821,-0.37415621426454204,0.9999999905402703,0.9368488456222394,0.5677972231769269,homoscedastic,rbf
4,clip_b16|2,vit_sup_b16|2,1.0,0.25,536,256,768,768,0.44551845977349935,0.4,0.44551845977349935,,0.34284412721590996,0.12245977185162801,0.6556991033421001,0.38395522388059705,-0.16412957426289976,0.9999999989272637,0.976483013782346,0.697881629579446,homoscedastic,rbf
4,convnext_s|2,dinov2_b|2,1.0,0.25,536,256,768,768,0.6368658801830004,0.35,0.6368658801830004,,0.5845908987069087,0.05688600135982473,0.7256752565808917,0.40242537313432836,-0.2698693406176319,0.9999999993307404,0.9816667260814146,0.7168701751033598,homoscedastic,rbf
4,convnext_s|2,mae_b16|2,1.0,0.25,536,256,768,768,0.0751788199411665,0.15,0.0751788199411665,,0.0995578265327892,0.027473496008662588,0.2839704157665238,0.14011194029850746,-0.574237033390151,0.9999999910867403,0.9436638919579334,0.5674872981819162,homoscedastic,rbf
4,convnext_s|2,vit_sup_b16|2,1.0,0.25,536,256,768,768,0.6270380195500542,0.38333333333333336,0.6270380195500542,,0.5724472823183129,0.4437309561582433,0.760141802693028,0.48749999999999993,-0.11589191317815883,0.9999999995721935,0.9858427013329841,0.7516962268857895,homoscedastic,rbf
4,dinov2_b|2,mae_b16|2,1.0,0.25,536,256,768,768,0.19501287503576398,0.2,0.19501287503576398,,0.24506660767886612,0.27450832263100905,0.3219088479392069,0.1492537313432836,-0.5126061686015343,0.9999999909570217,0.9422044202170949,0.5813980011153502,homoscedastic,rbf
4,dinov2_b|2,vit_sup_b16|2,1.0,0.25,536,256,768,768,0.5987025519515332,0.4666666666666667,0.5987025519515332,,0.5092977645424264,0.45546573997129264,0.8486924642983039,0.48600746268656714,-0.04204949744748171,0.9999999994487105,0.9838886000245164,0.7543250643231928,homoscedastic,rbf
4,mae_b16|2,vit_sup_b16|2,1.0,0.25,536,256,768,768,0.18648185133847592,0.13333333333333333,0.18648185133847592,,0.22490145699276498,0.11913575583591449,0.3223015191830771,0.1419776119402985,-0.4175553880318751,0.9999999912101555,0.9462038945942112,0.5849713939243448,homoscedastic,rbf
4,clip_b16|2,convnext_s|2,1.0,1.0,536,1024,768,768,0.35586726629796195,0.3,0.35586726629796195,,0.23519999642435904,0.04958323890106016,0.5618668125603204,0.3376865671641791,-0.36983388066498046,0.9999999988026659,0.9738800095386906,0.6675406384449329,homoscedastic,rbf
4,clip_b16|2,dinov2_b|2,1.0,1.0,536,1024,768,768,0.44823218953385974,0.5166666666666667,0.44823218953385974,,0.312871240052696,0.08121175492936467,0.6800049877499306,0.3863805970149254,-0.2399774274721247,0.9999999986751641,0.9723360696963878,0.6864901366968534,homoscedastic,rbf
4,clip_b16|2,mae_b16|2,1.0,1.0,536,1024,768,768,0.2583814399484443,0.16666666666666666,0.2583814399484443,,0.29097375298462946,0.21291329858225683,0.41112020706872643,0.1787313432835821,-0.37415621426454204,0.9999999905402703,0.9368488456222394,0.5677972231769269,homoscedastic,rbf
4,clip_b16|2,vit_sup_b16|2,1.0,1.0,536,1024,768,768,0.4516210878363551,0.43333333333333335,0.4516210878363551,,0.32901140579367105,0.15751303165369795,0.6556991033421001,0.38395522388059705,-0.16412957426289976,0.9999999989272637,0.976483013782346,0.697881629579446,homoscedastic,rbf
4,convnext_s|2,dinov2_b|2,1.0,1.0,536,1024,768,768,0.6617120603112785,0.4,0.6617120603112785,,0.6030334997868678,0.05633199869053915,0.7256752565808917,0.40242537313432836,-0.2698693406176319,0.9999999993307404,0.9816667260814146,0.7168701751033598,homoscedastic,rbf
4,convnext_s|2,mae_b16|2,1.0,1.0,536,1024,768,768,0.08956869324637012,0.18333333333333332,0.08956869324637012,,0.10737337617064191,0.07597391151066456,0.2839704157665238,0.14011194029850746,-0.574237033390151,0.9999999910867403,0.9436638919579334,0.5674872981819162,homoscedastic,rbf
4,convnext_s|2,vit_sup_b16|2,1.0,1.0,536,1024,768,768,0.6419008941691504,0.4666666666666667,0.6419008941691504,,0.5741127295552807,0.46095540278512254,0.760141802693028,0.48749999999999993,-0.11589191317815883,0.9999999995721935,0.9858427013329841,0.7516962268857895,homoscedastic,rbf
4,dinov2_b|2,mae_b16|2,1.0,1.0,536,1024,768,768,0.21264375734377036,0.2,0.21264375734377036,,0.2591169500060281,0.16743471582181257,0.3219088479392069,0.1492537313432836,-0.5126061686015343,0.9999999909570217,0.9422044202170949,0.5813980011153502,homoscedastic,rbf
4,dinov2_b|2,vit_sup_b16|2,1.0,1.0,536,1024,768,768,0.6141182058839052,0.5666666666666667,0.6141182058839052,,0.5136311485178294,0.479136763113495,0.8486924642983039,0.48600746268656714,-0.04204949744748171,0.9999999994487105,0.9838886000245164,0.7543250643231928,homoscedastic,rbf
4,mae_b16|2,vit_sup_b16|2,1.0,1.0,536,1024,768,768,0.19762932674812986,0.1,0.19762932674812986,,0.23413608912500786,0.10170985369293144,0.3223015191830771,0.1419776119402985,-0.4175553880318751,0.9999999912101555,0.9462038945942112,0.5849713939243448,homoscedastic,rbf
4,clip_b16|2,convnext_s|2,10.0,0.1,536,102,768,768,0.3184104955847099,0.23333333333333334,0.3184104955847099,,0.23734653690121157,0.05885019264183729,0.5618668125603204,0.3376865671641791,-0.36983388066498046,0.9999999988026659,0.9738800095386906,0.6675406384449329,homoscedastic,rbf
4,clip_b16|2,dinov2_b|2,10.0,0.1,536,102,768,768,0.39227586743296505,0.3333333333333333,0.39227586743296505,,0.2786821790402787,0.029991689959960717,0.6800049877499306,0.3863805970149254,-0.2399774274721247,0.9999999986751641,0.9723360696963878,0.6864901366968534,homoscedastic,rbf
4,clip_b16|2,mae_b16|2,10.0,0.1,536,102,768,768,0.2556670435195653,0.11666666666666667,0.2556670435195653,,0.2917795822349058,0.21895696406537232,0.41112020706872643,0.1787313432835821,-0.37415621426454204,0.9999999905402703,0.9368488456222394,0.5677972231769269,homoscedastic,rbf
4,clip_b16|2,vit_sup_b16|2,10.0,0.1,536,102,768,768,0.4157774882708007,0.25,0.4157774882708007,,0.3298066776558545,0.14013749338974088,0.6556991033421001,0.38395522388059705,-0.16412957426289976,0.9999999989272637,0.976483013782346,0.697881629579446,homoscedastic,rbf
4,convnext_s|2,dinov2_b|2,10.0,0.1,536,102,768,768,0.580562168228245,0.31666666666666665,0.580562168228245,,0.5368492338322367,0.026365490670091415,0.7256752565808917,0.40242537313432836,-0.2698693406176319,0.9999999993307404,0.9816667260814146,0.7168701751033598,homoscedastic,rbf
4,convnext_s|2,mae_b16|2,10.0,0.1,536,102,768,768,0.09604260011833367,0.15,0.09604260011833367,,0.11911195875035818,0.051345974666968844,0.2839704157665238,0.14011194029850746,-0.574237033390151,0.9999999910867403,0.9436638919579334,0.5674872981819162,homoscedastic,rbf
4,convnext_s|2,vit_sup_b16|2,10.0,0.1,536,102,768,768,0.6114889208025577,0.4166666666666667,0.6114889208025577,,0.5709167692897447,0.37664626929566114,0.760141802693028,0.48749999999999993,-0.11589191317815883,0.9999999995721935,0.9858427013329841,0.7516962268857895,homoscedastic,rbf
4,dinov2_b|2,mae_b16|2,10.0,0.1,536,102,768,768,0.20215689488026353,0.18333333333333332,0.20215689488026353,,0.25030353454032533,0.21930951121855408,0.3219088479392069,0.1492537313432836,-0.5126061686015343,0.9999999909570217,0.9422044202170949,0.5813980011153502,homoscedastic,rbf
4,dinov2_b|2,vit_sup_b16|2,10.0,0.1,536,102,768,768,0.5472011311142531,0.3333333333333333,0.5472011311142531,,0.4650354140648066,0.5065347133036187,0.8486924642983039,0.48600746268656714,-0.04204949744748171,0.9999999994487105,0.9838886000245164,0.7543250643231928,homoscedastic,rbf
4,mae_b16|2,vit_sup_b16|2,10.0,0.1,536,102,768,768,0.19413359481554116,0.18333333333333332,0.19413359481554116,,0.22818657709788884,0.15096572738032282,0.3223015191830771,0.1419776119402985,-0.4175553880318751,0.9999999912101555,0.9462038945942112,0.5849713939243448,homoscedastic,rbf
4,clip_b16|2,convnext_s|2,10.0,0.25,536,256,768,768,0.34286295239708997,0.26666666666666666,0.34286295239708997,,0.23618576363957705,0.041676109893984035,0.5618668125603204,0.3376865671641791,-0.36983388066498046,0.9999999988026659,0.9738800095386906,0.6675406384449329,homoscedastic,rbf
4,clip_b16|2,dinov2_b|2,10.0,0.25,536,256,768,768,0.4475380764946569,0.45,0.4475380764946569,,0.322741396123643,0.0851905013724157,0.6800049877499306,0.3863805970149254,-0.2399774274721247,0.9999999986751641,0.9723360696963878,0.6864901366968534,homoscedastic,rbf
4,clip_b16|2,mae_b16|2,10.0,0.25,536,256,768,768,0.2613736149267081,0.13333333333333333,0.2613736149267081,,0.2984685737958923,0.1935232051572612,0.41112020706872643,0.1787313432835821,-0.37415621426454204,0.9999999905402703,0.9368488456222394,0.5677972231769269,homoscedastic,rbf
4,clip_b16|2,vit_sup_b16|2,10.0,0.25,536,256,768,768,0.43315720321445333,0.36666666666666664,0.43315720321445333,,0.32498549611382155,0.1165671980055904,0.6556991033421001,0.38395522388059705,-0.16412957426289976,0.9999999989272637,0.976483013782346,0.697881629579446,homoscedastic,rbf
4,convnext_s|2,dinov2_b|2,10.0,0.25,536,256,768,768,0.651657699049164,0.36666666666666664,0.651657699049164,,0.6013341456100395,0.05799400669839591,0.7256752565808917,0.40242537313432836,-0.2698693406176319,0.9999999993307404,0.9816667260814146,0.7168701751033598,homoscedastic,rbf
4,convnext_s|2,mae_b16|2,10.0,0.25,536,256,768,768,0.08883552454312373,0.11666666666666667,0.08883552454312373,,0.11159987622425725,0.03603535544307623,0.2839704157665238,0.14011194029850746,-0.574237033390151,0.9999999910867403,0.9436638919579334,0.5674872981819162,homoscedastic,rbf
4,convnext_s|2,vit_sup_b16|2,10.0,0.25,536,256,768,768,0.636201822782841,0.38333333333333336,0.636201822782841,,0.5839478998291899,0.4555664677293445,0.760141802693028,0.48749999999999993,-0.11589191317815883,0.9999999995721935,0.9858427013329841,0.7516962268857895,homoscedastic,rbf
4,dinov2_b|2,mae_b16|2,10.0,0.25,536,256,768,768,0.21067791854977375,0.18333333333333332,0.21067791854977375,,0.25856896762114573,0.2599027977134799,0.3219088479392069,0.1492537313432836,-0.5126061686015343,0.9999999909570217,0.9422044202170949,0.5813980011153502,homoscedastic,rbf
4,dinov2_b|2,vit_sup_b16|2,10.0,0.25,536,256,768,768,0.6059414053927927,0.4666666666666667,0.6059414053927927,,0.5188577491748765,0.449472438367203,0.8486924642983039,0.48600746268656714,-0.04204949744748171,0.9999999994487105,0.9838886000245164,0.7543250643231928,homoscedastic,rbf
4,mae_b16|2,vit_sup_b16|2,10.0,0.25,536,256,768,768,0.20376823268953523,0.11666666666666667,0.20376823268953523,,0.23905629434367892,0.12009266953740777,0.3223015191830771,0.1419776119402985,-0.4175553880318751,0.9999999912101555,0.9462038945942112,0.5849713939243448,homoscedastic,rbf
4,clip_b16|2,convnext_s|2,10.0,1.0,536,1024,768,768,0.3453807927244242,0.3,0.3453807927244242,,0.2266505927222067,0.040064465765153226,0.5618668125603204,0.3376865671641791,-0.36983388066498046,0.9999999988026659,0.9738800095386906,0.6675406384449329,homoscedastic,rbf
4,clip_b16|2,dinov2_b|2,10.0,1.0,536,1024,768,768,0.4425303403620565,0.5,0.4425303403620565,,0.3065647033610909,0.07139079851930195,0.6800049877499306,0.3863805970149254,-0.2399774274721247,0.9999999986751641,0.9723360696963878,0.6864901366968534,homoscedastic,rbf
4,clip_b16|2,mae_b16|2,10.0,1.0,536,1024,768,768,0.2783809399470554,0.15,0.2783809399470554,,0.30730171693569575,0.230188109088162,0.41112020706872643,0.1787313432835821,-0.37415621426454204,0.9999999905402703,0.9368488456222394,0.5677972231769269,homoscedastic,rbf
4,clip_b16|2,vit_sup_b16|2,10.0,1.0,536,1024,768,768,0.436792491090253,0.4166666666666667,0.436792491090253,,0.3123304243619205,0.15333282969454307,0.6556991033421001,0.38395522388059705,-0.16412957426289976,0.9999999989272637,0.976483013782346,0.697881629579446,homoscedastic,rbf
4,convnext_s|2,dinov2_b|2,10.0,1.0,536,1024,768,768,0.6662747396520545,0.38333333333333336,0.6662747396520545,,0.6138523566228672,0.04323739014378887,0.7256752565808917,0.40242537313432836,-0.2698693406176319,0.9999999993307404,0.9816667260814146,0.7168701751033598,homoscedastic,rbf
4,convnext_s|2,mae_b16|2,10.0,1.0,536,1024,768,768,0.10669168525468126,0.16666666666666666,0.10669168525468126,,0.12092166460418714,0.07829064994585884,0.2839704157665238,0.14011194029850746,-0.574237033390151,0.9999999910867403,0.9436638919579334,0.5674872981819162,homoscedastic,rbf
4,convnext_s|2,vit_sup_b16|2,10.0,1.0,536,1024,768,768,0.6388332745368736,0.5,0.6388332745368736,,0.5753546482888997,0.449472438367203,0.760141802693028,0.48749999999999993,-0.11589191317815883,0.9999999995721935,0.9858427013329841,0.7516962268857895,homoscedastic,rbf
4,dinov2_b|2,mae_b16|2,10.0,1.0,536,1024,768,768,0.22846580129389246,0.18333333333333332,0.22846580129389246,,0.268968149015144,0.1416484097605198,0.3219088479392069,0.1492537313432836,-0.5126061686015343,0.9999999909570217,0.9422044202170949,0.5813980011153502,homoscedastic,rbf
4,dinov2_b|2,vit_sup_b16|2,10.0,1.0,536,1024,768,768,0.6072325756460434,0.5333333333333333,0.6072325756460434,,0.5096003839806816,0.46770416257460146,0.8486924642983039,0.48600746268656714,-0.04204949744748171,0.9999999994487105,0.9838886000245164,0.7543250643231928,homoscedastic,rbf
4,mae_b16|2,vit_sup_b16|2,10.0,1.0,536,1024,768,768,0.21157003213897815,0.13333333333333333,0.21157003213897815,,0.24173987451118617,0.1037747727329959,0.3223015191830771,0.1419776119402985,-0.4175553880318751,0.9999999912101555,0.9462038945942112,0.5849713939243448,homoscedastic,rbf
