noise_condition,seed,prior,fraction,metric,target,metric_span,correlation
heteroscedastic,0,0.1,0.1,cka,eu_agreement,0.5596952572765681,0.9636363636363635
heteroscedastic,0,0.1,0.1,cka,acquisition_overlap,0.5596952572765681,0.9085534756454651
heteroscedastic,0,0.1,0.1,cka,eu_group0,0.5596952572765681,0.8787878787878788
heteroscedastic,0,0.1,0.1,cka,eu_group1,0.5596952572765681,0.9151515151515152
heteroscedastic,0,0.1,0.1,cka,eu_id,0.5596952572765681,0.9393939393939393
heteroscedastic,0,0.1,0.1,cka,eu_heldout,0.5596952572765681,0.35757575757575755
heteroscedastic,0,0.1,0.1,mknn,eu_agreement,0.37294776119402984,0.9636363636363635
heteroscedastic,0,0.1,0.1,mknn,acquisition_overlap,0.37294776119402984,0.9085534756454651
heteroscedastic,0,0.1,0.1,mknn,eu_group0,0.37294776119402984,0.8787878787878788
heteroscedastic,0,0.1,0.1,mknn,eu_group1,0.37294776119402984,0.9151515151515152
heteroscedastic,0,0.1,0.1,mknn,eu_id,0.37294776119402984,0.9393939393939393
heteroscedastic,0,0.1,0.1,mknn,eu_heldout,0.37294776119402984,0.35757575757575755
heteroscedastic,0,0.1,0.1,predictivity,eu_agreement,0.4878034809650872,0.8303030303030302
heteroscedastic,0,0.1,0.1,predictivity,acquisition_overlap,0.4878034809650872,0.7744046403152623
heteroscedastic,0,0.1,0.1,predictivity,eu_group0,0.4878034809650872,0.7696969696969697
heteroscedastic,0,0.1,0.1,predictivity,eu_group1,0.4878034809650872,0.7454545454545454
heteroscedastic,0,0.1,0.1,predictivity,eu_id,0.4878034809650872,0.7696969696969697
heteroscedastic,0,0.1,0.1,predictivity,eu_heldout,0.4878034809650872,0.5757575757575757
heteroscedastic,0,0.1,0.1,cca_type,eu_agreement,8.437653353787766e-09,0.9030303030303028
heteroscedastic,0,0.1,0.1,cca_type,acquisition_overlap,8.437653353787766e-09,0.9024558013122741
heteroscedastic,0,0.1,0.1,cca_type,eu_group0,8.437653353787766e-09,0.8060606060606059
heteroscedastic,0,0.1,0.1,cca_type,eu_group1,8.437653353787766e-09,0.9030303030303028
heteroscedastic,0,0.1,0.1,cca_type,eu_id,8.437653353787766e-09,0.8909090909090909
heteroscedastic,0,0.1,0.1,cca_type,eu_heldout,8.437653353787766e-09,0.41818181818181815
heteroscedastic,0,0.1,0.1,smoother_001,eu_agreement,0.04853056055852445,0.9030303030303028
heteroscedastic,0,0.1,0.1,smoother_001,acquisition_overlap,0.04853056055852445,0.9024558013122741
heteroscedastic,0,0.1,0.1,smoother_001,eu_group0,0.04853056055852445,0.8060606060606059
heteroscedastic,0,0.1,0.1,smoother_001,eu_group1,0.04853056055852445,0.9030303030303028
heteroscedastic,0,0.1,0.1,smoother_001,eu_id,0.04853056055852445,0.8909090909090909
heteroscedastic,0,0.1,0.1,smoother_001,eu_heldout,0.04853056055852445,0.41818181818181815
heteroscedastic,0,0.1,0.1,smoother_1,eu_agreement,0.19267066140563038,0.9393939393939393
heteroscedastic,0,0.1,0.1,smoother_1,acquisition_overlap,0.19267066140563038,0.884162778312701
heteroscedastic,0,0.1,0.1,smoother_1,eu_group0,0.19267066140563038,0.8909090909090909
heteroscedastic,0,0.1,0.1,smoother_1,eu_group1,0.19267066140563038,0.8787878787878788
heteroscedastic,0,0.1,0.1,smoother_1,eu_id,0.19267066140563038,0.9151515151515152
heteroscedastic,0,0.1,0.1,smoother_1,eu_heldout,0.19267066140563038,0.49090909090909085
heteroscedastic,0,0.1,0.25,cka,eu_agreement,0.5596952572765681,0.9393939393939393
heteroscedastic,0,0.1,0.25,cka,acquisition_overlap,0.5596952572765681,0.9422535927041001
heteroscedastic,0,0.1,0.25,cka,eu_group0,0.5596952572765681,0.9272727272727272
heteroscedastic,0,0.1,0.25,cka,eu_group1,0.5596952572765681,0.9272727272727272
heteroscedastic,0,0.1,0.25,cka,eu_id,0.5596952572765681,0.9393939393939393
heteroscedastic,0,0.1,0.25,cka,eu_heldout,0.5596952572765681,0.2606060606060606
heteroscedastic,0,0.1,0.25,mknn,eu_agreement,0.37294776119402984,0.9393939393939393
heteroscedastic,0,0.1,0.25,mknn,acquisition_overlap,0.37294776119402984,0.9422535927041001
heteroscedastic,0,0.1,0.25,mknn,eu_group0,0.37294776119402984,0.9272727272727272
heteroscedastic,0,0.1,0.25,mknn,eu_group1,0.37294776119402984,0.9272727272727272
heteroscedastic,0,0.1,0.25,mknn,eu_id,0.37294776119402984,0.9393939393939393
heteroscedastic,0,0.1,0.25,mknn,eu_heldout,0.37294776119402984,0.2606060606060606
heteroscedastic,0,0.1,0.25,predictivity,eu_agreement,0.4878034809650872,0.709090909090909
heteroscedastic,0,0.1,0.25,predictivity,acquisition_overlap,0.4878034809650872,0.6626170426112704
heteroscedastic,0,0.1,0.25,predictivity,eu_group0,0.4878034809650872,0.6848484848484848
heteroscedastic,0,0.1,0.25,predictivity,eu_group1,0.4878034809650872,0.7818181818181817
heteroscedastic,0,0.1,0.25,predictivity,eu_id,0.4878034809650872,0.709090909090909
heteroscedastic,0,0.1,0.25,predictivity,eu_heldout,0.4878034809650872,0.3696969696969697
heteroscedastic,0,0.1,0.25,cca_type,eu_agreement,8.437653353787766e-09,0.8424242424242423
heteroscedastic,0,0.1,0.25,cca_type,acquisition_overlap,8.437653353787766e-09,0.790277206784084
heteroscedastic,0,0.1,0.25,cca_type,eu_group0,8.437653353787766e-09,0.8909090909090909
heteroscedastic,0,0.1,0.25,cca_type,eu_group1,8.437653353787766e-09,0.7939393939393938
heteroscedastic,0,0.1,0.25,cca_type,eu_id,8.437653353787766e-09,0.8424242424242423
heteroscedastic,0,0.1,0.25,cca_type,eu_heldout,8.437653353787766e-09,0.33333333333333326
heteroscedastic,0,0.1,0.25,smoother_001,eu_agreement,0.04853056055852445,0.8424242424242423
heteroscedastic,0,0.1,0.25,smoother_001,acquisition_overlap,0.04853056055852445,0.790277206784084
heteroscedastic,0,0.1,0.25,smoother_001,eu_group0,0.04853056055852445,0.8909090909090909
heteroscedastic,0,0.1,0.25,smoother_001,eu_group1,0.04853056055852445,0.7939393939393938
heteroscedastic,0,0.1,0.25,smoother_001,eu_id,0.04853056055852445,0.8424242424242423
heteroscedastic,0,0.1,0.25,smoother_001,eu_heldout,0.04853056055852445,0.33333333333333326
heteroscedastic,0,0.1,0.25,smoother_1,eu_agreement,0.19267066140563038,0.8909090909090909
heteroscedastic,0,0.1,0.25,smoother_1,acquisition_overlap,0.19267066140563038,0.9240164263936983
heteroscedastic,0,0.1,0.25,smoother_1,eu_group0,0.19267066140563038,0.9515151515151514
heteroscedastic,0,0.1,0.25,smoother_1,eu_group1,0.19267066140563038,0.8787878787878788
heteroscedastic,0,0.1,0.25,smoother_1,eu_id,0.19267066140563038,0.8909090909090909
heteroscedastic,0,0.1,0.25,smoother_1,eu_heldout,0.19267066140563038,0.35757575757575755
heteroscedastic,0,0.1,1.0,cka,eu_agreement,0.5596952572765681,0.9393939393939393
heteroscedastic,0,0.1,1.0,cka,acquisition_overlap,0.5596952572765681,0.8292837093139818
heteroscedastic,0,0.1,1.0,cka,eu_group0,0.5596952572765681,0.9272727272727272
heteroscedastic,0,0.1,1.0,cka,eu_group1,0.5596952572765681,0.9272727272727272
heteroscedastic,0,0.1,1.0,cka,eu_id,0.5596952572765681,0.8545454545454544
heteroscedastic,0,0.1,1.0,cka,eu_heldout,0.5596952572765681,0.43030303030303024
heteroscedastic,0,0.1,1.0,mknn,eu_agreement,0.37294776119402984,0.9393939393939393
heteroscedastic,0,0.1,1.0,mknn,acquisition_overlap,0.37294776119402984,0.8292837093139818
heteroscedastic,0,0.1,1.0,mknn,eu_group0,0.37294776119402984,0.9272727272727272
heteroscedastic,0,0.1,1.0,mknn,eu_group1,0.37294776119402984,0.9272727272727272
heteroscedastic,0,0.1,1.0,mknn,eu_id,0.37294776119402984,0.8545454545454544
heteroscedastic,0,0.1,1.0,mknn,eu_heldout,0.37294776119402984,0.43030303030303024
heteroscedastic,0,0.1,1.0,predictivity,eu_agreement,0.4878034809650872,0.709090909090909
heteroscedastic,0,0.1,1.0,predictivity,acquisition_overlap,0.4878034809650872,0.6524511536514415
heteroscedastic,0,0.1,1.0,predictivity,eu_group0,0.4878034809650872,0.5878787878787878
heteroscedastic,0,0.1,1.0,predictivity,eu_group1,0.4878034809650872,0.7818181818181817
heteroscedastic,0,0.1,1.0,predictivity,eu_id,0.4878034809650872,0.7333333333333332
heteroscedastic,0,0.1,1.0,predictivity,eu_heldout,0.4878034809650872,0.5151515151515151
heteroscedastic,0,0.1,1.0,cca_type,eu_agreement,8.437653353787766e-09,0.8424242424242423
heteroscedastic,0,0.1,1.0,cca_type,acquisition_overlap,8.437653353787766e-09,0.7134278969833519
heteroscedastic,0,0.1,1.0,cca_type,eu_group0,8.437653353787766e-09,0.8181818181818182
heteroscedastic,0,0.1,1.0,cca_type,eu_group1,8.437653353787766e-09,0.7939393939393938
heteroscedastic,0,0.1,1.0,cca_type,eu_id,8.437653353787766e-09,0.6848484848484848
heteroscedastic,0,0.1,1.0,cca_type,eu_heldout,8.437653353787766e-09,0.309090909090909
heteroscedastic,0,0.1,1.0,smoother_001,eu_agreement,0.04853056055852445,0.8424242424242423
heteroscedastic,0,0.1,1.0,smoother_001,acquisition_overlap,0.04853056055852445,0.7134278969833519
heteroscedastic,0,0.1,1.0,smoother_001,eu_group0,0.04853056055852445,0.8181818181818182
heteroscedastic,0,0.1,1.0,smoother_001,eu_group1,0.04853056055852445,0.7939393939393938
heteroscedastic,0,0.1,1.0,smoother_001,eu_id,0.04853056055852445,0.6848484848484848
heteroscedastic,0,0.1,1.0,smoother_001,eu_heldout,0.04853056055852445,0.309090909090909
heteroscedastic,0,0.1,1.0,smoother_1,eu_agreement,0.19267066140563038,0.8909090909090909
heteroscedastic,0,0.1,1.0,smoother_1,acquisition_overlap,0.19267066140563038,0.8353813836471727
heteroscedastic,0,0.1,1.0,smoother_1,eu_group0,0.19267066140563038,0.9030303030303028
heteroscedastic,0,0.1,1.0,smoother_1,eu_group1,0.19267066140563038,0.8787878787878788
heteroscedastic,0,0.1,1.0,smoother_1,eu_id,0.19267066140563038,0.7575757575757575
heteroscedastic,0,0.1,1.0,smoother_1,eu_heldout,0.19267066140563038,0.406060606060606
heteroscedastic,0,1.0,0.1,cka,eu_agreement,0.5596952572765681,0.9636363636363635
heteroscedastic,0,1.0,0.1,cka,acquisition_overlap,0.5596952572765681,0.8862587350511957
heteroscedastic,0,1.0,0.1,cka,eu_group0,0.5596952572765681,0.8787878787878788
heteroscedastic,0,1.0,0.1,cka,eu_group1,0.5596952572765681,0.9151515151515152
heteroscedastic,0,1.0,0.1,cka,eu_id,0.5596952572765681,0.9393939393939393
heteroscedastic,0,1.0,0.1,cka,eu_heldout,0.5596952572765681,0.4545454545454545
heteroscedastic,0,1.0,0.1,mknn,eu_agreement,0.37294776119402984,0.9636363636363635
heteroscedastic,0,1.0,0.1,mknn,acquisition_overlap,0.37294776119402984,0.8862587350511957
heteroscedastic,0,1.0,0.1,mknn,eu_group0,0.37294776119402984,0.8787878787878788
heteroscedastic,0,1.0,0.1,mknn,eu_group1,0.37294776119402984,0.9151515151515152
heteroscedastic,0,1.0,0.1,mknn,eu_id,0.37294776119402984,0.9393939393939393
heteroscedastic,0,1.0,0.1,mknn,eu_heldout,0.37294776119402984,0.4545454545454545
heteroscedastic,0,1.0,0.1,predictivity,eu_agreement,0.4878034809650872,0.8303030303030302
heteroscedastic,0,1.0,0.1,predictivity,acquisition_overlap,0.4878034809650872,0.7508580949739296
heteroscedastic,0,1.0,0.1,predictivity,eu_group0,0.4878034809650872,0.7696969696969697
heteroscedastic,0,1.0,0.1,predictivity,eu_group1,0.4878034809650872,0.7454545454545454
heteroscedastic,0,1.0,0.1,predictivity,eu_id,0.4878034809650872,0.7696969696969697
heteroscedastic,0,1.0,0.1,predictivity,eu_heldout,0.4878034809650872,0.6606060606060605
heteroscedastic,0,1.0,0.1,cca_type,eu_agreement,8.437653353787766e-09,0.9030303030303028
heteroscedastic,0,1.0,0.1,cca_type,acquisition_overlap,8.437653353787766e-09,0.8554858623063625
heteroscedastic,0,1.0,0.1,cca_type,eu_group0,8.437653353787766e-09,0.8060606060606059
heteroscedastic,0,1.0,0.1,cca_type,eu_group1,8.437653353787766e-09,0.9030303030303028
heteroscedastic,0,1.0,0.1,cca_type,eu_id,8.437653353787766e-09,0.8909090909090909
heteroscedastic,0,1.0,0.1,cca_type,eu_heldout,8.437653353787766e-09,0.5515151515151515
heteroscedastic,0,1.0,0.1,smoother_001,eu_agreement,0.04853056055852445,0.9030303030303028
heteroscedastic,0,1.0,0.1,smoother_001,acquisition_overlap,0.04853056055852445,0.8554858623063625
heteroscedastic,0,1.0,0.1,smoother_001,eu_group0,0.04853056055852445,0.8060606060606059
heteroscedastic,0,1.0,0.1,smoother_001,eu_group1,0.04853056055852445,0.9030303030303028
heteroscedastic,0,1.0,0.1,smoother_001,eu_id,0.04853056055852445,0.8909090909090909
heteroscedastic,0,1.0,0.1,smoother_001,eu_heldout,0.04853056055852445,0.5515151515151515
heteroscedastic,0,1.0,0.1,smoother_1,eu_agreement,0.19267066140563038,0.9393939393939393
heteroscedastic,0,1.0,0.1,smoother_1,acquisition_overlap,0.19267066140563038,0.8493312877573959
heteroscedastic,0,1.0,0.1,smoother_1,eu_group0,0.19267066140563038,0.8909090909090909
heteroscedastic,0,1.0,0.1,smoother_1,eu_group1,0.19267066140563038,0.8787878787878788
heteroscedastic,0,1.0,0.1,smoother_1,eu_id,0.19267066140563038,0.9151515151515152
heteroscedastic,0,1.0,0.1,smoother_1,eu_heldout,0.19267066140563038,0.5757575757575757
heteroscedastic,0,1.0,0.25,cka,eu_agreement,0.5596952572765681,0.9393939393939393
heteroscedastic,0,1.0,0.25,cka,acquisition_overlap,0.5596952572765681,0.9422535927041001
heteroscedastic,0,1.0,0.25,cka,eu_group0,0.5596952572765681,0.9272727272727272
heteroscedastic,0,1.0,0.25,cka,eu_group1,0.5596952572765681,0.9393939393939393
heteroscedastic,0,1.0,0.25,cka,eu_id,0.5596952572765681,0.9393939393939393
heteroscedastic,0,1.0,0.25,cka,eu_heldout,0.5596952572765681,0.2606060606060606
heteroscedastic,0,1.0,0.25,mknn,eu_agreement,0.37294776119402984,0.9393939393939393
heteroscedastic,0,1.0,0.25,mknn,acquisition_overlap,0.37294776119402984,0.9422535927041001
heteroscedastic,0,1.0,0.25,mknn,eu_group0,0.37294776119402984,0.9272727272727272
heteroscedastic,0,1.0,0.25,mknn,eu_group1,0.37294776119402984,0.9393939393939393
heteroscedastic,0,1.0,0.25,mknn,eu_id,0.37294776119402984,0.9393939393939393
heteroscedastic,0,1.0,0.25,mknn,eu_heldout,0.37294776119402984,0.2606060606060606
heteroscedastic,0,1.0,0.25,predictivity,eu_agreement,0.4878034809650872,0.709090909090909
heteroscedastic,0,1.0,0.25,predictivity,acquisition_overlap,0.4878034809650872,0.6626170426112704
heteroscedastic,0,1.0,0.25,predictivity,eu_group0,0.4878034809650872,0.6848484848484848
heteroscedastic,0,1.0,0.25,predictivity,eu_group1,0.4878034809650872,0.7333333333333332
heteroscedastic,0,1.0,0.25,predictivity,eu_id,0.4878034809650872,0.709090909090909
heteroscedastic,0,1.0,0.25,predictivity,eu_heldout,0.4878034809650872,0.3696969696969697
heteroscedastic,0,1.0,0.25,cca_type,eu_agreement,8.437653353787766e-09,0.8424242424242423
heteroscedastic,0,1.0,0.25,cca_type,acquisition_overlap,8.437653353787766e-09,0.790277206784084
heteroscedastic,0,1.0,0.25,cca_type,eu_group0,8.437653353787766e-09,0.8909090909090909
heteroscedastic,0,1.0,0.25,cca_type,eu_group1,8.437653353787766e-09,0.8545454545454544
heteroscedastic,0,1.0,0.25,cca_type,eu_id,8.437653353787766e-09,0.8424242424242423
heteroscedastic,0,1.0,0.25,cca_type,eu_heldout,8.437653353787766e-09,0.33333333333333326
heteroscedastic,0,1.0,0.25,smoother_001,eu_agreement,0.04853056055852445,0.8424242424242423
heteroscedastic,0,1.0,0.25,smoother_001,acquisition_overlap,0.04853056055852445,0.790277206784084
heteroscedastic,0,1.0,0.25,smoother_001,eu_group0,0.04853056055852445,0.8909090909090909
heteroscedastic,0,1.0,0.25,smoother_001,eu_group1,0.04853056055852445,0.8545454545454544
heteroscedastic,0,1.0,0.25,smoother_001,eu_id,0.04853056055852445,0.8424242424242423
heteroscedastic,0,1.0,0.25,smoother_001,eu_heldout,0.04853056055852445,0.33333333333333326
heteroscedastic,0,1.0,0.25,smoother_1,eu_agreement,0.19267066140563038,0.8909090909090909
heteroscedastic,0,1.0,0.25,smoother_1,acquisition_overlap,0.19267066140563038,0.9240164263936983
heteroscedastic,0,1.0,0.25,smoother_1,eu_group0,0.19267066140563038,0.9515151515151514
heteroscedastic,0,1.0,0.25,smoother_1,eu_group1,0.19267066140563038,0.9151515151515152
heteroscedastic,0,1.0,0.25,smoother_1,eu_id,0.19267066140563038,0.8909090909090909
heteroscedastic,0,1.0,0.25,smoother_1,eu_heldout,0.19267066140563038,0.35757575757575755
heteroscedastic,0,1.0,1.0,cka,eu_agreement,0.5596952572765681,0.9393939393939393
heteroscedastic,0,1.0,1.0,cka,acquisition_overlap,0.5596952572765681,0.8292837093139818
heteroscedastic,0,1.0,1.0,cka,eu_group0,0.5596952572765681,0.9272727272727272
heteroscedastic,0,1.0,1.0,cka,eu_group1,0.5596952572765681,0.8909090909090909
heteroscedastic,0,1.0,1.0,cka,eu_id,0.5596952572765681,0.8545454545454544
heteroscedastic,0,1.0,1.0,cka,eu_heldout,0.5596952572765681,0.5757575757575757
heteroscedastic,0,1.0,1.0,mknn,eu_agreement,0.37294776119402984,0.9393939393939393
heteroscedastic,0,1.0,1.0,mknn,acquisition_overlap,0.37294776119402984,0.8292837093139818
heteroscedastic,0,1.0,1.0,mknn,eu_group0,0.37294776119402984,0.9272727272727272
heteroscedastic,0,1.0,1.0,mknn,eu_group1,0.37294776119402984,0.8909090909090909
heteroscedastic,0,1.0,1.0,mknn,eu_id,0.37294776119402984,0.8545454545454544
heteroscedastic,0,1.0,1.0,mknn,eu_heldout,0.37294776119402984,0.5757575757575757
heteroscedastic,0,1.0,1.0,predictivity,eu_agreement,0.4878034809650872,0.709090909090909
heteroscedastic,0,1.0,1.0,predictivity,acquisition_overlap,0.4878034809650872,0.6524511536514415
heteroscedastic,0,1.0,1.0,predictivity,eu_group0,0.4878034809650872,0.5878787878787878
heteroscedastic,0,1.0,1.0,predictivity,eu_group1,0.4878034809650872,0.7696969696969697
heteroscedastic,0,1.0,1.0,predictivity,eu_id,0.4878034809650872,0.7333333333333332
heteroscedastic,0,1.0,1.0,predictivity,eu_heldout,0.4878034809650872,0.6848484848484848
heteroscedastic,0,1.0,1.0,cca_type,eu_agreement,8.437653353787766e-09,0.8424242424242423
heteroscedastic,0,1.0,1.0,cca_type,acquisition_overlap,8.437653353787766e-09,0.7134278969833519
heteroscedastic,0,1.0,1.0,cca_type,eu_group0,8.437653353787766e-09,0.8181818181818182
heteroscedastic,0,1.0,1.0,cca_type,eu_group1,8.437653353787766e-09,0.7454545454545454
heteroscedastic,0,1.0,1.0,cca_type,eu_id,8.437653353787766e-09,0.6848484848484848
heteroscedastic,0,1.0,1.0,cca_type,eu_heldout,8.437653353787766e-09,0.34545454545454546
heteroscedastic,0,1.0,1.0,smoother_001,eu_agreement,0.04853056055852445,0.8424242424242423
heteroscedastic,0,1.0,1.0,smoother_001,acquisition_overlap,0.04853056055852445,0.7134278969833519
heteroscedastic,0,1.0,1.0,smoother_001,eu_group0,0.04853056055852445,0.8181818181818182
heteroscedastic,0,1.0,1.0,smoother_001,eu_group1,0.04853056055852445,0.7454545454545454
heteroscedastic,0,1.0,1.0,smoother_001,eu_id,0.04853056055852445,0.6848484848484848
heteroscedastic,0,1.0,1.0,smoother_001,eu_heldout,0.04853056055852445,0.34545454545454546
heteroscedastic,0,1.0,1.0,smoother_1,eu_agreement,0.19267066140563038,0.8909090909090909
heteroscedastic,0,1.0,1.0,smoother_1,acquisition_overlap,0.19267066140563038,0.8353813836471727
heteroscedastic,0,1.0,1.0,smoother_1,eu_group0,0.19267066140563038,0.9030303030303028
heteroscedastic,0,1.0,1.0,smoother_1,eu_group1,0.19267066140563038,0.8303030303030302
heteroscedastic,0,1.0,1.0,smoother_1,eu_id,0.19267066140563038,0.7575757575757575
heteroscedastic,0,1.0,1.0,smoother_1,eu_heldout,0.19267066140563038,0.5030303030303029
heteroscedastic,0,10.0,0.1,cka,eu_agreement,0.5596952572765681,0.9636363636363635
heteroscedastic,0,10.0,0.1,cka,acquisition_overlap,0.5596952572765681,0.8862587350511957
heteroscedastic,0,10.0,0.1,cka,eu_group0,0.5596952572765681,0.8787878787878788
heteroscedastic,0,10.0,0.1,cka,eu_group1,0.5596952572765681,0.9151515151515152
heteroscedastic,0,10.0,0.1,cka,eu_id,0.5596952572765681,0.9393939393939393
heteroscedastic,0,10.0,0.1,cka,eu_heldout,0.5596952572765681,0.4545454545454545
heteroscedastic,0,10.0,0.1,mknn,eu_agreement,0.37294776119402984,0.9636363636363635
heteroscedastic,0,10.0,0.1,mknn,acquisition_overlap,0.37294776119402984,0.8862587350511957
heteroscedastic,0,10.0,0.1,mknn,eu_group0,0.37294776119402984,0.8787878787878788
heteroscedastic,0,10.0,0.1,mknn,eu_group1,0.37294776119402984,0.9151515151515152
heteroscedastic,0,10.0,0.1,mknn,eu_id,0.37294776119402984,0.9393939393939393
heteroscedastic,0,10.0,0.1,mknn,eu_heldout,0.37294776119402984,0.4545454545454545
heteroscedastic,0,10.0,0.1,predictivity,eu_agreement,0.4878034809650872,0.8303030303030302
heteroscedastic,0,10.0,0.1,predictivity,acquisition_overlap,0.4878034809650872,0.7508580949739296
heteroscedastic,0,10.0,0.1,predictivity,eu_group0,0.4878034809650872,0.7696969696969697
heteroscedastic,0,10.0,0.1,predictivity,eu_group1,0.4878034809650872,0.7454545454545454
heteroscedastic,0,10.0,0.1,predictivity,eu_id,0.4878034809650872,0.7696969696969697
heteroscedastic,0,10.0,0.1,predictivity,eu_heldout,0.4878034809650872,0.6606060606060605
heteroscedastic,0,10.0,0.1,cca_type,eu_agreement,8.437653353787766e-09,0.9030303030303028
heteroscedastic,0,10.0,0.1,cca_type,acquisition_overlap,8.437653353787766e-09,0.8554858623063625
heteroscedastic,0,10.0,0.1,cca_type,eu_group0,8.437653353787766e-09,0.8060606060606059
heteroscedastic,0,10.0,0.1,cca_type,eu_group1,8.437653353787766e-09,0.9030303030303028
heteroscedastic,0,10.0,0.1,cca_type,eu_id,8.437653353787766e-09,0.8909090909090909
heteroscedastic,0,10.0,0.1,cca_type,eu_heldout,8.437653353787766e-09,0.5515151515151515
heteroscedastic,0,10.0,0.1,smoother_001,eu_agreement,0.04853056055852445,0.9030303030303028
heteroscedastic,0,10.0,0.1,smoother_001,acquisition_overlap,0.04853056055852445,0.8554858623063625
heteroscedastic,0,10.0,0.1,smoother_001,eu_group0,0.04853056055852445,0.8060606060606059
heteroscedastic,0,10.0,0.1,smoother_001,eu_group1,0.04853056055852445,0.9030303030303028
heteroscedastic,0,10.0,0.1,smoother_001,eu_id,0.04853056055852445,0.8909090909090909
heteroscedastic,0,10.0,0.1,smoother_001,eu_heldout,0.04853056055852445,0.5515151515151515
heteroscedastic,0,10.0,0.1,smoother_1,eu_agreement,0.19267066140563038,0.9393939393939393
heteroscedastic,0,10.0,0.1,smoother_1,acquisition_overlap,0.19267066140563038,0.8493312877573959
heteroscedastic,0,10.0,0.1,smoother_1,eu_group0,0.19267066140563038,0.8909090909090909
heteroscedastic,0,10.0,0.1,smoother_1,eu_group1,0.19267066140563038,0.8787878787878788
heteroscedastic,0,10.0,0.1,smoother_1,eu_id,0.19267066140563038,0.9151515151515152
heteroscedastic,0,10.0,0.1,smoother_1,eu_heldout,0.19267066140563038,0.5757575757575757
heteroscedastic,0,10.0,0.25,cka,eu_agreement,0.5596952572765681,0.9393939393939393
heteroscedastic,0,10.0,0.25,cka,acquisition_overlap,0.5596952572765681,0.9422535927041001
heteroscedastic,0,10.0,0.25,cka,eu_group0,0.5596952572765681,0.9272727272727272
heteroscedastic,0,10.0,0.25,cka,eu_group1,0.5596952572765681,0.9393939393939393
heteroscedastic,0,10.0,0.25,cka,eu_id,0.5596952572765681,0.9393939393939393
heteroscedastic,0,10.0,0.25,cka,eu_heldout,0.5596952572765681,0.2606060606060606
heteroscedastic,0,10.0,0.25,mknn,eu_agreement,0.37294776119402984,0.9393939393939393
heteroscedastic,0,10.0,0.25,mknn,acquisition_overlap,0.37294776119402984,0.9422535927041001
heteroscedastic,0,10.0,0.25,mknn,eu_group0,0.37294776119402984,0.9272727272727272
heteroscedastic,0,10.0,0.25,mknn,eu_group1,0.37294776119402984,0.9393939393939393
heteroscedastic,0,10.0,0.25,mknn,eu_id,0.37294776119402984,0.9393939393939393
heteroscedastic,0,10.0,0.25,mknn,eu_heldout,0.37294776119402984,0.2606060606060606
heteroscedastic,0,10.0,0.25,predictivity,eu_agreement,0.4878034809650872,0.709090909090909
heteroscedastic,0,10.0,0.25,predictivity,acquisition_overlap,0.4878034809650872,0.6626170426112704
heteroscedastic,0,10.0,0.25,predictivity,eu_group0,0.4878034809650872,0.6848484848484848
heteroscedastic,0,10.0,0.25,predictivity,eu_group1,0.4878034809650872,0.7333333333333332
heteroscedastic,0,10.0,0.25,predictivity,eu_id,0.4878034809650872,0.709090909090909
heteroscedastic,0,10.0,0.25,predictivity,eu_heldout,0.4878034809650872,0.3696969696969697
heteroscedastic,0,10.0,0.25,cca_type,eu_agreement,8.437653353787766e-09,0.8424242424242423
heteroscedastic,0,10.0,0.25,cca_type,acquisition_overlap,8.437653353787766e-09,0.790277206784084
heteroscedastic,0,10.0,0.25,cca_type,eu_group0,8.437653353787766e-09,0.8909090909090909
heteroscedastic,0,10.0,0.25,cca_type,eu_group1,8.437653353787766e-09,0.8545454545454544
heteroscedastic,0,10.0,0.25,cca_type,eu_id,8.437653353787766e-09,0.8424242424242423
heteroscedastic,0,10.0,0.25,cca_type,eu_heldout,8.437653353787766e-09,0.33333333333333326
heteroscedastic,0,10.0,0.25,smoother_001,eu_agreement,0.04853056055852445,0.8424242424242423
heteroscedastic,0,10.0,0.25,smoother_001,acquisition_overlap,0.04853056055852445,0.790277206784084
heteroscedastic,0,10.0,0.25,smoother_001,eu_group0,0.04853056055852445,0.8909090909090909
heteroscedastic,0,10.0,0.25,smoother_001,eu_group1,0.04853056055852445,0.8545454545454544
heteroscedastic,0,10.0,0.25,smoother_001,eu_id,0.04853056055852445,0.8424242424242423
heteroscedastic,0,10.0,0.25,smoother_001,eu_heldout,0.04853056055852445,0.33333333333333326
heteroscedastic,0,10.0,0.25,smoother_1,eu_agreement,0.19267066140563038,0.8909090909090909
heteroscedastic,0,10.0,0.25,smoother_1,acquisition_overlap,0.19267066140563038,0.9240164263936983
heteroscedastic,0,10.0,0.25,smoother_1,eu_group0,0.19267066140563038,0.9515151515151514
heteroscedastic,0,10.0,0.25,smoother_1,eu_group1,0.19267066140563038,0.9151515151515152
heteroscedastic,0,10.0,0.25,smoother_1,eu_id,0.19267066140563038,0.8909090909090909
heteroscedastic,0,10.0,0.25,smoother_1,eu_heldout,0.19267066140563038,0.35757575757575755
heteroscedastic,0,10.0,1.0,cka,eu_agreement,0.5596952572765681,0.9393939393939393
heteroscedastic,0,10.0,1.0,cka,acquisition_overlap,0.5596952572765681,0.8719674296463189
heteroscedastic,0,10.0,1.0,cka,eu_group0,0.5596952572765681,0.9272727272727272
heteroscedastic,0,10.0,1.0,cka,eu_group1,0.5596952572765681,0.8909090909090909
heteroscedastic,0,10.0,1.0,cka,eu_id,0.5596952572765681,0.8545454545454544
heteroscedastic,0,10.0,1.0,cka,eu_heldout,0.5596952572765681,0.5393939393939393
heteroscedastic,0,10.0,1.0,mknn,eu_agreement,0.37294776119402984,0.9393939393939393
heteroscedastic,0,10.0,1.0,mknn,acquisition_overlap,0.37294776119402984,0.8719674296463189
heteroscedastic,0,10.0,1.0,mknn,eu_group0,0.37294776119402984,0.9272727272727272
heteroscedastic,0,10.0,1.0,mknn,eu_group1,0.37294776119402984,0.8909090909090909
heteroscedastic,0,10.0,1.0,mknn,eu_id,0.37294776119402984,0.8545454545454544
heteroscedastic,0,10.0,1.0,mknn,eu_heldout,0.37294776119402984,0.5393939393939393
heteroscedastic,0,10.0,1.0,predictivity,eu_agreement,0.4878034809650872,0.709090909090909
heteroscedastic,0,10.0,1.0,predictivity,acquisition_overlap,0.4878034809650872,0.7012325483169698
heteroscedastic,0,10.0,1.0,predictivity,eu_group0,0.4878034809650872,0.5878787878787878
heteroscedastic,0,10.0,1.0,predictivity,eu_group1,0.4878034809650872,0.7696969696969697
heteroscedastic,0,10.0,1.0,predictivity,eu_id,0.4878034809650872,0.7333333333333332
heteroscedastic,0,10.0,1.0,predictivity,eu_heldout,0.4878034809650872,0.6484848484848483
heteroscedastic,0,10.0,1.0,cca_type,eu_agreement,8.437653353787766e-09,0.8424242424242423
heteroscedastic,0,10.0,1.0,cca_type,acquisition_overlap,8.437653353787766e-09,0.7561116173156892
heteroscedastic,0,10.0,1.0,cca_type,eu_group0,8.437653353787766e-09,0.8181818181818182
heteroscedastic,0,10.0,1.0,cca_type,eu_group1,8.437653353787766e-09,0.7454545454545454
heteroscedastic,0,10.0,1.0,cca_type,eu_id,8.437653353787766e-09,0.6848484848484848
heteroscedastic,0,10.0,1.0,cca_type,eu_heldout,8.437653353787766e-09,0.32121212121212117
heteroscedastic,0,10.0,1.0,smoother_001,eu_agreement,0.04853056055852445,0.8424242424242423
heteroscedastic,0,10.0,1.0,smoother_001,acquisition_overlap,0.04853056055852445,0.7561116173156892
heteroscedastic,0,10.0,1.0,smoother_001,eu_group0,0.04853056055852445,0.8181818181818182
heteroscedastic,0,10.0,1.0,smoother_001,eu_group1,0.04853056055852445,0.7454545454545454
heteroscedastic,0,10.0,1.0,smoother_001,eu_id,0.04853056055852445,0.6848484848484848
heteroscedastic,0,10.0,1.0,smoother_001,eu_heldout,0.04853056055852445,0.32121212121212117
heteroscedastic,0,10.0,1.0,smoother_1,eu_agreement,0.19267066140563038,0.8909090909090909
heteroscedastic,0,10.0,1.0,smoother_1,acquisition_overlap,0.19267066140563038,0.8719674296463189
heteroscedastic,0,10.0,1.0,smoother_1,eu_group0,0.19267066140563038,0.9030303030303028
heteroscedastic,0,10.0,1.0,smoother_1,eu_group1,0.19267066140563038,0.8303030303030302
heteroscedastic,0,10.0,1.0,smoother_1,eu_id,0.19267066140563038,0.7575757575757575
heteroscedastic,0,10.0,1.0,smoother_1,eu_heldout,0.19267066140563038,0.4666666666666666
heteroscedastic,1,0.1,0.1,cka,eu_agreement,0.5651695304947039,0.9393939393939393
heteroscedastic,1,0.1,0.1,cka,acquisition_overlap,0.5651695304947039,0.859772080979937
heteroscedastic,1,0.1,0.1,cka,eu_group0,0.5651695304947039,0.9757575757575757
heteroscedastic,1,0.1,0.1,cka,eu_group1,0.5651695304947039,0.8909090909090909
heteroscedastic,1,0.1,0.1,cka,eu_id,0.5651695304947039,0.9272727272727272
heteroscedastic,1,0.1,0.1,cka,eu_heldout,0.5651695304947039,0.49090909090909085
heteroscedastic,1,0.1,0.1,mknn,eu_agreement,0.35970149253731354,0.9393939393939393
heteroscedastic,1,0.1,0.1,mknn,acquisition_overlap,0.35970149253731354,0.859772080979937
heteroscedastic,1,0.1,0.1,mknn,eu_group0,0.35970149253731354,0.9757575757575757
heteroscedastic,1,0.1,0.1,mknn,eu_group1,0.35970149253731354,0.8909090909090909
heteroscedastic,1,0.1,0.1,mknn,eu_id,0.35970149253731354,0.9272727272727272
heteroscedastic,1,0.1,0.1,mknn,eu_heldout,0.35970149253731354,0.49090909090909085
heteroscedastic,1,0.1,0.1,predictivity,eu_agreement,0.4366421997149912,0.7818181818181817
heteroscedastic,1,0.1,0.1,predictivity,acquisition_overlap,0.4366421997149912,0.579279061653149
heteroscedastic,1,0.1,0.1,predictivity,eu_group0,0.4366421997149912,0.7333333333333332
heteroscedastic,1,0.1,0.1,predictivity,eu_group1,0.4366421997149912,0.8424242424242423
heteroscedastic,1,0.1,0.1,predictivity,eu_id,0.4366421997149912,0.8303030303030302
heteroscedastic,1,0.1,0.1,predictivity,eu_heldout,0.4366421997149912,0.5878787878787878
heteroscedastic,1,0.1,0.1,cca_type,eu_agreement,8.772509163534892e-09,0.8909090909090909
heteroscedastic,1,0.1,0.1,cca_type,acquisition_overlap,8.772509163534892e-09,0.8231860349807906
heteroscedastic,1,0.1,0.1,cca_type,eu_group0,8.772509163534892e-09,0.8666666666666665
heteroscedastic,1,0.1,0.1,cca_type,eu_group1,8.772509163534892e-09,0.7818181818181817
heteroscedastic,1,0.1,0.1,cca_type,eu_id,8.772509163534892e-09,0.8303030303030302
heteroscedastic,1,0.1,0.1,cca_type,eu_heldout,8.772509163534892e-09,0.4545454545454545
heteroscedastic,1,0.1,0.1,smoother_001,eu_agreement,0.0501687347832146,0.8909090909090909
heteroscedastic,1,0.1,0.1,smoother_001,acquisition_overlap,0.0501687347832146,0.8231860349807906
heteroscedastic,1,0.1,0.1,smoother_001,eu_group0,0.0501687347832146,0.8666666666666665
heteroscedastic,1,0.1,0.1,smoother_001,eu_group1,0.0501687347832146,0.7818181818181817
heteroscedastic,1,0.1,0.1,smoother_001,eu_id,0.0501687347832146,0.8303030303030302
heteroscedastic,1,0.1,0.1,smoother_001,eu_heldout,0.0501687347832146,0.4545454545454545
heteroscedastic,1,0.1,0.1,smoother_1,eu_agreement,0.1939549404325912,0.9151515151515152
heteroscedastic,1,0.1,0.1,smoother_1,acquisition_overlap,0.1939549404325912,0.8963581269790831
heteroscedastic,1,0.1,0.1,smoother_1,eu_group0,0.1939549404325912,0.9636363636363635
heteroscedastic,1,0.1,0.1,smoother_1,eu_group1,0.1939549404325912,0.8303030303030302
heteroscedastic,1,0.1,0.1,smoother_1,eu_id,0.1939549404325912,0.8787878787878788
heteroscedastic,1,0.1,0.1,smoother_1,eu_heldout,0.1939549404325912,0.6121212121212121
heteroscedastic,1,0.1,0.25,cka,eu_agreement,0.5651695304947039,0.9393939393939393
heteroscedastic,1,0.1,0.25,cka,acquisition_overlap,0.5651695304947039,0.8181818181818182
heteroscedastic,1,0.1,0.25,cka,eu_group0,0.5651695304947039,0.9515151515151514
heteroscedastic,1,0.1,0.25,cka,eu_group1,0.5651695304947039,0.9636363636363635
heteroscedastic,1,0.1,0.25,cka,eu_id,0.5651695304947039,0.9272727272727272
heteroscedastic,1,0.1,0.25,cka,eu_heldout,0.5651695304947039,0.4424242424242424
heteroscedastic,1,0.1,0.25,mknn,eu_agreement,0.35970149253731354,0.9393939393939393
heteroscedastic,1,0.1,0.25,mknn,acquisition_overlap,0.35970149253731354,0.8181818181818182
heteroscedastic,1,0.1,0.25,mknn,eu_group0,0.35970149253731354,0.9515151515151514
heteroscedastic,1,0.1,0.25,mknn,eu_group1,0.35970149253731354,0.9636363636363635
heteroscedastic,1,0.1,0.25,mknn,eu_id,0.35970149253731354,0.9272727272727272
heteroscedastic,1,0.1,0.25,mknn,eu_heldout,0.35970149253731354,0.4424242424242424
heteroscedastic,1,0.1,0.25,predictivity,eu_agreement,0.4366421997149912,0.709090909090909
heteroscedastic,1,0.1,0.25,predictivity,acquisition_overlap,0.4366421997149912,0.6121212121212121
heteroscedastic,1,0.1,0.25,predictivity,eu_group0,0.4366421997149912,0.6363636363636362
heteroscedastic,1,0.1,0.25,predictivity,eu_group1,0.4366421997149912,0.9030303030303028
heteroscedastic,1,0.1,0.25,predictivity,eu_id,0.4366421997149912,0.7575757575757575
heteroscedastic,1,0.1,0.25,predictivity,eu_heldout,0.4366421997149912,0.6848484848484848
heteroscedastic,1,0.1,0.25,cca_type,eu_agreement,8.772509163534892e-09,0.8424242424242423
heteroscedastic,1,0.1,0.25,cca_type,acquisition_overlap,8.772509163534892e-09,0.6727272727272726
heteroscedastic,1,0.1,0.25,cca_type,eu_group0,8.772509163534892e-09,0.8181818181818182
heteroscedastic,1,0.1,0.25,cca_type,eu_group1,8.772509163534892e-09,0.8303030303030302
heteroscedastic,1,0.1,0.25,cca_type,eu_id,8.772509163534892e-09,0.7818181818181817
heteroscedastic,1,0.1,0.25,cca_type,eu_heldout,8.772509163534892e-09,0.43030303030303024
heteroscedastic,1,0.1,0.25,smoother_001,eu_agreement,0.0501687347832146,0.8424242424242423
heteroscedastic,1,0.1,0.25,smoother_001,acquisition_overlap,0.0501687347832146,0.6727272727272726
heteroscedastic,1,0.1,0.25,smoother_001,eu_group0,0.0501687347832146,0.8181818181818182
heteroscedastic,1,0.1,0.25,smoother_001,eu_group1,0.0501687347832146,0.8303030303030302
heteroscedastic,1,0.1,0.25,smoother_001,eu_id,0.0501687347832146,0.7818181818181817
heteroscedastic,1,0.1,0.25,smoother_001,eu_heldout,0.0501687347832146,0.43030303030303024
heteroscedastic,1,0.1,0.25,smoother_1,eu_agreement,0.1939549404325912,0.8909090909090909
heteroscedastic,1,0.1,0.25,smoother_1,acquisition_overlap,0.1939549404325912,0.8303030303030302
heteroscedastic,1,0.1,0.25,smoother_1,eu_group0,0.1939549404325912,0.9393939393939393
heteroscedastic,1,0.1,0.25,smoother_1,eu_group1,0.1939549404325912,0.9151515151515152
heteroscedastic,1,0.1,0.25,smoother_1,eu_id,0.1939549404325912,0.8545454545454544
heteroscedastic,1,0.1,0.25,smoother_1,eu_heldout,0.1939549404325912,0.5393939393939393
heteroscedastic,1,0.1,1.0,cka,eu_agreement,0.5651695304947039,0.9393939393939393
heteroscedastic,1,0.1,1.0,cka,acquisition_overlap,0.5651695304947039,0.8902604526458922
heteroscedastic,1,0.1,1.0,cka,eu_group0,0.5651695304947039,0.9393939393939393
heteroscedastic,1,0.1,1.0,cka,eu_group1,0.5651695304947039,0.9272727272727272
heteroscedastic,1,0.1,1.0,cka,eu_id,0.5651695304947039,0.8545454545454544
heteroscedastic,1,0.1,1.0,cka,eu_heldout,0.5651695304947039,0.17575757575757575
heteroscedastic,1,0.1,1.0,mknn,eu_agreement,0.35970149253731354,0.9393939393939393
heteroscedastic,1,0.1,1.0,mknn,acquisition_overlap,0.35970149253731354,0.8902604526458922
heteroscedastic,1,0.1,1.0,mknn,eu_group0,0.35970149253731354,0.9393939393939393
heteroscedastic,1,0.1,1.0,mknn,eu_group1,0.35970149253731354,0.9272727272727272
heteroscedastic,1,0.1,1.0,mknn,eu_id,0.35970149253731354,0.8545454545454544
heteroscedastic,1,0.1,1.0,mknn,eu_heldout,0.35970149253731354,0.17575757575757575
heteroscedastic,1,0.1,1.0,predictivity,eu_agreement,0.4366421997149912,0.7454545454545454
heteroscedastic,1,0.1,1.0,predictivity,acquisition_overlap,0.4366421997149912,0.7073302226501608
heteroscedastic,1,0.1,1.0,predictivity,eu_group0,0.4366421997149912,0.6242424242424242
heteroscedastic,1,0.1,1.0,predictivity,eu_group1,0.4366421997149912,0.7939393939393938
heteroscedastic,1,0.1,1.0,predictivity,eu_id,0.4366421997149912,0.7818181818181817
heteroscedastic,1,0.1,1.0,predictivity,eu_heldout,0.4366421997149912,0.29696969696969694
heteroscedastic,1,0.1,1.0,cca_type,eu_agreement,8.772509163534892e-09,0.8545454545454544
heteroscedastic,1,0.1,1.0,cca_type,acquisition_overlap,8.772509163534892e-09,0.7926976633148354
heteroscedastic,1,0.1,1.0,cca_type,eu_group0,8.772509163534892e-09,0.8303030303030302
heteroscedastic,1,0.1,1.0,cca_type,eu_group1,8.772509163534892e-09,0.7939393939393938
heteroscedastic,1,0.1,1.0,cca_type,eu_id,8.772509163534892e-09,0.6848484848484848
heteroscedastic,1,0.1,1.0,cca_type,eu_heldout,8.772509163534892e-09,0.23636363636363633
heteroscedastic,1,0.1,1.0,smoother_001,eu_agreement,0.0501687347832146,0.8545454545454544
heteroscedastic,1,0.1,1.0,smoother_001,acquisition_overlap,0.0501687347832146,0.7926976633148354
heteroscedastic,1,0.1,1.0,smoother_001,eu_group0,0.0501687347832146,0.8303030303030302
heteroscedastic,1,0.1,1.0,smoother_001,eu_group1,0.0501687347832146,0.7939393939393938
heteroscedastic,1,0.1,1.0,smoother_001,eu_id,0.0501687347832146,0.6848484848484848
heteroscedastic,1,0.1,1.0,smoother_001,eu_heldout,0.0501687347832146,0.23636363636363633
heteroscedastic,1,0.1,1.0,smoother_1,eu_agreement,0.1939549404325912,0.9151515151515152
heteroscedastic,1,0.1,1.0,smoother_1,acquisition_overlap,0.1939549404325912,0.8902604526458922
heteroscedastic,1,0.1,1.0,smoother_1,eu_group0,0.1939549404325912,0.9272727272727272
heteroscedastic,1,0.1,1.0,smoother_1,eu_group1,0.1939549404325912,0.8787878787878788
heteroscedastic,1,0.1,1.0,smoother_1,eu_id,0.1939549404325912,0.7575757575757575
heteroscedastic,1,0.1,1.0,smoother_1,eu_heldout,0.1939549404325912,0.18787878787878787
heteroscedastic,1,1.0,0.1,cka,eu_agreement,0.5651695304947039,0.9393939393939393
heteroscedastic,1,1.0,0.1,cka,acquisition_overlap,0.5651695304947039,0.859772080979937
heteroscedastic,1,1.0,0.1,cka,eu_group0,0.5651695304947039,0.9757575757575757
heteroscedastic,1,1.0,0.1,cka,eu_group1,0.5651695304947039,0.8909090909090909
heteroscedastic,1,1.0,0.1,cka,eu_id,0.5651695304947039,0.9393939393939393
heteroscedastic,1,1.0,0.1,cka,eu_heldout,0.5651695304947039,0.49090909090909085
heteroscedastic,1,1.0,0.1,mknn,eu_agreement,0.35970149253731354,0.9393939393939393
heteroscedastic,1,1.0,0.1,mknn,acquisition_overlap,0.35970149253731354,0.859772080979937
heteroscedastic,1,1.0,0.1,mknn,eu_group0,0.35970149253731354,0.9757575757575757
heteroscedastic,1,1.0,0.1,mknn,eu_group1,0.35970149253731354,0.8909090909090909
heteroscedastic,1,1.0,0.1,mknn,eu_id,0.35970149253731354,0.9393939393939393
heteroscedastic,1,1.0,0.1,mknn,eu_heldout,0.35970149253731354,0.49090909090909085
heteroscedastic,1,1.0,0.1,predictivity,eu_agreement,0.4366421997149912,0.7818181818181817
heteroscedastic,1,1.0,0.1,predictivity,acquisition_overlap,0.4366421997149912,0.579279061653149
heteroscedastic,1,1.0,0.1,predictivity,eu_group0,0.4366421997149912,0.7333333333333332
heteroscedastic,1,1.0,0.1,predictivity,eu_group1,0.4366421997149912,0.8424242424242423
heteroscedastic,1,1.0,0.1,predictivity,eu_id,0.4366421997149912,0.7818181818181817
heteroscedastic,1,1.0,0.1,predictivity,eu_heldout,0.4366421997149912,0.5878787878787878
heteroscedastic,1,1.0,0.1,cca_type,eu_agreement,8.772509163534892e-09,0.8909090909090909
heteroscedastic,1,1.0,0.1,cca_type,acquisition_overlap,8.772509163534892e-09,0.8231860349807906
heteroscedastic,1,1.0,0.1,cca_type,eu_group0,8.772509163534892e-09,0.8666666666666665
heteroscedastic,1,1.0,0.1,cca_type,eu_group1,8.772509163534892e-09,0.7818181818181817
heteroscedastic,1,1.0,0.1,cca_type,eu_id,8.772509163534892e-09,0.8909090909090909
heteroscedastic,1,1.0,0.1,cca_type,eu_heldout,8.772509163534892e-09,0.4545454545454545
heteroscedastic,1,1.0,0.1,smoother_001,eu_agreement,0.0501687347832146,0.8909090909090909
heteroscedastic,1,1.0,0.1,smoother_001,acquisition_overlap,0.0501687347832146,0.8231860349807906
heteroscedastic,1,1.0,0.1,smoother_001,eu_group0,0.0501687347832146,0.8666666666666665
heteroscedastic,1,1.0,0.1,smoother_001,eu_group1,0.0501687347832146,0.7818181818181817
heteroscedastic,1,1.0,0.1,smoother_001,eu_id,0.0501687347832146,0.8909090909090909
heteroscedastic,1,1.0,0.1,smoother_001,eu_heldout,0.0501687347832146,0.4545454545454545
heteroscedastic,1,1.0,0.1,smoother_1,eu_agreement,0.1939549404325912,0.9151515151515152
heteroscedastic,1,1.0,0.1,smoother_1,acquisition_overlap,0.1939549404325912,0.8963581269790831
heteroscedastic,1,1.0,0.1,smoother_1,eu_group0,0.1939549404325912,0.9636363636363635
heteroscedastic,1,1.0,0.1,smoother_1,eu_group1,0.1939549404325912,0.8303030303030302
heteroscedastic,1,1.0,0.1,smoother_1,eu_id,0.1939549404325912,0.9151515151515152
heteroscedastic,1,1.0,0.1,smoother_1,eu_heldout,0.1939549404325912,0.6121212121212121
heteroscedastic,1,1.0,0.25,cka,eu_agreement,0.5651695304947039,0.9515151515151514
heteroscedastic,1,1.0,0.25,cka,acquisition_overlap,0.5651695304947039,0.8181818181818182
heteroscedastic,1,1.0,0.25,cka,eu_group0,0.5651695304947039,0.9515151515151514
heteroscedastic,1,1.0,0.25,cka,eu_group1,0.5651695304947039,0.9636363636363635
heteroscedastic,1,1.0,0.25,cka,eu_id,0.5651695304947039,0.9393939393939393
heteroscedastic,1,1.0,0.25,cka,eu_heldout,0.5651695304947039,0.4424242424242424
heteroscedastic,1,1.0,0.25,mknn,eu_agreement,0.35970149253731354,0.9515151515151514
heteroscedastic,1,1.0,0.25,mknn,acquisition_overlap,0.35970149253731354,0.8181818181818182
heteroscedastic,1,1.0,0.25,mknn,eu_group0,0.35970149253731354,0.9515151515151514
heteroscedastic,1,1.0,0.25,mknn,eu_group1,0.35970149253731354,0.9636363636363635
heteroscedastic,1,1.0,0.25,mknn,eu_id,0.35970149253731354,0.9393939393939393
heteroscedastic,1,1.0,0.25,mknn,eu_heldout,0.35970149253731354,0.4424242424242424
heteroscedastic,1,1.0,0.25,predictivity,eu_agreement,0.4366421997149912,0.7212121212121211
heteroscedastic,1,1.0,0.25,predictivity,acquisition_overlap,0.4366421997149912,0.6121212121212121
heteroscedastic,1,1.0,0.25,predictivity,eu_group0,0.4366421997149912,0.6363636363636362
heteroscedastic,1,1.0,0.25,predictivity,eu_group1,0.4366421997149912,0.9030303030303028
heteroscedastic,1,1.0,0.25,predictivity,eu_id,0.4366421997149912,0.709090909090909
heteroscedastic,1,1.0,0.25,predictivity,eu_heldout,0.4366421997149912,0.6848484848484848
heteroscedastic,1,1.0,0.25,cca_type,eu_agreement,8.772509163534892e-09,0.8303030303030302
heteroscedastic,1,1.0,0.25,cca_type,acquisition_overlap,8.772509163534892e-09,0.6727272727272726
heteroscedastic,1,1.0,0.25,cca_type,eu_group0,8.772509163534892e-09,0.8181818181818182
heteroscedastic,1,1.0,0.25,cca_type,eu_group1,8.772509163534892e-09,0.8303030303030302
heteroscedastic,1,1.0,0.25,cca_type,eu_id,8.772509163534892e-09,0.8424242424242423
heteroscedastic,1,1.0,0.25,cca_type,eu_heldout,8.772509163534892e-09,0.43030303030303024
heteroscedastic,1,1.0,0.25,smoother_001,eu_agreement,0.0501687347832146,0.8303030303030302
heteroscedastic,1,1.0,0.25,smoother_001,acquisition_overlap,0.0501687347832146,0.6727272727272726
heteroscedastic,1,1.0,0.25,smoother_001,eu_group0,0.0501687347832146,0.8181818181818182
heteroscedastic,1,1.0,0.25,smoother_001,eu_group1,0.0501687347832146,0.8303030303030302
heteroscedastic,1,1.0,0.25,smoother_001,eu_id,0.0501687347832146,0.8424242424242423
heteroscedastic,1,1.0,0.25,smoother_001,eu_heldout,0.0501687347832146,0.43030303030303024
heteroscedastic,1,1.0,0.25,smoother_1,eu_agreement,0.1939549404325912,0.9030303030303028
heteroscedastic,1,1.0,0.25,smoother_1,acquisition_overlap,0.1939549404325912,0.8303030303030302
heteroscedastic,1,1.0,0.25,smoother_1,eu_group0,0.1939549404325912,0.9393939393939393
heteroscedastic,1,1.0,0.25,smoother_1,eu_group1,0.1939549404325912,0.9151515151515152
heteroscedastic,1,1.0,0.25,smoother_1,eu_id,0.1939549404325912,0.8909090909090909
heteroscedastic,1,1.0,0.25,smoother_1,eu_heldout,0.1939549404325912,0.5393939393939393
heteroscedastic,1,1.0,1.0,cka,eu_agreement,0.5651695304947039,0.9515151515151514
heteroscedastic,1,1.0,1.0,cka,acquisition_overlap,0.5651695304947039,0.8875420937728943
heteroscedastic,1,1.0,1.0,cka,eu_group0,0.5651695304947039,0.9393939393939393
heteroscedastic,1,1.0,1.0,cka,eu_group1,0.5651695304947039,0.9272727272727272
heteroscedastic,1,1.0,1.0,cka,eu_id,0.5651695304947039,0.8787878787878788
heteroscedastic,1,1.0,1.0,cka,eu_heldout,0.5651695304947039,0.309090909090909
heteroscedastic,1,1.0,1.0,mknn,eu_agreement,0.35970149253731354,0.9515151515151514
heteroscedastic,1,1.0,1.0,mknn,acquisition_overlap,0.35970149253731354,0.8875420937728943
heteroscedastic,1,1.0,1.0,mknn,eu_group0,0.35970149253731354,0.9393939393939393
heteroscedastic,1,1.0,1.0,mknn,eu_group1,0.35970149253731354,0.9272727272727272
heteroscedastic,1,1.0,1.0,mknn,eu_id,0.35970149253731354,0.8787878787878788
heteroscedastic,1,1.0,1.0,mknn,eu_heldout,0.35970149253731354,0.309090909090909
heteroscedastic,1,1.0,1.0,predictivity,eu_agreement,0.4366421997149912,0.7212121212121211
heteroscedastic,1,1.0,1.0,predictivity,acquisition_overlap,0.4366421997149912,0.6565379871744699
heteroscedastic,1,1.0,1.0,predictivity,eu_group0,0.4366421997149912,0.6242424242424242
heteroscedastic,1,1.0,1.0,predictivity,eu_group1,0.4366421997149912,0.7939393939393938
heteroscedastic,1,1.0,1.0,predictivity,eu_id,0.4366421997149912,0.7939393939393938
heteroscedastic,1,1.0,1.0,predictivity,eu_heldout,0.4366421997149912,0.3696969696969697
heteroscedastic,1,1.0,1.0,cca_type,eu_agreement,8.772509163534892e-09,0.8303030303030302
heteroscedastic,1,1.0,1.0,cca_type,acquisition_overlap,8.772509163534892e-09,0.7781190959104827
heteroscedastic,1,1.0,1.0,cca_type,eu_group0,8.772509163534892e-09,0.8303030303030302
heteroscedastic,1,1.0,1.0,cca_type,eu_group1,8.772509163534892e-09,0.7939393939393938
heteroscedastic,1,1.0,1.0,cca_type,eu_id,8.772509163534892e-09,0.7575757575757575
heteroscedastic,1,1.0,1.0,cca_type,eu_heldout,8.772509163534892e-09,0.3939393939393939
heteroscedastic,1,1.0,1.0,smoother_001,eu_agreement,0.0501687347832146,0.8303030303030302
heteroscedastic,1,1.0,1.0,smoother_001,acquisition_overlap,0.0501687347832146,0.7781190959104827
heteroscedastic,1,1.0,1.0,smoother_001,eu_group0,0.0501687347832146,0.8303030303030302
heteroscedastic,1,1.0,1.0,smoother_001,eu_group1,0.0501687347832146,0.7939393939393938
heteroscedastic,1,1.0,1.0,smoother_001,eu_id,0.0501687347832146,0.7575757575757575
heteroscedastic,1,1.0,1.0,smoother_001,eu_heldout,0.0501687347832146,0.3939393939393939
heteroscedastic,1,1.0,1.0,smoother_1,eu_agreement,0.1939549404325912,0.9030303030303028
heteroscedastic,1,1.0,1.0,smoother_1,acquisition_overlap,0.1939549404325912,0.8936211492096949
heteroscedastic,1,1.0,1.0,smoother_1,eu_group0,0.1939549404325912,0.9272727272727272
heteroscedastic,1,1.0,1.0,smoother_1,eu_group1,0.1939549404325912,0.8787878787878788
heteroscedastic,1,1.0,1.0,smoother_1,eu_id,0.1939549404325912,0.8181818181818182
heteroscedastic,1,1.0,1.0,smoother_1,eu_heldout,0.1939549404325912,0.32121212121212117
heteroscedastic,1,10.0,0.1,cka,eu_agreement,0.5651695304947039,0.9393939393939393
heteroscedastic,1,10.0,0.1,cka,acquisition_overlap,0.5651695304947039,0.8510677611520905
heteroscedastic,1,10.0,0.1,cka,eu_group0,0.5651695304947039,0.9757575757575757
heteroscedastic,1,10.0,0.1,cka,eu_group1,0.5651695304947039,0.8909090909090909
heteroscedastic,1,10.0,0.1,cka,eu_id,0.5651695304947039,0.9393939393939393
heteroscedastic,1,10.0,0.1,cka,eu_heldout,0.5651695304947039,0.49090909090909085
heteroscedastic,1,10.0,0.1,mknn,eu_agreement,0.35970149253731354,0.9393939393939393
heteroscedastic,1,10.0,0.1,mknn,acquisition_overlap,0.35970149253731354,0.8510677611520905
heteroscedastic,1,10.0,0.1,mknn,eu_group0,0.35970149253731354,0.9757575757575757
heteroscedastic,1,10.0,0.1,mknn,eu_group1,0.35970149253731354,0.8909090909090909
heteroscedastic,1,10.0,0.1,mknn,eu_id,0.35970149253731354,0.9393939393939393
heteroscedastic,1,10.0,0.1,mknn,eu_heldout,0.35970149253731354,0.49090909090909085
heteroscedastic,1,10.0,0.1,predictivity,eu_agreement,0.4366421997149912,0.7818181818181817
heteroscedastic,1,10.0,0.1,predictivity,acquisition_overlap,0.4366421997149912,0.5835893219328621
heteroscedastic,1,10.0,0.1,predictivity,eu_group0,0.4366421997149912,0.7333333333333332
heteroscedastic,1,10.0,0.1,predictivity,eu_group1,0.4366421997149912,0.8424242424242423
heteroscedastic,1,10.0,0.1,predictivity,eu_id,0.4366421997149912,0.7818181818181817
heteroscedastic,1,10.0,0.1,predictivity,eu_heldout,0.4366421997149912,0.5878787878787878
heteroscedastic,1,10.0,0.1,cca_type,eu_agreement,8.772509163534892e-09,0.8909090909090909
heteroscedastic,1,10.0,0.1,cca_type,acquisition_overlap,8.772509163534892e-09,0.8024353176576852
heteroscedastic,1,10.0,0.1,cca_type,eu_group0,8.772509163534892e-09,0.8666666666666665
heteroscedastic,1,10.0,0.1,cca_type,eu_group1,8.772509163534892e-09,0.7818181818181817
heteroscedastic,1,10.0,0.1,cca_type,eu_id,8.772509163534892e-09,0.8909090909090909
heteroscedastic,1,10.0,0.1,cca_type,eu_heldout,8.772509163534892e-09,0.4545454545454545
heteroscedastic,1,10.0,0.1,smoother_001,eu_agreement,0.0501687347832146,0.8909090909090909
heteroscedastic,1,10.0,0.1,smoother_001,acquisition_overlap,0.0501687347832146,0.8024353176576852
heteroscedastic,1,10.0,0.1,smoother_001,eu_group0,0.0501687347832146,0.8666666666666665
heteroscedastic,1,10.0,0.1,smoother_001,eu_group1,0.0501687347832146,0.7818181818181817
heteroscedastic,1,10.0,0.1,smoother_001,eu_id,0.0501687347832146,0.8909090909090909
heteroscedastic,1,10.0,0.1,smoother_001,eu_heldout,0.0501687347832146,0.4545454545454545
heteroscedastic,1,10.0,0.1,smoother_1,eu_agreement,0.1939549404325912,0.9151515151515152
heteroscedastic,1,10.0,0.1,smoother_1,acquisition_overlap,0.1939549404325912,0.8814630383360936
heteroscedastic,1,10.0,0.1,smoother_1,eu_group0,0.1939549404325912,0.9636363636363635
heteroscedastic,1,10.0,0.1,smoother_1,eu_group1,0.1939549404325912,0.8303030303030302
heteroscedastic,1,10.0,0.1,smoother_1,eu_id,0.1939549404325912,0.9151515151515152
heteroscedastic,1,10.0,0.1,smoother_1,eu_heldout,0.1939549404325912,0.6121212121212121
heteroscedastic,1,10.0,0.25,cka,eu_agreement,0.5651695304947039,0.9515151515151514
heteroscedastic,1,10.0,0.25,cka,acquisition_overlap,0.5651695304947039,0.8181818181818182
heteroscedastic,1,10.0,0.25,cka,eu_group0,0.5651695304947039,0.9515151515151514
heteroscedastic,1,10.0,0.25,cka,eu_group1,0.5651695304947039,0.9636363636363635
heteroscedastic,1,10.0,0.25,cka,eu_id,0.5651695304947039,0.9393939393939393
heteroscedastic,1,10.0,0.25,cka,eu_heldout,0.5651695304947039,0.49090909090909085
heteroscedastic,1,10.0,0.25,mknn,eu_agreement,0.35970149253731354,0.9515151515151514
heteroscedastic,1,10.0,0.25,mknn,acquisition_overlap,0.35970149253731354,0.8181818181818182
heteroscedastic,1,10.0,0.25,mknn,eu_group0,0.35970149253731354,0.9515151515151514
heteroscedastic,1,10.0,0.25,mknn,eu_group1,0.35970149253731354,0.9636363636363635
heteroscedastic,1,10.0,0.25,mknn,eu_id,0.35970149253731354,0.9393939393939393
heteroscedastic,1,10.0,0.25,mknn,eu_heldout,0.35970149253731354,0.49090909090909085
heteroscedastic,1,10.0,0.25,predictivity,eu_agreement,0.4366421997149912,0.7212121212121211
heteroscedastic,1,10.0,0.25,predictivity,acquisition_overlap,0.4366421997149912,0.6121212121212121
heteroscedastic,1,10.0,0.25,predictivity,eu_group0,0.4366421997149912,0.6363636363636362
heteroscedastic,1,10.0,0.25,predictivity,eu_group1,0.4366421997149912,0.9030303030303028
heteroscedastic,1,10.0,0.25,predictivity,eu_id,0.4366421997149912,0.709090909090909
heteroscedastic,1,10.0,0.25,predictivity,eu_heldout,0.4366421997149912,0.7333333333333332
heteroscedastic,1,10.0,0.25,cca_type,eu_agreement,8.772509163534892e-09,0.8303030303030302
heteroscedastic,1,10.0,0.25,cca_type,acquisition_overlap,8.772509163534892e-09,0.6727272727272726
heteroscedastic,1,10.0,0.25,cca_type,eu_group0,8.772509163534892e-09,0.8181818181818182
heteroscedastic,1,10.0,0.25,cca_type,eu_group1,8.772509163534892e-09,0.8303030303030302
heteroscedastic,1,10.0,0.25,cca_type,eu_id,8.772509163534892e-09,0.8424242424242423
heteroscedastic,1,10.0,0.25,cca_type,eu_heldout,8.772509163534892e-09,0.4666666666666666
heteroscedastic,1,10.0,0.25,smoother_001,eu_agreement,0.0501687347832146,0.8303030303030302
heteroscedastic,1,10.0,0.25,smoother_001,acquisition_overlap,0.0501687347832146,0.6727272727272726
heteroscedastic,1,10.0,0.25,smoother_001,eu_group0,0.0501687347832146,0.8181818181818182
heteroscedastic,1,10.0,0.25,smoother_001,eu_group1,0.0501687347832146,0.8303030303030302
heteroscedastic,1,10.0,0.25,smoother_001,eu_id,0.0501687347832146,0.8424242424242423
heteroscedastic,1,10.0,0.25,smoother_001,eu_heldout,0.0501687347832146,0.4666666666666666
heteroscedastic,1,10.0,0.25,smoother_1,eu_agreement,0.1939549404325912,0.9030303030303028
heteroscedastic,1,10.0,0.25,smoother_1,acquisition_overlap,0.1939549404325912,0.8303030303030302
heteroscedastic,1,10.0,0.25,smoother_1,eu_group0,0.1939549404325912,0.9393939393939393
heteroscedastic,1,10.0,0.25,smoother_1,eu_group1,0.1939549404325912,0.9151515151515152
heteroscedastic,1,10.0,0.25,smoother_1,eu_id,0.1939549404325912,0.8909090909090909
heteroscedastic,1,10.0,0.25,smoother_1,eu_heldout,0.1939549404325912,0.5636363636363636
heteroscedastic,1,10.0,1.0,cka,eu_agreement,0.5651695304947039,0.9515151515151514
heteroscedastic,1,10.0,1.0,cka,acquisition_overlap,0.5651695304947039,0.8145934285312865
heteroscedastic,1,10.0,1.0,cka,eu_group0,0.5651695304947039,0.9393939393939393
heteroscedastic,1,10.0,1.0,cka,eu_group1,0.5651695304947039,0.9272727272727272
heteroscedastic,1,10.0,1.0,cka,eu_id,0.5651695304947039,0.9151515151515152
heteroscedastic,1,10.0,1.0,cka,eu_heldout,0.5651695304947039,0.4424242424242424
heteroscedastic,1,10.0,1.0,mknn,eu_agreement,0.35970149253731354,0.9515151515151514
heteroscedastic,1,10.0,1.0,mknn,acquisition_overlap,0.35970149253731354,0.8145934285312865
heteroscedastic,1,10.0,1.0,mknn,eu_group0,0.35970149253731354,0.9393939393939393
heteroscedastic,1,10.0,1.0,mknn,eu_group1,0.35970149253731354,0.9272727272727272
heteroscedastic,1,10.0,1.0,mknn,eu_id,0.35970149253731354,0.9151515151515152
heteroscedastic,1,10.0,1.0,mknn,eu_heldout,0.35970149253731354,0.4424242424242424
heteroscedastic,1,10.0,1.0,predictivity,eu_agreement,0.4366421997149912,0.7212121212121211
heteroscedastic,1,10.0,1.0,predictivity,acquisition_overlap,0.4366421997149912,0.5531940447488588
heteroscedastic,1,10.0,1.0,predictivity,eu_group0,0.4366421997149912,0.6242424242424242
heteroscedastic,1,10.0,1.0,predictivity,eu_group1,0.4366421997149912,0.7939393939393938
heteroscedastic,1,10.0,1.0,predictivity,eu_id,0.4366421997149912,0.7818181818181817
heteroscedastic,1,10.0,1.0,predictivity,eu_heldout,0.4366421997149912,0.38181818181818183
heteroscedastic,1,10.0,1.0,cca_type,eu_agreement,8.772509163534892e-09,0.8303030303030302
heteroscedastic,1,10.0,1.0,cca_type,acquisition_overlap,8.772509163534892e-09,0.7598819296000807
heteroscedastic,1,10.0,1.0,cca_type,eu_group0,8.772509163534892e-09,0.8303030303030302
heteroscedastic,1,10.0,1.0,cca_type,eu_group1,8.772509163534892e-09,0.7939393939393938
heteroscedastic,1,10.0,1.0,cca_type,eu_id,8.772509163534892e-09,0.8060606060606059
heteroscedastic,1,10.0,1.0,cca_type,eu_heldout,8.772509163534892e-09,0.3939393939393939
heteroscedastic,1,10.0,1.0,smoother_001,eu_agreement,0.0501687347832146,0.8303030303030302
heteroscedastic,1,10.0,1.0,smoother_001,acquisition_overlap,0.0501687347832146,0.7598819296000807
heteroscedastic,1,10.0,1.0,smoother_001,eu_group0,0.0501687347832146,0.8303030303030302
heteroscedastic,1,10.0,1.0,smoother_001,eu_group1,0.0501687347832146,0.7939393939393938
heteroscedastic,1,10.0,1.0,smoother_001,eu_id,0.0501687347832146,0.8060606060606059
heteroscedastic,1,10.0,1.0,smoother_001,eu_heldout,0.0501687347832146,0.3939393939393939
heteroscedastic,1,10.0,1.0,smoother_1,eu_agreement,0.1939549404325912,0.9030303030303028
heteroscedastic,1,10.0,1.0,smoother_1,acquisition_overlap,0.1939549404325912,0.8449887057152898
heteroscedastic,1,10.0,1.0,smoother_1,eu_group0,0.1939549404325912,0.9272727272727272
heteroscedastic,1,10.0,1.0,smoother_1,eu_group1,0.1939549404325912,0.8787878787878788
heteroscedastic,1,10.0,1.0,smoother_1,eu_id,0.1939549404325912,0.8666666666666665
heteroscedastic,1,10.0,1.0,smoother_1,eu_heldout,0.1939549404325912,0.4666666666666666
heteroscedastic,2,0.1,0.1,cka,eu_agreement,0.5559714129327102,0.9393939393939393
heteroscedastic,2,0.1,0.1,cka,acquisition_overlap,0.5559714129327102,0.8666666666666665
heteroscedastic,2,0.1,0.1,cka,eu_group0,0.5559714129327102,0.9515151515151514
heteroscedastic,2,0.1,0.1,cka,eu_group1,0.5559714129327102,0.8666666666666665
heteroscedastic,2,0.1,0.1,cka,eu_id,0.5559714129327102,0.9151515151515152
heteroscedastic,2,0.1,0.1,cka,eu_heldout,0.5559714129327102,0.7575757575757575
heteroscedastic,2,0.1,0.1,mknn,eu_agreement,0.34738805970149256,0.9393939393939393
heteroscedastic,2,0.1,0.1,mknn,acquisition_overlap,0.34738805970149256,0.8666666666666665
heteroscedastic,2,0.1,0.1,mknn,eu_group0,0.34738805970149256,0.9515151515151514
heteroscedastic,2,0.1,0.1,mknn,eu_group1,0.34738805970149256,0.8666666666666665
heteroscedastic,2,0.1,0.1,mknn,eu_id,0.34738805970149256,0.9151515151515152
heteroscedastic,2,0.1,0.1,mknn,eu_heldout,0.34738805970149256,0.7575757575757575
heteroscedastic,2,0.1,0.1,predictivity,eu_agreement,0.46849364492527373,0.8424242424242423
heteroscedastic,2,0.1,0.1,predictivity,acquisition_overlap,0.46849364492527373,0.6848484848484848
heteroscedastic,2,0.1,0.1,predictivity,eu_group0,0.46849364492527373,0.7575757575757575
heteroscedastic,2,0.1,0.1,predictivity,eu_group1,0.46849364492527373,0.7212121212121211
heteroscedastic,2,0.1,0.1,predictivity,eu_id,0.46849364492527373,0.7818181818181817
heteroscedastic,2,0.1,0.1,predictivity,eu_heldout,0.46849364492527373,0.8787878787878788
heteroscedastic,2,0.1,0.1,cca_type,eu_agreement,1.0533435901294297e-08,0.9393939393939393
heteroscedastic,2,0.1,0.1,cca_type,acquisition_overlap,1.0533435901294297e-08,0.8424242424242423
heteroscedastic,2,0.1,0.1,cca_type,eu_group0,1.0533435901294297e-08,0.9030303030303028
heteroscedastic,2,0.1,0.1,cca_type,eu_group1,1.0533435901294297e-08,0.9515151515151514
heteroscedastic,2,0.1,0.1,cca_type,eu_id,1.0533435901294297e-08,0.9272727272727272
heteroscedastic,2,0.1,0.1,cca_type,eu_heldout,1.0533435901294297e-08,0.5393939393939393
heteroscedastic,2,0.1,0.1,smoother_001,eu_agreement,0.0517360636056412,0.9393939393939393
heteroscedastic,2,0.1,0.1,smoother_001,acquisition_overlap,0.0517360636056412,0.8424242424242423
heteroscedastic,2,0.1,0.1,smoother_001,eu_group0,0.0517360636056412,0.9030303030303028
heteroscedastic,2,0.1,0.1,smoother_001,eu_group1,0.0517360636056412,0.9515151515151514
heteroscedastic,2,0.1,0.1,smoother_001,eu_id,0.0517360636056412,0.9272727272727272
heteroscedastic,2,0.1,0.1,smoother_001,eu_heldout,0.0517360636056412,0.5393939393939393
heteroscedastic,2,0.1,0.1,smoother_1,eu_agreement,0.19157977372738633,0.9757575757575757
heteroscedastic,2,0.1,0.1,smoother_1,acquisition_overlap,0.19157977372738633,0.8787878787878788
heteroscedastic,2,0.1,0.1,smoother_1,eu_group0,0.19157977372738633,0.9636363636363635
heteroscedastic,2,0.1,0.1,smoother_1,eu_group1,0.19157977372738633,0.9151515151515152
heteroscedastic,2,0.1,0.1,smoother_1,eu_id,0.19157977372738633,0.9515151515151514
heteroscedastic,2,0.1,0.1,smoother_1,eu_heldout,0.19157977372738633,0.7212121212121211
heteroscedastic,2,0.1,0.25,cka,eu_agreement,0.5559714129327102,0.9272727272727272
heteroscedastic,2,0.1,0.25,cka,acquisition_overlap,0.5559714129327102,0.8181818181818182
heteroscedastic,2,0.1,0.25,cka,eu_group0,0.5559714129327102,0.9272727272727272
heteroscedastic,2,0.1,0.25,cka,eu_group1,0.5559714129327102,0.9636363636363635
heteroscedastic,2,0.1,0.25,cka,eu_id,0.5559714129327102,0.9151515151515152
heteroscedastic,2,0.1,0.25,cka,eu_heldout,0.5559714129327102,0.3939393939393939
heteroscedastic,2,0.1,0.25,mknn,eu_agreement,0.34738805970149256,0.9272727272727272
heteroscedastic,2,0.1,0.25,mknn,acquisition_overlap,0.34738805970149256,0.8181818181818182
heteroscedastic,2,0.1,0.25,mknn,eu_group0,0.34738805970149256,0.9272727272727272
heteroscedastic,2,0.1,0.25,mknn,eu_group1,0.34738805970149256,0.9636363636363635
heteroscedastic,2,0.1,0.25,mknn,eu_id,0.34738805970149256,0.9151515151515152
heteroscedastic,2,0.1,0.25,mknn,eu_heldout,0.34738805970149256,0.3939393939393939
heteroscedastic,2,0.1,0.25,predictivity,eu_agreement,0.46849364492527373,0.7575757575757575
heteroscedastic,2,0.1,0.25,predictivity,acquisition_overlap,0.46849364492527373,0.5878787878787878
heteroscedastic,2,0.1,0.25,predictivity,eu_group0,0.46849364492527373,0.6969696969696969
heteroscedastic,2,0.1,0.25,predictivity,eu_group1,0.46849364492527373,0.8303030303030302
heteroscedastic,2,0.1,0.25,predictivity,eu_id,0.46849364492527373,0.7939393939393938
heteroscedastic,2,0.1,0.25,predictivity,eu_heldout,0.46849364492527373,0.18787878787878787
heteroscedastic,2,0.1,0.25,cca_type,eu_agreement,1.0533435901294297e-08,0.8666666666666665
heteroscedastic,2,0.1,0.25,cca_type,acquisition_overlap,1.0533435901294297e-08,0.7575757575757575
heteroscedastic,2,0.1,0.25,cca_type,eu_group0,1.0533435901294297e-08,0.8909090909090909
heteroscedastic,2,0.1,0.25,cca_type,eu_group1,1.0533435901294297e-08,0.8666666666666665
heteroscedastic,2,0.1,0.25,cca_type,eu_id,1.0533435901294297e-08,0.8060606060606059
heteroscedastic,2,0.1,0.25,cca_type,eu_heldout,1.0533435901294297e-08,0.5272727272727272
heteroscedastic,2,0.1,0.25,smoother_001,eu_agreement,0.0517360636056412,0.8666666666666665
heteroscedastic,2,0.1,0.25,smoother_001,acquisition_overlap,0.0517360636056412,0.7575757575757575
heteroscedastic,2,0.1,0.25,smoother_001,eu_group0,0.0517360636056412,0.8909090909090909
heteroscedastic,2,0.1,0.25,smoother_001,eu_group1,0.0517360636056412,0.8666666666666665
heteroscedastic,2,0.1,0.25,smoother_001,eu_id,0.0517360636056412,0.8060606060606059
heteroscedastic,2,0.1,0.25,smoother_001,eu_heldout,0.0517360636056412,0.5272727272727272
heteroscedastic,2,0.1,0.25,smoother_1,eu_agreement,0.19157977372738633,0.9151515151515152
heteroscedastic,2,0.1,0.25,smoother_1,acquisition_overlap,0.19157977372738633,0.8303030303030302
heteroscedastic,2,0.1,0.25,smoother_1,eu_group0,0.19157977372738633,0.9393939393939393
heteroscedastic,2,0.1,0.25,smoother_1,eu_group1,0.19157977372738633,0.9515151515151514
heteroscedastic,2,0.1,0.25,smoother_1,eu_id,0.19157977372738633,0.8787878787878788
heteroscedastic,2,0.1,0.25,smoother_1,eu_heldout,0.19157977372738633,0.5151515151515151
heteroscedastic,2,0.1,1.0,cka,eu_agreement,0.5559714129327102,0.9393939393939393
heteroscedastic,2,0.1,1.0,cka,acquisition_overlap,0.5559714129327102,0.7841981513472833
heteroscedastic,2,0.1,1.0,cka,eu_group0,0.5559714129327102,0.9393939393939393
heteroscedastic,2,0.1,1.0,cka,eu_group1,0.5559714129327102,0.9272727272727272
heteroscedastic,2,0.1,1.0,cka,eu_id,0.5559714129327102,0.8545454545454544
heteroscedastic,2,0.1,1.0,cka,eu_heldout,0.5559714129327102,0.12727272727272726
heteroscedastic,2,0.1,1.0,mknn,eu_agreement,0.34738805970149256,0.9393939393939393
heteroscedastic,2,0.1,1.0,mknn,acquisition_overlap,0.34738805970149256,0.7841981513472833
heteroscedastic,2,0.1,1.0,mknn,eu_group0,0.34738805970149256,0.9393939393939393
heteroscedastic,2,0.1,1.0,mknn,eu_group1,0.34738805970149256,0.9272727272727272
heteroscedastic,2,0.1,1.0,mknn,eu_id,0.34738805970149256,0.8545454545454544
heteroscedastic,2,0.1,1.0,mknn,eu_heldout,0.34738805970149256,0.12727272727272726
heteroscedastic,2,0.1,1.0,predictivity,eu_agreement,0.46849364492527373,0.7696969696969697
heteroscedastic,2,0.1,1.0,predictivity,acquisition_overlap,0.46849364492527373,0.6018264882432639
heteroscedastic,2,0.1,1.0,predictivity,eu_group0,0.46849364492527373,0.6727272727272726
heteroscedastic,2,0.1,1.0,predictivity,eu_group1,0.46849364492527373,0.8060606060606059
heteroscedastic,2,0.1,1.0,predictivity,eu_id,0.46849364492527373,0.7575757575757575
heteroscedastic,2,0.1,1.0,predictivity,eu_heldout,0.46849364492527373,0.13939393939393938
heteroscedastic,2,0.1,1.0,cca_type,eu_agreement,1.0533435901294297e-08,0.8545454545454544
heteroscedastic,2,0.1,1.0,cca_type,acquisition_overlap,1.0533435901294297e-08,0.6747751534848716
heteroscedastic,2,0.1,1.0,cca_type,eu_group0,1.0533435901294297e-08,0.8303030303030302
heteroscedastic,2,0.1,1.0,cca_type,eu_group1,1.0533435901294297e-08,0.7939393939393938
heteroscedastic,2,0.1,1.0,cca_type,eu_id,1.0533435901294297e-08,0.6848484848484848
heteroscedastic,2,0.1,1.0,cca_type,eu_heldout,1.0533435901294297e-08,0.43030303030303024
heteroscedastic,2,0.1,1.0,smoother_001,eu_agreement,0.0517360636056412,0.8545454545454544
heteroscedastic,2,0.1,1.0,smoother_001,acquisition_overlap,0.0517360636056412,0.6747751534848716
heteroscedastic,2,0.1,1.0,smoother_001,eu_group0,0.0517360636056412,0.8303030303030302
heteroscedastic,2,0.1,1.0,smoother_001,eu_group1,0.0517360636056412,0.7939393939393938
heteroscedastic,2,0.1,1.0,smoother_001,eu_id,0.0517360636056412,0.6848484848484848
heteroscedastic,2,0.1,1.0,smoother_001,eu_heldout,0.0517360636056412,0.43030303030303024
heteroscedastic,2,0.1,1.0,smoother_1,eu_agreement,0.19157977372738633,0.9272727272727272
heteroscedastic,2,0.1,1.0,smoother_1,acquisition_overlap,0.19157977372738633,0.7963562622208846
heteroscedastic,2,0.1,1.0,smoother_1,eu_group0,0.19157977372738633,0.9030303030303028
heteroscedastic,2,0.1,1.0,smoother_1,eu_group1,0.19157977372738633,0.8909090909090909
heteroscedastic,2,0.1,1.0,smoother_1,eu_id,0.19157977372738633,0.7696969696969697
heteroscedastic,2,0.1,1.0,smoother_1,eu_heldout,0.19157977372738633,0.32121212121212117
heteroscedastic,2,1.0,0.1,cka,eu_agreement,0.5559714129327102,0.9393939393939393
heteroscedastic,2,1.0,0.1,cka,acquisition_overlap,0.5559714129327102,0.8440722199302098
heteroscedastic,2,1.0,0.1,cka,eu_group0,0.5559714129327102,0.9515151515151514
heteroscedastic,2,1.0,0.1,cka,eu_group1,0.5559714129327102,0.8666666666666665
heteroscedastic,2,1.0,0.1,cka,eu_id,0.5559714129327102,0.9151515151515152
heteroscedastic,2,1.0,0.1,cka,eu_heldout,0.5559714129327102,0.6606060606060605
heteroscedastic,2,1.0,0.1,mknn,eu_agreement,0.34738805970149256,0.9393939393939393
heteroscedastic,2,1.0,0.1,mknn,acquisition_overlap,0.34738805970149256,0.8440722199302098
heteroscedastic,2,1.0,0.1,mknn,eu_group0,0.34738805970149256,0.9515151515151514
heteroscedastic,2,1.0,0.1,mknn,eu_group1,0.34738805970149256,0.8666666666666665
heteroscedastic,2,1.0,0.1,mknn,eu_id,0.34738805970149256,0.9151515151515152
heteroscedastic,2,1.0,0.1,mknn,eu_heldout,0.34738805970149256,0.6606060606060605
heteroscedastic,2,1.0,0.1,predictivity,eu_agreement,0.46849364492527373,0.8424242424242423
heteroscedastic,2,1.0,0.1,predictivity,acquisition_overlap,0.46849364492527373,0.7095099819703212
heteroscedastic,2,1.0,0.1,predictivity,eu_group0,0.46849364492527373,0.7575757575757575
heteroscedastic,2,1.0,0.1,predictivity,eu_group1,0.46849364492527373,0.7212121212121211
heteroscedastic,2,1.0,0.1,predictivity,eu_id,0.46849364492527373,0.7818181818181817
heteroscedastic,2,1.0,0.1,predictivity,eu_heldout,0.46849364492527373,0.9030303030303028
heteroscedastic,2,1.0,0.1,cca_type,eu_agreement,1.0533435901294297e-08,0.9393939393939393
heteroscedastic,2,1.0,0.1,cca_type,acquisition_overlap,1.0533435901294297e-08,0.8257228238447705
heteroscedastic,2,1.0,0.1,cca_type,eu_group0,1.0533435901294297e-08,0.9030303030303028
heteroscedastic,2,1.0,0.1,cca_type,eu_group1,1.0533435901294297e-08,0.9515151515151514
heteroscedastic,2,1.0,0.1,cca_type,eu_id,1.0533435901294297e-08,0.9272727272727272
heteroscedastic,2,1.0,0.1,cca_type,eu_heldout,1.0533435901294297e-08,0.43030303030303024
heteroscedastic,2,1.0,0.1,smoother_001,eu_agreement,0.0517360636056412,0.9393939393939393
heteroscedastic,2,1.0,0.1,smoother_001,acquisition_overlap,0.0517360636056412,0.8257228238447705
heteroscedastic,2,1.0,0.1,smoother_001,eu_group0,0.0517360636056412,0.9030303030303028
heteroscedastic,2,1.0,0.1,smoother_001,eu_group1,0.0517360636056412,0.9515151515151514
heteroscedastic,2,1.0,0.1,smoother_001,eu_id,0.0517360636056412,0.9272727272727272
heteroscedastic,2,1.0,0.1,smoother_001,eu_heldout,0.0517360636056412,0.43030303030303024
heteroscedastic,2,1.0,0.1,smoother_1,eu_agreement,0.19157977372738633,0.9757575757575757
heteroscedastic,2,1.0,0.1,smoother_1,acquisition_overlap,0.19157977372738633,0.8685380813774621
heteroscedastic,2,1.0,0.1,smoother_1,eu_group0,0.19157977372738633,0.9636363636363635
heteroscedastic,2,1.0,0.1,smoother_1,eu_group1,0.19157977372738633,0.9151515151515152
heteroscedastic,2,1.0,0.1,smoother_1,eu_id,0.19157977372738633,0.9515151515151514
heteroscedastic,2,1.0,0.1,smoother_1,eu_heldout,0.19157977372738633,0.6121212121212121
heteroscedastic,2,1.0,0.25,cka,eu_agreement,0.5559714129327102,0.9272727272727272
heteroscedastic,2,1.0,0.25,cka,acquisition_overlap,0.5559714129327102,0.8181818181818182
heteroscedastic,2,1.0,0.25,cka,eu_group0,0.5559714129327102,0.9272727272727272
heteroscedastic,2,1.0,0.25,cka,eu_group1,0.5559714129327102,0.9515151515151514
heteroscedastic,2,1.0,0.25,cka,eu_id,0.5559714129327102,0.9151515151515152
heteroscedastic,2,1.0,0.25,cka,eu_heldout,0.5559714129327102,0.3939393939393939
heteroscedastic,2,1.0,0.25,mknn,eu_agreement,0.34738805970149256,0.9272727272727272
heteroscedastic,2,1.0,0.25,mknn,acquisition_overlap,0.34738805970149256,0.8181818181818182
heteroscedastic,2,1.0,0.25,mknn,eu_group0,0.34738805970149256,0.9272727272727272
heteroscedastic,2,1.0,0.25,mknn,eu_group1,0.34738805970149256,0.9515151515151514
heteroscedastic,2,1.0,0.25,mknn,eu_id,0.34738805970149256,0.9151515151515152
heteroscedastic,2,1.0,0.25,mknn,eu_heldout,0.34738805970149256,0.3939393939393939
heteroscedastic,2,1.0,0.25,predictivity,eu_agreement,0.46849364492527373,0.7575757575757575
heteroscedastic,2,1.0,0.25,predictivity,acquisition_overlap,0.46849364492527373,0.5878787878787878
heteroscedastic,2,1.0,0.25,predictivity,eu_group0,0.46849364492527373,0.6969696969696969
heteroscedastic,2,1.0,0.25,predictivity,eu_group1,0.46849364492527373,0.8666666666666665
heteroscedastic,2,1.0,0.25,predictivity,eu_id,0.46849364492527373,0.7939393939393938
heteroscedastic,2,1.0,0.25,predictivity,eu_heldout,0.46849364492527373,0.18787878787878787
heteroscedastic,2,1.0,0.25,cca_type,eu_agreement,1.0533435901294297e-08,0.8666666666666665
heteroscedastic,2,1.0,0.25,cca_type,acquisition_overlap,1.0533435901294297e-08,0.7575757575757575
heteroscedastic,2,1.0,0.25,cca_type,eu_group0,1.0533435901294297e-08,0.8909090909090909
heteroscedastic,2,1.0,0.25,cca_type,eu_group1,1.0533435901294297e-08,0.8060606060606059
heteroscedastic,2,1.0,0.25,cca_type,eu_id,1.0533435901294297e-08,0.8060606060606059
heteroscedastic,2,1.0,0.25,cca_type,eu_heldout,1.0533435901294297e-08,0.5272727272727272
heteroscedastic,2,1.0,0.25,smoother_001,eu_agreement,0.0517360636056412,0.8666666666666665
heteroscedastic,2,1.0,0.25,smoother_001,acquisition_overlap,0.0517360636056412,0.7575757575757575
heteroscedastic,2,1.0,0.25,smoother_001,eu_group0,0.0517360636056412,0.8909090909090909
heteroscedastic,2,1.0,0.25,smoother_001,eu_group1,0.0517360636056412,0.8060606060606059
heteroscedastic,2,1.0,0.25,smoother_001,eu_id,0.0517360636056412,0.8060606060606059
heteroscedastic,2,1.0,0.25,smoother_001,eu_heldout,0.0517360636056412,0.5272727272727272
heteroscedastic,2,1.0,0.25,smoother_1,eu_agreement,0.19157977372738633,0.9151515151515152
heteroscedastic,2,1.0,0.25,smoother_1,acquisition_overlap,0.19157977372738633,0.8303030303030302
heteroscedastic,2,1.0,0.25,smoother_1,eu_group0,0.19157977372738633,0.9393939393939393
heteroscedastic,2,1.0,0.25,smoother_1,eu_group1,0.19157977372738633,0.9151515151515152
heteroscedastic,2,1.0,0.25,smoother_1,eu_id,0.19157977372738633,0.8787878787878788
heteroscedastic,2,1.0,0.25,smoother_1,eu_heldout,0.19157977372738633,0.5151515151515151
heteroscedastic,2,1.0,1.0,cka,eu_agreement,0.5559714129327102,0.9515151515151514
heteroscedastic,2,1.0,1.0,cka,acquisition_overlap,0.5559714129327102,0.8787878787878788
heteroscedastic,2,1.0,1.0,cka,eu_group0,0.5559714129327102,0.9393939393939393
heteroscedastic,2,1.0,1.0,cka,eu_group1,0.5559714129327102,0.9272727272727272
heteroscedastic,2,1.0,1.0,cka,eu_id,0.5559714129327102,0.8545454545454544
heteroscedastic,2,1.0,1.0,cka,eu_heldout,0.5559714129327102,0.11515151515151514
heteroscedastic,2,1.0,1.0,mknn,eu_agreement,0.34738805970149256,0.9515151515151514
heteroscedastic,2,1.0,1.0,mknn,acquisition_overlap,0.34738805970149256,0.8787878787878788
heteroscedastic,2,1.0,1.0,mknn,eu_group0,0.34738805970149256,0.9393939393939393
heteroscedastic,2,1.0,1.0,mknn,eu_group1,0.34738805970149256,0.9272727272727272
heteroscedastic,2,1.0,1.0,mknn,eu_id,0.34738805970149256,0.8545454545454544
heteroscedastic,2,1.0,1.0,mknn,eu_heldout,0.34738805970149256,0.11515151515151514
heteroscedastic,2,1.0,1.0,predictivity,eu_agreement,0.46849364492527373,0.7575757575757575
heteroscedastic,2,1.0,1.0,predictivity,acquisition_overlap,0.46849364492527373,0.6484848484848483
heteroscedastic,2,1.0,1.0,predictivity,eu_group0,0.46849364492527373,0.6727272727272726
heteroscedastic,2,1.0,1.0,predictivity,eu_group1,0.46849364492527373,0.8060606060606059
heteroscedastic,2,1.0,1.0,predictivity,eu_id,0.46849364492527373,0.7575757575757575
heteroscedastic,2,1.0,1.0,predictivity,eu_heldout,0.46849364492527373,0.13939393939393938
heteroscedastic,2,1.0,1.0,cca_type,eu_agreement,1.0533435901294297e-08,0.8303030303030302
heteroscedastic,2,1.0,1.0,cca_type,acquisition_overlap,1.0533435901294297e-08,0.6727272727272726
heteroscedastic,2,1.0,1.0,cca_type,eu_group0,1.0533435901294297e-08,0.8303030303030302
heteroscedastic,2,1.0,1.0,cca_type,eu_group1,1.0533435901294297e-08,0.7939393939393938
heteroscedastic,2,1.0,1.0,cca_type,eu_id,1.0533435901294297e-08,0.6848484848484848
heteroscedastic,2,1.0,1.0,cca_type,eu_heldout,1.0533435901294297e-08,0.43030303030303024
heteroscedastic,2,1.0,1.0,smoother_001,eu_agreement,0.0517360636056412,0.8303030303030302
heteroscedastic,2,1.0,1.0,smoother_001,acquisition_overlap,0.0517360636056412,0.6727272727272726
heteroscedastic,2,1.0,1.0,smoother_001,eu_group0,0.0517360636056412,0.8303030303030302
heteroscedastic,2,1.0,1.0,smoother_001,eu_group1,0.0517360636056412,0.7939393939393938
heteroscedastic,2,1.0,1.0,smoother_001,eu_id,0.0517360636056412,0.6848484848484848
heteroscedastic,2,1.0,1.0,smoother_001,eu_heldout,0.0517360636056412,0.43030303030303024
heteroscedastic,2,1.0,1.0,smoother_1,eu_agreement,0.19157977372738633,0.9151515151515152
heteroscedastic,2,1.0,1.0,smoother_1,acquisition_overlap,0.19157977372738633,0.8060606060606059
heteroscedastic,2,1.0,1.0,smoother_1,eu_group0,0.19157977372738633,0.9030303030303028
heteroscedastic,2,1.0,1.0,smoother_1,eu_group1,0.19157977372738633,0.8909090909090909
heteroscedastic,2,1.0,1.0,smoother_1,eu_id,0.19157977372738633,0.7696969696969697
heteroscedastic,2,1.0,1.0,smoother_1,eu_heldout,0.19157977372738633,0.29696969696969694
heteroscedastic,2,10.0,0.1,cka,eu_agreement,0.5559714129327102,0.9393939393939393
heteroscedastic,2,10.0,0.1,cka,acquisition_overlap,0.5559714129327102,0.8440722199302098
heteroscedastic,2,10.0,0.1,cka,eu_group0,0.5559714129327102,0.9515151515151514
heteroscedastic,2,10.0,0.1,cka,eu_group1,0.5559714129327102,0.8666666666666665
heteroscedastic,2,10.0,0.1,cka,eu_id,0.5559714129327102,0.9151515151515152
heteroscedastic,2,10.0,0.1,cka,eu_heldout,0.5559714129327102,0.6606060606060605
heteroscedastic,2,10.0,0.1,mknn,eu_agreement,0.34738805970149256,0.9393939393939393
heteroscedastic,2,10.0,0.1,mknn,acquisition_overlap,0.34738805970149256,0.8440722199302098
heteroscedastic,2,10.0,0.1,mknn,eu_group0,0.34738805970149256,0.9515151515151514
heteroscedastic,2,10.0,0.1,mknn,eu_group1,0.34738805970149256,0.8666666666666665
heteroscedastic,2,10.0,0.1,mknn,eu_id,0.34738805970149256,0.9151515151515152
heteroscedastic,2,10.0,0.1,mknn,eu_heldout,0.34738805970149256,0.6606060606060605
heteroscedastic,2,10.0,0.1,predictivity,eu_agreement,0.46849364492527373,0.8424242424242423
heteroscedastic,2,10.0,0.1,predictivity,acquisition_overlap,0.46849364492527373,0.7095099819703212
heteroscedastic,2,10.0,0.1,predictivity,eu_group0,0.46849364492527373,0.7575757575757575
heteroscedastic,2,10.0,0.1,predictivity,eu_group1,0.46849364492527373,0.7212121212121211
heteroscedastic,2,10.0,0.1,predictivity,eu_id,0.46849364492527373,0.7818181818181817
heteroscedastic,2,10.0,0.1,predictivity,eu_heldout,0.46849364492527373,0.9030303030303028
heteroscedastic,2,10.0,0.1,cca_type,eu_agreement,1.0533435901294297e-08,0.9393939393939393
heteroscedastic,2,10.0,0.1,cca_type,acquisition_overlap,1.0533435901294297e-08,0.8257228238447705
heteroscedastic,2,10.0,0.1,cca_type,eu_group0,1.0533435901294297e-08,0.9030303030303028
heteroscedastic,2,10.0,0.1,cca_type,eu_group1,1.0533435901294297e-08,0.9515151515151514
heteroscedastic,2,10.0,0.1,cca_type,eu_id,1.0533435901294297e-08,0.9272727272727272
heteroscedastic,2,10.0,0.1,cca_type,eu_heldout,1.0533435901294297e-08,0.43030303030303024
heteroscedastic,2,10.0,0.1,smoother_001,eu_agreement,0.0517360636056412,0.9393939393939393
heteroscedastic,2,10.0,0.1,smoother_001,acquisition_overlap,0.0517360636056412,0.8257228238447705
heteroscedastic,2,10.0,0.1,smoother_001,eu_group0,0.0517360636056412,0.9030303030303028
heteroscedastic,2,10.0,0.1,smoother_001,eu_group1,0.0517360636056412,0.9515151515151514
heteroscedastic,2,10.0,0.1,smoother_001,eu_id,0.0517360636056412,0.9272727272727272
heteroscedastic,2,10.0,0.1,smoother_001,eu_heldout,0.0517360636056412,0.43030303030303024
heteroscedastic,2,10.0,0.1,smoother_1,eu_agreement,0.19157977372738633,0.9757575757575757
heteroscedastic,2,10.0,0.1,smoother_1,acquisition_overlap,0.19157977372738633,0.8685380813774621
heteroscedastic,2,10.0,0.1,smoother_1,eu_group0,0.19157977372738633,0.9636363636363635
heteroscedastic,2,10.0,0.1,smoother_1,eu_group1,0.19157977372738633,0.9151515151515152
heteroscedastic,2,10.0,0.1,smoother_1,eu_id,0.19157977372738633,0.9515151515151514
heteroscedastic,2,10.0,0.1,smoother_1,eu_heldout,0.19157977372738633,0.6121212121212121
heteroscedastic,2,10.0,0.25,cka,eu_agreement,0.5559714129327102,0.9272727272727272
heteroscedastic,2,10.0,0.25,cka,acquisition_overlap,0.5559714129327102,0.8181818181818182
heteroscedastic,2,10.0,0.25,cka,eu_group0,0.5559714129327102,0.9272727272727272
heteroscedastic,2,10.0,0.25,cka,eu_group1,0.5559714129327102,0.9151515151515152
heteroscedastic,2,10.0,0.25,cka,eu_id,0.5559714129327102,0.9151515151515152
heteroscedastic,2,10.0,0.25,cka,eu_heldout,0.5559714129327102,0.3939393939393939
heteroscedastic,2,10.0,0.25,mknn,eu_agreement,0.34738805970149256,0.9272727272727272
heteroscedastic,2,10.0,0.25,mknn,acquisition_overlap,0.34738805970149256,0.8181818181818182
heteroscedastic,2,10.0,0.25,mknn,eu_group0,0.34738805970149256,0.9272727272727272
heteroscedastic,2,10.0,0.25,mknn,eu_group1,0.34738805970149256,0.9151515151515152
heteroscedastic,2,10.0,0.25,mknn,eu_id,0.34738805970149256,0.9151515151515152
heteroscedastic,2,10.0,0.25,mknn,eu_heldout,0.34738805970149256,0.3939393939393939
heteroscedastic,2,10.0,0.25,predictivity,eu_agreement,0.46849364492527373,0.7575757575757575
heteroscedastic,2,10.0,0.25,predictivity,acquisition_overlap,0.46849364492527373,0.5878787878787878
heteroscedastic,2,10.0,0.25,predictivity,eu_group0,0.46849364492527373,0.6969696969696969
heteroscedastic,2,10.0,0.25,predictivity,eu_group1,0.46849364492527373,0.8787878787878788
heteroscedastic,2,10.0,0.25,predictivity,eu_id,0.46849364492527373,0.7939393939393938
heteroscedastic,2,10.0,0.25,predictivity,eu_heldout,0.46849364492527373,0.18787878787878787
heteroscedastic,2,10.0,0.25,cca_type,eu_agreement,1.0533435901294297e-08,0.8666666666666665
heteroscedastic,2,10.0,0.25,cca_type,acquisition_overlap,1.0533435901294297e-08,0.7575757575757575
heteroscedastic,2,10.0,0.25,cca_type,eu_group0,1.0533435901294297e-08,0.8909090909090909
heteroscedastic,2,10.0,0.25,cca_type,eu_group1,1.0533435901294297e-08,0.7818181818181817
heteroscedastic,2,10.0,0.25,cca_type,eu_id,1.0533435901294297e-08,0.8060606060606059
heteroscedastic,2,10.0,0.25,cca_type,eu_heldout,1.0533435901294297e-08,0.5272727272727272
heteroscedastic,2,10.0,0.25,smoother_001,eu_agreement,0.0517360636056412,0.8666666666666665
heteroscedastic,2,10.0,0.25,smoother_001,acquisition_overlap,0.0517360636056412,0.7575757575757575
heteroscedastic,2,10.0,0.25,smoother_001,eu_group0,0.0517360636056412,0.8909090909090909
heteroscedastic,2,10.0,0.25,smoother_001,eu_group1,0.0517360636056412,0.7818181818181817
heteroscedastic,2,10.0,0.25,smoother_001,eu_id,0.0517360636056412,0.8060606060606059
heteroscedastic,2,10.0,0.25,smoother_001,eu_heldout,0.0517360636056412,0.5272727272727272
heteroscedastic,2,10.0,0.25,smoother_1,eu_agreement,0.19157977372738633,0.9151515151515152
heteroscedastic,2,10.0,0.25,smoother_1,acquisition_overlap,0.19157977372738633,0.8303030303030302
heteroscedastic,2,10.0,0.25,smoother_1,eu_group0,0.19157977372738633,0.9393939393939393
heteroscedastic,2,10.0,0.25,smoother_1,eu_group1,0.19157977372738633,0.9030303030303028
heteroscedastic,2,10.0,0.25,smoother_1,eu_id,0.19157977372738633,0.8787878787878788
heteroscedastic,2,10.0,0.25,smoother_1,eu_heldout,0.19157977372738633,0.5151515151515151
heteroscedastic,2,10.0,1.0,cka,eu_agreement,0.5559714129327102,0.9515151515151514
heteroscedastic,2,10.0,1.0,cka,acquisition_overlap,0.5559714129327102,0.8545454545454544
heteroscedastic,2,10.0,1.0,cka,eu_group0,0.5559714129327102,0.9393939393939393
heteroscedastic,2,10.0,1.0,cka,eu_group1,0.5559714129327102,0.9272727272727272
heteroscedastic,2,10.0,1.0,cka,eu_id,0.5559714129327102,0.8666666666666665
heteroscedastic,2,10.0,1.0,cka,eu_heldout,0.5559714129327102,0.17575757575757575
heteroscedastic,2,10.0,1.0,mknn,eu_agreement,0.34738805970149256,0.9515151515151514
heteroscedastic,2,10.0,1.0,mknn,acquisition_overlap,0.34738805970149256,0.8545454545454544
heteroscedastic,2,10.0,1.0,mknn,eu_group0,0.34738805970149256,0.9393939393939393
heteroscedastic,2,10.0,1.0,mknn,eu_group1,0.34738805970149256,0.9272727272727272
heteroscedastic,2,10.0,1.0,mknn,eu_id,0.34738805970149256,0.8666666666666665
heteroscedastic,2,10.0,1.0,mknn,eu_heldout,0.34738805970149256,0.17575757575757575
heteroscedastic,2,10.0,1.0,predictivity,eu_agreement,0.46849364492527373,0.7575757575757575
heteroscedastic,2,10.0,1.0,predictivity,acquisition_overlap,0.46849364492527373,0.6848484848484848
heteroscedastic,2,10.0,1.0,predictivity,eu_group0,0.46849364492527373,0.6727272727272726
heteroscedastic,2,10.0,1.0,predictivity,eu_group1,0.46849364492527373,0.8060606060606059
heteroscedastic,2,10.0,1.0,predictivity,eu_id,0.46849364492527373,0.7333333333333332
heteroscedastic,2,10.0,1.0,predictivity,eu_heldout,0.46849364492527373,0.19999999999999998
heteroscedastic,2,10.0,1.0,cca_type,eu_agreement,1.0533435901294297e-08,0.8303030303030302
heteroscedastic,2,10.0,1.0,cca_type,acquisition_overlap,1.0533435901294297e-08,0.6242424242424242
heteroscedastic,2,10.0,1.0,cca_type,eu_group0,1.0533435901294297e-08,0.8303030303030302
heteroscedastic,2,10.0,1.0,cca_type,eu_group1,1.0533435901294297e-08,0.7939393939393938
heteroscedastic,2,10.0,1.0,cca_type,eu_id,1.0533435901294297e-08,0.6606060606060605
heteroscedastic,2,10.0,1.0,cca_type,eu_heldout,1.0533435901294297e-08,0.4545454545454545
heteroscedastic,2,10.0,1.0,smoother_001,eu_agreement,0.0517360636056412,0.8303030303030302
heteroscedastic,2,10.0,1.0,smoother_001,acquisition_overlap,0.0517360636056412,0.6242424242424242
heteroscedastic,2,10.0,1.0,smoother_001,eu_group0,0.0517360636056412,0.8303030303030302
heteroscedastic,2,10.0,1.0,smoother_001,eu_group1,0.0517360636056412,0.7939393939393938
heteroscedastic,2,10.0,1.0,smoother_001,eu_id,0.0517360636056412,0.6606060606060605
heteroscedastic,2,10.0,1.0,smoother_001,eu_heldout,0.0517360636056412,0.4545454545454545
heteroscedastic,2,10.0,1.0,smoother_1,eu_agreement,0.19157977372738633,0.9151515151515152
heteroscedastic,2,10.0,1.0,smoother_1,acquisition_overlap,0.19157977372738633,0.7696969696969697
heteroscedastic,2,10.0,1.0,smoother_1,eu_group0,0.19157977372738633,0.9030303030303028
heteroscedastic,2,10.0,1.0,smoother_1,eu_group1,0.19157977372738633,0.8909090909090909
heteroscedastic,2,10.0,1.0,smoother_1,eu_id,0.19157977372738633,0.7575757575757575
heteroscedastic,2,10.0,1.0,smoother_1,eu_heldout,0.19157977372738633,0.29696969696969694
heteroscedastic,3,0.1,0.1,cka,eu_agreement,0.5634930215655447,0.9393939393939393
heteroscedastic,3,0.1,0.1,cka,acquisition_overlap,0.5634930215655447,0.8475767323135548
heteroscedastic,3,0.1,0.1,cka,eu_group0,0.5634930215655447,0.8787878787878788
heteroscedastic,3,0.1,0.1,cka,eu_group1,0.5634930215655447,0.8909090909090909
heteroscedastic,3,0.1,0.1,cka,eu_id,0.5634930215655447,0.9272727272727272
heteroscedastic,3,0.1,0.1,cka,eu_heldout,0.5634930215655447,0.49090909090909085
heteroscedastic,3,0.1,0.1,mknn,eu_agreement,0.3658582089552238,0.9272727272727272
heteroscedastic,3,0.1,0.1,mknn,acquisition_overlap,0.3658582089552238,0.8292837093139818
heteroscedastic,3,0.1,0.1,mknn,eu_group0,0.3658582089552238,0.9030303030303028
heteroscedastic,3,0.1,0.1,mknn,eu_group1,0.3658582089552238,0.8666666666666665
heteroscedastic,3,0.1,0.1,mknn,eu_id,0.3658582089552238,0.9151515151515152
heteroscedastic,3,0.1,0.1,mknn,eu_heldout,0.3658582089552238,0.4545454545454545
heteroscedastic,3,0.1,0.1,predictivity,eu_agreement,0.48686497581477534,0.7818181818181817
heteroscedastic,3,0.1,0.1,predictivity,acquisition_overlap,0.48686497581477534,0.7622092916488802
heteroscedastic,3,0.1,0.1,predictivity,eu_group0,0.48686497581477534,0.6727272727272726
heteroscedastic,3,0.1,0.1,predictivity,eu_group1,0.48686497581477534,0.8545454545454544
heteroscedastic,3,0.1,0.1,predictivity,eu_id,0.48686497581477534,0.8060606060606059
heteroscedastic,3,0.1,0.1,predictivity,eu_heldout,0.48686497581477534,0.6727272727272726
heteroscedastic,3,0.1,0.1,cca_type,eu_agreement,9.986644067261352e-09,0.8666666666666665
heteroscedastic,3,0.1,0.1,cca_type,acquisition_overlap,9.986644067261352e-09,0.8170883606475996
heteroscedastic,3,0.1,0.1,cca_type,eu_group0,9.986644067261352e-09,0.7818181818181817
heteroscedastic,3,0.1,0.1,cca_type,eu_group1,9.986644067261352e-09,0.8181818181818182
heteroscedastic,3,0.1,0.1,cca_type,eu_id,9.986644067261352e-09,0.8060606060606059
heteroscedastic,3,0.1,0.1,cca_type,eu_heldout,9.986644067261352e-09,0.41818181818181815
heteroscedastic,3,0.1,0.1,smoother_001,eu_agreement,0.0511229477922982,0.8666666666666665
heteroscedastic,3,0.1,0.1,smoother_001,acquisition_overlap,0.0511229477922982,0.8170883606475996
heteroscedastic,3,0.1,0.1,smoother_001,eu_group0,0.0511229477922982,0.7818181818181817
heteroscedastic,3,0.1,0.1,smoother_001,eu_group1,0.0511229477922982,0.8181818181818182
heteroscedastic,3,0.1,0.1,smoother_001,eu_id,0.0511229477922982,0.8060606060606059
heteroscedastic,3,0.1,0.1,smoother_001,eu_heldout,0.0511229477922982,0.41818181818181815
heteroscedastic,3,0.1,0.1,smoother_1,eu_agreement,0.19740448126554266,0.9151515151515152
heteroscedastic,3,0.1,0.1,smoother_1,acquisition_overlap,0.19740448126554266,0.8719674296463189
heteroscedastic,3,0.1,0.1,smoother_1,eu_group0,0.19740448126554266,0.8545454545454544
heteroscedastic,3,0.1,0.1,smoother_1,eu_group1,0.19740448126554266,0.8303030303030302
heteroscedastic,3,0.1,0.1,smoother_1,eu_id,0.19740448126554266,0.8787878787878788
heteroscedastic,3,0.1,0.1,smoother_1,eu_heldout,0.19740448126554266,0.5393939393939393
heteroscedastic,3,0.1,0.25,cka,eu_agreement,0.5634930215655447,0.9393939393939393
heteroscedastic,3,0.1,0.25,cka,acquisition_overlap,0.5634930215655447,0.9419356657192195
heteroscedastic,3,0.1,0.25,cka,eu_group0,0.5634930215655447,0.9030303030303028
heteroscedastic,3,0.1,0.25,cka,eu_group1,0.5634930215655447,0.8909090909090909
heteroscedastic,3,0.1,0.25,cka,eu_id,0.5634930215655447,0.8909090909090909
heteroscedastic,3,0.1,0.25,cka,eu_heldout,0.5634930215655447,0.05454545454545454
heteroscedastic,3,0.1,0.25,mknn,eu_agreement,0.3658582089552238,0.9272727272727272
heteroscedastic,3,0.1,0.25,mknn,acquisition_overlap,0.3658582089552238,0.911353338910154
heteroscedastic,3,0.1,0.25,mknn,eu_group0,0.3658582089552238,0.9151515151515152
heteroscedastic,3,0.1,0.25,mknn,eu_group1,0.3658582089552238,0.8787878787878788
heteroscedastic,3,0.1,0.25,mknn,eu_id,0.3658582089552238,0.8787878787878788
heteroscedastic,3,0.1,0.25,mknn,eu_heldout,0.3658582089552238,0.0303030303030303
heteroscedastic,3,0.1,0.25,predictivity,eu_agreement,0.48686497581477534,0.7818181818181817
heteroscedastic,3,0.1,0.25,predictivity,acquisition_overlap,0.48686497581477534,0.807373427759331
heteroscedastic,3,0.1,0.25,predictivity,eu_group0,0.48686497581477534,0.6727272727272726
heteroscedastic,3,0.1,0.25,predictivity,eu_group1,0.48686497581477534,0.7939393939393938
heteroscedastic,3,0.1,0.25,predictivity,eu_id,0.48686497581477534,0.7939393939393938
heteroscedastic,3,0.1,0.25,predictivity,eu_heldout,0.48686497581477534,0.16363636363636364
heteroscedastic,3,0.1,0.25,cca_type,eu_agreement,9.986644067261352e-09,0.8666666666666665
heteroscedastic,3,0.1,0.25,cca_type,acquisition_overlap,9.986644067261352e-09,0.801256962397518
heteroscedastic,3,0.1,0.25,cca_type,eu_group0,9.986644067261352e-09,0.8666666666666665
heteroscedastic,3,0.1,0.25,cca_type,eu_group1,9.986644067261352e-09,0.7575757575757575
heteroscedastic,3,0.1,0.25,cca_type,eu_id,9.986644067261352e-09,0.7575757575757575
heteroscedastic,3,0.1,0.25,cca_type,eu_heldout,9.986644067261352e-09,0.2606060606060606
heteroscedastic,3,0.1,0.25,smoother_001,eu_agreement,0.0511229477922982,0.8666666666666665
heteroscedastic,3,0.1,0.25,smoother_001,acquisition_overlap,0.0511229477922982,0.801256962397518
heteroscedastic,3,0.1,0.25,smoother_001,eu_group0,0.0511229477922982,0.8666666666666665
heteroscedastic,3,0.1,0.25,smoother_001,eu_group1,0.0511229477922982,0.7575757575757575
heteroscedastic,3,0.1,0.25,smoother_001,eu_id,0.0511229477922982,0.7575757575757575
heteroscedastic,3,0.1,0.25,smoother_001,eu_heldout,0.0511229477922982,0.2606060606060606
heteroscedastic,3,0.1,0.25,smoother_1,eu_agreement,0.19740448126554266,0.9151515151515152
heteroscedastic,3,0.1,0.25,smoother_1,acquisition_overlap,0.19740448126554266,0.8930039428247147
heteroscedastic,3,0.1,0.25,smoother_1,eu_group0,0.19740448126554266,0.9272727272727272
heteroscedastic,3,0.1,0.25,smoother_1,eu_group1,0.19740448126554266,0.8303030303030302
heteroscedastic,3,0.1,0.25,smoother_1,eu_id,0.19740448126554266,0.8303030303030302
heteroscedastic,3,0.1,0.25,smoother_1,eu_heldout,0.19740448126554266,0.17575757575757575
heteroscedastic,3,0.1,1.0,cka,eu_agreement,0.5634930215655447,0.9515151515151514
heteroscedastic,3,0.1,1.0,cka,acquisition_overlap,0.5634930215655447,0.8292837093139818
heteroscedastic,3,0.1,1.0,cka,eu_group0,0.5634930215655447,0.9151515151515152
heteroscedastic,3,0.1,1.0,cka,eu_group1,0.5634930215655447,0.9393939393939393
heteroscedastic,3,0.1,1.0,cka,eu_id,0.5634930215655447,0.8909090909090909
heteroscedastic,3,0.1,1.0,cka,eu_heldout,0.5634930215655447,0.13939393939393938
heteroscedastic,3,0.1,1.0,mknn,eu_agreement,0.3658582089552238,0.9393939393939393
heteroscedastic,3,0.1,1.0,mknn,acquisition_overlap,0.3658582089552238,0.8170883606475996
heteroscedastic,3,0.1,1.0,mknn,eu_group0,0.3658582089552238,0.9393939393939393
heteroscedastic,3,0.1,1.0,mknn,eu_group1,0.3658582089552238,0.9272727272727272
heteroscedastic,3,0.1,1.0,mknn,eu_id,0.3658582089552238,0.8787878787878788
heteroscedastic,3,0.1,1.0,mknn,eu_heldout,0.3658582089552238,0.12727272727272726
heteroscedastic,3,0.1,1.0,predictivity,eu_agreement,0.48686497581477534,0.7939393939393938
heteroscedastic,3,0.1,1.0,predictivity,acquisition_overlap,0.48686497581477534,0.6097674333191042
heteroscedastic,3,0.1,1.0,predictivity,eu_group0,0.48686497581477534,0.709090909090909
heteroscedastic,3,0.1,1.0,predictivity,eu_group1,0.48686497581477534,0.8181818181818182
heteroscedastic,3,0.1,1.0,predictivity,eu_id,0.48686497581477534,0.7939393939393938
heteroscedastic,3,0.1,1.0,predictivity,eu_heldout,0.48686497581477534,0.06666666666666665
heteroscedastic,3,0.1,1.0,cca_type,eu_agreement,9.986644067261352e-09,0.8545454545454544
heteroscedastic,3,0.1,1.0,cca_type,acquisition_overlap,9.986644067261352e-09,0.7622092916488802
heteroscedastic,3,0.1,1.0,cca_type,eu_group0,9.986644067261352e-09,0.8303030303030302
heteroscedastic,3,0.1,1.0,cca_type,eu_group1,9.986644067261352e-09,0.7939393939393938
heteroscedastic,3,0.1,1.0,cca_type,eu_id,9.986644067261352e-09,0.7575757575757575
heteroscedastic,3,0.1,1.0,cca_type,eu_heldout,9.986644067261352e-09,0.28484848484848485
heteroscedastic,3,0.1,1.0,smoother_001,eu_agreement,0.0511229477922982,0.8545454545454544
heteroscedastic,3,0.1,1.0,smoother_001,acquisition_overlap,0.0511229477922982,0.7622092916488802
heteroscedastic,3,0.1,1.0,smoother_001,eu_group0,0.0511229477922982,0.8303030303030302
heteroscedastic,3,0.1,1.0,smoother_001,eu_group1,0.0511229477922982,0.7939393939393938
heteroscedastic,3,0.1,1.0,smoother_001,eu_id,0.0511229477922982,0.7575757575757575
heteroscedastic,3,0.1,1.0,smoother_001,eu_heldout,0.0511229477922982,0.28484848484848485
heteroscedastic,3,0.1,1.0,smoother_1,eu_agreement,0.19740448126554266,0.9272727272727272
heteroscedastic,3,0.1,1.0,smoother_1,acquisition_overlap,0.19740448126554266,0.8353813836471727
heteroscedastic,3,0.1,1.0,smoother_1,eu_group0,0.19740448126554266,0.9030303030303028
heteroscedastic,3,0.1,1.0,smoother_1,eu_group1,0.19740448126554266,0.8909090909090909
heteroscedastic,3,0.1,1.0,smoother_1,eu_id,0.19740448126554266,0.8303030303030302
heteroscedastic,3,0.1,1.0,smoother_1,eu_heldout,0.19740448126554266,0.23636363636363633
heteroscedastic,3,1.0,0.1,cka,eu_agreement,0.5634930215655447,0.9393939393939393
heteroscedastic,3,1.0,0.1,cka,acquisition_overlap,0.5634930215655447,0.8181818181818182
heteroscedastic,3,1.0,0.1,cka,eu_group0,0.5634930215655447,0.8787878787878788
heteroscedastic,3,1.0,0.1,cka,eu_group1,0.5634930215655447,0.8909090909090909
heteroscedastic,3,1.0,0.1,cka,eu_id,0.5634930215655447,0.9272727272727272
heteroscedastic,3,1.0,0.1,cka,eu_heldout,0.5634930215655447,0.4666666666666666
heteroscedastic,3,1.0,0.1,mknn,eu_agreement,0.3658582089552238,0.9272727272727272
heteroscedastic,3,1.0,0.1,mknn,acquisition_overlap,0.3658582089552238,0.7939393939393938
heteroscedastic,3,1.0,0.1,mknn,eu_group0,0.3658582089552238,0.9030303030303028
heteroscedastic,3,1.0,0.1,mknn,eu_group1,0.3658582089552238,0.8666666666666665
heteroscedastic,3,1.0,0.1,mknn,eu_id,0.3658582089552238,0.9151515151515152
heteroscedastic,3,1.0,0.1,mknn,eu_heldout,0.3658582089552238,0.4424242424242424
heteroscedastic,3,1.0,0.1,predictivity,eu_agreement,0.48686497581477534,0.7818181818181817
heteroscedastic,3,1.0,0.1,predictivity,acquisition_overlap,0.48686497581477534,0.7333333333333332
heteroscedastic,3,1.0,0.1,predictivity,eu_group0,0.48686497581477534,0.6727272727272726
heteroscedastic,3,1.0,0.1,predictivity,eu_group1,0.48686497581477534,0.8545454545454544
heteroscedastic,3,1.0,0.1,predictivity,eu_id,0.48686497581477534,0.8060606060606059
heteroscedastic,3,1.0,0.1,predictivity,eu_heldout,0.48686497581477534,0.6242424242424242
heteroscedastic,3,1.0,0.1,cca_type,eu_agreement,9.986644067261352e-09,0.8666666666666665
heteroscedastic,3,1.0,0.1,cca_type,acquisition_overlap,9.986644067261352e-09,0.7939393939393938
heteroscedastic,3,1.0,0.1,cca_type,eu_group0,9.986644067261352e-09,0.7818181818181817
heteroscedastic,3,1.0,0.1,cca_type,eu_group1,9.986644067261352e-09,0.8181818181818182
heteroscedastic,3,1.0,0.1,cca_type,eu_id,9.986644067261352e-09,0.8060606060606059
heteroscedastic,3,1.0,0.1,cca_type,eu_heldout,9.986644067261352e-09,0.43030303030303024
heteroscedastic,3,1.0,0.1,smoother_001,eu_agreement,0.0511229477922982,0.8666666666666665
heteroscedastic,3,1.0,0.1,smoother_001,acquisition_overlap,0.0511229477922982,0.7939393939393938
heteroscedastic,3,1.0,0.1,smoother_001,eu_group0,0.0511229477922982,0.7818181818181817
heteroscedastic,3,1.0,0.1,smoother_001,eu_group1,0.0511229477922982,0.8181818181818182
heteroscedastic,3,1.0,0.1,smoother_001,eu_id,0.0511229477922982,0.8060606060606059
heteroscedastic,3,1.0,0.1,smoother_001,eu_heldout,0.0511229477922982,0.43030303030303024
heteroscedastic,3,1.0,0.1,smoother_1,eu_agreement,0.19740448126554266,0.9151515151515152
heteroscedastic,3,1.0,0.1,smoother_1,acquisition_overlap,0.19740448126554266,0.8303030303030302
heteroscedastic,3,1.0,0.1,smoother_1,eu_group0,0.19740448126554266,0.8545454545454544
heteroscedastic,3,1.0,0.1,smoother_1,eu_group1,0.19740448126554266,0.8303030303030302
heteroscedastic,3,1.0,0.1,smoother_1,eu_id,0.19740448126554266,0.8787878787878788
heteroscedastic,3,1.0,0.1,smoother_1,eu_heldout,0.19740448126554266,0.5515151515151515
heteroscedastic,3,1.0,0.25,cka,eu_agreement,0.5634930215655447,0.9393939393939393
heteroscedastic,3,1.0,0.25,cka,acquisition_overlap,0.5634930215655447,0.9483326481409007
heteroscedastic,3,1.0,0.25,cka,eu_group0,0.5634930215655447,0.9030303030303028
heteroscedastic,3,1.0,0.25,cka,eu_group1,0.5634930215655447,0.8909090909090909
heteroscedastic,3,1.0,0.25,cka,eu_id,0.5634930215655447,0.8666666666666665
heteroscedastic,3,1.0,0.25,cka,eu_heldout,0.5634930215655447,0.06666666666666665
heteroscedastic,3,1.0,0.25,mknn,eu_agreement,0.3658582089552238,0.9272727272727272
heteroscedastic,3,1.0,0.25,mknn,acquisition_overlap,0.3658582089552238,0.9240164263936983
heteroscedastic,3,1.0,0.25,mknn,eu_group0,0.3658582089552238,0.9151515151515152
heteroscedastic,3,1.0,0.25,mknn,eu_group1,0.3658582089552238,0.8787878787878788
heteroscedastic,3,1.0,0.25,mknn,eu_id,0.3658582089552238,0.8424242424242423
heteroscedastic,3,1.0,0.25,mknn,eu_heldout,0.3658582089552238,0.05454545454545454
heteroscedastic,3,1.0,0.25,predictivity,eu_agreement,0.48686497581477534,0.7818181818181817
heteroscedastic,3,1.0,0.25,predictivity,acquisition_overlap,0.48686497581477534,0.8328305948416885
heteroscedastic,3,1.0,0.25,predictivity,eu_group0,0.48686497581477534,0.6727272727272726
heteroscedastic,3,1.0,0.25,predictivity,eu_group1,0.48686497581477534,0.7939393939393938
heteroscedastic,3,1.0,0.25,predictivity,eu_id,0.48686497581477534,0.7818181818181817
heteroscedastic,3,1.0,0.25,predictivity,eu_heldout,0.48686497581477534,0.17575757575757575
heteroscedastic,3,1.0,0.25,cca_type,eu_agreement,9.986644067261352e-09,0.8666666666666665
heteroscedastic,3,1.0,0.25,cca_type,acquisition_overlap,9.986644067261352e-09,0.8024353176576852
heteroscedastic,3,1.0,0.25,cca_type,eu_group0,9.986644067261352e-09,0.8666666666666665
heteroscedastic,3,1.0,0.25,cca_type,eu_group1,9.986644067261352e-09,0.7575757575757575
heteroscedastic,3,1.0,0.25,cca_type,eu_id,9.986644067261352e-09,0.7333333333333332
heteroscedastic,3,1.0,0.25,cca_type,eu_heldout,9.986644067261352e-09,0.24848484848484845
heteroscedastic,3,1.0,0.25,smoother_001,eu_agreement,0.0511229477922982,0.8666666666666665
heteroscedastic,3,1.0,0.25,smoother_001,acquisition_overlap,0.0511229477922982,0.8024353176576852
heteroscedastic,3,1.0,0.25,smoother_001,eu_group0,0.0511229477922982,0.8666666666666665
heteroscedastic,3,1.0,0.25,smoother_001,eu_group1,0.0511229477922982,0.7575757575757575
heteroscedastic,3,1.0,0.25,smoother_001,eu_id,0.0511229477922982,0.7333333333333332
heteroscedastic,3,1.0,0.25,smoother_001,eu_heldout,0.0511229477922982,0.24848484848484845
heteroscedastic,3,1.0,0.25,smoother_1,eu_agreement,0.19740448126554266,0.9151515151515152
heteroscedastic,3,1.0,0.25,smoother_1,acquisition_overlap,0.19740448126554266,0.9057792600832962
heteroscedastic,3,1.0,0.25,smoother_1,eu_group0,0.19740448126554266,0.9272727272727272
heteroscedastic,3,1.0,0.25,smoother_1,eu_group1,0.19740448126554266,0.8303030303030302
heteroscedastic,3,1.0,0.25,smoother_1,eu_id,0.19740448126554266,0.8181818181818182
heteroscedastic,3,1.0,0.25,smoother_1,eu_heldout,0.19740448126554266,0.19999999999999998
heteroscedastic,3,1.0,1.0,cka,eu_agreement,0.5634930215655447,0.9636363636363635
heteroscedastic,3,1.0,1.0,cka,acquisition_overlap,0.5634930215655447,0.7829075663120786
heteroscedastic,3,1.0,1.0,cka,eu_group0,0.5634930215655447,0.9030303030303028
heteroscedastic,3,1.0,1.0,cka,eu_group1,0.5634930215655447,0.9393939393939393
heteroscedastic,3,1.0,1.0,cka,eu_id,0.5634930215655447,0.9393939393939393
heteroscedastic,3,1.0,1.0,cka,eu_heldout,0.5634930215655447,0.07878787878787878
heteroscedastic,3,1.0,1.0,mknn,eu_agreement,0.3658582089552238,0.9515151515151514
heteroscedastic,3,1.0,1.0,mknn,acquisition_overlap,0.3658582089552238,0.7829075663120786
heteroscedastic,3,1.0,1.0,mknn,eu_group0,0.3658582089552238,0.9151515151515152
heteroscedastic,3,1.0,1.0,mknn,eu_group1,0.3658582089552238,0.9272727272727272
heteroscedastic,3,1.0,1.0,mknn,eu_id,0.3658582089552238,0.9272727272727272
heteroscedastic,3,1.0,1.0,mknn,eu_heldout,0.3658582089552238,0.05454545454545454
heteroscedastic,3,1.0,1.0,predictivity,eu_agreement,0.48686497581477534,0.7818181818181817
heteroscedastic,3,1.0,1.0,predictivity,acquisition_overlap,0.48686497581477534,0.5749477440104327
heteroscedastic,3,1.0,1.0,predictivity,eu_group0,0.48686497581477534,0.6727272727272726
heteroscedastic,3,1.0,1.0,predictivity,eu_group1,0.48686497581477534,0.8181818181818182
heteroscedastic,3,1.0,1.0,predictivity,eu_id,0.48686497581477534,0.8181818181818182
heteroscedastic,3,1.0,1.0,predictivity,eu_heldout,0.48686497581477534,0.06666666666666665
heteroscedastic,3,1.0,1.0,cca_type,eu_agreement,9.986644067261352e-09,0.8303030303030302
heteroscedastic,3,1.0,1.0,cca_type,acquisition_overlap,9.986644067261352e-09,0.6728111897994424
heteroscedastic,3,1.0,1.0,cca_type,eu_group0,9.986644067261352e-09,0.8666666666666665
heteroscedastic,3,1.0,1.0,cca_type,eu_group1,9.986644067261352e-09,0.7939393939393938
heteroscedastic,3,1.0,1.0,cca_type,eu_id,9.986644067261352e-09,0.7939393939393938
heteroscedastic,3,1.0,1.0,cca_type,eu_heldout,9.986644067261352e-09,0.2121212121212121
heteroscedastic,3,1.0,1.0,smoother_001,eu_agreement,0.0511229477922982,0.8303030303030302
heteroscedastic,3,1.0,1.0,smoother_001,acquisition_overlap,0.0511229477922982,0.6728111897994424
heteroscedastic,3,1.0,1.0,smoother_001,eu_group0,0.0511229477922982,0.8666666666666665
heteroscedastic,3,1.0,1.0,smoother_001,eu_group1,0.0511229477922982,0.7939393939393938
heteroscedastic,3,1.0,1.0,smoother_001,eu_id,0.0511229477922982,0.7939393939393938
heteroscedastic,3,1.0,1.0,smoother_001,eu_heldout,0.0511229477922982,0.2121212121212121
heteroscedastic,3,1.0,1.0,smoother_1,eu_agreement,0.19740448126554266,0.9151515151515152
heteroscedastic,3,1.0,1.0,smoother_1,acquisition_overlap,0.19740448126554266,0.7767911009502655
heteroscedastic,3,1.0,1.0,smoother_1,eu_group0,0.19740448126554266,0.9272727272727272
heteroscedastic,3,1.0,1.0,smoother_1,eu_group1,0.19740448126554266,0.8909090909090909
heteroscedastic,3,1.0,1.0,smoother_1,eu_id,0.19740448126554266,0.8909090909090909
heteroscedastic,3,1.0,1.0,smoother_1,eu_heldout,0.19740448126554266,0.13939393939393938
heteroscedastic,3,10.0,0.1,cka,eu_agreement,0.5634930215655447,0.9393939393939393
heteroscedastic,3,10.0,0.1,cka,acquisition_overlap,0.5634930215655447,0.8181818181818182
heteroscedastic,3,10.0,0.1,cka,eu_group0,0.5634930215655447,0.8787878787878788
heteroscedastic,3,10.0,0.1,cka,eu_group1,0.5634930215655447,0.8909090909090909
heteroscedastic,3,10.0,0.1,cka,eu_id,0.5634930215655447,0.9393939393939393
heteroscedastic,3,10.0,0.1,cka,eu_heldout,0.5634930215655447,0.4666666666666666
heteroscedastic,3,10.0,0.1,mknn,eu_agreement,0.3658582089552238,0.9272727272727272
heteroscedastic,3,10.0,0.1,mknn,acquisition_overlap,0.3658582089552238,0.7939393939393938
heteroscedastic,3,10.0,0.1,mknn,eu_group0,0.3658582089552238,0.9030303030303028
heteroscedastic,3,10.0,0.1,mknn,eu_group1,0.3658582089552238,0.8666666666666665
heteroscedastic,3,10.0,0.1,mknn,eu_id,0.3658582089552238,0.9272727272727272
heteroscedastic,3,10.0,0.1,mknn,eu_heldout,0.3658582089552238,0.4424242424242424
heteroscedastic,3,10.0,0.1,predictivity,eu_agreement,0.48686497581477534,0.7818181818181817
heteroscedastic,3,10.0,0.1,predictivity,acquisition_overlap,0.48686497581477534,0.7333333333333332
heteroscedastic,3,10.0,0.1,predictivity,eu_group0,0.48686497581477534,0.6727272727272726
heteroscedastic,3,10.0,0.1,predictivity,eu_group1,0.48686497581477534,0.8545454545454544
heteroscedastic,3,10.0,0.1,predictivity,eu_id,0.48686497581477534,0.7818181818181817
heteroscedastic,3,10.0,0.1,predictivity,eu_heldout,0.48686497581477534,0.6242424242424242
heteroscedastic,3,10.0,0.1,cca_type,eu_agreement,9.986644067261352e-09,0.8666666666666665
heteroscedastic,3,10.0,0.1,cca_type,acquisition_overlap,9.986644067261352e-09,0.7939393939393938
heteroscedastic,3,10.0,0.1,cca_type,eu_group0,9.986644067261352e-09,0.7818181818181817
heteroscedastic,3,10.0,0.1,cca_type,eu_group1,9.986644067261352e-09,0.8181818181818182
heteroscedastic,3,10.0,0.1,cca_type,eu_id,9.986644067261352e-09,0.8666666666666665
heteroscedastic,3,10.0,0.1,cca_type,eu_heldout,9.986644067261352e-09,0.43030303030303024
heteroscedastic,3,10.0,0.1,smoother_001,eu_agreement,0.0511229477922982,0.8666666666666665
heteroscedastic,3,10.0,0.1,smoother_001,acquisition_overlap,0.0511229477922982,0.7939393939393938
heteroscedastic,3,10.0,0.1,smoother_001,eu_group0,0.0511229477922982,0.7818181818181817
heteroscedastic,3,10.0,0.1,smoother_001,eu_group1,0.0511229477922982,0.8181818181818182
heteroscedastic,3,10.0,0.1,smoother_001,eu_id,0.0511229477922982,0.8666666666666665
heteroscedastic,3,10.0,0.1,smoother_001,eu_heldout,0.0511229477922982,0.43030303030303024
heteroscedastic,3,10.0,0.1,smoother_1,eu_agreement,0.19740448126554266,0.9151515151515152
heteroscedastic,3,10.0,0.1,smoother_1,acquisition_overlap,0.19740448126554266,0.8303030303030302
heteroscedastic,3,10.0,0.1,smoother_1,eu_group0,0.19740448126554266,0.8545454545454544
heteroscedastic,3,10.0,0.1,smoother_1,eu_group1,0.19740448126554266,0.8303030303030302
heteroscedastic,3,10.0,0.1,smoother_1,eu_id,0.19740448126554266,0.9151515151515152
heteroscedastic,3,10.0,0.1,smoother_1,eu_heldout,0.19740448126554266,0.5515151515151515
heteroscedastic,3,10.0,0.25,cka,eu_agreement,0.5634930215655447,0.9393939393939393
heteroscedastic,3,10.0,0.25,cka,acquisition_overlap,0.5634930215655447,0.9451395216446113
heteroscedastic,3,10.0,0.25,cka,eu_group0,0.5634930215655447,0.9030303030303028
heteroscedastic,3,10.0,0.25,cka,eu_group1,0.5634930215655447,0.8909090909090909
heteroscedastic,3,10.0,0.25,cka,eu_id,0.5634930215655447,0.8666666666666665
heteroscedastic,3,10.0,0.25,cka,eu_heldout,0.5634930215655447,0.06666666666666665
heteroscedastic,3,10.0,0.25,mknn,eu_agreement,0.3658582089552238,0.9272727272727272
heteroscedastic,3,10.0,0.25,mknn,acquisition_overlap,0.3658582089552238,0.9146511499786562
heteroscedastic,3,10.0,0.25,mknn,eu_group0,0.3658582089552238,0.9151515151515152
heteroscedastic,3,10.0,0.25,mknn,eu_group1,0.3658582089552238,0.8787878787878788
heteroscedastic,3,10.0,0.25,mknn,eu_id,0.3658582089552238,0.8424242424242423
heteroscedastic,3,10.0,0.25,mknn,eu_heldout,0.3658582089552238,0.05454545454545454
heteroscedastic,3,10.0,0.25,predictivity,eu_agreement,0.48686497581477534,0.7818181818181817
heteroscedastic,3,10.0,0.25,predictivity,acquisition_overlap,0.48686497581477534,0.8292837093139818
heteroscedastic,3,10.0,0.25,predictivity,eu_group0,0.48686497581477534,0.6727272727272726
heteroscedastic,3,10.0,0.25,predictivity,eu_group1,0.48686497581477534,0.7939393939393938
heteroscedastic,3,10.0,0.25,predictivity,eu_id,0.48686497581477534,0.7818181818181817
heteroscedastic,3,10.0,0.25,predictivity,eu_heldout,0.48686497581477534,0.17575757575757575
heteroscedastic,3,10.0,0.25,cca_type,eu_agreement,9.986644067261352e-09,0.8666666666666665
heteroscedastic,3,10.0,0.25,cca_type,acquisition_overlap,9.986644067261352e-09,0.8109906863144085
heteroscedastic,3,10.0,0.25,cca_type,eu_group0,9.986644067261352e-09,0.8666666666666665
heteroscedastic,3,10.0,0.25,cca_type,eu_group1,9.986644067261352e-09,0.7575757575757575
heteroscedastic,3,10.0,0.25,cca_type,eu_id,9.986644067261352e-09,0.7333333333333332
heteroscedastic,3,10.0,0.25,cca_type,eu_heldout,9.986644067261352e-09,0.24848484848484845
heteroscedastic,3,10.0,0.25,smoother_001,eu_agreement,0.0511229477922982,0.8666666666666665
heteroscedastic,3,10.0,0.25,smoother_001,acquisition_overlap,0.0511229477922982,0.8109906863144085
heteroscedastic,3,10.0,0.25,smoother_001,eu_group0,0.0511229477922982,0.8666666666666665
heteroscedastic,3,10.0,0.25,smoother_001,eu_group1,0.0511229477922982,0.7575757575757575
heteroscedastic,3,10.0,0.25,smoother_001,eu_id,0.0511229477922982,0.7333333333333332
heteroscedastic,3,10.0,0.25,smoother_001,eu_heldout,0.0511229477922982,0.24848484848484845
heteroscedastic,3,10.0,0.25,smoother_1,eu_agreement,0.19740448126554266,0.9151515151515152
heteroscedastic,3,10.0,0.25,smoother_1,acquisition_overlap,0.19740448126554266,0.8963581269790831
heteroscedastic,3,10.0,0.25,smoother_1,eu_group0,0.19740448126554266,0.9272727272727272
heteroscedastic,3,10.0,0.25,smoother_1,eu_group1,0.19740448126554266,0.8303030303030302
heteroscedastic,3,10.0,0.25,smoother_1,eu_id,0.19740448126554266,0.8181818181818182
heteroscedastic,3,10.0,0.25,smoother_1,eu_heldout,0.19740448126554266,0.19999999999999998
heteroscedastic,3,10.0,1.0,cka,eu_agreement,0.5634930215655447,0.9636363636363635
heteroscedastic,3,10.0,1.0,cka,acquisition_overlap,0.5634930215655447,0.7744046403152623
heteroscedastic,3,10.0,1.0,cka,eu_group0,0.5634930215655447,0.9030303030303028
heteroscedastic,3,10.0,1.0,cka,eu_group1,0.5634930215655447,0.9393939393939393
heteroscedastic,3,10.0,1.0,cka,eu_id,0.5634930215655447,0.9393939393939393
heteroscedastic,3,10.0,1.0,cka,eu_heldout,0.5634930215655447,0.10303030303030303
heteroscedastic,3,10.0,1.0,mknn,eu_agreement,0.3658582089552238,0.9515151515151514
heteroscedastic,3,10.0,1.0,mknn,acquisition_overlap,0.3658582089552238,0.7865999889816444
heteroscedastic,3,10.0,1.0,mknn,eu_group0,0.3658582089552238,0.9151515151515152
heteroscedastic,3,10.0,1.0,mknn,eu_group1,0.3658582089552238,0.9272727272727272
heteroscedastic,3,10.0,1.0,mknn,eu_id,0.3658582089552238,0.9272727272727272
heteroscedastic,3,10.0,1.0,mknn,eu_heldout,0.3658582089552238,0.06666666666666665
heteroscedastic,3,10.0,1.0,predictivity,eu_agreement,0.48686497581477534,0.7818181818181817
heteroscedastic,3,10.0,1.0,predictivity,acquisition_overlap,0.48686497581477534,0.579279061653149
heteroscedastic,3,10.0,1.0,predictivity,eu_group0,0.48686497581477534,0.6727272727272726
heteroscedastic,3,10.0,1.0,predictivity,eu_group1,0.48686497581477534,0.8181818181818182
heteroscedastic,3,10.0,1.0,predictivity,eu_id,0.48686497581477534,0.8181818181818182
heteroscedastic,3,10.0,1.0,predictivity,eu_heldout,0.48686497581477534,0.11515151515151514
heteroscedastic,3,10.0,1.0,cca_type,eu_agreement,9.986644067261352e-09,0.8303030303030302
heteroscedastic,3,10.0,1.0,cca_type,acquisition_overlap,9.986644067261352e-09,0.6646465023178236
heteroscedastic,3,10.0,1.0,cca_type,eu_group0,9.986644067261352e-09,0.8666666666666665
heteroscedastic,3,10.0,1.0,cca_type,eu_group1,9.986644067261352e-09,0.7939393939393938
heteroscedastic,3,10.0,1.0,cca_type,eu_id,9.986644067261352e-09,0.7939393939393938
heteroscedastic,3,10.0,1.0,cca_type,eu_heldout,9.986644067261352e-09,0.19999999999999998
heteroscedastic,3,10.0,1.0,smoother_001,eu_agreement,0.0511229477922982,0.8303030303030302
heteroscedastic,3,10.0,1.0,smoother_001,acquisition_overlap,0.0511229477922982,0.6646465023178236
heteroscedastic,3,10.0,1.0,smoother_001,eu_group0,0.0511229477922982,0.8666666666666665
heteroscedastic,3,10.0,1.0,smoother_001,eu_group1,0.0511229477922982,0.7939393939393938
heteroscedastic,3,10.0,1.0,smoother_001,eu_id,0.0511229477922982,0.7939393939393938
heteroscedastic,3,10.0,1.0,smoother_001,eu_heldout,0.0511229477922982,0.19999999999999998
heteroscedastic,3,10.0,1.0,smoother_1,eu_agreement,0.19740448126554266,0.9151515151515152
heteroscedastic,3,10.0,1.0,smoother_1,acquisition_overlap,0.19740448126554266,0.7805023146484533
heteroscedastic,3,10.0,1.0,smoother_1,eu_group0,0.19740448126554266,0.9272727272727272
heteroscedastic,3,10.0,1.0,smoother_1,eu_group1,0.19740448126554266,0.8909090909090909
heteroscedastic,3,10.0,1.0,smoother_1,eu_id,0.19740448126554266,0.8909090909090909
heteroscedastic,3,10.0,1.0,smoother_1,eu_heldout,0.19740448126554266,0.12727272727272726
heteroscedastic,4,0.1,0.1,cka,eu_agreement,0.5647220485317801,0.9515151515151514
heteroscedastic,4,0.1,0.1,cka,acquisition_overlap,0.5647220485317801,0.8650957979871867
heteroscedastic,4,0.1,0.1,cka,eu_group0,0.5647220485317801,0.9151515151515152
heteroscedastic,4,0.1,0.1,cka,eu_group1,0.5647220485317801,0.8787878787878788
heteroscedastic,4,0.1,0.1,cka,eu_id,0.5647220485317801,0.9515151515151514
heteroscedastic,4,0.1,0.1,cka,eu_heldout,0.5647220485317801,0.13939393939393938
heteroscedastic,4,0.1,0.1,mknn,eu_agreement,0.34738805970149245,0.9636363636363635
heteroscedastic,4,0.1,0.1,mknn,acquisition_overlap,0.34738805970149245,0.8773666603699838
heteroscedastic,4,0.1,0.1,mknn,eu_group0,0.34738805970149245,0.9515151515151514
heteroscedastic,4,0.1,0.1,mknn,eu_group1,0.34738805970149245,0.8787878787878788
heteroscedastic,4,0.1,0.1,mknn,eu_id,0.34738805970149245,0.9636363636363635
heteroscedastic,4,0.1,0.1,mknn,eu_heldout,0.34738805970149245,0.11515151515151514
heteroscedastic,4,0.1,0.1,predictivity,eu_agreement,0.5321875359426693,0.9030303030303028
heteroscedastic,4,0.1,0.1,predictivity,acquisition_overlap,0.5321875359426693,0.7914706236904049
heteroscedastic,4,0.1,0.1,predictivity,eu_group0,0.5321875359426693,0.8181818181818182
heteroscedastic,4,0.1,0.1,predictivity,eu_group1,0.5321875359426693,0.8303030303030302
heteroscedastic,4,0.1,0.1,predictivity,eu_id,0.5321875359426693,0.9030303030303028
heteroscedastic,4,0.1,0.1,predictivity,eu_heldout,0.5321875359426693,0.23636363636363633
heteroscedastic,4,0.1,0.1,cca_type,eu_agreement,9.031923209334991e-09,0.8909090909090909
heteroscedastic,4,0.1,0.1,cca_type,acquisition_overlap,9.031923209334991e-09,0.8405540732215928
heteroscedastic,4,0.1,0.1,cca_type,eu_group0,9.031923209334991e-09,0.8303030303030302
heteroscedastic,4,0.1,0.1,cca_type,eu_group1,9.031923209334991e-09,0.8666666666666665
heteroscedastic,4,0.1,0.1,cca_type,eu_id,9.031923209334991e-09,0.8909090909090909
heteroscedastic,4,0.1,0.1,cca_type,eu_heldout,9.031923209334991e-09,0.1515151515151515
heteroscedastic,4,0.1,0.1,smoother_001,eu_agreement,0.04899385571074477,0.8909090909090909
heteroscedastic,4,0.1,0.1,smoother_001,acquisition_overlap,0.04899385571074477,0.8405540732215928
heteroscedastic,4,0.1,0.1,smoother_001,eu_group0,0.04899385571074477,0.8303030303030302
heteroscedastic,4,0.1,0.1,smoother_001,eu_group1,0.04899385571074477,0.8666666666666665
heteroscedastic,4,0.1,0.1,smoother_001,eu_id,0.04899385571074477,0.8909090909090909
heteroscedastic,4,0.1,0.1,smoother_001,eu_heldout,0.04899385571074477,0.1515151515151515
heteroscedastic,4,0.1,0.1,smoother_1,eu_agreement,0.18683776614127656,0.9272727272727272
heteroscedastic,4,0.1,0.1,smoother_1,acquisition_overlap,0.18683776614127656,0.8405540732215928
heteroscedastic,4,0.1,0.1,smoother_1,eu_group0,0.18683776614127656,0.9030303030303028
heteroscedastic,4,0.1,0.1,smoother_1,eu_group1,0.18683776614127656,0.8424242424242423
heteroscedastic,4,0.1,0.1,smoother_1,eu_id,0.18683776614127656,0.9272727272727272
heteroscedastic,4,0.1,0.1,smoother_1,eu_heldout,0.18683776614127656,0.2121212121212121
heteroscedastic,4,0.1,0.25,cka,eu_agreement,0.5647220485317801,0.9515151515151514
heteroscedastic,4,0.1,0.25,cka,acquisition_overlap,0.5647220485317801,0.8666666666666665
heteroscedastic,4,0.1,0.25,cka,eu_group0,0.5647220485317801,0.9030303030303028
heteroscedastic,4,0.1,0.25,cka,eu_group1,0.5647220485317801,0.9515151515151514
heteroscedastic,4,0.1,0.25,cka,eu_id,0.5647220485317801,0.9515151515151514
heteroscedastic,4,0.1,0.25,cka,eu_heldout,0.5647220485317801,0.309090909090909
heteroscedastic,4,0.1,0.25,mknn,eu_agreement,0.34738805970149245,0.9515151515151514
heteroscedastic,4,0.1,0.25,mknn,acquisition_overlap,0.34738805970149245,0.8545454545454544
heteroscedastic,4,0.1,0.25,mknn,eu_group0,0.34738805970149245,0.9393939393939393
heteroscedastic,4,0.1,0.25,mknn,eu_group1,0.34738805970149245,0.9272727272727272
heteroscedastic,4,0.1,0.25,mknn,eu_id,0.34738805970149245,0.9515151515151514
heteroscedastic,4,0.1,0.25,mknn,eu_heldout,0.34738805970149245,0.309090909090909
heteroscedastic,4,0.1,0.25,predictivity,eu_agreement,0.5321875359426693,0.8545454545454544
heteroscedastic,4,0.1,0.25,predictivity,acquisition_overlap,0.5321875359426693,0.8181818181818182
heteroscedastic,4,0.1,0.25,predictivity,eu_group0,0.5321875359426693,0.7818181818181817
heteroscedastic,4,0.1,0.25,predictivity,eu_group1,0.5321875359426693,0.8787878787878788
heteroscedastic,4,0.1,0.25,predictivity,eu_id,0.5321875359426693,0.8545454545454544
heteroscedastic,4,0.1,0.25,predictivity,eu_heldout,0.5321875359426693,0.23636363636363633
heteroscedastic,4,0.1,0.25,cca_type,eu_agreement,9.031923209334991e-09,0.8424242424242423
heteroscedastic,4,0.1,0.25,cca_type,acquisition_overlap,9.031923209334991e-09,0.7212121212121211
heteroscedastic,4,0.1,0.25,cca_type,eu_group0,9.031923209334991e-09,0.8181818181818182
heteroscedastic,4,0.1,0.25,cca_type,eu_group1,9.031923209334991e-09,0.8545454545454544
heteroscedastic,4,0.1,0.25,cca_type,eu_id,9.031923209334991e-09,0.8424242424242423
heteroscedastic,4,0.1,0.25,cca_type,eu_heldout,9.031923209334991e-09,0.18787878787878787
heteroscedastic,4,0.1,0.25,smoother_001,eu_agreement,0.04899385571074477,0.8424242424242423
heteroscedastic,4,0.1,0.25,smoother_001,acquisition_overlap,0.04899385571074477,0.7212121212121211
heteroscedastic,4,0.1,0.25,smoother_001,eu_group0,0.04899385571074477,0.8181818181818182
heteroscedastic,4,0.1,0.25,smoother_001,eu_group1,0.04899385571074477,0.8545454545454544
heteroscedastic,4,0.1,0.25,smoother_001,eu_id,0.04899385571074477,0.8424242424242423
heteroscedastic,4,0.1,0.25,smoother_001,eu_heldout,0.04899385571074477,0.18787878787878787
heteroscedastic,4,0.1,0.25,smoother_1,eu_agreement,0.18683776614127656,0.9030303030303028
heteroscedastic,4,0.1,0.25,smoother_1,acquisition_overlap,0.18683776614127656,0.8545454545454544
heteroscedastic,4,0.1,0.25,smoother_1,eu_group0,0.18683776614127656,0.8787878787878788
heteroscedastic,4,0.1,0.25,smoother_1,eu_group1,0.18683776614127656,0.9272727272727272
heteroscedastic,4,0.1,0.25,smoother_1,eu_id,0.18683776614127656,0.9030303030303028
heteroscedastic,4,0.1,0.25,smoother_1,eu_heldout,0.18683776614127656,0.29696969696969694
heteroscedastic,4,0.1,1.0,cka,eu_agreement,0.5647220485317801,0.9515151515151514
heteroscedastic,4,0.1,1.0,cka,acquisition_overlap,0.5647220485317801,0.9151515151515152
heteroscedastic,4,0.1,1.0,cka,eu_group0,0.5647220485317801,0.9151515151515152
heteroscedastic,4,0.1,1.0,cka,eu_group1,0.5647220485317801,0.9393939393939393
heteroscedastic,4,0.1,1.0,cka,eu_id,0.5647220485317801,0.8666666666666665
heteroscedastic,4,0.1,1.0,cka,eu_heldout,0.5647220485317801,0.24848484848484845
heteroscedastic,4,0.1,1.0,mknn,eu_agreement,0.34738805970149245,0.9515151515151514
heteroscedastic,4,0.1,1.0,mknn,acquisition_overlap,0.34738805970149245,0.8666666666666665
heteroscedastic,4,0.1,1.0,mknn,eu_group0,0.34738805970149245,0.9515151515151514
heteroscedastic,4,0.1,1.0,mknn,eu_group1,0.34738805970149245,0.9151515151515152
heteroscedastic,4,0.1,1.0,mknn,eu_id,0.34738805970149245,0.8666666666666665
heteroscedastic,4,0.1,1.0,mknn,eu_heldout,0.34738805970149245,0.19999999999999998
heteroscedastic,4,0.1,1.0,predictivity,eu_agreement,0.5321875359426693,0.8545454545454544
heteroscedastic,4,0.1,1.0,predictivity,acquisition_overlap,0.5321875359426693,0.8666666666666665
heteroscedastic,4,0.1,1.0,predictivity,eu_group0,0.5321875359426693,0.8181818181818182
heteroscedastic,4,0.1,1.0,predictivity,eu_group1,0.5321875359426693,0.8666666666666665
heteroscedastic,4,0.1,1.0,predictivity,eu_id,0.5321875359426693,0.7696969696969697
heteroscedastic,4,0.1,1.0,predictivity,eu_heldout,0.5321875359426693,0.32121212121212117
heteroscedastic,4,0.1,1.0,cca_type,eu_agreement,9.031923209334991e-09,0.8424242424242423
heteroscedastic,4,0.1,1.0,cca_type,acquisition_overlap,9.031923209334991e-09,0.7939393939393938
heteroscedastic,4,0.1,1.0,cca_type,eu_group0,9.031923209334991e-09,0.8303030303030302
heteroscedastic,4,0.1,1.0,cca_type,eu_group1,9.031923209334991e-09,0.7939393939393938
heteroscedastic,4,0.1,1.0,cca_type,eu_id,9.031923209334991e-09,0.6848484848484848
heteroscedastic,4,0.1,1.0,cca_type,eu_heldout,9.031923209334991e-09,0.22424242424242422
heteroscedastic,4,0.1,1.0,smoother_001,eu_agreement,0.04899385571074477,0.8424242424242423
heteroscedastic,4,0.1,1.0,smoother_001,acquisition_overlap,0.04899385571074477,0.7939393939393938
heteroscedastic,4,0.1,1.0,smoother_001,eu_group0,0.04899385571074477,0.8303030303030302
heteroscedastic,4,0.1,1.0,smoother_001,eu_group1,0.04899385571074477,0.7939393939393938
heteroscedastic,4,0.1,1.0,smoother_001,eu_id,0.04899385571074477,0.6848484848484848
heteroscedastic,4,0.1,1.0,smoother_001,eu_heldout,0.04899385571074477,0.22424242424242422
heteroscedastic,4,0.1,1.0,smoother_1,eu_agreement,0.18683776614127656,0.9030303030303028
heteroscedastic,4,0.1,1.0,smoother_1,acquisition_overlap,0.18683776614127656,0.9151515151515152
heteroscedastic,4,0.1,1.0,smoother_1,eu_group0,0.18683776614127656,0.9030303030303028
heteroscedastic,4,0.1,1.0,smoother_1,eu_group1,0.18683776614127656,0.8909090909090909
heteroscedastic,4,0.1,1.0,smoother_1,eu_id,0.18683776614127656,0.7696969696969697
heteroscedastic,4,0.1,1.0,smoother_1,eu_heldout,0.18683776614127656,0.22424242424242422
heteroscedastic,4,1.0,0.1,cka,eu_agreement,0.5647220485317801,0.9515151515151514
heteroscedastic,4,1.0,0.1,cka,acquisition_overlap,0.5647220485317801,0.8303030303030302
heteroscedastic,4,1.0,0.1,cka,eu_group0,0.5647220485317801,0.9151515151515152
heteroscedastic,4,1.0,0.1,cka,eu_group1,0.5647220485317801,0.8787878787878788
heteroscedastic,4,1.0,0.1,cka,eu_id,0.5647220485317801,0.9515151515151514
heteroscedastic,4,1.0,0.1,cka,eu_heldout,0.5647220485317801,0.13939393939393938
heteroscedastic,4,1.0,0.1,mknn,eu_agreement,0.34738805970149245,0.9636363636363635
heteroscedastic,4,1.0,0.1,mknn,acquisition_overlap,0.34738805970149245,0.8545454545454544
heteroscedastic,4,1.0,0.1,mknn,eu_group0,0.34738805970149245,0.9515151515151514
heteroscedastic,4,1.0,0.1,mknn,eu_group1,0.34738805970149245,0.8787878787878788
heteroscedastic,4,1.0,0.1,mknn,eu_id,0.34738805970149245,0.9636363636363635
heteroscedastic,4,1.0,0.1,mknn,eu_heldout,0.34738805970149245,0.11515151515151514
heteroscedastic,4,1.0,0.1,predictivity,eu_agreement,0.5321875359426693,0.9030303030303028
heteroscedastic,4,1.0,0.1,predictivity,acquisition_overlap,0.5321875359426693,0.7575757575757575
heteroscedastic,4,1.0,0.1,predictivity,eu_group0,0.5321875359426693,0.8181818181818182
heteroscedastic,4,1.0,0.1,predictivity,eu_group1,0.5321875359426693,0.8303030303030302
heteroscedastic,4,1.0,0.1,predictivity,eu_id,0.5321875359426693,0.9030303030303028
heteroscedastic,4,1.0,0.1,predictivity,eu_heldout,0.5321875359426693,0.23636363636363633
heteroscedastic,4,1.0,0.1,cca_type,eu_agreement,9.031923209334991e-09,0.8909090909090909
heteroscedastic,4,1.0,0.1,cca_type,acquisition_overlap,9.031923209334991e-09,0.8424242424242423
heteroscedastic,4,1.0,0.1,cca_type,eu_group0,9.031923209334991e-09,0.8303030303030302
heteroscedastic,4,1.0,0.1,cca_type,eu_group1,9.031923209334991e-09,0.8666666666666665
heteroscedastic,4,1.0,0.1,cca_type,eu_id,9.031923209334991e-09,0.8909090909090909
heteroscedastic,4,1.0,0.1,cca_type,eu_heldout,9.031923209334991e-09,0.1515151515151515
heteroscedastic,4,1.0,0.1,smoother_001,eu_agreement,0.04899385571074477,0.8909090909090909
heteroscedastic,4,1.0,0.1,smoother_001,acquisition_overlap,0.04899385571074477,0.8424242424242423
heteroscedastic,4,1.0,0.1,smoother_001,eu_group0,0.04899385571074477,0.8303030303030302
heteroscedastic,4,1.0,0.1,smoother_001,eu_group1,0.04899385571074477,0.8666666666666665
heteroscedastic,4,1.0,0.1,smoother_001,eu_id,0.04899385571074477,0.8909090909090909
heteroscedastic,4,1.0,0.1,smoother_001,eu_heldout,0.04899385571074477,0.1515151515151515
heteroscedastic,4,1.0,0.1,smoother_1,eu_agreement,0.18683776614127656,0.9272727272727272
heteroscedastic,4,1.0,0.1,smoother_1,acquisition_overlap,0.18683776614127656,0.8424242424242423
heteroscedastic,4,1.0,0.1,smoother_1,eu_group0,0.18683776614127656,0.9030303030303028
heteroscedastic,4,1.0,0.1,smoother_1,eu_group1,0.18683776614127656,0.8424242424242423
heteroscedastic,4,1.0,0.1,smoother_1,eu_id,0.18683776614127656,0.9272727272727272
heteroscedastic,4,1.0,0.1,smoother_1,eu_heldout,0.18683776614127656,0.2121212121212121
heteroscedastic,4,1.0,0.25,cka,eu_agreement,0.5647220485317801,0.9515151515151514
heteroscedastic,4,1.0,0.25,cka,acquisition_overlap,0.5647220485317801,0.884162778312701
heteroscedastic,4,1.0,0.25,cka,eu_group0,0.5647220485317801,0.9030303030303028
heteroscedastic,4,1.0,0.25,cka,eu_group1,0.5647220485317801,0.9515151515151514
heteroscedastic,4,1.0,0.25,cka,eu_id,0.5647220485317801,0.9515151515151514
heteroscedastic,4,1.0,0.25,cka,eu_heldout,0.5647220485317801,0.32121212121212117
heteroscedastic,4,1.0,0.25,mknn,eu_agreement,0.34738805970149245,0.9515151515151514
heteroscedastic,4,1.0,0.25,mknn,acquisition_overlap,0.34738805970149245,0.884162778312701
heteroscedastic,4,1.0,0.25,mknn,eu_group0,0.34738805970149245,0.9393939393939393
heteroscedastic,4,1.0,0.25,mknn,eu_group1,0.34738805970149245,0.9272727272727272
heteroscedastic,4,1.0,0.25,mknn,eu_id,0.34738805970149245,0.9515151515151514
heteroscedastic,4,1.0,0.25,mknn,eu_heldout,0.34738805970149245,0.32121212121212117
heteroscedastic,4,1.0,0.25,predictivity,eu_agreement,0.5321875359426693,0.8545454545454544
heteroscedastic,4,1.0,0.25,predictivity,acquisition_overlap,0.5321875359426693,0.8475767323135548
heteroscedastic,4,1.0,0.25,predictivity,eu_group0,0.5321875359426693,0.7818181818181817
heteroscedastic,4,1.0,0.25,predictivity,eu_group1,0.5321875359426693,0.8787878787878788
heteroscedastic,4,1.0,0.25,predictivity,eu_id,0.5321875359426693,0.8545454545454544
heteroscedastic,4,1.0,0.25,predictivity,eu_heldout,0.5321875359426693,0.2727272727272727
heteroscedastic,4,1.0,0.25,cca_type,eu_agreement,9.031923209334991e-09,0.8424242424242423
heteroscedastic,4,1.0,0.25,cca_type,acquisition_overlap,9.031923209334991e-09,0.7195255713165428
heteroscedastic,4,1.0,0.25,cca_type,eu_group0,9.031923209334991e-09,0.8181818181818182
heteroscedastic,4,1.0,0.25,cca_type,eu_group1,9.031923209334991e-09,0.8545454545454544
heteroscedastic,4,1.0,0.25,cca_type,eu_id,9.031923209334991e-09,0.8424242424242423
heteroscedastic,4,1.0,0.25,cca_type,eu_heldout,9.031923209334991e-09,0.19999999999999998
heteroscedastic,4,1.0,0.25,smoother_001,eu_agreement,0.04899385571074477,0.8424242424242423
heteroscedastic,4,1.0,0.25,smoother_001,acquisition_overlap,0.04899385571074477,0.7195255713165428
heteroscedastic,4,1.0,0.25,smoother_001,eu_group0,0.04899385571074477,0.8181818181818182
heteroscedastic,4,1.0,0.25,smoother_001,eu_group1,0.04899385571074477,0.8545454545454544
heteroscedastic,4,1.0,0.25,smoother_001,eu_id,0.04899385571074477,0.8424242424242423
heteroscedastic,4,1.0,0.25,smoother_001,eu_heldout,0.04899385571074477,0.19999999999999998
heteroscedastic,4,1.0,0.25,smoother_1,eu_agreement,0.18683776614127656,0.9030303030303028
heteroscedastic,4,1.0,0.25,smoother_1,acquisition_overlap,0.18683776614127656,0.8536744066467458
heteroscedastic,4,1.0,0.25,smoother_1,eu_group0,0.18683776614127656,0.8787878787878788
heteroscedastic,4,1.0,0.25,smoother_1,eu_group1,0.18683776614127656,0.9272727272727272
heteroscedastic,4,1.0,0.25,smoother_1,eu_id,0.18683776614127656,0.9030303030303028
heteroscedastic,4,1.0,0.25,smoother_1,eu_heldout,0.18683776614127656,0.32121212121212117
heteroscedastic,4,1.0,1.0,cka,eu_agreement,0.5647220485317801,0.9636363636363635
heteroscedastic,4,1.0,1.0,cka,acquisition_overlap,0.5647220485317801,0.8997002046464955
heteroscedastic,4,1.0,1.0,cka,eu_group0,0.5647220485317801,0.9151515151515152
heteroscedastic,4,1.0,1.0,cka,eu_group1,0.5647220485317801,0.9393939393939393
heteroscedastic,4,1.0,1.0,cka,eu_id,0.5647220485317801,0.8545454545454544
heteroscedastic,4,1.0,1.0,cka,eu_heldout,0.5647220485317801,0.49090909090909085
heteroscedastic,4,1.0,1.0,mknn,eu_agreement,0.34738805970149245,0.9393939393939393
heteroscedastic,4,1.0,1.0,mknn,acquisition_overlap,0.34738805970149245,0.8449887057152898
heteroscedastic,4,1.0,1.0,mknn,eu_group0,0.34738805970149245,0.9515151515151514
heteroscedastic,4,1.0,1.0,mknn,eu_group1,0.34738805970149245,0.9151515151515152
heteroscedastic,4,1.0,1.0,mknn,eu_id,0.34738805970149245,0.8787878787878788
heteroscedastic,4,1.0,1.0,mknn,eu_heldout,0.34738805970149245,0.41818181818181815
heteroscedastic,4,1.0,1.0,predictivity,eu_agreement,0.5321875359426693,0.8666666666666665
heteroscedastic,4,1.0,1.0,predictivity,acquisition_overlap,0.5321875359426693,0.8632258720256917
heteroscedastic,4,1.0,1.0,predictivity,eu_group0,0.5321875359426693,0.8181818181818182
heteroscedastic,4,1.0,1.0,predictivity,eu_group1,0.5321875359426693,0.8666666666666665
heteroscedastic,4,1.0,1.0,predictivity,eu_id,0.5321875359426693,0.7575757575757575
heteroscedastic,4,1.0,1.0,predictivity,eu_heldout,0.5321875359426693,0.5393939393939393
heteroscedastic,4,1.0,1.0,cca_type,eu_agreement,9.031923209334991e-09,0.8303030303030302
heteroscedastic,4,1.0,1.0,cca_type,acquisition_overlap,9.031923209334991e-09,0.7781190959104827
heteroscedastic,4,1.0,1.0,cca_type,eu_group0,9.031923209334991e-09,0.8303030303030302
heteroscedastic,4,1.0,1.0,cca_type,eu_group1,9.031923209334991e-09,0.7939393939393938
heteroscedastic,4,1.0,1.0,cca_type,eu_id,9.031923209334991e-09,0.6606060606060605
heteroscedastic,4,1.0,1.0,cca_type,eu_heldout,9.031923209334991e-09,0.29696969696969694
heteroscedastic,4,1.0,1.0,smoother_001,eu_agreement,0.04899385571074477,0.8303030303030302
heteroscedastic,4,1.0,1.0,smoother_001,acquisition_overlap,0.04899385571074477,0.7781190959104827
heteroscedastic,4,1.0,1.0,smoother_001,eu_group0,0.04899385571074477,0.8303030303030302
heteroscedastic,4,1.0,1.0,smoother_001,eu_group1,0.04899385571074477,0.7939393939393938
heteroscedastic,4,1.0,1.0,smoother_001,eu_id,0.04899385571074477,0.6606060606060605
heteroscedastic,4,1.0,1.0,smoother_001,eu_heldout,0.04899385571074477,0.29696969696969694
heteroscedastic,4,1.0,1.0,smoother_1,eu_agreement,0.18683776614127656,0.9151515151515152
heteroscedastic,4,1.0,1.0,smoother_1,acquisition_overlap,0.18683776614127656,0.9057792600832962
heteroscedastic,4,1.0,1.0,smoother_1,eu_group0,0.18683776614127656,0.9030303030303028
heteroscedastic,4,1.0,1.0,smoother_1,eu_group1,0.18683776614127656,0.8909090909090909
heteroscedastic,4,1.0,1.0,smoother_1,eu_id,0.18683776614127656,0.7575757575757575
heteroscedastic,4,1.0,1.0,smoother_1,eu_heldout,0.18683776614127656,0.3939393939393939
heteroscedastic,4,10.0,0.1,cka,eu_agreement,0.5647220485317801,0.9515151515151514
heteroscedastic,4,10.0,0.1,cka,acquisition_overlap,0.5647220485317801,0.8303030303030302
heteroscedastic,4,10.0,0.1,cka,eu_group0,0.5647220485317801,0.9151515151515152
heteroscedastic,4,10.0,0.1,cka,eu_group1,0.5647220485317801,0.8787878787878788
heteroscedastic,4,10.0,0.1,cka,eu_id,0.5647220485317801,0.9515151515151514
heteroscedastic,4,10.0,0.1,cka,eu_heldout,0.5647220485317801,0.13939393939393938
heteroscedastic,4,10.0,0.1,mknn,eu_agreement,0.34738805970149245,0.9636363636363635
heteroscedastic,4,10.0,0.1,mknn,acquisition_overlap,0.34738805970149245,0.8545454545454544
heteroscedastic,4,10.0,0.1,mknn,eu_group0,0.34738805970149245,0.9515151515151514
heteroscedastic,4,10.0,0.1,mknn,eu_group1,0.34738805970149245,0.8787878787878788
heteroscedastic,4,10.0,0.1,mknn,eu_id,0.34738805970149245,0.9636363636363635
heteroscedastic,4,10.0,0.1,mknn,eu_heldout,0.34738805970149245,0.11515151515151514
heteroscedastic,4,10.0,0.1,predictivity,eu_agreement,0.5321875359426693,0.9030303030303028
heteroscedastic,4,10.0,0.1,predictivity,acquisition_overlap,0.5321875359426693,0.7575757575757575
heteroscedastic,4,10.0,0.1,predictivity,eu_group0,0.5321875359426693,0.8181818181818182
heteroscedastic,4,10.0,0.1,predictivity,eu_group1,0.5321875359426693,0.8303030303030302
heteroscedastic,4,10.0,0.1,predictivity,eu_id,0.5321875359426693,0.9030303030303028
heteroscedastic,4,10.0,0.1,predictivity,eu_heldout,0.5321875359426693,0.23636363636363633
heteroscedastic,4,10.0,0.1,cca_type,eu_agreement,9.031923209334991e-09,0.8909090909090909
heteroscedastic,4,10.0,0.1,cca_type,acquisition_overlap,9.031923209334991e-09,0.8424242424242423
heteroscedastic,4,10.0,0.1,cca_type,eu_group0,9.031923209334991e-09,0.8303030303030302
heteroscedastic,4,10.0,0.1,cca_type,eu_group1,9.031923209334991e-09,0.8666666666666665
heteroscedastic,4,10.0,0.1,cca_type,eu_id,9.031923209334991e-09,0.8909090909090909
heteroscedastic,4,10.0,0.1,cca_type,eu_heldout,9.031923209334991e-09,0.1515151515151515
heteroscedastic,4,10.0,0.1,smoother_001,eu_agreement,0.04899385571074477,0.8909090909090909
heteroscedastic,4,10.0,0.1,smoother_001,acquisition_overlap,0.04899385571074477,0.8424242424242423
heteroscedastic,4,10.0,0.1,smoother_001,eu_group0,0.04899385571074477,0.8303030303030302
heteroscedastic,4,10.0,0.1,smoother_001,eu_group1,0.04899385571074477,0.8666666666666665
heteroscedastic,4,10.0,0.1,smoother_001,eu_id,0.04899385571074477,0.8909090909090909
heteroscedastic,4,10.0,0.1,smoother_001,eu_heldout,0.04899385571074477,0.1515151515151515
heteroscedastic,4,10.0,0.1,smoother_1,eu_agreement,0.18683776614127656,0.9272727272727272
heteroscedastic,4,10.0,0.1,smoother_1,acquisition_overlap,0.18683776614127656,0.8424242424242423
heteroscedastic,4,10.0,0.1,smoother_1,eu_group0,0.18683776614127656,0.9030303030303028
heteroscedastic,4,10.0,0.1,smoother_1,eu_group1,0.18683776614127656,0.8424242424242423
heteroscedastic,4,10.0,0.1,smoother_1,eu_id,0.18683776614127656,0.9272727272727272
heteroscedastic,4,10.0,0.1,smoother_1,eu_heldout,0.18683776614127656,0.2121212121212121
heteroscedastic,4,10.0,0.25,cka,eu_agreement,0.5647220485317801,0.9515151515151514
heteroscedastic,4,10.0,0.25,cka,acquisition_overlap,0.5647220485317801,0.884162778312701
heteroscedastic,4,10.0,0.25,cka,eu_group0,0.5647220485317801,0.9030303030303028
heteroscedastic,4,10.0,0.25,cka,eu_group1,0.5647220485317801,0.9515151515151514
heteroscedastic,4,10.0,0.25,cka,eu_id,0.5647220485317801,0.9515151515151514
heteroscedastic,4,10.0,0.25,cka,eu_heldout,0.5647220485317801,0.38181818181818183
heteroscedastic,4,10.0,0.25,mknn,eu_agreement,0.34738805970149245,0.9515151515151514
heteroscedastic,4,10.0,0.25,mknn,acquisition_overlap,0.34738805970149245,0.884162778312701
heteroscedastic,4,10.0,0.25,mknn,eu_group0,0.34738805970149245,0.9393939393939393
heteroscedastic,4,10.0,0.25,mknn,eu_group1,0.34738805970149245,0.9272727272727272
heteroscedastic,4,10.0,0.25,mknn,eu_id,0.34738805970149245,0.9515151515151514
heteroscedastic,4,10.0,0.25,mknn,eu_heldout,0.34738805970149245,0.38181818181818183
heteroscedastic,4,10.0,0.25,predictivity,eu_agreement,0.5321875359426693,0.8545454545454544
heteroscedastic,4,10.0,0.25,predictivity,acquisition_overlap,0.5321875359426693,0.8475767323135548
heteroscedastic,4,10.0,0.25,predictivity,eu_group0,0.5321875359426693,0.7818181818181817
heteroscedastic,4,10.0,0.25,predictivity,eu_group1,0.5321875359426693,0.8787878787878788
heteroscedastic,4,10.0,0.25,predictivity,eu_id,0.5321875359426693,0.8545454545454544
heteroscedastic,4,10.0,0.25,predictivity,eu_heldout,0.5321875359426693,0.35757575757575755
heteroscedastic,4,10.0,0.25,cca_type,eu_agreement,9.031923209334991e-09,0.8424242424242423
heteroscedastic,4,10.0,0.25,cca_type,acquisition_overlap,9.031923209334991e-09,0.7195255713165428
heteroscedastic,4,10.0,0.25,cca_type,eu_group0,9.031923209334991e-09,0.8181818181818182
heteroscedastic,4,10.0,0.25,cca_type,eu_group1,9.031923209334991e-09,0.8545454545454544
heteroscedastic,4,10.0,0.25,cca_type,eu_id,9.031923209334991e-09,0.8424242424242423
heteroscedastic,4,10.0,0.25,cca_type,eu_heldout,9.031923209334991e-09,0.24848484848484845
heteroscedastic,4,10.0,0.25,smoother_001,eu_agreement,0.04899385571074477,0.8424242424242423
heteroscedastic,4,10.0,0.25,smoother_001,acquisition_overlap,0.04899385571074477,0.7195255713165428
heteroscedastic,4,10.0,0.25,smoother_001,eu_group0,0.04899385571074477,0.8181818181818182
heteroscedastic,4,10.0,0.25,smoother_001,eu_group1,0.04899385571074477,0.8545454545454544
heteroscedastic,4,10.0,0.25,smoother_001,eu_id,0.04899385571074477,0.8424242424242423
heteroscedastic,4,10.0,0.25,smoother_001,eu_heldout,0.04899385571074477,0.24848484848484845
heteroscedastic,4,10.0,0.25,smoother_1,eu_agreement,0.18683776614127656,0.9030303030303028
heteroscedastic,4,10.0,0.25,smoother_1,acquisition_overlap,0.18683776614127656,0.8536744066467458
heteroscedastic,4,10.0,0.25,smoother_1,eu_group0,0.18683776614127656,0.8787878787878788
heteroscedastic,4,10.0,0.25,smoother_1,eu_group1,0.18683776614127656,0.9272727272727272
heteroscedastic,4,10.0,0.25,smoother_1,eu_id,0.18683776614127656,0.9030303030303028
heteroscedastic,4,10.0,0.25,smoother_1,eu_heldout,0.18683776614127656,0.3939393939393939
heteroscedastic,4,10.0,1.0,cka,eu_agreement,0.5647220485317801,0.9636363636363635
heteroscedastic,4,10.0,1.0,cka,acquisition_overlap,0.5647220485317801,0.8632258720256917
heteroscedastic,4,10.0,1.0,cka,eu_group0,0.5647220485317801,0.9151515151515152
heteroscedastic,4,10.0,1.0,cka,eu_group1,0.5647220485317801,0.9393939393939393
heteroscedastic,4,10.0,1.0,cka,eu_id,0.5647220485317801,0.8545454545454544
heteroscedastic,4,10.0,1.0,cka,eu_heldout,0.5647220485317801,0.6121212121212121
heteroscedastic,4,10.0,1.0,mknn,eu_agreement,0.34738805970149245,0.9393939393939393
heteroscedastic,4,10.0,1.0,mknn,acquisition_overlap,0.34738805970149245,0.8206724839680872
heteroscedastic,4,10.0,1.0,mknn,eu_group0,0.34738805970149245,0.9515151515151514
heteroscedastic,4,10.0,1.0,mknn,eu_group1,0.34738805970149245,0.9151515151515152
heteroscedastic,4,10.0,1.0,mknn,eu_id,0.34738805970149245,0.8787878787878788
heteroscedastic,4,10.0,1.0,mknn,eu_heldout,0.34738805970149245,0.5515151515151515
heteroscedastic,4,10.0,1.0,predictivity,eu_agreement,0.5321875359426693,0.8666666666666665
heteroscedastic,4,10.0,1.0,predictivity,acquisition_overlap,0.5321875359426693,0.8267515394048879
heteroscedastic,4,10.0,1.0,predictivity,eu_group0,0.5321875359426693,0.8181818181818182
heteroscedastic,4,10.0,1.0,predictivity,eu_group1,0.5321875359426693,0.8666666666666665
heteroscedastic,4,10.0,1.0,predictivity,eu_id,0.5321875359426693,0.7575757575757575
heteroscedastic,4,10.0,1.0,predictivity,eu_heldout,0.5321875359426693,0.5878787878787878
heteroscedastic,4,10.0,1.0,cca_type,eu_agreement,9.031923209334991e-09,0.8303030303030302
heteroscedastic,4,10.0,1.0,cca_type,acquisition_overlap,9.031923209334991e-09,0.7294866524160775
heteroscedastic,4,10.0,1.0,cca_type,eu_group0,9.031923209334991e-09,0.8303030303030302
heteroscedastic,4,10.0,1.0,cca_type,eu_group1,9.031923209334991e-09,0.7939393939393938
heteroscedastic,4,10.0,1.0,cca_type,eu_id,9.031923209334991e-09,0.6606060606060605
heteroscedastic,4,10.0,1.0,cca_type,eu_heldout,9.031923209334991e-09,0.35757575757575755
heteroscedastic,4,10.0,1.0,smoother_001,eu_agreement,0.04899385571074477,0.8303030303030302
heteroscedastic,4,10.0,1.0,smoother_001,acquisition_overlap,0.04899385571074477,0.7294866524160775
heteroscedastic,4,10.0,1.0,smoother_001,eu_group0,0.04899385571074477,0.8303030303030302
heteroscedastic,4,10.0,1.0,smoother_001,eu_group1,0.04899385571074477,0.7939393939393938
heteroscedastic,4,10.0,1.0,smoother_001,eu_id,0.04899385571074477,0.6606060606060605
heteroscedastic,4,10.0,1.0,smoother_001,eu_heldout,0.04899385571074477,0.35757575757575755
heteroscedastic,4,10.0,1.0,smoother_1,eu_agreement,0.18683776614127656,0.9151515151515152
heteroscedastic,4,10.0,1.0,smoother_1,acquisition_overlap,0.18683776614127656,0.8571468165888911
heteroscedastic,4,10.0,1.0,smoother_1,eu_group0,0.18683776614127656,0.9030303030303028
heteroscedastic,4,10.0,1.0,smoother_1,eu_group1,0.18683776614127656,0.8909090909090909
heteroscedastic,4,10.0,1.0,smoother_1,eu_id,0.18683776614127656,0.7575757575757575
heteroscedastic,4,10.0,1.0,smoother_1,eu_heldout,0.18683776614127656,0.5151515151515151
homoscedastic,0,0.1,0.1,cka,eu_agreement,0.5596952572765681,0.9636363636363635
homoscedastic,0,0.1,0.1,cka,acquisition_overlap,0.5596952572765681,0.9231861823449954
homoscedastic,0,0.1,0.1,cka,eu_group0,0.5596952572765681,0.9636363636363635
homoscedastic,0,0.1,0.1,cka,eu_group1,0.5596952572765681,
homoscedastic,0,0.1,0.1,cka,eu_id,0.5596952572765681,0.9393939393939393
homoscedastic,0,0.1,0.1,cka,eu_heldout,0.5596952572765681,0.3939393939393939
homoscedastic,0,0.1,0.1,mknn,eu_agreement,0.37294776119402984,0.9636363636363635
homoscedastic,0,0.1,0.1,mknn,acquisition_overlap,0.37294776119402984,0.9231861823449954
homoscedastic,0,0.1,0.1,mknn,eu_group0,0.37294776119402984,0.9636363636363635
homoscedastic,0,0.1,0.1,mknn,eu_group1,0.37294776119402984,
homoscedastic,0,0.1,0.1,mknn,eu_id,0.37294776119402984,0.9393939393939393
homoscedastic,0,0.1,0.1,mknn,eu_heldout,0.37294776119402984,0.3939393939393939
homoscedastic,0,0.1,0.1,predictivity,eu_agreement,0.4878034809650872,0.8303030303030302
homoscedastic,0,0.1,0.1,predictivity,acquisition_overlap,0.4878034809650872,0.7754763931697962
homoscedastic,0,0.1,0.1,predictivity,eu_group0,0.4878034809650872,0.8303030303030302
homoscedastic,0,0.1,0.1,predictivity,eu_group1,0.4878034809650872,
homoscedastic,0,0.1,0.1,predictivity,eu_id,0.4878034809650872,0.7696969696969697
homoscedastic,0,0.1,0.1,predictivity,eu_heldout,0.4878034809650872,0.6363636363636362
homoscedastic,0,0.1,0.1,cca_type,eu_agreement,8.437653353787766e-09,0.9030303030303028
homoscedastic,0,0.1,0.1,cca_type,acquisition_overlap,8.437653353787766e-09,0.9108770332470622
homoscedastic,0,0.1,0.1,cca_type,eu_group0,8.437653353787766e-09,0.9030303030303028
homoscedastic,0,0.1,0.1,cca_type,eu_group1,8.437653353787766e-09,
homoscedastic,0,0.1,0.1,cca_type,eu_id,8.437653353787766e-09,0.8909090909090909
homoscedastic,0,0.1,0.1,cca_type,eu_heldout,8.437653353787766e-09,0.4787878787878787
homoscedastic,0,0.1,0.1,smoother_001,eu_agreement,0.04853056055852445,0.9030303030303028
homoscedastic,0,0.1,0.1,smoother_001,acquisition_overlap,0.04853056055852445,0.9108770332470622
homoscedastic,0,0.1,0.1,smoother_001,eu_group0,0.04853056055852445,0.9030303030303028
homoscedastic,0,0.1,0.1,smoother_001,eu_group1,0.04853056055852445,
homoscedastic,0,0.1,0.1,smoother_001,eu_id,0.04853056055852445,0.8909090909090909
homoscedastic,0,0.1,0.1,smoother_001,eu_heldout,0.04853056055852445,0.4787878787878787
homoscedastic,0,0.1,0.1,smoother_1,eu_agreement,0.19267066140563038,0.9393939393939393
homoscedastic,0,0.1,0.1,smoother_1,acquisition_overlap,0.19267066140563038,0.9231861823449954
homoscedastic,0,0.1,0.1,smoother_1,eu_group0,0.19267066140563038,0.9393939393939393
homoscedastic,0,0.1,0.1,smoother_1,eu_group1,0.19267066140563038,
homoscedastic,0,0.1,0.1,smoother_1,eu_id,0.19267066140563038,0.9151515151515152
homoscedastic,0,0.1,0.1,smoother_1,eu_heldout,0.19267066140563038,0.5272727272727272
homoscedastic,0,0.1,0.25,cka,eu_agreement,0.5596952572765681,0.9393939393939393
homoscedastic,0,0.1,0.25,cka,acquisition_overlap,0.5596952572765681,0.9422535927041001
homoscedastic,0,0.1,0.25,cka,eu_group0,0.5596952572765681,0.9393939393939393
homoscedastic,0,0.1,0.25,cka,eu_group1,0.5596952572765681,
homoscedastic,0,0.1,0.25,cka,eu_id,0.5596952572765681,0.9393939393939393
homoscedastic,0,0.1,0.25,cka,eu_heldout,0.5596952572765681,0.2606060606060606
homoscedastic,0,0.1,0.25,mknn,eu_agreement,0.37294776119402984,0.9393939393939393
homoscedastic,0,0.1,0.25,mknn,acquisition_overlap,0.37294776119402984,0.9422535927041001
homoscedastic,0,0.1,0.25,mknn,eu_group0,0.37294776119402984,0.9393939393939393
homoscedastic,0,0.1,0.25,mknn,eu_group1,0.37294776119402984,
homoscedastic,0,0.1,0.25,mknn,eu_id,0.37294776119402984,0.9393939393939393
homoscedastic,0,0.1,0.25,mknn,eu_heldout,0.37294776119402984,0.2606060606060606
homoscedastic,0,0.1,0.25,predictivity,eu_agreement,0.4878034809650872,0.709090909090909
homoscedastic,0,0.1,0.25,predictivity,acquisition_overlap,0.4878034809650872,0.6626170426112704
homoscedastic,0,0.1,0.25,predictivity,eu_group0,0.4878034809650872,0.709090909090909
homoscedastic,0,0.1,0.25,predictivity,eu_group1,0.4878034809650872,
homoscedastic,0,0.1,0.25,predictivity,eu_id,0.4878034809650872,0.709090909090909
homoscedastic,0,0.1,0.25,predictivity,eu_heldout,0.4878034809650872,0.3696969696969697
homoscedastic,0,0.1,0.25,cca_type,eu_agreement,8.437653353787766e-09,0.8424242424242423
homoscedastic,0,0.1,0.25,cca_type,acquisition_overlap,8.437653353787766e-09,0.790277206784084
homoscedastic,0,0.1,0.25,cca_type,eu_group0,8.437653353787766e-09,0.8424242424242423
homoscedastic,0,0.1,0.25,cca_type,eu_group1,8.437653353787766e-09,
homoscedastic,0,0.1,0.25,cca_type,eu_id,8.437653353787766e-09,0.8424242424242423
homoscedastic,0,0.1,0.25,cca_type,eu_heldout,8.437653353787766e-09,0.33333333333333326
homoscedastic,0,0.1,0.25,smoother_001,eu_agreement,0.04853056055852445,0.8424242424242423
homoscedastic,0,0.1,0.25,smoother_001,acquisition_overlap,0.04853056055852445,0.790277206784084
homoscedastic,0,0.1,0.25,smoother_001,eu_group0,0.04853056055852445,0.8424242424242423
homoscedastic,0,0.1,0.25,smoother_001,eu_group1,0.04853056055852445,
homoscedastic,0,0.1,0.25,smoother_001,eu_id,0.04853056055852445,0.8424242424242423
homoscedastic,0,0.1,0.25,smoother_001,eu_heldout,0.04853056055852445,0.33333333333333326
homoscedastic,0,0.1,0.25,smoother_1,eu_agreement,0.19267066140563038,0.8909090909090909
homoscedastic,0,0.1,0.25,smoother_1,acquisition_overlap,0.19267066140563038,0.9240164263936983
homoscedastic,0,0.1,0.25,smoother_1,eu_group0,0.19267066140563038,0.8909090909090909
homoscedastic,0,0.1,0.25,smoother_1,eu_group1,0.19267066140563038,
homoscedastic,0,0.1,0.25,smoother_1,eu_id,0.19267066140563038,0.8909090909090909
homoscedastic,0,0.1,0.25,smoother_1,eu_heldout,0.19267066140563038,0.35757575757575755
homoscedastic,0,0.1,1.0,cka,eu_agreement,0.5596952572765681,0.9515151515151514
homoscedastic,0,0.1,1.0,cka,acquisition_overlap,0.5596952572765681,0.743916268649307
homoscedastic,0,0.1,1.0,cka,eu_group0,0.5596952572765681,0.9515151515151514
homoscedastic,0,0.1,1.0,cka,eu_group1,0.5596952572765681,
homoscedastic,0,0.1,1.0,cka,eu_id,0.5596952572765681,0.9151515151515152
homoscedastic,0,0.1,1.0,cka,eu_heldout,0.5596952572765681,0.38181818181818183
homoscedastic,0,0.1,1.0,mknn,eu_agreement,0.37294776119402984,0.9515151515151514
homoscedastic,0,0.1,1.0,mknn,acquisition_overlap,0.37294776119402984,0.743916268649307
homoscedastic,0,0.1,1.0,mknn,eu_group0,0.37294776119402984,0.9515151515151514
homoscedastic,0,0.1,1.0,mknn,eu_group1,0.37294776119402984,
homoscedastic,0,0.1,1.0,mknn,eu_id,0.37294776119402984,0.9151515151515152
homoscedastic,0,0.1,1.0,mknn,eu_heldout,0.37294776119402984,0.38181818181818183
homoscedastic,0,0.1,1.0,predictivity,eu_agreement,0.4878034809650872,0.7212121212121211
homoscedastic,0,0.1,1.0,predictivity,acquisition_overlap,0.4878034809650872,0.4695209236557102
homoscedastic,0,0.1,1.0,predictivity,eu_group0,0.4878034809650872,0.7212121212121211
homoscedastic,0,0.1,1.0,predictivity,eu_group1,0.4878034809650872,
homoscedastic,0,0.1,1.0,predictivity,eu_id,0.4878034809650872,0.7696969696969697
homoscedastic,0,0.1,1.0,predictivity,eu_heldout,0.4878034809650872,0.5151515151515151
homoscedastic,0,0.1,1.0,cca_type,eu_agreement,8.437653353787766e-09,0.8303030303030302
homoscedastic,0,0.1,1.0,cca_type,acquisition_overlap,8.437653353787766e-09,0.6158651076522952
homoscedastic,0,0.1,1.0,cca_type,eu_group0,8.437653353787766e-09,0.8303030303030302
homoscedastic,0,0.1,1.0,cca_type,eu_group1,8.437653353787766e-09,
homoscedastic,0,0.1,1.0,cca_type,eu_id,8.437653353787766e-09,0.8060606060606059
homoscedastic,0,0.1,1.0,cca_type,eu_heldout,8.437653353787766e-09,0.23636363636363633
homoscedastic,0,0.1,1.0,smoother_001,eu_agreement,0.04853056055852445,0.8303030303030302
homoscedastic,0,0.1,1.0,smoother_001,acquisition_overlap,0.04853056055852445,0.6158651076522952
homoscedastic,0,0.1,1.0,smoother_001,eu_group0,0.04853056055852445,0.8303030303030302
homoscedastic,0,0.1,1.0,smoother_001,eu_group1,0.04853056055852445,
homoscedastic,0,0.1,1.0,smoother_001,eu_id,0.04853056055852445,0.8060606060606059
homoscedastic,0,0.1,1.0,smoother_001,eu_heldout,0.04853056055852445,0.23636363636363633
homoscedastic,0,0.1,1.0,smoother_1,eu_agreement,0.19267066140563038,0.9030303030303028
homoscedastic,0,0.1,1.0,smoother_1,acquisition_overlap,0.19267066140563038,0.6890371996505876
homoscedastic,0,0.1,1.0,smoother_1,eu_group0,0.19267066140563038,0.9030303030303028
homoscedastic,0,0.1,1.0,smoother_1,eu_group1,0.19267066140563038,
homoscedastic,0,0.1,1.0,smoother_1,eu_id,0.19267066140563038,0.8666666666666665
homoscedastic,0,0.1,1.0,smoother_1,eu_heldout,0.19267066140563038,0.38181818181818183
homoscedastic,0,1.0,0.1,cka,eu_agreement,0.5596952572765681,0.9636363636363635
homoscedastic,0,1.0,0.1,cka,acquisition_overlap,0.5596952572765681,0.8862587350511957
homoscedastic,0,1.0,0.1,cka,eu_group0,0.5596952572765681,0.9636363636363635
homoscedastic,0,1.0,0.1,cka,eu_group1,0.5596952572765681,
homoscedastic,0,1.0,0.1,cka,eu_id,0.5596952572765681,0.9393939393939393
homoscedastic,0,1.0,0.1,cka,eu_heldout,0.5596952572765681,0.4545454545454545
homoscedastic,0,1.0,0.1,mknn,eu_agreement,0.37294776119402984,0.9636363636363635
homoscedastic,0,1.0,0.1,mknn,acquisition_overlap,0.37294776119402984,0.8862587350511957
homoscedastic,0,1.0,0.1,mknn,eu_group0,0.37294776119402984,0.9636363636363635
homoscedastic,0,1.0,0.1,mknn,eu_group1,0.37294776119402984,
homoscedastic,0,1.0,0.1,mknn,eu_id,0.37294776119402984,0.9393939393939393
homoscedastic,0,1.0,0.1,mknn,eu_heldout,0.37294776119402984,0.4545454545454545
homoscedastic,0,1.0,0.1,predictivity,eu_agreement,0.4878034809650872,0.8303030303030302
homoscedastic,0,1.0,0.1,predictivity,acquisition_overlap,0.4878034809650872,0.7508580949739296
homoscedastic,0,1.0,0.1,predictivity,eu_group0,0.4878034809650872,0.8303030303030302
homoscedastic,0,1.0,0.1,predictivity,eu_group1,0.4878034809650872,
homoscedastic,0,1.0,0.1,predictivity,eu_id,0.4878034809650872,0.7696969696969697
homoscedastic,0,1.0,0.1,predictivity,eu_heldout,0.4878034809650872,0.6606060606060605
homoscedastic,0,1.0,0.1,cca_type,eu_agreement,8.437653353787766e-09,0.9030303030303028
homoscedastic,0,1.0,0.1,cca_type,acquisition_overlap,8.437653353787766e-09,0.8554858623063625
homoscedastic,0,1.0,0.1,cca_type,eu_group0,8.437653353787766e-09,0.9030303030303028
homoscedastic,0,1.0,0.1,cca_type,eu_group1,8.437653353787766e-09,
homoscedastic,0,1.0,0.1,cca_type,eu_id,8.437653353787766e-09,0.8909090909090909
homoscedastic,0,1.0,0.1,cca_type,eu_heldout,8.437653353787766e-09,0.5515151515151515
homoscedastic,0,1.0,0.1,smoother_001,eu_agreement,0.04853056055852445,0.9030303030303028
homoscedastic,0,1.0,0.1,smoother_001,acquisition_overlap,0.04853056055852445,0.8554858623063625
homoscedastic,0,1.0,0.1,smoother_001,eu_group0,0.04853056055852445,0.9030303030303028
homoscedastic,0,1.0,0.1,smoother_001,eu_group1,0.04853056055852445,
homoscedastic,0,1.0,0.1,smoother_001,eu_id,0.04853056055852445,0.8909090909090909
homoscedastic,0,1.0,0.1,smoother_001,eu_heldout,0.04853056055852445,0.5515151515151515
homoscedastic,0,1.0,0.1,smoother_1,eu_agreement,0.19267066140563038,0.9393939393939393
homoscedastic,0,1.0,0.1,smoother_1,acquisition_overlap,0.19267066140563038,0.8493312877573959
homoscedastic,0,1.0,0.1,smoother_1,eu_group0,0.19267066140563038,0.9393939393939393
homoscedastic,0,1.0,0.1,smoother_1,eu_group1,0.19267066140563038,
homoscedastic,0,1.0,0.1,smoother_1,eu_id,0.19267066140563038,0.9151515151515152
homoscedastic,0,1.0,0.1,smoother_1,eu_heldout,0.19267066140563038,0.5757575757575757
homoscedastic,0,1.0,0.25,cka,eu_agreement,0.5596952572765681,0.9393939393939393
homoscedastic,0,1.0,0.25,cka,acquisition_overlap,0.5596952572765681,0.9422535927041001
homoscedastic,0,1.0,0.25,cka,eu_group0,0.5596952572765681,0.9393939393939393
homoscedastic,0,1.0,0.25,cka,eu_group1,0.5596952572765681,
homoscedastic,0,1.0,0.25,cka,eu_id,0.5596952572765681,0.9393939393939393
homoscedastic,0,1.0,0.25,cka,eu_heldout,0.5596952572765681,0.2606060606060606
homoscedastic,0,1.0,0.25,mknn,eu_agreement,0.37294776119402984,0.9393939393939393
homoscedastic,0,1.0,0.25,mknn,acquisition_overlap,0.37294776119402984,0.9422535927041001
homoscedastic,0,1.0,0.25,mknn,eu_group0,0.37294776119402984,0.9393939393939393
homoscedastic,0,1.0,0.25,mknn,eu_group1,0.37294776119402984,
homoscedastic,0,1.0,0.25,mknn,eu_id,0.37294776119402984,0.9393939393939393
homoscedastic,0,1.0,0.25,mknn,eu_heldout,0.37294776119402984,0.2606060606060606
homoscedastic,0,1.0,0.25,predictivity,eu_agreement,0.4878034809650872,0.709090909090909
homoscedastic,0,1.0,0.25,predictivity,acquisition_overlap,0.4878034809650872,0.6626170426112704
homoscedastic,0,1.0,0.25,predictivity,eu_group0,0.4878034809650872,0.709090909090909
homoscedastic,0,1.0,0.25,predictivity,eu_group1,0.4878034809650872,
homoscedastic,0,1.0,0.25,predictivity,eu_id,0.4878034809650872,0.709090909090909
homoscedastic,0,1.0,0.25,predictivity,eu_heldout,0.4878034809650872,0.3696969696969697
homoscedastic,0,1.0,0.25,cca_type,eu_agreement,8.437653353787766e-09,0.8424242424242423
homoscedastic,0,1.0,0.25,cca_type,acquisition_overlap,8.437653353787766e-09,0.790277206784084
homoscedastic,0,1.0,0.25,cca_type,eu_group0,8.437653353787766e-09,0.8424242424242423
homoscedastic,0,1.0,0.25,cca_type,eu_group1,8.437653353787766e-09,
homoscedastic,0,1.0,0.25,cca_type,eu_id,8.437653353787766e-09,0.8424242424242423
homoscedastic,0,1.0,0.25,cca_type,eu_heldout,8.437653353787766e-09,0.33333333333333326
homoscedastic,0,1.0,0.25,smoother_001,eu_agreement,0.04853056055852445,0.8424242424242423
homoscedastic,0,1.0,0.25,smoother_001,acquisition_overlap,0.04853056055852445,0.790277206784084
homoscedastic,0,1.0,0.25,smoother_001,eu_group0,0.04853056055852445,0.8424242424242423
homoscedastic,0,1.0,0.25,smoother_001,eu_group1,0.04853056055852445,
homoscedastic,0,1.0,0.25,smoother_001,eu_id,0.04853056055852445,0.8424242424242423
homoscedastic,0,1.0,0.25,smoother_001,eu_heldout,0.04853056055852445,0.33333333333333326
homoscedastic,0,1.0,0.25,smoother_1,eu_agreement,0.19267066140563038,0.8909090909090909
homoscedastic,0,1.0,0.25,smoother_1,acquisition_overlap,0.19267066140563038,0.9240164263936983
homoscedastic,0,1.0,0.25,smoother_1,eu_group0,0.19267066140563038,0.8909090909090909
homoscedastic,0,1.0,0.25,smoother_1,eu_group1,0.19267066140563038,
homoscedastic,0,1.0,0.25,smoother_1,eu_id,0.19267066140563038,0.8909090909090909
homoscedastic,0,1.0,0.25,smoother_1,eu_heldout,0.19267066140563038,0.35757575757575755
homoscedastic,0,1.0,1.0,cka,eu_agreement,0.5596952572765681,0.9515151515151514
homoscedastic,0,1.0,1.0,cka,acquisition_overlap,0.5596952572765681,0.8196063584829573
homoscedastic,0,1.0,1.0,cka,eu_group0,0.5596952572765681,0.9515151515151514
homoscedastic,0,1.0,1.0,cka,eu_group1,0.5596952572765681,
homoscedastic,0,1.0,1.0,cka,eu_id,0.5596952572765681,0.9151515151515152
homoscedastic,0,1.0,1.0,cka,eu_heldout,0.5596952572765681,0.38181818181818183
homoscedastic,0,1.0,1.0,mknn,eu_agreement,0.37294776119402984,0.9515151515151514
homoscedastic,0,1.0,1.0,mknn,acquisition_overlap,0.37294776119402984,0.8196063584829573
homoscedastic,0,1.0,1.0,mknn,eu_group0,0.37294776119402984,0.9515151515151514
homoscedastic,0,1.0,1.0,mknn,eu_group1,0.37294776119402984,
homoscedastic,0,1.0,1.0,mknn,eu_id,0.37294776119402984,0.9151515151515152
homoscedastic,0,1.0,1.0,mknn,eu_heldout,0.37294776119402984,0.38181818181818183
homoscedastic,0,1.0,1.0,predictivity,eu_agreement,0.4878034809650872,0.7212121212121211
homoscedastic,0,1.0,1.0,predictivity,acquisition_overlap,0.4878034809650872,0.587180674734059
homoscedastic,0,1.0,1.0,predictivity,eu_group0,0.4878034809650872,0.7212121212121211
homoscedastic,0,1.0,1.0,predictivity,eu_group1,0.4878034809650872,
homoscedastic,0,1.0,1.0,predictivity,eu_id,0.4878034809650872,0.7696969696969697
homoscedastic,0,1.0,1.0,predictivity,eu_heldout,0.4878034809650872,0.5151515151515151
homoscedastic,0,1.0,1.0,cca_type,eu_agreement,8.437653353787766e-09,0.8303030303030302
homoscedastic,0,1.0,1.0,cca_type,acquisition_overlap,8.437653353787766e-09,0.7156264473321343
homoscedastic,0,1.0,1.0,cca_type,eu_group0,8.437653353787766e-09,0.8303030303030302
homoscedastic,0,1.0,1.0,cca_type,eu_group1,8.437653353787766e-09,
homoscedastic,0,1.0,1.0,cca_type,eu_id,8.437653353787766e-09,0.8060606060606059
homoscedastic,0,1.0,1.0,cca_type,eu_heldout,8.437653353787766e-09,0.23636363636363633
homoscedastic,0,1.0,1.0,smoother_001,eu_agreement,0.04853056055852445,0.8303030303030302
homoscedastic,0,1.0,1.0,smoother_001,acquisition_overlap,0.04853056055852445,0.7156264473321343
homoscedastic,0,1.0,1.0,smoother_001,eu_group0,0.04853056055852445,0.8303030303030302
homoscedastic,0,1.0,1.0,smoother_001,eu_group1,0.04853056055852445,
homoscedastic,0,1.0,1.0,smoother_001,eu_id,0.04853056055852445,0.8060606060606059
homoscedastic,0,1.0,1.0,smoother_001,eu_heldout,0.04853056055852445,0.23636363636363633
homoscedastic,0,1.0,1.0,smoother_1,eu_agreement,0.19267066140563038,0.9030303030303028
homoscedastic,0,1.0,1.0,smoother_1,acquisition_overlap,0.19267066140563038,0.8134898931211442
homoscedastic,0,1.0,1.0,smoother_1,eu_group0,0.19267066140563038,0.9030303030303028
homoscedastic,0,1.0,1.0,smoother_1,eu_group1,0.19267066140563038,
homoscedastic,0,1.0,1.0,smoother_1,eu_id,0.19267066140563038,0.8666666666666665
homoscedastic,0,1.0,1.0,smoother_1,eu_heldout,0.19267066140563038,0.38181818181818183
homoscedastic,0,10.0,0.1,cka,eu_agreement,0.5596952572765681,0.9636363636363635
homoscedastic,0,10.0,0.1,cka,acquisition_overlap,0.5596952572765681,0.8862587350511957
homoscedastic,0,10.0,0.1,cka,eu_group0,0.5596952572765681,0.9636363636363635
homoscedastic,0,10.0,0.1,cka,eu_group1,0.5596952572765681,
homoscedastic,0,10.0,0.1,cka,eu_id,0.5596952572765681,0.9393939393939393
homoscedastic,0,10.0,0.1,cka,eu_heldout,0.5596952572765681,0.4545454545454545
homoscedastic,0,10.0,0.1,mknn,eu_agreement,0.37294776119402984,0.9636363636363635
homoscedastic,0,10.0,0.1,mknn,acquisition_overlap,0.37294776119402984,0.8862587350511957
homoscedastic,0,10.0,0.1,mknn,eu_group0,0.37294776119402984,0.9636363636363635
homoscedastic,0,10.0,0.1,mknn,eu_group1,0.37294776119402984,
homoscedastic,0,10.0,0.1,mknn,eu_id,0.37294776119402984,0.9393939393939393
homoscedastic,0,10.0,0.1,mknn,eu_heldout,0.37294776119402984,0.4545454545454545
homoscedastic,0,10.0,0.1,predictivity,eu_agreement,0.4878034809650872,0.8303030303030302
homoscedastic,0,10.0,0.1,predictivity,acquisition_overlap,0.4878034809650872,0.7508580949739296
homoscedastic,0,10.0,0.1,predictivity,eu_group0,0.4878034809650872,0.8303030303030302
homoscedastic,0,10.0,0.1,predictivity,eu_group1,0.4878034809650872,
homoscedastic,0,10.0,0.1,predictivity,eu_id,0.4878034809650872,0.7696969696969697
homoscedastic,0,10.0,0.1,predictivity,eu_heldout,0.4878034809650872,0.6606060606060605
homoscedastic,0,10.0,0.1,cca_type,eu_agreement,8.437653353787766e-09,0.9030303030303028
homoscedastic,0,10.0,0.1,cca_type,acquisition_overlap,8.437653353787766e-09,0.8554858623063625
homoscedastic,0,10.0,0.1,cca_type,eu_group0,8.437653353787766e-09,0.9030303030303028
homoscedastic,0,10.0,0.1,cca_type,eu_group1,8.437653353787766e-09,
homoscedastic,0,10.0,0.1,cca_type,eu_id,8.437653353787766e-09,0.8909090909090909
homoscedastic,0,10.0,0.1,cca_type,eu_heldout,8.437653353787766e-09,0.5515151515151515
homoscedastic,0,10.0,0.1,smoother_001,eu_agreement,0.04853056055852445,0.9030303030303028
homoscedastic,0,10.0,0.1,smoother_001,acquisition_overlap,0.04853056055852445,0.8554858623063625
homoscedastic,0,10.0,0.1,smoother_001,eu_group0,0.04853056055852445,0.9030303030303028
homoscedastic,0,10.0,0.1,smoother_001,eu_group1,0.04853056055852445,
homoscedastic,0,10.0,0.1,smoother_001,eu_id,0.04853056055852445,0.8909090909090909
homoscedastic,0,10.0,0.1,smoother_001,eu_heldout,0.04853056055852445,0.5515151515151515
homoscedastic,0,10.0,0.1,smoother_1,eu_agreement,0.19267066140563038,0.9393939393939393
homoscedastic,0,10.0,0.1,smoother_1,acquisition_overlap,0.19267066140563038,0.8493312877573959
homoscedastic,0,10.0,0.1,smoother_1,eu_group0,0.19267066140563038,0.9393939393939393
homoscedastic,0,10.0,0.1,smoother_1,eu_group1,0.19267066140563038,
homoscedastic,0,10.0,0.1,smoother_1,eu_id,0.19267066140563038,0.9151515151515152
homoscedastic,0,10.0,0.1,smoother_1,eu_heldout,0.19267066140563038,0.5757575757575757
homoscedastic,0,10.0,0.25,cka,eu_agreement,0.5596952572765681,0.9393939393939393
homoscedastic,0,10.0,0.25,cka,acquisition_overlap,0.5596952572765681,0.9422535927041001
homoscedastic,0,10.0,0.25,cka,eu_group0,0.5596952572765681,0.9393939393939393
homoscedastic,0,10.0,0.25,cka,eu_group1,0.5596952572765681,
homoscedastic,0,10.0,0.25,cka,eu_id,0.5596952572765681,0.9393939393939393
homoscedastic,0,10.0,0.25,cka,eu_heldout,0.5596952572765681,0.2606060606060606
homoscedastic,0,10.0,0.25,mknn,eu_agreement,0.37294776119402984,0.9393939393939393
homoscedastic,0,10.0,0.25,mknn,acquisition_overlap,0.37294776119402984,0.9422535927041001
homoscedastic,0,10.0,0.25,mknn,eu_group0,0.37294776119402984,0.9393939393939393
homoscedastic,0,10.0,0.25,mknn,eu_group1,0.37294776119402984,
homoscedastic,0,10.0,0.25,mknn,eu_id,0.37294776119402984,0.9393939393939393
homoscedastic,0,10.0,0.25,mknn,eu_heldout,0.37294776119402984,0.2606060606060606
homoscedastic,0,10.0,0.25,predictivity,eu_agreement,0.4878034809650872,0.709090909090909
homoscedastic,0,10.0,0.25,predictivity,acquisition_overlap,0.4878034809650872,0.6626170426112704
homoscedastic,0,10.0,0.25,predictivity,eu_group0,0.4878034809650872,0.709090909090909
homoscedastic,0,10.0,0.25,predictivity,eu_group1,0.4878034809650872,
homoscedastic,0,10.0,0.25,predictivity,eu_id,0.4878034809650872,0.709090909090909
homoscedastic,0,10.0,0.25,predictivity,eu_heldout,0.4878034809650872,0.3696969696969697
homoscedastic,0,10.0,0.25,cca_type,eu_agreement,8.437653353787766e-09,0.8424242424242423
homoscedastic,0,10.0,0.25,cca_type,acquisition_overlap,8.437653353787766e-09,0.790277206784084
homoscedastic,0,10.0,0.25,cca_type,eu_group0,8.437653353787766e-09,0.8424242424242423
homoscedastic,0,10.0,0.25,cca_type,eu_group1,8.437653353787766e-09,
homoscedastic,0,10.0,0.25,cca_type,eu_id,8.437653353787766e-09,0.8424242424242423
homoscedastic,0,10.0,0.25,cca_type,eu_heldout,8.437653353787766e-09,0.33333333333333326
homoscedastic,0,10.0,0.25,smoother_001,eu_agreement,0.04853056055852445,0.8424242424242423
homoscedastic,0,10.0,0.25,smoother_001,acquisition_overlap,0.04853056055852445,0.790277206784084
homoscedastic,0,10.0,0.25,smoother_001,eu_group0,0.04853056055852445,0.8424242424242423
homoscedastic,0,10.0,0.25,smoother_001,eu_group1,0.04853056055852445,
homoscedastic,0,10.0,0.25,smoother_001,eu_id,0.04853056055852445,0.8424242424242423
homoscedastic,0,10.0,0.25,smoother_001,eu_heldout,0.04853056055852445,0.33333333333333326
homoscedastic,0,10.0,0.25,smoother_1,eu_agreement,0.19267066140563038,0.8909090909090909
homoscedastic,0,10.0,0.25,smoother_1,acquisition_overlap,0.19267066140563038,0.9240164263936983
homoscedastic,0,10.0,0.25,smoother_1,eu_group0,0.19267066140563038,0.8909090909090909
homoscedastic,0,10.0,0.25,smoother_1,eu_group1,0.19267066140563038,
homoscedastic,0,10.0,0.25,smoother_1,eu_id,0.19267066140563038,0.8909090909090909
homoscedastic,0,10.0,0.25,smoother_1,eu_heldout,0.19267066140563038,0.35757575757575755
homoscedastic,0,10.0,1.0,cka,eu_agreement,0.5596952572765681,0.9393939393939393
homoscedastic,0,10.0,1.0,cka,acquisition_overlap,0.5596952572765681,0.8650957979871867
homoscedastic,0,10.0,1.0,cka,eu_group0,0.5596952572765681,0.9393939393939393
homoscedastic,0,10.0,1.0,cka,eu_group1,0.5596952572765681,
homoscedastic,0,10.0,1.0,cka,eu_id,0.5596952572765681,0.9151515151515152
homoscedastic,0,10.0,1.0,cka,eu_heldout,0.5596952572765681,0.38181818181818183
homoscedastic,0,10.0,1.0,mknn,eu_agreement,0.37294776119402984,0.9393939393939393
homoscedastic,0,10.0,1.0,mknn,acquisition_overlap,0.37294776119402984,0.8650957979871867
homoscedastic,0,10.0,1.0,mknn,eu_group0,0.37294776119402984,0.9393939393939393
homoscedastic,0,10.0,1.0,mknn,eu_group1,0.37294776119402984,
homoscedastic,0,10.0,1.0,mknn,eu_id,0.37294776119402984,0.9151515151515152
homoscedastic,0,10.0,1.0,mknn,eu_heldout,0.37294776119402984,0.38181818181818183
homoscedastic,0,10.0,1.0,predictivity,eu_agreement,0.4878034809650872,0.7333333333333332
homoscedastic,0,10.0,1.0,predictivity,acquisition_overlap,0.4878034809650872,0.6012722567570518
homoscedastic,0,10.0,1.0,predictivity,eu_group0,0.4878034809650872,0.7333333333333332
homoscedastic,0,10.0,1.0,predictivity,eu_group1,0.4878034809650872,
homoscedastic,0,10.0,1.0,predictivity,eu_id,0.4878034809650872,0.7696969696969697
homoscedastic,0,10.0,1.0,predictivity,eu_heldout,0.4878034809650872,0.5151515151515151
homoscedastic,0,10.0,1.0,cca_type,eu_agreement,8.437653353787766e-09,0.8545454545454544
homoscedastic,0,10.0,1.0,cca_type,acquisition_overlap,8.437653353787766e-09,0.779199761307608
homoscedastic,0,10.0,1.0,cca_type,eu_group0,8.437653353787766e-09,0.8545454545454544
homoscedastic,0,10.0,1.0,cca_type,eu_group1,8.437653353787766e-09,
homoscedastic,0,10.0,1.0,cca_type,eu_id,8.437653353787766e-09,0.8060606060606059
homoscedastic,0,10.0,1.0,cca_type,eu_heldout,8.437653353787766e-09,0.23636363636363633
homoscedastic,0,10.0,1.0,smoother_001,eu_agreement,0.04853056055852445,0.8545454545454544
homoscedastic,0,10.0,1.0,smoother_001,acquisition_overlap,0.04853056055852445,0.779199761307608
homoscedastic,0,10.0,1.0,smoother_001,eu_group0,0.04853056055852445,0.8545454545454544
homoscedastic,0,10.0,1.0,smoother_001,eu_group1,0.04853056055852445,
homoscedastic,0,10.0,1.0,smoother_001,eu_id,0.04853056055852445,0.8060606060606059
homoscedastic,0,10.0,1.0,smoother_001,eu_heldout,0.04853056055852445,0.23636363636363633
homoscedastic,0,10.0,1.0,smoother_1,eu_agreement,0.19267066140563038,0.9151515151515152
homoscedastic,0,10.0,1.0,smoother_1,acquisition_overlap,0.19267066140563038,0.8650957979871867
homoscedastic,0,10.0,1.0,smoother_1,eu_group0,0.19267066140563038,0.9151515151515152
homoscedastic,0,10.0,1.0,smoother_1,eu_group1,0.19267066140563038,
homoscedastic,0,10.0,1.0,smoother_1,eu_id,0.19267066140563038,0.8666666666666665
homoscedastic,0,10.0,1.0,smoother_1,eu_heldout,0.19267066140563038,0.38181818181818183
homoscedastic,1,0.1,0.1,cka,eu_agreement,0.5651695304947039,0.9393939393939393
homoscedastic,1,0.1,0.1,cka,acquisition_overlap,0.5651695304947039,0.859772080979937
homoscedastic,1,0.1,0.1,cka,eu_group0,0.5651695304947039,0.9393939393939393
homoscedastic,1,0.1,0.1,cka,eu_group1,0.5651695304947039,
homoscedastic,1,0.1,0.1,cka,eu_id,0.5651695304947039,0.9393939393939393
homoscedastic,1,0.1,0.1,cka,eu_heldout,0.5651695304947039,0.49090909090909085
homoscedastic,1,0.1,0.1,mknn,eu_agreement,0.35970149253731354,0.9393939393939393
homoscedastic,1,0.1,0.1,mknn,acquisition_overlap,0.35970149253731354,0.859772080979937
homoscedastic,1,0.1,0.1,mknn,eu_group0,0.35970149253731354,0.9393939393939393
homoscedastic,1,0.1,0.1,mknn,eu_group1,0.35970149253731354,
homoscedastic,1,0.1,0.1,mknn,eu_id,0.35970149253731354,0.9393939393939393
homoscedastic,1,0.1,0.1,mknn,eu_heldout,0.35970149253731354,0.49090909090909085
homoscedastic,1,0.1,0.1,predictivity,eu_agreement,0.4366421997149912,0.7818181818181817
homoscedastic,1,0.1,0.1,predictivity,acquisition_overlap,0.4366421997149912,0.579279061653149
homoscedastic,1,0.1,0.1,predictivity,eu_group0,0.4366421997149912,0.7818181818181817
homoscedastic,1,0.1,0.1,predictivity,eu_group1,0.4366421997149912,
homoscedastic,1,0.1,0.1,predictivity,eu_id,0.4366421997149912,0.7818181818181817
homoscedastic,1,0.1,0.1,predictivity,eu_heldout,0.4366421997149912,0.5878787878787878
homoscedastic,1,0.1,0.1,cca_type,eu_agreement,8.772509163534892e-09,0.8909090909090909
homoscedastic,1,0.1,0.1,cca_type,acquisition_overlap,8.772509163534892e-09,0.8231860349807906
homoscedastic,1,0.1,0.1,cca_type,eu_group0,8.772509163534892e-09,0.8909090909090909
homoscedastic,1,0.1,0.1,cca_type,eu_group1,8.772509163534892e-09,
homoscedastic,1,0.1,0.1,cca_type,eu_id,8.772509163534892e-09,0.8909090909090909
homoscedastic,1,0.1,0.1,cca_type,eu_heldout,8.772509163534892e-09,0.4545454545454545
homoscedastic,1,0.1,0.1,smoother_001,eu_agreement,0.0501687347832146,0.8909090909090909
homoscedastic,1,0.1,0.1,smoother_001,acquisition_overlap,0.0501687347832146,0.8231860349807906
homoscedastic,1,0.1,0.1,smoother_001,eu_group0,0.0501687347832146,0.8909090909090909
homoscedastic,1,0.1,0.1,smoother_001,eu_group1,0.0501687347832146,
homoscedastic,1,0.1,0.1,smoother_001,eu_id,0.0501687347832146,0.8909090909090909
homoscedastic,1,0.1,0.1,smoother_001,eu_heldout,0.0501687347832146,0.4545454545454545
homoscedastic,1,0.1,0.1,smoother_1,eu_agreement,0.1939549404325912,0.9151515151515152
homoscedastic,1,0.1,0.1,smoother_1,acquisition_overlap,0.1939549404325912,0.8963581269790831
homoscedastic,1,0.1,0.1,smoother_1,eu_group0,0.1939549404325912,0.9151515151515152
homoscedastic,1,0.1,0.1,smoother_1,eu_group1,0.1939549404325912,
homoscedastic,1,0.1,0.1,smoother_1,eu_id,0.1939549404325912,0.9151515151515152
homoscedastic,1,0.1,0.1,smoother_1,eu_heldout,0.1939549404325912,0.6121212121212121
homoscedastic,1,0.1,0.25,cka,eu_agreement,0.5651695304947039,0.9515151515151514
homoscedastic,1,0.1,0.25,cka,acquisition_overlap,0.5651695304947039,0.8181818181818182
homoscedastic,1,0.1,0.25,cka,eu_group0,0.5651695304947039,0.9515151515151514
homoscedastic,1,0.1,0.25,cka,eu_group1,0.5651695304947039,
homoscedastic,1,0.1,0.25,cka,eu_id,0.5651695304947039,0.9393939393939393
homoscedastic,1,0.1,0.25,cka,eu_heldout,0.5651695304947039,0.4424242424242424
homoscedastic,1,0.1,0.25,mknn,eu_agreement,0.35970149253731354,0.9515151515151514
homoscedastic,1,0.1,0.25,mknn,acquisition_overlap,0.35970149253731354,0.8181818181818182
homoscedastic,1,0.1,0.25,mknn,eu_group0,0.35970149253731354,0.9515151515151514
homoscedastic,1,0.1,0.25,mknn,eu_group1,0.35970149253731354,
homoscedastic,1,0.1,0.25,mknn,eu_id,0.35970149253731354,0.9393939393939393
homoscedastic,1,0.1,0.25,mknn,eu_heldout,0.35970149253731354,0.4424242424242424
homoscedastic,1,0.1,0.25,predictivity,eu_agreement,0.4366421997149912,0.7212121212121211
homoscedastic,1,0.1,0.25,predictivity,acquisition_overlap,0.4366421997149912,0.6121212121212121
homoscedastic,1,0.1,0.25,predictivity,eu_group0,0.4366421997149912,0.7212121212121211
homoscedastic,1,0.1,0.25,predictivity,eu_group1,0.4366421997149912,
homoscedastic,1,0.1,0.25,predictivity,eu_id,0.4366421997149912,0.709090909090909
homoscedastic,1,0.1,0.25,predictivity,eu_heldout,0.4366421997149912,0.6848484848484848
homoscedastic,1,0.1,0.25,cca_type,eu_agreement,8.772509163534892e-09,0.8303030303030302
homoscedastic,1,0.1,0.25,cca_type,acquisition_overlap,8.772509163534892e-09,0.6727272727272726
homoscedastic,1,0.1,0.25,cca_type,eu_group0,8.772509163534892e-09,0.8303030303030302
homoscedastic,1,0.1,0.25,cca_type,eu_group1,8.772509163534892e-09,
homoscedastic,1,0.1,0.25,cca_type,eu_id,8.772509163534892e-09,0.8424242424242423
homoscedastic,1,0.1,0.25,cca_type,eu_heldout,8.772509163534892e-09,0.43030303030303024
homoscedastic,1,0.1,0.25,smoother_001,eu_agreement,0.0501687347832146,0.8303030303030302
homoscedastic,1,0.1,0.25,smoother_001,acquisition_overlap,0.0501687347832146,0.6727272727272726
homoscedastic,1,0.1,0.25,smoother_001,eu_group0,0.0501687347832146,0.8303030303030302
homoscedastic,1,0.1,0.25,smoother_001,eu_group1,0.0501687347832146,
homoscedastic,1,0.1,0.25,smoother_001,eu_id,0.0501687347832146,0.8424242424242423
homoscedastic,1,0.1,0.25,smoother_001,eu_heldout,0.0501687347832146,0.43030303030303024
homoscedastic,1,0.1,0.25,smoother_1,eu_agreement,0.1939549404325912,0.9030303030303028
homoscedastic,1,0.1,0.25,smoother_1,acquisition_overlap,0.1939549404325912,0.8303030303030302
homoscedastic,1,0.1,0.25,smoother_1,eu_group0,0.1939549404325912,0.9030303030303028
homoscedastic,1,0.1,0.25,smoother_1,eu_group1,0.1939549404325912,
homoscedastic,1,0.1,0.25,smoother_1,eu_id,0.1939549404325912,0.8909090909090909
homoscedastic,1,0.1,0.25,smoother_1,eu_heldout,0.1939549404325912,0.5393939393939393
homoscedastic,1,0.1,1.0,cka,eu_agreement,0.5651695304947039,0.9515151515151514
homoscedastic,1,0.1,1.0,cka,acquisition_overlap,0.5651695304947039,0.8875420937728943
homoscedastic,1,0.1,1.0,cka,eu_group0,0.5651695304947039,0.9515151515151514
homoscedastic,1,0.1,1.0,cka,eu_group1,0.5651695304947039,
homoscedastic,1,0.1,1.0,cka,eu_id,0.5651695304947039,0.9151515151515152
homoscedastic,1,0.1,1.0,cka,eu_heldout,0.5651695304947039,0.41818181818181815
homoscedastic,1,0.1,1.0,mknn,eu_agreement,0.35970149253731354,0.9515151515151514
homoscedastic,1,0.1,1.0,mknn,acquisition_overlap,0.35970149253731354,0.8875420937728943
homoscedastic,1,0.1,1.0,mknn,eu_group0,0.35970149253731354,0.9515151515151514
homoscedastic,1,0.1,1.0,mknn,eu_group1,0.35970149253731354,
homoscedastic,1,0.1,1.0,mknn,eu_id,0.35970149253731354,0.9151515151515152
homoscedastic,1,0.1,1.0,mknn,eu_heldout,0.35970149253731354,0.41818181818181815
homoscedastic,1,0.1,1.0,predictivity,eu_agreement,0.4366421997149912,0.7212121212121211
homoscedastic,1,0.1,1.0,predictivity,acquisition_overlap,0.4366421997149912,0.6504589317376691
homoscedastic,1,0.1,1.0,predictivity,eu_group0,0.4366421997149912,0.7212121212121211
homoscedastic,1,0.1,1.0,predictivity,eu_group1,0.4366421997149912,
homoscedastic,1,0.1,1.0,predictivity,eu_id,0.4366421997149912,0.7818181818181817
homoscedastic,1,0.1,1.0,predictivity,eu_heldout,0.4366421997149912,0.3696969696969697
homoscedastic,1,0.1,1.0,cca_type,eu_agreement,8.772509163534892e-09,0.8303030303030302
homoscedastic,1,0.1,1.0,cca_type,acquisition_overlap,8.772509163534892e-09,0.7598819296000807
homoscedastic,1,0.1,1.0,cca_type,eu_group0,8.772509163534892e-09,0.8303030303030302
homoscedastic,1,0.1,1.0,cca_type,eu_group1,8.772509163534892e-09,
homoscedastic,1,0.1,1.0,cca_type,eu_id,8.772509163534892e-09,0.8060606060606059
homoscedastic,1,0.1,1.0,cca_type,eu_heldout,8.772509163534892e-09,0.43030303030303024
homoscedastic,1,0.1,1.0,smoother_001,eu_agreement,0.0501687347832146,0.8303030303030302
homoscedastic,1,0.1,1.0,smoother_001,acquisition_overlap,0.0501687347832146,0.7598819296000807
homoscedastic,1,0.1,1.0,smoother_001,eu_group0,0.0501687347832146,0.8303030303030302
homoscedastic,1,0.1,1.0,smoother_001,eu_group1,0.0501687347832146,
homoscedastic,1,0.1,1.0,smoother_001,eu_id,0.0501687347832146,0.8060606060606059
homoscedastic,1,0.1,1.0,smoother_001,eu_heldout,0.0501687347832146,0.43030303030303024
homoscedastic,1,0.1,1.0,smoother_1,eu_agreement,0.1939549404325912,0.9030303030303028
homoscedastic,1,0.1,1.0,smoother_1,acquisition_overlap,0.1939549404325912,0.8753839828992931
homoscedastic,1,0.1,1.0,smoother_1,eu_group0,0.1939549404325912,0.9030303030303028
homoscedastic,1,0.1,1.0,smoother_1,eu_group1,0.1939549404325912,
homoscedastic,1,0.1,1.0,smoother_1,eu_id,0.1939549404325912,0.8666666666666665
homoscedastic,1,0.1,1.0,smoother_1,eu_heldout,0.1939549404325912,0.35757575757575755
homoscedastic,1,1.0,0.1,cka,eu_agreement,0.5651695304947039,0.9393939393939393
homoscedastic,1,1.0,0.1,cka,acquisition_overlap,0.5651695304947039,0.8510677611520905
homoscedastic,1,1.0,0.1,cka,eu_group0,0.5651695304947039,0.9393939393939393
homoscedastic,1,1.0,0.1,cka,eu_group1,0.5651695304947039,
homoscedastic,1,1.0,0.1,cka,eu_id,0.5651695304947039,0.9393939393939393
homoscedastic,1,1.0,0.1,cka,eu_heldout,0.5651695304947039,0.49090909090909085
homoscedastic,1,1.0,0.1,mknn,eu_agreement,0.35970149253731354,0.9393939393939393
homoscedastic,1,1.0,0.1,mknn,acquisition_overlap,0.35970149253731354,0.8510677611520905
homoscedastic,1,1.0,0.1,mknn,eu_group0,0.35970149253731354,0.9393939393939393
homoscedastic,1,1.0,0.1,mknn,eu_group1,0.35970149253731354,
homoscedastic,1,1.0,0.1,mknn,eu_id,0.35970149253731354,0.9393939393939393
homoscedastic,1,1.0,0.1,mknn,eu_heldout,0.35970149253731354,0.49090909090909085
homoscedastic,1,1.0,0.1,predictivity,eu_agreement,0.4366421997149912,0.7818181818181817
homoscedastic,1,1.0,0.1,predictivity,acquisition_overlap,0.4366421997149912,0.5835893219328621
homoscedastic,1,1.0,0.1,predictivity,eu_group0,0.4366421997149912,0.7818181818181817
homoscedastic,1,1.0,0.1,predictivity,eu_group1,0.4366421997149912,
homoscedastic,1,1.0,0.1,predictivity,eu_id,0.4366421997149912,0.7818181818181817
homoscedastic,1,1.0,0.1,predictivity,eu_heldout,0.4366421997149912,0.5878787878787878
homoscedastic,1,1.0,0.1,cca_type,eu_agreement,8.772509163534892e-09,0.8909090909090909
homoscedastic,1,1.0,0.1,cca_type,acquisition_overlap,8.772509163534892e-09,0.8024353176576852
homoscedastic,1,1.0,0.1,cca_type,eu_group0,8.772509163534892e-09,0.8909090909090909
homoscedastic,1,1.0,0.1,cca_type,eu_group1,8.772509163534892e-09,
homoscedastic,1,1.0,0.1,cca_type,eu_id,8.772509163534892e-09,0.8909090909090909
homoscedastic,1,1.0,0.1,cca_type,eu_heldout,8.772509163534892e-09,0.4545454545454545
homoscedastic,1,1.0,0.1,smoother_001,eu_agreement,0.0501687347832146,0.8909090909090909
homoscedastic,1,1.0,0.1,smoother_001,acquisition_overlap,0.0501687347832146,0.8024353176576852
homoscedastic,1,1.0,0.1,smoother_001,eu_group0,0.0501687347832146,0.8909090909090909
homoscedastic,1,1.0,0.1,smoother_001,eu_group1,0.0501687347832146,
homoscedastic,1,1.0,0.1,smoother_001,eu_id,0.0501687347832146,0.8909090909090909
homoscedastic,1,1.0,0.1,smoother_001,eu_heldout,0.0501687347832146,0.4545454545454545
homoscedastic,1,1.0,0.1,smoother_1,eu_agreement,0.1939549404325912,0.9151515151515152
homoscedastic,1,1.0,0.1,smoother_1,acquisition_overlap,0.1939549404325912,0.8814630383360936
homoscedastic,1,1.0,0.1,smoother_1,eu_group0,0.1939549404325912,0.9151515151515152
homoscedastic,1,1.0,0.1,smoother_1,eu_group1,0.1939549404325912,
homoscedastic,1,1.0,0.1,smoother_1,eu_id,0.1939549404325912,0.9151515151515152
homoscedastic,1,1.0,0.1,smoother_1,eu_heldout,0.1939549404325912,0.6121212121212121
homoscedastic,1,1.0,0.25,cka,eu_agreement,0.5651695304947039,0.9515151515151514
homoscedastic,1,1.0,0.25,cka,acquisition_overlap,0.5651695304947039,0.8181818181818182
homoscedastic,1,1.0,0.25,cka,eu_group0,0.5651695304947039,0.9515151515151514
homoscedastic,1,1.0,0.25,cka,eu_group1,0.5651695304947039,
homoscedastic,1,1.0,0.25,cka,eu_id,0.5651695304947039,0.9393939393939393
homoscedastic,1,1.0,0.25,cka,eu_heldout,0.5651695304947039,0.49090909090909085
homoscedastic,1,1.0,0.25,mknn,eu_agreement,0.35970149253731354,0.9515151515151514
homoscedastic,1,1.0,0.25,mknn,acquisition_overlap,0.35970149253731354,0.8181818181818182
homoscedastic,1,1.0,0.25,mknn,eu_group0,0.35970149253731354,0.9515151515151514
homoscedastic,1,1.0,0.25,mknn,eu_group1,0.35970149253731354,
homoscedastic,1,1.0,0.25,mknn,eu_id,0.35970149253731354,0.9393939393939393
homoscedastic,1,1.0,0.25,mknn,eu_heldout,0.35970149253731354,0.49090909090909085
homoscedastic,1,1.0,0.25,predictivity,eu_agreement,0.4366421997149912,0.7212121212121211
homoscedastic,1,1.0,0.25,predictivity,acquisition_overlap,0.4366421997149912,0.6121212121212121
homoscedastic,1,1.0,0.25,predictivity,eu_group0,0.4366421997149912,0.7212121212121211
homoscedastic,1,1.0,0.25,predictivity,eu_group1,0.4366421997149912,
homoscedastic,1,1.0,0.25,predictivity,eu_id,0.4366421997149912,0.709090909090909
homoscedastic,1,1.0,0.25,predictivity,eu_heldout,0.4366421997149912,0.7333333333333332
homoscedastic,1,1.0,0.25,cca_type,eu_agreement,8.772509163534892e-09,0.8303030303030302
homoscedastic,1,1.0,0.25,cca_type,acquisition_overlap,8.772509163534892e-09,0.6727272727272726
homoscedastic,1,1.0,0.25,cca_type,eu_group0,8.772509163534892e-09,0.8303030303030302
homoscedastic,1,1.0,0.25,cca_type,eu_group1,8.772509163534892e-09,
homoscedastic,1,1.0,0.25,cca_type,eu_id,8.772509163534892e-09,0.8424242424242423
homoscedastic,1,1.0,0.25,cca_type,eu_heldout,8.772509163534892e-09,0.4666666666666666
homoscedastic,1,1.0,0.25,smoother_001,eu_agreement,0.0501687347832146,0.8303030303030302
homoscedastic,1,1.0,0.25,smoother_001,acquisition_overlap,0.0501687347832146,0.6727272727272726
homoscedastic,1,1.0,0.25,smoother_001,eu_group0,0.0501687347832146,0.8303030303030302
homoscedastic,1,1.0,0.25,smoother_001,eu_group1,0.0501687347832146,
homoscedastic,1,1.0,0.25,smoother_001,eu_id,0.0501687347832146,0.8424242424242423
homoscedastic,1,1.0,0.25,smoother_001,eu_heldout,0.0501687347832146,0.4666666666666666
homoscedastic,1,1.0,0.25,smoother_1,eu_agreement,0.1939549404325912,0.9030303030303028
homoscedastic,1,1.0,0.25,smoother_1,acquisition_overlap,0.1939549404325912,0.8303030303030302
homoscedastic,1,1.0,0.25,smoother_1,eu_group0,0.1939549404325912,0.9030303030303028
homoscedastic,1,1.0,0.25,smoother_1,eu_group1,0.1939549404325912,
homoscedastic,1,1.0,0.25,smoother_1,eu_id,0.1939549404325912,0.8909090909090909
homoscedastic,1,1.0,0.25,smoother_1,eu_heldout,0.1939549404325912,0.5636363636363636
homoscedastic,1,1.0,1.0,cka,eu_agreement,0.5651695304947039,0.9515151515151514
homoscedastic,1,1.0,1.0,cka,acquisition_overlap,0.5651695304947039,0.8719674296463189
homoscedastic,1,1.0,1.0,cka,eu_group0,0.5651695304947039,0.9515151515151514
homoscedastic,1,1.0,1.0,cka,eu_group1,0.5651695304947039,
homoscedastic,1,1.0,1.0,cka,eu_id,0.5651695304947039,0.9151515151515152
homoscedastic,1,1.0,1.0,cka,eu_heldout,0.5651695304947039,0.5151515151515151
homoscedastic,1,1.0,1.0,mknn,eu_agreement,0.35970149253731354,0.9515151515151514
homoscedastic,1,1.0,1.0,mknn,acquisition_overlap,0.35970149253731354,0.8719674296463189
homoscedastic,1,1.0,1.0,mknn,eu_group0,0.35970149253731354,0.9515151515151514
homoscedastic,1,1.0,1.0,mknn,eu_group1,0.35970149253731354,
homoscedastic,1,1.0,1.0,mknn,eu_id,0.35970149253731354,0.9151515151515152
homoscedastic,1,1.0,1.0,mknn,eu_heldout,0.35970149253731354,0.5151515151515151
homoscedastic,1,1.0,1.0,predictivity,eu_agreement,0.4366421997149912,0.7212121212121211
homoscedastic,1,1.0,1.0,predictivity,acquisition_overlap,0.4366421997149912,0.6158651076522952
homoscedastic,1,1.0,1.0,predictivity,eu_group0,0.4366421997149912,0.7212121212121211
homoscedastic,1,1.0,1.0,predictivity,eu_group1,0.4366421997149912,
homoscedastic,1,1.0,1.0,predictivity,eu_id,0.4366421997149912,0.7818181818181817
homoscedastic,1,1.0,1.0,predictivity,eu_heldout,0.4366421997149912,0.43030303030303024
homoscedastic,1,1.0,1.0,cca_type,eu_agreement,8.772509163534892e-09,0.8303030303030302
homoscedastic,1,1.0,1.0,cca_type,acquisition_overlap,8.772509163534892e-09,0.7744046403152623
homoscedastic,1,1.0,1.0,cca_type,eu_group0,8.772509163534892e-09,0.8303030303030302
homoscedastic,1,1.0,1.0,cca_type,eu_group1,8.772509163534892e-09,
homoscedastic,1,1.0,1.0,cca_type,eu_id,8.772509163534892e-09,0.8060606060606059
homoscedastic,1,1.0,1.0,cca_type,eu_heldout,8.772509163534892e-09,0.41818181818181815
homoscedastic,1,1.0,1.0,smoother_001,eu_agreement,0.0501687347832146,0.8303030303030302
homoscedastic,1,1.0,1.0,smoother_001,acquisition_overlap,0.0501687347832146,0.7744046403152623
homoscedastic,1,1.0,1.0,smoother_001,eu_group0,0.0501687347832146,0.8303030303030302
homoscedastic,1,1.0,1.0,smoother_001,eu_group1,0.0501687347832146,
homoscedastic,1,1.0,1.0,smoother_001,eu_id,0.0501687347832146,0.8060606060606059
homoscedastic,1,1.0,1.0,smoother_001,eu_heldout,0.0501687347832146,0.41818181818181815
homoscedastic,1,1.0,1.0,smoother_1,eu_agreement,0.1939549404325912,0.9030303030303028
homoscedastic,1,1.0,1.0,smoother_1,acquisition_overlap,0.1939549404325912,0.8719674296463189
homoscedastic,1,1.0,1.0,smoother_1,eu_group0,0.1939549404325912,0.9030303030303028
homoscedastic,1,1.0,1.0,smoother_1,eu_group1,0.1939549404325912,
homoscedastic,1,1.0,1.0,smoother_1,eu_id,0.1939549404325912,0.8666666666666665
homoscedastic,1,1.0,1.0,smoother_1,eu_heldout,0.1939549404325912,0.41818181818181815
homoscedastic,1,10.0,0.1,cka,eu_agreement,0.5651695304947039,0.9393939393939393
homoscedastic,1,10.0,0.1,cka,acquisition_overlap,0.5651695304947039,0.8510677611520905
homoscedastic,1,10.0,0.1,cka,eu_group0,0.5651695304947039,0.9393939393939393
homoscedastic,1,10.0,0.1,cka,eu_group1,0.5651695304947039,
homoscedastic,1,10.0,0.1,cka,eu_id,0.5651695304947039,0.9393939393939393
homoscedastic,1,10.0,0.1,cka,eu_heldout,0.5651695304947039,0.49090909090909085
homoscedastic,1,10.0,0.1,mknn,eu_agreement,0.35970149253731354,0.9393939393939393
homoscedastic,1,10.0,0.1,mknn,acquisition_overlap,0.35970149253731354,0.8510677611520905
homoscedastic,1,10.0,0.1,mknn,eu_group0,0.35970149253731354,0.9393939393939393
homoscedastic,1,10.0,0.1,mknn,eu_group1,0.35970149253731354,
homoscedastic,1,10.0,0.1,mknn,eu_id,0.35970149253731354,0.9393939393939393
homoscedastic,1,10.0,0.1,mknn,eu_heldout,0.35970149253731354,0.49090909090909085
homoscedastic,1,10.0,0.1,predictivity,eu_agreement,0.4366421997149912,0.7818181818181817
homoscedastic,1,10.0,0.1,predictivity,acquisition_overlap,0.4366421997149912,0.5835893219328621
homoscedastic,1,10.0,0.1,predictivity,eu_group0,0.4366421997149912,0.7818181818181817
homoscedastic,1,10.0,0.1,predictivity,eu_group1,0.4366421997149912,
homoscedastic,1,10.0,0.1,predictivity,eu_id,0.4366421997149912,0.7818181818181817
homoscedastic,1,10.0,0.1,predictivity,eu_heldout,0.4366421997149912,0.5878787878787878
homoscedastic,1,10.0,0.1,cca_type,eu_agreement,8.772509163534892e-09,0.8909090909090909
homoscedastic,1,10.0,0.1,cca_type,acquisition_overlap,8.772509163534892e-09,0.8024353176576852
homoscedastic,1,10.0,0.1,cca_type,eu_group0,8.772509163534892e-09,0.8909090909090909
homoscedastic,1,10.0,0.1,cca_type,eu_group1,8.772509163534892e-09,
homoscedastic,1,10.0,0.1,cca_type,eu_id,8.772509163534892e-09,0.8909090909090909
homoscedastic,1,10.0,0.1,cca_type,eu_heldout,8.772509163534892e-09,0.4545454545454545
homoscedastic,1,10.0,0.1,smoother_001,eu_agreement,0.0501687347832146,0.8909090909090909
homoscedastic,1,10.0,0.1,smoother_001,acquisition_overlap,0.0501687347832146,0.8024353176576852
homoscedastic,1,10.0,0.1,smoother_001,eu_group0,0.0501687347832146,0.8909090909090909
homoscedastic,1,10.0,0.1,smoother_001,eu_group1,0.0501687347832146,
homoscedastic,1,10.0,0.1,smoother_001,eu_id,0.0501687347832146,0.8909090909090909
homoscedastic,1,10.0,0.1,smoother_001,eu_heldout,0.0501687347832146,0.4545454545454545
homoscedastic,1,10.0,0.1,smoother_1,eu_agreement,0.1939549404325912,0.9151515151515152
homoscedastic,1,10.0,0.1,smoother_1,acquisition_overlap,0.1939549404325912,0.8814630383360936
homoscedastic,1,10.0,0.1,smoother_1,eu_group0,0.1939549404325912,0.9151515151515152
homoscedastic,1,10.0,0.1,smoother_1,eu_group1,0.1939549404325912,
homoscedastic,1,10.0,0.1,smoother_1,eu_id,0.1939549404325912,0.9151515151515152
homoscedastic,1,10.0,0.1,smoother_1,eu_heldout,0.1939549404325912,0.6121212121212121
homoscedastic,1,10.0,0.25,cka,eu_agreement,0.5651695304947039,0.9515151515151514
homoscedastic,1,10.0,0.25,cka,acquisition_overlap,0.5651695304947039,0.8181818181818182
homoscedastic,1,10.0,0.25,cka,eu_group0,0.5651695304947039,0.9515151515151514
homoscedastic,1,10.0,0.25,cka,eu_group1,0.5651695304947039,
homoscedastic,1,10.0,0.25,cka,eu_id,0.5651695304947039,0.9393939393939393
homoscedastic,1,10.0,0.25,cka,eu_heldout,0.5651695304947039,0.49090909090909085
homoscedastic,1,10.0,0.25,mknn,eu_agreement,0.35970149253731354,0.9515151515151514
homoscedastic,1,10.0,0.25,mknn,acquisition_overlap,0.35970149253731354,0.8181818181818182
homoscedastic,1,10.0,0.25,mknn,eu_group0,0.35970149253731354,0.9515151515151514
homoscedastic,1,10.0,0.25,mknn,eu_group1,0.35970149253731354,
homoscedastic,1,10.0,0.25,mknn,eu_id,0.35970149253731354,0.9393939393939393
homoscedastic,1,10.0,0.25,mknn,eu_heldout,0.35970149253731354,0.49090909090909085
homoscedastic,1,10.0,0.25,predictivity,eu_agreement,0.4366421997149912,0.7212121212121211
homoscedastic,1,10.0,0.25,predictivity,acquisition_overlap,0.4366421997149912,0.6121212121212121
homoscedastic,1,10.0,0.25,predictivity,eu_group0,0.4366421997149912,0.7212121212121211
homoscedastic,1,10.0,0.25,predictivity,eu_group1,0.4366421997149912,
homoscedastic,1,10.0,0.25,predictivity,eu_id,0.4366421997149912,0.709090909090909
homoscedastic,1,10.0,0.25,predictivity,eu_heldout,0.4366421997149912,0.7333333333333332
homoscedastic,1,10.0,0.25,cca_type,eu_agreement,8.772509163534892e-09,0.8303030303030302
homoscedastic,1,10.0,0.25,cca_type,acquisition_overlap,8.772509163534892e-09,0.6727272727272726
homoscedastic,1,10.0,0.25,cca_type,eu_group0,8.772509163534892e-09,0.8303030303030302
homoscedastic,1,10.0,0.25,cca_type,eu_group1,8.772509163534892e-09,
homoscedastic,1,10.0,0.25,cca_type,eu_id,8.772509163534892e-09,0.8424242424242423
homoscedastic,1,10.0,0.25,cca_type,eu_heldout,8.772509163534892e-09,0.4666666666666666
homoscedastic,1,10.0,0.25,smoother_001,eu_agreement,0.0501687347832146,0.8303030303030302
homoscedastic,1,10.0,0.25,smoother_001,acquisition_overlap,0.0501687347832146,0.6727272727272726
homoscedastic,1,10.0,0.25,smoother_001,eu_group0,0.0501687347832146,0.8303030303030302
homoscedastic,1,10.0,0.25,smoother_001,eu_group1,0.0501687347832146,
homoscedastic,1,10.0,0.25,smoother_001,eu_id,0.0501687347832146,0.8424242424242423
homoscedastic,1,10.0,0.25,smoother_001,eu_heldout,0.0501687347832146,0.4666666666666666
homoscedastic,1,10.0,0.25,smoother_1,eu_agreement,0.1939549404325912,0.9030303030303028
homoscedastic,1,10.0,0.25,smoother_1,acquisition_overlap,0.1939549404325912,0.8303030303030302
homoscedastic,1,10.0,0.25,smoother_1,eu_group0,0.1939549404325912,0.9030303030303028
homoscedastic,1,10.0,0.25,smoother_1,eu_group1,0.1939549404325912,
homoscedastic,1,10.0,0.25,smoother_1,eu_id,0.1939549404325912,0.8909090909090909
homoscedastic,1,10.0,0.25,smoother_1,eu_heldout,0.1939549404325912,0.5636363636363636
homoscedastic,1,10.0,1.0,cka,eu_agreement,0.5651695304947039,0.9515151515151514
homoscedastic,1,10.0,1.0,cka,acquisition_overlap,0.5651695304947039,0.8719674296463189
homoscedastic,1,10.0,1.0,cka,eu_group0,0.5651695304947039,0.9515151515151514
homoscedastic,1,10.0,1.0,cka,eu_group1,0.5651695304947039,
homoscedastic,1,10.0,1.0,cka,eu_id,0.5651695304947039,0.9151515151515152
homoscedastic,1,10.0,1.0,cka,eu_heldout,0.5651695304947039,0.5151515151515151
homoscedastic,1,10.0,1.0,mknn,eu_agreement,0.35970149253731354,0.9515151515151514
homoscedastic,1,10.0,1.0,mknn,acquisition_overlap,0.35970149253731354,0.8719674296463189
homoscedastic,1,10.0,1.0,mknn,eu_group0,0.35970149253731354,0.9515151515151514
homoscedastic,1,10.0,1.0,mknn,eu_group1,0.35970149253731354,
homoscedastic,1,10.0,1.0,mknn,eu_id,0.35970149253731354,0.9151515151515152
homoscedastic,1,10.0,1.0,mknn,eu_heldout,0.35970149253731354,0.5151515151515151
homoscedastic,1,10.0,1.0,predictivity,eu_agreement,0.4366421997149912,0.7212121212121211
homoscedastic,1,10.0,1.0,predictivity,acquisition_overlap,0.4366421997149912,0.6158651076522952
homoscedastic,1,10.0,1.0,predictivity,eu_group0,0.4366421997149912,0.7212121212121211
homoscedastic,1,10.0,1.0,predictivity,eu_group1,0.4366421997149912,
homoscedastic,1,10.0,1.0,predictivity,eu_id,0.4366421997149912,0.7818181818181817
homoscedastic,1,10.0,1.0,predictivity,eu_heldout,0.4366421997149912,0.43030303030303024
homoscedastic,1,10.0,1.0,cca_type,eu_agreement,8.772509163534892e-09,0.8303030303030302
homoscedastic,1,10.0,1.0,cca_type,acquisition_overlap,8.772509163534892e-09,0.7744046403152623
homoscedastic,1,10.0,1.0,cca_type,eu_group0,8.772509163534892e-09,0.8303030303030302
homoscedastic,1,10.0,1.0,cca_type,eu_group1,8.772509163534892e-09,
homoscedastic,1,10.0,1.0,cca_type,eu_id,8.772509163534892e-09,0.8060606060606059
homoscedastic,1,10.0,1.0,cca_type,eu_heldout,8.772509163534892e-09,0.41818181818181815
homoscedastic,1,10.0,1.0,smoother_001,eu_agreement,0.0501687347832146,0.8303030303030302
homoscedastic,1,10.0,1.0,smoother_001,acquisition_overlap,0.0501687347832146,0.7744046403152623
homoscedastic,1,10.0,1.0,smoother_001,eu_group0,0.0501687347832146,0.8303030303030302
homoscedastic,1,10.0,1.0,smoother_001,eu_group1,0.0501687347832146,
homoscedastic,1,10.0,1.0,smoother_001,eu_id,0.0501687347832146,0.8060606060606059
homoscedastic,1,10.0,1.0,smoother_001,eu_heldout,0.0501687347832146,0.41818181818181815
homoscedastic,1,10.0,1.0,smoother_1,eu_agreement,0.1939549404325912,0.9030303030303028
homoscedastic,1,10.0,1.0,smoother_1,acquisition_overlap,0.1939549404325912,0.8719674296463189
homoscedastic,1,10.0,1.0,smoother_1,eu_group0,0.1939549404325912,0.9030303030303028
homoscedastic,1,10.0,1.0,smoother_1,eu_group1,0.1939549404325912,
homoscedastic,1,10.0,1.0,smoother_1,eu_id,0.1939549404325912,0.8666666666666665
homoscedastic,1,10.0,1.0,smoother_1,eu_heldout,0.1939549404325912,0.41818181818181815
homoscedastic,2,0.1,0.1,cka,eu_agreement,0.5559714129327102,0.9393939393939393
homoscedastic,2,0.1,0.1,cka,acquisition_overlap,0.5559714129327102,0.8440722199302098
homoscedastic,2,0.1,0.1,cka,eu_group0,0.5559714129327102,0.9393939393939393
homoscedastic,2,0.1,0.1,cka,eu_group1,0.5559714129327102,
homoscedastic,2,0.1,0.1,cka,eu_id,0.5559714129327102,0.9151515151515152
homoscedastic,2,0.1,0.1,cka,eu_heldout,0.5559714129327102,0.6606060606060605
homoscedastic,2,0.1,0.1,mknn,eu_agreement,0.34738805970149256,0.9393939393939393
homoscedastic,2,0.1,0.1,mknn,acquisition_overlap,0.34738805970149256,0.8440722199302098
homoscedastic,2,0.1,0.1,mknn,eu_group0,0.34738805970149256,0.9393939393939393
homoscedastic,2,0.1,0.1,mknn,eu_group1,0.34738805970149256,
homoscedastic,2,0.1,0.1,mknn,eu_id,0.34738805970149256,0.9151515151515152
homoscedastic,2,0.1,0.1,mknn,eu_heldout,0.34738805970149256,0.6606060606060605
homoscedastic,2,0.1,0.1,predictivity,eu_agreement,0.46849364492527373,0.8424242424242423
homoscedastic,2,0.1,0.1,predictivity,acquisition_overlap,0.46849364492527373,0.7095099819703212
homoscedastic,2,0.1,0.1,predictivity,eu_group0,0.46849364492527373,0.8424242424242423
homoscedastic,2,0.1,0.1,predictivity,eu_group1,0.46849364492527373,
homoscedastic,2,0.1,0.1,predictivity,eu_id,0.46849364492527373,0.7818181818181817
homoscedastic,2,0.1,0.1,predictivity,eu_heldout,0.46849364492527373,0.9030303030303028
homoscedastic,2,0.1,0.1,cca_type,eu_agreement,1.0533435901294297e-08,0.9393939393939393
homoscedastic,2,0.1,0.1,cca_type,acquisition_overlap,1.0533435901294297e-08,0.8257228238447705
homoscedastic,2,0.1,0.1,cca_type,eu_group0,1.0533435901294297e-08,0.9393939393939393
homoscedastic,2,0.1,0.1,cca_type,eu_group1,1.0533435901294297e-08,
homoscedastic,2,0.1,0.1,cca_type,eu_id,1.0533435901294297e-08,0.9272727272727272
homoscedastic,2,0.1,0.1,cca_type,eu_heldout,1.0533435901294297e-08,0.43030303030303024
homoscedastic,2,0.1,0.1,smoother_001,eu_agreement,0.0517360636056412,0.9393939393939393
homoscedastic,2,0.1,0.1,smoother_001,acquisition_overlap,0.0517360636056412,0.8257228238447705
homoscedastic,2,0.1,0.1,smoother_001,eu_group0,0.0517360636056412,0.9393939393939393
homoscedastic,2,0.1,0.1,smoother_001,eu_group1,0.0517360636056412,
homoscedastic,2,0.1,0.1,smoother_001,eu_id,0.0517360636056412,0.9272727272727272
homoscedastic,2,0.1,0.1,smoother_001,eu_heldout,0.0517360636056412,0.43030303030303024
homoscedastic,2,0.1,0.1,smoother_1,eu_agreement,0.19157977372738633,0.9757575757575757
homoscedastic,2,0.1,0.1,smoother_1,acquisition_overlap,0.19157977372738633,0.8685380813774621
homoscedastic,2,0.1,0.1,smoother_1,eu_group0,0.19157977372738633,0.9757575757575757
homoscedastic,2,0.1,0.1,smoother_1,eu_group1,0.19157977372738633,
homoscedastic,2,0.1,0.1,smoother_1,eu_id,0.19157977372738633,0.9515151515151514
homoscedastic,2,0.1,0.1,smoother_1,eu_heldout,0.19157977372738633,0.6121212121212121
homoscedastic,2,0.1,0.25,cka,eu_agreement,0.5559714129327102,0.9272727272727272
homoscedastic,2,0.1,0.25,cka,acquisition_overlap,0.5559714129327102,0.8181818181818182
homoscedastic,2,0.1,0.25,cka,eu_group0,0.5559714129327102,0.9272727272727272
homoscedastic,2,0.1,0.25,cka,eu_group1,0.5559714129327102,
homoscedastic,2,0.1,0.25,cka,eu_id,0.5559714129327102,0.9151515151515152
homoscedastic,2,0.1,0.25,cka,eu_heldout,0.5559714129327102,0.4545454545454545
homoscedastic,2,0.1,0.25,mknn,eu_agreement,0.34738805970149256,0.9272727272727272
homoscedastic,2,0.1,0.25,mknn,acquisition_overlap,0.34738805970149256,0.8181818181818182
homoscedastic,2,0.1,0.25,mknn,eu_group0,0.34738805970149256,0.9272727272727272
homoscedastic,2,0.1,0.25,mknn,eu_group1,0.34738805970149256,
homoscedastic,2,0.1,0.25,mknn,eu_id,0.34738805970149256,0.9151515151515152
homoscedastic,2,0.1,0.25,mknn,eu_heldout,0.34738805970149256,0.4545454545454545
homoscedastic,2,0.1,0.25,predictivity,eu_agreement,0.46849364492527373,0.7575757575757575
homoscedastic,2,0.1,0.25,predictivity,acquisition_overlap,0.46849364492527373,0.5878787878787878
homoscedastic,2,0.1,0.25,predictivity,eu_group0,0.46849364492527373,0.7575757575757575
homoscedastic,2,0.1,0.25,predictivity,eu_group1,0.46849364492527373,
homoscedastic,2,0.1,0.25,predictivity,eu_id,0.46849364492527373,0.7939393939393938
homoscedastic,2,0.1,0.25,predictivity,eu_heldout,0.46849364492527373,0.2727272727272727
homoscedastic,2,0.1,0.25,cca_type,eu_agreement,1.0533435901294297e-08,0.8666666666666665
homoscedastic,2,0.1,0.25,cca_type,acquisition_overlap,1.0533435901294297e-08,0.7575757575757575
homoscedastic,2,0.1,0.25,cca_type,eu_group0,1.0533435901294297e-08,0.8666666666666665
homoscedastic,2,0.1,0.25,cca_type,eu_group1,1.0533435901294297e-08,
homoscedastic,2,0.1,0.25,cca_type,eu_id,1.0533435901294297e-08,0.8060606060606059
homoscedastic,2,0.1,0.25,cca_type,eu_heldout,1.0533435901294297e-08,0.5757575757575757
homoscedastic,2,0.1,0.25,smoother_001,eu_agreement,0.0517360636056412,0.8666666666666665
homoscedastic,2,0.1,0.25,smoother_001,acquisition_overlap,0.0517360636056412,0.7575757575757575
homoscedastic,2,0.1,0.25,smoother_001,eu_group0,0.0517360636056412,0.8666666666666665
homoscedastic,2,0.1,0.25,smoother_001,eu_group1,0.0517360636056412,
homoscedastic,2,0.1,0.25,smoother_001,eu_id,0.0517360636056412,0.8060606060606059
homoscedastic,2,0.1,0.25,smoother_001,eu_heldout,0.0517360636056412,0.5757575757575757
homoscedastic,2,0.1,0.25,smoother_1,eu_agreement,0.19157977372738633,0.9151515151515152
homoscedastic,2,0.1,0.25,smoother_1,acquisition_overlap,0.19157977372738633,0.8303030303030302
homoscedastic,2,0.1,0.25,smoother_1,eu_group0,0.19157977372738633,0.9151515151515152
homoscedastic,2,0.1,0.25,smoother_1,eu_group1,0.19157977372738633,
homoscedastic,2,0.1,0.25,smoother_1,eu_id,0.19157977372738633,0.8787878787878788
homoscedastic,2,0.1,0.25,smoother_1,eu_heldout,0.19157977372738633,0.5878787878787878
homoscedastic,2,0.1,1.0,cka,eu_agreement,0.5559714129327102,0.9515151515151514
homoscedastic,2,0.1,1.0,cka,acquisition_overlap,0.5559714129327102,0.8868874774629015
homoscedastic,2,0.1,1.0,cka,eu_group0,0.5559714129327102,0.9515151515151514
homoscedastic,2,0.1,1.0,cka,eu_group1,0.5559714129327102,
homoscedastic,2,0.1,1.0,cka,eu_id,0.5559714129327102,0.9515151515151514
homoscedastic,2,0.1,1.0,cka,eu_heldout,0.5559714129327102,0.16363636363636364
homoscedastic,2,0.1,1.0,mknn,eu_agreement,0.34738805970149256,0.9515151515151514
homoscedastic,2,0.1,1.0,mknn,acquisition_overlap,0.34738805970149256,0.8868874774629015
homoscedastic,2,0.1,1.0,mknn,eu_group0,0.34738805970149256,0.9515151515151514
homoscedastic,2,0.1,1.0,mknn,eu_group1,0.34738805970149256,
homoscedastic,2,0.1,1.0,mknn,eu_id,0.34738805970149256,0.9515151515151514
homoscedastic,2,0.1,1.0,mknn,eu_heldout,0.34738805970149256,0.16363636363636364
homoscedastic,2,0.1,1.0,predictivity,eu_agreement,0.46849364492527373,0.7575757575757575
homoscedastic,2,0.1,1.0,predictivity,acquisition_overlap,0.46849364492527373,0.703393516608508
homoscedastic,2,0.1,1.0,predictivity,eu_group0,0.46849364492527373,0.7575757575757575
homoscedastic,2,0.1,1.0,predictivity,eu_group1,0.46849364492527373,
homoscedastic,2,0.1,1.0,predictivity,eu_id,0.46849364492527373,0.7696969696969697
homoscedastic,2,0.1,1.0,predictivity,eu_heldout,0.46849364492527373,0.22424242424242422
homoscedastic,2,0.1,1.0,cca_type,eu_agreement,1.0533435901294297e-08,0.8303030303030302
homoscedastic,2,0.1,1.0,cca_type,acquisition_overlap,1.0533435901294297e-08,0.6605782590758164
homoscedastic,2,0.1,1.0,cca_type,eu_group0,1.0533435901294297e-08,0.8303030303030302
homoscedastic,2,0.1,1.0,cca_type,eu_group1,1.0533435901294297e-08,
homoscedastic,2,0.1,1.0,cca_type,eu_id,1.0533435901294297e-08,0.7454545454545454
homoscedastic,2,0.1,1.0,cca_type,eu_heldout,1.0533435901294297e-08,0.38181818181818183
homoscedastic,2,0.1,1.0,smoother_001,eu_agreement,0.0517360636056412,0.8303030303030302
homoscedastic,2,0.1,1.0,smoother_001,acquisition_overlap,0.0517360636056412,0.6605782590758164
homoscedastic,2,0.1,1.0,smoother_001,eu_group0,0.0517360636056412,0.8303030303030302
homoscedastic,2,0.1,1.0,smoother_001,eu_group1,0.0517360636056412,
homoscedastic,2,0.1,1.0,smoother_001,eu_id,0.0517360636056412,0.7454545454545454
homoscedastic,2,0.1,1.0,smoother_001,eu_heldout,0.0517360636056412,0.38181818181818183
homoscedastic,2,0.1,1.0,smoother_1,eu_agreement,0.19157977372738633,0.9151515151515152
homoscedastic,2,0.1,1.0,smoother_1,acquisition_overlap,0.19157977372738633,0.807373427759331
homoscedastic,2,0.1,1.0,smoother_1,eu_group0,0.19157977372738633,0.9151515151515152
homoscedastic,2,0.1,1.0,smoother_1,eu_group1,0.19157977372738633,
homoscedastic,2,0.1,1.0,smoother_1,eu_id,0.19157977372738633,0.8666666666666665
homoscedastic,2,0.1,1.0,smoother_1,eu_heldout,0.19157977372738633,0.32121212121212117
homoscedastic,2,1.0,0.1,cka,eu_agreement,0.5559714129327102,0.9393939393939393
homoscedastic,2,1.0,0.1,cka,acquisition_overlap,0.5559714129327102,0.8440722199302098
homoscedastic,2,1.0,0.1,cka,eu_group0,0.5559714129327102,0.9393939393939393
homoscedastic,2,1.0,0.1,cka,eu_group1,0.5559714129327102,
homoscedastic,2,1.0,0.1,cka,eu_id,0.5559714129327102,0.9151515151515152
homoscedastic,2,1.0,0.1,cka,eu_heldout,0.5559714129327102,0.6606060606060605
homoscedastic,2,1.0,0.1,mknn,eu_agreement,0.34738805970149256,0.9393939393939393
homoscedastic,2,1.0,0.1,mknn,acquisition_overlap,0.34738805970149256,0.8440722199302098
homoscedastic,2,1.0,0.1,mknn,eu_group0,0.34738805970149256,0.9393939393939393
homoscedastic,2,1.0,0.1,mknn,eu_group1,0.34738805970149256,
homoscedastic,2,1.0,0.1,mknn,eu_id,0.34738805970149256,0.9151515151515152
homoscedastic,2,1.0,0.1,mknn,eu_heldout,0.34738805970149256,0.6606060606060605
homoscedastic,2,1.0,0.1,predictivity,eu_agreement,0.46849364492527373,0.8424242424242423
homoscedastic,2,1.0,0.1,predictivity,acquisition_overlap,0.46849364492527373,0.7095099819703212
homoscedastic,2,1.0,0.1,predictivity,eu_group0,0.46849364492527373,0.8424242424242423
homoscedastic,2,1.0,0.1,predictivity,eu_group1,0.46849364492527373,
homoscedastic,2,1.0,0.1,predictivity,eu_id,0.46849364492527373,0.7818181818181817
homoscedastic,2,1.0,0.1,predictivity,eu_heldout,0.46849364492527373,0.9030303030303028
homoscedastic,2,1.0,0.1,cca_type,eu_agreement,1.0533435901294297e-08,0.9393939393939393
homoscedastic,2,1.0,0.1,cca_type,acquisition_overlap,1.0533435901294297e-08,0.8257228238447705
homoscedastic,2,1.0,0.1,cca_type,eu_group0,1.0533435901294297e-08,0.9393939393939393
homoscedastic,2,1.0,0.1,cca_type,eu_group1,1.0533435901294297e-08,
homoscedastic,2,1.0,0.1,cca_type,eu_id,1.0533435901294297e-08,0.9272727272727272
homoscedastic,2,1.0,0.1,cca_type,eu_heldout,1.0533435901294297e-08,0.43030303030303024
homoscedastic,2,1.0,0.1,smoother_001,eu_agreement,0.0517360636056412,0.9393939393939393
homoscedastic,2,1.0,0.1,smoother_001,acquisition_overlap,0.0517360636056412,0.8257228238447705
homoscedastic,2,1.0,0.1,smoother_001,eu_group0,0.0517360636056412,0.9393939393939393
homoscedastic,2,1.0,0.1,smoother_001,eu_group1,0.0517360636056412,
homoscedastic,2,1.0,0.1,smoother_001,eu_id,0.0517360636056412,0.9272727272727272
homoscedastic,2,1.0,0.1,smoother_001,eu_heldout,0.0517360636056412,0.43030303030303024
homoscedastic,2,1.0,0.1,smoother_1,eu_agreement,0.19157977372738633,0.9757575757575757
homoscedastic,2,1.0,0.1,smoother_1,acquisition_overlap,0.19157977372738633,0.8685380813774621
homoscedastic,2,1.0,0.1,smoother_1,eu_group0,0.19157977372738633,0.9757575757575757
homoscedastic,2,1.0,0.1,smoother_1,eu_group1,0.19157977372738633,
homoscedastic,2,1.0,0.1,smoother_1,eu_id,0.19157977372738633,0.9515151515151514
homoscedastic,2,1.0,0.1,smoother_1,eu_heldout,0.19157977372738633,0.6121212121212121
homoscedastic,2,1.0,0.25,cka,eu_agreement,0.5559714129327102,0.9272727272727272
homoscedastic,2,1.0,0.25,cka,acquisition_overlap,0.5559714129327102,0.8181818181818182
homoscedastic,2,1.0,0.25,cka,eu_group0,0.5559714129327102,0.9272727272727272
homoscedastic,2,1.0,0.25,cka,eu_group1,0.5559714129327102,
homoscedastic,2,1.0,0.25,cka,eu_id,0.5559714129327102,0.9151515151515152
homoscedastic,2,1.0,0.25,cka,eu_heldout,0.5559714129327102,0.3939393939393939
homoscedastic,2,1.0,0.25,mknn,eu_agreement,0.34738805970149256,0.9272727272727272
homoscedastic,2,1.0,0.25,mknn,acquisition_overlap,0.34738805970149256,0.8181818181818182
homoscedastic,2,1.0,0.25,mknn,eu_group0,0.34738805970149256,0.9272727272727272
homoscedastic,2,1.0,0.25,mknn,eu_group1,0.34738805970149256,
homoscedastic,2,1.0,0.25,mknn,eu_id,0.34738805970149256,0.9151515151515152
homoscedastic,2,1.0,0.25,mknn,eu_heldout,0.34738805970149256,0.3939393939393939
homoscedastic,2,1.0,0.25,predictivity,eu_agreement,0.46849364492527373,0.7575757575757575
homoscedastic,2,1.0,0.25,predictivity,acquisition_overlap,0.46849364492527373,0.5878787878787878
homoscedastic,2,1.0,0.25,predictivity,eu_group0,0.46849364492527373,0.7575757575757575
homoscedastic,2,1.0,0.25,predictivity,eu_group1,0.46849364492527373,
homoscedastic,2,1.0,0.25,predictivity,eu_id,0.46849364492527373,0.7939393939393938
homoscedastic,2,1.0,0.25,predictivity,eu_heldout,0.46849364492527373,0.18787878787878787
homoscedastic,2,1.0,0.25,cca_type,eu_agreement,1.0533435901294297e-08,0.8666666666666665
homoscedastic,2,1.0,0.25,cca_type,acquisition_overlap,1.0533435901294297e-08,0.7575757575757575
homoscedastic,2,1.0,0.25,cca_type,eu_group0,1.0533435901294297e-08,0.8666666666666665
homoscedastic,2,1.0,0.25,cca_type,eu_group1,1.0533435901294297e-08,
homoscedastic,2,1.0,0.25,cca_type,eu_id,1.0533435901294297e-08,0.8060606060606059
homoscedastic,2,1.0,0.25,cca_type,eu_heldout,1.0533435901294297e-08,0.5272727272727272
homoscedastic,2,1.0,0.25,smoother_001,eu_agreement,0.0517360636056412,0.8666666666666665
homoscedastic,2,1.0,0.25,smoother_001,acquisition_overlap,0.0517360636056412,0.7575757575757575
homoscedastic,2,1.0,0.25,smoother_001,eu_group0,0.0517360636056412,0.8666666666666665
homoscedastic,2,1.0,0.25,smoother_001,eu_group1,0.0517360636056412,
homoscedastic,2,1.0,0.25,smoother_001,eu_id,0.0517360636056412,0.8060606060606059
homoscedastic,2,1.0,0.25,smoother_001,eu_heldout,0.0517360636056412,0.5272727272727272
homoscedastic,2,1.0,0.25,smoother_1,eu_agreement,0.19157977372738633,0.9151515151515152
homoscedastic,2,1.0,0.25,smoother_1,acquisition_overlap,0.19157977372738633,0.8303030303030302
homoscedastic,2,1.0,0.25,smoother_1,eu_group0,0.19157977372738633,0.9151515151515152
homoscedastic,2,1.0,0.25,smoother_1,eu_group1,0.19157977372738633,
homoscedastic,2,1.0,0.25,smoother_1,eu_id,0.19157977372738633,0.8787878787878788
homoscedastic,2,1.0,0.25,smoother_1,eu_heldout,0.19157977372738633,0.5151515151515151
homoscedastic,2,1.0,1.0,cka,eu_agreement,0.5559714129327102,0.9636363636363635
homoscedastic,2,1.0,1.0,cka,acquisition_overlap,0.5559714129327102,0.9085534756454651
homoscedastic,2,1.0,1.0,cka,eu_group0,0.5559714129327102,0.9636363636363635
homoscedastic,2,1.0,1.0,cka,eu_group1,0.5559714129327102,
homoscedastic,2,1.0,1.0,cka,eu_id,0.5559714129327102,0.9515151515151514
homoscedastic,2,1.0,1.0,cka,eu_heldout,0.5559714129327102,0.2727272727272727
homoscedastic,2,1.0,1.0,mknn,eu_agreement,0.34738805970149256,0.9636363636363635
homoscedastic,2,1.0,1.0,mknn,acquisition_overlap,0.34738805970149256,0.9085534756454651
homoscedastic,2,1.0,1.0,mknn,eu_group0,0.34738805970149256,0.9636363636363635
homoscedastic,2,1.0,1.0,mknn,eu_group1,0.34738805970149256,
homoscedastic,2,1.0,1.0,mknn,eu_id,0.34738805970149256,0.9515151515151514
homoscedastic,2,1.0,1.0,mknn,eu_heldout,0.34738805970149256,0.2727272727272727
homoscedastic,2,1.0,1.0,predictivity,eu_agreement,0.46849364492527373,0.7333333333333332
homoscedastic,2,1.0,1.0,predictivity,acquisition_overlap,0.46849364492527373,0.7073302226501608
homoscedastic,2,1.0,1.0,predictivity,eu_group0,0.46849364492527373,0.7333333333333332
homoscedastic,2,1.0,1.0,predictivity,eu_group1,0.46849364492527373,
homoscedastic,2,1.0,1.0,predictivity,eu_id,0.46849364492527373,0.7696969696969697
homoscedastic,2,1.0,1.0,predictivity,eu_heldout,0.46849364492527373,0.35757575757575755
homoscedastic,2,1.0,1.0,cca_type,eu_agreement,1.0533435901294297e-08,0.8060606060606059
homoscedastic,2,1.0,1.0,cca_type,acquisition_overlap,1.0533435901294297e-08,0.6951348739837788
homoscedastic,2,1.0,1.0,cca_type,eu_group0,1.0533435901294297e-08,0.8060606060606059
homoscedastic,2,1.0,1.0,cca_type,eu_group1,1.0533435901294297e-08,
homoscedastic,2,1.0,1.0,cca_type,eu_id,1.0533435901294297e-08,0.7454545454545454
homoscedastic,2,1.0,1.0,cca_type,eu_heldout,1.0533435901294297e-08,0.5272727272727272
homoscedastic,2,1.0,1.0,smoother_001,eu_agreement,0.0517360636056412,0.8060606060606059
homoscedastic,2,1.0,1.0,smoother_001,acquisition_overlap,0.0517360636056412,0.6951348739837788
homoscedastic,2,1.0,1.0,smoother_001,eu_group0,0.0517360636056412,0.8060606060606059
homoscedastic,2,1.0,1.0,smoother_001,eu_group1,0.0517360636056412,
homoscedastic,2,1.0,1.0,smoother_001,eu_id,0.0517360636056412,0.7454545454545454
homoscedastic,2,1.0,1.0,smoother_001,eu_heldout,0.0517360636056412,0.5272727272727272
homoscedastic,2,1.0,1.0,smoother_1,eu_agreement,0.19157977372738633,0.9030303030303028
homoscedastic,2,1.0,1.0,smoother_1,acquisition_overlap,0.19157977372738633,0.8292837093139818
homoscedastic,2,1.0,1.0,smoother_1,eu_group0,0.19157977372738633,0.9030303030303028
homoscedastic,2,1.0,1.0,smoother_1,eu_group1,0.19157977372738633,
homoscedastic,2,1.0,1.0,smoother_1,eu_id,0.19157977372738633,0.8666666666666665
homoscedastic,2,1.0,1.0,smoother_1,eu_heldout,0.19157977372738633,0.43030303030303024
homoscedastic,2,10.0,0.1,cka,eu_agreement,0.5559714129327102,0.9393939393939393
homoscedastic,2,10.0,0.1,cka,acquisition_overlap,0.5559714129327102,0.8440722199302098
homoscedastic,2,10.0,0.1,cka,eu_group0,0.5559714129327102,0.9393939393939393
homoscedastic,2,10.0,0.1,cka,eu_group1,0.5559714129327102,
homoscedastic,2,10.0,0.1,cka,eu_id,0.5559714129327102,0.9151515151515152
homoscedastic,2,10.0,0.1,cka,eu_heldout,0.5559714129327102,0.6606060606060605
homoscedastic,2,10.0,0.1,mknn,eu_agreement,0.34738805970149256,0.9393939393939393
homoscedastic,2,10.0,0.1,mknn,acquisition_overlap,0.34738805970149256,0.8440722199302098
homoscedastic,2,10.0,0.1,mknn,eu_group0,0.34738805970149256,0.9393939393939393
homoscedastic,2,10.0,0.1,mknn,eu_group1,0.34738805970149256,
homoscedastic,2,10.0,0.1,mknn,eu_id,0.34738805970149256,0.9151515151515152
homoscedastic,2,10.0,0.1,mknn,eu_heldout,0.34738805970149256,0.6606060606060605
homoscedastic,2,10.0,0.1,predictivity,eu_agreement,0.46849364492527373,0.8424242424242423
homoscedastic,2,10.0,0.1,predictivity,acquisition_overlap,0.46849364492527373,0.7095099819703212
homoscedastic,2,10.0,0.1,predictivity,eu_group0,0.46849364492527373,0.8424242424242423
homoscedastic,2,10.0,0.1,predictivity,eu_group1,0.46849364492527373,
homoscedastic,2,10.0,0.1,predictivity,eu_id,0.46849364492527373,0.7818181818181817
homoscedastic,2,10.0,0.1,predictivity,eu_heldout,0.46849364492527373,0.9030303030303028
homoscedastic,2,10.0,0.1,cca_type,eu_agreement,1.0533435901294297e-08,0.9393939393939393
homoscedastic,2,10.0,0.1,cca_type,acquisition_overlap,1.0533435901294297e-08,0.8257228238447705
homoscedastic,2,10.0,0.1,cca_type,eu_group0,1.0533435901294297e-08,0.9393939393939393
homoscedastic,2,10.0,0.1,cca_type,eu_group1,1.0533435901294297e-08,
homoscedastic,2,10.0,0.1,cca_type,eu_id,1.0533435901294297e-08,0.9272727272727272
homoscedastic,2,10.0,0.1,cca_type,eu_heldout,1.0533435901294297e-08,0.43030303030303024
homoscedastic,2,10.0,0.1,smoother_001,eu_agreement,0.0517360636056412,0.9393939393939393
homoscedastic,2,10.0,0.1,smoother_001,acquisition_overlap,0.0517360636056412,0.8257228238447705
homoscedastic,2,10.0,0.1,smoother_001,eu_group0,0.0517360636056412,0.9393939393939393
homoscedastic,2,10.0,0.1,smoother_001,eu_group1,0.0517360636056412,
homoscedastic,2,10.0,0.1,smoother_001,eu_id,0.0517360636056412,0.9272727272727272
homoscedastic,2,10.0,0.1,smoother_001,eu_heldout,0.0517360636056412,0.43030303030303024
homoscedastic,2,10.0,0.1,smoother_1,eu_agreement,0.19157977372738633,0.9757575757575757
homoscedastic,2,10.0,0.1,smoother_1,acquisition_overlap,0.19157977372738633,0.8685380813774621
homoscedastic,2,10.0,0.1,smoother_1,eu_group0,0.19157977372738633,0.9757575757575757
homoscedastic,2,10.0,0.1,smoother_1,eu_group1,0.19157977372738633,
homoscedastic,2,10.0,0.1,smoother_1,eu_id,0.19157977372738633,0.9515151515151514
homoscedastic,2,10.0,0.1,smoother_1,eu_heldout,0.19157977372738633,0.6121212121212121
homoscedastic,2,10.0,0.25,cka,eu_agreement,0.5559714129327102,0.9272727272727272
homoscedastic,2,10.0,0.25,cka,acquisition_overlap,0.5559714129327102,0.8181818181818182
homoscedastic,2,10.0,0.25,cka,eu_group0,0.5559714129327102,0.9272727272727272
homoscedastic,2,10.0,0.25,cka,eu_group1,0.5559714129327102,
homoscedastic,2,10.0,0.25,cka,eu_id,0.5559714129327102,0.9151515151515152
homoscedastic,2,10.0,0.25,cka,eu_heldout,0.5559714129327102,0.3939393939393939
homoscedastic,2,10.0,0.25,mknn,eu_agreement,0.34738805970149256,0.9272727272727272
homoscedastic,2,10.0,0.25,mknn,acquisition_overlap,0.34738805970149256,0.8181818181818182
homoscedastic,2,10.0,0.25,mknn,eu_group0,0.34738805970149256,0.9272727272727272
homoscedastic,2,10.0,0.25,mknn,eu_group1,0.34738805970149256,
homoscedastic,2,10.0,0.25,mknn,eu_id,0.34738805970149256,0.9151515151515152
homoscedastic,2,10.0,0.25,mknn,eu_heldout,0.34738805970149256,0.3939393939393939
homoscedastic,2,10.0,0.25,predictivity,eu_agreement,0.46849364492527373,0.7575757575757575
homoscedastic,2,10.0,0.25,predictivity,acquisition_overlap,0.46849364492527373,0.5878787878787878
homoscedastic,2,10.0,0.25,predictivity,eu_group0,0.46849364492527373,0.7575757575757575
homoscedastic,2,10.0,0.25,predictivity,eu_group1,0.46849364492527373,
homoscedastic,2,10.0,0.25,predictivity,eu_id,0.46849364492527373,0.7939393939393938
homoscedastic,2,10.0,0.25,predictivity,eu_heldout,0.46849364492527373,0.18787878787878787
homoscedastic,2,10.0,0.25,cca_type,eu_agreement,1.0533435901294297e-08,0.8666666666666665
homoscedastic,2,10.0,0.25,cca_type,acquisition_overlap,1.0533435901294297e-08,0.7575757575757575
homoscedastic,2,10.0,0.25,cca_type,eu_group0,1.0533435901294297e-08,0.8666666666666665
homoscedastic,2,10.0,0.25,cca_type,eu_group1,1.0533435901294297e-08,
homoscedastic,2,10.0,0.25,cca_type,eu_id,1.0533435901294297e-08,0.8060606060606059
homoscedastic,2,10.0,0.25,cca_type,eu_heldout,1.0533435901294297e-08,0.5272727272727272
homoscedastic,2,10.0,0.25,smoother_001,eu_agreement,0.0517360636056412,0.8666666666666665
homoscedastic,2,10.0,0.25,smoother_001,acquisition_overlap,0.0517360636056412,0.7575757575757575
homoscedastic,2,10.0,0.25,smoother_001,eu_group0,0.0517360636056412,0.8666666666666665
homoscedastic,2,10.0,0.25,smoother_001,eu_group1,0.0517360636056412,
homoscedastic,2,10.0,0.25,smoother_001,eu_id,0.0517360636056412,0.8060606060606059
homoscedastic,2,10.0,0.25,smoother_001,eu_heldout,0.0517360636056412,0.5272727272727272
homoscedastic,2,10.0,0.25,smoother_1,eu_agreement,0.19157977372738633,0.9151515151515152
homoscedastic,2,10.0,0.25,smoother_1,acquisition_overlap,0.19157977372738633,0.8303030303030302
homoscedastic,2,10.0,0.25,smoother_1,eu_group0,0.19157977372738633,0.9151515151515152
homoscedastic,2,10.0,0.25,smoother_1,eu_group1,0.19157977372738633,
homoscedastic,2,10.0,0.25,smoother_1,eu_id,0.19157977372738633,0.8787878787878788
homoscedastic,2,10.0,0.25,smoother_1,eu_heldout,0.19157977372738633,0.5151515151515151
homoscedastic,2,10.0,1.0,cka,eu_agreement,0.5559714129327102,0.9636363636363635
homoscedastic,2,10.0,1.0,cka,acquisition_overlap,0.5559714129327102,0.9118583155200968
homoscedastic,2,10.0,1.0,cka,eu_group0,0.5559714129327102,0.9636363636363635
homoscedastic,2,10.0,1.0,cka,eu_group1,0.5559714129327102,
homoscedastic,2,10.0,1.0,cka,eu_id,0.5559714129327102,0.9515151515151514
homoscedastic,2,10.0,1.0,cka,eu_heldout,0.5559714129327102,0.2727272727272727
homoscedastic,2,10.0,1.0,mknn,eu_agreement,0.34738805970149256,0.9636363636363635
homoscedastic,2,10.0,1.0,mknn,acquisition_overlap,0.34738805970149256,0.9118583155200968
homoscedastic,2,10.0,1.0,mknn,eu_group0,0.34738805970149256,0.9636363636363635
homoscedastic,2,10.0,1.0,mknn,eu_group1,0.34738805970149256,
homoscedastic,2,10.0,1.0,mknn,eu_id,0.34738805970149256,0.9515151515151514
homoscedastic,2,10.0,1.0,mknn,eu_heldout,0.34738805970149256,0.2727272727272727
homoscedastic,2,10.0,1.0,predictivity,eu_agreement,0.46849364492527373,0.7333333333333332
homoscedastic,2,10.0,1.0,predictivity,acquisition_overlap,0.46849364492527373,0.7294866524160775
homoscedastic,2,10.0,1.0,predictivity,eu_group0,0.46849364492527373,0.7333333333333332
homoscedastic,2,10.0,1.0,predictivity,eu_group1,0.46849364492527373,
homoscedastic,2,10.0,1.0,predictivity,eu_id,0.46849364492527373,0.7696969696969697
homoscedastic,2,10.0,1.0,predictivity,eu_heldout,0.46849364492527373,0.35757575757575755
homoscedastic,2,10.0,1.0,cca_type,eu_agreement,1.0533435901294297e-08,0.8060606060606059
homoscedastic,2,10.0,1.0,cca_type,acquisition_overlap,1.0533435901294297e-08,0.7051704306688749
homoscedastic,2,10.0,1.0,cca_type,eu_group0,1.0533435901294297e-08,0.8060606060606059
homoscedastic,2,10.0,1.0,cca_type,eu_group1,1.0533435901294297e-08,
homoscedastic,2,10.0,1.0,cca_type,eu_id,1.0533435901294297e-08,0.7454545454545454
homoscedastic,2,10.0,1.0,cca_type,eu_heldout,1.0533435901294297e-08,0.5272727272727272
homoscedastic,2,10.0,1.0,smoother_001,eu_agreement,0.0517360636056412,0.8060606060606059
homoscedastic,2,10.0,1.0,smoother_001,acquisition_overlap,0.0517360636056412,0.7051704306688749
homoscedastic,2,10.0,1.0,smoother_001,eu_group0,0.0517360636056412,0.8060606060606059
homoscedastic,2,10.0,1.0,smoother_001,eu_group1,0.0517360636056412,
homoscedastic,2,10.0,1.0,smoother_001,eu_id,0.0517360636056412,0.7454545454545454
homoscedastic,2,10.0,1.0,smoother_001,eu_heldout,0.0517360636056412,0.5272727272727272
homoscedastic,2,10.0,1.0,smoother_1,eu_agreement,0.19157977372738633,0.9030303030303028
homoscedastic,2,10.0,1.0,smoother_1,acquisition_overlap,0.19157977372738633,0.8328305948416885
homoscedastic,2,10.0,1.0,smoother_1,eu_group0,0.19157977372738633,0.9030303030303028
homoscedastic,2,10.0,1.0,smoother_1,eu_group1,0.19157977372738633,
homoscedastic,2,10.0,1.0,smoother_1,eu_id,0.19157977372738633,0.8666666666666665
homoscedastic,2,10.0,1.0,smoother_1,eu_heldout,0.19157977372738633,0.43030303030303024
homoscedastic,3,0.1,0.1,cka,eu_agreement,0.5634930215655447,0.9393939393939393
homoscedastic,3,0.1,0.1,cka,acquisition_overlap,0.5634930215655447,0.8181818181818182
homoscedastic,3,0.1,0.1,cka,eu_group0,0.5634930215655447,0.9393939393939393
homoscedastic,3,0.1,0.1,cka,eu_group1,0.5634930215655447,
homoscedastic,3,0.1,0.1,cka,eu_id,0.5634930215655447,0.9393939393939393
homoscedastic,3,0.1,0.1,cka,eu_heldout,0.5634930215655447,0.4666666666666666
homoscedastic,3,0.1,0.1,mknn,eu_agreement,0.3658582089552238,0.9272727272727272
homoscedastic,3,0.1,0.1,mknn,acquisition_overlap,0.3658582089552238,0.7939393939393938
homoscedastic,3,0.1,0.1,mknn,eu_group0,0.3658582089552238,0.9272727272727272
homoscedastic,3,0.1,0.1,mknn,eu_group1,0.3658582089552238,
homoscedastic,3,0.1,0.1,mknn,eu_id,0.3658582089552238,0.9272727272727272
homoscedastic,3,0.1,0.1,mknn,eu_heldout,0.3658582089552238,0.4424242424242424
homoscedastic,3,0.1,0.1,predictivity,eu_agreement,0.48686497581477534,0.7818181818181817
homoscedastic,3,0.1,0.1,predictivity,acquisition_overlap,0.48686497581477534,0.7333333333333332
homoscedastic,3,0.1,0.1,predictivity,eu_group0,0.48686497581477534,0.7818181818181817
homoscedastic,3,0.1,0.1,predictivity,eu_group1,0.48686497581477534,
homoscedastic,3,0.1,0.1,predictivity,eu_id,0.48686497581477534,0.7818181818181817
homoscedastic,3,0.1,0.1,predictivity,eu_heldout,0.48686497581477534,0.6242424242424242
homoscedastic,3,0.1,0.1,cca_type,eu_agreement,9.986644067261352e-09,0.8666666666666665
homoscedastic,3,0.1,0.1,cca_type,acquisition_overlap,9.986644067261352e-09,0.7939393939393938
homoscedastic,3,0.1,0.1,cca_type,eu_group0,9.986644067261352e-09,0.8666666666666665
homoscedastic,3,0.1,0.1,cca_type,eu_group1,9.986644067261352e-09,
homoscedastic,3,0.1,0.1,cca_type,eu_id,9.986644067261352e-09,0.8666666666666665
homoscedastic,3,0.1,0.1,cca_type,eu_heldout,9.986644067261352e-09,0.43030303030303024
homoscedastic,3,0.1,0.1,smoother_001,eu_agreement,0.0511229477922982,0.8666666666666665
homoscedastic,3,0.1,0.1,smoother_001,acquisition_overlap,0.0511229477922982,0.7939393939393938
homoscedastic,3,0.1,0.1,smoother_001,eu_group0,0.0511229477922982,0.8666666666666665
homoscedastic,3,0.1,0.1,smoother_001,eu_group1,0.0511229477922982,
homoscedastic,3,0.1,0.1,smoother_001,eu_id,0.0511229477922982,0.8666666666666665
homoscedastic,3,0.1,0.1,smoother_001,eu_heldout,0.0511229477922982,0.43030303030303024
homoscedastic,3,0.1,0.1,smoother_1,eu_agreement,0.19740448126554266,0.9151515151515152
homoscedastic,3,0.1,0.1,smoother_1,acquisition_overlap,0.19740448126554266,0.8303030303030302
homoscedastic,3,0.1,0.1,smoother_1,eu_group0,0.19740448126554266,0.9151515151515152
homoscedastic,3,0.1,0.1,smoother_1,eu_group1,0.19740448126554266,
homoscedastic,3,0.1,0.1,smoother_1,eu_id,0.19740448126554266,0.9151515151515152
homoscedastic,3,0.1,0.1,smoother_1,eu_heldout,0.19740448126554266,0.5515151515151515
homoscedastic,3,0.1,0.25,cka,eu_agreement,0.5634930215655447,0.9393939393939393
homoscedastic,3,0.1,0.25,cka,acquisition_overlap,0.5634930215655447,0.9483326481409007
homoscedastic,3,0.1,0.25,cka,eu_group0,0.5634930215655447,0.9393939393939393
homoscedastic,3,0.1,0.25,cka,eu_group1,0.5634930215655447,
homoscedastic,3,0.1,0.25,cka,eu_id,0.5634930215655447,0.8666666666666665
homoscedastic,3,0.1,0.25,cka,eu_heldout,0.5634930215655447,0.06666666666666665
homoscedastic,3,0.1,0.25,mknn,eu_agreement,0.3658582089552238,0.9272727272727272
homoscedastic,3,0.1,0.25,mknn,acquisition_overlap,0.3658582089552238,0.9240164263936983
homoscedastic,3,0.1,0.25,mknn,eu_group0,0.3658582089552238,0.9272727272727272
homoscedastic,3,0.1,0.25,mknn,eu_group1,0.3658582089552238,
homoscedastic,3,0.1,0.25,mknn,eu_id,0.3658582089552238,0.8424242424242423
homoscedastic,3,0.1,0.25,mknn,eu_heldout,0.3658582089552238,0.05454545454545454
homoscedastic,3,0.1,0.25,predictivity,eu_agreement,0.48686497581477534,0.7818181818181817
homoscedastic,3,0.1,0.25,predictivity,acquisition_overlap,0.48686497581477534,0.8328305948416885
homoscedastic,3,0.1,0.25,predictivity,eu_group0,0.48686497581477534,0.7818181818181817
homoscedastic,3,0.1,0.25,predictivity,eu_group1,0.48686497581477534,
homoscedastic,3,0.1,0.25,predictivity,eu_id,0.48686497581477534,0.7818181818181817
homoscedastic,3,0.1,0.25,predictivity,eu_heldout,0.48686497581477534,0.17575757575757575
homoscedastic,3,0.1,0.25,cca_type,eu_agreement,9.986644067261352e-09,0.8666666666666665
homoscedastic,3,0.1,0.25,cca_type,acquisition_overlap,9.986644067261352e-09,0.8024353176576852
homoscedastic,3,0.1,0.25,cca_type,eu_group0,9.986644067261352e-09,0.8666666666666665
homoscedastic,3,0.1,0.25,cca_type,eu_group1,9.986644067261352e-09,
homoscedastic,3,0.1,0.25,cca_type,eu_id,9.986644067261352e-09,0.7333333333333332
homoscedastic,3,0.1,0.25,cca_type,eu_heldout,9.986644067261352e-09,0.24848484848484845
homoscedastic,3,0.1,0.25,smoother_001,eu_agreement,0.0511229477922982,0.8666666666666665
homoscedastic,3,0.1,0.25,smoother_001,acquisition_overlap,0.0511229477922982,0.8024353176576852
homoscedastic,3,0.1,0.25,smoother_001,eu_group0,0.0511229477922982,0.8666666666666665
homoscedastic,3,0.1,0.25,smoother_001,eu_group1,0.0511229477922982,
homoscedastic,3,0.1,0.25,smoother_001,eu_id,0.0511229477922982,0.7333333333333332
homoscedastic,3,0.1,0.25,smoother_001,eu_heldout,0.0511229477922982,0.24848484848484845
homoscedastic,3,0.1,0.25,smoother_1,eu_agreement,0.19740448126554266,0.9151515151515152
homoscedastic,3,0.1,0.25,smoother_1,acquisition_overlap,0.19740448126554266,0.9057792600832962
homoscedastic,3,0.1,0.25,smoother_1,eu_group0,0.19740448126554266,0.9151515151515152
homoscedastic,3,0.1,0.25,smoother_1,eu_group1,0.19740448126554266,
homoscedastic,3,0.1,0.25,smoother_1,eu_id,0.19740448126554266,0.8181818181818182
homoscedastic,3,0.1,0.25,smoother_1,eu_heldout,0.19740448126554266,0.19999999999999998
homoscedastic,3,0.1,1.0,cka,eu_agreement,0.5634930215655447,0.9636363636363635
homoscedastic,3,0.1,1.0,cka,acquisition_overlap,0.5634930215655447,0.859772080979937
homoscedastic,3,0.1,1.0,cka,eu_group0,0.5634930215655447,0.9636363636363635
homoscedastic,3,0.1,1.0,cka,eu_group1,0.5634930215655447,
homoscedastic,3,0.1,1.0,cka,eu_id,0.5634930215655447,0.9515151515151514
homoscedastic,3,0.1,1.0,cka,eu_heldout,0.5634930215655447,0.12727272727272726
homoscedastic,3,0.1,1.0,mknn,eu_agreement,0.3658582089552238,0.9515151515151514
homoscedastic,3,0.1,1.0,mknn,acquisition_overlap,0.3658582089552238,0.8719674296463189
homoscedastic,3,0.1,1.0,mknn,eu_group0,0.3658582089552238,0.9515151515151514
homoscedastic,3,0.1,1.0,mknn,eu_group1,0.3658582089552238,
homoscedastic,3,0.1,1.0,mknn,eu_id,0.3658582089552238,0.9393939393939393
homoscedastic,3,0.1,1.0,mknn,eu_heldout,0.3658582089552238,0.10303030303030303
homoscedastic,3,0.1,1.0,predictivity,eu_agreement,0.48686497581477534,0.7818181818181817
homoscedastic,3,0.1,1.0,predictivity,acquisition_overlap,0.48686497581477534,0.7073302226501608
homoscedastic,3,0.1,1.0,predictivity,eu_group0,0.48686497581477534,0.7818181818181817
homoscedastic,3,0.1,1.0,predictivity,eu_group1,0.48686497581477534,
homoscedastic,3,0.1,1.0,predictivity,eu_id,0.48686497581477534,0.8060606060606059
homoscedastic,3,0.1,1.0,predictivity,eu_heldout,0.48686497581477534,0.13939393939393938
homoscedastic,3,0.1,1.0,cca_type,eu_agreement,9.986644067261352e-09,0.8303030303030302
homoscedastic,3,0.1,1.0,cca_type,acquisition_overlap,9.986644067261352e-09,0.7500139429824981
homoscedastic,3,0.1,1.0,cca_type,eu_group0,9.986644067261352e-09,0.8303030303030302
homoscedastic,3,0.1,1.0,cca_type,eu_group1,9.986644067261352e-09,
homoscedastic,3,0.1,1.0,cca_type,eu_id,9.986644067261352e-09,0.7696969696969697
homoscedastic,3,0.1,1.0,cca_type,eu_heldout,9.986644067261352e-09,0.18787878787878787
homoscedastic,3,0.1,1.0,smoother_001,eu_agreement,0.0511229477922982,0.8303030303030302
homoscedastic,3,0.1,1.0,smoother_001,acquisition_overlap,0.0511229477922982,0.7500139429824981
homoscedastic,3,0.1,1.0,smoother_001,eu_group0,0.0511229477922982,0.8303030303030302
homoscedastic,3,0.1,1.0,smoother_001,eu_group1,0.0511229477922982,
homoscedastic,3,0.1,1.0,smoother_001,eu_id,0.0511229477922982,0.7696969696969697
homoscedastic,3,0.1,1.0,smoother_001,eu_heldout,0.0511229477922982,0.18787878787878787
homoscedastic,3,0.1,1.0,smoother_1,eu_agreement,0.19740448126554266,0.9151515151515152
homoscedastic,3,0.1,1.0,smoother_1,acquisition_overlap,0.19740448126554266,0.859772080979937
homoscedastic,3,0.1,1.0,smoother_1,eu_group0,0.19740448126554266,0.9151515151515152
homoscedastic,3,0.1,1.0,smoother_1,eu_group1,0.19740448126554266,
homoscedastic,3,0.1,1.0,smoother_1,eu_id,0.19740448126554266,0.8787878787878788
homoscedastic,3,0.1,1.0,smoother_1,eu_heldout,0.19740448126554266,0.16363636363636364
homoscedastic,3,1.0,0.1,cka,eu_agreement,0.5634930215655447,0.9393939393939393
homoscedastic,3,1.0,0.1,cka,acquisition_overlap,0.5634930215655447,0.8181818181818182
homoscedastic,3,1.0,0.1,cka,eu_group0,0.5634930215655447,0.9393939393939393
homoscedastic,3,1.0,0.1,cka,eu_group1,0.5634930215655447,
homoscedastic,3,1.0,0.1,cka,eu_id,0.5634930215655447,0.9393939393939393
homoscedastic,3,1.0,0.1,cka,eu_heldout,0.5634930215655447,0.4666666666666666
homoscedastic,3,1.0,0.1,mknn,eu_agreement,0.3658582089552238,0.9272727272727272
homoscedastic,3,1.0,0.1,mknn,acquisition_overlap,0.3658582089552238,0.7939393939393938
homoscedastic,3,1.0,0.1,mknn,eu_group0,0.3658582089552238,0.9272727272727272
homoscedastic,3,1.0,0.1,mknn,eu_group1,0.3658582089552238,
homoscedastic,3,1.0,0.1,mknn,eu_id,0.3658582089552238,0.9272727272727272
homoscedastic,3,1.0,0.1,mknn,eu_heldout,0.3658582089552238,0.4424242424242424
homoscedastic,3,1.0,0.1,predictivity,eu_agreement,0.48686497581477534,0.7818181818181817
homoscedastic,3,1.0,0.1,predictivity,acquisition_overlap,0.48686497581477534,0.7333333333333332
homoscedastic,3,1.0,0.1,predictivity,eu_group0,0.48686497581477534,0.7818181818181817
homoscedastic,3,1.0,0.1,predictivity,eu_group1,0.48686497581477534,
homoscedastic,3,1.0,0.1,predictivity,eu_id,0.48686497581477534,0.7818181818181817
homoscedastic,3,1.0,0.1,predictivity,eu_heldout,0.48686497581477534,0.6242424242424242
homoscedastic,3,1.0,0.1,cca_type,eu_agreement,9.986644067261352e-09,0.8666666666666665
homoscedastic,3,1.0,0.1,cca_type,acquisition_overlap,9.986644067261352e-09,0.7939393939393938
homoscedastic,3,1.0,0.1,cca_type,eu_group0,9.986644067261352e-09,0.8666666666666665
homoscedastic,3,1.0,0.1,cca_type,eu_group1,9.986644067261352e-09,
homoscedastic,3,1.0,0.1,cca_type,eu_id,9.986644067261352e-09,0.8666666666666665
homoscedastic,3,1.0,0.1,cca_type,eu_heldout,9.986644067261352e-09,0.43030303030303024
homoscedastic,3,1.0,0.1,smoother_001,eu_agreement,0.0511229477922982,0.8666666666666665
homoscedastic,3,1.0,0.1,smoother_001,acquisition_overlap,0.0511229477922982,0.7939393939393938
homoscedastic,3,1.0,0.1,smoother_001,eu_group0,0.0511229477922982,0.8666666666666665
homoscedastic,3,1.0,0.1,smoother_001,eu_group1,0.0511229477922982,
homoscedastic,3,1.0,0.1,smoother_001,eu_id,0.0511229477922982,0.8666666666666665
homoscedastic,3,1.0,0.1,smoother_001,eu_heldout,0.0511229477922982,0.43030303030303024
homoscedastic,3,1.0,0.1,smoother_1,eu_agreement,0.19740448126554266,0.9151515151515152
homoscedastic,3,1.0,0.1,smoother_1,acquisition_overlap,0.19740448126554266,0.8303030303030302
homoscedastic,3,1.0,0.1,smoother_1,eu_group0,0.19740448126554266,0.9151515151515152
homoscedastic,3,1.0,0.1,smoother_1,eu_group1,0.19740448126554266,
homoscedastic,3,1.0,0.1,smoother_1,eu_id,0.19740448126554266,0.9151515151515152
homoscedastic,3,1.0,0.1,smoother_1,eu_heldout,0.19740448126554266,0.5515151515151515
homoscedastic,3,1.0,0.25,cka,eu_agreement,0.5634930215655447,0.9393939393939393
homoscedastic,3,1.0,0.25,cka,acquisition_overlap,0.5634930215655447,0.9451395216446113
homoscedastic,3,1.0,0.25,cka,eu_group0,0.5634930215655447,0.9393939393939393
homoscedastic,3,1.0,0.25,cka,eu_group1,0.5634930215655447,
homoscedastic,3,1.0,0.25,cka,eu_id,0.5634930215655447,0.8666666666666665
homoscedastic,3,1.0,0.25,cka,eu_heldout,0.5634930215655447,0.06666666666666665
homoscedastic,3,1.0,0.25,mknn,eu_agreement,0.3658582089552238,0.9272727272727272
homoscedastic,3,1.0,0.25,mknn,acquisition_overlap,0.3658582089552238,0.9146511499786562
homoscedastic,3,1.0,0.25,mknn,eu_group0,0.3658582089552238,0.9272727272727272
homoscedastic,3,1.0,0.25,mknn,eu_group1,0.3658582089552238,
homoscedastic,3,1.0,0.25,mknn,eu_id,0.3658582089552238,0.8424242424242423
homoscedastic,3,1.0,0.25,mknn,eu_heldout,0.3658582089552238,0.05454545454545454
homoscedastic,3,1.0,0.25,predictivity,eu_agreement,0.48686497581477534,0.7818181818181817
homoscedastic,3,1.0,0.25,predictivity,acquisition_overlap,0.48686497581477534,0.8292837093139818
homoscedastic,3,1.0,0.25,predictivity,eu_group0,0.48686497581477534,0.7818181818181817
homoscedastic,3,1.0,0.25,predictivity,eu_group1,0.48686497581477534,
homoscedastic,3,1.0,0.25,predictivity,eu_id,0.48686497581477534,0.7818181818181817
homoscedastic,3,1.0,0.25,predictivity,eu_heldout,0.48686497581477534,0.17575757575757575
homoscedastic,3,1.0,0.25,cca_type,eu_agreement,9.986644067261352e-09,0.8666666666666665
homoscedastic,3,1.0,0.25,cca_type,acquisition_overlap,9.986644067261352e-09,0.8109906863144085
homoscedastic,3,1.0,0.25,cca_type,eu_group0,9.986644067261352e-09,0.8666666666666665
homoscedastic,3,1.0,0.25,cca_type,eu_group1,9.986644067261352e-09,
homoscedastic,3,1.0,0.25,cca_type,eu_id,9.986644067261352e-09,0.7333333333333332
homoscedastic,3,1.0,0.25,cca_type,eu_heldout,9.986644067261352e-09,0.24848484848484845
homoscedastic,3,1.0,0.25,smoother_001,eu_agreement,0.0511229477922982,0.8666666666666665
homoscedastic,3,1.0,0.25,smoother_001,acquisition_overlap,0.0511229477922982,0.8109906863144085
homoscedastic,3,1.0,0.25,smoother_001,eu_group0,0.0511229477922982,0.8666666666666665
homoscedastic,3,1.0,0.25,smoother_001,eu_group1,0.0511229477922982,
homoscedastic,3,1.0,0.25,smoother_001,eu_id,0.0511229477922982,0.7333333333333332
homoscedastic,3,1.0,0.25,smoother_001,eu_heldout,0.0511229477922982,0.24848484848484845
homoscedastic,3,1.0,0.25,smoother_1,eu_agreement,0.19740448126554266,0.9151515151515152
homoscedastic,3,1.0,0.25,smoother_1,acquisition_overlap,0.19740448126554266,0.8963581269790831
homoscedastic,3,1.0,0.25,smoother_1,eu_group0,0.19740448126554266,0.9151515151515152
homoscedastic,3,1.0,0.25,smoother_1,eu_group1,0.19740448126554266,
homoscedastic,3,1.0,0.25,smoother_1,eu_id,0.19740448126554266,0.8181818181818182
homoscedastic,3,1.0,0.25,smoother_1,eu_heldout,0.19740448126554266,0.19999999999999998
homoscedastic,3,1.0,1.0,cka,eu_agreement,0.5634930215655447,0.9636363636363635
homoscedastic,3,1.0,1.0,cka,acquisition_overlap,0.5634930215655447,0.8510677611520905
homoscedastic,3,1.0,1.0,cka,eu_group0,0.5634930215655447,0.9636363636363635
homoscedastic,3,1.0,1.0,cka,eu_group1,0.5634930215655447,
homoscedastic,3,1.0,1.0,cka,eu_id,0.5634930215655447,0.9636363636363635
homoscedastic,3,1.0,1.0,cka,eu_heldout,0.5634930215655447,0.12727272727272726
homoscedastic,3,1.0,1.0,mknn,eu_agreement,0.3658582089552238,0.9515151515151514
homoscedastic,3,1.0,1.0,mknn,acquisition_overlap,0.3658582089552238,0.8632258720256917
homoscedastic,3,1.0,1.0,mknn,eu_group0,0.3658582089552238,0.9515151515151514
homoscedastic,3,1.0,1.0,mknn,eu_group1,0.3658582089552238,
homoscedastic,3,1.0,1.0,mknn,eu_id,0.3658582089552238,0.9515151515151514
homoscedastic,3,1.0,1.0,mknn,eu_heldout,0.3658582089552238,0.10303030303030303
homoscedastic,3,1.0,1.0,predictivity,eu_agreement,0.48686497581477534,0.7818181818181817
homoscedastic,3,1.0,1.0,predictivity,acquisition_overlap,0.48686497581477534,0.7051704306688749
homoscedastic,3,1.0,1.0,predictivity,eu_group0,0.48686497581477534,0.7818181818181817
homoscedastic,3,1.0,1.0,predictivity,eu_group1,0.48686497581477534,
homoscedastic,3,1.0,1.0,predictivity,eu_id,0.48686497581477534,0.7818181818181817
homoscedastic,3,1.0,1.0,predictivity,eu_heldout,0.48686497581477534,0.16363636363636364
homoscedastic,3,1.0,1.0,cca_type,eu_agreement,9.986644067261352e-09,0.8303030303030302
homoscedastic,3,1.0,1.0,cca_type,acquisition_overlap,9.986644067261352e-09,0.7051704306688749
homoscedastic,3,1.0,1.0,cca_type,eu_group0,9.986644067261352e-09,0.8303030303030302
homoscedastic,3,1.0,1.0,cca_type,eu_group1,9.986644067261352e-09,
homoscedastic,3,1.0,1.0,cca_type,eu_id,9.986644067261352e-09,0.8303030303030302
homoscedastic,3,1.0,1.0,cca_type,eu_heldout,9.986644067261352e-09,0.16363636363636364
homoscedastic,3,1.0,1.0,smoother_001,eu_agreement,0.0511229477922982,0.8303030303030302
homoscedastic,3,1.0,1.0,smoother_001,acquisition_overlap,0.0511229477922982,0.7051704306688749
homoscedastic,3,1.0,1.0,smoother_001,eu_group0,0.0511229477922982,0.8303030303030302
homoscedastic,3,1.0,1.0,smoother_001,eu_group1,0.0511229477922982,
homoscedastic,3,1.0,1.0,smoother_001,eu_id,0.0511229477922982,0.8303030303030302
homoscedastic,3,1.0,1.0,smoother_001,eu_heldout,0.0511229477922982,0.16363636363636364
homoscedastic,3,1.0,1.0,smoother_1,eu_agreement,0.19740448126554266,0.9151515151515152
homoscedastic,3,1.0,1.0,smoother_1,acquisition_overlap,0.19740448126554266,0.8449887057152898
homoscedastic,3,1.0,1.0,smoother_1,eu_group0,0.19740448126554266,0.9151515151515152
homoscedastic,3,1.0,1.0,smoother_1,eu_group1,0.19740448126554266,
homoscedastic,3,1.0,1.0,smoother_1,eu_id,0.19740448126554266,0.9151515151515152
homoscedastic,3,1.0,1.0,smoother_1,eu_heldout,0.19740448126554266,0.11515151515151514
homoscedastic,3,10.0,0.1,cka,eu_agreement,0.5634930215655447,0.9393939393939393
homoscedastic,3,10.0,0.1,cka,acquisition_overlap,0.5634930215655447,0.8181818181818182
homoscedastic,3,10.0,0.1,cka,eu_group0,0.5634930215655447,0.9393939393939393
homoscedastic,3,10.0,0.1,cka,eu_group1,0.5634930215655447,
homoscedastic,3,10.0,0.1,cka,eu_id,0.5634930215655447,0.9393939393939393
homoscedastic,3,10.0,0.1,cka,eu_heldout,0.5634930215655447,0.4666666666666666
homoscedastic,3,10.0,0.1,mknn,eu_agreement,0.3658582089552238,0.9272727272727272
homoscedastic,3,10.0,0.1,mknn,acquisition_overlap,0.3658582089552238,0.7939393939393938
homoscedastic,3,10.0,0.1,mknn,eu_group0,0.3658582089552238,0.9272727272727272
homoscedastic,3,10.0,0.1,mknn,eu_group1,0.3658582089552238,
homoscedastic,3,10.0,0.1,mknn,eu_id,0.3658582089552238,0.9272727272727272
homoscedastic,3,10.0,0.1,mknn,eu_heldout,0.3658582089552238,0.4424242424242424
homoscedastic,3,10.0,0.1,predictivity,eu_agreement,0.48686497581477534,0.7818181818181817
homoscedastic,3,10.0,0.1,predictivity,acquisition_overlap,0.48686497581477534,0.7333333333333332
homoscedastic,3,10.0,0.1,predictivity,eu_group0,0.48686497581477534,0.7818181818181817
homoscedastic,3,10.0,0.1,predictivity,eu_group1,0.48686497581477534,
homoscedastic,3,10.0,0.1,predictivity,eu_id,0.48686497581477534,0.7818181818181817
homoscedastic,3,10.0,0.1,predictivity,eu_heldout,0.48686497581477534,0.6242424242424242
homoscedastic,3,10.0,0.1,cca_type,eu_agreement,9.986644067261352e-09,0.8666666666666665
homoscedastic,3,10.0,0.1,cca_type,acquisition_overlap,9.986644067261352e-09,0.7939393939393938
homoscedastic,3,10.0,0.1,cca_type,eu_group0,9.986644067261352e-09,0.8666666666666665
homoscedastic,3,10.0,0.1,cca_type,eu_group1,9.986644067261352e-09,
homoscedastic,3,10.0,0.1,cca_type,eu_id,9.986644067261352e-09,0.8666666666666665
homoscedastic,3,10.0,0.1,cca_type,eu_heldout,9.986644067261352e-09,0.43030303030303024
homoscedastic,3,10.0,0.1,smoother_001,eu_agreement,0.0511229477922982,0.8666666666666665
homoscedastic,3,10.0,0.1,smoother_001,acquisition_overlap,0.0511229477922982,0.7939393939393938
homoscedastic,3,10.0,0.1,smoother_001,eu_group0,0.0511229477922982,0.8666666666666665
homoscedastic,3,10.0,0.1,smoother_001,eu_group1,0.0511229477922982,
homoscedastic,3,10.0,0.1,smoother_001,eu_id,0.0511229477922982,0.8666666666666665
homoscedastic,3,10.0,0.1,smoother_001,eu_heldout,0.0511229477922982,0.43030303030303024
homoscedastic,3,10.0,0.1,smoother_1,eu_agreement,0.19740448126554266,0.9151515151515152
homoscedastic,3,10.0,0.1,smoother_1,acquisition_overlap,0.19740448126554266,0.8303030303030302
homoscedastic,3,10.0,0.1,smoother_1,eu_group0,0.19740448126554266,0.9151515151515152
homoscedastic,3,10.0,0.1,smoother_1,eu_group1,0.19740448126554266,
homoscedastic,3,10.0,0.1,smoother_1,eu_id,0.19740448126554266,0.9151515151515152
homoscedastic,3,10.0,0.1,smoother_1,eu_heldout,0.19740448126554266,0.5515151515151515
homoscedastic,3,10.0,0.25,cka,eu_agreement,0.5634930215655447,0.9393939393939393
homoscedastic,3,10.0,0.25,cka,acquisition_overlap,0.5634930215655447,0.9451395216446113
homoscedastic,3,10.0,0.25,cka,eu_group0,0.5634930215655447,0.9393939393939393
homoscedastic,3,10.0,0.25,cka,eu_group1,0.5634930215655447,
homoscedastic,3,10.0,0.25,cka,eu_id,0.5634930215655447,0.8666666666666665
homoscedastic,3,10.0,0.25,cka,eu_heldout,0.5634930215655447,0.06666666666666665
homoscedastic,3,10.0,0.25,mknn,eu_agreement,0.3658582089552238,0.9272727272727272
homoscedastic,3,10.0,0.25,mknn,acquisition_overlap,0.3658582089552238,0.9146511499786562
homoscedastic,3,10.0,0.25,mknn,eu_group0,0.3658582089552238,0.9272727272727272
homoscedastic,3,10.0,0.25,mknn,eu_group1,0.3658582089552238,
homoscedastic,3,10.0,0.25,mknn,eu_id,0.3658582089552238,0.8424242424242423
homoscedastic,3,10.0,0.25,mknn,eu_heldout,0.3658582089552238,0.05454545454545454
homoscedastic,3,10.0,0.25,predictivity,eu_agreement,0.48686497581477534,0.7818181818181817
homoscedastic,3,10.0,0.25,predictivity,acquisition_overlap,0.48686497581477534,0.8292837093139818
homoscedastic,3,10.0,0.25,predictivity,eu_group0,0.48686497581477534,0.7818181818181817
homoscedastic,3,10.0,0.25,predictivity,eu_group1,0.48686497581477534,
homoscedastic,3,10.0,0.25,predictivity,eu_id,0.48686497581477534,0.7818181818181817
homoscedastic,3,10.0,0.25,predictivity,eu_heldout,0.48686497581477534,0.17575757575757575
homoscedastic,3,10.0,0.25,cca_type,eu_agreement,9.986644067261352e-09,0.8666666666666665
homoscedastic,3,10.0,0.25,cca_type,acquisition_overlap,9.986644067261352e-09,0.8109906863144085
homoscedastic,3,10.0,0.25,cca_type,eu_group0,9.986644067261352e-09,0.8666666666666665
homoscedastic,3,10.0,0.25,cca_type,eu_group1,9.986644067261352e-09,
homoscedastic,3,10.0,0.25,cca_type,eu_id,9.986644067261352e-09,0.7333333333333332
homoscedastic,3,10.0,0.25,cca_type,eu_heldout,9.986644067261352e-09,0.24848484848484845
homoscedastic,3,10.0,0.25,smoother_001,eu_agreement,0.0511229477922982,0.8666666666666665
homoscedastic,3,10.0,0.25,smoother_001,acquisition_overlap,0.0511229477922982,0.8109906863144085
homoscedastic,3,10.0,0.25,smoother_001,eu_group0,0.0511229477922982,0.8666666666666665
homoscedastic,3,10.0,0.25,smoother_001,eu_group1,0.0511229477922982,
homoscedastic,3,10.0,0.25,smoother_001,eu_id,0.0511229477922982,0.7333333333333332
homoscedastic,3,10.0,0.25,smoother_001,eu_heldout,0.0511229477922982,0.24848484848484845
homoscedastic,3,10.0,0.25,smoother_1,eu_agreement,0.19740448126554266,0.9151515151515152
homoscedastic,3,10.0,0.25,smoother_1,acquisition_overlap,0.19740448126554266,0.8963581269790831
homoscedastic,3,10.0,0.25,smoother_1,eu_group0,0.19740448126554266,0.9151515151515152
homoscedastic,3,10.0,0.25,smoother_1,eu_group1,0.19740448126554266,
homoscedastic,3,10.0,0.25,smoother_1,eu_id,0.19740448126554266,0.8181818181818182
homoscedastic,3,10.0,0.25,smoother_1,eu_heldout,0.19740448126554266,0.19999999999999998
homoscedastic,3,10.0,1.0,cka,eu_agreement,0.5634930215655447,0.9636363636363635
homoscedastic,3,10.0,1.0,cka,acquisition_overlap,0.5634930215655447,0.8693049274624923
homoscedastic,3,10.0,1.0,cka,eu_group0,0.5634930215655447,0.9636363636363635
homoscedastic,3,10.0,1.0,cka,eu_group1,0.5634930215655447,
homoscedastic,3,10.0,1.0,cka,eu_id,0.5634930215655447,0.9636363636363635
homoscedastic,3,10.0,1.0,cka,eu_heldout,0.5634930215655447,0.12727272727272726
homoscedastic,3,10.0,1.0,mknn,eu_agreement,0.3658582089552238,0.9515151515151514
homoscedastic,3,10.0,1.0,mknn,acquisition_overlap,0.3658582089552238,0.8814630383360936
homoscedastic,3,10.0,1.0,mknn,eu_group0,0.3658582089552238,0.9515151515151514
homoscedastic,3,10.0,1.0,mknn,eu_group1,0.3658582089552238,
homoscedastic,3,10.0,1.0,mknn,eu_id,0.3658582089552238,0.9515151515151514
homoscedastic,3,10.0,1.0,mknn,eu_heldout,0.3658582089552238,0.10303030303030303
homoscedastic,3,10.0,1.0,predictivity,eu_agreement,0.48686497581477534,0.7818181818181817
homoscedastic,3,10.0,1.0,predictivity,acquisition_overlap,0.48686497581477534,0.7781190959104827
homoscedastic,3,10.0,1.0,predictivity,eu_group0,0.48686497581477534,0.7818181818181817
homoscedastic,3,10.0,1.0,predictivity,eu_group1,0.48686497581477534,
homoscedastic,3,10.0,1.0,predictivity,eu_id,0.48686497581477534,0.7818181818181817
homoscedastic,3,10.0,1.0,predictivity,eu_heldout,0.48686497581477534,0.16363636363636364
homoscedastic,3,10.0,1.0,cca_type,eu_agreement,9.986644067261352e-09,0.8303030303030302
homoscedastic,3,10.0,1.0,cca_type,acquisition_overlap,9.986644067261352e-09,0.7416447632896788
homoscedastic,3,10.0,1.0,cca_type,eu_group0,9.986644067261352e-09,0.8303030303030302
homoscedastic,3,10.0,1.0,cca_type,eu_group1,9.986644067261352e-09,
homoscedastic,3,10.0,1.0,cca_type,eu_id,9.986644067261352e-09,0.8303030303030302
homoscedastic,3,10.0,1.0,cca_type,eu_heldout,9.986644067261352e-09,0.16363636363636364
homoscedastic,3,10.0,1.0,smoother_001,eu_agreement,0.0511229477922982,0.8303030303030302
homoscedastic,3,10.0,1.0,smoother_001,acquisition_overlap,0.0511229477922982,0.7416447632896788
homoscedastic,3,10.0,1.0,smoother_001,eu_group0,0.0511229477922982,0.8303030303030302
homoscedastic,3,10.0,1.0,smoother_001,eu_group1,0.0511229477922982,
homoscedastic,3,10.0,1.0,smoother_001,eu_id,0.0511229477922982,0.8303030303030302
homoscedastic,3,10.0,1.0,smoother_001,eu_heldout,0.0511229477922982,0.16363636363636364
homoscedastic,3,10.0,1.0,smoother_1,eu_agreement,0.19740448126554266,0.9151515151515152
homoscedastic,3,10.0,1.0,smoother_1,acquisition_overlap,0.19740448126554266,0.8632258720256917
homoscedastic,3,10.0,1.0,smoother_1,eu_group0,0.19740448126554266,0.9151515151515152
homoscedastic,3,10.0,1.0,smoother_1,eu_group1,0.19740448126554266,
homoscedastic,3,10.0,1.0,smoother_1,eu_id,0.19740448126554266,0.9151515151515152
homoscedastic,3,10.0,1.0,smoother_1,eu_heldout,0.19740448126554266,0.11515151515151514
homoscedastic,4,0.1,0.1,cka,eu_agreement,0.5647220485317801,0.9515151515151514
homoscedastic,4,0.1,0.1,cka,acquisition_overlap,0.5647220485317801,0.8303030303030302
homoscedastic,4,0.1,0.1,cka,eu_group0,0.5647220485317801,0.9515151515151514
homoscedastic,4,0.1,0.1,cka,eu_group1,0.5647220485317801,
homoscedastic,4,0.1,0.1,cka,eu_id,0.5647220485317801,0.9515151515151514
homoscedastic,4,0.1,0.1,cka,eu_heldout,0.5647220485317801,0.13939393939393938
homoscedastic,4,0.1,0.1,mknn,eu_agreement,0.34738805970149245,0.9636363636363635
homoscedastic,4,0.1,0.1,mknn,acquisition_overlap,0.34738805970149245,0.8545454545454544
homoscedastic,4,0.1,0.1,mknn,eu_group0,0.34738805970149245,0.9636363636363635
homoscedastic,4,0.1,0.1,mknn,eu_group1,0.34738805970149245,
homoscedastic,4,0.1,0.1,mknn,eu_id,0.34738805970149245,0.9636363636363635
homoscedastic,4,0.1,0.1,mknn,eu_heldout,0.34738805970149245,0.11515151515151514
homoscedastic,4,0.1,0.1,predictivity,eu_agreement,0.5321875359426693,0.9030303030303028
homoscedastic,4,0.1,0.1,predictivity,acquisition_overlap,0.5321875359426693,0.7575757575757575
homoscedastic,4,0.1,0.1,predictivity,eu_group0,0.5321875359426693,0.9030303030303028
homoscedastic,4,0.1,0.1,predictivity,eu_group1,0.5321875359426693,
homoscedastic,4,0.1,0.1,predictivity,eu_id,0.5321875359426693,0.9030303030303028
homoscedastic,4,0.1,0.1,predictivity,eu_heldout,0.5321875359426693,0.23636363636363633
homoscedastic,4,0.1,0.1,cca_type,eu_agreement,9.031923209334991e-09,0.8909090909090909
homoscedastic,4,0.1,0.1,cca_type,acquisition_overlap,9.031923209334991e-09,0.8424242424242423
homoscedastic,4,0.1,0.1,cca_type,eu_group0,9.031923209334991e-09,0.8909090909090909
homoscedastic,4,0.1,0.1,cca_type,eu_group1,9.031923209334991e-09,
homoscedastic,4,0.1,0.1,cca_type,eu_id,9.031923209334991e-09,0.8909090909090909
homoscedastic,4,0.1,0.1,cca_type,eu_heldout,9.031923209334991e-09,0.1515151515151515
homoscedastic,4,0.1,0.1,smoother_001,eu_agreement,0.04899385571074477,0.8909090909090909
homoscedastic,4,0.1,0.1,smoother_001,acquisition_overlap,0.04899385571074477,0.8424242424242423
homoscedastic,4,0.1,0.1,smoother_001,eu_group0,0.04899385571074477,0.8909090909090909
homoscedastic,4,0.1,0.1,smoother_001,eu_group1,0.04899385571074477,
homoscedastic,4,0.1,0.1,smoother_001,eu_id,0.04899385571074477,0.8909090909090909
homoscedastic,4,0.1,0.1,smoother_001,eu_heldout,0.04899385571074477,0.1515151515151515
homoscedastic,4,0.1,0.1,smoother_1,eu_agreement,0.18683776614127656,0.9272727272727272
homoscedastic,4,0.1,0.1,smoother_1,acquisition_overlap,0.18683776614127656,0.8424242424242423
homoscedastic,4,0.1,0.1,smoother_1,eu_group0,0.18683776614127656,0.9272727272727272
homoscedastic,4,0.1,0.1,smoother_1,eu_group1,0.18683776614127656,
homoscedastic,4,0.1,0.1,smoother_1,eu_id,0.18683776614127656,0.9272727272727272
homoscedastic,4,0.1,0.1,smoother_1,eu_heldout,0.18683776614127656,0.2121212121212121
homoscedastic,4,0.1,0.25,cka,eu_agreement,0.5647220485317801,0.9515151515151514
homoscedastic,4,0.1,0.25,cka,acquisition_overlap,0.5647220485317801,0.8875420937728943
homoscedastic,4,0.1,0.25,cka,eu_group0,0.5647220485317801,0.9515151515151514
homoscedastic,4,0.1,0.25,cka,eu_group1,0.5647220485317801,
homoscedastic,4,0.1,0.25,cka,eu_id,0.5647220485317801,0.9515151515151514
homoscedastic,4,0.1,0.25,cka,eu_heldout,0.5647220485317801,0.32121212121212117
homoscedastic,4,0.1,0.25,mknn,eu_agreement,0.34738805970149245,0.9515151515151514
homoscedastic,4,0.1,0.25,mknn,acquisition_overlap,0.34738805970149245,0.8936211492096949
homoscedastic,4,0.1,0.25,mknn,eu_group0,0.34738805970149245,0.9515151515151514
homoscedastic,4,0.1,0.25,mknn,eu_group1,0.34738805970149245,
homoscedastic,4,0.1,0.25,mknn,eu_id,0.34738805970149245,0.9515151515151514
homoscedastic,4,0.1,0.25,mknn,eu_heldout,0.34738805970149245,0.32121212121212117
homoscedastic,4,0.1,0.25,predictivity,eu_agreement,0.5321875359426693,0.8545454545454544
homoscedastic,4,0.1,0.25,predictivity,acquisition_overlap,0.5321875359426693,0.8632258720256917
homoscedastic,4,0.1,0.25,predictivity,eu_group0,0.5321875359426693,0.8545454545454544
homoscedastic,4,0.1,0.25,predictivity,eu_group1,0.5321875359426693,
homoscedastic,4,0.1,0.25,predictivity,eu_id,0.5321875359426693,0.8545454545454544
homoscedastic,4,0.1,0.25,predictivity,eu_heldout,0.5321875359426693,0.2727272727272727
homoscedastic,4,0.1,0.25,cca_type,eu_agreement,9.031923209334991e-09,0.8424242424242423
homoscedastic,4,0.1,0.25,cca_type,acquisition_overlap,9.031923209334991e-09,0.7294866524160775
homoscedastic,4,0.1,0.25,cca_type,eu_group0,9.031923209334991e-09,0.8424242424242423
homoscedastic,4,0.1,0.25,cca_type,eu_group1,9.031923209334991e-09,
homoscedastic,4,0.1,0.25,cca_type,eu_id,9.031923209334991e-09,0.8424242424242423
homoscedastic,4,0.1,0.25,cca_type,eu_heldout,9.031923209334991e-09,0.19999999999999998
homoscedastic,4,0.1,0.25,smoother_001,eu_agreement,0.04899385571074477,0.8424242424242423
homoscedastic,4,0.1,0.25,smoother_001,acquisition_overlap,0.04899385571074477,0.7294866524160775
homoscedastic,4,0.1,0.25,smoother_001,eu_group0,0.04899385571074477,0.8424242424242423
homoscedastic,4,0.1,0.25,smoother_001,eu_group1,0.04899385571074477,
homoscedastic,4,0.1,0.25,smoother_001,eu_id,0.04899385571074477,0.8424242424242423
homoscedastic,4,0.1,0.25,smoother_001,eu_heldout,0.04899385571074477,0.19999999999999998
homoscedastic,4,0.1,0.25,smoother_1,eu_agreement,0.18683776614127656,0.9030303030303028
homoscedastic,4,0.1,0.25,smoother_1,acquisition_overlap,0.18683776614127656,0.8571468165888911
homoscedastic,4,0.1,0.25,smoother_1,eu_group0,0.18683776614127656,0.9030303030303028
homoscedastic,4,0.1,0.25,smoother_1,eu_group1,0.18683776614127656,
homoscedastic,4,0.1,0.25,smoother_1,eu_id,0.18683776614127656,0.9030303030303028
homoscedastic,4,0.1,0.25,smoother_1,eu_heldout,0.18683776614127656,0.32121212121212117
homoscedastic,4,0.1,1.0,cka,eu_agreement,0.5647220485317801,0.9636363636363635
homoscedastic,4,0.1,1.0,cka,acquisition_overlap,0.5647220485317801,0.8475767323135548
homoscedastic,4,0.1,1.0,cka,eu_group0,0.5647220485317801,0.9636363636363635
homoscedastic,4,0.1,1.0,cka,eu_group1,0.5647220485317801,
homoscedastic,4,0.1,1.0,cka,eu_id,0.5647220485317801,0.9151515151515152
homoscedastic,4,0.1,1.0,cka,eu_heldout,0.5647220485317801,0.5393939393939393
homoscedastic,4,0.1,1.0,mknn,eu_agreement,0.34738805970149245,0.9393939393939393
homoscedastic,4,0.1,1.0,mknn,acquisition_overlap,0.34738805970149245,0.8109906863144085
homoscedastic,4,0.1,1.0,mknn,eu_group0,0.34738805970149245,0.9393939393939393
homoscedastic,4,0.1,1.0,mknn,eu_group1,0.34738805970149245,
homoscedastic,4,0.1,1.0,mknn,eu_id,0.34738805970149245,0.9393939393939393
homoscedastic,4,0.1,1.0,mknn,eu_heldout,0.34738805970149245,0.4666666666666666
homoscedastic,4,0.1,1.0,predictivity,eu_agreement,0.5321875359426693,0.8666666666666665
homoscedastic,4,0.1,1.0,predictivity,acquisition_overlap,0.5321875359426693,0.8109906863144085
homoscedastic,4,0.1,1.0,predictivity,eu_group0,0.5321875359426693,0.8666666666666665
homoscedastic,4,0.1,1.0,predictivity,eu_group1,0.5321875359426693,
homoscedastic,4,0.1,1.0,predictivity,eu_id,0.5321875359426693,0.8424242424242423
homoscedastic,4,0.1,1.0,predictivity,eu_heldout,0.5321875359426693,0.49090909090909085
homoscedastic,4,0.1,1.0,cca_type,eu_agreement,9.031923209334991e-09,0.8303030303030302
homoscedastic,4,0.1,1.0,cca_type,acquisition_overlap,9.031923209334991e-09,0.7926976633148354
homoscedastic,4,0.1,1.0,cca_type,eu_group0,9.031923209334991e-09,0.8303030303030302
homoscedastic,4,0.1,1.0,cca_type,eu_group1,9.031923209334991e-09,
homoscedastic,4,0.1,1.0,cca_type,eu_id,9.031923209334991e-09,0.7818181818181817
homoscedastic,4,0.1,1.0,cca_type,eu_heldout,9.031923209334991e-09,0.32121212121212117
homoscedastic,4,0.1,1.0,smoother_001,eu_agreement,0.04899385571074477,0.8303030303030302
homoscedastic,4,0.1,1.0,smoother_001,acquisition_overlap,0.04899385571074477,0.7926976633148354
homoscedastic,4,0.1,1.0,smoother_001,eu_group0,0.04899385571074477,0.8303030303030302
homoscedastic,4,0.1,1.0,smoother_001,eu_group1,0.04899385571074477,
homoscedastic,4,0.1,1.0,smoother_001,eu_id,0.04899385571074477,0.7818181818181817
homoscedastic,4,0.1,1.0,smoother_001,eu_heldout,0.04899385571074477,0.32121212121212117
homoscedastic,4,0.1,1.0,smoother_1,eu_agreement,0.18683776614127656,0.9151515151515152
homoscedastic,4,0.1,1.0,smoother_1,acquisition_overlap,0.18683776614127656,0.8536744066467458
homoscedastic,4,0.1,1.0,smoother_1,eu_group0,0.18683776614127656,0.9151515151515152
homoscedastic,4,0.1,1.0,smoother_1,eu_group1,0.18683776614127656,
homoscedastic,4,0.1,1.0,smoother_1,eu_id,0.18683776614127656,0.8666666666666665
homoscedastic,4,0.1,1.0,smoother_1,eu_heldout,0.18683776614127656,0.41818181818181815
homoscedastic,4,1.0,0.1,cka,eu_agreement,0.5647220485317801,0.9515151515151514
homoscedastic,4,1.0,0.1,cka,acquisition_overlap,0.5647220485317801,0.8303030303030302
homoscedastic,4,1.0,0.1,cka,eu_group0,0.5647220485317801,0.9515151515151514
homoscedastic,4,1.0,0.1,cka,eu_group1,0.5647220485317801,
homoscedastic,4,1.0,0.1,cka,eu_id,0.5647220485317801,0.9515151515151514
homoscedastic,4,1.0,0.1,cka,eu_heldout,0.5647220485317801,0.13939393939393938
homoscedastic,4,1.0,0.1,mknn,eu_agreement,0.34738805970149245,0.9636363636363635
homoscedastic,4,1.0,0.1,mknn,acquisition_overlap,0.34738805970149245,0.8545454545454544
homoscedastic,4,1.0,0.1,mknn,eu_group0,0.34738805970149245,0.9636363636363635
homoscedastic,4,1.0,0.1,mknn,eu_group1,0.34738805970149245,
homoscedastic,4,1.0,0.1,mknn,eu_id,0.34738805970149245,0.9636363636363635
homoscedastic,4,1.0,0.1,mknn,eu_heldout,0.34738805970149245,0.11515151515151514
homoscedastic,4,1.0,0.1,predictivity,eu_agreement,0.5321875359426693,0.9030303030303028
homoscedastic,4,1.0,0.1,predictivity,acquisition_overlap,0.5321875359426693,0.7575757575757575
homoscedastic,4,1.0,0.1,predictivity,eu_group0,0.5321875359426693,0.9030303030303028
homoscedastic,4,1.0,0.1,predictivity,eu_group1,0.5321875359426693,
homoscedastic,4,1.0,0.1,predictivity,eu_id,0.5321875359426693,0.9030303030303028
homoscedastic,4,1.0,0.1,predictivity,eu_heldout,0.5321875359426693,0.23636363636363633
homoscedastic,4,1.0,0.1,cca_type,eu_agreement,9.031923209334991e-09,0.8909090909090909
homoscedastic,4,1.0,0.1,cca_type,acquisition_overlap,9.031923209334991e-09,0.8424242424242423
homoscedastic,4,1.0,0.1,cca_type,eu_group0,9.031923209334991e-09,0.8909090909090909
homoscedastic,4,1.0,0.1,cca_type,eu_group1,9.031923209334991e-09,
homoscedastic,4,1.0,0.1,cca_type,eu_id,9.031923209334991e-09,0.8909090909090909
homoscedastic,4,1.0,0.1,cca_type,eu_heldout,9.031923209334991e-09,0.1515151515151515
homoscedastic,4,1.0,0.1,smoother_001,eu_agreement,0.04899385571074477,0.8909090909090909
homoscedastic,4,1.0,0.1,smoother_001,acquisition_overlap,0.04899385571074477,0.8424242424242423
homoscedastic,4,1.0,0.1,smoother_001,eu_group0,0.04899385571074477,0.8909090909090909
homoscedastic,4,1.0,0.1,smoother_001,eu_group1,0.04899385571074477,
homoscedastic,4,1.0,0.1,smoother_001,eu_id,0.04899385571074477,0.8909090909090909
homoscedastic,4,1.0,0.1,smoother_001,eu_heldout,0.04899385571074477,0.1515151515151515
homoscedastic,4,1.0,0.1,smoother_1,eu_agreement,0.18683776614127656,0.9272727272727272
homoscedastic,4,1.0,0.1,smoother_1,acquisition_overlap,0.18683776614127656,0.8424242424242423
homoscedastic,4,1.0,0.1,smoother_1,eu_group0,0.18683776614127656,0.9272727272727272
homoscedastic,4,1.0,0.1,smoother_1,eu_group1,0.18683776614127656,
homoscedastic,4,1.0,0.1,smoother_1,eu_id,0.18683776614127656,0.9272727272727272
homoscedastic,4,1.0,0.1,smoother_1,eu_heldout,0.18683776614127656,0.2121212121212121
homoscedastic,4,1.0,0.25,cka,eu_agreement,0.5647220485317801,0.9515151515151514
homoscedastic,4,1.0,0.25,cka,acquisition_overlap,0.5647220485317801,0.884162778312701
homoscedastic,4,1.0,0.25,cka,eu_group0,0.5647220485317801,0.9515151515151514
homoscedastic,4,1.0,0.25,cka,eu_group1,0.5647220485317801,
homoscedastic,4,1.0,0.25,cka,eu_id,0.5647220485317801,0.9515151515151514
homoscedastic,4,1.0,0.25,cka,eu_heldout,0.5647220485317801,0.38181818181818183
homoscedastic,4,1.0,0.25,mknn,eu_agreement,0.34738805970149245,0.9515151515151514
homoscedastic,4,1.0,0.25,mknn,acquisition_overlap,0.34738805970149245,0.884162778312701
homoscedastic,4,1.0,0.25,mknn,eu_group0,0.34738805970149245,0.9515151515151514
homoscedastic,4,1.0,0.25,mknn,eu_group1,0.34738805970149245,
homoscedastic,4,1.0,0.25,mknn,eu_id,0.34738805970149245,0.9515151515151514
homoscedastic,4,1.0,0.25,mknn,eu_heldout,0.34738805970149245,0.38181818181818183
homoscedastic,4,1.0,0.25,predictivity,eu_agreement,0.5321875359426693,0.8545454545454544
homoscedastic,4,1.0,0.25,predictivity,acquisition_overlap,0.5321875359426693,0.8475767323135548
homoscedastic,4,1.0,0.25,predictivity,eu_group0,0.5321875359426693,0.8545454545454544
homoscedastic,4,1.0,0.25,predictivity,eu_group1,0.5321875359426693,
homoscedastic,4,1.0,0.25,predictivity,eu_id,0.5321875359426693,0.8545454545454544
homoscedastic,4,1.0,0.25,predictivity,eu_heldout,0.5321875359426693,0.35757575757575755
homoscedastic,4,1.0,0.25,cca_type,eu_agreement,9.031923209334991e-09,0.8424242424242423
homoscedastic,4,1.0,0.25,cca_type,acquisition_overlap,9.031923209334991e-09,0.7195255713165428
homoscedastic,4,1.0,0.25,cca_type,eu_group0,9.031923209334991e-09,0.8424242424242423
homoscedastic,4,1.0,0.25,cca_type,eu_group1,9.031923209334991e-09,
homoscedastic,4,1.0,0.25,cca_type,eu_id,9.031923209334991e-09,0.8424242424242423
homoscedastic,4,1.0,0.25,cca_type,eu_heldout,9.031923209334991e-09,0.24848484848484845
homoscedastic,4,1.0,0.25,smoother_001,eu_agreement,0.04899385571074477,0.8424242424242423
homoscedastic,4,1.0,0.25,smoother_001,acquisition_overlap,0.04899385571074477,0.7195255713165428
homoscedastic,4,1.0,0.25,smoother_001,eu_group0,0.04899385571074477,0.8424242424242423
homoscedastic,4,1.0,0.25,smoother_001,eu_group1,0.04899385571074477,
homoscedastic,4,1.0,0.25,smoother_001,eu_id,0.04899385571074477,0.8424242424242423
homoscedastic,4,1.0,0.25,smoother_001,eu_heldout,0.04899385571074477,0.24848484848484845
homoscedastic,4,1.0,0.25,smoother_1,eu_agreement,0.18683776614127656,0.9030303030303028
homoscedastic,4,1.0,0.25,smoother_1,acquisition_overlap,0.18683776614127656,0.8536744066467458
homoscedastic,4,1.0,0.25,smoother_1,eu_group0,0.18683776614127656,0.9030303030303028
homoscedastic,4,1.0,0.25,smoother_1,eu_group1,0.18683776614127656,
homoscedastic,4,1.0,0.25,smoother_1,eu_id,0.18683776614127656,0.9030303030303028
homoscedastic,4,1.0,0.25,smoother_1,eu_heldout,0.18683776614127656,0.3939393939393939
homoscedastic,4,1.0,1.0,cka,eu_agreement,0.5647220485317801,0.9636363636363635
homoscedastic,4,1.0,1.0,cka,acquisition_overlap,0.5647220485317801,0.8475767323135548
homoscedastic,4,1.0,1.0,cka,eu_group0,0.5647220485317801,0.9636363636363635
homoscedastic,4,1.0,1.0,cka,eu_group1,0.5647220485317801,
homoscedastic,4,1.0,1.0,cka,eu_id,0.5647220485317801,0.9272727272727272
homoscedastic,4,1.0,1.0,cka,eu_heldout,0.5647220485317801,0.6121212121212121
homoscedastic,4,1.0,1.0,mknn,eu_agreement,0.34738805970149245,0.9393939393939393
homoscedastic,4,1.0,1.0,mknn,acquisition_overlap,0.34738805970149245,0.8109906863144085
homoscedastic,4,1.0,1.0,mknn,eu_group0,0.34738805970149245,0.9393939393939393
homoscedastic,4,1.0,1.0,mknn,eu_group1,0.34738805970149245,
homoscedastic,4,1.0,1.0,mknn,eu_id,0.34738805970149245,0.9515151515151514
homoscedastic,4,1.0,1.0,mknn,eu_heldout,0.34738805970149245,0.5515151515151515
homoscedastic,4,1.0,1.0,predictivity,eu_agreement,0.5321875359426693,0.8666666666666665
homoscedastic,4,1.0,1.0,predictivity,acquisition_overlap,0.5321875359426693,0.8109906863144085
homoscedastic,4,1.0,1.0,predictivity,eu_group0,0.5321875359426693,0.8666666666666665
homoscedastic,4,1.0,1.0,predictivity,eu_group1,0.5321875359426693,
homoscedastic,4,1.0,1.0,predictivity,eu_id,0.5321875359426693,0.8303030303030302
homoscedastic,4,1.0,1.0,predictivity,eu_heldout,0.5321875359426693,0.5878787878787878
homoscedastic,4,1.0,1.0,cca_type,eu_agreement,9.031923209334991e-09,0.8303030303030302
homoscedastic,4,1.0,1.0,cca_type,acquisition_overlap,9.031923209334991e-09,0.7926976633148354
homoscedastic,4,1.0,1.0,cca_type,eu_group0,9.031923209334991e-09,0.8303030303030302
homoscedastic,4,1.0,1.0,cca_type,eu_group1,9.031923209334991e-09,
homoscedastic,4,1.0,1.0,cca_type,eu_id,9.031923209334991e-09,0.7575757575757575
homoscedastic,4,1.0,1.0,cca_type,eu_heldout,9.031923209334991e-09,0.35757575757575755
homoscedastic,4,1.0,1.0,smoother_001,eu_agreement,0.04899385571074477,0.8303030303030302
homoscedastic,4,1.0,1.0,smoother_001,acquisition_overlap,0.04899385571074477,0.7926976633148354
homoscedastic,4,1.0,1.0,smoother_001,eu_group0,0.04899385571074477,0.8303030303030302
homoscedastic,4,1.0,1.0,smoother_001,eu_group1,0.04899385571074477,
homoscedastic,4,1.0,1.0,smoother_001,eu_id,0.04899385571074477,0.7575757575757575
homoscedastic,4,1.0,1.0,smoother_001,eu_heldout,0.04899385571074477,0.35757575757575755
homoscedastic,4,1.0,1.0,smoother_1,eu_agreement,0.18683776614127656,0.9151515151515152
homoscedastic,4,1.0,1.0,smoother_1,acquisition_overlap,0.18683776614127656,0.8536744066467458
homoscedastic,4,1.0,1.0,smoother_1,eu_group0,0.18683776614127656,0.9151515151515152
homoscedastic,4,1.0,1.0,smoother_1,eu_group1,0.18683776614127656,
homoscedastic,4,1.0,1.0,smoother_1,eu_id,0.18683776614127656,0.8545454545454544
homoscedastic,4,1.0,1.0,smoother_1,eu_heldout,0.18683776614127656,0.5151515151515151
homoscedastic,4,10.0,0.1,cka,eu_agreement,0.5647220485317801,0.9515151515151514
homoscedastic,4,10.0,0.1,cka,acquisition_overlap,0.5647220485317801,0.8303030303030302
homoscedastic,4,10.0,0.1,cka,eu_group0,0.5647220485317801,0.9515151515151514
homoscedastic,4,10.0,0.1,cka,eu_group1,0.5647220485317801,
homoscedastic,4,10.0,0.1,cka,eu_id,0.5647220485317801,0.9515151515151514
homoscedastic,4,10.0,0.1,cka,eu_heldout,0.5647220485317801,0.13939393939393938
homoscedastic,4,10.0,0.1,mknn,eu_agreement,0.34738805970149245,0.9636363636363635
homoscedastic,4,10.0,0.1,mknn,acquisition_overlap,0.34738805970149245,0.8545454545454544
homoscedastic,4,10.0,0.1,mknn,eu_group0,0.34738805970149245,0.9636363636363635
homoscedastic,4,10.0,0.1,mknn,eu_group1,0.34738805970149245,
homoscedastic,4,10.0,0.1,mknn,eu_id,0.34738805970149245,0.9636363636363635
homoscedastic,4,10.0,0.1,mknn,eu_heldout,0.34738805970149245,0.11515151515151514
homoscedastic,4,10.0,0.1,predictivity,eu_agreement,0.5321875359426693,0.9030303030303028
homoscedastic,4,10.0,0.1,predictivity,acquisition_overlap,0.5321875359426693,0.7575757575757575
homoscedastic,4,10.0,0.1,predictivity,eu_group0,0.5321875359426693,0.9030303030303028
homoscedastic,4,10.0,0.1,predictivity,eu_group1,0.5321875359426693,
homoscedastic,4,10.0,0.1,predictivity,eu_id,0.5321875359426693,0.9030303030303028
homoscedastic,4,10.0,0.1,predictivity,eu_heldout,0.5321875359426693,0.23636363636363633
homoscedastic,4,10.0,0.1,cca_type,eu_agreement,9.031923209334991e-09,0.8909090909090909
homoscedastic,4,10.0,0.1,cca_type,acquisition_overlap,9.031923209334991e-09,0.8424242424242423
homoscedastic,4,10.0,0.1,cca_type,eu_group0,9.031923209334991e-09,0.8909090909090909
homoscedastic,4,10.0,0.1,cca_type,eu_group1,9.031923209334991e-09,
homoscedastic,4,10.0,0.1,cca_type,eu_id,9.031923209334991e-09,0.8909090909090909
homoscedastic,4,10.0,0.1,cca_type,eu_heldout,9.031923209334991e-09,0.1515151515151515
homoscedastic,4,10.0,0.1,smoother_001,eu_agreement,0.04899385571074477,0.8909090909090909
homoscedastic,4,10.0,0.1,smoother_001,acquisition_overlap,0.04899385571074477,0.8424242424242423
homoscedastic,4,10.0,0.1,smoother_001,eu_group0,0.04899385571074477,0.8909090909090909
homoscedastic,4,10.0,0.1,smoother_001,eu_group1,0.04899385571074477,
homoscedastic,4,10.0,0.1,smoother_001,eu_id,0.04899385571074477,0.8909090909090909
homoscedastic,4,10.0,0.1,smoother_001,eu_heldout,0.04899385571074477,0.1515151515151515
homoscedastic,4,10.0,0.1,smoother_1,eu_agreement,0.18683776614127656,0.9272727272727272
homoscedastic,4,10.0,0.1,smoother_1,acquisition_overlap,0.18683776614127656,0.8424242424242423
homoscedastic,4,10.0,0.1,smoother_1,eu_group0,0.18683776614127656,0.9272727272727272
homoscedastic,4,10.0,0.1,smoother_1,eu_group1,0.18683776614127656,
homoscedastic,4,10.0,0.1,smoother_1,eu_id,0.18683776614127656,0.9272727272727272
homoscedastic,4,10.0,0.1,smoother_1,eu_heldout,0.18683776614127656,0.2121212121212121
homoscedastic,4,10.0,0.25,cka,eu_agreement,0.5647220485317801,0.9515151515151514
homoscedastic,4,10.0,0.25,cka,acquisition_overlap,0.5647220485317801,0.884162778312701
homoscedastic,4,10.0,0.25,cka,eu_group0,0.5647220485317801,0.9515151515151514
homoscedastic,4,10.0,0.25,cka,eu_group1,0.5647220485317801,
homoscedastic,4,10.0,0.25,cka,eu_id,0.5647220485317801,0.9515151515151514
homoscedastic,4,10.0,0.25,cka,eu_heldout,0.5647220485317801,0.38181818181818183
homoscedastic,4,10.0,0.25,mknn,eu_agreement,0.34738805970149245,0.9515151515151514
homoscedastic,4,10.0,0.25,mknn,acquisition_overlap,0.34738805970149245,0.884162778312701
homoscedastic,4,10.0,0.25,mknn,eu_group0,0.34738805970149245,0.9515151515151514
homoscedastic,4,10.0,0.25,mknn,eu_group1,0.34738805970149245,
homoscedastic,4,10.0,0.25,mknn,eu_id,0.34738805970149245,0.9515151515151514
homoscedastic,4,10.0,0.25,mknn,eu_heldout,0.34738805970149245,0.38181818181818183
homoscedastic,4,10.0,0.25,predictivity,eu_agreement,0.5321875359426693,0.8545454545454544
homoscedastic,4,10.0,0.25,predictivity,acquisition_overlap,0.5321875359426693,0.8475767323135548
homoscedastic,4,10.0,0.25,predictivity,eu_group0,0.5321875359426693,0.8545454545454544
homoscedastic,4,10.0,0.25,predictivity,eu_group1,0.5321875359426693,
homoscedastic,4,10.0,0.25,predictivity,eu_id,0.5321875359426693,0.8545454545454544
homoscedastic,4,10.0,0.25,predictivity,eu_heldout,0.5321875359426693,0.35757575757575755
homoscedastic,4,10.0,0.25,cca_type,eu_agreement,9.031923209334991e-09,0.8424242424242423
homoscedastic,4,10.0,0.25,cca_type,acquisition_overlap,9.031923209334991e-09,0.7195255713165428
homoscedastic,4,10.0,0.25,cca_type,eu_group0,9.031923209334991e-09,0.8424242424242423
homoscedastic,4,10.0,0.25,cca_type,eu_group1,9.031923209334991e-09,
homoscedastic,4,10.0,0.25,cca_type,eu_id,9.031923209334991e-09,0.8424242424242423
homoscedastic,4,10.0,0.25,cca_type,eu_heldout,9.031923209334991e-09,0.24848484848484845
homoscedastic,4,10.0,0.25,smoother_001,eu_agreement,0.04899385571074477,0.8424242424242423
homoscedastic,4,10.0,0.25,smoother_001,acquisition_overlap,0.04899385571074477,0.7195255713165428
homoscedastic,4,10.0,0.25,smoother_001,eu_group0,0.04899385571074477,0.8424242424242423
homoscedastic,4,10.0,0.25,smoother_001,eu_group1,0.04899385571074477,
homoscedastic,4,10.0,0.25,smoother_001,eu_id,0.04899385571074477,0.8424242424242423
homoscedastic,4,10.0,0.25,smoother_001,eu_heldout,0.04899385571074477,0.24848484848484845
homoscedastic,4,10.0,0.25,smoother_1,eu_agreement,0.18683776614127656,0.9030303030303028
homoscedastic,4,10.0,0.25,smoother_1,acquisition_overlap,0.18683776614127656,0.8536744066467458
homoscedastic,4,10.0,0.25,smoother_1,eu_group0,0.18683776614127656,0.9030303030303028
homoscedastic,4,10.0,0.25,smoother_1,eu_group1,0.18683776614127656,
homoscedastic,4,10.0,0.25,smoother_1,eu_id,0.18683776614127656,0.9030303030303028
homoscedastic,4,10.0,0.25,smoother_1,eu_heldout,0.18683776614127656,0.3939393939393939
homoscedastic,4,10.0,1.0,cka,eu_agreement,0.5647220485317801,0.9636363636363635
homoscedastic,4,10.0,1.0,cka,acquisition_overlap,0.5647220485317801,0.8389096502784891
homoscedastic,4,10.0,1.0,cka,eu_group0,0.5647220485317801,0.9636363636363635
homoscedastic,4,10.0,1.0,cka,eu_group1,0.5647220485317801,
homoscedastic,4,10.0,1.0,cka,eu_id,0.5647220485317801,0.9272727272727272
homoscedastic,4,10.0,1.0,cka,eu_heldout,0.5647220485317801,0.6
homoscedastic,4,10.0,1.0,mknn,eu_agreement,0.34738805970149245,0.9393939393939393
homoscedastic,4,10.0,1.0,mknn,acquisition_overlap,0.34738805970149245,0.8145934285312865
homoscedastic,4,10.0,1.0,mknn,eu_group0,0.34738805970149245,0.9393939393939393
homoscedastic,4,10.0,1.0,mknn,eu_group1,0.34738805970149245,
homoscedastic,4,10.0,1.0,mknn,eu_id,0.34738805970149245,0.9515151515151514
homoscedastic,4,10.0,1.0,mknn,eu_heldout,0.34738805970149245,0.5272727272727272
homoscedastic,4,10.0,1.0,predictivity,eu_agreement,0.5321875359426693,0.8666666666666665
homoscedastic,4,10.0,1.0,predictivity,acquisition_overlap,0.5321875359426693,0.790277206784084
homoscedastic,4,10.0,1.0,predictivity,eu_group0,0.5321875359426693,0.8666666666666665
homoscedastic,4,10.0,1.0,predictivity,eu_group1,0.5321875359426693,
homoscedastic,4,10.0,1.0,predictivity,eu_id,0.5321875359426693,0.8303030303030302
homoscedastic,4,10.0,1.0,predictivity,eu_heldout,0.5321875359426693,0.5757575757575757
homoscedastic,4,10.0,1.0,cca_type,eu_agreement,9.031923209334991e-09,0.8303030303030302
homoscedastic,4,10.0,1.0,cca_type,acquisition_overlap,9.031923209334991e-09,0.7598819296000807
homoscedastic,4,10.0,1.0,cca_type,eu_group0,9.031923209334991e-09,0.8303030303030302
homoscedastic,4,10.0,1.0,cca_type,eu_group1,9.031923209334991e-09,
homoscedastic,4,10.0,1.0,cca_type,eu_id,9.031923209334991e-09,0.7575757575757575
homoscedastic,4,10.0,1.0,cca_type,eu_heldout,9.031923209334991e-09,0.3696969696969697
homoscedastic,4,10.0,1.0,smoother_001,eu_agreement,0.04899385571074477,0.8303030303030302
homoscedastic,4,10.0,1.0,smoother_001,acquisition_overlap,0.04899385571074477,0.7598819296000807
homoscedastic,4,10.0,1.0,smoother_001,eu_group0,0.04899385571074477,0.8303030303030302
homoscedastic,4,10.0,1.0,smoother_001,eu_group1,0.04899385571074477,
homoscedastic,4,10.0,1.0,smoother_001,eu_id,0.04899385571074477,0.7575757575757575
homoscedastic,4,10.0,1.0,smoother_001,eu_heldout,0.04899385571074477,0.3696969696969697
homoscedastic,4,10.0,1.0,smoother_1,eu_agreement,0.18683776614127656,0.9151515151515152
homoscedastic,4,10.0,1.0,smoother_1,acquisition_overlap,0.18683776614127656,0.8510677611520905
homoscedastic,4,10.0,1.0,smoother_1,eu_group0,0.18683776614127656,0.9151515151515152
homoscedastic,4,10.0,1.0,smoother_1,eu_group1,0.18683776614127656,
homoscedastic,4,10.0,1.0,smoother_1,eu_id,0.18683776614127656,0.8545454545454544
homoscedastic,4,10.0,1.0,smoother_1,eu_heldout,0.18683776614127656,0.49090909090909085
