encoder,factor,level,target,measure,S,R,verdict
clip_b16,data,frac_1.0,R_eu,cka,1.000000000605048,1.0,consistent
clip_b16,data,frac_0.5,R_eu,cka,1.000000000605048,0.9851453039863258,consistent
clip_b16,data,frac_0.25,R_eu,cka,1.000000000605048,0.9413606977401743,blind
clip_b16,data,frac_0.1,R_eu,cka,1.000000000605048,0.8951692859923215,blind
clip_b16,data,disjoint,R_eu,cka,1.000000000605048,0.9764587979146995,blind
clip_b16,data,frac_1.0,R_eu,mknn,1.0,1.0,consistent
clip_b16,data,frac_0.5,R_eu,mknn,1.0,0.9851453039863258,consistent
clip_b16,data,frac_0.25,R_eu,mknn,1.0,0.9413606977401743,blind
clip_b16,data,frac_0.1,R_eu,mknn,1.0,0.8951692859923215,blind
clip_b16,data,disjoint,R_eu,mknn,1.0,0.9764587979146995,blind
clip_b16,data,frac_1.0,R_eu,predictivity,0.99997869791474,1.0,consistent
clip_b16,data,frac_0.5,R_eu,predictivity,0.99997869791474,0.9851453039863258,consistent
clip_b16,data,frac_0.25,R_eu,predictivity,0.99997869791474,0.9413606977401743,blind
clip_b16,data,frac_0.1,R_eu,predictivity,0.99997869791474,0.8951692859923215,blind
clip_b16,data,disjoint,R_eu,predictivity,0.99997869791474,0.9764587979146995,blind
clip_b16,data,frac_1.0,R_eu,cca_type,1.000000000162898,1.0,consistent
clip_b16,data,frac_0.5,R_eu,cca_type,1.000000000162898,0.9851453039863258,consistent
clip_b16,data,frac_0.25,R_eu,cca_type,1.000000000162898,0.9413606977401743,blind
clip_b16,data,frac_0.1,R_eu,cca_type,1.000000000162898,0.8951692859923215,blind
clip_b16,data,disjoint,R_eu,cca_type,1.000000000162898,0.9764587979146995,blind
clip_b16,data,frac_1.0,R_au,cka,1.000000000605048,1.0,consistent
clip_b16,data,frac_0.5,R_au,cka,1.000000000605048,0.9599148524787131,blind
clip_b16,data,frac_0.25,R_au,cka,1.000000000605048,0.9283808785952197,blind
clip_b16,data,frac_0.1,R_au,cka,1.000000000605048,0.8800659289164822,blind
clip_b16,data,disjoint,R_au,cka,1.000000000605048,0.9063759174939792,blind
clip_b16,data,frac_1.0,R_au,mknn,1.0,1.0,consistent
clip_b16,data,frac_0.5,R_au,mknn,1.0,0.9599148524787131,blind
clip_b16,data,frac_0.25,R_au,mknn,1.0,0.9283808785952197,blind
clip_b16,data,frac_0.1,R_au,mknn,1.0,0.8800659289164822,blind
clip_b16,data,disjoint,R_au,mknn,1.0,0.9063759174939792,blind
clip_b16,data,frac_1.0,R_au,predictivity,0.99997869791474,1.0,consistent
clip_b16,data,frac_0.5,R_au,predictivity,0.99997869791474,0.9599148524787131,blind
clip_b16,data,frac_0.25,R_au,predictivity,0.99997869791474,0.9283808785952197,blind
clip_b16,data,frac_0.1,R_au,predictivity,0.99997869791474,0.8800659289164822,blind
clip_b16,data,disjoint,R_au,predictivity,0.99997869791474,0.9063759174939792,blind
clip_b16,data,frac_1.0,R_au,cca_type,1.000000000162898,1.0,consistent
clip_b16,data,frac_0.5,R_au,cca_type,1.000000000162898,0.9599148524787131,blind
clip_b16,data,frac_0.25,R_au,cca_type,1.000000000162898,0.9283808785952197,blind
clip_b16,data,frac_0.1,R_au,cca_type,1.000000000162898,0.8800659289164822,blind
clip_b16,data,disjoint,R_au,cca_type,1.000000000162898,0.9063759174939792,blind
clip_b16,data,frac_1.0,R_mi,cka,1.000000000605048,1.0,consistent
clip_b16,data,frac_0.5,R_mi,cka,1.000000000605048,0.9451661526230902,blind
clip_b16,data,frac_0.25,R_mi,cka,1.000000000605048,0.9103776018341158,blind
clip_b16,data,frac_0.1,R_mi,cka,1.000000000605048,0.8530075424595107,blind
clip_b16,data,disjoint,R_mi,cka,1.000000000605048,0.8887170980498489,blind
clip_b16,data,frac_1.0,R_mi,mknn,1.0,1.0,consistent
clip_b16,data,frac_0.5,R_mi,mknn,1.0,0.9451661526230902,blind
clip_b16,data,frac_0.25,R_mi,mknn,1.0,0.9103776018341158,blind
clip_b16,data,frac_0.1,R_mi,mknn,1.0,0.8530075424595107,blind
clip_b16,data,disjoint,R_mi,mknn,1.0,0.8887170980498489,blind
clip_b16,data,frac_1.0,R_mi,predictivity,0.99997869791474,1.0,consistent
clip_b16,data,frac_0.5,R_mi,predictivity,0.99997869791474,0.9451661526230902,blind
clip_b16,data,frac_0.25,R_mi,predictivity,0.99997869791474,0.9103776018341158,blind
clip_b16,data,frac_0.1,R_mi,predictivity,0.99997869791474,0.8530075424595107,blind
clip_b16,data,disjoint,R_mi,predictivity,0.99997869791474,0.8887170980498489,blind
clip_b16,data,frac_1.0,R_mi,cca_type,1.000000000162898,1.0,consistent
clip_b16,data,frac_0.5,R_mi,cca_type,1.000000000162898,0.9451661526230902,blind
clip_b16,data,frac_0.25,R_mi,cca_type,1.000000000162898,0.9103776018341158,blind
clip_b16,data,frac_0.1,R_mi,cca_type,1.000000000162898,0.8530075424595107,blind
clip_b16,data,disjoint,R_mi,cca_type,1.000000000162898,0.8887170980498489,blind
clip_b16,data,frac_1.0,R_width,cka,1.000000000605048,1.0,consistent
clip_b16,data,frac_0.5,R_width,cka,1.000000000605048,0.9528564363141092,blind
clip_b16,data,frac_0.25,R_width,cka,1.000000000605048,0.9189011153252788,blind
clip_b16,data,frac_0.1,R_width,cka,1.000000000605048,0.8656047871011967,blind
clip_b16,data,disjoint,R_width,cka,1.000000000605048,0.8964429345107335,blind
clip_b16,data,frac_1.0,R_width,mknn,1.0,1.0,consistent
clip_b16,data,frac_0.5,R_width,mknn,1.0,0.9528564363141092,blind
clip_b16,data,frac_0.25,R_width,mknn,1.0,0.9189011153252788,blind
clip_b16,data,frac_0.1,R_width,mknn,1.0,0.8656047871011967,blind
clip_b16,data,disjoint,R_width,mknn,1.0,0.8964429345107335,blind
clip_b16,data,frac_1.0,R_width,predictivity,0.99997869791474,1.0,consistent
clip_b16,data,frac_0.5,R_width,predictivity,0.99997869791474,0.9528564363141092,blind
clip_b16,data,frac_0.25,R_width,predictivity,0.99997869791474,0.9189011153252788,blind
clip_b16,data,frac_0.1,R_width,predictivity,0.99997869791474,0.8656047871011967,blind
clip_b16,data,disjoint,R_width,predictivity,0.99997869791474,0.8964429345107335,blind
clip_b16,data,frac_1.0,R_width,cca_type,1.000000000162898,1.0,consistent
clip_b16,data,frac_0.5,R_width,cca_type,1.000000000162898,0.9528564363141092,blind
clip_b16,data,frac_0.25,R_width,cca_type,1.000000000162898,0.9189011153252788,blind
clip_b16,data,frac_0.1,R_width,cca_type,1.000000000162898,0.8656047871011967,blind
clip_b16,data,disjoint,R_width,cca_type,1.000000000162898,0.8964429345107335,blind
clip_b16,linear,identity,R_eu,cka,1.000000000605048,1.0,consistent
clip_b16,linear,mapped,R_eu,cka,0.9801209706051699,0.9996121110030277,false alarm
clip_b16,linear,identity,R_eu,mknn,1.0,1.0,consistent
clip_b16,linear,mapped,R_eu,mknn,0.7790087890625,0.9996121110030277,false alarm
clip_b16,linear,identity,R_eu,predictivity,0.99997869791474,1.0,consistent
clip_b16,linear,mapped,R_eu,predictivity,0.9996605936145257,0.9996121110030277,consistent
clip_b16,linear,identity,R_eu,cca_type,1.000000000162898,1.0,consistent
clip_b16,linear,mapped,R_eu,cca_type,0.9999999990489303,0.9996121110030277,consistent
clip_b16,linear,identity,R_au,cka,1.000000000605048,1.0,consistent
clip_b16,linear,mapped,R_au,cka,0.9801209706051699,0.9802197347549336,false alarm
clip_b16,linear,identity,R_au,mknn,1.0,1.0,consistent
clip_b16,linear,mapped,R_au,mknn,0.7790087890625,0.9802197347549336,false alarm
clip_b16,linear,identity,R_au,predictivity,0.99997869791474,1.0,consistent
clip_b16,linear,mapped,R_au,predictivity,0.9996605936145257,0.9802197347549336,consistent
clip_b16,linear,identity,R_au,cca_type,1.000000000162898,1.0,consistent
clip_b16,linear,mapped,R_au,cca_type,0.9999999990489303,0.9802197347549336,consistent
clip_b16,linear,identity,R_mi,cka,1.000000000605048,1.0,consistent
clip_b16,linear,mapped,R_mi,cka,0.9801209706051699,0.9758463699417865,consistent
clip_b16,linear,identity,R_mi,mknn,1.0,1.0,consistent
clip_b16,linear,mapped,R_mi,mknn,0.7790087890625,0.9758463699417865,consistent
clip_b16,linear,identity,R_mi,predictivity,0.99997869791474,1.0,consistent
clip_b16,linear,mapped,R_mi,predictivity,0.9996605936145257,0.9758463699417865,blind
clip_b16,linear,identity,R_mi,cca_type,1.000000000162898,1.0,consistent
clip_b16,linear,mapped,R_mi,cca_type,0.9999999990489303,0.9758463699417865,blind
clip_b16,linear,identity,R_width,cka,1.000000000605048,1.0,consistent
clip_b16,linear,mapped,R_width,cka,0.9801209706051699,0.9772163728040931,consistent
clip_b16,linear,identity,R_width,mknn,1.0,1.0,consistent
clip_b16,linear,mapped,R_width,mknn,0.7790087890625,0.9772163728040931,consistent
clip_b16,linear,identity,R_width,predictivity,0.99997869791474,1.0,consistent
clip_b16,linear,mapped,R_width,predictivity,0.9996605936145257,0.9772163728040931,blind
clip_b16,linear,identity,R_width,cca_type,1.000000000162898,1.0,consistent
clip_b16,linear,mapped,R_width,cca_type,0.9999999990489303,0.9772163728040931,blind
clip_b16,rotation,identity,R_eu,cka,1.000000000605048,1.0,consistent
clip_b16,rotation,mapped,R_eu,cka,1.0000000003477194,0.9999999990999997,consistent
clip_b16,rotation,identity,R_eu,mknn,1.0,1.0,consistent
clip_b16,rotation,mapped,R_eu,mknn,1.0,0.9999999990999997,consistent
clip_b16,rotation,identity,R_eu,predictivity,0.99997869791474,1.0,consistent
clip_b16,rotation,mapped,R_eu,predictivity,0.9999786979145439,0.9999999990999997,consistent
clip_b16,rotation,identity,R_eu,cca_type,1.000000000162898,1.0,consistent
clip_b16,rotation,mapped,R_eu,cca_type,1.000000000190622,0.9999999990999997,consistent
clip_b16,rotation,identity,R_au,cka,1.000000000605048,1.0,consistent
clip_b16,rotation,mapped,R_au,cka,1.0000000003477194,0.9999973182993296,consistent
clip_b16,rotation,identity,R_au,mknn,1.0,1.0,consistent
clip_b16,rotation,mapped,R_au,mknn,1.0,0.9999973182993296,consistent
clip_b16,rotation,identity,R_au,predictivity,0.99997869791474,1.0,consistent
clip_b16,rotation,mapped,R_au,predictivity,0.9999786979145439,0.9999973182993296,consistent
clip_b16,rotation,identity,R_au,cca_type,1.000000000162898,1.0,consistent
clip_b16,rotation,mapped,R_au,cca_type,1.000000000190622,0.9999973182993296,consistent
clip_b16,rotation,identity,R_mi,cka,1.000000000605048,1.0,consistent
clip_b16,rotation,mapped,R_mi,cka,1.0000000003477194,0.9999872343914149,consistent
clip_b16,rotation,identity,R_mi,mknn,1.0,1.0,consistent
clip_b16,rotation,mapped,R_mi,mknn,1.0,0.9999872343914149,consistent
clip_b16,rotation,identity,R_mi,predictivity,0.99997869791474,1.0,consistent
clip_b16,rotation,mapped,R_mi,predictivity,0.9999786979145439,0.9999872343914149,consistent
clip_b16,rotation,identity,R_mi,cca_type,1.000000000162898,1.0,consistent
clip_b16,rotation,mapped,R_mi,cca_type,1.000000000190622,0.9999872343914149,consistent
clip_b16,rotation,identity,R_width,cka,1.000000000605048,1.0,consistent
clip_b16,rotation,mapped,R_width,cka,1.0000000003477194,0.9999960468990118,consistent
clip_b16,rotation,identity,R_width,mknn,1.0,1.0,consistent
clip_b16,rotation,mapped,R_width,mknn,1.0,0.9999960468990118,consistent
clip_b16,rotation,identity,R_width,predictivity,0.99997869791474,1.0,consistent
clip_b16,rotation,mapped,R_width,predictivity,0.9999786979145439,0.9999960468990118,consistent
clip_b16,rotation,identity,R_width,cca_type,1.000000000162898,1.0,consistent
clip_b16,rotation,mapped,R_width,cca_type,1.000000000190622,0.9999960468990118,consistent
clip_b16,tail,s_1.0,R_eu,cka,1.000000000605048,1.0,consistent
clip_b16,tail,s_1.5,R_eu,cka,0.9997703794448997,0.999989128297282,consistent
clip_b16,tail,s_2.0,R_eu,cka,0.9986831935423306,0.9999813696953425,consistent
clip_b16,tail,s_3.0,R_eu,cka,0.9908193844568058,0.9999743229935806,consistent
clip_b16,tail,s_1.0,R_eu,mknn,1.0,1.0,consistent
clip_b16,tail,s_1.5,R_eu,mknn,0.9287329101562503,0.999989128297282,false alarm
clip_b16,tail,s_2.0,R_eu,mknn,0.8578710937500003,0.9999813696953425,false alarm
clip_b16,tail,s_3.0,R_eu,mknn,0.725146484375,0.9999743229935806,false alarm
clip_b16,tail,s_1.0,R_eu,predictivity,0.99997869791474,1.0,consistent
clip_b16,tail,s_1.5,R_eu,predictivity,0.9999753046948463,0.999989128297282,consistent
clip_b16,tail,s_2.0,R_eu,predictivity,0.9999636304334436,0.9999813696953425,consistent
clip_b16,tail,s_3.0,R_eu,predictivity,0.9999369379178538,0.9999743229935806,consistent
clip_b16,tail,s_1.0,R_eu,cca_type,1.000000000162898,1.0,consistent
clip_b16,tail,s_1.5,R_eu,cca_type,1.0000000000848321,0.999989128297282,consistent
clip_b16,tail,s_2.0,R_eu,cca_type,0.9999999999673491,0.9999813696953425,consistent
clip_b16,tail,s_3.0,R_eu,cca_type,0.9999999998607809,0.9999743229935806,consistent
clip_b16,tail,s_1.0,R_au,cka,1.000000000605048,1.0,consistent
clip_b16,tail,s_1.5,R_au,cka,0.9997703794448997,0.9979077418769353,consistent
clip_b16,tail,s_2.0,R_au,cka,0.9986831935423306,0.9927398484849622,consistent
clip_b16,tail,s_3.0,R_au,cka,0.9908193844568058,0.9782980869745217,blind
clip_b16,tail,s_1.0,R_au,mknn,1.0,1.0,consistent
clip_b16,tail,s_1.5,R_au,mknn,0.9287329101562503,0.9979077418769353,false alarm
clip_b16,tail,s_2.0,R_au,mknn,0.8578710937500003,0.9927398484849622,false alarm
clip_b16,tail,s_3.0,R_au,mknn,0.725146484375,0.9782980869745217,consistent
clip_b16,tail,s_1.0,R_au,predictivity,0.99997869791474,1.0,consistent
clip_b16,tail,s_1.5,R_au,predictivity,0.9999753046948463,0.9979077418769353,consistent
clip_b16,tail,s_2.0,R_au,predictivity,0.9999636304334436,0.9927398484849622,consistent
clip_b16,tail,s_3.0,R_au,predictivity,0.9999369379178538,0.9782980869745217,blind
clip_b16,tail,s_1.0,R_au,cca_type,1.000000000162898,1.0,consistent
clip_b16,tail,s_1.5,R_au,cca_type,1.0000000000848321,0.9979077418769353,consistent
clip_b16,tail,s_2.0,R_au,cca_type,0.9999999999673491,0.9927398484849622,consistent
clip_b16,tail,s_3.0,R_au,cca_type,0.9999999998607809,0.9782980869745217,blind
clip_b16,tail,s_1.0,R_mi,cka,1.000000000605048,1.0,consistent
clip_b16,tail,s_1.5,R_mi,cka,0.9997703794448997,0.9970338172112487,consistent
clip_b16,tail,s_2.0,R_mi,cka,0.9986831935423306,0.99006978892728,consistent
clip_b16,tail,s_3.0,R_mi,cka,0.9908193844568058,0.9712939375246838,blind
clip_b16,tail,s_1.0,R_mi,mknn,1.0,1.0,consistent
clip_b16,tail,s_1.5,R_mi,mknn,0.9287329101562503,0.9970338172112487,false alarm
clip_b16,tail,s_2.0,R_mi,mknn,0.8578710937500003,0.99006978892728,false alarm
clip_b16,tail,s_3.0,R_mi,mknn,0.725146484375,0.9712939375246838,consistent
clip_b16,tail,s_1.0,R_mi,predictivity,0.99997869791474,1.0,consistent
clip_b16,tail,s_1.5,R_mi,predictivity,0.9999753046948463,0.9970338172112487,consistent
clip_b16,tail,s_2.0,R_mi,predictivity,0.9999636304334436,0.99006978892728,consistent
clip_b16,tail,s_3.0,R_mi,predictivity,0.9999369379178538,0.9712939375246838,blind
clip_b16,tail,s_1.0,R_mi,cca_type,1.000000000162898,1.0,consistent
clip_b16,tail,s_1.5,R_mi,cca_type,1.0000000000848321,0.9970338172112487,consistent
clip_b16,tail,s_2.0,R_mi,cca_type,0.9999999999673491,0.99006978892728,consistent
clip_b16,tail,s_3.0,R_mi,cca_type,0.9999999998607809,0.9712939375246838,blind
clip_b16,tail,s_1.0,R_width,cka,1.000000000605048,1.0,consistent
clip_b16,tail,s_1.5,R_width,cka,0.9997703794448997,0.9972849759212439,consistent
clip_b16,tail,s_2.0,R_width,cka,0.9986831935423306,0.9910798991699747,consistent
clip_b16,tail,s_3.0,R_width,cka,0.9908193844568058,0.9746284368571093,blind
clip_b16,tail,s_1.0,R_width,mknn,1.0,1.0,consistent
clip_b16,tail,s_1.5,R_width,mknn,0.9287329101562503,0.9972849759212439,false alarm
clip_b16,tail,s_2.0,R_width,mknn,0.8578710937500003,0.9910798991699747,false alarm
clip_b16,tail,s_3.0,R_width,mknn,0.725146484375,0.9746284368571093,consistent
clip_b16,tail,s_1.0,R_width,predictivity,0.99997869791474,1.0,consistent
clip_b16,tail,s_1.5,R_width,predictivity,0.9999753046948463,0.9972849759212439,consistent
clip_b16,tail,s_2.0,R_width,predictivity,0.9999636304334436,0.9910798991699747,consistent
clip_b16,tail,s_3.0,R_width,predictivity,0.9999369379178538,0.9746284368571093,blind
clip_b16,tail,s_1.0,R_width,cca_type,1.000000000162898,1.0,consistent
clip_b16,tail,s_1.5,R_width,cca_type,1.0000000000848321,0.9972849759212439,consistent
clip_b16,tail,s_2.0,R_width,cca_type,0.9999999999673491,0.9910798991699747,consistent
clip_b16,tail,s_3.0,R_width,cca_type,0.9999999998607809,0.9746284368571093,blind
convnext_s,data,frac_1.0,R_eu,cka,1.0000000001914402,1.0,consistent
convnext_s,data,frac_0.5,R_eu,cka,1.0000000001914402,0.992297540074385,consistent
convnext_s,data,frac_0.25,R_eu,cka,1.0000000001914402,0.9690519166629791,blind
convnext_s,data,frac_0.1,R_eu,cka,1.0000000001914402,0.9448369567092391,blind
convnext_s,data,disjoint,R_eu,cka,1.0000000001914402,0.9873900341475086,consistent
convnext_s,data,frac_1.0,R_eu,mknn,1.0,1.0,consistent
convnext_s,data,frac_0.5,R_eu,mknn,1.0,0.992297540074385,consistent
convnext_s,data,frac_0.25,R_eu,mknn,1.0,0.9690519166629791,blind
convnext_s,data,frac_0.1,R_eu,mknn,1.0,0.9448369567092391,blind
convnext_s,data,disjoint,R_eu,mknn,1.0,0.9873900341475086,consistent
convnext_s,data,frac_1.0,R_eu,predictivity,0.9999898949487003,1.0,consistent
convnext_s,data,frac_0.5,R_eu,predictivity,0.9999898949487003,0.992297540074385,consistent
convnext_s,data,frac_0.25,R_eu,predictivity,0.9999898949487003,0.9690519166629791,blind
convnext_s,data,frac_0.1,R_eu,predictivity,0.9999898949487003,0.9448369567092391,blind
convnext_s,data,disjoint,R_eu,predictivity,0.9999898949487003,0.9873900341475086,consistent
convnext_s,data,frac_1.0,R_eu,cca_type,0.999999999935364,1.0,consistent
convnext_s,data,frac_0.5,R_eu,cca_type,0.999999999935364,0.992297540074385,consistent
convnext_s,data,frac_0.25,R_eu,cca_type,0.999999999935364,0.9690519166629791,blind
convnext_s,data,frac_0.1,R_eu,cca_type,0.999999999935364,0.9448369567092391,blind
convnext_s,data,disjoint,R_eu,cca_type,0.999999999935364,0.9873900341475086,consistent
convnext_s,data,frac_1.0,R_au,cka,1.0000000001914402,1.0,consistent
convnext_s,data,frac_0.5,R_au,cka,1.0000000001914402,0.9621003422250854,blind
convnext_s,data,frac_0.25,R_au,cka,1.0000000001914402,0.9337116378279093,blind
convnext_s,data,frac_0.1,R_au,cka,1.0000000001914402,0.8887796623949156,blind
convnext_s,data,disjoint,R_au,cka,1.0000000001914402,0.9054472747618186,blind
convnext_s,data,frac_1.0,R_au,mknn,1.0,1.0,consistent
convnext_s,data,frac_0.5,R_au,mknn,1.0,0.9621003422250854,blind
convnext_s,data,frac_0.25,R_au,mknn,1.0,0.9337116378279093,blind
convnext_s,data,frac_0.1,R_au,mknn,1.0,0.8887796623949156,blind
convnext_s,data,disjoint,R_au,mknn,1.0,0.9054472747618186,blind
convnext_s,data,frac_1.0,R_au,predictivity,0.9999898949487003,1.0,consistent
convnext_s,data,frac_0.5,R_au,predictivity,0.9999898949487003,0.9621003422250854,blind
convnext_s,data,frac_0.25,R_au,predictivity,0.9999898949487003,0.9337116378279093,blind
convnext_s,data,frac_0.1,R_au,predictivity,0.9999898949487003,0.8887796623949156,blind
convnext_s,data,disjoint,R_au,predictivity,0.9999898949487003,0.9054472747618186,blind
convnext_s,data,frac_1.0,R_au,cca_type,0.999999999935364,1.0,consistent
convnext_s,data,frac_0.5,R_au,cca_type,0.999999999935364,0.9621003422250854,blind
convnext_s,data,frac_0.25,R_au,cca_type,0.999999999935364,0.9337116378279093,blind
convnext_s,data,frac_0.1,R_au,cca_type,0.999999999935364,0.8887796623949156,blind
convnext_s,data,disjoint,R_au,cca_type,0.999999999935364,0.9054472747618186,blind
convnext_s,data,frac_1.0,R_mi,cka,1.0000000001914402,1.0,consistent
convnext_s,data,frac_0.5,R_mi,cka,1.0000000001914402,0.9500758623510526,blind
convnext_s,data,frac_0.25,R_mi,cka,1.0000000001914402,0.9191762213971973,blind
convnext_s,data,frac_0.1,R_mi,cka,1.0000000001914402,0.8644509364321585,blind
convnext_s,data,disjoint,R_mi,cka,1.0000000001914402,0.890057536337058,blind
convnext_s,data,frac_1.0,R_mi,mknn,1.0,1.0,consistent
convnext_s,data,frac_0.5,R_mi,mknn,1.0,0.9500758623510526,blind
convnext_s,data,frac_0.25,R_mi,mknn,1.0,0.9191762213971973,blind
convnext_s,data,frac_0.1,R_mi,mknn,1.0,0.8644509364321585,blind
convnext_s,data,disjoint,R_mi,mknn,1.0,0.890057536337058,blind
convnext_s,data,frac_1.0,R_mi,predictivity,0.9999898949487003,1.0,consistent
convnext_s,data,frac_0.5,R_mi,predictivity,0.9999898949487003,0.9500758623510526,blind
convnext_s,data,frac_0.25,R_mi,predictivity,0.9999898949487003,0.9191762213971973,blind
convnext_s,data,frac_0.1,R_mi,predictivity,0.9999898949487003,0.8644509364321585,blind
convnext_s,data,disjoint,R_mi,predictivity,0.9999898949487003,0.890057536337058,blind
convnext_s,data,frac_1.0,R_mi,cca_type,0.999999999935364,1.0,consistent
convnext_s,data,frac_0.5,R_mi,cca_type,0.999999999935364,0.9500758623510526,blind
convnext_s,data,frac_0.25,R_mi,cca_type,0.999999999935364,0.9191762213971973,blind
convnext_s,data,frac_0.1,R_mi,cca_type,0.999999999935364,0.8644509364321585,blind
convnext_s,data,disjoint,R_mi,cca_type,0.999999999935364,0.890057536337058,blind
convnext_s,data,frac_1.0,R_width,cka,1.0000000001914402,1.0,consistent
convnext_s,data,frac_0.5,R_width,cka,1.0000000001914402,0.9555846885961721,blind
convnext_s,data,frac_0.25,R_width,cka,1.0000000001914402,0.9265682004420501,blind
convnext_s,data,frac_0.1,R_width,cka,1.0000000001914402,0.8777671546417887,blind
convnext_s,data,disjoint,R_width,cka,1.0000000001914402,0.8959892656973164,blind
convnext_s,data,frac_1.0,R_width,mknn,1.0,1.0,consistent
convnext_s,data,frac_0.5,R_width,mknn,1.0,0.9555846885961721,blind
convnext_s,data,frac_0.25,R_width,mknn,1.0,0.9265682004420501,blind
convnext_s,data,frac_0.1,R_width,mknn,1.0,0.8777671546417887,blind
convnext_s,data,disjoint,R_width,mknn,1.0,0.8959892656973164,blind
convnext_s,data,frac_1.0,R_width,predictivity,0.9999898949487003,1.0,consistent
convnext_s,data,frac_0.5,R_width,predictivity,0.9999898949487003,0.9555846885961721,blind
convnext_s,data,frac_0.25,R_width,predictivity,0.9999898949487003,0.9265682004420501,blind
convnext_s,data,frac_0.1,R_width,predictivity,0.9999898949487003,0.8777671546417887,blind
convnext_s,data,disjoint,R_width,predictivity,0.9999898949487003,0.8959892656973164,blind
convnext_s,data,frac_1.0,R_width,cca_type,0.999999999935364,1.0,consistent
convnext_s,data,frac_0.5,R_width,cca_type,0.999999999935364,0.9555846885961721,blind
convnext_s,data,frac_0.25,R_width,cca_type,0.999999999935364,0.9265682004420501,blind
convnext_s,data,frac_0.1,R_width,cca_type,0.999999999935364,0.8777671546417887,blind
convnext_s,data,disjoint,R_width,cca_type,0.999999999935364,0.8959892656973164,blind
convnext_s,linear,identity,R_eu,cka,1.0000000001914402,1.0,consistent
convnext_s,linear,mapped,R_eu,cka,0.9587003593139756,0.9999559995889997,false alarm
convnext_s,linear,identity,R_eu,mknn,1.0,1.0,consistent
convnext_s,linear,mapped,R_eu,mknn,0.77346923828125,0.9999559995889997,false alarm
convnext_s,linear,identity,R_eu,predictivity,0.9999898949487003,1.0,consistent
convnext_s,linear,mapped,R_eu,predictivity,0.9997935210719925,0.9999559995889997,consistent
convnext_s,linear,identity,R_eu,cca_type,0.999999999935364,1.0,consistent
convnext_s,linear,mapped,R_eu,cca_type,0.9999999997552184,0.9999559995889997,consistent
convnext_s,linear,identity,R_au,cka,1.0000000001914402,1.0,consistent
convnext_s,linear,mapped,R_au,cka,0.9587003593139756,0.9664056568014141,consistent
convnext_s,linear,identity,R_au,mknn,1.0,1.0,consistent
convnext_s,linear,mapped,R_au,mknn,0.77346923828125,0.9664056568014141,consistent
convnext_s,linear,identity,R_au,predictivity,0.9999898949487003,1.0,consistent
convnext_s,linear,mapped,R_au,predictivity,0.9997935210719925,0.9664056568014141,blind
convnext_s,linear,identity,R_au,cca_type,0.999999999935364,1.0,consistent
convnext_s,linear,mapped,R_au,cca_type,0.9999999997552184,0.9664056568014141,blind
convnext_s,linear,identity,R_mi,cka,1.0000000001914402,1.0,consistent
convnext_s,linear,mapped,R_mi,cka,0.9587003593139756,0.9631453248678656,consistent
convnext_s,linear,identity,R_mi,mknn,1.0,1.0,consistent
convnext_s,linear,mapped,R_mi,mknn,0.77346923828125,0.9631453248678656,consistent
convnext_s,linear,identity,R_mi,predictivity,0.9999898949487003,1.0,consistent
convnext_s,linear,mapped,R_mi,predictivity,0.9997935210719925,0.9631453248678656,blind
convnext_s,linear,identity,R_mi,cca_type,0.999999999935364,1.0,consistent
convnext_s,linear,mapped,R_mi,cca_type,0.9999999997552184,0.9631453248678656,blind
convnext_s,linear,identity,R_width,cka,1.0000000001914402,1.0,consistent
convnext_s,linear,mapped,R_width,cka,0.9587003593139756,0.9640811578202892,consistent
convnext_s,linear,identity,R_width,mknn,1.0,1.0,consistent
convnext_s,linear,mapped,R_width,mknn,0.77346923828125,0.9640811578202892,consistent
convnext_s,linear,identity,R_width,predictivity,0.9999898949487003,1.0,consistent
convnext_s,linear,mapped,R_width,predictivity,0.9997935210719925,0.9640811578202892,blind
convnext_s,linear,identity,R_width,cca_type,0.999999999935364,1.0,consistent
convnext_s,linear,mapped,R_width,cca_type,0.9999999997552184,0.9640811578202892,blind
convnext_s,rotation,identity,R_eu,cka,1.0000000001914402,1.0,consistent
convnext_s,rotation,mapped,R_eu,cka,1.0000000000311418,0.9999999997,consistent
convnext_s,rotation,identity,R_eu,mknn,1.0,1.0,consistent
convnext_s,rotation,mapped,R_eu,mknn,1.0,0.9999999997,consistent
convnext_s,rotation,identity,R_eu,predictivity,0.9999898949487003,1.0,consistent
convnext_s,rotation,mapped,R_eu,predictivity,0.9999898949483746,0.9999999997,consistent
convnext_s,rotation,identity,R_eu,cca_type,0.999999999935364,1.0,consistent
convnext_s,rotation,mapped,R_eu,cca_type,0.9999999998908669,0.9999999997,consistent
convnext_s,rotation,identity,R_au,cka,1.0000000001914402,1.0,consistent
convnext_s,rotation,mapped,R_au,cka,1.0000000000311418,0.9999987864996965,consistent
convnext_s,rotation,identity,R_au,mknn,1.0,1.0,consistent
convnext_s,rotation,mapped,R_au,mknn,1.0,0.9999987864996965,consistent
convnext_s,rotation,identity,R_au,predictivity,0.9999898949487003,1.0,consistent
convnext_s,rotation,mapped,R_au,predictivity,0.9999898949483746,0.9999987864996965,consistent
convnext_s,rotation,identity,R_au,cca_type,0.999999999935364,1.0,consistent
convnext_s,rotation,mapped,R_au,cca_type,0.9999999998908669,0.9999987864996965,consistent
convnext_s,rotation,identity,R_mi,cka,1.0000000001914402,1.0,consistent
convnext_s,rotation,mapped,R_mi,cka,1.0000000000311418,0.9999940011212297,consistent
convnext_s,rotation,identity,R_mi,mknn,1.0,1.0,consistent
convnext_s,rotation,mapped,R_mi,mknn,1.0,0.9999940011212297,consistent
convnext_s,rotation,identity,R_mi,predictivity,0.9999898949487003,1.0,consistent
convnext_s,rotation,mapped,R_mi,predictivity,0.9999898949483746,0.9999940011212297,consistent
convnext_s,rotation,identity,R_mi,cca_type,0.999999999935364,1.0,consistent
convnext_s,rotation,mapped,R_mi,cca_type,0.9999999998908669,0.9999940011212297,consistent
convnext_s,rotation,identity,R_width,cka,1.0000000001914402,1.0,consistent
convnext_s,rotation,mapped,R_width,cka,1.0000000000311418,0.9999984309996076,consistent
convnext_s,rotation,identity,R_width,mknn,1.0,1.0,consistent
convnext_s,rotation,mapped,R_width,mknn,1.0,0.9999984309996076,consistent
convnext_s,rotation,identity,R_width,predictivity,0.9999898949487003,1.0,consistent
convnext_s,rotation,mapped,R_width,predictivity,0.9999898949483746,0.9999984309996076,consistent
convnext_s,rotation,identity,R_width,cca_type,0.999999999935364,1.0,consistent
convnext_s,rotation,mapped,R_width,cca_type,0.9999999998908669,0.9999984309996076,consistent
convnext_s,tail,s_1.0,R_eu,cka,1.0000000001914402,1.0,consistent
convnext_s,tail,s_1.5,R_eu,cka,0.9993483441087403,0.9999983475995868,consistent
convnext_s,tail,s_2.0,R_eu,cka,0.9962893032868984,0.9999975003993751,consistent
convnext_s,tail,s_3.0,R_eu,cka,0.9749520619990921,0.9999966978991746,false alarm
convnext_s,tail,s_1.0,R_eu,mknn,1.0,1.0,consistent
convnext_s,tail,s_1.5,R_eu,mknn,0.9296484375,0.9999983475995868,false alarm
convnext_s,tail,s_2.0,R_eu,mknn,0.8618505859375002,0.9999975003993751,false alarm
convnext_s,tail,s_3.0,R_eu,mknn,0.73572998046875,0.9999966978991746,false alarm
convnext_s,tail,s_1.0,R_eu,predictivity,0.9999898949487003,1.0,consistent
convnext_s,tail,s_1.5,R_eu,predictivity,0.9999885245439518,0.9999983475995868,consistent
convnext_s,tail,s_2.0,R_eu,predictivity,0.9999838121188631,0.9999975003993751,consistent
convnext_s,tail,s_3.0,R_eu,predictivity,0.9999731520632376,0.9999966978991746,consistent
convnext_s,tail,s_1.0,R_eu,cca_type,0.999999999935364,1.0,consistent
convnext_s,tail,s_1.5,R_eu,cca_type,1.0000000000316986,0.9999983475995868,consistent
convnext_s,tail,s_2.0,R_eu,cca_type,0.999999999985927,0.9999975003993751,consistent
convnext_s,tail,s_3.0,R_eu,cca_type,0.9999999999606155,0.9999966978991746,consistent
convnext_s,tail,s_1.0,R_au,cka,1.0000000001914402,1.0,consistent
convnext_s,tail,s_1.5,R_au,cka,0.9993483441087403,0.99832151968038,consistent
convnext_s,tail,s_2.0,R_au,cka,0.9962893032868984,0.9935168426792107,consistent
convnext_s,tail,s_3.0,R_au,cka,0.9749520619990921,0.978104332226083,consistent
convnext_s,tail,s_1.0,R_au,mknn,1.0,1.0,consistent
convnext_s,tail,s_1.5,R_au,mknn,0.9296484375,0.99832151968038,false alarm
convnext_s,tail,s_2.0,R_au,mknn,0.8618505859375002,0.9935168426792107,false alarm
convnext_s,tail,s_3.0,R_au,mknn,0.73572998046875,0.978104332226083,consistent
convnext_s,tail,s_1.0,R_au,predictivity,0.9999898949487003,1.0,consistent
convnext_s,tail,s_1.5,R_au,predictivity,0.9999885245439518,0.99832151968038,consistent
convnext_s,tail,s_2.0,R_au,predictivity,0.9999838121188631,0.9935168426792107,consistent
convnext_s,tail,s_3.0,R_au,predictivity,0.9999731520632376,0.978104332226083,blind
convnext_s,tail,s_1.0,R_au,cca_type,0.999999999935364,1.0,consistent
convnext_s,tail,s_1.5,R_au,cca_type,1.0000000000316986,0.99832151968038,consistent
convnext_s,tail,s_2.0,R_au,cca_type,0.999999999985927,0.9935168426792107,consistent
convnext_s,tail,s_3.0,R_au,cca_type,0.9999999999606155,0.978104332226083,blind
convnext_s,tail,s_1.0,R_mi,cka,1.0000000001914402,1.0,consistent
convnext_s,tail,s_1.5,R_mi,cka,0.9993483441087403,0.9976571825635915,consistent
convnext_s,tail,s_2.0,R_mi,cka,0.9962893032868984,0.991135038366742,consistent
convnext_s,tail,s_3.0,R_mi,cka,0.9749520619990921,0.9708665142647204,consistent
convnext_s,tail,s_1.0,R_mi,mknn,1.0,1.0,consistent
convnext_s,tail,s_1.5,R_mi,mknn,0.9296484375,0.9976571825635915,false alarm
convnext_s,tail,s_2.0,R_mi,mknn,0.8618505859375002,0.991135038366742,false alarm
convnext_s,tail,s_3.0,R_mi,mknn,0.73572998046875,0.9708665142647204,consistent
convnext_s,tail,s_1.0,R_mi,predictivity,0.9999898949487003,1.0,consistent
convnext_s,tail,s_1.5,R_mi,predictivity,0.9999885245439518,0.9976571825635915,consistent
convnext_s,tail,s_2.0,R_mi,predictivity,0.9999838121188631,0.991135038366742,consistent
convnext_s,tail,s_3.0,R_mi,predictivity,0.9999731520632376,0.9708665142647204,blind
convnext_s,tail,s_1.0,R_mi,cca_type,0.999999999935364,1.0,consistent
convnext_s,tail,s_1.5,R_mi,cca_type,1.0000000000316986,0.9976571825635915,consistent
convnext_s,tail,s_2.0,R_mi,cca_type,0.999999999985927,0.991135038366742,consistent
convnext_s,tail,s_3.0,R_mi,cca_type,0.9999999999606155,0.9708665142647204,blind
convnext_s,tail,s_1.0,R_width,cka,1.0000000001914402,1.0,consistent
convnext_s,tail,s_1.5,R_width,cka,0.9993483441087403,0.9978194692548673,consistent
convnext_s,tail,s_2.0,R_width,cka,0.9962893032868984,0.991896684474171,consistent
convnext_s,tail,s_3.0,R_width,cka,0.9749520619990921,0.973988008397002,consistent
convnext_s,tail,s_1.0,R_width,mknn,1.0,1.0,consistent
convnext_s,tail,s_1.5,R_width,mknn,0.9296484375,0.9978194692548673,false alarm
convnext_s,tail,s_2.0,R_width,mknn,0.8618505859375002,0.991896684474171,false alarm
convnext_s,tail,s_3.0,R_width,mknn,0.73572998046875,0.973988008397002,consistent
convnext_s,tail,s_1.0,R_width,predictivity,0.9999898949487003,1.0,consistent
convnext_s,tail,s_1.5,R_width,predictivity,0.9999885245439518,0.9978194692548673,consistent
convnext_s,tail,s_2.0,R_width,predictivity,0.9999838121188631,0.991896684474171,consistent
convnext_s,tail,s_3.0,R_width,predictivity,0.9999731520632376,0.973988008397002,blind
convnext_s,tail,s_1.0,R_width,cca_type,0.999999999935364,1.0,consistent
convnext_s,tail,s_1.5,R_width,cca_type,1.0000000000316986,0.9978194692548673,consistent
convnext_s,tail,s_2.0,R_width,cca_type,0.999999999985927,0.991896684474171,consistent
convnext_s,tail,s_3.0,R_width,cca_type,0.9999999999606155,0.973988008397002,blind
deit_b16,data,frac_1.0,R_eu,cka,0.9999999987647088,1.0,consistent
deit_b16,data,frac_0.5,R_eu,cka,0.9999999987647088,0.9889915752478938,consistent
deit_b16,data,frac_0.25,R_eu,cka,0.9999999987647088,0.9545752831438208,blind
deit_b16,data,frac_0.1,R_eu,cka,0.9999999987647088,0.9312293913073478,blind
deit_b16,data,disjoint,R_eu,cka,0.9999999987647088,0.9822583420645854,consistent
deit_b16,data,frac_1.0,R_eu,mknn,1.0,1.0,consistent
deit_b16,data,frac_0.5,R_eu,mknn,1.0,0.9889915752478938,consistent
deit_b16,data,frac_0.25,R_eu,mknn,1.0,0.9545752831438208,blind
deit_b16,data,frac_0.1,R_eu,mknn,1.0,0.9312293913073478,blind
deit_b16,data,disjoint,R_eu,mknn,1.0,0.9822583420645854,consistent
deit_b16,data,frac_1.0,R_eu,predictivity,0.9999911080487053,1.0,consistent
deit_b16,data,frac_0.5,R_eu,predictivity,0.9999911080487053,0.9889915752478938,consistent
deit_b16,data,frac_0.25,R_eu,predictivity,0.9999911080487053,0.9545752831438208,blind
deit_b16,data,frac_0.1,R_eu,predictivity,0.9999911080487053,0.9312293913073478,blind
deit_b16,data,disjoint,R_eu,predictivity,0.9999911080487053,0.9822583420645854,consistent
deit_b16,data,frac_1.0,R_eu,cca_type,0.9999999998916479,1.0,consistent
deit_b16,data,frac_0.5,R_eu,cca_type,0.9999999998916479,0.9889915752478938,consistent
deit_b16,data,frac_0.25,R_eu,cca_type,0.9999999998916479,0.9545752831438208,blind
deit_b16,data,frac_0.1,R_eu,cca_type,0.9999999998916479,0.9312293913073478,blind
deit_b16,data,disjoint,R_eu,cca_type,0.9999999998916479,0.9822583420645854,consistent
deit_b16,data,frac_1.0,R_au,cka,0.9999999987647088,1.0,consistent
deit_b16,data,frac_0.5,R_au,cka,0.9999999987647088,0.9644383568095891,blind
deit_b16,data,frac_0.25,R_au,cka,0.9999999987647088,0.9365087023271755,blind
deit_b16,data,frac_0.1,R_au,cka,0.9999999987647088,0.8861615104403775,blind
deit_b16,data,disjoint,R_au,cka,0.9999999987647088,0.9111477603869401,blind
deit_b16,data,frac_1.0,R_au,mknn,1.0,1.0,consistent
deit_b16,data,frac_0.5,R_au,mknn,1.0,0.9644383568095891,blind
deit_b16,data,frac_0.25,R_au,mknn,1.0,0.9365087023271755,blind
deit_b16,data,frac_0.1,R_au,mknn,1.0,0.8861615104403775,blind
deit_b16,data,disjoint,R_au,mknn,1.0,0.9111477603869401,blind
deit_b16,data,frac_1.0,R_au,predictivity,0.9999911080487053,1.0,consistent
deit_b16,data,frac_0.5,R_au,predictivity,0.9999911080487053,0.9644383568095891,blind
deit_b16,data,frac_0.25,R_au,predictivity,0.9999911080487053,0.9365087023271755,blind
deit_b16,data,frac_0.1,R_au,predictivity,0.9999911080487053,0.8861615104403775,blind
deit_b16,data,disjoint,R_au,predictivity,0.9999911080487053,0.9111477603869401,blind
deit_b16,data,frac_1.0,R_au,cca_type,0.9999999998916479,1.0,consistent
deit_b16,data,frac_0.5,R_au,cca_type,0.9999999998916479,0.9644383568095891,blind
deit_b16,data,frac_0.25,R_au,cca_type,0.9999999998916479,0.9365087023271755,blind
deit_b16,data,frac_0.1,R_au,cca_type,0.9999999998916479,0.8861615104403775,blind
deit_b16,data,disjoint,R_au,cca_type,0.9999999998916479,0.9111477603869401,blind
deit_b16,data,frac_1.0,R_mi,cka,0.9999999987647088,1.0,consistent
deit_b16,data,frac_0.5,R_mi,cka,0.9999999987647088,0.9514726877878676,blind
deit_b16,data,frac_0.25,R_mi,cka,0.9999999987647088,0.9212643409724945,blind
deit_b16,data,frac_0.1,R_mi,cka,0.9999999987647088,0.8586084760892124,blind
deit_b16,data,disjoint,R_mi,cka,0.9999999987647088,0.8969108477324891,blind
deit_b16,data,frac_1.0,R_mi,mknn,1.0,1.0,consistent
deit_b16,data,frac_0.5,R_mi,mknn,1.0,0.9514726877878676,blind
deit_b16,data,frac_0.25,R_mi,mknn,1.0,0.9212643409724945,blind
deit_b16,data,frac_0.1,R_mi,mknn,1.0,0.8586084760892124,blind
deit_b16,data,disjoint,R_mi,mknn,1.0,0.8969108477324891,blind
deit_b16,data,frac_1.0,R_mi,predictivity,0.9999911080487053,1.0,consistent
deit_b16,data,frac_0.5,R_mi,predictivity,0.9999911080487053,0.9514726877878676,blind
deit_b16,data,frac_0.25,R_mi,predictivity,0.9999911080487053,0.9212643409724945,blind
deit_b16,data,frac_0.1,R_mi,predictivity,0.9999911080487053,0.8586084760892124,blind
deit_b16,data,disjoint,R_mi,predictivity,0.9999911080487053,0.8969108477324891,blind
deit_b16,data,frac_1.0,R_mi,cca_type,0.9999999998916479,1.0,consistent
deit_b16,data,frac_0.5,R_mi,cca_type,0.9999999998916479,0.9514726877878676,blind
deit_b16,data,frac_0.25,R_mi,cca_type,0.9999999998916479,0.9212643409724945,blind
deit_b16,data,frac_0.1,R_mi,cca_type,0.9999999998916479,0.8586084760892124,blind
deit_b16,data,disjoint,R_mi,cca_type,0.9999999998916479,0.8969108477324891,blind
deit_b16,data,frac_1.0,R_width,cka,0.9999999987647088,1.0,consistent
deit_b16,data,frac_0.5,R_width,cka,0.9999999987647088,0.9578916549729136,blind
deit_b16,data,frac_0.25,R_width,cka,0.9999999987647088,0.9283695067923766,blind
deit_b16,data,frac_0.1,R_width,cka,0.9999999987647088,0.8720358794089698,blind
deit_b16,data,disjoint,R_width,cka,0.9999999987647088,0.9023164886791222,blind
deit_b16,data,frac_1.0,R_width,mknn,1.0,1.0,consistent
deit_b16,data,frac_0.5,R_width,mknn,1.0,0.9578916549729136,blind
deit_b16,data,frac_0.25,R_width,mknn,1.0,0.9283695067923766,blind
deit_b16,data,frac_0.1,R_width,mknn,1.0,0.8720358794089698,blind
deit_b16,data,disjoint,R_width,mknn,1.0,0.9023164886791222,blind
deit_b16,data,frac_1.0,R_width,predictivity,0.9999911080487053,1.0,consistent
deit_b16,data,frac_0.5,R_width,predictivity,0.9999911080487053,0.9578916549729136,blind
deit_b16,data,frac_0.25,R_width,predictivity,0.9999911080487053,0.9283695067923766,blind
deit_b16,data,frac_0.1,R_width,predictivity,0.9999911080487053,0.8720358794089698,blind
deit_b16,data,disjoint,R_width,predictivity,0.9999911080487053,0.9023164886791222,blind
deit_b16,data,frac_1.0,R_width,cca_type,0.9999999998916479,1.0,consistent
deit_b16,data,frac_0.5,R_width,cca_type,0.9999999998916479,0.9578916549729136,blind
deit_b16,data,frac_0.25,R_width,cca_type,0.9999999998916479,0.9283695067923766,blind
deit_b16,data,frac_0.1,R_width,cca_type,0.9999999998916479,0.8720358794089698,blind
deit_b16,data,disjoint,R_width,cca_type,0.9999999998916479,0.9023164886791222,blind
deit_b16,linear,identity,R_eu,cka,0.9999999987647088,1.0,consistent
deit_b16,linear,mapped,R_eu,cka,0.9798767398800301,0.9999445155861288,false alarm
deit_b16,linear,identity,R_eu,mknn,1.0,1.0,consistent
deit_b16,linear,mapped,R_eu,mknn,0.72820556640625,0.9999445155861288,false alarm
deit_b16,linear,identity,R_eu,predictivity,0.9999911080487053,1.0,consistent
deit_b16,linear,mapped,R_eu,predictivity,0.9998173380330535,0.9999445155861288,consistent
deit_b16,linear,identity,R_eu,cca_type,0.9999999998916479,1.0,consistent
deit_b16,linear,mapped,R_eu,cca_type,0.9999999997980739,0.9999445155861288,consistent
deit_b16,linear,identity,R_au,cka,0.9999999987647088,1.0,consistent
deit_b16,linear,mapped,R_au,cka,0.9798767398800301,0.9686950038737508,consistent
deit_b16,linear,identity,R_au,mknn,1.0,1.0,consistent
deit_b16,linear,mapped,R_au,mknn,0.72820556640625,0.9686950038737508,consistent
deit_b16,linear,identity,R_au,predictivity,0.9999911080487053,1.0,consistent
deit_b16,linear,mapped,R_au,predictivity,0.9998173380330535,0.9686950038737508,blind
deit_b16,linear,identity,R_au,cca_type,0.9999999998916479,1.0,consistent
deit_b16,linear,mapped,R_au,cca_type,0.9999999997980739,0.9686950038737508,blind
deit_b16,linear,identity,R_mi,cka,0.9999999987647088,1.0,consistent
deit_b16,linear,mapped,R_mi,cka,0.9798767398800301,0.9638217304491026,consistent
deit_b16,linear,identity,R_mi,mknn,1.0,1.0,consistent
deit_b16,linear,mapped,R_mi,mknn,0.72820556640625,0.9638217304491026,consistent
deit_b16,linear,identity,R_mi,predictivity,0.9999911080487053,1.0,consistent
deit_b16,linear,mapped,R_mi,predictivity,0.9998173380330535,0.9638217304491026,blind
deit_b16,linear,identity,R_mi,cca_type,0.9999999998916479,1.0,consistent
deit_b16,linear,mapped,R_mi,cca_type,0.9999999997980739,0.9638217304491026,blind
deit_b16,linear,identity,R_width,cka,0.9999999987647088,1.0,consistent
deit_b16,linear,mapped,R_width,cka,0.9798767398800301,0.9653216521304129,consistent
deit_b16,linear,identity,R_width,mknn,1.0,1.0,consistent
deit_b16,linear,mapped,R_width,mknn,0.72820556640625,0.9653216521304129,consistent
deit_b16,linear,identity,R_width,predictivity,0.9999911080487053,1.0,consistent
deit_b16,linear,mapped,R_width,predictivity,0.9998173380330535,0.9653216521304129,blind
deit_b16,linear,identity,R_width,cca_type,0.9999999998916479,1.0,consistent
deit_b16,linear,mapped,R_width,cca_type,0.9999999997980739,0.9653216521304129,blind
deit_b16,rotation,identity,R_eu,cka,0.9999999987647088,1.0,consistent
deit_b16,rotation,mapped,R_eu,cka,0.999999999377952,0.9999999990999997,consistent
deit_b16,rotation,identity,R_eu,mknn,1.0,1.0,consistent
deit_b16,rotation,mapped,R_eu,mknn,0.9999951171875001,0.9999999990999997,consistent
deit_b16,rotation,identity,R_eu,predictivity,0.9999911080487053,1.0,consistent
deit_b16,rotation,mapped,R_eu,predictivity,0.9999911080484957,0.9999999990999997,consistent
deit_b16,rotation,identity,R_eu,cca_type,0.9999999998916479,1.0,consistent
deit_b16,rotation,mapped,R_eu,cca_type,0.9999999998823453,0.9999999990999997,consistent
deit_b16,rotation,identity,R_au,cka,0.9999999987647088,1.0,consistent
deit_b16,rotation,mapped,R_au,cka,0.999999999377952,0.9999993273998318,consistent
deit_b16,rotation,identity,R_au,mknn,1.0,1.0,consistent
deit_b16,rotation,mapped,R_au,mknn,0.9999951171875001,0.9999993273998318,consistent
deit_b16,rotation,identity,R_au,predictivity,0.9999911080487053,1.0,consistent
deit_b16,rotation,mapped,R_au,predictivity,0.9999911080484957,0.9999993273998318,consistent
deit_b16,rotation,identity,R_au,cca_type,0.9999999998916479,1.0,consistent
deit_b16,rotation,mapped,R_au,cca_type,0.9999999998823453,0.9999993273998318,consistent
deit_b16,rotation,identity,R_mi,cka,0.9999999987647088,1.0,consistent
deit_b16,rotation,mapped,R_mi,cka,0.999999999377952,0.9999982361494653,consistent
deit_b16,rotation,identity,R_mi,mknn,1.0,1.0,consistent
deit_b16,rotation,mapped,R_mi,mknn,0.9999951171875001,0.9999982361494653,consistent
deit_b16,rotation,identity,R_mi,predictivity,0.9999911080487053,1.0,consistent
deit_b16,rotation,mapped,R_mi,predictivity,0.9999911080484957,0.9999982361494653,consistent
deit_b16,rotation,identity,R_mi,cca_type,0.9999999998916479,1.0,consistent
deit_b16,rotation,mapped,R_mi,cca_type,0.9999999998823453,0.9999982361494653,consistent
deit_b16,rotation,identity,R_width,cka,0.9999999987647088,1.0,consistent
deit_b16,rotation,mapped,R_width,cka,0.999999999377952,0.9999990840997709,consistent
deit_b16,rotation,identity,R_width,mknn,1.0,1.0,consistent
deit_b16,rotation,mapped,R_width,mknn,0.9999951171875001,0.9999990840997709,consistent
deit_b16,rotation,identity,R_width,predictivity,0.9999911080487053,1.0,consistent
deit_b16,rotation,mapped,R_width,predictivity,0.9999911080484957,0.9999990840997709,consistent
deit_b16,rotation,identity,R_width,cca_type,0.9999999998916479,1.0,consistent
deit_b16,rotation,mapped,R_width,cca_type,0.9999999998823453,0.9999990840997709,consistent
deit_b16,tail,s_1.0,R_eu,cka,0.9999999987647088,1.0,consistent
deit_b16,tail,s_1.5,R_eu,cka,0.9996750891174393,0.9999981828995457,consistent
deit_b16,tail,s_2.0,R_eu,cka,0.9981390975743129,0.9999971436992858,consistent
deit_b16,tail,s_3.0,R_eu,cka,0.9871100352854774,0.9999961938990485,false alarm
deit_b16,tail,s_1.0,R_eu,mknn,1.0,1.0,consistent
deit_b16,tail,s_1.5,R_eu,mknn,0.9286718750000003,0.9999981828995457,false alarm
deit_b16,tail,s_2.0,R_eu,mknn,0.8565112304687501,0.9999971436992858,false alarm
deit_b16,tail,s_3.0,R_eu,mknn,0.7169189453125,0.9999961938990485,false alarm
deit_b16,tail,s_1.0,R_eu,predictivity,0.9999911080487053,1.0,consistent
deit_b16,tail,s_1.5,R_eu,predictivity,0.99998990777577,0.9999981828995457,consistent
deit_b16,tail,s_2.0,R_eu,predictivity,0.9999857785911047,0.9999971436992858,consistent
deit_b16,tail,s_3.0,R_eu,predictivity,0.9999764156940468,0.9999961938990485,consistent
deit_b16,tail,s_1.0,R_eu,cca_type,0.9999999998916479,1.0,consistent
deit_b16,tail,s_1.5,R_eu,cca_type,0.9999999998811212,0.9999981828995457,consistent
deit_b16,tail,s_2.0,R_eu,cca_type,0.9999999998912571,0.9999971436992858,consistent
deit_b16,tail,s_3.0,R_eu,cca_type,0.9999999999026782,0.9999961938990485,consistent
deit_b16,tail,s_1.0,R_au,cka,0.9999999987647088,1.0,consistent
deit_b16,tail,s_1.5,R_au,cka,0.9996750891174393,0.9982461434615357,consistent
deit_b16,tail,s_2.0,R_au,cka,0.9981390975743129,0.9933662483415621,consistent
deit_b16,tail,s_3.0,R_au,cka,0.9871100352854774,0.9780933831233458,consistent
deit_b16,tail,s_1.0,R_au,mknn,1.0,1.0,consistent
deit_b16,tail,s_1.5,R_au,mknn,0.9286718750000003,0.9982461434615357,false alarm
deit_b16,tail,s_2.0,R_au,mknn,0.8565112304687501,0.9933662483415621,false alarm
deit_b16,tail,s_3.0,R_au,mknn,0.7169189453125,0.9780933831233458,consistent
deit_b16,tail,s_1.0,R_au,predictivity,0.9999911080487053,1.0,consistent
deit_b16,tail,s_1.5,R_au,predictivity,0.99998990777577,0.9982461434615357,consistent
deit_b16,tail,s_2.0,R_au,predictivity,0.9999857785911047,0.9933662483415621,consistent
deit_b16,tail,s_3.0,R_au,predictivity,0.9999764156940468,0.9780933831233458,blind
deit_b16,tail,s_1.0,R_au,cca_type,0.9999999998916479,1.0,consistent
deit_b16,tail,s_1.5,R_au,cca_type,0.9999999998811212,0.9982461434615357,consistent
deit_b16,tail,s_2.0,R_au,cca_type,0.9999999998912571,0.9933662483415621,consistent
deit_b16,tail,s_3.0,R_au,cca_type,0.9999999999026782,0.9780933831233458,blind
deit_b16,tail,s_1.0,R_mi,cka,0.9999999987647088,1.0,consistent
deit_b16,tail,s_1.5,R_mi,cka,0.9996750891174393,0.9975452216945395,consistent
deit_b16,tail,s_2.0,R_mi,cka,0.9981390975743129,0.9909453346960915,consistent
deit_b16,tail,s_3.0,R_mi,cka,0.9871100352854774,0.9716398353386161,consistent
deit_b16,tail,s_1.0,R_mi,mknn,1.0,1.0,consistent
deit_b16,tail,s_1.5,R_mi,mknn,0.9286718750000003,0.9975452216945395,false alarm
deit_b16,tail,s_2.0,R_mi,mknn,0.8565112304687501,0.9909453346960915,false alarm
deit_b16,tail,s_3.0,R_mi,mknn,0.7169189453125,0.9716398353386161,consistent
deit_b16,tail,s_1.0,R_mi,predictivity,0.9999911080487053,1.0,consistent
deit_b16,tail,s_1.5,R_mi,predictivity,0.99998990777577,0.9975452216945395,consistent
deit_b16,tail,s_2.0,R_mi,predictivity,0.9999857785911047,0.9909453346960915,consistent
deit_b16,tail,s_3.0,R_mi,predictivity,0.9999764156940468,0.9716398353386161,blind
deit_b16,tail,s_1.0,R_mi,cca_type,0.9999999998916479,1.0,consistent
deit_b16,tail,s_1.5,R_mi,cca_type,0.9999999998811212,0.9975452216945395,consistent
deit_b16,tail,s_2.0,R_mi,cca_type,0.9999999998912571,0.9909453346960915,consistent
deit_b16,tail,s_3.0,R_mi,cca_type,0.9999999999026782,0.9716398353386161,blind
deit_b16,tail,s_1.0,R_width,cka,0.9999999987647088,1.0,consistent
deit_b16,tail,s_1.5,R_width,cka,0.9996750891174393,0.9976472938118235,consistent
deit_b16,tail,s_2.0,R_width,cka,0.9981390975743129,0.9916741738185435,consistent
deit_b16,tail,s_3.0,R_width,cka,0.9871100352854774,0.974137196034299,consistent
deit_b16,tail,s_1.0,R_width,mknn,1.0,1.0,consistent
deit_b16,tail,s_1.5,R_width,mknn,0.9286718750000003,0.9976472938118235,false alarm
deit_b16,tail,s_2.0,R_width,mknn,0.8565112304687501,0.9916741738185435,false alarm
deit_b16,tail,s_3.0,R_width,mknn,0.7169189453125,0.974137196034299,consistent
deit_b16,tail,s_1.0,R_width,predictivity,0.9999911080487053,1.0,consistent
deit_b16,tail,s_1.5,R_width,predictivity,0.99998990777577,0.9976472938118235,consistent
deit_b16,tail,s_2.0,R_width,predictivity,0.9999857785911047,0.9916741738185435,consistent
deit_b16,tail,s_3.0,R_width,predictivity,0.9999764156940468,0.974137196034299,blind
deit_b16,tail,s_1.0,R_width,cca_type,0.9999999998916479,1.0,consistent
deit_b16,tail,s_1.5,R_width,cca_type,0.9999999998811212,0.9976472938118235,consistent
deit_b16,tail,s_2.0,R_width,cca_type,0.9999999998912571,0.9916741738185435,consistent
deit_b16,tail,s_3.0,R_width,cca_type,0.9999999999026782,0.974137196034299,blind
dinov2_b,data,frac_1.0,R_eu,cka,1.0000000004154774,1.0,consistent
dinov2_b,data,frac_0.5,R_eu,cka,1.0000000004154774,0.9919043065760766,consistent
dinov2_b,data,frac_0.25,R_eu,cka,1.0000000004154774,0.9684069816017453,blind
dinov2_b,data,frac_0.1,R_eu,cka,1.0000000004154774,0.9447087405771851,blind
dinov2_b,data,disjoint,R_eu,cka,1.0000000004154774,0.985915015978754,consistent
dinov2_b,data,frac_1.0,R_eu,mknn,1.0,1.0,consistent
dinov2_b,data,frac_0.5,R_eu,mknn,1.0,0.9919043065760766,consistent
dinov2_b,data,frac_0.25,R_eu,mknn,1.0,0.9684069816017453,blind
dinov2_b,data,frac_0.1,R_eu,mknn,1.0,0.9447087405771851,blind
dinov2_b,data,disjoint,R_eu,mknn,1.0,0.985915015978754,consistent
dinov2_b,data,frac_1.0,R_eu,predictivity,0.9999827641975232,1.0,consistent
dinov2_b,data,frac_0.5,R_eu,predictivity,0.9999827641975232,0.9919043065760766,consistent
dinov2_b,data,frac_0.25,R_eu,predictivity,0.9999827641975232,0.9684069816017453,blind
dinov2_b,data,frac_0.1,R_eu,predictivity,0.9999827641975232,0.9447087405771851,blind
dinov2_b,data,disjoint,R_eu,predictivity,0.9999827641975232,0.985915015978754,consistent
dinov2_b,data,frac_1.0,R_eu,cca_type,1.0000000001016125,1.0,consistent
dinov2_b,data,frac_0.5,R_eu,cca_type,1.0000000001016125,0.9919043065760766,consistent
dinov2_b,data,frac_0.25,R_eu,cca_type,1.0000000001016125,0.9684069816017453,blind
dinov2_b,data,frac_0.1,R_eu,cca_type,1.0000000001016125,0.9447087405771851,blind
dinov2_b,data,disjoint,R_eu,cca_type,1.0000000001016125,0.985915015978754,consistent
dinov2_b,data,frac_1.0,R_au,cka,1.0000000004154774,1.0,consistent
dinov2_b,data,frac_0.5,R_au,cka,1.0000000004154774,0.9739598551899638,blind
dinov2_b,data,frac_0.25,R_au,cka,1.0000000004154774,0.9486838214426709,blind
dinov2_b,data,frac_0.1,R_au,cka,1.0000000004154774,0.9012078452204509,blind
dinov2_b,data,disjoint,R_au,cka,1.0000000004154774,0.9419211497802873,blind
dinov2_b,data,frac_1.0,R_au,mknn,1.0,1.0,consistent
dinov2_b,data,frac_0.5,R_au,mknn,1.0,0.9739598551899638,blind
dinov2_b,data,frac_0.25,R_au,mknn,1.0,0.9486838214426709,blind
dinov2_b,data,frac_0.1,R_au,mknn,1.0,0.9012078452204509,blind
dinov2_b,data,disjoint,R_au,mknn,1.0,0.9419211497802873,blind
dinov2_b,data,frac_1.0,R_au,predictivity,0.9999827641975232,1.0,consistent
dinov2_b,data,frac_0.5,R_au,predictivity,0.9999827641975232,0.9739598551899638,blind
dinov2_b,data,frac_0.25,R_au,predictivity,0.9999827641975232,0.9486838214426709,blind
dinov2_b,data,frac_0.1,R_au,predictivity,0.9999827641975232,0.9012078452204509,blind
dinov2_b,data,disjoint,R_au,predictivity,0.9999827641975232,0.9419211497802873,blind
dinov2_b,data,frac_1.0,R_au,cca_type,1.0000000001016125,1.0,consistent
dinov2_b,data,frac_0.5,R_au,cca_type,1.0000000001016125,0.9739598551899638,blind
dinov2_b,data,frac_0.25,R_au,cca_type,1.0000000001016125,0.9486838214426709,blind
dinov2_b,data,frac_0.1,R_au,cca_type,1.0000000001016125,0.9012078452204509,blind
dinov2_b,data,disjoint,R_au,cca_type,1.0000000001016125,0.9419211497802873,blind
dinov2_b,data,frac_1.0,R_mi,cka,1.0000000004154774,1.0,consistent
dinov2_b,data,frac_0.5,R_mi,cka,1.0000000004154774,0.9619947333618011,blind
dinov2_b,data,frac_0.25,R_mi,cka,1.0000000004154774,0.931822957467638,blind
dinov2_b,data,frac_0.1,R_mi,cka,1.0000000004154774,0.8780628248364929,blind
dinov2_b,data,disjoint,R_mi,cka,1.0000000004154774,0.9259349189278815,blind
dinov2_b,data,frac_1.0,R_mi,mknn,1.0,1.0,consistent
dinov2_b,data,frac_0.5,R_mi,mknn,1.0,0.9619947333618011,blind
dinov2_b,data,frac_0.25,R_mi,mknn,1.0,0.931822957467638,blind
dinov2_b,data,frac_0.1,R_mi,mknn,1.0,0.8780628248364929,blind
dinov2_b,data,disjoint,R_mi,mknn,1.0,0.9259349189278815,blind
dinov2_b,data,frac_1.0,R_mi,predictivity,0.9999827641975232,1.0,consistent
dinov2_b,data,frac_0.5,R_mi,predictivity,0.9999827641975232,0.9619947333618011,blind
dinov2_b,data,frac_0.25,R_mi,predictivity,0.9999827641975232,0.931822957467638,blind
dinov2_b,data,frac_0.1,R_mi,predictivity,0.9999827641975232,0.8780628248364929,blind
dinov2_b,data,disjoint,R_mi,predictivity,0.9999827641975232,0.9259349189278815,blind
dinov2_b,data,frac_1.0,R_mi,cca_type,1.0000000001016125,1.0,consistent
dinov2_b,data,frac_0.5,R_mi,cca_type,1.0000000001016125,0.9619947333618011,blind
dinov2_b,data,frac_0.25,R_mi,cca_type,1.0000000001016125,0.931822957467638,blind
dinov2_b,data,frac_0.1,R_mi,cca_type,1.0000000001016125,0.8780628248364929,blind
dinov2_b,data,disjoint,R_mi,cca_type,1.0000000001016125,0.9259349189278815,blind
dinov2_b,data,frac_1.0,R_width,cka,1.0000000004154774,1.0,consistent
dinov2_b,data,frac_0.5,R_width,cka,1.0000000004154774,0.9683319590829896,blind
dinov2_b,data,frac_0.25,R_width,cka,1.0000000004154774,0.9411126414781602,blind
dinov2_b,data,frac_0.1,R_width,cka,1.0000000004154774,0.8902315898578974,blind
dinov2_b,data,disjoint,R_width,cka,1.0000000004154774,0.934805063701266,blind
dinov2_b,data,frac_1.0,R_width,mknn,1.0,1.0,consistent
dinov2_b,data,frac_0.5,R_width,mknn,1.0,0.9683319590829896,blind
dinov2_b,data,frac_0.25,R_width,mknn,1.0,0.9411126414781602,blind
dinov2_b,data,frac_0.1,R_width,mknn,1.0,0.8902315898578974,blind
dinov2_b,data,disjoint,R_width,mknn,1.0,0.934805063701266,blind
dinov2_b,data,frac_1.0,R_width,predictivity,0.9999827641975232,1.0,consistent
dinov2_b,data,frac_0.5,R_width,predictivity,0.9999827641975232,0.9683319590829896,blind
dinov2_b,data,frac_0.25,R_width,predictivity,0.9999827641975232,0.9411126414781602,blind
dinov2_b,data,frac_0.1,R_width,predictivity,0.9999827641975232,0.8902315898578974,blind
dinov2_b,data,disjoint,R_width,predictivity,0.9999827641975232,0.934805063701266,blind
dinov2_b,data,frac_1.0,R_width,cca_type,1.0000000001016125,1.0,consistent
dinov2_b,data,frac_0.5,R_width,cca_type,1.0000000001016125,0.9683319590829896,blind
dinov2_b,data,frac_0.25,R_width,cca_type,1.0000000001016125,0.9411126414781602,blind
dinov2_b,data,frac_0.1,R_width,cca_type,1.0000000001016125,0.8902315898578974,blind
dinov2_b,data,disjoint,R_width,cca_type,1.0000000001016125,0.934805063701266,blind
dinov2_b,linear,identity,R_eu,cka,1.0000000004154774,1.0,consistent
dinov2_b,linear,mapped,R_eu,cka,0.962288480113172,0.9998905371726341,false alarm
dinov2_b,linear,identity,R_eu,mknn,1.0,1.0,consistent
dinov2_b,linear,mapped,R_eu,mknn,0.78845947265625,0.9998905371726341,false alarm
dinov2_b,linear,identity,R_eu,predictivity,0.9999827641975232,1.0,consistent
dinov2_b,linear,mapped,R_eu,predictivity,0.999752746392455,0.9998905371726341,consistent
dinov2_b,linear,identity,R_eu,cca_type,1.0000000001016125,1.0,consistent
dinov2_b,linear,mapped,R_eu,cca_type,0.9999999946831345,0.9998905371726341,consistent
dinov2_b,linear,identity,R_au,cka,1.0000000004154774,1.0,consistent
dinov2_b,linear,mapped,R_au,cka,0.962288480113172,0.9759998538999636,consistent
dinov2_b,linear,identity,R_au,mknn,1.0,1.0,consistent
dinov2_b,linear,mapped,R_au,mknn,0.78845947265625,0.9759998538999636,consistent
dinov2_b,linear,identity,R_au,predictivity,0.9999827641975232,1.0,consistent
dinov2_b,linear,mapped,R_au,predictivity,0.999752746392455,0.9759998538999636,blind
dinov2_b,linear,identity,R_au,cca_type,1.0000000001016125,1.0,consistent
dinov2_b,linear,mapped,R_au,cca_type,0.9999999946831345,0.9759998538999636,blind
dinov2_b,linear,identity,R_mi,cka,1.0000000004154774,1.0,consistent
dinov2_b,linear,mapped,R_mi,cka,0.962288480113172,0.9724516345810279,consistent
dinov2_b,linear,identity,R_mi,mknn,1.0,1.0,consistent
dinov2_b,linear,mapped,R_mi,mknn,0.78845947265625,0.9724516345810279,consistent
dinov2_b,linear,identity,R_mi,predictivity,0.9999827641975232,1.0,consistent
dinov2_b,linear,mapped,R_mi,predictivity,0.999752746392455,0.9724516345810279,blind
dinov2_b,linear,identity,R_mi,cca_type,1.0000000001016125,1.0,consistent
dinov2_b,linear,mapped,R_mi,cca_type,0.9999999946831345,0.9724516345810279,blind
dinov2_b,linear,identity,R_width,cka,1.0000000004154774,1.0,consistent
dinov2_b,linear,mapped,R_width,cka,0.962288480113172,0.9737361142340285,consistent
dinov2_b,linear,identity,R_width,mknn,1.0,1.0,consistent
dinov2_b,linear,mapped,R_width,mknn,0.78845947265625,0.9737361142340285,consistent
dinov2_b,linear,identity,R_width,predictivity,0.9999827641975232,1.0,consistent
dinov2_b,linear,mapped,R_width,predictivity,0.999752746392455,0.9737361142340285,blind
dinov2_b,linear,identity,R_width,cca_type,1.0000000001016125,1.0,consistent
dinov2_b,linear,mapped,R_width,cca_type,0.9999999946831345,0.9737361142340285,blind
dinov2_b,rotation,identity,R_eu,cka,1.0000000004154774,1.0,consistent
dinov2_b,rotation,mapped,R_eu,cka,0.9999999999606743,1.0,consistent
dinov2_b,rotation,identity,R_eu,mknn,1.0,1.0,consistent
dinov2_b,rotation,mapped,R_eu,mknn,1.0,1.0,consistent
dinov2_b,rotation,identity,R_eu,predictivity,0.9999827641975232,1.0,consistent
dinov2_b,rotation,mapped,R_eu,predictivity,0.999982764197275,1.0,consistent
dinov2_b,rotation,identity,R_eu,cca_type,1.0000000001016125,1.0,consistent
dinov2_b,rotation,mapped,R_eu,cca_type,0.9999999999385928,1.0,consistent
dinov2_b,rotation,identity,R_au,cka,1.0000000004154774,1.0,consistent
dinov2_b,rotation,mapped,R_au,cka,0.9999999999606743,0.999997611999403,consistent
dinov2_b,rotation,identity,R_au,mknn,1.0,1.0,consistent
dinov2_b,rotation,mapped,R_au,mknn,1.0,0.999997611999403,consistent
dinov2_b,rotation,identity,R_au,predictivity,0.9999827641975232,1.0,consistent
dinov2_b,rotation,mapped,R_au,predictivity,0.999982764197275,0.999997611999403,consistent
dinov2_b,rotation,identity,R_au,cca_type,1.0000000001016125,1.0,consistent
dinov2_b,rotation,mapped,R_au,cca_type,0.9999999999385928,0.999997611999403,consistent
dinov2_b,rotation,identity,R_mi,cka,1.0000000004154774,1.0,consistent
dinov2_b,rotation,mapped,R_mi,cka,0.9999999999606743,0.9999742210030493,consistent
dinov2_b,rotation,identity,R_mi,mknn,1.0,1.0,consistent
dinov2_b,rotation,mapped,R_mi,mknn,1.0,0.9999742210030493,consistent
dinov2_b,rotation,identity,R_mi,predictivity,0.9999827641975232,1.0,consistent
dinov2_b,rotation,mapped,R_mi,predictivity,0.999982764197275,0.9999742210030493,consistent
dinov2_b,rotation,identity,R_mi,cca_type,1.0000000001016125,1.0,consistent
dinov2_b,rotation,mapped,R_mi,cca_type,0.9999999999385928,0.9999742210030493,consistent
dinov2_b,rotation,identity,R_width,cka,1.0000000004154774,1.0,consistent
dinov2_b,rotation,mapped,R_width,cka,0.9999999999606743,0.9999962145990535,consistent
dinov2_b,rotation,identity,R_width,mknn,1.0,1.0,consistent
dinov2_b,rotation,mapped,R_width,mknn,1.0,0.9999962145990535,consistent
dinov2_b,rotation,identity,R_width,predictivity,0.9999827641975232,1.0,consistent
dinov2_b,rotation,mapped,R_width,predictivity,0.999982764197275,0.9999962145990535,consistent
dinov2_b,rotation,identity,R_width,cca_type,1.0000000001016125,1.0,consistent
dinov2_b,rotation,mapped,R_width,cca_type,0.9999999999385928,0.9999962145990535,consistent
dinov2_b,tail,s_1.0,R_eu,cka,1.0000000004154774,1.0,consistent
dinov2_b,tail,s_1.5,R_eu,cka,0.9994163650009108,0.9999906741976685,consistent
dinov2_b,tail,s_2.0,R_eu,cka,0.996672941293727,0.9999821136955284,consistent
dinov2_b,tail,s_3.0,R_eu,cka,0.9774284453339117,0.9999724341931087,false alarm
dinov2_b,tail,s_1.0,R_eu,mknn,1.0,1.0,consistent
dinov2_b,tail,s_1.5,R_eu,mknn,0.9344042968750002,0.9999906741976685,false alarm
dinov2_b,tail,s_2.0,R_eu,mknn,0.8703906250000001,0.9999821136955284,false alarm
dinov2_b,tail,s_3.0,R_eu,mknn,0.7507373046875,0.9999724341931087,false alarm
dinov2_b,tail,s_1.0,R_eu,predictivity,0.9999827641975232,1.0,consistent
dinov2_b,tail,s_1.5,R_eu,predictivity,0.9999800159684031,0.9999906741976685,consistent
dinov2_b,tail,s_2.0,R_eu,predictivity,0.9999714447122428,0.9999821136955284,consistent
dinov2_b,tail,s_3.0,R_eu,predictivity,0.9999521693934497,0.9999724341931087,consistent
dinov2_b,tail,s_1.0,R_eu,cca_type,1.0000000001016125,1.0,consistent
dinov2_b,tail,s_1.5,R_eu,cca_type,0.9999999990076596,0.9999906741976685,consistent
dinov2_b,tail,s_2.0,R_eu,cca_type,0.9999999981566339,0.9999821136955284,consistent
dinov2_b,tail,s_3.0,R_eu,cca_type,0.9999999974404734,0.9999724341931087,consistent
dinov2_b,tail,s_1.0,R_au,cka,1.0000000004154774,1.0,consistent
dinov2_b,tail,s_1.5,R_au,cka,0.9994163650009108,0.9988866967216742,consistent
dinov2_b,tail,s_2.0,R_au,cka,0.996672941293727,0.9956979920244979,consistent
dinov2_b,tail,s_3.0,R_au,cka,0.9774284453339117,0.9849494111373527,false alarm
dinov2_b,tail,s_1.0,R_au,mknn,1.0,1.0,consistent
dinov2_b,tail,s_1.5,R_au,mknn,0.9344042968750002,0.9988866967216742,false alarm
dinov2_b,tail,s_2.0,R_au,mknn,0.8703906250000001,0.9956979920244979,false alarm
dinov2_b,tail,s_3.0,R_au,mknn,0.7507373046875,0.9849494111373527,false alarm
dinov2_b,tail,s_1.0,R_au,predictivity,0.9999827641975232,1.0,consistent
dinov2_b,tail,s_1.5,R_au,predictivity,0.9999800159684031,0.9988866967216742,consistent
dinov2_b,tail,s_2.0,R_au,predictivity,0.9999714447122428,0.9956979920244979,consistent
dinov2_b,tail,s_3.0,R_au,predictivity,0.9999521693934497,0.9849494111373527,consistent
dinov2_b,tail,s_1.0,R_au,cca_type,1.0000000001016125,1.0,consistent
dinov2_b,tail,s_1.5,R_au,cca_type,0.9999999990076596,0.9988866967216742,consistent
dinov2_b,tail,s_2.0,R_au,cca_type,0.9999999981566339,0.9956979920244979,consistent
dinov2_b,tail,s_3.0,R_au,cca_type,0.9999999974404734,0.9849494111373527,consistent
dinov2_b,tail,s_1.0,R_mi,cka,1.0000000004154774,1.0,consistent
dinov2_b,tail,s_1.5,R_mi,cka,0.9994163650009108,0.9980235700151528,consistent
dinov2_b,tail,s_2.0,R_mi,cka,0.996672941293727,0.9931078333822047,consistent
dinov2_b,tail,s_3.0,R_mi,cka,0.9774284453339117,0.9770842902315234,consistent
dinov2_b,tail,s_1.0,R_mi,mknn,1.0,1.0,consistent
dinov2_b,tail,s_1.5,R_mi,mknn,0.9344042968750002,0.9980235700151528,false alarm
dinov2_b,tail,s_2.0,R_mi,mknn,0.8703906250000001,0.9931078333822047,false alarm
dinov2_b,tail,s_3.0,R_mi,mknn,0.7507373046875,0.9770842902315234,consistent
dinov2_b,tail,s_1.0,R_mi,predictivity,0.9999827641975232,1.0,consistent
dinov2_b,tail,s_1.5,R_mi,predictivity,0.9999800159684031,0.9980235700151528,consistent
dinov2_b,tail,s_2.0,R_mi,predictivity,0.9999714447122428,0.9931078333822047,consistent
dinov2_b,tail,s_3.0,R_mi,predictivity,0.9999521693934497,0.9770842902315234,blind
dinov2_b,tail,s_1.0,R_mi,cca_type,1.0000000001016125,1.0,consistent
dinov2_b,tail,s_1.5,R_mi,cca_type,0.9999999990076596,0.9980235700151528,consistent
dinov2_b,tail,s_2.0,R_mi,cca_type,0.9999999981566339,0.9931078333822047,consistent
dinov2_b,tail,s_3.0,R_mi,cca_type,0.9999999974404734,0.9770842902315234,blind
dinov2_b,tail,s_1.0,R_width,cka,1.0000000004154774,1.0,consistent
dinov2_b,tail,s_1.5,R_width,cka,0.9994163650009108,0.9985089870272468,consistent
dinov2_b,tail,s_2.0,R_width,cka,0.996672941293727,0.9943566868891717,consistent
dinov2_b,tail,s_3.0,R_width,cka,0.9774284453339117,0.9811508545877137,false alarm
dinov2_b,tail,s_1.0,R_width,mknn,1.0,1.0,consistent
dinov2_b,tail,s_1.5,R_width,mknn,0.9344042968750002,0.9985089870272468,false alarm
dinov2_b,tail,s_2.0,R_width,mknn,0.8703906250000001,0.9943566868891717,false alarm
dinov2_b,tail,s_3.0,R_width,mknn,0.7507373046875,0.9811508545877137,false alarm
dinov2_b,tail,s_1.0,R_width,predictivity,0.9999827641975232,1.0,consistent
dinov2_b,tail,s_1.5,R_width,predictivity,0.9999800159684031,0.9985089870272468,consistent
dinov2_b,tail,s_2.0,R_width,predictivity,0.9999714447122428,0.9943566868891717,consistent
dinov2_b,tail,s_3.0,R_width,predictivity,0.9999521693934497,0.9811508545877137,consistent
dinov2_b,tail,s_1.0,R_width,cca_type,1.0000000001016125,1.0,consistent
dinov2_b,tail,s_1.5,R_width,cca_type,0.9999999990076596,0.9985089870272468,consistent
dinov2_b,tail,s_2.0,R_width,cca_type,0.9999999981566339,0.9943566868891717,consistent
dinov2_b,tail,s_3.0,R_width,cca_type,0.9999999974404734,0.9811508545877137,consistent
mae_b16,data,frac_1.0,R_eu,cka,1.0000000006012755,1.0,consistent
mae_b16,data,frac_0.5,R_eu,cka,1.0000000006012755,0.9909438587359647,consistent
mae_b16,data,frac_0.25,R_eu,cka,1.0000000006012755,0.9672893835223458,blind
mae_b16,data,frac_0.1,R_eu,cka,1.0000000006012755,0.9291086316771577,blind
mae_b16,data,disjoint,R_eu,cka,1.0000000006012755,0.9852423453105862,consistent
mae_b16,data,frac_1.0,R_eu,mknn,1.0,1.0,consistent
mae_b16,data,frac_0.5,R_eu,mknn,1.0,0.9909438587359647,consistent
mae_b16,data,frac_0.25,R_eu,mknn,1.0,0.9672893835223458,blind
mae_b16,data,frac_0.1,R_eu,mknn,1.0,0.9291086316771577,blind
mae_b16,data,disjoint,R_eu,mknn,1.0,0.9852423453105862,consistent
mae_b16,data,frac_1.0,R_eu,predictivity,0.9999429514154026,1.0,consistent
mae_b16,data,frac_0.5,R_eu,predictivity,0.9999429514154026,0.9909438587359647,consistent
mae_b16,data,frac_0.25,R_eu,predictivity,0.9999429514154026,0.9672893835223458,blind
mae_b16,data,frac_0.1,R_eu,predictivity,0.9999429514154026,0.9291086316771577,blind
mae_b16,data,disjoint,R_eu,predictivity,0.9999429514154026,0.9852423453105862,consistent
mae_b16,data,frac_1.0,R_eu,cca_type,0.9999999998783101,1.0,consistent
mae_b16,data,frac_0.5,R_eu,cca_type,0.9999999998783101,0.9909438587359647,consistent
mae_b16,data,frac_0.25,R_eu,cca_type,0.9999999998783101,0.9672893835223458,blind
mae_b16,data,frac_0.1,R_eu,cca_type,0.9999999998783101,0.9291086316771577,blind
mae_b16,data,disjoint,R_eu,cca_type,0.9999999998783101,0.9852423453105862,consistent
mae_b16,data,frac_1.0,R_au,cka,1.0000000006012755,1.0,consistent
mae_b16,data,frac_0.5,R_au,cka,1.0000000006012755,0.9139723828930958,blind
mae_b16,data,frac_0.25,R_au,cka,1.0000000006012755,0.8282711736677933,blind
mae_b16,data,frac_0.1,R_au,cka,1.0000000006012755,0.6501549677387419,blind
mae_b16,data,disjoint,R_au,cka,1.0000000006012755,0.8487984682635188,blind
mae_b16,data,frac_1.0,R_au,mknn,1.0,1.0,consistent
mae_b16,data,frac_0.5,R_au,mknn,1.0,0.9139723828930958,blind
mae_b16,data,frac_0.25,R_au,mknn,1.0,0.8282711736677933,blind
mae_b16,data,frac_0.1,R_au,mknn,1.0,0.6501549677387419,blind
mae_b16,data,disjoint,R_au,mknn,1.0,0.8487984682635188,blind
mae_b16,data,frac_1.0,R_au,predictivity,0.9999429514154026,1.0,consistent
mae_b16,data,frac_0.5,R_au,predictivity,0.9999429514154026,0.9139723828930958,blind
mae_b16,data,frac_0.25,R_au,predictivity,0.9999429514154026,0.8282711736677933,blind
mae_b16,data,frac_0.1,R_au,predictivity,0.9999429514154026,0.6501549677387419,blind
mae_b16,data,disjoint,R_au,predictivity,0.9999429514154026,0.8487984682635188,blind
mae_b16,data,frac_1.0,R_au,cca_type,0.9999999998783101,1.0,consistent
mae_b16,data,frac_0.5,R_au,cca_type,0.9999999998783101,0.9139723828930958,blind
mae_b16,data,frac_0.25,R_au,cca_type,0.9999999998783101,0.8282711736677933,blind
mae_b16,data,frac_0.1,R_au,cca_type,0.9999999998783101,0.6501549677387419,blind
mae_b16,data,disjoint,R_au,cca_type,0.9999999998783101,0.8487984682635188,blind
mae_b16,data,frac_1.0,R_mi,cka,1.0000000006012755,1.0,consistent
mae_b16,data,frac_0.5,R_mi,cka,1.0000000006012755,0.8814355610902705,blind
mae_b16,data,frac_0.25,R_mi,cka,1.0000000006012755,0.7917939498677102,blind
mae_b16,data,frac_0.1,R_mi,cka,1.0000000006012755,0.6040892769191009,blind
mae_b16,data,disjoint,R_mi,cka,1.0000000006012755,0.8205523165484433,blind
mae_b16,data,frac_1.0,R_mi,mknn,1.0,1.0,consistent
mae_b16,data,frac_0.5,R_mi,mknn,1.0,0.8814355610902705,blind
mae_b16,data,frac_0.25,R_mi,mknn,1.0,0.7917939498677102,blind
mae_b16,data,frac_0.1,R_mi,mknn,1.0,0.6040892769191009,blind
mae_b16,data,disjoint,R_mi,mknn,1.0,0.8205523165484433,blind
mae_b16,data,frac_1.0,R_mi,predictivity,0.9999429514154026,1.0,consistent
mae_b16,data,frac_0.5,R_mi,predictivity,0.9999429514154026,0.8814355610902705,blind
mae_b16,data,frac_0.25,R_mi,predictivity,0.9999429514154026,0.7917939498677102,blind
mae_b16,data,frac_0.1,R_mi,predictivity,0.9999429514154026,0.6040892769191009,blind
mae_b16,data,disjoint,R_mi,predictivity,0.9999429514154026,0.8205523165484433,blind
mae_b16,data,frac_1.0,R_mi,cca_type,0.9999999998783101,1.0,consistent
mae_b16,data,frac_0.5,R_mi,cca_type,0.9999999998783101,0.8814355610902705,blind
mae_b16,data,frac_0.25,R_mi,cca_type,0.9999999998783101,0.7917939498677102,blind
mae_b16,data,frac_0.1,R_mi,cca_type,0.9999999998783101,0.6040892769191009,blind
mae_b16,data,disjoint,R_mi,cca_type,0.9999999998783101,0.8205523165484433,blind
mae_b16,data,frac_1.0,R_width,cka,1.0000000006012755,1.0,consistent
mae_b16,data,frac_0.5,R_width,cka,1.0000000006012755,0.8887516405879101,blind
mae_b16,data,frac_0.25,R_width,cka,1.0000000006012755,0.7942592021648005,blind
mae_b16,data,frac_0.1,R_width,cka,1.0000000006012755,0.5994418534604634,blind
mae_b16,data,disjoint,R_width,cka,1.0000000006012755,0.821745576236394,blind
mae_b16,data,frac_1.0,R_width,mknn,1.0,1.0,consistent
mae_b16,data,frac_0.5,R_width,mknn,1.0,0.8887516405879101,blind
mae_b16,data,frac_0.25,R_width,mknn,1.0,0.7942592021648005,blind
mae_b16,data,frac_0.1,R_width,mknn,1.0,0.5994418534604634,blind
mae_b16,data,disjoint,R_width,mknn,1.0,0.821745576236394,blind
mae_b16,data,frac_1.0,R_width,predictivity,0.9999429514154026,1.0,consistent
mae_b16,data,frac_0.5,R_width,predictivity,0.9999429514154026,0.8887516405879101,blind
mae_b16,data,frac_0.25,R_width,predictivity,0.9999429514154026,0.7942592021648005,blind
mae_b16,data,frac_0.1,R_width,predictivity,0.9999429514154026,0.5994418534604634,blind
mae_b16,data,disjoint,R_width,predictivity,0.9999429514154026,0.821745576236394,blind
mae_b16,data,frac_1.0,R_width,cca_type,0.9999999998783101,1.0,consistent
mae_b16,data,frac_0.5,R_width,cca_type,0.9999999998783101,0.8887516405879101,blind
mae_b16,data,frac_0.25,R_width,cca_type,0.9999999998783101,0.7942592021648005,blind
mae_b16,data,frac_0.1,R_width,cca_type,0.9999999998783101,0.5994418534604634,blind
mae_b16,data,disjoint,R_width,cca_type,0.9999999998783101,0.821745576236394,blind
mae_b16,linear,identity,R_eu,cka,1.0000000006012755,1.0,consistent
mae_b16,linear,mapped,R_eu,cka,0.9916664397531516,0.9989604964401242,consistent
mae_b16,linear,identity,R_eu,mknn,1.0,1.0,consistent
mae_b16,linear,mapped,R_eu,mknn,0.7965625000000001,0.9989604964401242,false alarm
mae_b16,linear,identity,R_eu,predictivity,0.9999429514154026,1.0,consistent
mae_b16,linear,mapped,R_eu,predictivity,0.9994905804146956,0.9989604964401242,consistent
mae_b16,linear,identity,R_eu,cca_type,0.9999999998783101,1.0,consistent
mae_b16,linear,mapped,R_eu,cca_type,0.9999999858684283,0.9989604964401242,consistent
mae_b16,linear,identity,R_au,cka,1.0000000006012755,1.0,consistent
mae_b16,linear,mapped,R_au,cka,0.9916664397531516,0.9669042308260577,blind
mae_b16,linear,identity,R_au,mknn,1.0,1.0,consistent
mae_b16,linear,mapped,R_au,mknn,0.7965625000000001,0.9669042308260577,consistent
mae_b16,linear,identity,R_au,predictivity,0.9999429514154026,1.0,consistent
mae_b16,linear,mapped,R_au,predictivity,0.9994905804146956,0.9669042308260577,blind
mae_b16,linear,identity,R_au,cca_type,0.9999999998783101,1.0,consistent
mae_b16,linear,mapped,R_au,cca_type,0.9999999858684283,0.9669042308260577,blind
mae_b16,linear,identity,R_mi,cka,1.0000000006012755,1.0,consistent
mae_b16,linear,mapped,R_mi,cka,0.9916664397531516,0.9591144731220103,blind
mae_b16,linear,identity,R_mi,mknn,1.0,1.0,consistent
mae_b16,linear,mapped,R_mi,mknn,0.7965625000000001,0.9591144731220103,consistent
mae_b16,linear,identity,R_mi,predictivity,0.9999429514154026,1.0,consistent
mae_b16,linear,mapped,R_mi,predictivity,0.9994905804146956,0.9591144731220103,blind
mae_b16,linear,identity,R_mi,cca_type,0.9999999998783101,1.0,consistent
mae_b16,linear,mapped,R_mi,cca_type,0.9999999858684283,0.9591144731220103,blind
mae_b16,linear,identity,R_width,cka,1.0000000006012755,1.0,consistent
mae_b16,linear,mapped,R_width,cka,0.9916664397531516,0.9572582708145676,blind
mae_b16,linear,identity,R_width,mknn,1.0,1.0,consistent
mae_b16,linear,mapped,R_width,mknn,0.7965625000000001,0.9572582708145676,consistent
mae_b16,linear,identity,R_width,predictivity,0.9999429514154026,1.0,consistent
mae_b16,linear,mapped,R_width,predictivity,0.9994905804146956,0.9572582708145676,blind
mae_b16,linear,identity,R_width,cca_type,0.9999999998783101,1.0,consistent
mae_b16,linear,mapped,R_width,cca_type,0.9999999858684283,0.9572582708145676,blind
mae_b16,rotation,identity,R_eu,cka,1.0000000006012755,1.0,consistent
mae_b16,rotation,mapped,R_eu,cka,1.0000000005671703,0.9999999990999997,consistent
mae_b16,rotation,identity,R_eu,mknn,1.0,1.0,consistent
mae_b16,rotation,mapped,R_eu,mknn,1.0,0.9999999990999997,consistent
mae_b16,rotation,identity,R_eu,predictivity,0.9999429514154026,1.0,consistent
mae_b16,rotation,mapped,R_eu,predictivity,0.9999429514147273,0.9999999990999997,consistent
mae_b16,rotation,identity,R_eu,cca_type,0.9999999998783101,1.0,consistent
mae_b16,rotation,mapped,R_eu,cca_type,1.0000000000067124,0.9999999990999997,consistent
mae_b16,rotation,identity,R_au,cka,1.0000000006012755,1.0,consistent
mae_b16,rotation,mapped,R_au,cka,1.0000000005671703,0.9999976620994154,consistent
mae_b16,rotation,identity,R_au,mknn,1.0,1.0,consistent
mae_b16,rotation,mapped,R_au,mknn,1.0,0.9999976620994154,consistent
mae_b16,rotation,identity,R_au,predictivity,0.9999429514154026,1.0,consistent
mae_b16,rotation,mapped,R_au,predictivity,0.9999429514147273,0.9999976620994154,consistent
mae_b16,rotation,identity,R_au,cca_type,0.9999999998783101,1.0,consistent
mae_b16,rotation,mapped,R_au,cca_type,1.0000000000067124,0.9999976620994154,consistent
mae_b16,rotation,identity,R_mi,cka,1.0000000006012755,1.0,consistent
mae_b16,rotation,mapped,R_mi,cka,1.0000000005671703,0.9999922948730721,consistent
mae_b16,rotation,identity,R_mi,mknn,1.0,1.0,consistent
mae_b16,rotation,mapped,R_mi,mknn,1.0,0.9999922948730721,consistent
mae_b16,rotation,identity,R_mi,predictivity,0.9999429514154026,1.0,consistent
mae_b16,rotation,mapped,R_mi,predictivity,0.9999429514147273,0.9999922948730721,consistent
mae_b16,rotation,identity,R_mi,cca_type,0.9999999998783101,1.0,consistent
mae_b16,rotation,mapped,R_mi,cca_type,1.0000000000067124,0.9999922948730721,consistent
mae_b16,rotation,identity,R_width,cka,1.0000000006012755,1.0,consistent
mae_b16,rotation,mapped,R_width,cka,1.0000000005671703,0.9999898983974745,consistent
mae_b16,rotation,identity,R_width,mknn,1.0,1.0,consistent
mae_b16,rotation,mapped,R_width,mknn,1.0,0.9999898983974745,consistent
mae_b16,rotation,identity,R_width,predictivity,0.9999429514154026,1.0,consistent
mae_b16,rotation,mapped,R_width,predictivity,0.9999429514147273,0.9999898983974745,consistent
mae_b16,rotation,identity,R_width,cca_type,0.9999999998783101,1.0,consistent
mae_b16,rotation,mapped,R_width,cca_type,1.0000000000067124,0.9999898983974745,consistent
mae_b16,tail,s_1.0,R_eu,cka,1.0000000006012755,1.0,consistent
mae_b16,tail,s_1.5,R_eu,cka,0.9999091050579507,0.9999374334843584,consistent
mae_b16,tail,s_2.0,R_eu,cka,0.9994773601639759,0.9998815965703992,consistent
mae_b16,tail,s_3.0,R_eu,cka,0.9963128377753069,0.9998260092565022,consistent
mae_b16,tail,s_1.0,R_eu,mknn,1.0,1.0,consistent
mae_b16,tail,s_1.5,R_eu,mknn,0.9203344726562502,0.9999374334843584,false alarm
mae_b16,tail,s_2.0,R_eu,mknn,0.8418310546875002,0.9998815965703992,false alarm
mae_b16,tail,s_3.0,R_eu,mknn,0.6943212890625,0.9998260092565022,false alarm
mae_b16,tail,s_1.0,R_eu,predictivity,0.9999429514154026,1.0,consistent
mae_b16,tail,s_1.5,R_eu,predictivity,0.9999324544490772,0.9999374334843584,consistent
mae_b16,tail,s_2.0,R_eu,predictivity,0.9998991771395357,0.9998815965703992,consistent
mae_b16,tail,s_3.0,R_eu,predictivity,0.9998209263077424,0.9998260092565022,consistent
mae_b16,tail,s_1.0,R_eu,cca_type,0.9999999998783101,1.0,consistent
mae_b16,tail,s_1.5,R_eu,cca_type,0.9999999988526355,0.9999374334843584,consistent
mae_b16,tail,s_2.0,R_eu,cca_type,0.9999999980678098,0.9998815965703992,consistent
mae_b16,tail,s_3.0,R_eu,cca_type,0.9999999971529636,0.9998260092565022,consistent
mae_b16,tail,s_1.0,R_au,cka,1.0000000006012755,1.0,consistent
mae_b16,tail,s_1.5,R_au,cka,0.9999091050579507,0.993027327456832,consistent
mae_b16,tail,s_2.0,R_au,cka,0.9994773601639759,0.979155764388941,blind
mae_b16,tail,s_3.0,R_au,cka,0.9963128377753069,0.9459493722873429,blind
mae_b16,tail,s_1.0,R_au,mknn,1.0,1.0,consistent
mae_b16,tail,s_1.5,R_au,mknn,0.9203344726562502,0.993027327456832,false alarm
mae_b16,tail,s_2.0,R_au,mknn,0.8418310546875002,0.979155764388941,consistent
mae_b16,tail,s_3.0,R_au,mknn,0.6943212890625,0.9459493722873429,consistent
mae_b16,tail,s_1.0,R_au,predictivity,0.9999429514154026,1.0,consistent
mae_b16,tail,s_1.5,R_au,predictivity,0.9999324544490772,0.993027327456832,consistent
mae_b16,tail,s_2.0,R_au,predictivity,0.9998991771395357,0.979155764388941,blind
mae_b16,tail,s_3.0,R_au,predictivity,0.9998209263077424,0.9459493722873429,blind
mae_b16,tail,s_1.0,R_au,cca_type,0.9999999998783101,1.0,consistent
mae_b16,tail,s_1.5,R_au,cca_type,0.9999999988526355,0.993027327456832,consistent
mae_b16,tail,s_2.0,R_au,cca_type,0.9999999980678098,0.979155764388941,blind
mae_b16,tail,s_3.0,R_au,cca_type,0.9999999971529636,0.9459493722873429,blind
mae_b16,tail,s_1.0,R_mi,cka,1.0000000006012755,1.0,consistent
mae_b16,tail,s_1.5,R_mi,cka,0.9999091050579507,0.9908834452304148,consistent
mae_b16,tail,s_2.0,R_mi,cka,0.9994773601639759,0.9734395103828583,blind
mae_b16,tail,s_3.0,R_mi,cka,0.9963128377753069,0.934573092683574,blind
mae_b16,tail,s_1.0,R_mi,mknn,1.0,1.0,consistent
mae_b16,tail,s_1.5,R_mi,mknn,0.9203344726562502,0.9908834452304148,false alarm
mae_b16,tail,s_2.0,R_mi,mknn,0.8418310546875002,0.9734395103828583,consistent
mae_b16,tail,s_3.0,R_mi,mknn,0.6943212890625,0.934573092683574,consistent
mae_b16,tail,s_1.0,R_mi,predictivity,0.9999429514154026,1.0,consistent
mae_b16,tail,s_1.5,R_mi,predictivity,0.9999324544490772,0.9908834452304148,consistent
mae_b16,tail,s_2.0,R_mi,predictivity,0.9998991771395357,0.9734395103828583,blind
mae_b16,tail,s_3.0,R_mi,predictivity,0.9998209263077424,0.934573092683574,blind
mae_b16,tail,s_1.0,R_mi,cca_type,0.9999999998783101,1.0,consistent
mae_b16,tail,s_1.5,R_mi,cca_type,0.9999999988526355,0.9908834452304148,consistent
mae_b16,tail,s_2.0,R_mi,cca_type,0.9999999980678098,0.9734395103828583,blind
mae_b16,tail,s_3.0,R_mi,cca_type,0.9999999971529636,0.934573092683574,blind
mae_b16,tail,s_1.0,R_width,cka,1.0000000006012755,1.0,consistent
mae_b16,tail,s_1.5,R_width,cka,0.9999091050579507,0.9900717654179413,consistent
mae_b16,tail,s_2.0,R_width,cka,0.9994773601639759,0.9721381047345261,blind
mae_b16,tail,s_3.0,R_width,cka,0.9963128377753069,0.932587003846751,blind
mae_b16,tail,s_1.0,R_width,mknn,1.0,1.0,consistent
mae_b16,tail,s_1.5,R_width,mknn,0.9203344726562502,0.9900717654179413,false alarm
mae_b16,tail,s_2.0,R_width,mknn,0.8418310546875002,0.9721381047345261,consistent
mae_b16,tail,s_3.0,R_width,mknn,0.6943212890625,0.932587003846751,consistent
mae_b16,tail,s_1.0,R_width,predictivity,0.9999429514154026,1.0,consistent
mae_b16,tail,s_1.5,R_width,predictivity,0.9999324544490772,0.9900717654179413,consistent
mae_b16,tail,s_2.0,R_width,predictivity,0.9998991771395357,0.9721381047345261,blind
mae_b16,tail,s_3.0,R_width,predictivity,0.9998209263077424,0.932587003846751,blind
mae_b16,tail,s_1.0,R_width,cca_type,0.9999999998783101,1.0,consistent
mae_b16,tail,s_1.5,R_width,cca_type,0.9999999988526355,0.9900717654179413,consistent
mae_b16,tail,s_2.0,R_width,cca_type,0.9999999980678098,0.9721381047345261,blind
mae_b16,tail,s_3.0,R_width,cca_type,0.9999999971529636,0.932587003846751,blind
mixer_b16,data,frac_1.0,R_eu,cka,0.9999999995115806,1.0,consistent
mixer_b16,data,frac_0.5,R_eu,cka,0.9999999995115806,0.9923589116897279,consistent
mixer_b16,data,frac_0.25,R_eu,cka,0.9999999995115806,0.9669428954357239,blind
mixer_b16,data,frac_0.1,R_eu,cka,0.9999999995115806,0.9576127578031894,blind
mixer_b16,data,disjoint,R_eu,cka,0.9999999995115806,0.9883532899883225,consistent
mixer_b16,data,frac_1.0,R_eu,mknn,1.0,1.0,consistent
mixer_b16,data,frac_0.5,R_eu,mknn,1.0,0.9923589116897279,consistent
mixer_b16,data,frac_0.25,R_eu,mknn,1.0,0.9669428954357239,blind
mixer_b16,data,frac_0.1,R_eu,mknn,1.0,0.9576127578031894,blind
mixer_b16,data,disjoint,R_eu,mknn,1.0,0.9883532899883225,consistent
mixer_b16,data,frac_1.0,R_eu,predictivity,0.9999944957384331,1.0,consistent
mixer_b16,data,frac_0.5,R_eu,predictivity,0.9999944957384331,0.9923589116897279,consistent
mixer_b16,data,frac_0.25,R_eu,predictivity,0.9999944957384331,0.9669428954357239,blind
mixer_b16,data,frac_0.1,R_eu,predictivity,0.9999944957384331,0.9576127578031894,blind
mixer_b16,data,disjoint,R_eu,predictivity,0.9999944957384331,0.9883532899883225,consistent
mixer_b16,data,frac_1.0,R_eu,cca_type,0.9999999998796133,1.0,consistent
mixer_b16,data,frac_0.5,R_eu,cca_type,0.9999999998796133,0.9923589116897279,consistent
mixer_b16,data,frac_0.25,R_eu,cca_type,0.9999999998796133,0.9669428954357239,blind
mixer_b16,data,frac_0.1,R_eu,cca_type,0.9999999998796133,0.9576127578031894,blind
mixer_b16,data,disjoint,R_eu,cca_type,0.9999999998796133,0.9883532899883225,consistent
mixer_b16,data,frac_1.0,R_au,cka,0.9999999995115806,1.0,consistent
mixer_b16,data,frac_0.5,R_au,cka,0.9999999995115806,0.9416055791717908,blind
mixer_b16,data,frac_0.25,R_au,cka,0.9999999995115806,0.8923983538995884,blind
mixer_b16,data,frac_0.1,R_au,cka,0.9999999995115806,0.8172432543108135,blind
mixer_b16,data,disjoint,R_au,cka,0.9999999995115806,0.8612012750003188,blind
mixer_b16,data,frac_1.0,R_au,mknn,1.0,1.0,consistent
mixer_b16,data,frac_0.5,R_au,mknn,1.0,0.9416055791717908,blind
mixer_b16,data,frac_0.25,R_au,mknn,1.0,0.8923983538995884,blind
mixer_b16,data,frac_0.1,R_au,mknn,1.0,0.8172432543108135,blind
mixer_b16,data,disjoint,R_au,mknn,1.0,0.8612012750003188,blind
mixer_b16,data,frac_1.0,R_au,predictivity,0.9999944957384331,1.0,consistent
mixer_b16,data,frac_0.5,R_au,predictivity,0.9999944957384331,0.9416055791717908,blind
mixer_b16,data,frac_0.25,R_au,predictivity,0.9999944957384331,0.8923983538995884,blind
mixer_b16,data,frac_0.1,R_au,predictivity,0.9999944957384331,0.8172432543108135,blind
mixer_b16,data,disjoint,R_au,predictivity,0.9999944957384331,0.8612012750003188,blind
mixer_b16,data,frac_1.0,R_au,cca_type,0.9999999998796133,1.0,consistent
mixer_b16,data,frac_0.5,R_au,cca_type,0.9999999998796133,0.9416055791717908,blind
mixer_b16,data,frac_0.25,R_au,cca_type,0.9999999998796133,0.8923983538995884,blind
mixer_b16,data,frac_0.1,R_au,cca_type,0.9999999998796133,0.8172432543108135,blind
mixer_b16,data,disjoint,R_au,cca_type,0.9999999998796133,0.8612012750003188,blind
mixer_b16,data,frac_1.0,R_mi,cka,0.9999999995115806,1.0,consistent
mixer_b16,data,frac_0.5,R_mi,cka,0.9999999995115806,0.9214596019023855,blind
mixer_b16,data,frac_0.25,R_mi,cka,0.9999999995115806,0.8707836395415613,blind
mixer_b16,data,frac_0.1,R_mi,cka,0.9999999995115806,0.7818601026409665,blind
mixer_b16,data,disjoint,R_mi,cka,0.9999999995115806,0.8465918114205883,blind
mixer_b16,data,frac_1.0,R_mi,mknn,1.0,1.0,consistent
mixer_b16,data,frac_0.5,R_mi,mknn,1.0,0.9214596019023855,blind
mixer_b16,data,frac_0.25,R_mi,mknn,1.0,0.8707836395415613,blind
mixer_b16,data,frac_0.1,R_mi,mknn,1.0,0.7818601026409665,blind
mixer_b16,data,disjoint,R_mi,mknn,1.0,0.8465918114205883,blind
mixer_b16,data,frac_1.0,R_mi,predictivity,0.9999944957384331,1.0,consistent
mixer_b16,data,frac_0.5,R_mi,predictivity,0.9999944957384331,0.9214596019023855,blind
mixer_b16,data,frac_0.25,R_mi,predictivity,0.9999944957384331,0.8707836395415613,blind
mixer_b16,data,frac_0.1,R_mi,predictivity,0.9999944957384331,0.7818601026409665,blind
mixer_b16,data,disjoint,R_mi,predictivity,0.9999944957384331,0.8465918114205883,blind
mixer_b16,data,frac_1.0,R_mi,cca_type,0.9999999998796133,1.0,consistent
mixer_b16,data,frac_0.5,R_mi,cca_type,0.9999999998796133,0.9214596019023855,blind
mixer_b16,data,frac_0.25,R_mi,cca_type,0.9999999998796133,0.8707836395415613,blind
mixer_b16,data,frac_0.1,R_mi,cca_type,0.9999999998796133,0.7818601026409665,blind
mixer_b16,data,disjoint,R_mi,cca_type,0.9999999998796133,0.8465918114205883,blind
mixer_b16,data,frac_1.0,R_width,cka,0.9999999995115806,1.0,consistent
mixer_b16,data,frac_0.5,R_width,cka,0.9999999995115806,0.929016131754033,blind
mixer_b16,data,frac_0.25,R_width,cka,0.9999999995115806,0.8770594661648665,blind
mixer_b16,data,frac_0.1,R_width,cka,0.9999999995115806,0.7956056499014125,blind
mixer_b16,data,disjoint,R_width,cka,0.9999999995115806,0.8498695701673926,blind
mixer_b16,data,frac_1.0,R_width,mknn,1.0,1.0,consistent
mixer_b16,data,frac_0.5,R_width,mknn,1.0,0.929016131754033,blind
mixer_b16,data,frac_0.25,R_width,mknn,1.0,0.8770594661648665,blind
mixer_b16,data,frac_0.1,R_width,mknn,1.0,0.7956056499014125,blind
mixer_b16,data,disjoint,R_width,mknn,1.0,0.8498695701673926,blind
mixer_b16,data,frac_1.0,R_width,predictivity,0.9999944957384331,1.0,consistent
mixer_b16,data,frac_0.5,R_width,predictivity,0.9999944957384331,0.929016131754033,blind
mixer_b16,data,frac_0.25,R_width,predictivity,0.9999944957384331,0.8770594661648665,blind
mixer_b16,data,frac_0.1,R_width,predictivity,0.9999944957384331,0.7956056499014125,blind
mixer_b16,data,disjoint,R_width,predictivity,0.9999944957384331,0.8498695701673926,blind
mixer_b16,data,frac_1.0,R_width,cca_type,0.9999999998796133,1.0,consistent
mixer_b16,data,frac_0.5,R_width,cca_type,0.9999999998796133,0.929016131754033,blind
mixer_b16,data,frac_0.25,R_width,cca_type,0.9999999998796133,0.8770594661648665,blind
mixer_b16,data,frac_0.1,R_width,cca_type,0.9999999998796133,0.7956056499014125,blind
mixer_b16,data,disjoint,R_width,cca_type,0.9999999998796133,0.8498695701673926,blind
mixer_b16,linear,identity,R_eu,cka,0.9999999995115806,1.0,consistent
mixer_b16,linear,mapped,R_eu,cka,0.9794942264798614,0.999981043895261,false alarm
mixer_b16,linear,identity,R_eu,mknn,1.0,1.0,consistent
mixer_b16,linear,mapped,R_eu,mknn,0.7172387695312501,0.999981043895261,false alarm
mixer_b16,linear,identity,R_eu,predictivity,0.9999944957384331,1.0,consistent
mixer_b16,linear,mapped,R_eu,predictivity,0.999875338503706,0.999981043895261,consistent
mixer_b16,linear,identity,R_eu,cca_type,0.9999999998796133,1.0,consistent
mixer_b16,linear,mapped,R_eu,cca_type,0.9999999998327468,0.999981043895261,consistent
mixer_b16,linear,identity,R_au,cka,0.9999999995115806,1.0,consistent
mixer_b16,linear,mapped,R_au,cka,0.9794942264798614,0.9500603699150924,consistent
mixer_b16,linear,identity,R_au,mknn,1.0,1.0,consistent
mixer_b16,linear,mapped,R_au,mknn,0.7172387695312501,0.9500603699150924,consistent
mixer_b16,linear,identity,R_au,predictivity,0.9999944957384331,1.0,consistent
mixer_b16,linear,mapped,R_au,predictivity,0.999875338503706,0.9500603699150924,blind
mixer_b16,linear,identity,R_au,cca_type,0.9999999998796133,1.0,consistent
mixer_b16,linear,mapped,R_au,cca_type,0.9999999998327468,0.9500603699150924,blind
mixer_b16,linear,identity,R_mi,cka,0.9999999995115806,1.0,consistent
mixer_b16,linear,mapped,R_mi,cka,0.9794942264798614,0.94334790841925,consistent
mixer_b16,linear,identity,R_mi,mknn,1.0,1.0,consistent
mixer_b16,linear,mapped,R_mi,mknn,0.7172387695312501,0.94334790841925,consistent
mixer_b16,linear,identity,R_mi,predictivity,0.9999944957384331,1.0,consistent
mixer_b16,linear,mapped,R_mi,predictivity,0.999875338503706,0.94334790841925,blind
mixer_b16,linear,identity,R_mi,cca_type,0.9999999998796133,1.0,consistent
mixer_b16,linear,mapped,R_mi,cca_type,0.9999999998327468,0.94334790841925,blind
mixer_b16,linear,identity,R_width,cka,0.9999999995115806,1.0,consistent
mixer_b16,linear,mapped,R_width,cka,0.9794942264798614,0.944119548829887,consistent
mixer_b16,linear,identity,R_width,mknn,1.0,1.0,consistent
mixer_b16,linear,mapped,R_width,mknn,0.7172387695312501,0.944119548829887,consistent
mixer_b16,linear,identity,R_width,predictivity,0.9999944957384331,1.0,consistent
mixer_b16,linear,mapped,R_width,predictivity,0.999875338503706,0.944119548829887,blind
mixer_b16,linear,identity,R_width,cca_type,0.9999999998796133,1.0,consistent
mixer_b16,linear,mapped,R_width,cca_type,0.9999999998327468,0.944119548829887,blind
mixer_b16,rotation,identity,R_eu,cka,0.9999999995115806,1.0,consistent
mixer_b16,rotation,mapped,R_eu,cka,0.9999999999157871,0.9999999994,consistent
mixer_b16,rotation,identity,R_eu,mknn,1.0,1.0,consistent
mixer_b16,rotation,mapped,R_eu,mknn,1.0,0.9999999994,consistent
mixer_b16,rotation,identity,R_eu,predictivity,0.9999944957384331,1.0,consistent
mixer_b16,rotation,mapped,R_eu,predictivity,0.9999944957382383,0.9999999994,consistent
mixer_b16,rotation,identity,R_eu,cca_type,0.9999999998796133,1.0,consistent
mixer_b16,rotation,mapped,R_eu,cca_type,0.9999999999952471,0.9999999994,consistent
mixer_b16,rotation,identity,R_au,cka,0.9999999995115806,1.0,consistent
mixer_b16,rotation,mapped,R_au,cka,0.9999999999157871,0.9999994095998523,consistent
mixer_b16,rotation,identity,R_au,mknn,1.0,1.0,consistent
mixer_b16,rotation,mapped,R_au,mknn,1.0,0.9999994095998523,consistent
mixer_b16,rotation,identity,R_au,predictivity,0.9999944957384331,1.0,consistent
mixer_b16,rotation,mapped,R_au,predictivity,0.9999944957382383,0.9999994095998523,consistent
mixer_b16,rotation,identity,R_au,cca_type,0.9999999998796133,1.0,consistent
mixer_b16,rotation,mapped,R_au,cca_type,0.9999999999952471,0.9999994095998523,consistent
mixer_b16,rotation,identity,R_mi,cka,0.9999999995115806,1.0,consistent
mixer_b16,rotation,mapped,R_mi,cka,0.9999999999157871,0.9999985674246415,consistent
mixer_b16,rotation,identity,R_mi,mknn,1.0,1.0,consistent
mixer_b16,rotation,mapped,R_mi,mknn,1.0,0.9999985674246415,consistent
mixer_b16,rotation,identity,R_mi,predictivity,0.9999944957384331,1.0,consistent
mixer_b16,rotation,mapped,R_mi,predictivity,0.9999944957382383,0.9999985674246415,consistent
mixer_b16,rotation,identity,R_mi,cca_type,0.9999999998796133,1.0,consistent
mixer_b16,rotation,mapped,R_mi,cca_type,0.9999999999952471,0.9999985674246415,consistent
mixer_b16,rotation,identity,R_width,cka,0.9999999995115806,1.0,consistent
mixer_b16,rotation,mapped,R_width,cka,0.9999999999157871,0.999998368299592,consistent
mixer_b16,rotation,identity,R_width,mknn,1.0,1.0,consistent
mixer_b16,rotation,mapped,R_width,mknn,1.0,0.999998368299592,consistent
mixer_b16,rotation,identity,R_width,predictivity,0.9999944957384331,1.0,consistent
mixer_b16,rotation,mapped,R_width,predictivity,0.9999944957382383,0.999998368299592,consistent
mixer_b16,rotation,identity,R_width,cca_type,0.9999999998796133,1.0,consistent
mixer_b16,rotation,mapped,R_width,cca_type,0.9999999999952471,0.999998368299592,consistent
mixer_b16,tail,s_1.0,R_eu,cka,0.9999999995115806,1.0,consistent
mixer_b16,tail,s_1.5,R_eu,cka,0.999520906576044,0.9999992880998221,consistent
mixer_b16,tail,s_2.0,R_eu,cka,0.9972614542665907,0.99999892029973,consistent
mixer_b16,tail,s_3.0,R_eu,cka,0.9812236461612809,0.9999985995996499,false alarm
mixer_b16,tail,s_1.0,R_eu,mknn,1.0,1.0,consistent
mixer_b16,tail,s_1.5,R_eu,mknn,0.9199975585937501,0.9999992880998221,false alarm
mixer_b16,tail,s_2.0,R_eu,mknn,0.8402661132812501,0.99999892029973,false alarm
mixer_b16,tail,s_3.0,R_eu,mknn,0.684990234375,0.9999985995996499,false alarm
mixer_b16,tail,s_1.0,R_eu,predictivity,0.9999944957384331,1.0,consistent
mixer_b16,tail,s_1.5,R_eu,predictivity,0.9999938842038333,0.9999992880998221,consistent
mixer_b16,tail,s_2.0,R_eu,predictivity,0.9999918972412015,0.99999892029973,consistent
mixer_b16,tail,s_3.0,R_eu,predictivity,0.999987171732214,0.9999985995996499,consistent
mixer_b16,tail,s_1.0,R_eu,cca_type,0.9999999998796133,1.0,consistent
mixer_b16,tail,s_1.5,R_eu,cca_type,0.99999999995837,0.9999992880998221,consistent
mixer_b16,tail,s_2.0,R_eu,cca_type,0.9999999998830349,0.99999892029973,consistent
mixer_b16,tail,s_3.0,R_eu,cca_type,0.9999999998124152,0.9999985995996499,consistent
mixer_b16,tail,s_1.0,R_au,cka,0.9999999995115806,1.0,consistent
mixer_b16,tail,s_1.5,R_au,cka,0.999520906576044,0.9962987977494375,consistent
mixer_b16,tail,s_2.0,R_au,cka,0.9972614542665907,0.9869793541448384,consistent
mixer_b16,tail,s_3.0,R_au,cka,0.9812236461612809,0.9612675654168914,consistent
mixer_b16,tail,s_1.0,R_au,mknn,1.0,1.0,consistent
mixer_b16,tail,s_1.5,R_au,mknn,0.9199975585937501,0.9962987977494375,false alarm
mixer_b16,tail,s_2.0,R_au,mknn,0.8402661132812501,0.9869793541448384,false alarm
mixer_b16,tail,s_3.0,R_au,mknn,0.684990234375,0.9612675654168914,consistent
mixer_b16,tail,s_1.0,R_au,predictivity,0.9999944957384331,1.0,consistent
mixer_b16,tail,s_1.5,R_au,predictivity,0.9999938842038333,0.9962987977494375,consistent
mixer_b16,tail,s_2.0,R_au,predictivity,0.9999918972412015,0.9869793541448384,consistent
mixer_b16,tail,s_3.0,R_au,predictivity,0.999987171732214,0.9612675654168914,blind
mixer_b16,tail,s_1.0,R_au,cca_type,0.9999999998796133,1.0,consistent
mixer_b16,tail,s_1.5,R_au,cca_type,0.99999999995837,0.9962987977494375,consistent
mixer_b16,tail,s_2.0,R_au,cca_type,0.9999999998830349,0.9869793541448384,consistent
mixer_b16,tail,s_3.0,R_au,cca_type,0.9999999998124152,0.9612675654168914,blind
mixer_b16,tail,s_1.0,R_mi,cka,0.9999999995115806,1.0,consistent
mixer_b16,tail,s_1.5,R_mi,cka,0.999520906576044,0.9948202560042365,consistent
mixer_b16,tail,s_2.0,R_mi,cka,0.9972614542665907,0.9822327272291821,consistent
mixer_b16,tail,s_3.0,R_mi,cka,0.9812236461612809,0.9500657169584275,consistent
mixer_b16,tail,s_1.0,R_mi,mknn,1.0,1.0,consistent
mixer_b16,tail,s_1.5,R_mi,mknn,0.9199975585937501,0.9948202560042365,false alarm
mixer_b16,tail,s_2.0,R_mi,mknn,0.8402661132812501,0.9822327272291821,false alarm
mixer_b16,tail,s_3.0,R_mi,mknn,0.684990234375,0.9500657169584275,consistent
mixer_b16,tail,s_1.0,R_mi,predictivity,0.9999944957384331,1.0,consistent
mixer_b16,tail,s_1.5,R_mi,predictivity,0.9999938842038333,0.9948202560042365,consistent
mixer_b16,tail,s_2.0,R_mi,predictivity,0.9999918972412015,0.9822327272291821,consistent
mixer_b16,tail,s_3.0,R_mi,predictivity,0.999987171732214,0.9500657169584275,blind
mixer_b16,tail,s_1.0,R_mi,cca_type,0.9999999998796133,1.0,consistent
mixer_b16,tail,s_1.5,R_mi,cca_type,0.99999999995837,0.9948202560042365,consistent
mixer_b16,tail,s_2.0,R_mi,cca_type,0.9999999998830349,0.9822327272291821,consistent
mixer_b16,tail,s_3.0,R_mi,cca_type,0.9999999998124152,0.9500657169584275,blind
mixer_b16,tail,s_1.0,R_width,cka,0.9999999995115806,1.0,consistent
mixer_b16,tail,s_1.5,R_width,cka,0.999520906576044,0.9947309285827319,consistent
mixer_b16,tail,s_2.0,R_width,cka,0.9972614542665907,0.9828121551030387,consistent
mixer_b16,tail,s_3.0,R_width,cka,0.9812236461612809,0.9524439554109888,consistent
mixer_b16,tail,s_1.0,R_width,mknn,1.0,1.0,consistent
mixer_b16,tail,s_1.5,R_width,mknn,0.9199975585937501,0.9947309285827319,false alarm
mixer_b16,tail,s_2.0,R_width,mknn,0.8402661132812501,0.9828121551030387,false alarm
mixer_b16,tail,s_3.0,R_width,mknn,0.684990234375,0.9524439554109888,consistent
mixer_b16,tail,s_1.0,R_width,predictivity,0.9999944957384331,1.0,consistent
mixer_b16,tail,s_1.5,R_width,predictivity,0.9999938842038333,0.9947309285827319,consistent
mixer_b16,tail,s_2.0,R_width,predictivity,0.9999918972412015,0.9828121551030387,consistent
mixer_b16,tail,s_3.0,R_width,predictivity,0.999987171732214,0.9524439554109888,blind
mixer_b16,tail,s_1.0,R_width,cca_type,0.9999999998796133,1.0,consistent
mixer_b16,tail,s_1.5,R_width,cca_type,0.99999999995837,0.9947309285827319,consistent
mixer_b16,tail,s_2.0,R_width,cca_type,0.9999999998830349,0.9828121551030387,consistent
mixer_b16,tail,s_3.0,R_width,cca_type,0.9999999998124152,0.9524439554109888,blind
resnet50,data,frac_1.0,R_eu,cka,1.0000000009261327,1.0,consistent
resnet50,data,frac_0.5,R_eu,cka,1.0000000009261327,0.9795821745955436,blind
resnet50,data,frac_0.25,R_eu,cka,1.0000000009261327,0.9526654385663595,blind
resnet50,data,frac_0.1,R_eu,cka,1.0000000009261327,0.8996893448223362,blind
resnet50,data,disjoint,R_eu,cka,1.0000000009261327,0.9791531753882937,blind
resnet50,data,frac_1.0,R_eu,mknn,1.0,1.0,consistent
resnet50,data,frac_0.5,R_eu,mknn,1.0,0.9795821745955436,blind
resnet50,data,frac_0.25,R_eu,mknn,1.0,0.9526654385663595,blind
resnet50,data,frac_0.1,R_eu,mknn,1.0,0.8996893448223362,blind
resnet50,data,disjoint,R_eu,mknn,1.0,0.9791531753882937,blind
resnet50,data,frac_1.0,R_eu,predictivity,0.9999548714542058,1.0,consistent
resnet50,data,frac_0.5,R_eu,predictivity,0.9999548714542058,0.9795821745955436,blind
resnet50,data,frac_0.25,R_eu,predictivity,0.9999548714542058,0.9526654385663595,blind
resnet50,data,frac_0.1,R_eu,predictivity,0.9999548714542058,0.8996893448223362,blind
resnet50,data,disjoint,R_eu,predictivity,0.9999548714542058,0.9791531753882937,blind
resnet50,data,frac_1.0,R_eu,cca_type,0.9999999997935622,1.0,consistent
resnet50,data,frac_0.5,R_eu,cca_type,0.9999999997935622,0.9795821745955436,blind
resnet50,data,frac_0.25,R_eu,cca_type,0.9999999997935622,0.9526654385663595,blind
resnet50,data,frac_0.1,R_eu,cca_type,0.9999999997935622,0.8996893448223362,blind
resnet50,data,disjoint,R_eu,cca_type,0.9999999997935622,0.9791531753882937,blind
resnet50,data,frac_1.0,R_au,cka,1.0000000009261327,1.0,consistent
resnet50,data,frac_0.5,R_au,cka,1.0000000009261327,0.9539895050186423,blind
resnet50,data,frac_0.25,R_au,cka,1.0000000009261327,0.9124376041778657,blind
resnet50,data,frac_0.1,R_au,cka,1.0000000009261327,0.8397361514340378,blind
resnet50,data,disjoint,R_au,cka,1.0000000009261327,0.8918358924589731,blind
resnet50,data,frac_1.0,R_au,mknn,1.0,1.0,consistent
resnet50,data,frac_0.5,R_au,mknn,1.0,0.9539895050186423,blind
resnet50,data,frac_0.25,R_au,mknn,1.0,0.9124376041778657,blind
resnet50,data,frac_0.1,R_au,mknn,1.0,0.8397361514340378,blind
resnet50,data,disjoint,R_au,mknn,1.0,0.8918358924589731,blind
resnet50,data,frac_1.0,R_au,predictivity,0.9999548714542058,1.0,consistent
resnet50,data,frac_0.5,R_au,predictivity,0.9999548714542058,0.9539895050186423,blind
resnet50,data,frac_0.25,R_au,predictivity,0.9999548714542058,0.9124376041778657,blind
resnet50,data,frac_0.1,R_au,predictivity,0.9999548714542058,0.8397361514340378,blind
resnet50,data,disjoint,R_au,predictivity,0.9999548714542058,0.8918358924589731,blind
resnet50,data,frac_1.0,R_au,cca_type,0.9999999997935622,1.0,consistent
resnet50,data,frac_0.5,R_au,cca_type,0.9999999997935622,0.9539895050186423,blind
resnet50,data,frac_0.25,R_au,cca_type,0.9999999997935622,0.9124376041778657,blind
resnet50,data,frac_0.1,R_au,cca_type,0.9999999997935622,0.8397361514340378,blind
resnet50,data,disjoint,R_au,cca_type,0.9999999997935622,0.8918358924589731,blind
resnet50,data,frac_1.0,R_mi,cka,1.0000000009261327,1.0,consistent
resnet50,data,frac_0.5,R_mi,cka,1.0000000009261327,0.9383365671769696,blind
resnet50,data,frac_0.25,R_mi,cka,1.0000000009261327,0.8953716078897662,blind
resnet50,data,frac_0.1,R_mi,cka,1.0000000009261327,0.8146065833201872,blind
resnet50,data,disjoint,R_mi,cka,1.0000000009261327,0.8785101583766923,blind
resnet50,data,frac_1.0,R_mi,mknn,1.0,1.0,consistent
resnet50,data,frac_0.5,R_mi,mknn,1.0,0.9383365671769696,blind
resnet50,data,frac_0.25,R_mi,mknn,1.0,0.8953716078897662,blind
resnet50,data,frac_0.1,R_mi,mknn,1.0,0.8146065833201872,blind
resnet50,data,disjoint,R_mi,mknn,1.0,0.8785101583766923,blind
resnet50,data,frac_1.0,R_mi,predictivity,0.9999548714542058,1.0,consistent
resnet50,data,frac_0.5,R_mi,predictivity,0.9999548714542058,0.9383365671769696,blind
resnet50,data,frac_0.25,R_mi,predictivity,0.9999548714542058,0.8953716078897662,blind
resnet50,data,frac_0.1,R_mi,predictivity,0.9999548714542058,0.8146065833201872,blind
resnet50,data,disjoint,R_mi,predictivity,0.9999548714542058,0.8785101583766923,blind
resnet50,data,frac_1.0,R_mi,cca_type,0.9999999997935622,1.0,consistent
resnet50,data,frac_0.5,R_mi,cca_type,0.9999999997935622,0.9383365671769696,blind
resnet50,data,frac_0.25,R_mi,cca_type,0.9999999997935622,0.8953716078897662,blind
resnet50,data,frac_0.1,R_mi,cca_type,0.9999999997935622,0.8146065833201872,blind
resnet50,data,disjoint,R_mi,cca_type,0.9999999997935622,0.8785101583766923,blind
resnet50,data,frac_1.0,R_width,cka,1.0000000009261327,1.0,consistent
resnet50,data,frac_0.5,R_width,cka,1.0000000009261327,0.9457482156370538,blind
resnet50,data,frac_0.25,R_width,cka,1.0000000009261327,0.9025498956374738,blind
resnet50,data,frac_0.1,R_width,cka,1.0000000009261327,0.8244464361116091,blind
resnet50,data,disjoint,R_width,cka,1.0000000009261327,0.8837229493307373,blind
resnet50,data,frac_1.0,R_width,mknn,1.0,1.0,consistent
resnet50,data,frac_0.5,R_width,mknn,1.0,0.9457482156370538,blind
resnet50,data,frac_0.25,R_width,mknn,1.0,0.9025498956374738,blind
resnet50,data,frac_0.1,R_width,mknn,1.0,0.8244464361116091,blind
resnet50,data,disjoint,R_width,mknn,1.0,0.8837229493307373,blind
resnet50,data,frac_1.0,R_width,predictivity,0.9999548714542058,1.0,consistent
resnet50,data,frac_0.5,R_width,predictivity,0.9999548714542058,0.9457482156370538,blind
resnet50,data,frac_0.25,R_width,predictivity,0.9999548714542058,0.9025498956374738,blind
resnet50,data,frac_0.1,R_width,predictivity,0.9999548714542058,0.8244464361116091,blind
resnet50,data,disjoint,R_width,predictivity,0.9999548714542058,0.8837229493307373,blind
resnet50,data,frac_1.0,R_width,cca_type,0.9999999997935622,1.0,consistent
resnet50,data,frac_0.5,R_width,cca_type,0.9999999997935622,0.9457482156370538,blind
resnet50,data,frac_0.25,R_width,cca_type,0.9999999997935622,0.9025498956374738,blind
resnet50,data,frac_0.1,R_width,cca_type,0.9999999997935622,0.8244464361116091,blind
resnet50,data,disjoint,R_width,cca_type,0.9999999997935622,0.8837229493307373,blind
resnet50,linear,identity,R_eu,cka,1.0000000009261327,1.0,consistent
resnet50,linear,mapped,R_eu,cka,0.9833304328397515,0.9990638707659677,false alarm
resnet50,linear,identity,R_eu,mknn,1.0,1.0,consistent
resnet50,linear,mapped,R_eu,mknn,0.8287329101562501,0.9990638707659677,false alarm
resnet50,linear,identity,R_eu,predictivity,0.9999548714542058,1.0,consistent
resnet50,linear,mapped,R_eu,predictivity,0.9993956889535476,0.9990638707659677,consistent
resnet50,linear,identity,R_eu,cca_type,0.9999999997935622,1.0,consistent
resnet50,linear,mapped,R_eu,cca_type,0.9999870306368945,0.9990638707659677,consistent
resnet50,linear,identity,R_au,cka,1.0000000009261327,1.0,consistent
resnet50,linear,mapped,R_au,cka,0.9833304328397515,0.9801837074459268,false alarm
resnet50,linear,identity,R_au,mknn,1.0,1.0,consistent
resnet50,linear,mapped,R_au,mknn,0.8287329101562501,0.9801837074459268,false alarm
resnet50,linear,identity,R_au,predictivity,0.9999548714542058,1.0,consistent
resnet50,linear,mapped,R_au,predictivity,0.9993956889535476,0.9801837074459268,consistent
resnet50,linear,identity,R_au,cca_type,0.9999999997935622,1.0,consistent
resnet50,linear,mapped,R_au,cca_type,0.9999870306368945,0.9801837074459268,consistent
resnet50,linear,identity,R_mi,cka,1.0000000009261327,1.0,consistent
resnet50,linear,mapped,R_mi,cka,0.9833304328397515,0.9760091182876754,consistent
resnet50,linear,identity,R_mi,mknn,1.0,1.0,consistent
resnet50,linear,mapped,R_mi,mknn,0.8287329101562501,0.9760091182876754,consistent
resnet50,linear,identity,R_mi,predictivity,0.9999548714542058,1.0,consistent
resnet50,linear,mapped,R_mi,predictivity,0.9993956889535476,0.9760091182876754,blind
resnet50,linear,identity,R_mi,cca_type,0.9999999997935622,1.0,consistent
resnet50,linear,mapped,R_mi,cca_type,0.9999870306368945,0.9760091182876754,blind
resnet50,linear,identity,R_width,cka,1.0000000009261327,1.0,consistent
resnet50,linear,mapped,R_width,cka,0.9833304328397515,0.9769312092328022,consistent
resnet50,linear,identity,R_width,mknn,1.0,1.0,consistent
resnet50,linear,mapped,R_width,mknn,0.8287329101562501,0.9769312092328022,consistent
resnet50,linear,identity,R_width,predictivity,0.9999548714542058,1.0,consistent
resnet50,linear,mapped,R_width,predictivity,0.9993956889535476,0.9769312092328022,blind
resnet50,linear,identity,R_width,cca_type,0.9999999997935622,1.0,consistent
resnet50,linear,mapped,R_width,cca_type,0.9999870306368945,0.9769312092328022,blind
resnet50,rotation,identity,R_eu,cka,1.0000000009261327,1.0,consistent
resnet50,rotation,mapped,R_eu,cka,1.0000000005199003,0.9999999997,consistent
resnet50,rotation,identity,R_eu,mknn,1.0,1.0,consistent
resnet50,rotation,mapped,R_eu,mknn,1.0,0.9999999997,consistent
resnet50,rotation,identity,R_eu,predictivity,0.9999548714542058,1.0,consistent
resnet50,rotation,mapped,R_eu,predictivity,0.999954871453738,0.9999999997,consistent
resnet50,rotation,identity,R_eu,cca_type,0.9999999997935622,1.0,consistent
resnet50,rotation,mapped,R_eu,cca_type,0.9999999998376341,0.9999999997,consistent
resnet50,rotation,identity,R_au,cka,1.0000000009261327,1.0,consistent
resnet50,rotation,mapped,R_au,cka,1.0000000005199003,0.999994896698724,consistent
resnet50,rotation,identity,R_au,mknn,1.0,1.0,consistent
resnet50,rotation,mapped,R_au,mknn,1.0,0.999994896698724,consistent
resnet50,rotation,identity,R_au,predictivity,0.9999548714542058,1.0,consistent
resnet50,rotation,mapped,R_au,predictivity,0.999954871453738,0.999994896698724,consistent
resnet50,rotation,identity,R_au,cca_type,0.9999999997935622,1.0,consistent
resnet50,rotation,mapped,R_au,cca_type,0.9999999998376341,0.999994896698724,consistent
resnet50,rotation,identity,R_mi,cka,1.0000000009261327,1.0,consistent
resnet50,rotation,mapped,R_mi,cka,1.0000000005199003,0.9999897280671938,consistent
resnet50,rotation,identity,R_mi,mknn,1.0,1.0,consistent
resnet50,rotation,mapped,R_mi,mknn,1.0,0.9999897280671938,consistent
resnet50,rotation,identity,R_mi,predictivity,0.9999548714542058,1.0,consistent
resnet50,rotation,mapped,R_mi,predictivity,0.999954871453738,0.9999897280671938,consistent
resnet50,rotation,identity,R_mi,cca_type,0.9999999997935622,1.0,consistent
resnet50,rotation,mapped,R_mi,cca_type,0.9999999998376341,0.9999897280671938,consistent
resnet50,rotation,identity,R_width,cka,1.0000000009261327,1.0,consistent
resnet50,rotation,mapped,R_width,cka,1.0000000005199003,0.9999924747981186,consistent
resnet50,rotation,identity,R_width,mknn,1.0,1.0,consistent
resnet50,rotation,mapped,R_width,mknn,1.0,0.9999924747981186,consistent
resnet50,rotation,identity,R_width,predictivity,0.9999548714542058,1.0,consistent
resnet50,rotation,mapped,R_width,predictivity,0.999954871453738,0.9999924747981186,consistent
resnet50,rotation,identity,R_width,cca_type,0.9999999997935622,1.0,consistent
resnet50,rotation,mapped,R_width,cca_type,0.9999999998376341,0.9999924747981186,consistent
resnet50,tail,s_1.0,R_eu,cka,1.0000000009261327,1.0,consistent
resnet50,tail,s_1.5,R_eu,cka,0.9995356212677988,0.9999206082801522,consistent
resnet50,tail,s_2.0,R_eu,cka,0.9973537549338405,0.9998448174612042,consistent
resnet50,tail,s_3.0,R_eu,cka,0.9820009646284518,0.9997658064414516,false alarm
resnet50,tail,s_1.0,R_eu,mknn,1.0,1.0,consistent
resnet50,tail,s_1.5,R_eu,mknn,0.9242749023437501,0.9999206082801522,false alarm
resnet50,tail,s_2.0,R_eu,mknn,0.8501977539062502,0.9998448174612042,false alarm
resnet50,tail,s_3.0,R_eu,mknn,0.71030517578125,0.9997658064414516,false alarm
resnet50,tail,s_1.0,R_eu,predictivity,0.9999548714542058,1.0,consistent
resnet50,tail,s_1.5,R_eu,predictivity,0.9999484969052794,0.9999206082801522,consistent
resnet50,tail,s_2.0,R_eu,predictivity,0.9999279902594814,0.9998448174612042,consistent
resnet50,tail,s_3.0,R_eu,predictivity,0.9998847926804981,0.9997658064414516,consistent
resnet50,tail,s_1.0,R_eu,cca_type,0.9999999997935622,1.0,consistent
resnet50,tail,s_1.5,R_eu,cca_type,0.9999875697522744,0.9999206082801522,consistent
resnet50,tail,s_2.0,R_eu,cca_type,0.9999688708774295,0.9998448174612042,consistent
resnet50,tail,s_3.0,R_eu,cca_type,0.9999382853863258,0.9997658064414516,consistent
resnet50,tail,s_1.0,R_au,cka,1.0000000009261327,1.0,consistent
resnet50,tail,s_1.5,R_au,cka,0.9995356212677988,0.9980926019231505,consistent
resnet50,tail,s_2.0,R_au,cka,0.9973537549338405,0.9927840807960202,consistent
resnet50,tail,s_3.0,R_au,cka,0.9820009646284518,0.9760042894010723,consistent
resnet50,tail,s_1.0,R_au,mknn,1.0,1.0,consistent
resnet50,tail,s_1.5,R_au,mknn,0.9242749023437501,0.9980926019231505,false alarm
resnet50,tail,s_2.0,R_au,mknn,0.8501977539062502,0.9927840807960202,false alarm
resnet50,tail,s_3.0,R_au,mknn,0.71030517578125,0.9760042894010723,consistent
resnet50,tail,s_1.0,R_au,predictivity,0.9999548714542058,1.0,consistent
resnet50,tail,s_1.5,R_au,predictivity,0.9999484969052794,0.9980926019231505,consistent
resnet50,tail,s_2.0,R_au,predictivity,0.9999279902594814,0.9927840807960202,consistent
resnet50,tail,s_3.0,R_au,predictivity,0.9998847926804981,0.9760042894010723,blind
resnet50,tail,s_1.0,R_au,cca_type,0.9999999997935622,1.0,consistent
resnet50,tail,s_1.5,R_au,cca_type,0.9999875697522744,0.9980926019231505,consistent
resnet50,tail,s_2.0,R_au,cca_type,0.9999688708774295,0.9927840807960202,consistent
resnet50,tail,s_3.0,R_au,cca_type,0.9999382853863258,0.9760042894010723,blind
resnet50,tail,s_1.0,R_mi,cka,1.0000000009261327,1.0,consistent
resnet50,tail,s_1.5,R_mi,cka,0.9995356212677988,0.9973817819368577,consistent
resnet50,tail,s_2.0,R_mi,cka,0.9973537549338405,0.9902354209360429,consistent
resnet50,tail,s_3.0,R_mi,cka,0.9820009646284518,0.9684357948714112,consistent
resnet50,tail,s_1.0,R_mi,mknn,1.0,1.0,consistent
resnet50,tail,s_1.5,R_mi,mknn,0.9242749023437501,0.9973817819368577,false alarm
resnet50,tail,s_2.0,R_mi,mknn,0.8501977539062502,0.9902354209360429,false alarm
resnet50,tail,s_3.0,R_mi,mknn,0.71030517578125,0.9684357948714112,consistent
resnet50,tail,s_1.0,R_mi,predictivity,0.9999548714542058,1.0,consistent
resnet50,tail,s_1.5,R_mi,predictivity,0.9999484969052794,0.9973817819368577,consistent
resnet50,tail,s_2.0,R_mi,predictivity,0.9999279902594814,0.9902354209360429,consistent
resnet50,tail,s_3.0,R_mi,predictivity,0.9998847926804981,0.9684357948714112,blind
resnet50,tail,s_1.0,R_mi,cca_type,0.9999999997935622,1.0,consistent
resnet50,tail,s_1.5,R_mi,cca_type,0.9999875697522744,0.9973817819368577,consistent
resnet50,tail,s_2.0,R_mi,cca_type,0.9999688708774295,0.9902354209360429,consistent
resnet50,tail,s_3.0,R_mi,cca_type,0.9999382853863258,0.9684357948714112,blind
resnet50,tail,s_1.0,R_width,cka,1.0000000009261327,1.0,consistent
resnet50,tail,s_1.5,R_width,cka,0.9995356212677988,0.9974345727586431,consistent
resnet50,tail,s_2.0,R_width,cka,0.9973537549338405,0.990795976398994,consistent
resnet50,tail,s_3.0,R_width,cka,0.9820009646284518,0.9709750725437681,consistent
resnet50,tail,s_1.0,R_width,mknn,1.0,1.0,consistent
resnet50,tail,s_1.5,R_width,mknn,0.9242749023437501,0.9974345727586431,false alarm
resnet50,tail,s_2.0,R_width,mknn,0.8501977539062502,0.990795976398994,false alarm
resnet50,tail,s_3.0,R_width,mknn,0.71030517578125,0.9709750725437681,consistent
resnet50,tail,s_1.0,R_width,predictivity,0.9999548714542058,1.0,consistent
resnet50,tail,s_1.5,R_width,predictivity,0.9999484969052794,0.9974345727586431,consistent
resnet50,tail,s_2.0,R_width,predictivity,0.9999279902594814,0.990795976398994,consistent
resnet50,tail,s_3.0,R_width,predictivity,0.9998847926804981,0.9709750725437681,blind
resnet50,tail,s_1.0,R_width,cca_type,0.9999999997935622,1.0,consistent
resnet50,tail,s_1.5,R_width,cca_type,0.9999875697522744,0.9974345727586431,consistent
resnet50,tail,s_2.0,R_width,cca_type,0.9999688708774295,0.990795976398994,consistent
resnet50,tail,s_3.0,R_width,cca_type,0.9999382853863258,0.9709750725437681,blind
siglip_b16,data,frac_1.0,R_eu,cka,0.9999999997454203,1.0,consistent
siglip_b16,data,frac_0.5,R_eu,cka,0.9999999997454203,0.9891823158955789,consistent
siglip_b16,data,frac_0.25,R_eu,cka,0.9999999997454203,0.9535525849881463,blind
siglip_b16,data,frac_0.1,R_eu,cka,0.9999999997454203,0.9372264060066016,blind
siglip_b16,data,disjoint,R_eu,cka,0.9999999997454203,0.982654008263502,consistent
siglip_b16,data,frac_1.0,R_eu,mknn,1.0,1.0,consistent
siglip_b16,data,frac_0.5,R_eu,mknn,1.0,0.9891823158955789,consistent
siglip_b16,data,frac_0.25,R_eu,mknn,1.0,0.9535525849881463,blind
siglip_b16,data,frac_0.1,R_eu,mknn,1.0,0.9372264060066016,blind
siglip_b16,data,disjoint,R_eu,mknn,1.0,0.982654008263502,consistent
siglip_b16,data,frac_1.0,R_eu,predictivity,0.9999882323858799,1.0,consistent
siglip_b16,data,frac_0.5,R_eu,predictivity,0.9999882323858799,0.9891823158955789,consistent
siglip_b16,data,frac_0.25,R_eu,predictivity,0.9999882323858799,0.9535525849881463,blind
siglip_b16,data,frac_0.1,R_eu,predictivity,0.9999882323858799,0.9372264060066016,blind
siglip_b16,data,disjoint,R_eu,predictivity,0.9999882323858799,0.982654008263502,consistent
siglip_b16,data,frac_1.0,R_eu,cca_type,1.0000000000518505,1.0,consistent
siglip_b16,data,frac_0.5,R_eu,cca_type,1.0000000000518505,0.9891823158955789,consistent
siglip_b16,data,frac_0.25,R_eu,cca_type,1.0000000000518505,0.9535525849881463,blind
siglip_b16,data,frac_0.1,R_eu,cca_type,1.0000000000518505,0.9372264060066016,blind
siglip_b16,data,disjoint,R_eu,cca_type,1.0000000000518505,0.982654008263502,consistent
siglip_b16,data,frac_1.0,R_au,cka,0.9999999997454203,1.0,consistent
siglip_b16,data,frac_0.5,R_au,cka,0.9999999997454203,0.9685264731316183,blind
siglip_b16,data,frac_0.25,R_au,cka,0.9999999997454203,0.9430398116599529,blind
siglip_b16,data,frac_0.1,R_au,cka,0.9999999997454203,0.8996262161065539,blind
siglip_b16,data,disjoint,R_au,cka,0.9999999997454203,0.9269783467445866,blind
siglip_b16,data,frac_1.0,R_au,mknn,1.0,1.0,consistent
siglip_b16,data,frac_0.5,R_au,mknn,1.0,0.9685264731316183,blind
siglip_b16,data,frac_0.25,R_au,mknn,1.0,0.9430398116599529,blind
siglip_b16,data,frac_0.1,R_au,mknn,1.0,0.8996262161065539,blind
siglip_b16,data,disjoint,R_au,mknn,1.0,0.9269783467445866,blind
siglip_b16,data,frac_1.0,R_au,predictivity,0.9999882323858799,1.0,consistent
siglip_b16,data,frac_0.5,R_au,predictivity,0.9999882323858799,0.9685264731316183,blind
siglip_b16,data,frac_0.25,R_au,predictivity,0.9999882323858799,0.9430398116599529,blind
siglip_b16,data,frac_0.1,R_au,predictivity,0.9999882323858799,0.8996262161065539,blind
siglip_b16,data,disjoint,R_au,predictivity,0.9999882323858799,0.9269783467445866,blind
siglip_b16,data,frac_1.0,R_au,cca_type,1.0000000000518505,1.0,consistent
siglip_b16,data,frac_0.5,R_au,cca_type,1.0000000000518505,0.9685264731316183,blind
siglip_b16,data,frac_0.25,R_au,cca_type,1.0000000000518505,0.9430398116599529,blind
siglip_b16,data,frac_0.1,R_au,cca_type,1.0000000000518505,0.8996262161065539,blind
siglip_b16,data,disjoint,R_au,cca_type,1.0000000000518505,0.9269783467445866,blind
siglip_b16,data,frac_1.0,R_mi,cka,0.9999999997454203,1.0,consistent
siglip_b16,data,frac_0.5,R_mi,cka,0.9999999997454203,0.955359276299206,blind
siglip_b16,data,frac_0.25,R_mi,cka,0.9999999997454203,0.9250604132271281,blind
siglip_b16,data,frac_0.1,R_mi,cka,0.9999999997454203,0.8728371399069795,blind
siglip_b16,data,disjoint,R_mi,cka,0.9999999997454203,0.9097563778955842,blind
siglip_b16,data,frac_1.0,R_mi,mknn,1.0,1.0,consistent
siglip_b16,data,frac_0.5,R_mi,mknn,1.0,0.955359276299206,blind
siglip_b16,data,frac_0.25,R_mi,mknn,1.0,0.9250604132271281,blind
siglip_b16,data,frac_0.1,R_mi,mknn,1.0,0.8728371399069795,blind
siglip_b16,data,disjoint,R_mi,mknn,1.0,0.9097563778955842,blind
siglip_b16,data,frac_1.0,R_mi,predictivity,0.9999882323858799,1.0,consistent
siglip_b16,data,frac_0.5,R_mi,predictivity,0.9999882323858799,0.955359276299206,blind
siglip_b16,data,frac_0.25,R_mi,predictivity,0.9999882323858799,0.9250604132271281,blind
siglip_b16,data,frac_0.1,R_mi,predictivity,0.9999882323858799,0.8728371399069795,blind
siglip_b16,data,disjoint,R_mi,predictivity,0.9999882323858799,0.9097563778955842,blind
siglip_b16,data,frac_1.0,R_mi,cca_type,1.0000000000518505,1.0,consistent
siglip_b16,data,frac_0.5,R_mi,cca_type,1.0000000000518505,0.955359276299206,blind
siglip_b16,data,frac_0.25,R_mi,cca_type,1.0000000000518505,0.9250604132271281,blind
siglip_b16,data,frac_0.1,R_mi,cca_type,1.0000000000518505,0.8728371399069795,blind
siglip_b16,data,disjoint,R_mi,cca_type,1.0000000000518505,0.9097563778955842,blind
siglip_b16,data,frac_1.0,R_width,cka,0.9999999997454203,1.0,consistent
siglip_b16,data,frac_0.5,R_width,cka,0.9999999997454203,0.9621463124365782,blind
siglip_b16,data,frac_0.25,R_width,cka,0.9999999997454203,0.934380215595054,blind
siglip_b16,data,frac_0.1,R_width,cka,0.9999999997454203,0.8850427540606886,blind
siglip_b16,data,disjoint,R_width,cka,0.9999999997454203,0.9181054803263701,blind
siglip_b16,data,frac_1.0,R_width,mknn,1.0,1.0,consistent
siglip_b16,data,frac_0.5,R_width,mknn,1.0,0.9621463124365782,blind
siglip_b16,data,frac_0.25,R_width,mknn,1.0,0.934380215595054,blind
siglip_b16,data,frac_0.1,R_width,mknn,1.0,0.8850427540606886,blind
siglip_b16,data,disjoint,R_width,mknn,1.0,0.9181054803263701,blind
siglip_b16,data,frac_1.0,R_width,predictivity,0.9999882323858799,1.0,consistent
siglip_b16,data,frac_0.5,R_width,predictivity,0.9999882323858799,0.9621463124365782,blind
siglip_b16,data,frac_0.25,R_width,predictivity,0.9999882323858799,0.934380215595054,blind
siglip_b16,data,frac_0.1,R_width,predictivity,0.9999882323858799,0.8850427540606886,blind
siglip_b16,data,disjoint,R_width,predictivity,0.9999882323858799,0.9181054803263701,blind
siglip_b16,data,frac_1.0,R_width,cca_type,1.0000000000518505,1.0,consistent
siglip_b16,data,frac_0.5,R_width,cca_type,1.0000000000518505,0.9621463124365782,blind
siglip_b16,data,frac_0.25,R_width,cca_type,1.0000000000518505,0.934380215595054,blind
siglip_b16,data,frac_0.1,R_width,cca_type,1.0000000000518505,0.8850427540606886,blind
siglip_b16,data,disjoint,R_width,cca_type,1.0000000000518505,0.9181054803263701,blind
siglip_b16,linear,identity,R_eu,cka,0.9999999997454203,1.0,consistent
siglip_b16,linear,mapped,R_eu,cka,0.9769533418398219,0.9999240258810064,false alarm
siglip_b16,linear,identity,R_eu,mknn,1.0,1.0,consistent
siglip_b16,linear,mapped,R_eu,mknn,0.7814916992187501,0.9999240258810064,false alarm
siglip_b16,linear,identity,R_eu,predictivity,0.9999882323858799,1.0,consistent
siglip_b16,linear,mapped,R_eu,predictivity,0.9997666750216936,0.9999240258810064,consistent
siglip_b16,linear,identity,R_eu,cca_type,1.0000000000518505,1.0,consistent
siglip_b16,linear,mapped,R_eu,cca_type,0.9999999997965231,0.9999240258810064,consistent
siglip_b16,linear,identity,R_au,cka,0.9999999997454203,1.0,consistent
siglip_b16,linear,mapped,R_au,cka,0.9769533418398219,0.9787400347850086,consistent
siglip_b16,linear,identity,R_au,mknn,1.0,1.0,consistent
siglip_b16,linear,mapped,R_au,mknn,0.7814916992187501,0.9787400347850086,consistent
siglip_b16,linear,identity,R_au,predictivity,0.9999882323858799,1.0,consistent
siglip_b16,linear,mapped,R_au,predictivity,0.9997666750216936,0.9787400347850086,blind
siglip_b16,linear,identity,R_au,cca_type,1.0000000000518505,1.0,consistent
siglip_b16,linear,mapped,R_au,cca_type,0.9999999997965231,0.9787400347850086,blind
siglip_b16,linear,identity,R_mi,cka,0.9999999997454203,1.0,consistent
siglip_b16,linear,mapped,R_mi,cka,0.9769533418398219,0.9730015379318138,consistent
siglip_b16,linear,identity,R_mi,mknn,1.0,1.0,consistent
siglip_b16,linear,mapped,R_mi,mknn,0.7814916992187501,0.9730015379318138,consistent
siglip_b16,linear,identity,R_mi,predictivity,0.9999882323858799,1.0,consistent
siglip_b16,linear,mapped,R_mi,predictivity,0.9997666750216936,0.9730015379318138,blind
siglip_b16,linear,identity,R_mi,cca_type,1.0000000000518505,1.0,consistent
siglip_b16,linear,mapped,R_mi,cca_type,0.9999999997965231,0.9730015379318138,blind
siglip_b16,linear,identity,R_width,cka,0.9999999997454203,1.0,consistent
siglip_b16,linear,mapped,R_width,cka,0.9769533418398219,0.9757095189273797,consistent
siglip_b16,linear,identity,R_width,mknn,1.0,1.0,consistent
siglip_b16,linear,mapped,R_width,mknn,0.7814916992187501,0.9757095189273797,consistent
siglip_b16,linear,identity,R_width,predictivity,0.9999882323858799,1.0,consistent
siglip_b16,linear,mapped,R_width,predictivity,0.9997666750216936,0.9757095189273797,blind
siglip_b16,linear,identity,R_width,cca_type,1.0000000000518505,1.0,consistent
siglip_b16,linear,mapped,R_width,cca_type,0.9999999997965231,0.9757095189273797,blind
siglip_b16,rotation,identity,R_eu,cka,0.9999999997454203,1.0,consistent
siglip_b16,rotation,mapped,R_eu,cka,0.9999999999715854,0.9999999994,consistent
siglip_b16,rotation,identity,R_eu,mknn,1.0,1.0,consistent
siglip_b16,rotation,mapped,R_eu,mknn,1.0,0.9999999994,consistent
siglip_b16,rotation,identity,R_eu,predictivity,0.9999882323858799,1.0,consistent
siglip_b16,rotation,mapped,R_eu,predictivity,0.9999882323855852,0.9999999994,consistent
siglip_b16,rotation,identity,R_eu,cca_type,1.0000000000518505,1.0,consistent
siglip_b16,rotation,mapped,R_eu,cca_type,1.0000000000371227,0.9999999994,consistent
siglip_b16,rotation,identity,R_au,cka,0.9999999997454203,1.0,consistent
siglip_b16,rotation,mapped,R_au,cka,0.9999999999715854,0.9999877689969422,consistent
siglip_b16,rotation,identity,R_au,mknn,1.0,1.0,consistent
siglip_b16,rotation,mapped,R_au,mknn,1.0,0.9999877689969422,consistent
siglip_b16,rotation,identity,R_au,predictivity,0.9999882323858799,1.0,consistent
siglip_b16,rotation,mapped,R_au,predictivity,0.9999882323855852,0.9999877689969422,consistent
siglip_b16,rotation,identity,R_au,cca_type,1.0000000000518505,1.0,consistent
siglip_b16,rotation,mapped,R_au,cca_type,1.0000000000371227,0.9999877689969422,consistent
siglip_b16,rotation,identity,R_mi,cka,0.9999999997454203,1.0,consistent
siglip_b16,rotation,mapped,R_mi,cka,0.9999999999715854,0.9999365924529464,consistent
siglip_b16,rotation,identity,R_mi,mknn,1.0,1.0,consistent
siglip_b16,rotation,mapped,R_mi,mknn,1.0,0.9999365924529464,consistent
siglip_b16,rotation,identity,R_mi,predictivity,0.9999882323858799,1.0,consistent
siglip_b16,rotation,mapped,R_mi,predictivity,0.9999882323855852,0.9999365924529464,consistent
siglip_b16,rotation,identity,R_mi,cca_type,1.0000000000518505,1.0,consistent
siglip_b16,rotation,mapped,R_mi,cca_type,1.0000000000371227,0.9999365924529464,consistent
siglip_b16,rotation,identity,R_width,cka,0.9999999997454203,1.0,consistent
siglip_b16,rotation,mapped,R_width,cka,0.9999999999715854,0.9999821940955484,consistent
siglip_b16,rotation,identity,R_width,mknn,1.0,1.0,consistent
siglip_b16,rotation,mapped,R_width,mknn,1.0,0.9999821940955484,consistent
siglip_b16,rotation,identity,R_width,predictivity,0.9999882323858799,1.0,consistent
siglip_b16,rotation,mapped,R_width,predictivity,0.9999882323855852,0.9999821940955484,consistent
siglip_b16,rotation,identity,R_width,cca_type,1.0000000000518505,1.0,consistent
siglip_b16,rotation,mapped,R_width,cca_type,1.0000000000371227,0.9999821940955484,consistent
siglip_b16,tail,s_1.0,R_eu,cka,0.9999999997454203,1.0,consistent
siglip_b16,tail,s_1.5,R_eu,cka,0.9997411419090556,0.9999980373995093,consistent
siglip_b16,tail,s_2.0,R_eu,cka,0.9985165684672529,0.9999969057992265,consistent
siglip_b16,tail,s_3.0,R_eu,cka,0.9896873107795411,0.9999958188989547,consistent
siglip_b16,tail,s_1.0,R_eu,mknn,1.0,1.0,consistent
siglip_b16,tail,s_1.5,R_eu,mknn,0.931015625,0.9999980373995093,false alarm
siglip_b16,tail,s_2.0,R_eu,mknn,0.8620947265625002,0.9999969057992265,false alarm
siglip_b16,tail,s_3.0,R_eu,mknn,0.73331298828125,0.9999958188989547,false alarm
siglip_b16,tail,s_1.0,R_eu,predictivity,0.9999882323858799,1.0,consistent
siglip_b16,tail,s_1.5,R_eu,predictivity,0.9999865760111968,0.9999980373995093,consistent
siglip_b16,tail,s_2.0,R_eu,predictivity,0.9999808502408151,0.9999969057992265,consistent
siglip_b16,tail,s_3.0,R_eu,predictivity,0.999967808264633,0.9999958188989547,consistent
siglip_b16,tail,s_1.0,R_eu,cca_type,1.0000000000518505,1.0,consistent
siglip_b16,tail,s_1.5,R_eu,cca_type,1.0000000000325246,0.9999980373995093,consistent
siglip_b16,tail,s_2.0,R_eu,cca_type,0.9999999999663144,0.9999969057992265,consistent
siglip_b16,tail,s_3.0,R_eu,cca_type,0.999999999951461,0.9999958188989547,consistent
siglip_b16,tail,s_1.0,R_au,cka,0.9999999997454203,1.0,consistent
siglip_b16,tail,s_1.5,R_au,cka,0.9997411419090556,0.998288056772014,consistent
siglip_b16,tail,s_2.0,R_au,cka,0.9985165684672529,0.9938817131949189,consistent
siglip_b16,tail,s_3.0,R_au,cka,0.9896873107795411,0.9807651510912878,consistent
siglip_b16,tail,s_1.0,R_au,mknn,1.0,1.0,consistent
siglip_b16,tail,s_1.5,R_au,mknn,0.931015625,0.998288056772014,false alarm
siglip_b16,tail,s_2.0,R_au,mknn,0.8620947265625002,0.9938817131949189,false alarm
siglip_b16,tail,s_3.0,R_au,mknn,0.73331298828125,0.9807651510912878,false alarm
siglip_b16,tail,s_1.0,R_au,predictivity,0.9999882323858799,1.0,consistent
siglip_b16,tail,s_1.5,R_au,predictivity,0.9999865760111968,0.998288056772014,consistent
siglip_b16,tail,s_2.0,R_au,predictivity,0.9999808502408151,0.9938817131949189,consistent
siglip_b16,tail,s_3.0,R_au,predictivity,0.999967808264633,0.9807651510912878,consistent
siglip_b16,tail,s_1.0,R_au,cca_type,1.0000000000518505,1.0,consistent
siglip_b16,tail,s_1.5,R_au,cca_type,1.0000000000325246,0.998288056772014,consistent
siglip_b16,tail,s_2.0,R_au,cca_type,0.9999999999663144,0.9938817131949189,consistent
siglip_b16,tail,s_3.0,R_au,cca_type,0.999999999951461,0.9807651510912878,consistent
siglip_b16,tail,s_1.0,R_mi,cka,0.9999999997454203,1.0,consistent
siglip_b16,tail,s_1.5,R_mi,cka,0.9997411419090556,0.9972144554049167,consistent
siglip_b16,tail,s_2.0,R_mi,cka,0.9985165684672529,0.9910000176551919,consistent
siglip_b16,tail,s_3.0,R_mi,cka,0.9896873107795411,0.9736447192102193,blind
siglip_b16,tail,s_1.0,R_mi,mknn,1.0,1.0,consistent
siglip_b16,tail,s_1.5,R_mi,mknn,0.931015625,0.9972144554049167,false alarm
siglip_b16,tail,s_2.0,R_mi,mknn,0.8620947265625002,0.9910000176551919,false alarm
siglip_b16,tail,s_3.0,R_mi,mknn,0.73331298828125,0.9736447192102193,consistent
siglip_b16,tail,s_1.0,R_mi,predictivity,0.9999882323858799,1.0,consistent
siglip_b16,tail,s_1.5,R_mi,predictivity,0.9999865760111968,0.9972144554049167,consistent
siglip_b16,tail,s_2.0,R_mi,predictivity,0.9999808502408151,0.9910000176551919,consistent
siglip_b16,tail,s_3.0,R_mi,predictivity,0.999967808264633,0.9736447192102193,blind
siglip_b16,tail,s_1.0,R_mi,cca_type,1.0000000000518505,1.0,consistent
siglip_b16,tail,s_1.5,R_mi,cca_type,1.0000000000325246,0.9972144554049167,consistent
siglip_b16,tail,s_2.0,R_mi,cca_type,0.9999999999663144,0.9910000176551919,consistent
siglip_b16,tail,s_3.0,R_mi,cca_type,0.999999999951461,0.9736447192102193,blind
siglip_b16,tail,s_1.0,R_width,cka,0.9999999997454203,1.0,consistent
siglip_b16,tail,s_1.5,R_width,cka,0.9997411419090556,0.9976607086151772,consistent
siglip_b16,tail,s_2.0,R_width,cka,0.9985165684672529,0.9920975012243751,consistent
siglip_b16,tail,s_3.0,R_width,cka,0.9896873107795411,0.9767637668909416,blind
siglip_b16,tail,s_1.0,R_width,mknn,1.0,1.0,consistent
siglip_b16,tail,s_1.5,R_width,mknn,0.931015625,0.9976607086151772,false alarm
siglip_b16,tail,s_2.0,R_width,mknn,0.8620947265625002,0.9920975012243751,false alarm
siglip_b16,tail,s_3.0,R_width,mknn,0.73331298828125,0.9767637668909416,consistent
siglip_b16,tail,s_1.0,R_width,predictivity,0.9999882323858799,1.0,consistent
siglip_b16,tail,s_1.5,R_width,predictivity,0.9999865760111968,0.9976607086151772,consistent
siglip_b16,tail,s_2.0,R_width,predictivity,0.9999808502408151,0.9920975012243751,consistent
siglip_b16,tail,s_3.0,R_width,predictivity,0.999967808264633,0.9767637668909416,blind
siglip_b16,tail,s_1.0,R_width,cca_type,1.0000000000518505,1.0,consistent
siglip_b16,tail,s_1.5,R_width,cca_type,1.0000000000325246,0.9976607086151772,consistent
siglip_b16,tail,s_2.0,R_width,cca_type,0.9999999999663144,0.9920975012243751,consistent
siglip_b16,tail,s_3.0,R_width,cca_type,0.999999999951461,0.9767637668909416,blind
swin_b,data,frac_1.0,R_eu,cka,0.9999999993064403,1.0,consistent
swin_b,data,frac_0.5,R_eu,cka,0.9999999993064403,0.9944491238122808,consistent
swin_b,data,frac_0.25,R_eu,cka,0.9999999993064403,0.971930328282582,blind
swin_b,data,frac_0.1,R_eu,cka,0.9999999993064403,0.9749091313272829,blind
swin_b,data,disjoint,R_eu,cka,0.9999999993064403,0.9923707706926926,consistent
swin_b,data,frac_1.0,R_eu,mknn,1.0,1.0,consistent
swin_b,data,frac_0.5,R_eu,mknn,1.0,0.9944491238122808,consistent
swin_b,data,frac_0.25,R_eu,mknn,1.0,0.971930328282582,blind
swin_b,data,frac_0.1,R_eu,mknn,1.0,0.9749091313272829,blind
swin_b,data,disjoint,R_eu,mknn,1.0,0.9923707706926926,consistent
swin_b,data,frac_1.0,R_eu,predictivity,0.9999861488206658,1.0,consistent
swin_b,data,frac_0.5,R_eu,predictivity,0.9999861488206658,0.9944491238122808,consistent
swin_b,data,frac_0.25,R_eu,predictivity,0.9999861488206658,0.971930328282582,blind
swin_b,data,frac_0.1,R_eu,predictivity,0.9999861488206658,0.9749091313272829,blind
swin_b,data,disjoint,R_eu,predictivity,0.9999861488206658,0.9923707706926926,consistent
swin_b,data,frac_1.0,R_eu,cca_type,1.0000000000472318,1.0,consistent
swin_b,data,frac_0.5,R_eu,cca_type,1.0000000000472318,0.9944491238122808,consistent
swin_b,data,frac_0.25,R_eu,cca_type,1.0000000000472318,0.971930328282582,blind
swin_b,data,frac_0.1,R_eu,cca_type,1.0000000000472318,0.9749091313272829,blind
swin_b,data,disjoint,R_eu,cca_type,1.0000000000472318,0.9923707706926926,consistent
swin_b,data,frac_1.0,R_au,cka,0.9999999993064403,1.0,consistent
swin_b,data,frac_0.5,R_au,cka,0.9999999993064403,0.962237664259416,blind
swin_b,data,frac_0.25,R_au,cka,0.9999999993064403,0.9265456851364213,blind
swin_b,data,frac_0.1,R_au,cka,0.9999999993064403,0.8572158277039568,blind
swin_b,data,disjoint,R_au,cka,0.9999999993064403,0.9017143273285818,blind
swin_b,data,frac_1.0,R_au,mknn,1.0,1.0,consistent
swin_b,data,frac_0.5,R_au,mknn,1.0,0.962237664259416,blind
swin_b,data,frac_0.25,R_au,mknn,1.0,0.9265456851364213,blind
swin_b,data,frac_0.1,R_au,mknn,1.0,0.8572158277039568,blind
swin_b,data,disjoint,R_au,mknn,1.0,0.9017143273285818,blind
swin_b,data,frac_1.0,R_au,predictivity,0.9999861488206658,1.0,consistent
swin_b,data,frac_0.5,R_au,predictivity,0.9999861488206658,0.962237664259416,blind
swin_b,data,frac_0.25,R_au,predictivity,0.9999861488206658,0.9265456851364213,blind
swin_b,data,frac_0.1,R_au,predictivity,0.9999861488206658,0.8572158277039568,blind
swin_b,data,disjoint,R_au,predictivity,0.9999861488206658,0.9017143273285818,blind
swin_b,data,frac_1.0,R_au,cca_type,1.0000000000472318,1.0,consistent
swin_b,data,frac_0.5,R_au,cca_type,1.0000000000472318,0.962237664259416,blind
swin_b,data,frac_0.25,R_au,cca_type,1.0000000000472318,0.9265456851364213,blind
swin_b,data,frac_0.1,R_au,cca_type,1.0000000000472318,0.8572158277039568,blind
swin_b,data,disjoint,R_au,cca_type,1.0000000000472318,0.9017143273285818,blind
swin_b,data,frac_1.0,R_mi,cka,0.9999999993064403,1.0,consistent
swin_b,data,frac_0.5,R_mi,cka,0.9999999993064403,0.9498425993588613,blind
swin_b,data,frac_0.25,R_mi,cka,0.9999999993064403,0.9142657094419606,blind
swin_b,data,frac_0.1,R_mi,cka,0.9999999993064403,0.8379469761603804,blind
swin_b,data,disjoint,R_mi,cka,0.9999999993064403,0.8953995632406521,blind
swin_b,data,frac_1.0,R_mi,mknn,1.0,1.0,consistent
swin_b,data,frac_0.5,R_mi,mknn,1.0,0.9498425993588613,blind
swin_b,data,frac_0.25,R_mi,mknn,1.0,0.9142657094419606,blind
swin_b,data,frac_0.1,R_mi,mknn,1.0,0.8379469761603804,blind
swin_b,data,disjoint,R_mi,mknn,1.0,0.8953995632406521,blind
swin_b,data,frac_1.0,R_mi,predictivity,0.9999861488206658,1.0,consistent
swin_b,data,frac_0.5,R_mi,predictivity,0.9999861488206658,0.9498425993588613,blind
swin_b,data,frac_0.25,R_mi,predictivity,0.9999861488206658,0.9142657094419606,blind
swin_b,data,frac_0.1,R_mi,predictivity,0.9999861488206658,0.8379469761603804,blind
swin_b,data,disjoint,R_mi,predictivity,0.9999861488206658,0.8953995632406521,blind
swin_b,data,frac_1.0,R_mi,cca_type,1.0000000000472318,1.0,consistent
swin_b,data,frac_0.5,R_mi,cca_type,1.0000000000472318,0.9498425993588613,blind
swin_b,data,frac_0.25,R_mi,cca_type,1.0000000000472318,0.9142657094419606,blind
swin_b,data,frac_0.1,R_mi,cca_type,1.0000000000472318,0.8379469761603804,blind
swin_b,data,disjoint,R_mi,cca_type,1.0000000000472318,0.8953995632406521,blind
swin_b,data,frac_1.0,R_width,cka,0.9999999993064403,1.0,consistent
swin_b,data,frac_0.5,R_width,cka,0.9999999993064403,0.9559438495859623,blind
swin_b,data,frac_0.25,R_width,cka,0.9999999993064403,0.9201265328316331,blind
swin_b,data,frac_0.1,R_width,cka,0.9999999993064403,0.8483714900928725,blind
swin_b,data,disjoint,R_width,cka,0.9999999993064403,0.8978416008604002,blind
swin_b,data,frac_1.0,R_width,mknn,1.0,1.0,consistent
swin_b,data,frac_0.5,R_width,mknn,1.0,0.9559438495859623,blind
swin_b,data,frac_0.25,R_width,mknn,1.0,0.9201265328316331,blind
swin_b,data,frac_0.1,R_width,mknn,1.0,0.8483714900928725,blind
swin_b,data,disjoint,R_width,mknn,1.0,0.8978416008604002,blind
swin_b,data,frac_1.0,R_width,predictivity,0.9999861488206658,1.0,consistent
swin_b,data,frac_0.5,R_width,predictivity,0.9999861488206658,0.9559438495859623,blind
swin_b,data,frac_0.25,R_width,predictivity,0.9999861488206658,0.9201265328316331,blind
swin_b,data,frac_0.1,R_width,predictivity,0.9999861488206658,0.8483714900928725,blind
swin_b,data,disjoint,R_width,predictivity,0.9999861488206658,0.8978416008604002,blind
swin_b,data,frac_1.0,R_width,cca_type,1.0000000000472318,1.0,consistent
swin_b,data,frac_0.5,R_width,cca_type,1.0000000000472318,0.9559438495859623,blind
swin_b,data,frac_0.25,R_width,cca_type,1.0000000000472318,0.9201265328316331,blind
swin_b,data,frac_0.1,R_width,cca_type,1.0000000000472318,0.8483714900928725,blind
swin_b,data,disjoint,R_width,cca_type,1.0000000000472318,0.8978416008604002,blind
swin_b,linear,identity,R_eu,cka,0.9999999993064403,1.0,consistent
swin_b,linear,mapped,R_eu,cka,0.9967917164984993,0.9999580965895241,consistent
swin_b,linear,identity,R_eu,mknn,1.0,1.0,consistent
swin_b,linear,mapped,R_eu,mknn,0.7689575195312501,0.9999580965895241,false alarm
swin_b,linear,identity,R_eu,predictivity,0.9999861488206658,1.0,consistent
swin_b,linear,mapped,R_eu,predictivity,0.9997344769057974,0.9999580965895241,consistent
swin_b,linear,identity,R_eu,cca_type,1.0000000000472318,1.0,consistent
swin_b,linear,mapped,R_eu,cca_type,0.9999999995109086,0.9999580965895241,consistent
swin_b,linear,identity,R_au,cka,0.9999999993064403,1.0,consistent
swin_b,linear,mapped,R_au,cka,0.9967917164984993,0.9641626411406602,blind
swin_b,linear,identity,R_au,mknn,1.0,1.0,consistent
swin_b,linear,mapped,R_au,mknn,0.7689575195312501,0.9641626411406602,consistent
swin_b,linear,identity,R_au,predictivity,0.9999861488206658,1.0,consistent
swin_b,linear,mapped,R_au,predictivity,0.9997344769057974,0.9641626411406602,blind
swin_b,linear,identity,R_au,cca_type,1.0000000000472318,1.0,consistent
swin_b,linear,mapped,R_au,cca_type,0.9999999995109086,0.9641626411406602,blind
swin_b,linear,identity,R_mi,cka,0.9999999993064403,1.0,consistent
swin_b,linear,mapped,R_mi,cka,0.9967917164984993,0.9613464614479046,blind
swin_b,linear,identity,R_mi,mknn,1.0,1.0,consistent
swin_b,linear,mapped,R_mi,mknn,0.7689575195312501,0.9613464614479046,consistent
swin_b,linear,identity,R_mi,predictivity,0.9999861488206658,1.0,consistent
swin_b,linear,mapped,R_mi,predictivity,0.9997344769057974,0.9613464614479046,blind
swin_b,linear,identity,R_mi,cca_type,1.0000000000472318,1.0,consistent
swin_b,linear,mapped,R_mi,cca_type,0.9999999995109086,0.9613464614479046,blind
swin_b,linear,identity,R_width,cka,0.9999999993064403,1.0,consistent
swin_b,linear,mapped,R_width,cka,0.9967917164984993,0.9617780104445025,blind
swin_b,linear,identity,R_width,mknn,1.0,1.0,consistent
swin_b,linear,mapped,R_width,mknn,0.7689575195312501,0.9617780104445025,consistent
swin_b,linear,identity,R_width,predictivity,0.9999861488206658,1.0,consistent
swin_b,linear,mapped,R_width,predictivity,0.9997344769057974,0.9617780104445025,blind
swin_b,linear,identity,R_width,cca_type,1.0000000000472318,1.0,consistent
swin_b,linear,mapped,R_width,cca_type,0.9999999995109086,0.9617780104445025,blind
swin_b,rotation,identity,R_eu,cka,0.9999999993064403,1.0,consistent
swin_b,rotation,mapped,R_eu,cka,0.9999999995607374,1.0,consistent
swin_b,rotation,identity,R_eu,mknn,1.0,1.0,consistent
swin_b,rotation,mapped,R_eu,mknn,1.0,1.0,consistent
swin_b,rotation,identity,R_eu,predictivity,0.9999861488206658,1.0,consistent
swin_b,rotation,mapped,R_eu,predictivity,0.9999861488200918,1.0,consistent
swin_b,rotation,identity,R_eu,cca_type,1.0000000000472318,1.0,consistent
swin_b,rotation,mapped,R_eu,cca_type,1.0000000000352172,1.0,consistent
swin_b,rotation,identity,R_au,cka,0.9999999993064403,1.0,consistent
swin_b,rotation,mapped,R_au,cka,0.9999999995607374,0.9999990969997741,consistent
swin_b,rotation,identity,R_au,mknn,1.0,1.0,consistent
swin_b,rotation,mapped,R_au,mknn,1.0,0.9999990969997741,consistent
swin_b,rotation,identity,R_au,predictivity,0.9999861488206658,1.0,consistent
swin_b,rotation,mapped,R_au,predictivity,0.9999861488200918,0.9999990969997741,consistent
swin_b,rotation,identity,R_au,cca_type,1.0000000000472318,1.0,consistent
swin_b,rotation,mapped,R_au,cca_type,1.0000000000352172,0.9999990969997741,consistent
swin_b,rotation,identity,R_mi,cka,0.9999999993064403,1.0,consistent
swin_b,rotation,mapped,R_mi,cka,0.9999999995607374,0.9999965100991215,consistent
swin_b,rotation,identity,R_mi,mknn,1.0,1.0,consistent
swin_b,rotation,mapped,R_mi,mknn,1.0,0.9999965100991215,consistent
swin_b,rotation,identity,R_mi,predictivity,0.9999861488206658,1.0,consistent
swin_b,rotation,mapped,R_mi,predictivity,0.9999861488200918,0.9999965100991215,consistent
swin_b,rotation,identity,R_mi,cca_type,1.0000000000472318,1.0,consistent
swin_b,rotation,mapped,R_mi,cca_type,1.0000000000352172,0.9999965100991215,consistent
swin_b,rotation,identity,R_width,cka,0.9999999993064403,1.0,consistent
swin_b,rotation,mapped,R_width,cka,0.9999999995607374,0.9999972180993044,consistent
swin_b,rotation,identity,R_width,mknn,1.0,1.0,consistent
swin_b,rotation,mapped,R_width,mknn,1.0,0.9999972180993044,consistent
swin_b,rotation,identity,R_width,predictivity,0.9999861488206658,1.0,consistent
swin_b,rotation,mapped,R_width,predictivity,0.9999861488200918,0.9999972180993044,consistent
swin_b,rotation,identity,R_width,cca_type,1.0000000000472318,1.0,consistent
swin_b,rotation,mapped,R_width,cca_type,1.0000000000352172,0.9999972180993044,consistent
swin_b,tail,s_1.0,R_eu,cka,0.9999999993064403,1.0,consistent
swin_b,tail,s_1.5,R_eu,cka,0.9999413788475845,0.9999983118995779,consistent
swin_b,tail,s_2.0,R_eu,cka,0.9996627849860534,0.9999972891993222,consistent
swin_b,tail,s_3.0,R_eu,cka,0.997614614093935,0.9999962811990702,consistent
swin_b,tail,s_1.0,R_eu,mknn,1.0,1.0,consistent
swin_b,tail,s_1.5,R_eu,mknn,0.9057958984375002,0.9999983118995779,false alarm
swin_b,tail,s_2.0,R_eu,mknn,0.8153564453125,0.9999972891993222,false alarm
swin_b,tail,s_3.0,R_eu,mknn,0.6504125976562499,0.9999962811990702,false alarm
swin_b,tail,s_1.0,R_eu,predictivity,0.9999861488206658,1.0,consistent
swin_b,tail,s_1.5,R_eu,predictivity,0.9999842530179806,0.9999983118995779,consistent
swin_b,tail,s_2.0,R_eu,predictivity,0.9999778354127249,0.9999972891993222,consistent
swin_b,tail,s_3.0,R_eu,predictivity,0.9999633933564933,0.9999962811990702,consistent
swin_b,tail,s_1.0,R_eu,cca_type,1.000000000047232,1.0,consistent
swin_b,tail,s_1.5,R_eu,cca_type,0.999999999972523,0.9999983118995779,consistent
swin_b,tail,s_2.0,R_eu,cca_type,0.9999999999105864,0.9999972891993222,consistent
swin_b,tail,s_3.0,R_eu,cca_type,0.9999999998727434,0.9999962811990702,consistent
swin_b,tail,s_1.0,R_au,cka,0.9999999993064403,1.0,consistent
swin_b,tail,s_1.5,R_au,cka,0.9999413788475845,0.9975120828780207,consistent
swin_b,tail,s_2.0,R_au,cka,0.9996627849860534,0.9908215573296507,consistent
swin_b,tail,s_3.0,R_au,cka,0.997614614093935,0.9702439498609874,blind
swin_b,tail,s_1.0,R_au,mknn,1.0,1.0,consistent
swin_b,tail,s_1.5,R_au,mknn,0.9057958984375002,0.9975120828780207,false alarm
swin_b,tail,s_2.0,R_au,mknn,0.8153564453125,0.9908215573296507,false alarm
swin_b,tail,s_3.0,R_au,mknn,0.6504125976562499,0.9702439498609874,consistent
swin_b,tail,s_1.0,R_au,predictivity,0.9999861488206658,1.0,consistent
swin_b,tail,s_1.5,R_au,predictivity,0.9999842530179806,0.9975120828780207,consistent
swin_b,tail,s_2.0,R_au,predictivity,0.9999778354127249,0.9908215573296507,consistent
swin_b,tail,s_3.0,R_au,predictivity,0.9999633933564933,0.9702439498609874,blind
swin_b,tail,s_1.0,R_au,cca_type,1.000000000047232,1.0,consistent
swin_b,tail,s_1.5,R_au,cca_type,0.999999999972523,0.9975120828780207,consistent
swin_b,tail,s_2.0,R_au,cca_type,0.9999999999105864,0.9908215573296507,consistent
swin_b,tail,s_3.0,R_au,cca_type,0.9999999998727434,0.9702439498609874,blind
swin_b,tail,s_1.0,R_mi,cka,0.9999999993064403,1.0,consistent
swin_b,tail,s_1.5,R_mi,cka,0.9999413788475845,0.9966577072570537,consistent
swin_b,tail,s_2.0,R_mi,cka,0.9996627849860534,0.9878233464394178,consistent
swin_b,tail,s_3.0,R_mi,cka,0.997614614093935,0.9625260275931329,blind
swin_b,tail,s_1.0,R_mi,mknn,1.0,1.0,consistent
swin_b,tail,s_1.5,R_mi,mknn,0.9057958984375002,0.9966577072570537,false alarm
swin_b,tail,s_2.0,R_mi,mknn,0.8153564453125,0.9878233464394178,false alarm
swin_b,tail,s_3.0,R_mi,mknn,0.6504125976562499,0.9625260275931329,consistent
swin_b,tail,s_1.0,R_mi,predictivity,0.9999861488206658,1.0,consistent
swin_b,tail,s_1.5,R_mi,predictivity,0.9999842530179806,0.9966577072570537,consistent
swin_b,tail,s_2.0,R_mi,predictivity,0.9999778354127249,0.9878233464394178,consistent
swin_b,tail,s_3.0,R_mi,predictivity,0.9999633933564933,0.9625260275931329,blind
swin_b,tail,s_1.0,R_mi,cca_type,1.000000000047232,1.0,consistent
swin_b,tail,s_1.5,R_mi,cca_type,0.999999999972523,0.9966577072570537,consistent
swin_b,tail,s_2.0,R_mi,cca_type,0.9999999999105864,0.9878233464394178,consistent
swin_b,tail,s_3.0,R_mi,cca_type,0.9999999998727434,0.9625260275931329,blind
swin_b,tail,s_1.0,R_width,cka,0.9999999993064403,1.0,consistent
swin_b,tail,s_1.5,R_width,cka,0.9999413788475845,0.996755832188958,consistent
swin_b,tail,s_2.0,R_width,cka,0.9996627849860534,0.9886880891720222,consistent
swin_b,tail,s_3.0,R_width,cka,0.997614614093935,0.9658703396675848,blind
swin_b,tail,s_1.0,R_width,mknn,1.0,1.0,consistent
swin_b,tail,s_1.5,R_width,mknn,0.9057958984375002,0.996755832188958,false alarm
swin_b,tail,s_2.0,R_width,mknn,0.8153564453125,0.9886880891720222,false alarm
swin_b,tail,s_3.0,R_width,mknn,0.6504125976562499,0.9658703396675848,consistent
swin_b,tail,s_1.0,R_width,predictivity,0.9999861488206658,1.0,consistent
swin_b,tail,s_1.5,R_width,predictivity,0.9999842530179806,0.996755832188958,consistent
swin_b,tail,s_2.0,R_width,predictivity,0.9999778354127249,0.9886880891720222,consistent
swin_b,tail,s_3.0,R_width,predictivity,0.9999633933564933,0.9658703396675848,blind
swin_b,tail,s_1.0,R_width,cca_type,1.000000000047232,1.0,consistent
swin_b,tail,s_1.5,R_width,cca_type,0.999999999972523,0.996755832188958,consistent
swin_b,tail,s_2.0,R_width,cca_type,0.9999999999105864,0.9886880891720222,consistent
swin_b,tail,s_3.0,R_width,cca_type,0.9999999998727434,0.9658703396675848,blind
vit_sup_b16,data,frac_1.0,R_eu,cka,0.9999999992530203,1.0,consistent
vit_sup_b16,data,frac_0.5,R_eu,cka,0.9999999992530203,0.9864888003222001,consistent
vit_sup_b16,data,frac_0.25,R_eu,cka,0.9999999992530203,0.9446455557613888,blind
vit_sup_b16,data,frac_0.1,R_eu,cka,0.9999999992530203,0.9179588027897007,blind
vit_sup_b16,data,disjoint,R_eu,cka,0.9999999992530203,0.9776043395010848,blind
vit_sup_b16,data,frac_1.0,R_eu,mknn,1.0,1.0,consistent
vit_sup_b16,data,frac_0.5,R_eu,mknn,1.0,0.9864888003222001,consistent
vit_sup_b16,data,frac_0.25,R_eu,mknn,1.0,0.9446455557613888,blind
vit_sup_b16,data,frac_0.1,R_eu,mknn,1.0,0.9179588027897007,blind
vit_sup_b16,data,disjoint,R_eu,mknn,1.0,0.9776043395010848,blind
vit_sup_b16,data,frac_1.0,R_eu,predictivity,0.9999914966308028,1.0,consistent
vit_sup_b16,data,frac_0.5,R_eu,predictivity,0.9999914966308028,0.9864888003222001,consistent
vit_sup_b16,data,frac_0.25,R_eu,predictivity,0.9999914966308028,0.9446455557613888,blind
vit_sup_b16,data,frac_0.1,R_eu,predictivity,0.9999914966308028,0.9179588027897007,blind
vit_sup_b16,data,disjoint,R_eu,predictivity,0.9999914966308028,0.9776043395010848,blind
vit_sup_b16,data,frac_1.0,R_eu,cca_type,0.9999999999337911,1.0,consistent
vit_sup_b16,data,frac_0.5,R_eu,cca_type,0.9999999999337911,0.9864888003222001,consistent
vit_sup_b16,data,frac_0.25,R_eu,cca_type,0.9999999999337911,0.9446455557613888,blind
vit_sup_b16,data,frac_0.1,R_eu,cca_type,0.9999999999337911,0.9179588027897007,blind
vit_sup_b16,data,disjoint,R_eu,cca_type,0.9999999999337911,0.9776043395010848,blind
vit_sup_b16,data,frac_1.0,R_au,cka,0.9999999992530203,1.0,consistent
vit_sup_b16,data,frac_0.5,R_au,cka,0.9999999992530203,0.9731436440859109,blind
vit_sup_b16,data,frac_0.25,R_au,cka,0.9999999992530203,0.949307331626833,blind
vit_sup_b16,data,frac_0.1,R_au,cka,0.9999999992530203,0.9111320085830021,blind
vit_sup_b16,data,disjoint,R_au,cka,0.9999999992530203,0.930875468618867,blind
vit_sup_b16,data,frac_1.0,R_au,mknn,1.0,1.0,consistent
vit_sup_b16,data,frac_0.5,R_au,mknn,1.0,0.9731436440859109,blind
vit_sup_b16,data,frac_0.25,R_au,mknn,1.0,0.949307331626833,blind
vit_sup_b16,data,frac_0.1,R_au,mknn,1.0,0.9111320085830021,blind
vit_sup_b16,data,disjoint,R_au,mknn,1.0,0.930875468618867,blind
vit_sup_b16,data,frac_1.0,R_au,predictivity,0.9999914966308028,1.0,consistent
vit_sup_b16,data,frac_0.5,R_au,predictivity,0.9999914966308028,0.9731436440859109,blind
vit_sup_b16,data,frac_0.25,R_au,predictivity,0.9999914966308028,0.949307331626833,blind
vit_sup_b16,data,frac_0.1,R_au,predictivity,0.9999914966308028,0.9111320085830021,blind
vit_sup_b16,data,disjoint,R_au,predictivity,0.9999914966308028,0.930875468618867,blind
vit_sup_b16,data,frac_1.0,R_au,cca_type,0.9999999999337911,1.0,consistent
vit_sup_b16,data,frac_0.5,R_au,cca_type,0.9999999999337911,0.9731436440859109,blind
vit_sup_b16,data,frac_0.25,R_au,cca_type,0.9999999999337911,0.949307331626833,blind
vit_sup_b16,data,frac_0.1,R_au,cca_type,0.9999999999337911,0.9111320085830021,blind
vit_sup_b16,data,disjoint,R_au,cca_type,0.9999999999337911,0.930875468618867,blind
vit_sup_b16,data,frac_1.0,R_mi,cka,0.9999999992530203,0.9999999999999998,consistent
vit_sup_b16,data,frac_0.5,R_mi,cka,0.9999999992530203,0.9597218385394253,blind
vit_sup_b16,data,frac_0.25,R_mi,cka,0.9999999992530203,0.9329187237973355,blind
vit_sup_b16,data,frac_0.1,R_mi,cka,0.9999999992530203,0.882245156512566,blind
vit_sup_b16,data,disjoint,R_mi,cka,0.9999999992530203,0.9160301447739009,blind
vit_sup_b16,data,frac_1.0,R_mi,mknn,1.0,0.9999999999999998,consistent
vit_sup_b16,data,frac_0.5,R_mi,mknn,1.0,0.9597218385394253,blind
vit_sup_b16,data,frac_0.25,R_mi,mknn,1.0,0.9329187237973355,blind
vit_sup_b16,data,frac_0.1,R_mi,mknn,1.0,0.882245156512566,blind
vit_sup_b16,data,disjoint,R_mi,mknn,1.0,0.9160301447739009,blind
vit_sup_b16,data,frac_1.0,R_mi,predictivity,0.9999914966308028,0.9999999999999998,consistent
vit_sup_b16,data,frac_0.5,R_mi,predictivity,0.9999914966308028,0.9597218385394253,blind
vit_sup_b16,data,frac_0.25,R_mi,predictivity,0.9999914966308028,0.9329187237973355,blind
vit_sup_b16,data,frac_0.1,R_mi,predictivity,0.9999914966308028,0.882245156512566,blind
vit_sup_b16,data,disjoint,R_mi,predictivity,0.9999914966308028,0.9160301447739009,blind
vit_sup_b16,data,frac_1.0,R_mi,cca_type,0.9999999999337911,0.9999999999999998,consistent
vit_sup_b16,data,frac_0.5,R_mi,cca_type,0.9999999999337911,0.9597218385394253,blind
vit_sup_b16,data,frac_0.25,R_mi,cca_type,0.9999999999337911,0.9329187237973355,blind
vit_sup_b16,data,frac_0.1,R_mi,cca_type,0.9999999999337911,0.882245156512566,blind
vit_sup_b16,data,disjoint,R_mi,cca_type,0.9999999999337911,0.9160301447739009,blind
vit_sup_b16,data,frac_1.0,R_width,cka,0.9999999992530203,1.0,consistent
vit_sup_b16,data,frac_0.5,R_width,cka,0.9999999992530203,0.9672158409039602,blind
vit_sup_b16,data,frac_0.25,R_width,cka,0.9999999992530203,0.9415743382935846,blind
vit_sup_b16,data,frac_0.1,R_width,cka,0.9999999992530203,0.8983974652993663,blind
vit_sup_b16,data,disjoint,R_width,cka,0.9999999992530203,0.9234053887513471,blind
vit_sup_b16,data,frac_1.0,R_width,mknn,1.0,1.0,consistent
vit_sup_b16,data,frac_0.5,R_width,mknn,1.0,0.9672158409039602,blind
vit_sup_b16,data,frac_0.25,R_width,mknn,1.0,0.9415743382935846,blind
vit_sup_b16,data,frac_0.1,R_width,mknn,1.0,0.8983974652993663,blind
vit_sup_b16,data,disjoint,R_width,mknn,1.0,0.9234053887513471,blind
vit_sup_b16,data,frac_1.0,R_width,predictivity,0.9999914966308028,1.0,consistent
vit_sup_b16,data,frac_0.5,R_width,predictivity,0.9999914966308028,0.9672158409039602,blind
vit_sup_b16,data,frac_0.25,R_width,predictivity,0.9999914966308028,0.9415743382935846,blind
vit_sup_b16,data,frac_0.1,R_width,predictivity,0.9999914966308028,0.8983974652993663,blind
vit_sup_b16,data,disjoint,R_width,predictivity,0.9999914966308028,0.9234053887513471,blind
vit_sup_b16,data,frac_1.0,R_width,cca_type,0.9999999999337911,1.0,consistent
vit_sup_b16,data,frac_0.5,R_width,cca_type,0.9999999999337911,0.9672158409039602,blind
vit_sup_b16,data,frac_0.25,R_width,cca_type,0.9999999999337911,0.9415743382935846,blind
vit_sup_b16,data,frac_0.1,R_width,cca_type,0.9999999999337911,0.8983974652993663,blind
vit_sup_b16,data,disjoint,R_width,cca_type,0.9999999999337911,0.9234053887513471,blind
vit_sup_b16,linear,identity,R_eu,cka,0.9999999992530203,1.0,consistent
vit_sup_b16,linear,mapped,R_eu,cka,0.9662479523398186,0.9999410472852617,false alarm
vit_sup_b16,linear,identity,R_eu,mknn,1.0,1.0,consistent
vit_sup_b16,linear,mapped,R_eu,mknn,0.76556396484375,0.9999410472852617,false alarm
vit_sup_b16,linear,identity,R_eu,predictivity,0.9999914966308028,1.0,consistent
vit_sup_b16,linear,mapped,R_eu,predictivity,0.9998221244915779,0.9999410472852617,consistent
vit_sup_b16,linear,identity,R_eu,cca_type,0.9999999999337911,1.0,consistent
vit_sup_b16,linear,mapped,R_eu,cca_type,0.999999999754532,0.9999410472852617,consistent
vit_sup_b16,linear,identity,R_au,cka,0.9999999992530203,1.0,consistent
vit_sup_b16,linear,mapped,R_au,cka,0.9662479523398186,0.9752341928085482,consistent
vit_sup_b16,linear,identity,R_au,mknn,1.0,1.0,consistent
vit_sup_b16,linear,mapped,R_au,mknn,0.76556396484375,0.9752341928085482,consistent
vit_sup_b16,linear,identity,R_au,predictivity,0.9999914966308028,1.0,consistent
vit_sup_b16,linear,mapped,R_au,predictivity,0.9998221244915779,0.9752341928085482,blind
vit_sup_b16,linear,identity,R_au,cca_type,0.9999999999337911,1.0,consistent
vit_sup_b16,linear,mapped,R_au,cca_type,0.999999999754532,0.9752341928085482,blind
vit_sup_b16,linear,identity,R_mi,cka,0.9999999992530203,0.9999999999999998,consistent
vit_sup_b16,linear,mapped,R_mi,cka,0.9662479523398186,0.9699674807903571,consistent
vit_sup_b16,linear,identity,R_mi,mknn,1.0,0.9999999999999998,consistent
vit_sup_b16,linear,mapped,R_mi,mknn,0.76556396484375,0.9699674807903571,consistent
vit_sup_b16,linear,identity,R_mi,predictivity,0.9999914966308028,0.9999999999999998,consistent
vit_sup_b16,linear,mapped,R_mi,predictivity,0.9998221244915779,0.9699674807903571,blind
vit_sup_b16,linear,identity,R_mi,cca_type,0.9999999999337911,0.9999999999999998,consistent
vit_sup_b16,linear,mapped,R_mi,cca_type,0.999999999754532,0.9699674807903571,blind
vit_sup_b16,linear,identity,R_width,cka,0.9999999992530203,1.0,consistent
vit_sup_b16,linear,mapped,R_width,cka,0.9662479523398186,0.9724151725037931,consistent
vit_sup_b16,linear,identity,R_width,mknn,1.0,1.0,consistent
vit_sup_b16,linear,mapped,R_width,mknn,0.76556396484375,0.9724151725037931,consistent
vit_sup_b16,linear,identity,R_width,predictivity,0.9999914966308028,1.0,consistent
vit_sup_b16,linear,mapped,R_width,predictivity,0.9998221244915779,0.9724151725037931,blind
vit_sup_b16,linear,identity,R_width,cca_type,0.9999999999337911,1.0,consistent
vit_sup_b16,linear,mapped,R_width,cca_type,0.999999999754532,0.9724151725037931,blind
vit_sup_b16,rotation,identity,R_eu,cka,0.9999999992530203,1.0,consistent
vit_sup_b16,rotation,mapped,R_eu,cka,0.9999999996867064,0.9999999994,consistent
vit_sup_b16,rotation,identity,R_eu,mknn,1.0,1.0,consistent
vit_sup_b16,rotation,mapped,R_eu,mknn,1.0,0.9999999994,consistent
vit_sup_b16,rotation,identity,R_eu,predictivity,0.9999914966308028,1.0,consistent
vit_sup_b16,rotation,mapped,R_eu,predictivity,0.9999914966303418,0.9999999994,consistent
vit_sup_b16,rotation,identity,R_eu,cca_type,0.9999999999337911,1.0,consistent
vit_sup_b16,rotation,mapped,R_eu,cca_type,0.9999999999922234,0.9999999994,consistent
vit_sup_b16,rotation,identity,R_au,cka,0.9999999992530203,1.0,consistent
vit_sup_b16,rotation,mapped,R_au,cka,0.9999999996867064,0.9999994836998709,consistent
vit_sup_b16,rotation,identity,R_au,mknn,1.0,1.0,consistent
vit_sup_b16,rotation,mapped,R_au,mknn,1.0,0.9999994836998709,consistent
vit_sup_b16,rotation,identity,R_au,predictivity,0.9999914966308028,1.0,consistent
vit_sup_b16,rotation,mapped,R_au,predictivity,0.9999914966303418,0.9999994836998709,consistent
vit_sup_b16,rotation,identity,R_au,cca_type,0.9999999999337911,1.0,consistent
vit_sup_b16,rotation,mapped,R_au,cca_type,0.9999999999922234,0.9999994836998709,consistent
vit_sup_b16,rotation,identity,R_mi,cka,0.9999999992530203,0.9999999999999998,consistent
vit_sup_b16,rotation,mapped,R_mi,cka,0.9999999996867064,0.9999806506673181,consistent
vit_sup_b16,rotation,identity,R_mi,mknn,1.0,0.9999999999999998,consistent
vit_sup_b16,rotation,mapped,R_mi,mknn,1.0,0.9999806506673181,consistent
vit_sup_b16,rotation,identity,R_mi,predictivity,0.9999914966308028,0.9999999999999998,consistent
vit_sup_b16,rotation,mapped,R_mi,predictivity,0.9999914966303418,0.9999806506673181,consistent
vit_sup_b16,rotation,identity,R_mi,cca_type,0.9999999999337911,0.9999999999999998,consistent
vit_sup_b16,rotation,mapped,R_mi,cca_type,0.9999999999922234,0.9999806506673181,consistent
vit_sup_b16,rotation,identity,R_width,cka,0.9999999992530203,1.0,consistent
vit_sup_b16,rotation,mapped,R_width,cka,0.9999999996867064,0.9999991368997841,consistent
vit_sup_b16,rotation,identity,R_width,mknn,1.0,1.0,consistent
vit_sup_b16,rotation,mapped,R_width,mknn,1.0,0.9999991368997841,consistent
vit_sup_b16,rotation,identity,R_width,predictivity,0.9999914966308028,1.0,consistent
vit_sup_b16,rotation,mapped,R_width,predictivity,0.9999914966303418,0.9999991368997841,consistent
vit_sup_b16,rotation,identity,R_width,cca_type,0.9999999999337911,1.0,consistent
vit_sup_b16,rotation,mapped,R_width,cca_type,0.9999999999922234,0.9999991368997841,consistent
vit_sup_b16,tail,s_1.0,R_eu,cka,0.9999999992530203,1.0,consistent
vit_sup_b16,tail,s_1.5,R_eu,cka,0.999448292622611,0.9999981690995423,consistent
vit_sup_b16,tail,s_2.0,R_eu,cka,0.9968528786152552,0.9999971649992911,consistent
vit_sup_b16,tail,s_3.0,R_eu,cka,0.9785902811882339,0.9999961221990304,false alarm
vit_sup_b16,tail,s_1.0,R_eu,mknn,1.0,1.0,consistent
vit_sup_b16,tail,s_1.5,R_eu,mknn,0.9246557617187501,0.9999981690995423,false alarm
vit_sup_b16,tail,s_2.0,R_eu,mknn,0.8517749023437501,0.9999971649992911,false alarm
vit_sup_b16,tail,s_3.0,R_eu,mknn,0.71772705078125,0.9999961221990304,false alarm
vit_sup_b16,tail,s_1.0,R_eu,predictivity,0.9999914966308028,1.0,consistent
vit_sup_b16,tail,s_1.5,R_eu,predictivity,0.9999903989856385,0.9999981690995423,consistent
vit_sup_b16,tail,s_2.0,R_eu,predictivity,0.999986664445989,0.9999971649992911,consistent
vit_sup_b16,tail,s_3.0,R_eu,predictivity,0.9999781369679278,0.9999961221990304,consistent
vit_sup_b16,tail,s_1.0,R_eu,cca_type,0.9999999999337911,1.0,consistent
vit_sup_b16,tail,s_1.5,R_eu,cca_type,0.9999999998817557,0.9999981690995423,consistent
vit_sup_b16,tail,s_2.0,R_eu,cca_type,0.9999999999888598,0.9999971649992911,consistent
vit_sup_b16,tail,s_3.0,R_eu,cca_type,0.9999999999573903,0.9999961221990304,consistent
vit_sup_b16,tail,s_1.0,R_au,cka,0.9999999992530203,1.0,consistent
vit_sup_b16,tail,s_1.5,R_au,cka,0.999448292622611,0.9989343796335948,consistent
vit_sup_b16,tail,s_2.0,R_au,cka,0.9968528786152552,0.9958222862555715,consistent
vit_sup_b16,tail,s_3.0,R_au,cka,0.9785902811882339,0.9852646653161663,false alarm
vit_sup_b16,tail,s_1.0,R_au,mknn,1.0,1.0,consistent
vit_sup_b16,tail,s_1.5,R_au,mknn,0.9246557617187501,0.9989343796335948,false alarm
vit_sup_b16,tail,s_2.0,R_au,mknn,0.8517749023437501,0.9958222862555715,false alarm
vit_sup_b16,tail,s_3.0,R_au,mknn,0.71772705078125,0.9852646653161663,false alarm
vit_sup_b16,tail,s_1.0,R_au,predictivity,0.9999914966308028,1.0,consistent
vit_sup_b16,tail,s_1.5,R_au,predictivity,0.9999903989856385,0.9989343796335948,consistent
vit_sup_b16,tail,s_2.0,R_au,predictivity,0.999986664445989,0.9958222862555715,consistent
vit_sup_b16,tail,s_3.0,R_au,predictivity,0.9999781369679278,0.9852646653161663,consistent
vit_sup_b16,tail,s_1.0,R_au,cca_type,0.9999999999337911,1.0,consistent
vit_sup_b16,tail,s_1.5,R_au,cca_type,0.9999999998817557,0.9989343796335948,consistent
vit_sup_b16,tail,s_2.0,R_au,cca_type,0.9999999999888598,0.9958222862555715,consistent
vit_sup_b16,tail,s_3.0,R_au,cca_type,0.9999999999573903,0.9852646653161663,consistent
vit_sup_b16,tail,s_1.0,R_mi,cka,0.9999999992530203,0.9999999999999998,consistent
vit_sup_b16,tail,s_1.5,R_mi,cka,0.999448292622611,0.997881583311789,consistent
vit_sup_b16,tail,s_2.0,R_mi,cka,0.9968528786152552,0.9933394008652948,consistent
vit_sup_b16,tail,s_3.0,R_mi,cka,0.9785902811882339,0.9789861242071239,consistent
vit_sup_b16,tail,s_1.0,R_mi,mknn,1.0,0.9999999999999998,consistent
vit_sup_b16,tail,s_1.5,R_mi,mknn,0.9246557617187501,0.997881583311789,false alarm
vit_sup_b16,tail,s_2.0,R_mi,mknn,0.8517749023437501,0.9933394008652948,false alarm
vit_sup_b16,tail,s_3.0,R_mi,mknn,0.71772705078125,0.9789861242071239,consistent
vit_sup_b16,tail,s_1.0,R_mi,predictivity,0.9999914966308028,0.9999999999999998,consistent
vit_sup_b16,tail,s_1.5,R_mi,predictivity,0.9999903989856385,0.997881583311789,consistent
vit_sup_b16,tail,s_2.0,R_mi,predictivity,0.999986664445989,0.9933394008652948,consistent
vit_sup_b16,tail,s_3.0,R_mi,predictivity,0.9999781369679278,0.9789861242071239,blind
vit_sup_b16,tail,s_1.0,R_mi,cca_type,0.9999999999337911,0.9999999999999998,consistent
vit_sup_b16,tail,s_1.5,R_mi,cca_type,0.9999999998817557,0.997881583311789,consistent
vit_sup_b16,tail,s_2.0,R_mi,cca_type,0.9999999999888598,0.9933394008652948,consistent
vit_sup_b16,tail,s_3.0,R_mi,cca_type,0.9999999999573903,0.9789861242071239,blind
vit_sup_b16,tail,s_1.0,R_width,cka,0.9999999992530203,1.0,consistent
vit_sup_b16,tail,s_1.5,R_width,cka,0.999448292622611,0.9985148508287127,consistent
vit_sup_b16,tail,s_2.0,R_width,cka,0.9968528786152552,0.9944714600178649,consistent
vit_sup_b16,tail,s_3.0,R_width,cka,0.9785902811882339,0.9819458124864532,false alarm
vit_sup_b16,tail,s_1.0,R_width,mknn,1.0,1.0,consistent
vit_sup_b16,tail,s_1.5,R_width,mknn,0.9246557617187501,0.9985148508287127,false alarm
vit_sup_b16,tail,s_2.0,R_width,mknn,0.8517749023437501,0.9944714600178649,false alarm
vit_sup_b16,tail,s_3.0,R_width,mknn,0.71772705078125,0.9819458124864532,false alarm
vit_sup_b16,tail,s_1.0,R_width,predictivity,0.9999914966308028,1.0,consistent
vit_sup_b16,tail,s_1.5,R_width,predictivity,0.9999903989856385,0.9985148508287127,consistent
vit_sup_b16,tail,s_2.0,R_width,predictivity,0.999986664445989,0.9944714600178649,consistent
vit_sup_b16,tail,s_3.0,R_width,predictivity,0.9999781369679278,0.9819458124864532,consistent
vit_sup_b16,tail,s_1.0,R_width,cca_type,0.9999999999337911,1.0,consistent
vit_sup_b16,tail,s_1.5,R_width,cca_type,0.9999999998817557,0.9985148508287127,consistent
vit_sup_b16,tail,s_2.0,R_width,cca_type,0.9999999999888598,0.9944714600178649,consistent
vit_sup_b16,tail,s_3.0,R_width,cca_type,0.9999999999573903,0.9819458124864532,consistent
