seed,a,b,prior,fraction,n_alignment,n_train,dim_a,dim_b,eu_agreement,acquisition_overlap,eu_group0,eu_group1,eu_id,eu_heldout,cka,mknn,predictivity,cca_type,smoother_001,smoother_1,noise_condition,head
0,clip_b16|2,convnext_s|2,0.1,0.1,546,102,768,768,0.2504726957574882,0.3333333333333333,0.11773458073321075,0.20594820289104687,0.19198004176365815,0.3639545803807735,0.5741238176401094,0.321978021978022,-0.43476582862178836,0.9999999985010304,0.9708369948929095,0.6589833862575217,heteroscedastic,rbf
0,clip_b16|2,dinov2_b|2,0.1,0.1,546,102,768,768,0.28855463487398575,0.3,0.14524773103492775,0.23457549320971774,0.24256953032182024,0.33834201314778445,0.6687793399046046,0.3648351648351648,-0.31994396812100634,0.9999999983666978,0.9693604050589909,0.678144994695517,heteroscedastic,rbf
0,clip_b16|2,mae_b16|2,0.1,0.1,546,102,768,768,0.2946672629646193,0.26666666666666666,0.10327171994570407,0.40291204790912805,0.2492813645079784,0.67463502091693,0.46152088017309784,0.17197802197802198,-0.3374565618405899,0.9999999861935628,0.9280455151907636,0.549201465034868,heteroscedastic,rbf
0,clip_b16|2,vit_sup_b16|2,0.1,0.1,546,102,768,768,0.4737879271886866,0.43333333333333335,0.24300449237202526,0.4621851837267812,0.4287686225233682,0.46094083496969174,0.6529805744605607,0.36025641025641025,-0.23634673248334315,0.9999999986286441,0.9734030924885508,0.6858275820468609,heteroscedastic,rbf
0,convnext_s|2,dinov2_b|2,0.1,0.1,546,102,768,768,0.3336226489518026,0.2833333333333333,0.2725786308877579,0.3300675635106215,0.29460106606196357,0.3099974387432767,0.7334445435741611,0.40622710622710617,-0.3024805165374779,0.9999999991659427,0.9795996204223789,0.7126927176245584,heteroscedastic,rbf
0,convnext_s|2,mae_b16|2,0.1,0.1,546,102,768,768,0.07478442995674987,0.2,-0.03155191801479462,0.12064441843520642,0.027112324581369897,0.3535388030393579,0.3054285646669536,0.12747252747252746,-0.5252387262189618,0.9999999868399789,0.9357403676043453,0.551626551890345,heteroscedastic,rbf
0,convnext_s|2,vit_sup_b16|2,0.1,0.1,546,102,768,768,0.4692409701138059,0.36666666666666664,0.39362556545533595,0.4265471284321093,0.4112093500892566,0.5936993084606847,0.7551771133377919,0.4661172161172161,-0.11048494410267473,0.9999999994643993,0.9837202607217637,0.7439292573183387,heteroscedastic,rbf
0,dinov2_b|2,mae_b16|2,0.1,0.1,546,102,768,768,0.18742629840638445,0.2,0.1195597809687831,0.1490013765161156,0.1543220179735256,0.34611115854179114,0.3472134081992764,0.15054945054945054,-0.5039902631424767,0.9999999867472366,0.934751153021658,0.5680820971097894,heteroscedastic,rbf
0,dinov2_b|2,vit_sup_b16|2,0.1,0.1,546,102,768,768,0.40968058244606226,0.31666666666666665,0.2850114146901302,0.4024428762568144,0.3568706555284273,0.5551950823870913,0.8572573195675854,0.5067765567765568,-0.07760120629188971,0.9999999993227159,0.9818964750460366,0.7497818350034562,heteroscedastic,rbf
0,mae_b16|2,vit_sup_b16|2,0.1,0.1,546,102,768,768,0.19166992130533694,0.23333333333333334,0.0545829401287237,0.23265133089755052,0.1519684826354579,0.4260223683087168,0.3543854282787083,0.14395604395604394,-0.3884224756325483,0.9999999870341224,0.9387745709342049,0.5713689431718867,heteroscedastic,rbf
0,clip_b16|2,convnext_s|2,0.1,0.25,546,256,768,768,0.28262706285295236,0.31666666666666665,0.1315019388708883,0.22163082390731176,0.20398222612679442,0.3973362930077691,0.5741238176401094,0.321978021978022,-0.43476582862178836,0.9999999985010304,0.9708369948929095,0.6589833862575217,heteroscedastic,rbf
0,clip_b16|2,dinov2_b|2,0.1,0.25,546,256,768,768,0.34118539218164495,0.2833333333333333,0.18153427884552312,0.27605250142496923,0.274430926953558,0.39025014940664216,0.6687793399046046,0.3648351648351648,-0.31994396812100634,0.9999999983666978,0.9693604050589909,0.678144994695517,heteroscedastic,rbf
0,clip_b16|2,mae_b16|2,0.1,0.25,546,256,768,768,0.3328727579798832,0.2833333333333333,0.1338073414528026,0.38290466962635783,0.2859537414656453,0.6572184751984974,0.46152088017309784,0.17197802197802198,-0.3374565618405899,0.9999999861935628,0.9280455151907636,0.549201465034868,heteroscedastic,rbf
0,clip_b16|2,vit_sup_b16|2,0.1,0.25,546,256,768,768,0.4787869966305462,0.43333333333333335,0.2288924380890319,0.4681179709778235,0.4134394334714639,0.504738324938103,0.6529805744605607,0.36025641025641025,-0.23634673248334315,0.9999999986286441,0.9734030924885508,0.6858275820468609,heteroscedastic,rbf
0,convnext_s|2,dinov2_b|2,0.1,0.25,546,256,768,768,0.4214578373828815,0.3,0.3457893604628489,0.40713459277995095,0.3628923108827967,0.3641253308289934,0.7334445435741611,0.40622710622710617,-0.3024805165374779,0.9999999991659427,0.9795996204223789,0.7126927176245584,heteroscedastic,rbf
0,convnext_s|2,mae_b16|2,0.1,0.25,546,256,768,768,0.1277962438784552,0.2,0.013218683825034539,0.14394772757548008,0.06829780753555698,0.42713224622214635,0.3054285646669536,0.12747252747252746,-0.5252387262189618,0.9999999868399789,0.9357403676043453,0.551626551890345,heteroscedastic,rbf
0,convnext_s|2,vit_sup_b16|2,0.1,0.25,546,256,768,768,0.5020930058139049,0.4666666666666667,0.3986331845341058,0.4701415529972667,0.4316802802891707,0.5969435669768633,0.7551771133377919,0.4661172161172161,-0.11048494410267473,0.9999999994643993,0.9837202607217637,0.7439292573183387,heteroscedastic,rbf
0,dinov2_b|2,mae_b16|2,0.1,0.25,546,256,768,768,0.2560738224272845,0.18333333333333332,0.20426086129826085,0.1551464080860617,0.2162448044263615,0.3713822248783403,0.3472134081992764,0.15054945054945054,-0.5039902631424767,0.9999999867472366,0.934751153021658,0.5680820971097894,heteroscedastic,rbf
0,dinov2_b|2,vit_sup_b16|2,0.1,0.25,546,256,768,768,0.4397634993430537,0.4,0.29161347808654464,0.46725894002394447,0.36583255291717415,0.574489883035943,0.8572573195675854,0.5067765567765568,-0.07760120629188971,0.9999999993227159,0.9818964750460366,0.7497818350034562,heteroscedastic,rbf
0,mae_b16|2,vit_sup_b16|2,0.1,0.25,546,256,768,768,0.24704218622829507,0.25,0.11883624255322438,0.24463475685039482,0.20267967309222068,0.47221036455220694,0.3543854282787083,0.14395604395604394,-0.3884224756325483,0.9999999870341224,0.9387745709342049,0.5713689431718867,heteroscedastic,rbf
0,clip_b16|2,convnext_s|2,0.1,1.0,546,1024,768,768,0.3183144953180425,0.3,0.12109419999313485,0.27824364474881025,0.2139507710351232,0.3570391872278665,0.5741238176401094,0.321978021978022,-0.43476582862178836,0.9999999985010304,0.9708369948929095,0.6589833862575217,heteroscedastic,rbf
0,clip_b16|2,dinov2_b|2,0.1,1.0,546,1024,768,768,0.35838877330214797,0.3333333333333333,0.1652645489000365,0.3441237227988658,0.26332994916010743,0.3921284043370614,0.6687793399046046,0.3648351648351648,-0.31994396812100634,0.9999999983666978,0.9693604050589909,0.678144994695517,heteroscedastic,rbf
0,clip_b16|2,mae_b16|2,0.1,1.0,546,1024,768,768,0.3875180208833913,0.3,0.1343238465214354,0.41598964917968967,0.32945163341229744,0.6777939042089985,0.46152088017309784,0.17197802197802198,-0.3374565618405899,0.9999999861935628,0.9280455151907636,0.549201465034868,heteroscedastic,rbf
0,clip_b16|2,vit_sup_b16|2,0.1,1.0,546,1024,768,768,0.4917282548007077,0.43333333333333335,0.20942052049117943,0.5013481703283,0.40246817867238766,0.5417911722018269,0.6529805744605607,0.36025641025641025,-0.23634673248334315,0.9999999986286441,0.9734030924885508,0.6858275820468609,heteroscedastic,rbf
0,convnext_s|2,dinov2_b|2,0.1,1.0,546,1024,768,768,0.5242833452315145,0.38333333333333336,0.37653704737738897,0.5729917987119562,0.44386519979783934,0.4113378297618031,0.7334445435741611,0.40622710622710617,-0.3024805165374779,0.9999999991659427,0.9795996204223789,0.7126927176245584,heteroscedastic,rbf
0,convnext_s|2,mae_b16|2,0.1,1.0,546,1024,768,768,0.15711521420892832,0.23333333333333334,0.007026014494850317,0.12157773490070177,0.07546655250459809,0.4109109536412533,0.3054285646669536,0.12747252747252746,-0.5252387262189618,0.9999999868399789,0.9357403676043453,0.551626551890345,heteroscedastic,rbf
0,convnext_s|2,vit_sup_b16|2,0.1,1.0,546,1024,768,768,0.5599090553029313,0.5,0.41462938604728233,0.576694903539146,0.4722661498747579,0.6240928882438316,0.7551771133377919,0.4661172161172161,-0.11048494410267473,0.9999999994643993,0.9837202607217637,0.7439292573183387,heteroscedastic,rbf
0,dinov2_b|2,mae_b16|2,0.1,1.0,546,1024,768,768,0.29708699190831084,0.25,0.24775799239475937,0.1464712008197099,0.23748692652537726,0.3645522069495432,0.3472134081992764,0.15054945054945054,-0.5039902631424767,0.9999999867472366,0.934751153021658,0.5680820971097894,heteroscedastic,rbf
0,dinov2_b|2,vit_sup_b16|2,0.1,1.0,546,1024,768,768,0.5133245925683126,0.4666666666666667,0.32035696718431594,0.5818658453928599,0.4180708870901703,0.5708187483992145,0.8572573195675854,0.5067765567765568,-0.07760120629188971,0.9999999993227159,0.9818964750460366,0.7497818350034562,heteroscedastic,rbf
0,mae_b16|2,vit_sup_b16|2,0.1,1.0,546,1024,768,768,0.3034315095319709,0.25,0.1368869624883252,0.2436226865718325,0.24300689879863674,0.49893280969862547,0.3543854282787083,0.14395604395604394,-0.3884224756325483,0.9999999870341224,0.9387745709342049,0.5713689431718867,heteroscedastic,rbf
0,clip_b16|2,convnext_s|2,1.0,0.1,546,102,768,768,0.26334439817888383,0.2833333333333333,0.17921054518601642,0.29488304081318617,0.16358857116356276,0.30914368650217705,0.5741238176401094,0.321978021978022,-0.43476582862178836,0.9999999985010304,0.9708369948929095,0.6589833862575217,heteroscedastic,rbf
0,clip_b16|2,dinov2_b|2,1.0,0.1,546,102,768,768,0.24717251992366643,0.26666666666666666,0.15965092596203564,0.3114353049992753,0.15179996670516066,0.31401007427644495,0.6687793399046046,0.3648351648351648,-0.31994396812100634,0.9999999983666978,0.9693604050589909,0.678144994695517,heteroscedastic,rbf
0,clip_b16|2,mae_b16|2,1.0,0.1,546,102,768,768,0.275928655357376,0.25,0.06713325848742371,0.4079366528903347,0.21185595249527908,0.6916246905148127,0.46152088017309784,0.17197802197802198,-0.3374565618405899,0.9999999861935628,0.9280455151907636,0.549201465034868,heteroscedastic,rbf
0,clip_b16|2,vit_sup_b16|2,1.0,0.1,546,102,768,768,0.4494501929172025,0.4,0.29094349517218726,0.5233791306305136,0.3626664805772447,0.4724664902245368,0.6529805744605607,0.36025641025641025,-0.23634673248334315,0.9999999986286441,0.9734030924885508,0.6858275820468609,heteroscedastic,rbf
0,convnext_s|2,dinov2_b|2,1.0,0.1,546,102,768,768,0.427414298373051,0.3,0.3189587732267783,0.5256479106920589,0.3587903225041978,0.31768120891317336,0.7334445435741611,0.40622710622710617,-0.3024805165374779,0.9999999991659427,0.9795996204223789,0.7126927176245584,heteroscedastic,rbf
0,convnext_s|2,mae_b16|2,1.0,0.1,546,102,768,768,0.07511370864919069,0.23333333333333334,-0.03421747235646542,0.15469287548882518,-0.0045394297744679344,0.3939212840433706,0.3054285646669536,0.12747252747252746,-0.5252387262189618,0.9999999868399789,0.9357403676043453,0.551626551890345,heteroscedastic,rbf
0,convnext_s|2,vit_sup_b16|2,1.0,0.1,546,102,768,768,0.5033892871924643,0.48333333333333334,0.41075865321213495,0.5732492845830474,0.42129551342924665,0.5871254162042175,0.7551771133377919,0.4661172161172161,-0.11048494410267473,0.9999999994643993,0.9837202607217637,0.7439292573183387,heteroscedastic,rbf
0,dinov2_b|2,mae_b16|2,1.0,0.1,546,102,768,768,0.19470898530273692,0.21666666666666667,0.1622208711539108,0.17761526193043464,0.13443633608887143,0.37300435413642963,0.3472134081992764,0.15054945054945054,-0.5039902631424767,0.9999999867472366,0.934751153021658,0.5680820971097894,heteroscedastic,rbf
0,dinov2_b|2,vit_sup_b16|2,1.0,0.1,546,102,768,768,0.46410056694601926,0.4,0.3481465213814947,0.5653504446937384,0.38145910586512005,0.5478528131136343,0.8572573195675854,0.5067765567765568,-0.07760120629188971,0.9999999993227159,0.9818964750460366,0.7497818350034562,heteroscedastic,rbf
0,mae_b16|2,vit_sup_b16|2,1.0,0.1,546,102,768,768,0.22644418456717932,0.21666666666666667,0.10799179270929912,0.27780407559360687,0.16577315305701826,0.5228378724494152,0.3543854282787083,0.14395604395604394,-0.3884224756325483,0.9999999870341224,0.9387745709342049,0.5713689431718867,heteroscedastic,rbf
0,clip_b16|2,convnext_s|2,1.0,0.25,546,256,768,768,0.2696015822266173,0.31666666666666665,0.1428851786228724,0.37161159624763207,0.1455592625171205,0.34798941347221035,0.5741238176401094,0.321978021978022,-0.43476582862178836,0.9999999985010304,0.9708369948929095,0.6589833862575217,heteroscedastic,rbf
0,clip_b16|2,dinov2_b|2,1.0,0.25,546,256,768,768,0.3066167406020572,0.31666666666666665,0.2071956308775141,0.4009839758331915,0.19196662465800057,0.3864936395458038,0.6687793399046046,0.3648351648351648,-0.31994396812100634,0.9999999983666978,0.9693604050589909,0.678144994695517,heteroscedastic,rbf
0,clip_b16|2,mae_b16|2,1.0,0.25,546,256,768,768,0.30022966730463135,0.3,0.11598378310668994,0.375777728812641,0.23082095842323344,0.6667805002988132,0.46152088017309784,0.17197802197802198,-0.3374565618405899,0.9999999861935628,0.9280455151907636,0.549201465034868,heteroscedastic,rbf
0,clip_b16|2,vit_sup_b16|2,1.0,0.25,546,256,768,768,0.4159919333109259,0.43333333333333335,0.2252280197350225,0.5398252726571509,0.30018068612015736,0.5150687270554085,0.6529805744605607,0.36025641025641025,-0.23634673248334315,0.9999999986286441,0.9734030924885508,0.6858275820468609,heteroscedastic,rbf
0,convnext_s|2,dinov2_b|2,1.0,0.25,546,256,768,768,0.5249175692154701,0.36666666666666664,0.37909369355218725,0.6618668731021936,0.44733848010589594,0.40450781183300605,0.7334445435741611,0.40622710622710617,-0.3024805165374779,0.9999999991659427,0.9795996204223789,0.7126927176245584,heteroscedastic,rbf
0,convnext_s|2,mae_b16|2,1.0,0.25,546,256,768,768,0.11993588871080195,0.23333333333333334,0.030067819595598455,0.17579833885308194,0.031578033193773565,0.47357636813796633,0.3054285646669536,0.12747252747252746,-0.5252387262189618,0.9999999868399789,0.9357403676043453,0.551626551890345,heteroscedastic,rbf
0,convnext_s|2,vit_sup_b16|2,1.0,0.25,546,256,768,768,0.5590431640087888,0.5,0.4479229361498016,0.665034340292992,0.4732913917527239,0.6200802527106632,0.7551771133377919,0.4661172161172161,-0.11048494410267473,0.9999999994643993,0.9837202607217637,0.7439292573183387,heteroscedastic,rbf
0,dinov2_b|2,mae_b16|2,1.0,0.25,546,256,768,768,0.24189144969847134,0.21666666666666667,0.24651435458162824,0.18306826531321815,0.17318646852810052,0.35080679586783914,0.3472134081992764,0.15054945054945054,-0.5039902631424767,0.9999999867472366,0.934751153021658,0.5680820971097894,heteroscedastic,rbf
0,dinov2_b|2,vit_sup_b16|2,1.0,0.25,546,256,768,768,0.49633554537651486,0.45,0.3201822827978472,0.6765385409152589,0.3999090116063069,0.5680867412276958,0.8572573195675854,0.5067765567765568,-0.07760120629188971,0.9999999993227159,0.9818964750460366,0.7497818350034562,heteroscedastic,rbf
0,mae_b16|2,vit_sup_b16|2,1.0,0.25,546,256,768,768,0.26032705646404575,0.25,0.16948500994101526,0.28106928687863725,0.19421479196522462,0.502347818663024,0.3543854282787083,0.14395604395604394,-0.3884224756325483,0.9999999870341224,0.9387745709342049,0.5713689431718867,heteroscedastic,rbf
0,clip_b16|2,convnext_s|2,1.0,1.0,546,1024,768,768,0.2809924472012422,0.35,0.11441449909162323,0.3828225645872029,0.1495967175342685,0.37607786220438827,0.5741238176401094,0.321978021978022,-0.43476582862178836,0.9999999985010304,0.9708369948929095,0.6589833862575217,heteroscedastic,rbf
0,clip_b16|2,dinov2_b|2,1.0,1.0,546,1024,768,768,0.3067154075427987,0.36666666666666664,0.15899567979633097,0.4063141009260834,0.18103102727559037,0.4409630325279603,0.6687793399046046,0.3648351648351648,-0.31994396812100634,0.9999999983666978,0.9693604050589909,0.678144994695517,heteroscedastic,rbf
0,clip_b16|2,mae_b16|2,1.0,1.0,546,1024,768,768,0.36922591451642917,0.31666666666666665,0.14030840420601184,0.43822000743413647,0.2920068249316366,0.7234696491078288,0.46152088017309784,0.17197802197802198,-0.3374565618405899,0.9999999861935628,0.9280455151907636,0.549201465034868,heteroscedastic,rbf
0,clip_b16|2,vit_sup_b16|2,1.0,1.0,546,1024,768,768,0.41258881274670206,0.45,0.16874925080706166,0.538995844200382,0.2894974615784044,0.5667207376419362,0.6529805744605607,0.36025641025641025,-0.23634673248334315,0.9999999986286441,0.9734030924885508,0.6858275820468609,heteroscedastic,rbf
0,convnext_s|2,dinov2_b|2,1.0,1.0,546,1024,768,768,0.5966313239758998,0.43333333333333335,0.4314080729706284,0.7260037550488315,0.5199791276504162,0.45539144540254417,0.7334445435741611,0.40622710622710617,-0.3024805165374779,0.9999999991659427,0.9795996204223789,0.7126927176245584,heteroscedastic,rbf
0,convnext_s|2,mae_b16|2,1.0,1.0,546,1024,768,768,0.13938972052700144,0.2833333333333333,0.040126549133308445,0.1562255028863831,0.033728270213507716,0.4429266626824895,0.3054285646669536,0.12747252747252746,-0.5252387262189618,0.9999999868399789,0.9357403676043453,0.551626551890345,heteroscedastic,rbf
0,convnext_s|2,vit_sup_b16|2,1.0,1.0,546,1024,768,768,0.5888713024202844,0.5333333333333333,0.4443530486469059,0.708074136940593,0.4966014252612161,0.6654998719371638,0.7551771133377919,0.4661172161172161,-0.11048494410267473,0.9999999994643993,0.9837202607217637,0.7439292573183387,heteroscedastic,rbf
0,dinov2_b|2,mae_b16|2,1.0,1.0,546,1024,768,768,0.27451754032650094,0.26666666666666666,0.2625332003671248,0.2099596205183285,0.19089668340086005,0.39204302911295136,0.3472134081992764,0.15054945054945054,-0.5039902631424767,0.9999999867472366,0.934751153021658,0.5680820971097894,heteroscedastic,rbf
0,dinov2_b|2,vit_sup_b16|2,1.0,1.0,546,1024,768,768,0.5412482256895158,0.5166666666666667,0.3371866935786056,0.7163148018908735,0.43985224558232683,0.5775633911039016,0.8572573195675854,0.5067765567765568,-0.07760120629188971,0.9999999993227159,0.9818964750460366,0.7497818350034562,heteroscedastic,rbf
0,mae_b16|2,vit_sup_b16|2,1.0,1.0,546,1024,768,768,0.2927805355014875,0.2833333333333333,0.17138640995010893,0.28134799718161885,0.21115097109583555,0.49551780073422685,0.3543854282787083,0.14395604395604394,-0.3884224756325483,0.9999999870341224,0.9387745709342049,0.5713689431718867,heteroscedastic,rbf
0,clip_b16|2,convnext_s|2,10.0,0.1,546,102,768,768,0.2813740038166772,0.2833333333333333,0.17964438068903646,0.4114643768855883,0.1703593239441303,0.3247673525143004,0.5741238176401094,0.321978021978022,-0.43476582862178836,0.9999999985010304,0.9708369948929095,0.6589833862575217,heteroscedastic,rbf
0,clip_b16|2,dinov2_b|2,10.0,0.1,546,102,768,768,0.280227111741977,0.25,0.17004320922534844,0.43169293609016357,0.17759201892220247,0.33151199521898744,0.6687793399046046,0.3648351648351648,-0.31994396812100634,0.9999999983666978,0.9693604050589909,0.678144994695517,heteroscedastic,rbf
0,clip_b16|2,mae_b16|2,10.0,0.1,546,102,768,768,0.2189616082266895,0.23333333333333334,0.04844813949446842,0.4083907440252526,0.14397691907815444,0.6703662597114317,0.46152088017309784,0.17197802197802198,-0.3374565618405899,0.9999999861935628,0.9280455151907636,0.549201465034868,heteroscedastic,rbf
0,clip_b16|2,vit_sup_b16|2,10.0,0.1,546,102,768,768,0.419834221761727,0.4,0.2822046032211297,0.5669595917536379,0.31175950246455464,0.481516263980193,0.6529805744605607,0.36025641025641025,-0.23634673248334315,0.9999999986286441,0.9734030924885508,0.6858275820468609,heteroscedastic,rbf
0,convnext_s|2,dinov2_b|2,10.0,0.1,546,102,768,768,0.5250401251114586,0.36666666666666664,0.34241105069243855,0.6814391505312112,0.46915374595745896,0.3467087851105609,0.7334445435741611,0.40622710622710617,-0.3024805165374779,0.9999999991659427,0.9795996204223789,0.7126927176245584,heteroscedastic,rbf
0,convnext_s|2,mae_b16|2,10.0,0.1,546,102,768,768,0.09098214161706003,0.16666666666666666,-0.0351721261228459,0.2533635837341539,0.008826705465436114,0.369845470844361,0.3054285646669536,0.12747252747252746,-0.5252387262189618,0.9999999868399789,0.9357403676043453,0.551626551890345,heteroscedastic,rbf
0,convnext_s|2,vit_sup_b16|2,10.0,0.1,546,102,768,768,0.5440750668751857,0.5333333333333333,0.4134720121287036,0.6804416022323633,0.46626381806929756,0.6129941091095364,0.7551771133377919,0.4661172161172161,-0.11048494410267473,0.9999999994643993,0.9837202607217637,0.7439292573183387,heteroscedastic,rbf
0,dinov2_b|2,mae_b16|2,10.0,0.1,546,102,768,768,0.2191096641935116,0.25,0.1717012731652254,0.30107610662372625,0.15690699838418673,0.36216170067446424,0.3472134081992764,0.15054945054945054,-0.5039902631424767,0.9999999867472366,0.934751153021658,0.5680820971097894,heteroscedastic,rbf
0,dinov2_b|2,vit_sup_b16|2,10.0,0.1,546,102,768,768,0.5407861688504689,0.45,0.3550544621706763,0.7217571930577117,0.4689839904032694,0.5522069495432426,0.8572573195675854,0.5067765567765568,-0.07760120629188971,0.9999999993227159,0.9818964750460366,0.7497818350034562,heteroscedastic,rbf
0,mae_b16|2,vit_sup_b16|2,10.0,0.1,546,102,768,768,0.22989030525084792,0.21666666666666667,0.12146010267919483,0.3533691970378512,0.1647096286764966,0.47366174336207634,0.3543854282787083,0.14395604395604394,-0.3884224756325483,0.9999999870341224,0.9387745709342049,0.5713689431718867,heteroscedastic,rbf
0,clip_b16|2,convnext_s|2,10.0,0.25,546,256,768,768,0.2922214228372856,0.3,0.13187143588588796,0.4874590138067721,0.17115370410192277,0.3619055750021343,0.5741238176401094,0.321978021978022,-0.43476582862178836,0.9999999985010304,0.9708369948929095,0.6589833862575217,heteroscedastic,rbf
0,clip_b16|2,dinov2_b|2,10.0,0.25,546,256,768,768,0.32701390837196764,0.35,0.20677221892841913,0.5017514345342172,0.21070062302767636,0.4424997865619397,0.6687793399046046,0.3648351648351648,-0.31994396812100634,0.9999999983666978,0.9693604050589909,0.678144994695517,heteroscedastic,rbf
0,clip_b16|2,mae_b16|2,10.0,0.25,546,256,768,768,0.2544453179036608,0.23333333333333334,0.10795117679228068,0.3996133243632181,0.17138106570757694,0.6549987193716383,0.46152088017309784,0.17197802197802198,-0.3374565618405899,0.9999999861935628,0.9280455151907636,0.549201465034868,heteroscedastic,rbf
0,clip_b16|2,vit_sup_b16|2,10.0,0.25,546,256,768,768,0.3951335420376167,0.43333333333333335,0.2021991542184572,0.5902936204663844,0.2697874416911912,0.5121659694356697,0.6529805744605607,0.36025641025641025,-0.23634673248334315,0.9999999986286441,0.9734030924885508,0.6858275820468609,heteroscedastic,rbf
0,convnext_s|2,dinov2_b|2,10.0,0.25,546,256,768,768,0.598844885680238,0.38333333333333336,0.3926191533522239,0.7623746117814029,0.5398791745884103,0.4518056859899257,0.7334445435741611,0.40622710622710617,-0.3024805165374779,0.9999999991659427,0.9795996204223789,0.7126927176245584,heteroscedastic,rbf
0,convnext_s|2,mae_b16|2,10.0,0.25,546,256,768,768,0.13772504923624787,0.2,0.04114194705876962,0.2738021531069077,0.04617774004459876,0.4416460343208401,0.3054285646669536,0.12747252747252746,-0.5252387262189618,0.9999999868399789,0.9357403676043453,0.551626551890345,heteroscedastic,rbf
0,convnext_s|2,vit_sup_b16|2,10.0,0.25,546,256,768,768,0.6141605393348314,0.5333333333333333,0.4533906293328513,0.7562921364317652,0.5429271180633108,0.6355331682745667,0.7551771133377919,0.4661172161172161,-0.11048494410267473,0.9999999994643993,0.9837202607217637,0.7439292573183387,heteroscedastic,rbf
0,dinov2_b|2,mae_b16|2,10.0,0.25,546,256,768,768,0.26958647107353073,0.23333333333333334,0.2556824094080841,0.31674811542404596,0.19751350406162768,0.37804149235891743,0.3472134081992764,0.15054945054945054,-0.5039902631424767,0.9999999867472366,0.934751153021658,0.5680820971097894,heteroscedastic,rbf
0,dinov2_b|2,vit_sup_b16|2,10.0,0.25,546,256,768,768,0.5607817243936789,0.4666666666666667,0.30902368860459345,0.7744876184763146,0.4822125273911306,0.5799538973789806,0.8572573195675854,0.5067765567765568,-0.07760120629188971,0.9999999993227159,0.9818964750460366,0.7497818350034562,heteroscedastic,rbf
0,mae_b16|2,vit_sup_b16|2,10.0,0.25,546,256,768,768,0.2694186372739924,0.25,0.1707890324803332,0.38501147376031863,0.19734199845017847,0.4990181849227354,0.3543854282787083,0.14395604395604394,-0.3884224756325483,0.9999999870341224,0.9387745709342049,0.5713689431718867,heteroscedastic,rbf
0,clip_b16|2,convnext_s|2,10.0,1.0,546,1024,768,768,0.26251134030927864,0.35,0.10586323111121734,0.45594408367564704,0.13238993579987865,0.4088619482626142,0.5741238176401094,0.321978021978022,-0.43476582862178836,0.9999999985010304,0.9708369948929095,0.6589833862575217,heteroscedastic,rbf
0,clip_b16|2,dinov2_b|2,10.0,1.0,546,1024,768,768,0.28710418640051777,0.38333333333333336,0.15041386001993776,0.47869555758677085,0.16308951316834233,0.44847605224963716,0.6687793399046046,0.3648351648351648,-0.31994396812100634,0.9999999983666978,0.9693604050589909,0.678144994695517,heteroscedastic,rbf
0,clip_b16|2,mae_b16|2,10.0,1.0,546,1024,768,768,0.3231842310673085,0.3333333333333333,0.13911652472961214,0.4755336757727857,0.23401014610280116,0.7265431571757875,0.46152088017309784,0.17197802197802198,-0.3374565618405899,0.9999999861935628,0.9280455151907636,0.549201465034868,heteroscedastic,rbf
0,clip_b16|2,vit_sup_b16|2,10.0,1.0,546,1024,768,768,0.3581755504876402,0.4666666666666667,0.13979189913737902,0.5780130524670748,0.22506830145348822,0.5674891146589259,0.6529805744605607,0.36025641025641025,-0.23634673248334315,0.9999999986286441,0.9734030924885508,0.6858275820468609,heteroscedastic,rbf
0,convnext_s|2,dinov2_b|2,10.0,1.0,546,1024,768,768,0.6365531015363931,0.43333333333333335,0.43998773614965786,0.7858840213260856,0.5781444682476539,0.4543669427132246,0.7334445435741611,0.40622710622710617,-0.3024805165374779,0.9999999991659427,0.9795996204223789,0.7126927176245584,heteroscedastic,rbf
0,convnext_s|2,mae_b16|2,10.0,1.0,546,1024,768,768,0.1469827971744366,0.2833333333333333,0.05495243714372338,0.2674957041470584,0.03895313908135265,0.4312302569794245,0.3054285646669536,0.12747252747252746,-0.5252387262189618,0.9999999868399789,0.9357403676043453,0.551626551890345,heteroscedastic,rbf
0,convnext_s|2,vit_sup_b16|2,10.0,1.0,546,1024,768,768,0.6089684693568592,0.55,0.43256185256026747,0.7627700564597816,0.5263691700579496,0.6774524033125587,0.7551771133377919,0.4661172161172161,-0.11048494410267473,0.9999999994643993,0.9837202607217637,0.7439292573183387,heteroscedastic,rbf
0,dinov2_b|2,mae_b16|2,10.0,1.0,546,1024,768,768,0.28294039705665847,0.31666666666666665,0.260839193137851,0.3413489075980394,0.1975153270379399,0.399897549731068,0.3472134081992764,0.15054945054945054,-0.5039902631424767,0.9999999867472366,0.934751153021658,0.5680820971097894,heteroscedastic,rbf
0,dinov2_b|2,vit_sup_b16|2,10.0,1.0,546,1024,768,768,0.5703258620162832,0.48333333333333334,0.30528414877574467,0.7878925228281332,0.4866028377032628,0.560488346281909,0.8572573195675854,0.5067765567765568,-0.07760120629188971,0.9999999993227159,0.9818964750460366,0.7497818350034562,heteroscedastic,rbf
0,mae_b16|2,vit_sup_b16|2,10.0,1.0,546,1024,768,768,0.28322656451823475,0.31666666666666665,0.16611892088899977,0.39599400018822717,0.1936393877220504,0.49056603773584906,0.3543854282787083,0.14395604395604394,-0.3884224756325483,0.9999999870341224,0.9387745709342049,0.5713689431718867,heteroscedastic,rbf
0,clip_b16|2,convnext_s|2,0.1,0.1,546,102,768,768,0.20330312028644523,0.25,0.20330312028644523,,0.11851570060224575,0.3628447024673439,0.5741238176401094,0.321978021978022,-0.43476582862178836,0.9999999985010304,0.9708369948929095,0.6589833862575217,homoscedastic,rbf
0,clip_b16|2,dinov2_b|2,0.1,0.1,546,102,768,768,0.22238217328381465,0.25,0.22238217328381465,,0.15783788300823468,0.30359429693502943,0.6687793399046046,0.3648351648351648,-0.31994396812100634,0.9999999983666978,0.9693604050589909,0.678144994695517,homoscedastic,rbf
0,clip_b16|2,mae_b16|2,0.1,0.1,546,102,768,768,0.19508187522743117,0.21666666666666667,0.19508187522743117,,0.1337014578779083,0.6669512507470333,0.46152088017309784,0.17197802197802198,-0.3374565618405899,0.9999999861935628,0.9280455151907636,0.549201465034868,homoscedastic,rbf
0,clip_b16|2,vit_sup_b16|2,0.1,0.1,546,102,768,768,0.3625512848646802,0.36666666666666664,0.3625512848646802,,0.2786035009749642,0.47741825322291465,0.6529805744605607,0.36025641025641025,-0.23634673248334315,0.9999999986286441,0.9734030924885508,0.6858275820468609,homoscedastic,rbf
0,convnext_s|2,dinov2_b|2,0.1,0.1,546,102,768,768,0.44542934841485665,0.21666666666666667,0.44542934841485665,,0.41997968912712036,0.327755485358149,0.7334445435741611,0.40622710622710617,-0.3024805165374779,0.9999999991659427,0.9795996204223789,0.7126927176245584,homoscedastic,rbf
0,convnext_s|2,mae_b16|2,0.1,0.1,546,102,768,768,0.08329734249261803,0.18333333333333332,0.08329734249261803,,0.030617178839153478,0.3264748569964996,0.3054285646669536,0.12747252747252746,-0.5252387262189618,0.9999999868399789,0.9357403676043453,0.551626551890345,homoscedastic,rbf
0,convnext_s|2,vit_sup_b16|2,0.1,0.1,546,102,768,768,0.5012602257228492,0.4166666666666667,0.5012602257228492,,0.4398300052713184,0.6033467087851105,0.7551771133377919,0.4661172161172161,-0.11048494410267473,0.9999999994643993,0.9837202607217637,0.7439292573183387,homoscedastic,rbf
0,dinov2_b|2,mae_b16|2,0.1,0.1,546,102,768,768,0.1790919419220609,0.16666666666666666,0.1790919419220609,,0.1422556648442008,0.3221207205668915,0.3472134081992764,0.15054945054945054,-0.5039902631424767,0.9999999867472366,0.934751153021658,0.5680820971097894,homoscedastic,rbf
0,dinov2_b|2,vit_sup_b16|2,0.1,0.1,546,102,768,768,0.4456108489190247,0.31666666666666665,0.4456108489190247,,0.3954227398211019,0.555878084179971,0.8572573195675854,0.5067765567765568,-0.07760120629188971,0.9999999993227159,0.9818964750460366,0.7497818350034562,homoscedastic,rbf
0,mae_b16|2,vit_sup_b16|2,0.1,0.1,546,102,768,768,0.1725469792971647,0.18333333333333332,0.1725469792971647,,0.12304929685251473,0.4426705370101597,0.3543854282787083,0.14395604395604394,-0.3884224756325483,0.9999999870341224,0.9387745709342049,0.5713689431718867,homoscedastic,rbf
0,clip_b16|2,convnext_s|2,0.1,0.25,546,256,768,768,0.2800038333439815,0.2833333333333333,0.2800038333439815,,0.17973583906531776,0.3857252625288141,0.5741238176401094,0.321978021978022,-0.43476582862178836,0.9999999985010304,0.9708369948929095,0.6589833862575217,homoscedastic,rbf
0,clip_b16|2,dinov2_b|2,0.1,0.25,546,256,768,768,0.30755296542490396,0.31666666666666665,0.30755296542490396,,0.22117318442679465,0.381285750875096,0.6687793399046046,0.3648351648351648,-0.31994396812100634,0.9999999983666978,0.9693604050589909,0.678144994695517,homoscedastic,rbf
0,clip_b16|2,mae_b16|2,0.1,0.25,546,256,768,768,0.2238632885091347,0.21666666666666667,0.2238632885091347,,0.15522322454321136,0.6696832579185521,0.46152088017309784,0.17197802197802198,-0.3374565618405899,0.9999999861935628,0.9280455151907636,0.549201465034868,homoscedastic,rbf
0,clip_b16|2,vit_sup_b16|2,0.1,0.25,546,256,768,768,0.39492898591384973,0.4166666666666667,0.39492898591384973,,0.2933241076148127,0.5095193374882608,0.6529805744605607,0.36025641025641025,-0.23634673248334315,0.9999999986286441,0.9734030924885508,0.6858275820468609,homoscedastic,rbf
0,convnext_s|2,dinov2_b|2,0.1,0.25,546,256,768,768,0.5583274397984439,0.35,0.5583274397984439,,0.5199789088932587,0.3980192948006488,0.7334445435741611,0.40622710622710617,-0.3024805165374779,0.9999999991659427,0.9795996204223789,0.7126927176245584,homoscedastic,rbf
0,convnext_s|2,mae_b16|2,0.1,0.25,546,256,768,768,0.1195707765854905,0.18333333333333332,0.1195707765854905,,0.05169421220333887,0.4047639375053359,0.3054285646669536,0.12747252747252746,-0.5252387262189618,0.9999999868399789,0.9357403676043453,0.551626551890345,homoscedastic,rbf
0,convnext_s|2,vit_sup_b16|2,0.1,0.25,546,256,768,768,0.569591693310259,0.5166666666666667,0.569591693310259,,0.5029536226805088,0.6169213694185947,0.7551771133377919,0.4661172161172161,-0.11048494410267473,0.9999999994643993,0.9837202607217637,0.7439292573183387,homoscedastic,rbf
0,dinov2_b|2,mae_b16|2,0.1,0.25,546,256,768,768,0.23487143019841722,0.25,0.23487143019841722,,0.1843136242613938,0.34534278152480147,0.3472134081992764,0.15054945054945054,-0.5039902631424767,0.9999999867472366,0.934751153021658,0.5680820971097894,homoscedastic,rbf
0,dinov2_b|2,vit_sup_b16|2,0.1,0.25,546,256,768,768,0.5268772968813802,0.38333333333333336,0.5268772968813802,,0.46934749187991665,0.5703064970545546,0.8572573195675854,0.5067765567765568,-0.07760120629188971,0.9999999993227159,0.9818964750460366,0.7497818350034562,homoscedastic,rbf
0,mae_b16|2,vit_sup_b16|2,0.1,0.25,546,256,768,768,0.21663337953716538,0.23333333333333334,0.21663337953716538,,0.16024275335925317,0.4829676427900623,0.3543854282787083,0.14395604395604394,-0.3884224756325483,0.9999999870341224,0.9387745709342049,0.5713689431718867,homoscedastic,rbf
0,clip_b16|2,convnext_s|2,0.1,1.0,546,1024,768,768,0.30262389617748936,0.31666666666666665,0.30262389617748936,,0.18508408696997058,0.3903355246307521,0.5741238176401094,0.321978021978022,-0.43476582862178836,0.9999999985010304,0.9708369948929095,0.6589833862575217,homoscedastic,rbf
0,clip_b16|2,dinov2_b|2,0.1,1.0,546,1024,768,768,0.33439787332742593,0.31666666666666665,0.33439787332742593,,0.23007419440671498,0.4179117220182703,0.6687793399046046,0.3648351648351648,-0.31994396812100634,0.9999999983666978,0.9693604050589909,0.678144994695517,homoscedastic,rbf
0,clip_b16|2,mae_b16|2,0.1,1.0,546,1024,768,768,0.269345192625535,0.26666666666666666,0.269345192625535,,0.18695759618551688,0.6829164176555963,0.46152088017309784,0.17197802197802198,-0.3374565618405899,0.9999999861935628,0.9280455151907636,0.549201465034868,homoscedastic,rbf
0,clip_b16|2,vit_sup_b16|2,0.1,1.0,546,1024,768,768,0.40663257397937214,0.4,0.40663257397937214,,0.28955003621524744,0.5434986766840263,0.6529805744605607,0.36025641025641025,-0.23634673248334315,0.9999999986286441,0.9734030924885508,0.6858275820468609,homoscedastic,rbf
0,convnext_s|2,dinov2_b|2,0.1,1.0,546,1024,768,768,0.6136479267997966,0.4,0.6136479267997966,,0.5606939910398527,0.4509519337488261,0.7334445435741611,0.40622710622710617,-0.3024805165374779,0.9999999991659427,0.9795996204223789,0.7126927176245584,homoscedastic,rbf
0,convnext_s|2,mae_b16|2,0.1,1.0,546,1024,768,768,0.13419676165767125,0.21666666666666667,0.13419676165767125,,0.04401284629531473,0.42235123367198835,0.3054285646669536,0.12747252747252746,-0.5252387262189618,0.9999999868399789,0.9357403676043453,0.551626551890345,homoscedastic,rbf
0,convnext_s|2,vit_sup_b16|2,0.1,1.0,546,1024,768,768,0.6107560854335705,0.5666666666666667,0.6107560854335705,,0.5341301635712894,0.6548279689234183,0.7551771133377919,0.4661172161172161,-0.11048494410267473,0.9999999994643993,0.9837202607217637,0.7439292573183387,homoscedastic,rbf
0,dinov2_b|2,mae_b16|2,0.1,1.0,546,1024,768,768,0.28118322550895974,0.2833333333333333,0.28118322550895974,,0.21193550718154228,0.40817894646973446,0.3472134081992764,0.15054945054945054,-0.5039902631424767,0.9999999867472366,0.934751153021658,0.5680820971097894,homoscedastic,rbf
0,dinov2_b|2,vit_sup_b16|2,0.1,1.0,546,1024,768,768,0.574413651149031,0.45,0.574413651149031,,0.50325302831002,0.5598053444890292,0.8572573195675854,0.5067765567765568,-0.07760120629188971,0.9999999993227159,0.9818964750460366,0.7497818350034562,homoscedastic,rbf
0,mae_b16|2,vit_sup_b16|2,0.1,1.0,546,1024,768,768,0.24850380139944833,0.23333333333333334,0.24850380139944833,,0.17302167146948008,0.5131904721249892,0.3543854282787083,0.14395604395604394,-0.3884224756325483,0.9999999870341224,0.9387745709342049,0.5713689431718867,homoscedastic,rbf
0,clip_b16|2,convnext_s|2,1.0,0.1,546,102,768,768,0.2916954213761705,0.3,0.2916954213761705,,0.18890081601524067,0.3462819089900111,0.5741238176401094,0.321978021978022,-0.43476582862178836,0.9999999985010304,0.9708369948929095,0.6589833862575217,homoscedastic,rbf
0,clip_b16|2,dinov2_b|2,1.0,0.1,546,102,768,768,0.30333495370820474,0.26666666666666666,0.30333495370820474,,0.21480144470143553,0.32638948177238963,0.6687793399046046,0.3648351648351648,-0.31994396812100634,0.9999999983666978,0.9693604050589909,0.678144994695517,homoscedastic,rbf
0,clip_b16|2,mae_b16|2,1.0,0.1,546,102,768,768,0.20823885621904503,0.21666666666666667,0.20823885621904503,,0.13840459092520935,0.6459489456159822,0.46152088017309784,0.17197802197802198,-0.3374565618405899,0.9999999861935628,0.9280455151907636,0.549201465034868,homoscedastic,rbf
0,clip_b16|2,vit_sup_b16|2,1.0,0.1,546,102,768,768,0.4240988447190131,0.4,0.4240988447190131,,0.322593888202113,0.4822846409971826,0.6529805744605607,0.36025641025641025,-0.23634673248334315,0.9999999986286441,0.9734030924885508,0.6858275820468609,homoscedastic,rbf
0,convnext_s|2,dinov2_b|2,1.0,0.1,546,102,768,768,0.5342595396098322,0.35,0.5342595396098322,,0.4895416213565904,0.34534278152480147,0.7334445435741611,0.40622710622710617,-0.3024805165374779,0.9999999991659427,0.9795996204223789,0.7126927176245584,homoscedastic,rbf
0,convnext_s|2,mae_b16|2,1.0,0.1,546,102,768,768,0.11091303031397308,0.15,0.11091303031397308,,0.040907588445159446,0.3553316827456672,0.3054285646669536,0.12747252747252746,-0.5252387262189618,0.9999999868399789,0.9357403676043453,0.551626551890345,homoscedastic,rbf
0,convnext_s|2,vit_sup_b16|2,1.0,0.1,546,102,768,768,0.5569193803316119,0.5166666666666667,0.5569193803316119,,0.4867962190304581,0.6117988559719969,0.7551771133377919,0.4661172161172161,-0.11048494410267473,0.9999999994643993,0.9837202607217637,0.7439292573183387,homoscedastic,rbf
0,dinov2_b|2,mae_b16|2,1.0,0.1,546,102,768,768,0.23747582632173977,0.26666666666666666,0.23747582632173977,,0.1868805207470382,0.3560146845385469,0.3472134081992764,0.15054945054945054,-0.5039902631424767,0.9999999867472366,0.934751153021658,0.5680820971097894,homoscedastic,rbf
0,dinov2_b|2,vit_sup_b16|2,1.0,0.1,546,102,768,768,0.5491035252875702,0.4166666666666667,0.5491035252875702,,0.4876843730897487,0.55809784000683,0.8572573195675854,0.5067765567765568,-0.07760120629188971,0.9999999993227159,0.9818964750460366,0.7497818350034562,homoscedastic,rbf
0,mae_b16|2,vit_sup_b16|2,1.0,0.1,546,102,768,768,0.23460976280489665,0.2,0.23460976280489665,,0.1772161941256849,0.4677708528984889,0.3543854282787083,0.14395604395604394,-0.3884224756325483,0.9999999870341224,0.9387745709342049,0.5713689431718867,homoscedastic,rbf
0,clip_b16|2,convnext_s|2,1.0,0.25,546,256,768,768,0.3224608957247103,0.31666666666666665,0.3224608957247103,,0.21404213860788923,0.3666012123281823,0.5741238176401094,0.321978021978022,-0.43476582862178836,0.9999999985010304,0.9708369948929095,0.6589833862575217,homoscedastic,rbf
0,clip_b16|2,dinov2_b|2,1.0,0.25,546,256,768,768,0.36269217414492816,0.3333333333333333,0.36269217414492816,,0.2614341996335526,0.4413899086485102,0.6687793399046046,0.3648351648351648,-0.31994396812100634,0.9999999983666978,0.9693604050589909,0.678144994695517,homoscedastic,rbf
0,clip_b16|2,mae_b16|2,1.0,0.25,546,256,768,768,0.24787402187228297,0.2833333333333333,0.24787402187228297,,0.16822009770132168,0.6424485614274736,0.46152088017309784,0.17197802197802198,-0.3374565618405899,0.9999999861935628,0.9280455151907636,0.549201465034868,homoscedastic,rbf
0,clip_b16|2,vit_sup_b16|2,1.0,0.25,546,256,768,768,0.4171535476487434,0.43333333333333335,0.4171535476487434,,0.30216073007138705,0.509177836591821,0.6529805744605607,0.36025641025641025,-0.23634673248334315,0.9999999986286441,0.9734030924885508,0.6858275820468609,homoscedastic,rbf
0,convnext_s|2,dinov2_b|2,1.0,0.25,546,256,768,768,0.6130474806874464,0.36666666666666664,0.6130474806874464,,0.5653040793761804,0.4490736788184069,0.7334445435741611,0.40622710622710617,-0.3024805165374779,0.9999999991659427,0.9795996204223789,0.7126927176245584,homoscedastic,rbf
0,convnext_s|2,mae_b16|2,1.0,0.25,546,256,768,768,0.15898155272653533,0.21666666666666667,0.15898155272653533,,0.07752972417566288,0.4095449500554939,0.3054285646669536,0.12747252747252746,-0.5252387262189618,0.9999999868399789,0.9357403676043453,0.551626551890345,homoscedastic,rbf
0,convnext_s|2,vit_sup_b16|2,1.0,0.25,546,256,768,768,0.625279736888158,0.5333333333333333,0.625279736888158,,0.5611137860250198,0.6333987876718176,0.7551771133377919,0.4661172161172161,-0.11048494410267473,0.9999999994643993,0.9837202607217637,0.7439292573183387,homoscedastic,rbf
0,dinov2_b|2,mae_b16|2,1.0,0.25,546,256,768,768,0.28914763652121256,0.2833333333333333,0.28914763652121256,,0.2273408237242429,0.397421668231879,0.3472134081992764,0.15054945054945054,-0.5039902631424767,0.9999999867472366,0.934751153021658,0.5680820971097894,homoscedastic,rbf
0,dinov2_b|2,vit_sup_b16|2,1.0,0.25,546,256,768,768,0.5812930591473865,0.43333333333333335,0.5812930591473865,,0.516505191070887,0.5829420302228293,0.8572573195675854,0.5067765567765568,-0.07760120629188971,0.9999999993227159,0.9818964750460366,0.7497818350034562,homoscedastic,rbf
0,mae_b16|2,vit_sup_b16|2,1.0,0.25,546,256,768,768,0.2791764421567838,0.23333333333333334,0.2791764421567838,,0.2145410507650047,0.4877486553402202,0.3543854282787083,0.14395604395604394,-0.3884224756325483,0.9999999870341224,0.9387745709342049,0.5713689431718867,homoscedastic,rbf
0,clip_b16|2,convnext_s|2,1.0,1.0,546,1024,768,768,0.30376595490543024,0.3333333333333333,0.30376595490543024,,0.18663376267342247,0.4055323145223256,0.5741238176401094,0.321978021978022,-0.43476582862178836,0.9999999985010304,0.9708369948929095,0.6589833862575217,homoscedastic,rbf
0,clip_b16|2,dinov2_b|2,1.0,1.0,546,1024,768,768,0.34072816868935746,0.31666666666666665,0.34072816868935746,,0.23448732838227554,0.45479381883377445,0.6687793399046046,0.3648351648351648,-0.31994396812100634,0.9999999983666978,0.9693604050589909,0.678144994695517,homoscedastic,rbf
0,clip_b16|2,mae_b16|2,1.0,1.0,546,1024,768,768,0.308487690243584,0.31666666666666665,0.308487690243584,,0.22109909866946797,0.7149321266968325,0.46152088017309784,0.17197802197802198,-0.3374565618405899,0.9999999861935628,0.9280455151907636,0.549201465034868,homoscedastic,rbf
0,clip_b16|2,vit_sup_b16|2,1.0,1.0,546,1024,768,768,0.39214131150364306,0.45,0.39214131150364306,,0.2702388106260852,0.5659523606249466,0.6529805744605607,0.36025641025641025,-0.23634673248334315,0.9999999986286441,0.9734030924885508,0.6858275820468609,homoscedastic,rbf
0,convnext_s|2,dinov2_b|2,1.0,1.0,546,1024,768,768,0.6511428642857341,0.45,0.6511428642857341,,0.6031741517709449,0.4556475710748741,0.7334445435741611,0.40622710622710617,-0.3024805165374779,0.9999999991659427,0.9795996204223789,0.7126927176245584,homoscedastic,rbf
0,convnext_s|2,mae_b16|2,1.0,1.0,546,1024,768,768,0.17949183192175533,0.2833333333333333,0.17949183192175533,,0.08340328093443142,0.42371723725774774,0.3054285646669536,0.12747252747252746,-0.5252387262189618,0.9999999868399789,0.9357403676043453,0.551626551890345,homoscedastic,rbf
0,convnext_s|2,vit_sup_b16|2,1.0,1.0,546,1024,768,768,0.6350268195189431,0.55,0.6350268195189431,,0.563372891190117,0.6683172543327927,0.7551771133377919,0.4661172161172161,-0.11048494410267473,0.9999999994643993,0.9837202607217637,0.7439292573183387,homoscedastic,rbf
0,dinov2_b|2,mae_b16|2,1.0,1.0,546,1024,768,768,0.32198650551807084,0.3333333333333333,0.32198650551807084,,0.24836623039926758,0.4094595748313839,0.3472134081992764,0.15054945054945054,-0.5039902631424767,0.9999999867472366,0.934751153021658,0.5680820971097894,homoscedastic,rbf
0,dinov2_b|2,vit_sup_b16|2,1.0,1.0,546,1024,768,768,0.600859280164667,0.45,0.600859280164667,,0.5325703521195417,0.5613420985230086,0.8572573195675854,0.5067765567765568,-0.07760120629188971,0.9999999993227159,0.9818964750460366,0.7497818350034562,homoscedastic,rbf
0,mae_b16|2,vit_sup_b16|2,1.0,1.0,546,1024,768,768,0.3021086725240903,0.3333333333333333,0.3021086725240903,,0.22154879046615475,0.49961581149150514,0.3543854282787083,0.14395604395604394,-0.3884224756325483,0.9999999870341224,0.9387745709342049,0.5713689431718867,homoscedastic,rbf
0,clip_b16|2,convnext_s|2,10.0,0.1,546,102,768,768,0.30311589754415985,0.31666666666666665,0.30311589754415985,,0.19926808230256787,0.33962264150943394,0.5741238176401094,0.321978021978022,-0.43476582862178836,0.9999999985010304,0.9708369948929095,0.6589833862575217,homoscedastic,rbf
0,clip_b16|2,dinov2_b|2,10.0,0.1,546,102,768,768,0.3146078183550509,0.25,0.3146078183550509,,0.22099154306704974,0.34047639375053357,0.6687793399046046,0.3648351648351648,-0.31994396812100634,0.9999999983666978,0.9693604050589909,0.678144994695517,homoscedastic,rbf
0,clip_b16|2,mae_b16|2,10.0,0.1,546,102,768,768,0.2174798818885608,0.21666666666666667,0.2174798818885608,,0.14531819212959873,0.6139332365747461,0.46152088017309784,0.17197802197802198,-0.3374565618405899,0.9999999861935628,0.9280455151907636,0.549201465034868,homoscedastic,rbf
0,clip_b16|2,vit_sup_b16|2,10.0,0.1,546,102,768,768,0.4308986413851149,0.4166666666666667,0.4308986413851149,,0.3270503360948508,0.4763083753094851,0.6529805744605607,0.36025641025641025,-0.23634673248334315,0.9999999986286441,0.9734030924885508,0.6858275820468609,homoscedastic,rbf
0,convnext_s|2,dinov2_b|2,10.0,0.1,546,102,768,768,0.5572624368401022,0.38333333333333336,0.5572624368401022,,0.5106810005106521,0.3550755570733373,0.7334445435741611,0.40622710622710617,-0.3024805165374779,0.9999999991659427,0.9795996204223789,0.7126927176245584,homoscedastic,rbf
0,convnext_s|2,mae_b16|2,10.0,0.1,546,102,768,768,0.12226806185572736,0.16666666666666666,0.12226806185572736,,0.04924216322536137,0.33987876718176385,0.3054285646669536,0.12747252747252746,-0.5252387262189618,0.9999999868399789,0.9357403676043453,0.551626551890345,homoscedastic,rbf
0,convnext_s|2,vit_sup_b16|2,10.0,0.1,546,102,768,768,0.5679325220347833,0.5333333333333333,0.5679325220347833,,0.4983190335425455,0.6121403568684368,0.7551771133377919,0.4661172161172161,-0.11048494410267473,0.9999999994643993,0.9837202607217637,0.7439292573183387,homoscedastic,rbf
0,dinov2_b|2,mae_b16|2,10.0,0.1,546,102,768,768,0.25822527284798014,0.25,0.25822527284798014,,0.20613705704683527,0.3633569538120038,0.3472134081992764,0.15054945054945054,-0.5039902631424767,0.9999999867472366,0.934751153021658,0.5680820971097894,homoscedastic,rbf
0,dinov2_b|2,vit_sup_b16|2,10.0,0.1,546,102,768,768,0.5696426934519262,0.45,0.5696426934519262,,0.506691890825303,0.5539144540254418,0.8572573195675854,0.5067765567765568,-0.07760120629188971,0.9999999993227159,0.9818964750460366,0.7497818350034562,homoscedastic,rbf
0,mae_b16|2,vit_sup_b16|2,10.0,0.1,546,102,768,768,0.2517635326764796,0.2,0.2517635326764796,,0.19292521852199354,0.4429266626824895,0.3543854282787083,0.14395604395604394,-0.3884224756325483,0.9999999870341224,0.9387745709342049,0.5713689431718867,homoscedastic,rbf
0,clip_b16|2,convnext_s|2,10.0,0.25,546,256,768,768,0.32204833902316393,0.3333333333333333,0.32204833902316393,,0.21316623494941644,0.3601980705199351,0.5741238176401094,0.321978021978022,-0.43476582862178836,0.9999999985010304,0.9708369948929095,0.6589833862575217,homoscedastic,rbf
0,clip_b16|2,dinov2_b|2,10.0,0.25,546,256,768,768,0.3649231247864577,0.3333333333333333,0.3649231247864577,,0.2615219212536944,0.4491590540425169,0.6687793399046046,0.3648351648351648,-0.31994396812100634,0.9999999983666978,0.9693604050589909,0.678144994695517,homoscedastic,rbf
0,clip_b16|2,mae_b16|2,10.0,0.25,546,256,768,768,0.2571553254314595,0.25,0.2571553254314595,,0.17640402171908565,0.6409118073934944,0.46152088017309784,0.17197802197802198,-0.3374565618405899,0.9999999861935628,0.9280455151907636,0.549201465034868,homoscedastic,rbf
0,clip_b16|2,vit_sup_b16|2,10.0,0.25,546,256,768,768,0.41413926149794855,0.45,0.41413926149794855,,0.29705304212088857,0.5055920771792025,0.6529805744605607,0.36025641025641025,-0.23634673248334315,0.9999999986286441,0.9734030924885508,0.6858275820468609,homoscedastic,rbf
0,convnext_s|2,dinov2_b|2,10.0,0.25,546,256,768,768,0.62545951516532,0.4,0.62545951516532,,0.5784955005663258,0.45658669854008366,0.7334445435741611,0.40622710622710617,-0.3024805165374779,0.9999999991659427,0.9795996204223789,0.7126927176245584,homoscedastic,rbf
0,convnext_s|2,mae_b16|2,10.0,0.25,546,256,768,768,0.1744144844846791,0.2,0.1744144844846791,,0.09110790802019889,0.4106548279689234,0.3054285646669536,0.12747252747252746,-0.5252387262189618,0.9999999868399789,0.9357403676043453,0.551626551890345,homoscedastic,rbf
0,convnext_s|2,vit_sup_b16|2,10.0,0.25,546,256,768,768,0.6371226586740517,0.5166666666666667,0.6371226586740517,,0.5753475850704657,0.6338256637923674,0.7551771133377919,0.4661172161172161,-0.11048494410267473,0.9999999994643993,0.9837202607217637,0.7439292573183387,homoscedastic,rbf
0,dinov2_b|2,mae_b16|2,10.0,0.25,546,256,768,768,0.30833680093555815,0.25,0.30833680093555815,,0.24509063364250286,0.37582173653205836,0.3472134081992764,0.15054945054945054,-0.5039902631424767,0.9999999867472366,0.934751153021658,0.5680820971097894,homoscedastic,rbf
0,dinov2_b|2,vit_sup_b16|2,10.0,0.25,546,256,768,768,0.5897010269472971,0.4666666666666667,0.5897010269472971,,0.5242957168004841,0.5739776316912831,0.8572573195675854,0.5067765567765568,-0.07760120629188971,0.9999999993227159,0.9818964750460366,0.7497818350034562,homoscedastic,rbf
0,mae_b16|2,vit_sup_b16|2,10.0,0.25,546,256,768,768,0.2971672699090831,0.23333333333333334,0.2971672699090831,,0.230620066433632,0.4824553914454025,0.3543854282787083,0.14395604395604394,-0.3884224756325483,0.9999999870341224,0.9387745709342049,0.5713689431718867,homoscedastic,rbf
0,clip_b16|2,convnext_s|2,10.0,1.0,546,1024,768,768,0.292845313459204,0.31666666666666665,0.292845313459204,,0.1782889063068199,0.4033979339195765,0.5741238176401094,0.321978021978022,-0.43476582862178836,0.9999999985010304,0.9708369948929095,0.6589833862575217,homoscedastic,rbf
0,clip_b16|2,dinov2_b|2,10.0,1.0,546,1024,768,768,0.3288926913685871,0.31666666666666665,0.3288926913685871,,0.2244502395646091,0.4388286519252113,0.6687793399046046,0.3648351648351648,-0.31994396812100634,0.9999999983666978,0.9693604050589909,0.678144994695517,homoscedastic,rbf
0,clip_b16|2,mae_b16|2,10.0,1.0,546,1024,768,768,0.31196947769299355,0.31666666666666665,0.31196947769299355,,0.2243823519267438,0.718603261333561,0.46152088017309784,0.17197802197802198,-0.3374565618405899,0.9999999861935628,0.9280455151907636,0.549201465034868,homoscedastic,rbf
0,clip_b16|2,vit_sup_b16|2,10.0,1.0,546,1024,768,768,0.3781419948388745,0.43333333333333335,0.3781419948388745,,0.2564651308018318,0.5658669854008367,0.6529805744605607,0.36025641025641025,-0.23634673248334315,0.9999999986286441,0.9734030924885508,0.6858275820468609,homoscedastic,rbf
0,convnext_s|2,dinov2_b|2,10.0,1.0,546,1024,768,768,0.6590853307925855,0.45,0.6590853307925855,,0.6164166162978312,0.45376931614445487,0.7334445435741611,0.40622710622710617,-0.3024805165374779,0.9999999991659427,0.9795996204223789,0.7126927176245584,homoscedastic,rbf
0,convnext_s|2,mae_b16|2,10.0,1.0,546,1024,768,768,0.18603135008708355,0.2833333333333333,0.18603135008708355,,0.0920179377952356,0.40920344915905404,0.3054285646669536,0.12747252747252746,-0.5252387262189618,0.9999999868399789,0.9357403676043453,0.551626551890345,homoscedastic,rbf
0,convnext_s|2,vit_sup_b16|2,10.0,1.0,546,1024,768,768,0.6328380356612101,0.55,0.6328380356612101,,0.5631913227494245,0.6684026295569025,0.7551771133377919,0.4661172161172161,-0.11048494410267473,0.9999999994643993,0.9837202607217637,0.7439292573183387,homoscedastic,rbf
0,dinov2_b|2,mae_b16|2,10.0,1.0,546,1024,768,768,0.3255477376326045,0.3333333333333333,0.3255477376326045,,0.2535034505660232,0.39025014940664216,0.3472134081992764,0.15054945054945054,-0.5039902631424767,0.9999999867472366,0.934751153021658,0.5680820971097894,homoscedastic,rbf
0,dinov2_b|2,vit_sup_b16|2,10.0,1.0,546,1024,768,768,0.596038377884383,0.43333333333333335,0.596038377884383,,0.5297105398000574,0.5568172116451805,0.8572573195675854,0.5067765567765568,-0.07760120629188971,0.9999999993227159,0.9818964750460366,0.7497818350034562,homoscedastic,rbf
0,mae_b16|2,vit_sup_b16|2,10.0,1.0,546,1024,768,768,0.31221297836938433,0.31666666666666665,0.31221297836938433,,0.23200735140719553,0.493041919235038,0.3543854282787083,0.14395604395604394,-0.3884224756325483,0.9999999870341224,0.9387745709342049,0.5713689431718867,homoscedastic,rbf
1,clip_b16|2,convnext_s|2,0.1,0.1,546,102,768,768,0.2673952427645632,0.2833333333333333,0.1440939514452887,0.220386401953318,0.204135064460807,0.3995560488346282,0.5672714635047873,0.31849816849816853,-0.4093024771550008,0.9999999983387862,0.9703599206025643,0.6597910638633175,heteroscedastic,rbf
1,clip_b16|2,dinov2_b|2,0.1,0.1,546,102,768,768,0.32620568390467747,0.26666666666666666,0.18022989687331123,0.24074621751300482,0.2777631088950525,0.37624861265260817,0.6657818422588262,0.3747252747252748,-0.2485819357696657,0.9999999981587735,0.96862912934914,0.6798944803275999,heteroscedastic,rbf
1,clip_b16|2,mae_b16|2,0.1,0.1,546,102,768,768,0.32625290625807285,0.21666666666666667,0.2095535106619478,0.3683765459973932,0.28334885415365524,0.6594382310253564,0.46237352792048597,0.1796703296703297,-0.31087611788627467,0.9999999863486184,0.9291658486968665,0.5530832167895942,heteroscedastic,rbf
1,clip_b16|2,vit_sup_b16|2,0.1,0.1,546,102,768,768,0.4837800105000291,0.4,0.29701467618421007,0.4711742891700381,0.43579561285437474,0.48834628190899,0.6535840790115016,0.3578754578754579,-0.20631190273827515,0.9999999985071567,0.9733017987012058,0.6869515843508677,heteroscedastic,rbf
1,convnext_s|2,dinov2_b|2,0.1,0.1,546,102,768,768,0.40888074689096354,0.3,0.37018730587254045,0.36649036424755616,0.36951540258207827,0.3594296935029454,0.7441640498383629,0.4,-0.2767732724068923,0.9999999990061076,0.9782004308381347,0.7073714274922571,heteroscedastic,rbf
1,convnext_s|2,mae_b16|2,0.1,0.1,546,102,768,768,0.0870184639401776,0.2,-0.0013153446754779244,0.12426653529860401,0.0381102677536564,0.2800307350806796,0.3189986729056186,0.13992673992673993,-0.49874347641097416,0.9999999869431876,0.9363213006241551,0.5535876665889629,heteroscedastic,rbf
1,convnext_s|2,vit_sup_b16|2,0.1,0.1,546,102,768,768,0.4650574029372304,0.4,0.391281703553767,0.43035467980570713,0.40059627367599604,0.5934431827883547,0.7835908860566992,0.46007326007326005,-0.12711949796166333,0.999999999387515,0.9830606908066439,0.7421722500101164,heteroscedastic,rbf
1,dinov2_b|2,mae_b16|2,0.1,0.1,546,102,768,768,0.227886188572746,0.16666666666666666,0.19627534069296146,0.18882064489319222,0.1981767028439962,0.3237428498249808,0.3444703752420976,0.15329670329670333,-0.4377774197175972,0.9999999868959432,0.9349006645933042,0.5686098786489607,heteroscedastic,rbf
1,dinov2_b|2,vit_sup_b16|2,0.1,0.1,546,102,768,768,0.38654157372659365,0.3333333333333333,0.24896928124743342,0.4113638401029496,0.32590988211395544,0.5623666012123282,0.8528354469134118,0.47710622710622713,-0.06196755084621863,0.9999999991740963,0.9810416374304015,0.7475745140111527,heteroscedastic,rbf
1,mae_b16|2,vit_sup_b16|2,0.1,0.1,546,102,768,768,0.23197142214283925,0.21666666666666667,0.13647253636157944,0.26980358184629655,0.19225283193901171,0.42021685306923934,0.3605276784573876,0.15000000000000002,-0.3575282335274155,0.999999987158954,0.9393495850404716,0.5735429530511271,heteroscedastic,rbf
1,clip_b16|2,convnext_s|2,0.1,0.25,546,256,768,768,0.30504329178692163,0.3,0.13091750098529545,0.19103412972428624,0.2223704423495773,0.38077349953043627,0.5672714635047873,0.31849816849816853,-0.4093024771550008,0.9999999983387862,0.9703599206025643,0.6597910638633175,heteroscedastic,rbf
1,clip_b16|2,dinov2_b|2,0.1,0.25,546,256,768,768,0.35697793604982236,0.3333333333333333,0.17446818758299534,0.276830544415056,0.2877390186276824,0.39759241868009904,0.6657818422588262,0.3747252747252748,-0.2485819357696657,0.9999999981587735,0.96862912934914,0.6798944803275999,heteroscedastic,rbf
1,clip_b16|2,mae_b16|2,0.1,0.25,546,256,768,768,0.34321123114230867,0.26666666666666666,0.1558542363030458,0.39728869053354027,0.29525332698645906,0.655937846836848,0.46237352792048597,0.1796703296703297,-0.31087611788627467,0.9999999863486184,0.9291658486968665,0.5530832167895942,heteroscedastic,rbf
1,clip_b16|2,vit_sup_b16|2,0.1,0.25,546,256,768,768,0.5007335020375057,0.43333333333333335,0.22630416181956436,0.4556424733277311,0.4325426939229335,0.5008964398531546,0.6535840790115016,0.3578754578754579,-0.20631190273827515,0.9999999985071567,0.9733017987012058,0.6869515843508677,heteroscedastic,rbf
1,convnext_s|2,dinov2_b|2,0.1,0.25,546,256,768,768,0.45363159342109277,0.38333333333333336,0.36730357576423067,0.4116844407320306,0.39138987870426056,0.40023905062750786,0.7441640498383629,0.4,-0.2767732724068923,0.9999999990061076,0.9782004308381347,0.7073714274922571,heteroscedastic,rbf
1,convnext_s|2,mae_b16|2,0.1,0.25,546,256,768,768,0.11585076625212846,0.2,-0.005310441291938406,0.11473620684214243,0.05277297666583029,0.37283360368820967,0.3189986729056186,0.13992673992673993,-0.49874347641097416,0.9999999869431876,0.9363213006241551,0.5535876665889629,heteroscedastic,rbf
1,convnext_s|2,vit_sup_b16|2,0.1,0.25,546,256,768,768,0.5018233383981622,0.45,0.370581603757224,0.4526369820645172,0.42237777800625753,0.6075300947664987,0.7835908860566992,0.46007326007326005,-0.12711949796166333,0.999999999387515,0.9830606908066439,0.7421722500101164,heteroscedastic,rbf
1,dinov2_b|2,mae_b16|2,0.1,0.25,546,256,768,768,0.2676991880533001,0.21666666666666667,0.2246439412823236,0.1642935796931338,0.2263021647406193,0.37206522667122,0.3444703752420976,0.15329670329670333,-0.4377774197175972,0.9999999868959432,0.9349006645933042,0.5686098786489607,heteroscedastic,rbf
1,dinov2_b|2,vit_sup_b16|2,0.1,0.25,546,256,768,768,0.4377634937874827,0.4166666666666667,0.2609779342349228,0.4408512784508622,0.35675325585392337,0.5889182959105267,0.8528354469134118,0.47710622710622713,-0.06196755084621863,0.9999999991740963,0.9810416374304015,0.7475745140111527,heteroscedastic,rbf
1,mae_b16|2,vit_sup_b16|2,0.1,0.25,546,256,768,768,0.2524304789735527,0.23333333333333334,0.10824483346665299,0.2558954350436036,0.2044611584635285,0.483650644582942,0.3605276784573876,0.15000000000000002,-0.3575282335274155,0.999999987158954,0.9393495850404716,0.5735429530511271,heteroscedastic,rbf
1,clip_b16|2,convnext_s|2,0.1,1.0,546,1024,768,768,0.33132803146675405,0.2833333333333333,0.12859556449025858,0.24031111665925206,0.23057894008802937,0.3402202680782037,0.5672714635047873,0.31849816849816853,-0.4093024771550008,0.9999999983387862,0.9703599206025643,0.6597910638633175,heteroscedastic,rbf
1,clip_b16|2,dinov2_b|2,0.1,1.0,546,1024,768,768,0.3791251642365673,0.36666666666666664,0.18327141802207317,0.3323441630997053,0.2880549039630557,0.4140698369333219,0.6657818422588262,0.3747252747252748,-0.2485819357696657,0.9999999981587735,0.96862912934914,0.6798944803275999,heteroscedastic,rbf
1,clip_b16|2,mae_b16|2,0.1,1.0,546,1024,768,768,0.4019609498915275,0.31666666666666665,0.14534693451366307,0.4339611576140276,0.3452984018987538,0.6903440621531631,0.46237352792048597,0.1796703296703297,-0.31087611788627467,0.9999999863486184,0.9291658486968665,0.5530832167895942,heteroscedastic,rbf
1,clip_b16|2,vit_sup_b16|2,0.1,1.0,546,1024,768,768,0.5231412865035736,0.45,0.256655394252057,0.4766412559948547,0.4425409898046769,0.5296678903782122,0.6535840790115016,0.3578754578754579,-0.20631190273827515,0.9999999985071567,0.9733017987012058,0.6869515843508677,heteroscedastic,rbf
1,convnext_s|2,dinov2_b|2,0.1,1.0,546,1024,768,768,0.5271260753502092,0.3333333333333333,0.3800307351067633,0.5613892954577759,0.4474516504753557,0.4032271834713566,0.7441640498383629,0.4,-0.2767732724068923,0.9999999990061076,0.9782004308381347,0.7073714274922571,heteroscedastic,rbf
1,convnext_s|2,mae_b16|2,0.1,1.0,546,1024,768,768,0.1642310117528104,0.25,0.009825637305971385,0.12285175935180585,0.08333233069636165,0.4415606590967301,0.3189986729056186,0.13992673992673993,-0.49874347641097416,0.9999999869431876,0.9363213006241551,0.5535876665889629,heteroscedastic,rbf
1,convnext_s|2,vit_sup_b16|2,0.1,1.0,546,1024,768,768,0.5700791391087197,0.48333333333333334,0.42713369699555437,0.5616624203839443,0.4843912757603871,0.6176897464355844,0.7835908860566992,0.46007326007326005,-0.12711949796166333,0.999999999387515,0.9830606908066439,0.7421722500101164,heteroscedastic,rbf
1,dinov2_b|2,mae_b16|2,0.1,1.0,546,1024,768,768,0.3074333539815388,0.26666666666666666,0.2607910291300592,0.1448458561670519,0.24881001575270292,0.42747374711858616,0.3444703752420976,0.15329670329670333,-0.4377774197175972,0.9999999868959432,0.9349006645933042,0.5686098786489607,heteroscedastic,rbf
1,dinov2_b|2,vit_sup_b16|2,0.1,1.0,546,1024,768,768,0.5197847216242266,0.48333333333333334,0.3459453543388313,0.552530329294268,0.4275809169964614,0.5872107914283275,0.8528354469134118,0.47710622710622713,-0.06196755084621863,0.9999999991740963,0.9810416374304015,0.7475745140111527,heteroscedastic,rbf
1,mae_b16|2,vit_sup_b16|2,0.1,1.0,546,1024,768,768,0.3169513248647913,0.2833333333333333,0.15142422588488336,0.24036026797520874,0.25841680924164406,0.5417911722018269,0.3605276784573876,0.15000000000000002,-0.3575282335274155,0.999999987158954,0.9393495850404716,0.5735429530511271,heteroscedastic,rbf
1,clip_b16|2,convnext_s|2,1.0,0.1,546,102,768,768,0.2558510440306778,0.2833333333333333,0.16164973228539475,0.3329027007810312,0.14676862500261598,0.369760095620251,0.5672714635047873,0.31849816849816853,-0.4093024771550008,0.9999999983387862,0.9703599206025643,0.6597910638633175,heteroscedastic,rbf
1,clip_b16|2,dinov2_b|2,1.0,0.1,546,102,768,768,0.29843244009011133,0.3,0.20882242415561575,0.3621460581622043,0.20576947210324875,0.3452574063006915,0.6657818422588262,0.3747252747252748,-0.2485819357696657,0.9999999981587735,0.96862912934914,0.6798944803275999,heteroscedastic,rbf
1,clip_b16|2,mae_b16|2,1.0,0.1,546,102,768,768,0.32520973669371306,0.23333333333333334,0.18640998605220654,0.3662663906373445,0.26265369786734377,0.6728421412106207,0.46237352792048597,0.1796703296703297,-0.31087611788627467,0.9999999863486184,0.9291658486968665,0.5530832167895942,heteroscedastic,rbf
1,clip_b16|2,vit_sup_b16|2,1.0,0.1,546,102,768,768,0.4309603637787882,0.4,0.3052974477928215,0.5252882124252851,0.33799162116335496,0.5052505762827627,0.6535840790115016,0.3578754578754579,-0.20631190273827515,0.9999999985071567,0.9733017987012058,0.6869515843508677,heteroscedastic,rbf
1,convnext_s|2,dinov2_b|2,1.0,0.1,546,102,768,768,0.5008011133364259,0.31666666666666665,0.4256787126407697,0.5677152932364716,0.43623597101234324,0.37078459830957056,0.7441640498383629,0.4,-0.2767732724068923,0.9999999990061076,0.9782004308381347,0.7073714274922571,heteroscedastic,rbf
1,convnext_s|2,mae_b16|2,1.0,0.1,546,102,768,768,0.08843085675237985,0.2,0.015473765801793245,0.13197100407481166,0.007178589041126857,0.3782976180312473,0.3189986729056186,0.13992673992673993,-0.49874347641097416,0.9999999869431876,0.9363213006241551,0.5535876665889629,heteroscedastic,rbf
1,convnext_s|2,vit_sup_b16|2,1.0,0.1,546,102,768,768,0.511005586126628,0.5166666666666667,0.4295853887653139,0.5897026875995418,0.4229503384063848,0.6136771109024161,0.7835908860566992,0.46007326007326005,-0.12711949796166333,0.999999999387515,0.9830606908066439,0.7421722500101164,heteroscedastic,rbf
1,dinov2_b|2,mae_b16|2,1.0,0.1,546,102,768,768,0.23181686615796154,0.23333333333333334,0.24254405883485156,0.18989247870365636,0.17531657988934826,0.34892854093741993,0.3444703752420976,0.15329670329670333,-0.4377774197175972,0.9999999868959432,0.9349006645933042,0.5686098786489607,heteroscedastic,rbf
1,dinov2_b|2,vit_sup_b16|2,1.0,0.1,546,102,768,768,0.4229578415495598,0.4,0.3069666541524114,0.5420795307389815,0.3340436378236084,0.5578417143345001,0.8528354469134118,0.47710622710622713,-0.06196755084621863,0.9999999991740963,0.9810416374304015,0.7475745140111527,heteroscedastic,rbf
1,mae_b16|2,vit_sup_b16|2,1.0,0.1,546,102,768,768,0.24839641221225608,0.2,0.17117973603607703,0.28001756042470083,0.1857208890553388,0.5032869461282335,0.3605276784573876,0.15000000000000002,-0.3575282335274155,0.999999987158954,0.9393495850404716,0.5735429530511271,heteroscedastic,rbf
1,clip_b16|2,convnext_s|2,1.0,0.25,546,256,768,768,0.2608418912274756,0.36666666666666664,0.12354661062868229,0.3513305345010122,0.12193640627345945,0.3613933236574746,0.5672714635047873,0.31849816849816853,-0.4093024771550008,0.9999999983387862,0.9703599206025643,0.6597910638633175,heteroscedastic,rbf
1,clip_b16|2,dinov2_b|2,1.0,0.25,546,256,768,768,0.30737702049172355,0.36666666666666664,0.18732222673709875,0.3972635563378807,0.18754029233393982,0.41125245453769316,0.6657818422588262,0.3747252747252748,-0.2485819357696657,0.9999999981587735,0.96862912934914,0.6798944803275999,heteroscedastic,rbf
1,clip_b16|2,mae_b16|2,1.0,0.25,546,256,768,768,0.3209928916469212,0.2833333333333333,0.13362654670713642,0.39308569448156394,0.25213147859348195,0.6987108341159395,0.46237352792048597,0.1796703296703297,-0.31087611788627467,0.9999999863486184,0.9291658486968665,0.5530832167895942,heteroscedastic,rbf
1,clip_b16|2,vit_sup_b16|2,1.0,0.25,546,256,768,768,0.4115960877669104,0.4666666666666667,0.212077448443395,0.5347548675860755,0.28580907006551126,0.5195082387091265,0.6535840790115016,0.3578754578754579,-0.20631190273827515,0.9999999985071567,0.9733017987012058,0.6869515843508677,heteroscedastic,rbf
1,convnext_s|2,dinov2_b|2,1.0,0.25,546,256,768,768,0.5486575240486778,0.4166666666666667,0.4207566385907643,0.6680174900489529,0.4667994085098139,0.43823102535644154,0.7441640498383629,0.4,-0.2767732724068923,0.9999999990061076,0.9782004308381347,0.7073714274922571,heteroscedastic,rbf
1,convnext_s|2,mae_b16|2,1.0,0.25,546,256,768,768,0.0874344095400265,0.25,0.013077067264810928,0.11918998631303411,-0.009900073918043506,0.41167933065824297,0.3189986729056186,0.13992673992673993,-0.49874347641097416,0.9999999869431876,0.9363213006241551,0.5535876665889629,heteroscedastic,rbf
1,convnext_s|2,vit_sup_b16|2,1.0,0.25,546,256,768,768,0.5399856666268517,0.5666666666666667,0.40974109868931,0.6547684177102244,0.4371783039276317,0.6128233586613164,0.7835908860566992,0.46007326007326005,-0.12711949796166333,0.999999999387515,0.9830606908066439,0.7421722500101164,heteroscedastic,rbf
1,dinov2_b|2,mae_b16|2,1.0,0.25,546,256,768,768,0.2456809602248895,0.2833333333333333,0.2605660241384349,0.1749515957281921,0.17451432447388723,0.3988730470417485,0.3444703752420976,0.15329670329670333,-0.4377774197175972,0.9999999868959432,0.9349006645933042,0.5686098786489607,heteroscedastic,rbf
1,dinov2_b|2,vit_sup_b16|2,1.0,0.25,546,256,768,768,0.49068252967369347,0.5166666666666667,0.33932927305955213,0.6391651090447077,0.3859905874628669,0.5864424144113378,0.8528354469134118,0.47710622710622713,-0.06196755084621863,0.9999999991740963,0.9810416374304015,0.7475745140111527,heteroscedastic,rbf
1,mae_b16|2,vit_sup_b16|2,1.0,0.25,546,256,768,768,0.24864685735238148,0.23333333333333334,0.15508253387969534,0.2628201852166805,0.17482189703727705,0.5248868778280542,0.3605276784573876,0.15000000000000002,-0.3575282335274155,0.999999987158954,0.9393495850404716,0.5735429530511271,heteroscedastic,rbf
1,clip_b16|2,convnext_s|2,1.0,1.0,546,1024,768,768,0.27515698654718485,0.31666666666666665,0.11476422729745464,0.33461015047284404,0.14501944277155987,0.3686502177068215,0.5672714635047873,0.31849816849816853,-0.4093024771550008,0.9999999983387862,0.9703599206025643,0.6597910638633175,heteroscedastic,rbf
1,clip_b16|2,dinov2_b|2,1.0,1.0,546,1024,768,768,0.31236520101444726,0.4,0.16391056518845698,0.38916531849633834,0.1884734374486149,0.45137880986937595,0.6657818422588262,0.3747252747252748,-0.2485819357696657,0.9999999981587735,0.96862912934914,0.6798944803275999,heteroscedastic,rbf
1,clip_b16|2,mae_b16|2,1.0,1.0,546,1024,768,768,0.37774816041155673,0.36666666666666664,0.14920185230147578,0.4383294808196763,0.30337599900013396,0.7253479040382481,0.46237352792048597,0.1796703296703297,-0.31087611788627467,0.9999999863486184,0.9291658486968665,0.5530832167895942,heteroscedastic,rbf
1,clip_b16|2,vit_sup_b16|2,1.0,1.0,546,1024,768,768,0.430373862149617,0.45,0.21597549817848397,0.5018268371211961,0.3146807855452854,0.5390591650303082,0.6535840790115016,0.3578754578754579,-0.20631190273827515,0.9999999985071567,0.9733017987012058,0.6869515843508677,heteroscedastic,rbf
1,convnext_s|2,dinov2_b|2,1.0,1.0,546,1024,768,768,0.5843791232753424,0.4666666666666667,0.42232628203872496,0.7142426270931548,0.5032213085221884,0.4871510287714505,0.7441640498383629,0.4,-0.2767732724068923,0.9999999990061076,0.9782004308381347,0.7073714274922571,heteroscedastic,rbf
1,convnext_s|2,mae_b16|2,1.0,1.0,546,1024,768,768,0.13115553098758606,0.3,0.03014905142963535,0.1369319357603471,0.025042298519371353,0.48928540937419956,0.3189986729056186,0.13992673992673993,-0.49874347641097416,0.9999999869431876,0.9363213006241551,0.5535876665889629,heteroscedastic,rbf
1,convnext_s|2,vit_sup_b16|2,1.0,1.0,546,1024,768,768,0.579786388295523,0.5333333333333333,0.4334097547571393,0.6963141260602791,0.4848098311216621,0.6547425936993084,0.7835908860566992,0.46007326007326005,-0.12711949796166333,0.999999999387515,0.9830606908066439,0.7421722500101164,heteroscedastic,rbf
1,dinov2_b|2,mae_b16|2,1.0,1.0,546,1024,768,768,0.2783652732368701,0.3333333333333333,0.2746838293477318,0.19000027647615225,0.19543742571827272,0.46631947408861946,0.3444703752420976,0.15329670329670333,-0.4377774197175972,0.9999999868959432,0.9349006645933042,0.5686098786489607,heteroscedastic,rbf
1,dinov2_b|2,vit_sup_b16|2,1.0,1.0,546,1024,768,768,0.5367967688799136,0.55,0.35781310963188506,0.6963102162965097,0.4338878316841596,0.5977119439938531,0.8528354469134118,0.47710622710622713,-0.06196755084621863,0.9999999991740963,0.9810416374304015,0.7475745140111527,heteroscedastic,rbf
1,mae_b16|2,vit_sup_b16|2,1.0,1.0,546,1024,768,768,0.2942543729288137,0.3,0.18047179521095208,0.26051845143193697,0.21390227986521937,0.5490480662511739,0.3605276784573876,0.15000000000000002,-0.3575282335274155,0.999999987158954,0.9393495850404716,0.5735429530511271,heteroscedastic,rbf
1,clip_b16|2,convnext_s|2,10.0,0.1,546,102,768,768,0.2903792510534751,0.2833333333333333,0.16672564361401868,0.45874403307213313,0.17869615921495932,0.34448902928370184,0.5672714635047873,0.31849816849816853,-0.4093024771550008,0.9999999983387862,0.9703599206025643,0.6597910638633175,heteroscedastic,rbf
1,clip_b16|2,dinov2_b|2,10.0,0.1,546,102,768,768,0.31669971305475847,0.2833333333333333,0.21412873196927354,0.47501814549292204,0.22181399706004967,0.35063604541961924,0.6657818422588262,0.3747252747252748,-0.2485819357696657,0.9999999981587735,0.96862912934914,0.6798944803275999,heteroscedastic,rbf
1,clip_b16|2,mae_b16|2,10.0,0.1,546,102,768,768,0.26156067100186386,0.25,0.13378972924099813,0.38483385877765697,0.1813482980729609,0.6722445146418508,0.46237352792048597,0.1796703296703297,-0.31087611788627467,0.9999999863486184,0.9291658486968665,0.5530832167895942,heteroscedastic,rbf
1,clip_b16|2,vit_sup_b16|2,10.0,0.1,546,102,768,768,0.4106546962630451,0.4166666666666667,0.28027552687920054,0.5783224823425294,0.30587398698117824,0.5405959190642875,0.6535840790115016,0.3578754578754579,-0.20631190273827515,0.9999999985071567,0.9733017987012058,0.6869515843508677,heteroscedastic,rbf
1,convnext_s|2,dinov2_b|2,10.0,0.1,546,102,768,768,0.5917656993491648,0.38333333333333336,0.44220363994097395,0.7153546756166744,0.5405835726354339,0.3922991547852813,0.7441640498383629,0.4,-0.2767732724068923,0.9999999990061076,0.9782004308381347,0.7073714274922571,heteroscedastic,rbf
1,convnext_s|2,mae_b16|2,10.0,0.1,546,102,768,768,0.09481209670026862,0.21666666666666667,0.021990643602337104,0.20546450925901874,0.0023207217644485643,0.3531119269188081,0.3189986729056186,0.13992673992673993,-0.49874347641097416,0.9999999869431876,0.9363213006241551,0.5535876665889629,heteroscedastic,rbf
1,convnext_s|2,vit_sup_b16|2,10.0,0.1,546,102,768,768,0.587126186461629,0.5166666666666667,0.4426407103400397,0.726678468567873,0.5076935069302633,0.6252027661572612,0.7835908860566992,0.46007326007326005,-0.12711949796166333,0.999999999387515,0.9830606908066439,0.7421722500101164,heteroscedastic,rbf
1,dinov2_b|2,mae_b16|2,10.0,0.1,546,102,768,768,0.23691565809905024,0.25,0.24534296278018472,0.27977068676955485,0.16911831458985552,0.3871766413386835,0.3444703752420976,0.15329670329670333,-0.4377774197175972,0.9999999868959432,0.9349006645933042,0.5686098786489607,heteroscedastic,rbf
1,dinov2_b|2,vit_sup_b16|2,10.0,0.1,546,102,768,768,0.5121017558382106,0.4,0.3102551056993298,0.7053244559354261,0.4387673559194265,0.5317168957568513,0.8528354469134118,0.47710622710622713,-0.06196755084621863,0.9999999991740963,0.9810416374304015,0.7475745140111527,heteroscedastic,rbf
1,mae_b16|2,vit_sup_b16|2,10.0,0.1,546,102,768,768,0.2412913369203803,0.23333333333333334,0.16857887961532056,0.3475229831274144,0.16510958967938735,0.5236062494664049,0.3605276784573876,0.15000000000000002,-0.3575282335274155,0.999999987158954,0.9393495850404716,0.5735429530511271,heteroscedastic,rbf
1,clip_b16|2,convnext_s|2,10.0,0.25,546,256,768,768,0.2613125592015533,0.38333333333333336,0.11244157193662983,0.44582952480451876,0.12172931616439658,0.38529838640826425,0.5672714635047873,0.31849816849816853,-0.4093024771550008,0.9999999983387862,0.9703599206025643,0.6597910638633175,heteroscedastic,rbf
1,clip_b16|2,dinov2_b|2,10.0,0.25,546,256,768,768,0.29273664649068465,0.38333333333333336,0.1761611165135872,0.47764550674587836,0.16843141711542878,0.4345598907197131,0.6657818422588262,0.3747252747252748,-0.2485819357696657,0.9999999981587735,0.96862912934914,0.6798944803275999,heteroscedastic,rbf
1,clip_b16|2,mae_b16|2,10.0,0.25,546,256,768,768,0.2733862038505662,0.25,0.11661315010402887,0.42211178070470134,0.18782212447180174,0.7033210962178776,0.46237352792048597,0.1796703296703297,-0.31087611788627467,0.9999999863486184,0.9291658486968665,0.5530832167895942,heteroscedastic,rbf
1,clip_b16|2,vit_sup_b16|2,10.0,0.25,546,256,768,768,0.3661907394187206,0.4666666666666667,0.17622222010556185,0.5710402680534039,0.22740965930979054,0.5447793050456757,0.6535840790115016,0.3578754578754579,-0.20631190273827515,0.9999999985071567,0.9733017987012058,0.6869515843508677,heteroscedastic,rbf
1,convnext_s|2,dinov2_b|2,10.0,0.25,546,256,768,768,0.6191387753854871,0.4166666666666667,0.4415117316200845,0.7544506376964342,0.5565633454736264,0.4542815674891146,0.7441640498383629,0.4,-0.2767732724068923,0.9999999990061076,0.9782004308381347,0.7073714274922571,heteroscedastic,rbf
1,convnext_s|2,mae_b16|2,10.0,0.25,546,256,768,768,0.10273100758613218,0.23333333333333334,0.020190244236448617,0.2279774875802165,-0.0008841435114038472,0.4053615640741057,0.3189986729056186,0.13992673992673993,-0.49874347641097416,0.9999999869431876,0.9363213006241551,0.5535876665889629,heteroscedastic,rbf
1,convnext_s|2,vit_sup_b16|2,10.0,0.25,546,256,768,768,0.5960646557351547,0.5166666666666667,0.4160707119520963,0.7491869785876202,0.5082356600855035,0.6061640911807393,0.7835908860566992,0.46007326007326005,-0.12711949796166333,0.999999999387515,0.9830606908066439,0.7421722500101164,heteroscedastic,rbf
1,dinov2_b|2,mae_b16|2,10.0,0.25,546,256,768,768,0.25176492156922653,0.31666666666666665,0.2623782847898243,0.29219815017905315,0.17191206224778668,0.4259369930846068,0.3444703752420976,0.15329670329670333,-0.4377774197175972,0.9999999868959432,0.9349006645933042,0.5686098786489607,heteroscedastic,rbf
1,dinov2_b|2,vit_sup_b16|2,10.0,0.25,546,256,768,768,0.5555129319803666,0.5,0.33173876920472417,0.7458351939619843,0.47068621276452394,0.5895159224792964,0.8528354469134118,0.47710622710622713,-0.06196755084621863,0.9999999991740963,0.9810416374304015,0.7475745140111527,heteroscedastic,rbf
1,mae_b16|2,vit_sup_b16|2,10.0,0.25,546,256,768,768,0.2523480343000952,0.26666666666666666,0.16168423784321576,0.3598175145687572,0.16810350013639513,0.5377785366686587,0.3605276784573876,0.15000000000000002,-0.3575282335274155,0.999999987158954,0.9393495850404716,0.5735429530511271,heteroscedastic,rbf
1,clip_b16|2,convnext_s|2,10.0,1.0,546,1024,768,768,0.22939519276442435,0.31666666666666665,0.09720593042709076,0.38990091262264437,0.09379840229980858,0.3738581063775292,0.5672714635047873,0.31849816849816853,-0.4093024771550008,0.9999999983387862,0.9703599206025643,0.6597910638633175,heteroscedastic,rbf
1,clip_b16|2,dinov2_b|2,10.0,1.0,546,1024,768,768,0.26260195167208794,0.35,0.14895348417174353,0.43419965320395365,0.1336356119735126,0.4367796465465722,0.6657818422588262,0.3747252747252748,-0.2485819357696657,0.9999999981587735,0.96862912934914,0.6798944803275999,heteroscedastic,rbf
1,clip_b16|2,mae_b16|2,10.0,1.0,546,1024,768,768,0.3236160100444723,0.35,0.14553671508167845,0.4578833265052101,0.23626283439127943,0.734909929138564,0.46237352792048597,0.1796703296703297,-0.31087611788627467,0.9999999863486184,0.9291658486968665,0.5530832167895942,heteroscedastic,rbf
1,clip_b16|2,vit_sup_b16|2,10.0,1.0,546,1024,768,768,0.34845302348062074,0.4166666666666667,0.1761704617688304,0.5219336351112425,0.21689305480297022,0.5365832835311192,0.6535840790115016,0.3578754578754579,-0.20631190273827515,0.9999999985071567,0.9733017987012058,0.6869515843508677,heteroscedastic,rbf
1,convnext_s|2,dinov2_b|2,10.0,1.0,546,1024,768,768,0.6213297814716152,0.4166666666666667,0.43619212478934993,0.770798477091158,0.5577105809264031,0.49073678818406896,0.7441640498383629,0.4,-0.2767732724068923,0.9999999990061076,0.9782004308381347,0.7073714274922571,heteroscedastic,rbf
1,convnext_s|2,mae_b16|2,10.0,1.0,546,1024,768,768,0.12360751002086118,0.35,0.039857333895726,0.23330984682383357,0.012611714722874423,0.4576112012294032,0.3189986729056186,0.13992673992673993,-0.49874347641097416,0.9999999869431876,0.9363213006241551,0.5535876665889629,heteroscedastic,rbf
1,convnext_s|2,vit_sup_b16|2,10.0,1.0,546,1024,768,768,0.5856132378145495,0.5666666666666667,0.40719739209869454,0.7454073540980887,0.4961294202344683,0.6550840945957482,0.7835908860566992,0.46007326007326005,-0.12711949796166333,0.999999999387515,0.9830606908066439,0.7421722500101164,heteroscedastic,rbf
1,dinov2_b|2,mae_b16|2,10.0,1.0,546,1024,768,768,0.2711705310292528,0.35,0.27128790736551683,0.30605714566578945,0.183033676133091,0.46008708272859217,0.3444703752420976,0.15329670329670333,-0.4377774197175972,0.9999999868959432,0.9349006645933042,0.5686098786489607,heteroscedastic,rbf
1,dinov2_b|2,vit_sup_b16|2,10.0,1.0,546,1024,768,768,0.5539812610590584,0.48333333333333334,0.31426422019865496,0.7604878714938843,0.46450595847099546,0.58140527618885,0.8528354469134118,0.47710622710622713,-0.06196755084621863,0.9999999991740963,0.9810416374304015,0.7475745140111527,heteroscedastic,rbf
1,mae_b16|2,vit_sup_b16|2,10.0,1.0,546,1024,768,768,0.27091114141983724,0.35,0.17165274972453962,0.3718696406564046,0.17940770332912664,0.5295825151541023,0.3605276784573876,0.15000000000000002,-0.3575282335274155,0.999999987158954,0.9393495850404716,0.5735429530511271,heteroscedastic,rbf
1,clip_b16|2,convnext_s|2,0.1,0.1,546,102,768,768,0.2397248881246892,0.26666666666666666,0.2397248881246892,,0.15460304800181016,0.40075130197216763,0.5672714635047873,0.31849816849816853,-0.4093024771550008,0.9999999983387862,0.9703599206025643,0.6597910638633175,homoscedastic,rbf
1,clip_b16|2,dinov2_b|2,0.1,0.1,546,102,768,768,0.25222670062972397,0.2833333333333333,0.25222670062972397,,0.18657280234554344,0.3283531119269188,0.6657818422588262,0.3747252747252748,-0.2485819357696657,0.9999999981587735,0.96862912934914,0.6798944803275999,homoscedastic,rbf
1,clip_b16|2,mae_b16|2,0.1,0.1,546,102,768,768,0.23255320153667092,0.16666666666666666,0.23255320153667092,,0.17033555233301956,0.6500469563732604,0.46237352792048597,0.1796703296703297,-0.31087611788627467,0.9999999863486184,0.9291658486968665,0.5530832167895942,homoscedastic,rbf
1,clip_b16|2,vit_sup_b16|2,0.1,0.1,546,102,768,768,0.3725986461073503,0.3333333333333333,0.3725986461073503,,0.2910248240517953,0.5226671220011951,0.6535840790115016,0.3578754578754579,-0.20631190273827515,0.9999999985071567,0.9733017987012058,0.6869515843508677,homoscedastic,rbf
1,convnext_s|2,dinov2_b|2,0.1,0.1,546,102,768,768,0.5069245192347757,0.26666666666666666,0.5069245192347757,,0.4778206128598437,0.3620763254503543,0.7441640498383629,0.4,-0.2767732724068923,0.9999999990061076,0.9782004308381347,0.7073714274922571,homoscedastic,rbf
1,convnext_s|2,mae_b16|2,0.1,0.1,546,102,768,768,0.0821261170169917,0.18333333333333332,0.0821261170169917,,0.024285690430767115,0.2877998804746862,0.3189986729056186,0.13992673992673993,-0.49874347641097416,0.9999999869431876,0.9363213006241551,0.5535876665889629,homoscedastic,rbf
1,convnext_s|2,vit_sup_b16|2,0.1,0.1,546,102,768,768,0.5136466490184695,0.5,0.5136466490184695,,0.4449435996650682,0.6086399726799283,0.7835908860566992,0.46007326007326005,-0.12711949796166333,0.999999999387515,0.9830606908066439,0.7421722500101164,homoscedastic,rbf
1,dinov2_b|2,mae_b16|2,0.1,0.1,546,102,768,768,0.22188756079877997,0.2,0.22188756079877997,,0.18384847362557977,0.34816016392043025,0.3444703752420976,0.15329670329670333,-0.4377774197175972,0.9999999868959432,0.9349006645933042,0.5686098786489607,homoscedastic,rbf
1,dinov2_b|2,vit_sup_b16|2,0.1,0.1,546,102,768,768,0.40761391003863895,0.3333333333333333,0.40761391003863895,,0.35151577198999817,0.5572440877657303,0.8528354469134118,0.47710622710622713,-0.06196755084621863,0.9999999991740963,0.9810416374304015,0.7475745140111527,homoscedastic,rbf
1,mae_b16|2,vit_sup_b16|2,0.1,0.1,546,102,768,768,0.20176356045433458,0.18333333333333332,0.20176356045433458,,0.14813855524168767,0.495176299837787,0.3605276784573876,0.15000000000000002,-0.3575282335274155,0.999999987158954,0.9393495850404716,0.5735429530511271,homoscedastic,rbf
1,clip_b16|2,convnext_s|2,0.1,0.25,546,256,768,768,0.2622301173058814,0.2833333333333333,0.2622301173058814,,0.1484101787122014,0.3777853666865875,0.5672714635047873,0.31849816849816853,-0.4093024771550008,0.9999999983387862,0.9703599206025643,0.6597910638633175,homoscedastic,rbf
1,clip_b16|2,dinov2_b|2,0.1,0.25,546,256,768,768,0.2910131417031714,0.31666666666666665,0.2910131417031714,,0.20167404643937362,0.4019465551097071,0.6657818422588262,0.3747252747252748,-0.2485819357696657,0.9999999981587735,0.96862912934914,0.6798944803275999,homoscedastic,rbf
1,clip_b16|2,mae_b16|2,0.1,0.25,546,256,768,768,0.235668543523732,0.21666666666666667,0.235668543523732,,0.16665540067305745,0.6592674805771366,0.46237352792048597,0.1796703296703297,-0.31087611788627467,0.9999999863486184,0.9291658486968665,0.5530832167895942,homoscedastic,rbf
1,clip_b16|2,vit_sup_b16|2,0.1,0.25,546,256,768,768,0.3778549384859402,0.43333333333333335,0.3778549384859402,,0.26661276490306834,0.5228378724494152,0.6535840790115016,0.3578754578754579,-0.20631190273827515,0.9999999985071567,0.9733017987012058,0.6869515843508677,homoscedastic,rbf
1,convnext_s|2,dinov2_b|2,0.1,0.25,546,256,768,768,0.5640814557818216,0.35,0.5640814557818216,,0.5188380173980485,0.4032271834713566,0.7441640498383629,0.4,-0.2767732724068923,0.9999999990061076,0.9782004308381347,0.7073714274922571,homoscedastic,rbf
1,convnext_s|2,mae_b16|2,0.1,0.25,546,256,768,768,0.0868852969036025,0.18333333333333332,0.0868852969036025,,0.013356437005923288,0.3424400239050627,0.3189986729056186,0.13992673992673993,-0.49874347641097416,0.9999999869431876,0.9363213006241551,0.5535876665889629,homoscedastic,rbf
1,convnext_s|2,vit_sup_b16|2,0.1,0.25,546,256,768,768,0.5531940922058116,0.5,0.5531940922058116,,0.471920076051655,0.6166652437462649,0.7835908860566992,0.46007326007326005,-0.12711949796166333,0.999999999387515,0.9830606908066439,0.7421722500101164,homoscedastic,rbf
1,dinov2_b|2,mae_b16|2,0.1,0.25,546,256,768,768,0.2335994822207839,0.21666666666666667,0.2335994822207839,,0.18097072321918367,0.3810296252027661,0.3444703752420976,0.15329670329670333,-0.4377774197175972,0.9999999868959432,0.9349006645933042,0.5686098786489607,homoscedastic,rbf
1,dinov2_b|2,vit_sup_b16|2,0.1,0.25,546,256,768,768,0.48362156561545994,0.38333333333333336,0.48362156561545994,,0.41365097164272846,0.5870400409801075,0.8528354469134118,0.47710622710622713,-0.06196755084621863,0.9999999991740963,0.9810416374304015,0.7475745140111527,homoscedastic,rbf
1,mae_b16|2,vit_sup_b16|2,0.1,0.25,546,256,768,768,0.19945533182036612,0.23333333333333334,0.19945533182036612,,0.1361155160295401,0.5158371040723981,0.3605276784573876,0.15000000000000002,-0.3575282335274155,0.999999987158954,0.9393495850404716,0.5735429530511271,homoscedastic,rbf
1,clip_b16|2,convnext_s|2,0.1,1.0,546,1024,768,768,0.28476295767488236,0.31666666666666665,0.28476295767488236,,0.1610554361992198,0.3692478442755912,0.5672714635047873,0.31849816849816853,-0.4093024771550008,0.9999999983387862,0.9703599206025643,0.6597910638633175,homoscedastic,rbf
1,clip_b16|2,dinov2_b|2,0.1,1.0,546,1024,768,768,0.31360081555782093,0.35,0.31360081555782093,,0.20481919101123924,0.4260223683087168,0.6657818422588262,0.3747252747252748,-0.2485819357696657,0.9999999981587735,0.96862912934914,0.6798944803275999,homoscedastic,rbf
1,clip_b16|2,mae_b16|2,0.1,1.0,546,1024,768,768,0.26462073505759737,0.23333333333333334,0.26462073505759737,,0.18373719915148473,0.6909416887219328,0.46237352792048597,0.1796703296703297,-0.31087611788627467,0.9999999863486184,0.9291658486968665,0.5530832167895942,homoscedastic,rbf
1,clip_b16|2,vit_sup_b16|2,0.1,1.0,546,1024,768,768,0.40554245984016624,0.4166666666666667,0.40554245984016624,,0.2871801670094227,0.5413642960812771,0.6535840790115016,0.3578754578754579,-0.20631190273827515,0.9999999985071567,0.9733017987012058,0.6869515843508677,homoscedastic,rbf
1,convnext_s|2,dinov2_b|2,0.1,1.0,546,1024,768,768,0.6079900221945059,0.4,0.6079900221945059,,0.5517022697586387,0.4704174848458977,0.7441640498383629,0.4,-0.2767732724068923,0.9999999990061076,0.9782004308381347,0.7073714274922571,homoscedastic,rbf
1,convnext_s|2,mae_b16|2,0.1,1.0,546,1024,768,768,0.11572348812080034,0.2,0.11572348812080034,,0.02307443204990697,0.42303423546486807,0.3189986729056186,0.13992673992673993,-0.49874347641097416,0.9999999869431876,0.9363213006241551,0.5535876665889629,homoscedastic,rbf
1,convnext_s|2,vit_sup_b16|2,0.1,1.0,546,1024,768,768,0.6077146880963558,0.5666666666666667,0.6077146880963558,,0.527019024653713,0.6482540766669512,0.7835908860566992,0.46007326007326005,-0.12711949796166333,0.999999999387515,0.9830606908066439,0.7421722500101164,homoscedastic,rbf
1,dinov2_b|2,mae_b16|2,0.1,1.0,546,1024,768,768,0.2641934005372237,0.2833333333333333,0.2641934005372237,,0.19346059020535245,0.44804917612908735,0.3444703752420976,0.15329670329670333,-0.4377774197175972,0.9999999868959432,0.9349006645933042,0.5686098786489607,homoscedastic,rbf
1,dinov2_b|2,vit_sup_b16|2,0.1,1.0,546,1024,768,768,0.5678507440298445,0.43333333333333335,0.5678507440298445,,0.49328922314010304,0.6036028344574405,0.8528354469134118,0.47710622710622713,-0.06196755084621863,0.9999999991740963,0.9810416374304015,0.7475745140111527,homoscedastic,rbf
1,mae_b16|2,vit_sup_b16|2,0.1,1.0,546,1024,768,768,0.23905855294042483,0.25,0.23905855294042483,,0.16206376085700888,0.5279603858960129,0.3605276784573876,0.15000000000000002,-0.3575282335274155,0.999999987158954,0.9393495850404716,0.5735429530511271,homoscedastic,rbf
1,clip_b16|2,convnext_s|2,1.0,0.1,546,102,768,768,0.3137940938724829,0.2833333333333333,0.3137940938724829,,0.21407721267213548,0.3584051908136259,0.5672714635047873,0.31849816849816853,-0.4093024771550008,0.9999999983387862,0.9703599206025643,0.6597910638633175,homoscedastic,rbf
1,clip_b16|2,dinov2_b|2,1.0,0.1,546,102,768,768,0.32891185808849466,0.3333333333333333,0.32891185808849466,,0.24647449142059952,0.33868351404422437,0.6657818422588262,0.3747252747252748,-0.2485819357696657,0.9999999981587735,0.96862912934914,0.6798944803275999,homoscedastic,rbf
1,clip_b16|2,mae_b16|2,1.0,0.1,546,102,768,768,0.24431845644015676,0.21666666666666667,0.24431845644015676,,0.16634556761904054,0.6676342525399129,0.46237352792048597,0.1796703296703297,-0.31087611788627467,0.9999999863486184,0.9291658486968665,0.5530832167895942,homoscedastic,rbf
1,clip_b16|2,vit_sup_b16|2,1.0,0.1,546,102,768,768,0.42479684665790735,0.38333333333333336,0.42479684665790735,,0.3297029853862198,0.5432425510116964,0.6535840790115016,0.3578754578754579,-0.20631190273827515,0.9999999985071567,0.9733017987012058,0.6869515843508677,homoscedastic,rbf
1,convnext_s|2,dinov2_b|2,1.0,0.1,546,102,768,768,0.600057777938272,0.38333333333333336,0.600057777938272,,0.5598826936618834,0.38982327328609234,0.7441640498383629,0.4,-0.2767732724068923,0.9999999990061076,0.9782004308381347,0.7073714274922571,homoscedastic,rbf
1,convnext_s|2,mae_b16|2,1.0,0.1,546,102,768,768,0.10969347137075379,0.23333333333333334,0.10969347137075379,,0.028023739818403854,0.33697600956202506,0.3189986729056186,0.13992673992673993,-0.49874347641097416,0.9999999869431876,0.9363213006241551,0.5535876665889629,homoscedastic,rbf
1,convnext_s|2,vit_sup_b16|2,1.0,0.1,546,102,768,768,0.5978872163533787,0.55,0.5978872163533787,,0.5252870513190437,0.6300691539315292,0.7835908860566992,0.46007326007326005,-0.12711949796166333,0.999999999387515,0.9830606908066439,0.7421722500101164,homoscedastic,rbf
1,dinov2_b|2,mae_b16|2,1.0,0.1,546,102,768,768,0.2542577062714063,0.23333333333333334,0.2542577062714063,,0.19687349353795003,0.4039101852642363,0.3444703752420976,0.15329670329670333,-0.4377774197175972,0.9999999868959432,0.9349006645933042,0.5686098786489607,homoscedastic,rbf
1,dinov2_b|2,vit_sup_b16|2,1.0,0.1,546,102,768,768,0.5216126155905988,0.36666666666666664,0.5216126155905988,,0.45962344455457654,0.5429010501152565,0.8528354469134118,0.47710622710622713,-0.06196755084621863,0.9999999991740963,0.9810416374304015,0.7475745140111527,homoscedastic,rbf
1,mae_b16|2,vit_sup_b16|2,1.0,0.1,546,102,768,768,0.24163928233133977,0.21666666666666667,0.24163928233133977,,0.17208291158776354,0.5394860411508581,0.3605276784573876,0.15000000000000002,-0.3575282335274155,0.999999987158954,0.9393495850404716,0.5735429530511271,homoscedastic,rbf
1,clip_b16|2,convnext_s|2,1.0,0.25,546,256,768,768,0.2894154705985294,0.35,0.2894154705985294,,0.16249813965267346,0.3841031332707248,0.5672714635047873,0.31849816849816853,-0.4093024771550008,0.9999999983387862,0.9703599206025643,0.6597910638633175,homoscedastic,rbf
1,clip_b16|2,dinov2_b|2,1.0,0.25,546,256,768,768,0.32221272836868986,0.35,0.32221272836868986,,0.21353834087425716,0.43379151370272345,0.6657818422588262,0.3747252747252748,-0.2485819357696657,0.9999999981587735,0.96862912934914,0.6798944803275999,homoscedastic,rbf
1,clip_b16|2,mae_b16|2,1.0,0.25,546,256,768,768,0.25712682535229264,0.23333333333333334,0.25712682535229264,,0.17570429049142122,0.6962349526167506,0.46237352792048597,0.1796703296703297,-0.31087611788627467,0.9999999863486184,0.9291658486968665,0.5530832167895942,homoscedastic,rbf
1,clip_b16|2,vit_sup_b16|2,1.0,0.25,546,256,768,768,0.3874591873866316,0.4166666666666667,0.3874591873866316,,0.2599895273656818,0.5433279262358063,0.6535840790115016,0.3578754578754579,-0.20631190273827515,0.9999999985071567,0.9733017987012058,0.6869515843508677,homoscedastic,rbf
1,convnext_s|2,dinov2_b|2,1.0,0.25,546,256,768,768,0.62923002563896,0.4166666666666667,0.62923002563896,,0.5769402100958325,0.4476223000085375,0.7441640498383629,0.4,-0.2767732724068923,0.9999999990061076,0.9782004308381347,0.7073714274922571,homoscedastic,rbf
1,convnext_s|2,mae_b16|2,1.0,0.25,546,256,768,768,0.12240389556637657,0.2,0.12240389556637657,,0.03220994970262517,0.38333475625373514,0.3189986729056186,0.13992673992673993,-0.49874347641097416,0.9999999869431876,0.9363213006241551,0.5535876665889629,homoscedastic,rbf
1,convnext_s|2,vit_sup_b16|2,1.0,0.25,546,256,768,768,0.6104801402226117,0.5166666666666667,0.6104801402226117,,0.5307405214164351,0.6041150858021003,0.7835908860566992,0.46007326007326005,-0.12711949796166333,0.999999999387515,0.9830606908066439,0.7421722500101164,homoscedastic,rbf
1,dinov2_b|2,mae_b16|2,1.0,0.25,546,256,768,768,0.27422209506137507,0.2833333333333333,0.27422209506137507,,0.20649188115623662,0.42414411337829755,0.3444703752420976,0.15329670329670333,-0.4377774197175972,0.9999999868959432,0.9349006645933042,0.5686098786489607,homoscedastic,rbf
1,dinov2_b|2,vit_sup_b16|2,1.0,0.25,546,256,768,768,0.5723121453115146,0.4666666666666667,0.5723121453115146,,0.500934785793356,0.5884914197899769,0.8528354469134118,0.47710622710622713,-0.06196755084621863,0.9999999991740963,0.9810416374304015,0.7475745140111527,homoscedastic,rbf
1,mae_b16|2,vit_sup_b16|2,1.0,0.25,546,256,768,768,0.2555893766371573,0.23333333333333334,0.2555893766371573,,0.18114470807841745,0.5446939298215657,0.3605276784573876,0.15000000000000002,-0.3575282335274155,0.999999987158954,0.9393495850404716,0.5735429530511271,homoscedastic,rbf
1,clip_b16|2,convnext_s|2,1.0,1.0,546,1024,768,768,0.2724750902085839,0.31666666666666665,0.2724750902085839,,0.14754032733508501,0.37419960727396906,0.5672714635047873,0.31849816849816853,-0.4093024771550008,0.9999999983387862,0.9703599206025643,0.6597910638633175,homoscedastic,rbf
1,clip_b16|2,dinov2_b|2,1.0,1.0,546,1024,768,768,0.3103223620065611,0.35,0.3103223620065611,,0.1969267244462655,0.4306326304106548,0.6657818422588262,0.3747252747252748,-0.2485819357696657,0.9999999981587735,0.96862912934914,0.6798944803275999,homoscedastic,rbf
1,clip_b16|2,mae_b16|2,1.0,1.0,546,1024,768,768,0.2963211564476568,0.3333333333333333,0.2963211564476568,,0.208888657492429,0.7151882523691624,0.46237352792048597,0.1796703296703297,-0.31087611788627467,0.9999999863486184,0.9291658486968665,0.5530832167895942,homoscedastic,rbf
1,clip_b16|2,vit_sup_b16|2,1.0,1.0,546,1024,768,768,0.3747417631715643,0.43333333333333335,0.3747417631715643,,0.2503063147097344,0.5436694271322462,0.6535840790115016,0.3578754578754579,-0.20631190273827515,0.9999999985071567,0.9733017987012058,0.6869515843508677,homoscedastic,rbf
1,convnext_s|2,dinov2_b|2,1.0,1.0,546,1024,768,768,0.6414170594918318,0.4,0.6414170594918318,,0.5883349058327003,0.49893280969862547,0.7441640498383629,0.4,-0.2767732724068923,0.9999999990061076,0.9782004308381347,0.7073714274922571,homoscedastic,rbf
1,convnext_s|2,mae_b16|2,1.0,1.0,546,1024,768,768,0.1518777552159867,0.3,0.1518777552159867,,0.05135980542863388,0.43823102535644154,0.3189986729056186,0.13992673992673993,-0.49874347641097416,0.9999999869431876,0.9363213006241551,0.5535876665889629,homoscedastic,rbf
1,convnext_s|2,vit_sup_b16|2,1.0,1.0,546,1024,768,768,0.6202063894621929,0.5666666666666667,0.6202063894621929,,0.5424978436013204,0.6573038504226073,0.7835908860566992,0.46007326007326005,-0.12711949796166333,0.999999999387515,0.9830606908066439,0.7421722500101164,homoscedastic,rbf
1,dinov2_b|2,mae_b16|2,1.0,1.0,546,1024,768,768,0.30352428756746547,0.31666666666666665,0.30352428756746547,,0.2264971502869693,0.4615384615384615,0.3444703752420976,0.15329670329670333,-0.4377774197175972,0.9999999868959432,0.9349006645933042,0.5686098786489607,homoscedastic,rbf
1,dinov2_b|2,vit_sup_b16|2,1.0,1.0,546,1024,768,768,0.5960498223606175,0.45,0.5960498223606175,,0.5241795567498725,0.5887475454623069,0.8528354469134118,0.47710622710622713,-0.06196755084621863,0.9999999991740963,0.9810416374304015,0.7475745140111527,homoscedastic,rbf
1,mae_b16|2,vit_sup_b16|2,1.0,1.0,546,1024,768,768,0.2869879082997452,0.31666666666666665,0.2869879082997452,,0.20343948961913433,0.5258260052932638,0.3605276784573876,0.15000000000000002,-0.3575282335274155,0.999999987158954,0.9393495850404716,0.5735429530511271,homoscedastic,rbf
1,clip_b16|2,convnext_s|2,10.0,0.1,546,102,768,768,0.3198296661935172,0.3,0.3198296661935172,,0.21970138627139876,0.36762571501750196,0.5672714635047873,0.31849816849816853,-0.4093024771550008,0.9999999983387862,0.9703599206025643,0.6597910638633175,homoscedastic,rbf
1,clip_b16|2,dinov2_b|2,10.0,0.1,546,102,768,768,0.3381992172200478,0.2833333333333333,0.3381992172200478,,0.25407863605204,0.3562708102108768,0.6657818422588262,0.3747252747252748,-0.2485819357696657,0.9999999981587735,0.96862912934914,0.6798944803275999,homoscedastic,rbf
1,clip_b16|2,mae_b16|2,10.0,0.1,546,102,768,768,0.24652812924480344,0.23333333333333334,0.24652812924480344,,0.1656797437507825,0.6688295056774524,0.46237352792048597,0.1796703296703297,-0.31087611788627467,0.9999999863486184,0.9291658486968665,0.5530832167895942,homoscedastic,rbf
1,clip_b16|2,vit_sup_b16|2,10.0,0.1,546,102,768,768,0.4242572340478723,0.38333333333333336,0.4242572340478723,,0.3266842824513665,0.5569879620934005,0.6535840790115016,0.3578754578754579,-0.20631190273827515,0.9999999985071567,0.9733017987012058,0.6869515843508677,homoscedastic,rbf
1,convnext_s|2,dinov2_b|2,10.0,0.1,546,102,768,768,0.6203831677310214,0.38333333333333336,0.6203831677310214,,0.580016154486888,0.41970460172457946,0.7441640498383629,0.4,-0.2767732724068923,0.9999999990061076,0.9782004308381347,0.7073714274922571,homoscedastic,rbf
1,convnext_s|2,mae_b16|2,10.0,0.1,546,102,768,768,0.12007394464984623,0.21666666666666667,0.12007394464984623,,0.033282443126602716,0.3613933236574746,0.3189986729056186,0.13992673992673993,-0.49874347641097416,0.9999999869431876,0.9363213006241551,0.5535876665889629,homoscedastic,rbf
1,convnext_s|2,vit_sup_b16|2,10.0,0.1,546,102,768,768,0.6169465470737417,0.55,0.6169465470737417,,0.5461960791862993,0.639460428583625,0.7835908860566992,0.46007326007326005,-0.12711949796166333,0.999999999387515,0.9830606908066439,0.7421722500101164,homoscedastic,rbf
1,dinov2_b|2,mae_b16|2,10.0,0.1,546,102,768,768,0.26230539529276464,0.25,0.26230539529276464,,0.20013523567474223,0.3919576538888414,0.3444703752420976,0.15329670329670333,-0.4377774197175972,0.9999999868959432,0.9349006645933042,0.5686098786489607,homoscedastic,rbf
1,dinov2_b|2,vit_sup_b16|2,10.0,0.1,546,102,768,768,0.5437329548137633,0.38333333333333336,0.5437329548137633,,0.4826700944454861,0.5279603858960129,0.8528354469134118,0.47710622710622713,-0.06196755084621863,0.9999999991740963,0.9810416374304015,0.7475745140111527,homoscedastic,rbf
1,mae_b16|2,vit_sup_b16|2,10.0,0.1,546,102,768,768,0.2564421567837688,0.21666666666666667,0.2564421567837688,,0.18377190862046852,0.532485272773841,0.3605276784573876,0.15000000000000002,-0.3575282335274155,0.999999987158954,0.9393495850404716,0.5735429530511271,homoscedastic,rbf
1,clip_b16|2,convnext_s|2,10.0,0.25,546,256,768,768,0.28222933952594315,0.38333333333333336,0.28222933952594315,,0.1532904321379932,0.39528728762913,0.5672714635047873,0.31849816849816853,-0.4093024771550008,0.9999999983387862,0.9703599206025643,0.6597910638633175,homoscedastic,rbf
1,clip_b16|2,dinov2_b|2,10.0,0.25,546,256,768,768,0.31512515312542533,0.35,0.31512515312542533,,0.20318959602626166,0.4393409032698711,0.6657818422588262,0.3747252747252748,-0.2485819357696657,0.9999999981587735,0.96862912934914,0.6798944803275999,homoscedastic,rbf
1,clip_b16|2,mae_b16|2,10.0,0.25,546,256,768,768,0.26261806282795225,0.23333333333333334,0.26261806282795225,,0.17731900998969147,0.6996499615811491,0.46237352792048597,0.1796703296703297,-0.31087611788627467,0.9999999863486184,0.9291658486968665,0.5530832167895942,homoscedastic,rbf
1,clip_b16|2,vit_sup_b16|2,10.0,0.25,546,256,768,768,0.37111441976227705,0.45,0.37111441976227705,,0.23933593493928798,0.5388030393579782,0.6535840790115016,0.3578754578754579,-0.20631190273827515,0.9999999985071567,0.9733017987012058,0.6869515843508677,homoscedastic,rbf
1,convnext_s|2,dinov2_b|2,10.0,0.25,546,256,768,768,0.6456918491440254,0.4166666666666667,0.6456918491440254,,0.5951165964711408,0.46025783317681207,0.7441640498383629,0.4,-0.2767732724068923,0.9999999990061076,0.9782004308381347,0.7073714274922571,homoscedastic,rbf
1,convnext_s|2,mae_b16|2,10.0,0.25,546,256,768,768,0.1343780954947097,0.23333333333333334,0.1343780954947097,,0.039906409854514095,0.390762400751302,0.3189986729056186,0.13992673992673993,-0.49874347641097416,0.9999999869431876,0.9363213006241551,0.5535876665889629,homoscedastic,rbf
1,convnext_s|2,vit_sup_b16|2,10.0,0.25,546,256,768,768,0.6214704485290237,0.5,0.6214704485290237,,0.5435761705494969,0.6078715956629386,0.7835908860566992,0.46007326007326005,-0.12711949796166333,0.999999999387515,0.9830606908066439,0.7421722500101164,homoscedastic,rbf
1,dinov2_b|2,mae_b16|2,10.0,0.25,546,256,768,768,0.28382912174756036,0.3,0.28382912174756036,,0.21294062340102193,0.43037650473832495,0.3444703752420976,0.15329670329670333,-0.4377774197175972,0.9999999868959432,0.9349006645933042,0.5686098786489607,homoscedastic,rbf
1,dinov2_b|2,vit_sup_b16|2,10.0,0.25,546,256,768,768,0.5858208495023596,0.4666666666666667,0.5858208495023596,,0.5161999519171768,0.5845641594809186,0.8528354469134118,0.47710622710622713,-0.06196755084621863,0.9999999991740963,0.9810416374304015,0.7475745140111527,homoscedastic,rbf
1,mae_b16|2,vit_sup_b16|2,10.0,0.25,546,256,768,768,0.2720918669218525,0.26666666666666666,0.2720918669218525,,0.1942812941410927,0.5313753948604115,0.3605276784573876,0.15000000000000002,-0.3575282335274155,0.999999987158954,0.9393495850404716,0.5735429530511271,homoscedastic,rbf
1,clip_b16|2,convnext_s|2,10.0,1.0,546,1024,768,768,0.24900958058216827,0.31666666666666665,0.24900958058216827,,0.12494847357453645,0.3680525911380518,0.5672714635047873,0.31849816849816853,-0.4093024771550008,0.9999999983387862,0.9703599206025643,0.6597910638633175,homoscedastic,rbf
1,clip_b16|2,dinov2_b|2,10.0,1.0,546,1024,768,768,0.2886397462215173,0.35,0.2886397462215173,,0.1764292517112461,0.42380261248185774,0.6657818422588262,0.3747252747252748,-0.2485819357696657,0.9999999981587735,0.96862912934914,0.6798944803275999,homoscedastic,rbf
1,clip_b16|2,mae_b16|2,10.0,1.0,546,1024,768,768,0.29907894188594963,0.31666666666666665,0.29907894188594963,,0.2117638557319881,0.7127123708699734,0.46237352792048597,0.1796703296703297,-0.31087611788627467,0.9999999863486184,0.9291658486968665,0.5530832167895942,homoscedastic,rbf
1,clip_b16|2,vit_sup_b16|2,10.0,1.0,546,1024,768,768,0.34946952630423966,0.45,0.34946952630423966,,0.22445337508386604,0.5355587808417996,0.6535840790115016,0.3578754578754579,-0.20631190273827515,0.9999999985071567,0.9733017987012058,0.6869515843508677,homoscedastic,rbf
1,convnext_s|2,dinov2_b|2,10.0,1.0,546,1024,768,768,0.6454541818171716,0.4,0.6454541818171716,,0.5967004712102091,0.4944932980449073,0.7441640498383629,0.4,-0.2767732724068923,0.9999999990061076,0.9782004308381347,0.7073714274922571,homoscedastic,rbf
1,convnext_s|2,mae_b16|2,10.0,1.0,546,1024,768,768,0.1555155986544407,0.2833333333333333,0.1555155986544407,,0.056046385851020404,0.4226927345684282,0.3189986729056186,0.13992673992673993,-0.49874347641097416,0.9999999869431876,0.9363213006241551,0.5535876665889629,homoscedastic,rbf
1,convnext_s|2,vit_sup_b16|2,10.0,1.0,546,1024,768,768,0.612420867835744,0.5666666666666667,0.612420867835744,,0.5354681552653718,0.6573892256467172,0.7835908860566992,0.46007326007326005,-0.12711949796166333,0.999999999387515,0.9830606908066439,0.7421722500101164,homoscedastic,rbf
1,dinov2_b|2,mae_b16|2,10.0,1.0,546,1024,768,768,0.3046690685251903,0.3,0.3046690685251903,,0.2284053689714994,0.43652352087424223,0.3444703752420976,0.15329670329670333,-0.4377774197175972,0.9999999868959432,0.9349006645933042,0.5686098786489607,homoscedastic,rbf
1,dinov2_b|2,vit_sup_b16|2,10.0,1.0,546,1024,768,768,0.5872224645068458,0.45,0.5872224645068458,,0.5172848415800771,0.5841372833603687,0.8528354469134118,0.47710622710622713,-0.06196755084621863,0.9999999991740963,0.9810416374304015,0.7475745140111527,homoscedastic,rbf
1,mae_b16|2,vit_sup_b16|2,10.0,1.0,546,1024,768,768,0.29408631690643583,0.3,0.29408631690643583,,0.2107111233712345,0.5105438401775804,0.3605276784573876,0.15000000000000002,-0.3575282335274155,0.999999987158954,0.9393495850404716,0.5735429530511271,homoscedastic,rbf
2,clip_b16|2,convnext_s|2,0.1,0.1,546,102,768,768,0.271584087733577,0.2833333333333333,0.15989426203125232,0.20525282347779628,0.22224808417950426,0.39468966106036024,0.5647178134432724,0.3402930402930403,-0.4213819893574795,0.9999999985048087,0.9710443500322161,0.6635724756678245,heteroscedastic,rbf
2,clip_b16|2,dinov2_b|2,0.1,0.1,546,102,768,768,0.27828627301742503,0.2833333333333333,0.25699541776975127,0.24929854648946498,0.2455372628389852,0.36950396994792106,0.6668575933984544,0.3661172161172161,-0.2551592342224722,0.9999999983537803,0.9695277585900708,0.6812710186185423,heteroscedastic,rbf
2,clip_b16|2,mae_b16|2,0.1,0.1,546,102,768,768,0.3016076155767099,0.2833333333333333,0.10301328769494068,0.39595713670125965,0.2525695762608233,0.6539742166823188,0.4785925450494693,0.16575091575091574,-0.3201987070578953,0.9999999878293614,0.9308596120959302,0.5561636079020497,heteroscedastic,rbf
2,clip_b16|2,vit_sup_b16|2,0.1,0.1,546,102,768,768,0.44802202228339527,0.4166666666666667,0.2648795782989515,0.4123066517090276,0.4087319982000661,0.4762230000853752,0.6523239913523439,0.35915750915750916,-0.20480816701895777,0.9999999986317321,0.9736949308324957,0.68950199472587,heteroscedastic,rbf
2,convnext_s|2,dinov2_b|2,0.1,0.1,546,102,768,768,0.33397864994069426,0.26666666666666666,0.3085197636872496,0.33739781204034086,0.30561811402600164,0.3649790830700931,0.712780926505191,0.38956043956043956,-0.3025126704190809,0.9999999992032224,0.9798027434427358,0.7120509797877589,heteroscedastic,rbf
2,convnext_s|2,mae_b16|2,0.1,0.1,546,102,768,768,0.05186553295981377,0.18333333333333332,-0.09842476737053811,0.11229874840083681,-0.0047003621233065555,0.26150431144881753,0.30914138982136935,0.13589743589743591,-0.5426005270302393,0.9999999885820784,0.9390882398110393,0.5543116771687077,heteroscedastic,rbf
2,convnext_s|2,vit_sup_b16|2,0.1,0.1,546,102,768,768,0.4665693515815321,0.38333333333333336,0.4046249308765616,0.3962470177578677,0.4115770079518956,0.6064202168530692,0.73880045125654,0.45146520146520147,-0.1389872957588647,0.9999999994792832,0.9840641398832125,0.7436357581543721,heteroscedastic,rbf
2,dinov2_b|2,mae_b16|2,0.1,0.1,546,102,768,768,0.1510951419309498,0.16666666666666666,0.09796684986362218,0.15703705813734944,0.11465529304453596,0.34448902928370184,0.3442621661121364,0.14340659340659342,-0.49745707207877354,0.9999999885086552,0.937798207563569,0.5697388875969354,heteroscedastic,rbf
2,dinov2_b|2,vit_sup_b16|2,0.1,0.1,546,102,768,768,0.3599799443887344,0.2833333333333333,0.2900294573228252,0.39389278143107964,0.3153425988656567,0.5761973875181423,0.8423550389537641,0.4899267399267399,-0.08209427572731887,0.9999999993342811,0.9821753532110042,0.7496341080897437,heteroscedastic,rbf
2,mae_b16|2,vit_sup_b16|2,0.1,0.1,546,102,768,768,0.16206278350773196,0.23333333333333334,-0.028912242841489556,0.2466432583524423,0.10311629050279657,0.46111158541791175,0.3542928284287094,0.1426739926739927,-0.42043042260145314,0.9999999886989687,0.9415711840813159,0.5741769813832642,heteroscedastic,rbf
2,clip_b16|2,convnext_s|2,0.1,0.25,546,256,768,768,0.29318720329778686,0.31666666666666665,0.15878217665731365,0.24067751737820176,0.21866236269251269,0.38418850849483477,0.5647178134432724,0.3402930402930403,-0.4213819893574795,0.9999999985048087,0.9710443500322161,0.6635724756678245,heteroscedastic,rbf
2,clip_b16|2,dinov2_b|2,0.1,0.25,546,256,768,768,0.3250351806532796,0.36666666666666664,0.20462532625274496,0.3184321065332431,0.26180681599176076,0.4027149321266968,0.6668575933984544,0.3661172161172161,-0.2551592342224722,0.9999999983537803,0.9695277585900708,0.6812710186185423,heteroscedastic,rbf
2,clip_b16|2,mae_b16|2,0.1,0.25,546,256,768,768,0.3414239483998567,0.26666666666666666,0.12892875878296742,0.4095379804226957,0.2893327374388364,0.6764279006232391,0.4785925450494693,0.16575091575091574,-0.3201987070578953,0.9999999878293614,0.9308596120959302,0.5561636079020497,heteroscedastic,rbf
2,clip_b16|2,vit_sup_b16|2,0.1,0.25,546,256,768,768,0.482444784568846,0.43333333333333335,0.281916697473061,0.4729873024836215,0.42147452970310206,0.49389567147613755,0.6523239913523439,0.35915750915750916,-0.20480816701895777,0.9999999986317321,0.9736949308324957,0.68950199472587,heteroscedastic,rbf
2,convnext_s|2,dinov2_b|2,0.1,0.25,546,256,768,768,0.4425427848410689,0.3,0.3610666961880884,0.4614803091729481,0.3910630555110142,0.37752924101425767,0.712780926505191,0.38956043956043956,-0.3025126704190809,0.9999999992032224,0.9798027434427358,0.7120509797877589,heteroscedastic,rbf
2,convnext_s|2,mae_b16|2,0.1,0.25,546,256,768,768,0.11010080583557176,0.21666666666666667,-0.035522573194465244,0.15497772970630133,0.042018072695482675,0.4020319303338171,0.30914138982136935,0.13589743589743591,-0.5426005270302393,0.9999999885820784,0.9390882398110393,0.5543116771687077,heteroscedastic,rbf
2,convnext_s|2,vit_sup_b16|2,0.1,0.25,546,256,768,768,0.4999228886746907,0.4166666666666667,0.39648593242553765,0.4741982121767358,0.42756297890954953,0.6136771109024161,0.73880045125654,0.45146520146520147,-0.1389872957588647,0.9999999994792832,0.9840641398832125,0.7436357581543721,heteroscedastic,rbf
2,dinov2_b|2,mae_b16|2,0.1,0.25,546,256,768,768,0.2354513762538229,0.21666666666666667,0.1945346071874718,0.16144224482996575,0.1882112934549244,0.4017758046614872,0.3442621661121364,0.14340659340659342,-0.49745707207877354,0.9999999885086552,0.937798207563569,0.5697388875969354,heteroscedastic,rbf
2,dinov2_b|2,vit_sup_b16|2,0.1,0.25,546,256,768,768,0.44122311450865137,0.38333333333333336,0.30423280756088655,0.4977204680880892,0.37363095390443973,0.5803807734995303,0.8423550389537641,0.4899267399267399,-0.08209427572731887,0.9999999993342811,0.9821753532110042,0.7496341080897437,heteroscedastic,rbf
2,mae_b16|2,vit_sup_b16|2,0.1,0.25,546,256,768,768,0.22720185333848147,0.25,0.05738184407405683,0.26755099937750976,0.17037806414061946,0.5002134380602749,0.3542928284287094,0.1426739926739927,-0.42043042260145314,0.9999999886989687,0.9415711840813159,0.5741769813832642,heteroscedastic,rbf
2,clip_b16|2,convnext_s|2,0.1,1.0,546,1024,768,768,0.31858232939535935,0.3,0.15549013078145563,0.26573128361175036,0.21884101437110565,0.34636728421412105,0.5647178134432724,0.3402930402930403,-0.4213819893574795,0.9999999985048087,0.9710443500322161,0.6635724756678245,heteroscedastic,rbf
2,clip_b16|2,dinov2_b|2,0.1,1.0,546,1024,768,768,0.3623298953608204,0.3333333333333333,0.22364795273313673,0.3272508579836957,0.27487668112141045,0.4051054384017757,0.6668575933984544,0.3661172161172161,-0.2551592342224722,0.9999999983537803,0.9695277585900708,0.6812710186185423,heteroscedastic,rbf
2,clip_b16|2,mae_b16|2,0.1,1.0,546,1024,768,768,0.38399423331731475,0.2833333333333333,0.150628082024743,0.4177892575889212,0.3275954060121905,0.6947835738068813,0.4785925450494693,0.16575091575091574,-0.3201987070578953,0.9999999878293614,0.9308596120959302,0.5561636079020497,heteroscedastic,rbf
2,clip_b16|2,vit_sup_b16|2,0.1,1.0,546,1024,768,768,0.5002314450873474,0.45,0.27928888358525683,0.4820685666442972,0.41662111048862555,0.5305216426193119,0.6523239913523439,0.35915750915750916,-0.20480816701895777,0.9999999986317321,0.9736949308324957,0.68950199472587,heteroscedastic,rbf
2,convnext_s|2,dinov2_b|2,0.1,1.0,546,1024,768,768,0.5124693124147567,0.35,0.38275164211410523,0.5657486820605236,0.4354832276335208,0.4088619482626142,0.712780926505191,0.38956043956043956,-0.3025126704190809,0.9999999992032224,0.9798027434427358,0.7120509797877589,heteroscedastic,rbf
2,convnext_s|2,mae_b16|2,0.1,1.0,546,1024,768,768,0.15066075183542174,0.21666666666666667,0.0012603514427007357,0.14115559770653255,0.06845830237008067,0.4201314778451293,0.30914138982136935,0.13589743589743591,-0.5426005270302393,0.9999999885820784,0.9390882398110393,0.5543116771687077,heteroscedastic,rbf
2,convnext_s|2,vit_sup_b16|2,0.1,1.0,546,1024,768,768,0.5539052052922367,0.48333333333333334,0.41799870999534355,0.5727795543930524,0.46664190335644207,0.6228122598821821,0.73880045125654,0.45146520146520147,-0.1389872957588647,0.9999999994792832,0.9840641398832125,0.7436357581543721,heteroscedastic,rbf
2,dinov2_b|2,mae_b16|2,0.1,1.0,546,1024,768,768,0.2837996216656157,0.23333333333333334,0.2492618596231239,0.15046697939191445,0.22333341135671952,0.3965679159907795,0.3442621661121364,0.14340659340659342,-0.49745707207877354,0.9999999885086552,0.937798207563569,0.5697388875969354,heteroscedastic,rbf
2,dinov2_b|2,vit_sup_b16|2,0.1,1.0,546,1024,768,768,0.4951499309720304,0.45,0.3371507502892087,0.5590389688947571,0.4032497979959949,0.5585247161273799,0.8423550389537641,0.4899267399267399,-0.08209427572731887,0.9999999993342811,0.9821753532110042,0.7496341080897437,heteroscedastic,rbf
2,mae_b16|2,vit_sup_b16|2,0.1,1.0,546,1024,768,768,0.2865843516231989,0.26666666666666666,0.12279395814871213,0.2482585493268364,0.22404247622310228,0.5279603858960129,0.3542928284287094,0.1426739926739927,-0.42043042260145314,0.9999999886989687,0.9415711840813159,0.5741769813832642,heteroscedastic,rbf
2,clip_b16|2,convnext_s|2,1.0,0.1,546,102,768,768,0.2515520876446879,0.2833333333333333,0.18873264141303137,0.3181478108534483,0.16456094672847577,0.3903355246307521,0.5647178134432724,0.3402930402930403,-0.4213819893574795,0.9999999985048087,0.9710443500322161,0.6635724756678245,heteroscedastic,rbf
2,clip_b16|2,dinov2_b|2,1.0,0.1,546,102,768,768,0.27545693182481057,0.3,0.2769892319296461,0.36828047751620524,0.20751967520103967,0.4383164005805515,0.6668575933984544,0.3661172161172161,-0.2551592342224722,0.9999999983537803,0.9695277585900708,0.6812710186185423,heteroscedastic,rbf
2,clip_b16|2,mae_b16|2,1.0,0.1,546,102,768,768,0.27506054183483847,0.23333333333333334,0.07822751419265712,0.40487251517058154,0.203940224752562,0.6956373260479808,0.4785925450494693,0.16575091575091574,-0.3201987070578953,0.9999999878293614,0.9308596120959302,0.5561636079020497,heteroscedastic,rbf
2,clip_b16|2,vit_sup_b16|2,1.0,0.1,546,102,768,768,0.41013808371689914,0.4166666666666667,0.30893131435084353,0.5033097546651162,0.3338040258171364,0.5103730897293606,0.6523239913523439,0.35915750915750916,-0.20480816701895777,0.9999999986317321,0.9736949308324957,0.68950199472587,heteroscedastic,rbf
2,convnext_s|2,dinov2_b|2,1.0,0.1,546,102,768,768,0.46193961649893467,0.3333333333333333,0.3646674949198654,0.5827405154018162,0.4152878585329548,0.41526509007086143,0.712780926505191,0.38956043956043956,-0.3025126704190809,0.9999999992032224,0.9798027434427358,0.7120509797877589,heteroscedastic,rbf
2,convnext_s|2,mae_b16|2,1.0,0.1,546,102,768,768,0.05073986316628657,0.18333333333333332,-0.03754689925329614,0.1184940483621022,-0.03645580737178078,0.33637838299325534,0.30914138982136935,0.13589743589743591,-0.5426005270302393,0.9999999885820784,0.9390882398110393,0.5543116771687077,heteroscedastic,rbf
2,convnext_s|2,vit_sup_b16|2,1.0,0.1,546,102,768,768,0.5115955877655216,0.5333333333333333,0.4391977026487149,0.5767552256087292,0.4325615070384751,0.6318620336378383,0.73880045125654,0.45146520146520147,-0.1389872957588647,0.9999999994792832,0.9840641398832125,0.7436357581543721,heteroscedastic,rbf
2,dinov2_b|2,mae_b16|2,1.0,0.1,546,102,768,768,0.15654226817296713,0.26666666666666666,0.1657882426265487,0.18825931452345981,0.0908553893414367,0.39921454793818834,0.3442621661121364,0.14340659340659342,-0.49745707207877354,0.9999999885086552,0.937798207563569,0.5697388875969354,heteroscedastic,rbf
2,dinov2_b|2,vit_sup_b16|2,1.0,0.1,546,102,768,768,0.45192686646351793,0.38333333333333336,0.36239551959709015,0.5815413350000097,0.39187136320783167,0.5854179117220182,0.8423550389537641,0.4899267399267399,-0.08209427572731887,0.9999999993342811,0.9821753532110042,0.7496341080897437,heteroscedastic,rbf
2,mae_b16|2,vit_sup_b16|2,1.0,0.1,546,102,768,768,0.1665926294239706,0.23333333333333334,0.040660666413745716,0.2539439043850514,0.08251257470830375,0.5332536497908307,0.3542928284287094,0.1426739926739927,-0.42043042260145314,0.9999999886989687,0.9415711840813159,0.5741769813832642,heteroscedastic,rbf
2,clip_b16|2,convnext_s|2,1.0,0.25,546,256,768,768,0.29917721993672197,0.3,0.1666753230088631,0.41604550294782217,0.19568863185409016,0.339451891061214,0.5647178134432724,0.3402930402930403,-0.4213819893574795,0.9999999985048087,0.9710443500322161,0.6635724756678245,heteroscedastic,rbf
2,clip_b16|2,dinov2_b|2,1.0,0.25,546,256,768,768,0.3316575323820344,0.35,0.22460763856003277,0.4630648805748693,0.23620515542076229,0.39631179031844954,0.6668575933984544,0.3661172161172161,-0.2551592342224722,0.9999999983537803,0.9695277585900708,0.6812710186185423,heteroscedastic,rbf
2,clip_b16|2,mae_b16|2,1.0,0.25,546,256,768,768,0.30917419215053377,0.3333333333333333,0.1238435021991003,0.4090984112674923,0.2386647879801984,0.6908563134978228,0.4785925450494693,0.16575091575091574,-0.3201987070578953,0.9999999878293614,0.9308596120959302,0.5561636079020497,heteroscedastic,rbf
2,clip_b16|2,vit_sup_b16|2,1.0,0.25,546,256,768,768,0.44605318348106515,0.45,0.27533188685555704,0.5814771031666572,0.3506452643414094,0.49073678818406896,0.6523239913523439,0.35915750915750916,-0.20480816701895777,0.9999999986317321,0.9736949308324957,0.68950199472587,heteroscedastic,rbf
2,convnext_s|2,dinov2_b|2,1.0,0.25,546,256,768,768,0.5523807010575029,0.35,0.39063544321041155,0.6989023896755425,0.4904650682372848,0.41816784769060017,0.712780926505191,0.38956043956043956,-0.3025126704190809,0.9999999992032224,0.9798027434427358,0.7120509797877589,heteroscedastic,rbf
2,convnext_s|2,mae_b16|2,1.0,0.25,546,256,768,768,0.08466606851685698,0.21666666666666667,-0.016560331440260184,0.15184880161551437,-0.010904096351735844,0.42329036113719803,0.30914138982136935,0.13589743589743591,-0.5426005270302393,0.9999999885820784,0.9390882398110393,0.5543116771687077,heteroscedastic,rbf
2,convnext_s|2,vit_sup_b16|2,1.0,0.25,546,256,768,768,0.5551995422209506,0.5333333333333333,0.4297992513372252,0.6662832305484365,0.4686425833995257,0.6472295739776317,0.73880045125654,0.45146520146520147,-0.1389872957588647,0.9999999994792832,0.9840641398832125,0.7436357581543721,heteroscedastic,rbf
2,dinov2_b|2,mae_b16|2,1.0,0.25,546,256,768,768,0.23085691904699737,0.26666666666666666,0.2329799089592423,0.2105349143300941,0.15835203524731992,0.41142320498591306,0.3442621661121364,0.14340659340659342,-0.49745707207877354,0.9999999885086552,0.937798207563569,0.5697388875969354,heteroscedastic,rbf
2,dinov2_b|2,vit_sup_b16|2,1.0,0.25,546,256,768,768,0.5136000377778827,0.43333333333333335,0.33320956860684353,0.6925719235953963,0.4305857653113422,0.5533168274566721,0.8423550389537641,0.4899267399267399,-0.08209427572731887,0.9999999993342811,0.9821753532110042,0.7496341080897437,heteroscedastic,rbf
2,mae_b16|2,vit_sup_b16|2,1.0,0.25,546,256,768,768,0.21384314956430434,0.25,0.08874380180438907,0.28444620569993284,0.13486816271769894,0.5066165798685222,0.3542928284287094,0.1426739926739927,-0.42043042260145314,0.9999999886989687,0.9415711840813159,0.5741769813832642,heteroscedastic,rbf
2,clip_b16|2,convnext_s|2,1.0,1.0,546,1024,768,768,0.2845267347964855,0.3333333333333333,0.14180256674623914,0.3801974374849718,0.1614736269652323,0.3769316144454879,0.5647178134432724,0.3402930402930403,-0.4213819893574795,0.9999999985048087,0.9710443500322161,0.6635724756678245,heteroscedastic,rbf
2,clip_b16|2,dinov2_b|2,1.0,1.0,546,1024,768,768,0.31749354859319046,0.35,0.21698298858027779,0.3996529805385923,0.20290003446883614,0.4285836250320157,0.6668575933984544,0.3661172161172161,-0.2551592342224722,0.9999999983537803,0.9695277585900708,0.6812710186185423,heteroscedastic,rbf
2,clip_b16|2,mae_b16|2,1.0,1.0,546,1024,768,768,0.35927844244011786,0.35,0.15962540622656388,0.4301541647781111,0.28508345257421397,0.7003329633740288,0.4785925450494693,0.16575091575091574,-0.3201987070578953,0.9999999878293614,0.9308596120959302,0.5561636079020497,heteroscedastic,rbf
2,clip_b16|2,vit_sup_b16|2,1.0,1.0,546,1024,768,768,0.42603679454665144,0.43333333333333335,0.23228045254757948,0.5314287756937806,0.31203878243557953,0.5461453086314352,0.6523239913523439,0.35915750915750916,-0.20480816701895777,0.9999999986317321,0.9736949308324957,0.68950199472587,heteroscedastic,rbf
2,convnext_s|2,dinov2_b|2,1.0,1.0,546,1024,768,768,0.5794764429901194,0.4,0.4154539251060462,0.7164192484372813,0.5035397460243987,0.46461196960642015,0.712780926505191,0.38956043956043956,-0.3025126704190809,0.9999999992032224,0.9798027434427358,0.7120509797877589,heteroscedastic,rbf
2,convnext_s|2,mae_b16|2,1.0,1.0,546,1024,768,768,0.12462867952410979,0.26666666666666666,0.012625260117092457,0.1733720511654028,0.018922348282249528,0.46298984034833085,0.30914138982136935,0.13589743589743591,-0.5426005270302393,0.9999999885820784,0.9390882398110393,0.5543116771687077,heteroscedastic,rbf
2,convnext_s|2,vit_sup_b16|2,1.0,1.0,546,1024,768,768,0.5813784482734674,0.5333333333333333,0.4297845145885725,0.7053417706035474,0.4894870049862778,0.6453513190472125,0.73880045125654,0.45146520146520147,-0.1389872957588647,0.9999999994792832,0.9840641398832125,0.7436357581543721,heteroscedastic,rbf
2,dinov2_b|2,mae_b16|2,1.0,1.0,546,1024,768,768,0.25856905158069876,0.3,0.2577232693800376,0.20948486348920162,0.17509796856999252,0.4282421241355758,0.3442621661121364,0.14340659340659342,-0.49745707207877354,0.9999999885086552,0.937798207563569,0.5697388875969354,heteroscedastic,rbf
2,dinov2_b|2,vit_sup_b16|2,1.0,1.0,546,1024,768,768,0.5210889474692985,0.5,0.3311618794099046,0.6975965285766029,0.4200860780246987,0.5643302313668572,0.8423550389537641,0.4899267399267399,-0.08209427572731887,0.9999999993342811,0.9821753532110042,0.7496341080897437,heteroscedastic,rbf
2,mae_b16|2,vit_sup_b16|2,1.0,1.0,546,1024,768,768,0.2718106994741652,0.3,0.14816560726816444,0.2845981279492535,0.18882687609601895,0.5152394775036284,0.3542928284287094,0.1426739926739927,-0.42043042260145314,0.9999999886989687,0.9415711840813159,0.5741769813832642,heteroscedastic,rbf
2,clip_b16|2,convnext_s|2,10.0,0.1,546,102,768,768,0.30193344981513837,0.2833333333333333,0.18815071955769627,0.44409526530400234,0.21927174721414586,0.40186117988559716,0.5647178134432724,0.3402930402930403,-0.4213819893574795,0.9999999985048087,0.9710443500322161,0.6635724756678245,heteroscedastic,rbf
2,clip_b16|2,dinov2_b|2,10.0,0.1,546,102,768,768,0.3469759638221217,0.2833333333333333,0.2848759084891041,0.46861115975043416,0.2864189650205118,0.444121915820029,0.6668575933984544,0.3661172161172161,-0.2551592342224722,0.9999999983537803,0.9695277585900708,0.6812710186185423,heteroscedastic,rbf
2,clip_b16|2,mae_b16|2,10.0,0.1,546,102,768,768,0.21380848280134107,0.23333333333333334,0.06223886077025391,0.3888503032440706,0.13336376974584138,0.6993938359088192,0.4785925450494693,0.16575091575091574,-0.3201987070578953,0.9999999878293614,0.9308596120959302,0.5561636079020497,heteroscedastic,rbf
2,clip_b16|2,vit_sup_b16|2,10.0,0.1,546,102,768,768,0.4241969561026558,0.38333333333333336,0.2942355410480453,0.5710117826316563,0.3443815906518358,0.5498164432681636,0.6523239913523439,0.35915750915750916,-0.20480816701895777,0.9999999986317321,0.9736949308324957,0.68950199472587,heteroscedastic,rbf
2,convnext_s|2,dinov2_b|2,10.0,0.1,546,102,768,768,0.5569477692993591,0.3333333333333333,0.39181761799867415,0.7039560386161781,0.5248823505777414,0.4436950396994792,0.712780926505191,0.38956043956043956,-0.3025126704190809,0.9999999992032224,0.9798027434427358,0.7120509797877589,heteroscedastic,rbf
2,convnext_s|2,mae_b16|2,10.0,0.1,546,102,768,768,0.050040083444676225,0.2,-0.03595101720407575,0.1760485637343159,-0.04118008694430304,0.3455135319730214,0.30914138982136935,0.13589743589743591,-0.5426005270302393,0.9999999885820784,0.9390882398110393,0.5543116771687077,heteroscedastic,rbf
2,convnext_s|2,vit_sup_b16|2,10.0,0.1,546,102,768,768,0.5788770524362568,0.5333333333333333,0.4491910153997226,0.6991336242756115,0.5099104648830228,0.6596089814735764,0.73880045125654,0.45146520146520147,-0.1389872957588647,0.9999999994792832,0.9840641398832125,0.7436357581543721,heteroscedastic,rbf
2,dinov2_b|2,mae_b16|2,10.0,0.1,546,102,768,768,0.17981233281203557,0.25,0.18269740369040535,0.268266486147288,0.11519022721357997,0.4140698369333219,0.3442621661121364,0.14340659340659342,-0.49745707207877354,0.9999999885086552,0.937798207563569,0.5697388875969354,heteroscedastic,rbf
2,dinov2_b|2,vit_sup_b16|2,10.0,0.1,546,102,768,768,0.5403511120864224,0.38333333333333336,0.3610652584565125,0.7036644819465261,0.4968815802608709,0.5663792367454964,0.8423550389537641,0.4899267399267399,-0.08209427572731887,0.9999999993342811,0.9821753532110042,0.7496341080897437,heteroscedastic,rbf
2,mae_b16|2,vit_sup_b16|2,10.0,0.1,546,102,768,768,0.16244772902146948,0.26666666666666666,0.04683752069659533,0.30972394554369315,0.07496085887560135,0.5505848202851533,0.3542928284287094,0.1426739926739927,-0.42043042260145314,0.9999999886989687,0.9415711840813159,0.5741769813832642,heteroscedastic,rbf
2,clip_b16|2,convnext_s|2,10.0,0.25,546,256,768,768,0.3079967444354012,0.31666666666666665,0.15529891248186437,0.48418319030579654,0.21456299939980325,0.30828993426107737,0.5647178134432724,0.3402930402930403,-0.4213819893574795,0.9999999985048087,0.9710443500322161,0.6635724756678245,heteroscedastic,rbf
2,clip_b16|2,dinov2_b|2,10.0,0.25,546,256,768,768,0.35433715093653034,0.35,0.21605026022042945,0.5431865524233692,0.2705387266889639,0.4103133270724836,0.6668575933984544,0.3661172161172161,-0.2551592342224722,0.9999999983537803,0.9695277585900708,0.6812710186185423,heteroscedastic,rbf
2,clip_b16|2,mae_b16|2,10.0,0.25,546,256,768,768,0.27716604768346575,0.26666666666666666,0.1259203054604506,0.42932697047206764,0.20298206840288394,0.6753180227098096,0.4785925450494693,0.16575091575091574,-0.3201987070578953,0.9999999878293614,0.9308596120959302,0.5561636079020497,heteroscedastic,rbf
2,clip_b16|2,vit_sup_b16|2,10.0,0.25,546,256,768,768,0.41734193706093625,0.4166666666666667,0.2351012818994447,0.6050043859171426,0.3225541473185076,0.5094339622641509,0.6523239913523439,0.35915750915750916,-0.20480816701895777,0.9999999986317321,0.9736949308324957,0.68950199472587,heteroscedastic,rbf
2,convnext_s|2,dinov2_b|2,10.0,0.25,546,256,768,768,0.6154963208231133,0.4166666666666667,0.4074058631771963,0.7846898677634112,0.5689641782967086,0.41868009903525993,0.712780926505191,0.38956043956043956,-0.3025126704190809,0.9999999992032224,0.9798027434427358,0.7120509797877589,heteroscedastic,rbf
2,convnext_s|2,mae_b16|2,10.0,0.25,546,256,768,768,0.09353364870457971,0.21666666666666667,-0.014438239634269844,0.23569145149700663,0.0017448070879069076,0.3684794672586015,0.30914138982136935,0.13589743589743591,-0.5426005270302393,0.9999999885820784,0.9390882398110393,0.5543116771687077,heteroscedastic,rbf
2,convnext_s|2,vit_sup_b16|2,10.0,0.25,546,256,768,768,0.6054521818116162,0.5833333333333334,0.434636499224254,0.7577934857191689,0.5318844025927973,0.6602066080423461,0.73880045125654,0.45146520146520147,-0.1389872957588647,0.9999999994792832,0.9840641398832125,0.7436357581543721,heteroscedastic,rbf
2,dinov2_b|2,mae_b16|2,10.0,0.25,546,256,768,768,0.24833857871827422,0.2833333333333333,0.24172095750766356,0.311848064345775,0.17868369005698406,0.42038760351745924,0.3442621661121364,0.14340659340659342,-0.49745707207877354,0.9999999885086552,0.937798207563569,0.5697388875969354,heteroscedastic,rbf
2,dinov2_b|2,vit_sup_b16|2,10.0,0.25,546,256,768,768,0.5775653821260615,0.43333333333333335,0.31578929396776356,0.804564314078026,0.5119337498323774,0.5449500554938956,0.8423550389537641,0.4899267399267399,-0.08209427572731887,0.9999999993342811,0.9821753532110042,0.7496341080897437,heteroscedastic,rbf
2,mae_b16|2,vit_sup_b16|2,10.0,0.25,546,256,768,768,0.21933466481851338,0.23333333333333334,0.08996910853992789,0.36855695366846153,0.1422741862835325,0.47605224963715526,0.3542928284287094,0.1426739926739927,-0.42043042260145314,0.9999999886989687,0.9415711840813159,0.5741769813832642,heteroscedastic,rbf
2,clip_b16|2,convnext_s|2,10.0,1.0,546,1024,768,768,0.26870507973633256,0.3,0.12248448642700521,0.44995264996806555,0.15031876199199395,0.3667719627764023,0.5647178134432724,0.3402930402930403,-0.4213819893574795,0.9999999985048087,0.9710443500322161,0.6635724756678245,heteroscedastic,rbf
2,clip_b16|2,dinov2_b|2,10.0,1.0,546,1024,768,768,0.30523340342612065,0.3333333333333333,0.19712144572536344,0.47589672526564747,0.19497511892550567,0.41936310082813966,0.6668575933984544,0.3661172161172161,-0.2551592342224722,0.9999999983537803,0.9695277585900708,0.6812710186185423,heteroscedastic,rbf
2,clip_b16|2,mae_b16|2,10.0,1.0,546,1024,768,768,0.3149378192717202,0.3333333333333333,0.14697696268781044,0.4671880057384161,0.23289061988996956,0.7073337317510459,0.4785925450494693,0.16575091575091574,-0.3201987070578953,0.9999999878293614,0.9308596120959302,0.5561636079020497,heteroscedastic,rbf
2,clip_b16|2,vit_sup_b16|2,10.0,1.0,546,1024,768,768,0.371192586646074,0.38333333333333336,0.18436840721446518,0.5703549423184172,0.2505076442136508,0.5404251686160676,0.6523239913523439,0.35915750915750916,-0.20480816701895777,0.9999999986317321,0.9736949308324957,0.68950199472587,heteroscedastic,rbf
2,convnext_s|2,dinov2_b|2,10.0,1.0,546,1024,768,768,0.623571398809441,0.4166666666666667,0.42870765363824265,0.7759660677187841,0.5687292331095958,0.4652949713992999,0.712780926505191,0.38956043956043956,-0.3025126704190809,0.9999999992032224,0.9798027434427358,0.7120509797877589,heteroscedastic,rbf
2,convnext_s|2,mae_b16|2,10.0,1.0,546,1024,768,768,0.13064130733696483,0.3,0.020974167378194034,0.27287553909358825,0.02524443013286508,0.4401946555109707,0.30914138982136935,0.13589743589743591,-0.5426005270302393,0.9999999885820784,0.9390882398110393,0.5543116771687077,heteroscedastic,rbf
2,convnext_s|2,vit_sup_b16|2,10.0,1.0,546,1024,768,768,0.5977532715368654,0.55,0.4135985325073805,0.758714514355675,0.5154695946874679,0.6481687014428413,0.73880045125654,0.45146520146520147,-0.1389872957588647,0.9999999994792832,0.9840641398832125,0.7436357581543721,heteroscedastic,rbf
2,dinov2_b|2,mae_b16|2,10.0,1.0,546,1024,768,768,0.27174119928110907,0.3333333333333333,0.2530869444807372,0.3406038183311508,0.189595734585441,0.41219158200290273,0.3442621661121364,0.14340659340659342,-0.49745707207877354,0.9999999885086552,0.937798207563569,0.5697388875969354,heteroscedastic,rbf
2,dinov2_b|2,vit_sup_b16|2,10.0,1.0,546,1024,768,768,0.5526406462240172,0.43333333333333335,0.2896491773210064,0.7769876331379288,0.471700079270302,0.555792708955861,0.8423550389537641,0.4899267399267399,-0.08209427572731887,0.9999999993342811,0.9821753532110042,0.7496341080897437,heteroscedastic,rbf
2,mae_b16|2,vit_sup_b16|2,10.0,1.0,546,1024,768,768,0.26318000883335785,0.3333333333333333,0.14232446330828147,0.3870780631812239,0.1746704441652617,0.5027746947835738,0.3542928284287094,0.1426739926739927,-0.42043042260145314,0.9999999886989687,0.9415711840813159,0.5741769813832642,heteroscedastic,rbf
2,clip_b16|2,convnext_s|2,0.1,0.1,546,102,768,768,0.27197053325148124,0.25,0.27197053325148124,,0.2056202797218605,0.41688721932895073,0.5647178134432724,0.3402930402930403,-0.4213819893574795,0.9999999985048087,0.9710443500322161,0.6635724756678245,homoscedastic,rbf
2,clip_b16|2,dinov2_b|2,0.1,0.1,546,102,768,768,0.32481501337503715,0.2,0.32481501337503715,,0.2913909506143321,0.39101852642363183,0.6668575933984544,0.3661172161172161,-0.2551592342224722,0.9999999983537803,0.9695277585900708,0.6812710186185423,homoscedastic,rbf
2,clip_b16|2,mae_b16|2,0.1,0.1,546,102,768,768,0.20702496395823322,0.15,0.20702496395823322,,0.14736342571375174,0.6438145650132332,0.4785925450494693,0.16575091575091574,-0.3201987070578953,0.9999999878293614,0.9308596120959302,0.5561636079020497,homoscedastic,rbf
2,clip_b16|2,vit_sup_b16|2,0.1,0.1,546,102,768,768,0.39987288853580144,0.3333333333333333,0.39987288853580144,,0.3367370488653176,0.5159224792965081,0.6523239913523439,0.35915750915750916,-0.20480816701895777,0.9999999986317321,0.9736949308324957,0.68950199472587,homoscedastic,rbf
2,convnext_s|2,dinov2_b|2,0.1,0.1,546,102,768,768,0.4915785877182991,0.3,0.4915785877182991,,0.48359310381186543,0.3938359088192606,0.712780926505191,0.38956043956043956,-0.3025126704190809,0.9999999992032224,0.9798027434427358,0.7120509797877589,homoscedastic,rbf
2,convnext_s|2,mae_b16|2,0.1,0.1,546,102,768,768,0.02932241478448551,0.11666666666666667,0.02932241478448551,,-0.030327617281727937,0.269785708187484,0.30914138982136935,0.13589743589743591,-0.5426005270302393,0.9999999885820784,0.9390882398110393,0.5543116771687077,homoscedastic,rbf
2,convnext_s|2,vit_sup_b16|2,0.1,0.1,546,102,768,768,0.5183434398428884,0.4666666666666667,0.5183434398428884,,0.45918899283985953,0.6214462562964227,0.73880045125654,0.45146520146520147,-0.1389872957588647,0.9999999994792832,0.9840641398832125,0.7436357581543721,homoscedastic,rbf
2,dinov2_b|2,mae_b16|2,0.1,0.1,546,102,768,768,0.16690401917783104,0.2,0.16690401917783104,,0.13341342762058497,0.34713566123111067,0.3442621661121364,0.14340659340659342,-0.49745707207877354,0.9999999885086552,0.937798207563569,0.5697388875969354,homoscedastic,rbf
2,dinov2_b|2,vit_sup_b16|2,0.1,0.1,546,102,768,768,0.46066894630262856,0.2833333333333333,0.46066894630262856,,0.4352068644245954,0.58131990096474,0.8423550389537641,0.4899267399267399,-0.08209427572731887,0.9999999993342811,0.9821753532110042,0.7496341080897437,homoscedastic,rbf
2,mae_b16|2,vit_sup_b16|2,0.1,0.1,546,102,768,768,0.1213712260311834,0.18333333333333332,0.1213712260311834,,0.05906282829524662,0.49500554938956715,0.3542928284287094,0.1426739926739927,-0.42043042260145314,0.9999999886989687,0.9415711840813159,0.5741769813832642,homoscedastic,rbf
2,clip_b16|2,convnext_s|2,0.1,0.25,546,256,768,768,0.32625001736115933,0.2833333333333333,0.32625001736115933,,0.2480423968871732,0.38051737385810636,0.5647178134432724,0.3402930402930403,-0.4213819893574795,0.9999999985048087,0.9710443500322161,0.6635724756678245,homoscedastic,rbf
2,clip_b16|2,dinov2_b|2,0.1,0.25,546,256,768,768,0.3678800774446595,0.3333333333333333,0.3678800774446595,,0.3093253186544364,0.37300435413642963,0.6668575933984544,0.3661172161172161,-0.2551592342224722,0.9999999983537803,0.9695277585900708,0.6812710186185423,homoscedastic,rbf
2,clip_b16|2,mae_b16|2,0.1,0.25,546,256,768,768,0.23889560804335563,0.2,0.23889560804335563,,0.17666186348867935,0.6476564500981815,0.4785925450494693,0.16575091575091574,-0.3201987070578953,0.9999999878293614,0.9308596120959302,0.5561636079020497,homoscedastic,rbf
2,clip_b16|2,vit_sup_b16|2,0.1,0.25,546,256,768,768,0.4461622948952636,0.4,0.4461622948952636,,0.3698975713361622,0.5158371040723981,0.6523239913523439,0.35915750915750916,-0.20480816701895777,0.9999999986317321,0.9736949308324957,0.68950199472587,homoscedastic,rbf
2,convnext_s|2,dinov2_b|2,0.1,0.25,546,256,768,768,0.5698875830210639,0.31666666666666665,0.5698875830210639,,0.544110813042331,0.4003244258516178,0.712780926505191,0.38956043956043956,-0.3025126704190809,0.9999999992032224,0.9798027434427358,0.7120509797877589,homoscedastic,rbf
2,convnext_s|2,mae_b16|2,0.1,0.25,546,256,768,768,0.08452640146222627,0.16666666666666666,0.08452640146222627,,0.016631960843635524,0.3480747886963203,0.30914138982136935,0.13589743589743591,-0.5426005270302393,0.9999999885820784,0.9390882398110393,0.5543116771687077,homoscedastic,rbf
2,convnext_s|2,vit_sup_b16|2,0.1,0.25,546,256,768,768,0.5673029091747477,0.5333333333333333,0.5673029091747477,,0.5000084221505624,0.6363015452915562,0.73880045125654,0.45146520146520147,-0.1389872957588647,0.9999999994792832,0.9840641398832125,0.7436357581543721,homoscedastic,rbf
2,dinov2_b|2,mae_b16|2,0.1,0.25,546,256,768,768,0.237166381017725,0.21666666666666667,0.237166381017725,,0.19127819588347156,0.38393238282250486,0.3442621661121364,0.14340659340659342,-0.49745707207877354,0.9999999885086552,0.937798207563569,0.5697388875969354,homoscedastic,rbf
2,dinov2_b|2,vit_sup_b16|2,0.1,0.25,546,256,768,768,0.5284540790391083,0.38333333333333336,0.5284540790391083,,0.48215324420145866,0.5727823785537437,0.8423550389537641,0.4899267399267399,-0.08209427572731887,0.9999999993342811,0.9821753532110042,0.7496341080897437,homoscedastic,rbf
2,mae_b16|2,vit_sup_b16|2,0.1,0.25,546,256,768,768,0.19275986877741325,0.2,0.19275986877741325,,0.13395135147078094,0.5108853410740203,0.3542928284287094,0.1426739926739927,-0.42043042260145314,0.9999999886989687,0.9415711840813159,0.5741769813832642,homoscedastic,rbf
2,clip_b16|2,convnext_s|2,0.1,1.0,546,1024,768,768,0.3221179503276398,0.26666666666666666,0.3221179503276398,,0.21687832515436783,0.3648083326218731,0.5647178134432724,0.3402930402930403,-0.4213819893574795,0.9999999985048087,0.9710443500322161,0.6635724756678245,homoscedastic,rbf
2,clip_b16|2,dinov2_b|2,0.1,1.0,546,1024,768,768,0.35767577132158695,0.3,0.35767577132158695,,0.26688059658285285,0.41620421753607106,0.6668575933984544,0.3661172161172161,-0.2551592342224722,0.9999999983537803,0.9695277585900708,0.6812710186185423,homoscedastic,rbf
2,clip_b16|2,mae_b16|2,0.1,1.0,546,1024,768,768,0.2682439673443537,0.2,0.2682439673443537,,0.19256003990713907,0.7128831213181934,0.4785925450494693,0.16575091575091574,-0.3201987070578953,0.9999999878293614,0.9308596120959302,0.5561636079020497,homoscedastic,rbf
2,clip_b16|2,vit_sup_b16|2,0.1,1.0,546,1024,768,768,0.4358474329095358,0.38333333333333336,0.4358474329095358,,0.33171496788243876,0.5281311363442329,0.6523239913523439,0.35915750915750916,-0.20480816701895777,0.9999999986317321,0.9736949308324957,0.68950199472587,homoscedastic,rbf
2,convnext_s|2,dinov2_b|2,0.1,1.0,546,1024,768,768,0.6109673637982327,0.4,0.6109673637982327,,0.5656903315972037,0.4472807991120976,0.712780926505191,0.38956043956043956,-0.3025126704190809,0.9999999992032224,0.9798027434427358,0.7120509797877589,homoscedastic,rbf
2,convnext_s|2,mae_b16|2,0.1,1.0,546,1024,768,768,0.12238845107903075,0.21666666666666667,0.12238845107903075,,0.0369722930205456,0.43558439340903266,0.30914138982136935,0.13589743589743591,-0.5426005270302393,0.9999999885820784,0.9390882398110393,0.5543116771687077,homoscedastic,rbf
2,convnext_s|2,vit_sup_b16|2,0.1,1.0,546,1024,768,768,0.6124917013658371,0.55,0.6124917013658371,,0.5394492438549474,0.639631179031845,0.73880045125654,0.45146520146520147,-0.1389872957588647,0.9999999994792832,0.9840641398832125,0.7436357581543721,homoscedastic,rbf
2,dinov2_b|2,mae_b16|2,0.1,1.0,546,1024,768,768,0.2702162506006961,0.2833333333333333,0.2702162506006961,,0.20515410821931163,0.446512422095108,0.3442621661121364,0.14340659340659342,-0.49745707207877354,0.9999999885086552,0.937798207563569,0.5697388875969354,homoscedastic,rbf
2,dinov2_b|2,vit_sup_b16|2,0.1,1.0,546,1024,768,768,0.5704698624162844,0.43333333333333335,0.5704698624162844,,0.5063507025787167,0.565013233159737,0.8423550389537641,0.4899267399267399,-0.08209427572731887,0.9999999993342811,0.9821753532110042,0.7496341080897437,homoscedastic,rbf
2,mae_b16|2,vit_sup_b16|2,0.1,1.0,546,1024,768,768,0.2336610379473276,0.23333333333333334,0.2336610379473276,,0.16066473591599492,0.5389737898061983,0.3542928284287094,0.1426739926739927,-0.42043042260145314,0.9999999886989687,0.9415711840813159,0.5741769813832642,homoscedastic,rbf
2,clip_b16|2,convnext_s|2,1.0,0.1,546,102,768,768,0.3268137411492809,0.26666666666666666,0.3268137411492809,,0.2531713772009978,0.404593187057116,0.5647178134432724,0.3402930402930403,-0.4213819893574795,0.9999999985048087,0.9710443500322161,0.6635724756678245,homoscedastic,rbf
2,clip_b16|2,dinov2_b|2,1.0,0.1,546,102,768,768,0.3764946013738927,0.26666666666666666,0.3764946013738927,,0.32858798015464236,0.43088875608298466,0.6668575933984544,0.3661172161172161,-0.2551592342224722,0.9999999983537803,0.9695277585900708,0.6812710186185423,homoscedastic,rbf
2,clip_b16|2,mae_b16|2,1.0,0.1,546,102,768,768,0.20429867860744058,0.2,0.20429867860744058,,0.13049010280638454,0.6742081447963801,0.4785925450494693,0.16575091575091574,-0.3201987070578953,0.9999999878293614,0.9308596120959302,0.5561636079020497,homoscedastic,rbf
2,clip_b16|2,vit_sup_b16|2,1.0,0.1,546,102,768,768,0.4475760766002127,0.35,0.4475760766002127,,0.3771288079331846,0.5505848202851533,0.6523239913523439,0.35915750915750916,-0.20480816701895777,0.9999999986317321,0.9736949308324957,0.68950199472587,homoscedastic,rbf
2,convnext_s|2,dinov2_b|2,1.0,0.1,546,102,768,768,0.5638438440106778,0.3333333333333333,0.5638438440106778,,0.5408895409796689,0.453342440023905,0.712780926505191,0.38956043956043956,-0.3025126704190809,0.9999999992032224,0.9798027434427358,0.7120509797877589,homoscedastic,rbf
2,convnext_s|2,mae_b16|2,1.0,0.1,546,102,768,768,0.0629577304381401,0.16666666666666666,0.0629577304381401,,-0.018654079088150168,0.3356953812003757,0.30914138982136935,0.13589743589743591,-0.5426005270302393,0.9999999885820784,0.9390882398110393,0.5543116771687077,homoscedastic,rbf
2,convnext_s|2,vit_sup_b16|2,1.0,0.1,546,102,768,768,0.5840685113014201,0.5166666666666667,0.5840685113014201,,0.5208947721924945,0.6574746008708273,0.73880045125654,0.45146520146520147,-0.1389872957588647,0.9999999994792832,0.9840641398832125,0.7436357581543721,homoscedastic,rbf
2,dinov2_b|2,mae_b16|2,1.0,0.1,546,102,768,768,0.2026469517970883,0.2,0.2026469517970883,,0.15033305412628137,0.4153504652949714,0.3442621661121364,0.14340659340659342,-0.49745707207877354,0.9999999885086552,0.937798207563569,0.5697388875969354,homoscedastic,rbf
2,dinov2_b|2,vit_sup_b16|2,1.0,0.1,546,102,768,768,0.5512758090994697,0.3333333333333333,0.5512758090994697,,0.5185924260292726,0.5706479979509946,0.8423550389537641,0.4899267399267399,-0.08209427572731887,0.9999999993342811,0.9821753532110042,0.7496341080897437,homoscedastic,rbf
2,mae_b16|2,vit_sup_b16|2,1.0,0.1,546,102,768,768,0.17275214653374035,0.23333333333333334,0.17275214653374035,,0.09525853340680658,0.5565610859728507,0.3542928284287094,0.1426739926739927,-0.42043042260145314,0.9999999886989687,0.9415711840813159,0.5741769813832642,homoscedastic,rbf
2,clip_b16|2,convnext_s|2,1.0,0.25,546,256,768,768,0.3334715929766471,0.3,0.3334715929766471,,0.25098074302618595,0.3259626056518398,0.5647178134432724,0.3402930402930403,-0.4213819893574795,0.9999999985048087,0.9710443500322161,0.6635724756678245,homoscedastic,rbf
2,clip_b16|2,dinov2_b|2,1.0,0.25,546,256,768,768,0.3901207503354176,0.3333333333333333,0.3901207503354176,,0.32021738336251193,0.40356868436779647,0.6668575933984544,0.3661172161172161,-0.2551592342224722,0.9999999983537803,0.9695277585900708,0.6812710186185423,homoscedastic,rbf
2,clip_b16|2,mae_b16|2,1.0,0.25,546,256,768,768,0.26707185297736935,0.23333333333333334,0.26707185297736935,,0.198902393254346,0.6494493298044908,0.4785925450494693,0.16575091575091574,-0.3201987070578953,0.9999999878293614,0.9308596120959302,0.5561636079020497,homoscedastic,rbf
2,clip_b16|2,vit_sup_b16|2,1.0,0.25,546,256,768,768,0.44347734299261937,0.4,0.44347734299261937,,0.35858425326186977,0.5152394775036284,0.6523239913523439,0.35915750915750916,-0.20480816701895777,0.9999999986317321,0.9736949308324957,0.68950199472587,homoscedastic,rbf
2,convnext_s|2,dinov2_b|2,1.0,0.25,546,256,768,768,0.6251911810866141,0.4,0.6251911810866141,,0.5891997987142477,0.42354648680952783,0.712780926505191,0.38956043956043956,-0.3025126704190809,0.9999999992032224,0.9798027434427358,0.7120509797877589,homoscedastic,rbf
2,convnext_s|2,mae_b16|2,1.0,0.25,546,256,768,768,0.11658887941355392,0.2,0.11658887941355392,,0.038222198499223814,0.37112609920601036,0.30914138982136935,0.13589743589743591,-0.5426005270302393,0.9999999885820784,0.9390882398110393,0.5543116771687077,homoscedastic,rbf
2,convnext_s|2,vit_sup_b16|2,1.0,0.25,546,256,768,768,0.6174653818482828,0.5333333333333333,0.6174653818482828,,0.5520003628452052,0.6710492615043114,0.73880045125654,0.45146520146520147,-0.1389872957588647,0.9999999994792832,0.9840641398832125,0.7436357581543721,homoscedastic,rbf
2,dinov2_b|2,mae_b16|2,1.0,0.25,546,256,768,768,0.2773064369623249,0.2833333333333333,0.2773064369623249,,0.22047680747554463,0.4279859984632459,0.3442621661121364,0.14340659340659342,-0.49745707207877354,0.9999999885086552,0.937798207563569,0.5697388875969354,homoscedastic,rbf
2,dinov2_b|2,vit_sup_b16|2,1.0,0.25,546,256,768,768,0.598296661935172,0.43333333333333335,0.598296661935172,,0.5455391514424446,0.5550243319388712,0.8423550389537641,0.4899267399267399,-0.08209427572731887,0.9999999993342811,0.9821753532110042,0.7496341080897437,homoscedastic,rbf
2,mae_b16|2,vit_sup_b16|2,1.0,0.25,546,256,768,768,0.23353898205272788,0.21666666666666667,0.23353898205272788,,0.16697471320389767,0.49654230342354644,0.3542928284287094,0.1426739926739927,-0.42043042260145314,0.9999999886989687,0.9415711840813159,0.5741769813832642,homoscedastic,rbf
2,clip_b16|2,convnext_s|2,1.0,1.0,546,1024,768,768,0.3148219300609168,0.2833333333333333,0.3148219300609168,,0.21019368977478733,0.37010159651669083,0.5647178134432724,0.3402930402930403,-0.4213819893574795,0.9999999985048087,0.9710443500322161,0.6635724756678245,homoscedastic,rbf
2,clip_b16|2,dinov2_b|2,1.0,1.0,546,1024,768,768,0.36233867316298096,0.31666666666666665,0.36233867316298096,,0.27004630432751975,0.4343037650473833,0.6668575933984544,0.3661172161172161,-0.2551592342224722,0.9999999983537803,0.9695277585900708,0.6812710186185423,homoscedastic,rbf
2,clip_b16|2,mae_b16|2,1.0,1.0,546,1024,768,768,0.3028971191586643,0.23333333333333334,0.3028971191586643,,0.22488461836027362,0.7208230171604199,0.4785925450494693,0.16575091575091574,-0.3201987070578953,0.9999999878293614,0.9308596120959302,0.5561636079020497,homoscedastic,rbf
2,clip_b16|2,vit_sup_b16|2,1.0,1.0,546,1024,768,768,0.40814413373370484,0.36666666666666664,0.40814413373370484,,0.29856669581241196,0.5508409459574831,0.6523239913523439,0.35915750915750916,-0.20480816701895777,0.9999999986317321,0.9736949308324957,0.68950199472587,homoscedastic,rbf
2,convnext_s|2,dinov2_b|2,1.0,1.0,546,1024,768,768,0.6398437217881161,0.4166666666666667,0.6398437217881161,,0.5960812426164903,0.4705028600700077,0.712780926505191,0.38956043956043956,-0.3025126704190809,0.9999999992032224,0.9798027434427358,0.7120509797877589,homoscedastic,rbf
2,convnext_s|2,mae_b16|2,1.0,1.0,546,1024,768,768,0.1590993863871844,0.25,0.1590993863871844,,0.06922475453077065,0.42277810979253816,0.30914138982136935,0.13589743589743591,-0.5426005270302393,0.9999999885820784,0.9390882398110393,0.5543116771687077,homoscedastic,rbf
2,convnext_s|2,vit_sup_b16|2,1.0,1.0,546,1024,768,768,0.6304626957297103,0.5833333333333334,0.6304626957297103,,0.5609331655320098,0.6496200802527106,0.73880045125654,0.45146520146520147,-0.1389872957588647,0.9999999994792832,0.9840641398832125,0.7436357581543721,homoscedastic,rbf
2,dinov2_b|2,mae_b16|2,1.0,1.0,546,1024,768,768,0.3060892391367753,0.2833333333333333,0.3060892391367753,,0.2390143619178207,0.41859472381115004,0.3442621661121364,0.14340659340659342,-0.49745707207877354,0.9999999885086552,0.937798207563569,0.5697388875969354,homoscedastic,rbf
2,dinov2_b|2,vit_sup_b16|2,1.0,1.0,546,1024,768,768,0.5925956460990168,0.43333333333333335,0.5925956460990168,,0.5297127273716321,0.5437548023563561,0.8423550389537641,0.4899267399267399,-0.08209427572731887,0.9999999993342811,0.9821753532110042,0.7496341080897437,homoscedastic,rbf
2,mae_b16|2,vit_sup_b16|2,1.0,1.0,546,1024,768,768,0.2763688232467312,0.25,0.2763688232467312,,0.19952935126762847,0.5074703321096218,0.3542928284287094,0.1426739926739927,-0.42043042260145314,0.9999999886989687,0.9415711840813159,0.5741769813832642,homoscedastic,rbf
2,clip_b16|2,convnext_s|2,10.0,0.1,546,102,768,768,0.3273276314656429,0.26666666666666666,0.3273276314656429,,0.25348507496479655,0.4059591906428754,0.5647178134432724,0.3402930402930403,-0.4213819893574795,0.9999999985048087,0.9710443500322161,0.6635724756678245,homoscedastic,rbf
2,clip_b16|2,dinov2_b|2,10.0,0.1,546,102,768,768,0.38170011583365504,0.3,0.38170011583365504,,0.33109552053156244,0.4401946555109707,0.6668575933984544,0.3661172161172161,-0.2551592342224722,0.9999999983537803,0.9695277585900708,0.6812710186185423,homoscedastic,rbf
2,clip_b16|2,mae_b16|2,10.0,0.1,546,102,768,768,0.2070956308211967,0.21666666666666667,0.2070956308211967,,0.1296938996722799,0.669768633142662,0.4785925450494693,0.16575091575091574,-0.3201987070578953,0.9999999878293614,0.9308596120959302,0.5561636079020497,homoscedastic,rbf
2,clip_b16|2,vit_sup_b16|2,10.0,0.1,546,102,768,768,0.4394902763618787,0.36666666666666664,0.4394902763618787,,0.3667761254563548,0.5502433193887134,0.6523239913523439,0.35915750915750916,-0.20480816701895777,0.9999999986317321,0.9736949308324957,0.68950199472587,homoscedastic,rbf
2,convnext_s|2,dinov2_b|2,10.0,0.1,546,102,768,768,0.5836506768074355,0.36666666666666664,0.5836506768074355,,0.5594131678829201,0.4518056859899257,0.712780926505191,0.38956043956043956,-0.3025126704190809,0.9999999992032224,0.9798027434427358,0.7120509797877589,homoscedastic,rbf
2,convnext_s|2,mae_b16|2,10.0,0.1,546,102,768,768,0.07221886727463131,0.18333333333333332,0.07221886727463131,,-0.014192672699843234,0.3424400239050627,0.30914138982136935,0.13589743589743591,-0.5426005270302393,0.9999999885820784,0.9390882398110393,0.5543116771687077,homoscedastic,rbf
2,convnext_s|2,vit_sup_b16|2,10.0,0.1,546,102,768,768,0.5981411059475165,0.5333333333333333,0.5981411059475165,,0.5356102015796163,0.6629386152138649,0.73880045125654,0.45146520146520147,-0.1389872957588647,0.9999999994792832,0.9840641398832125,0.7436357581543721,homoscedastic,rbf
2,dinov2_b|2,mae_b16|2,10.0,0.1,546,102,768,768,0.2165264347956522,0.23333333333333334,0.2165264347956522,,0.16020490837101242,0.4392555280457611,0.3442621661121364,0.14340659340659342,-0.49745707207877354,0.9999999885086552,0.937798207563569,0.5697388875969354,homoscedastic,rbf
2,dinov2_b|2,vit_sup_b16|2,10.0,0.1,546,102,768,768,0.5688376912158088,0.36666666666666664,0.5688376912158088,,0.5351495719250564,0.5760266370699222,0.8423550389537641,0.4899267399267399,-0.08209427572731887,0.9999999993342811,0.9821753532110042,0.7496341080897437,homoscedastic,rbf
2,mae_b16|2,vit_sup_b16|2,10.0,0.1,546,102,768,768,0.18623712843646786,0.25,0.18623712843646786,,0.10489755711694694,0.5571587125416203,0.3542928284287094,0.1426739926739927,-0.42043042260145314,0.9999999886989687,0.9415711840813159,0.5741769813832642,homoscedastic,rbf
2,clip_b16|2,convnext_s|2,10.0,0.25,546,256,768,768,0.32771652143478175,0.2833333333333333,0.32771652143478175,,0.24683296148262523,0.3187910868266029,0.5647178134432724,0.3402930402930403,-0.4213819893574795,0.9999999985048087,0.9710443500322161,0.6635724756678245,homoscedastic,rbf
2,clip_b16|2,dinov2_b|2,10.0,0.25,546,256,768,768,0.3829749527082019,0.35,0.3829749527082019,,0.31292861363307733,0.4238879877059677,0.6668575933984544,0.3661172161172161,-0.2551592342224722,0.9999999983537803,0.9695277585900708,0.6812710186185423,homoscedastic,rbf
2,clip_b16|2,mae_b16|2,10.0,0.25,546,256,768,768,0.27632021200058887,0.23333333333333334,0.27632021200058887,,0.20793976186241678,0.6639631179031845,0.4785925450494693,0.16575091575091574,-0.3201987070578953,0.9999999878293614,0.9308596120959302,0.5561636079020497,homoscedastic,rbf
2,clip_b16|2,vit_sup_b16|2,10.0,0.25,546,256,768,768,0.4288514134761486,0.4166666666666667,0.4288514134761486,,0.34288354163754464,0.53487577904892,0.6523239913523439,0.35915750915750916,-0.20480816701895777,0.9999999986317321,0.9736949308324957,0.68950199472587,homoscedastic,rbf
2,convnext_s|2,dinov2_b|2,10.0,0.25,546,256,768,768,0.6399964999902777,0.4166666666666667,0.6399964999902777,,0.60554227091951,0.43652352087424223,0.712780926505191,0.38956043956043956,-0.3025126704190809,0.9999999992032224,0.9798027434427358,0.7120509797877589,homoscedastic,rbf
2,convnext_s|2,mae_b16|2,10.0,0.25,546,256,768,768,0.1276121878116328,0.21666666666666667,0.1276121878116328,,0.04874886583528739,0.35183129855715867,0.30914138982136935,0.13589743589743591,-0.5426005270302393,0.9999999885820784,0.9390882398110393,0.5543116771687077,homoscedastic,rbf
2,convnext_s|2,vit_sup_b16|2,10.0,0.25,546,256,768,768,0.6316510879196886,0.55,0.6316510879196886,,0.5694556527104705,0.6666951250747033,0.73880045125654,0.45146520146520147,-0.1389872957588647,0.9999999994792832,0.9840641398832125,0.7436357581543721,homoscedastic,rbf
2,dinov2_b|2,mae_b16|2,10.0,0.25,546,256,768,768,0.28155844877346875,0.26666666666666666,0.28155844877346875,,0.22329651431616113,0.42679074532570643,0.3442621661121364,0.14340659340659342,-0.49745707207877354,0.9999999885086552,0.937798207563569,0.5697388875969354,homoscedastic,rbf
2,dinov2_b|2,vit_sup_b16|2,10.0,0.25,546,256,768,768,0.608023466731852,0.43333333333333335,0.608023466731852,,0.5570145685704155,0.5516093229744728,0.8423550389537641,0.4899267399267399,-0.08209427572731887,0.9999999993342811,0.9821753532110042,0.7496341080897437,homoscedastic,rbf
2,mae_b16|2,vit_sup_b16|2,10.0,0.25,546,256,768,768,0.24474351317642545,0.21666666666666667,0.24474351317642545,,0.17709879445118096,0.4838213950311619,0.3542928284287094,0.1426739926739927,-0.42043042260145314,0.9999999886989687,0.9415711840813159,0.5741769813832642,homoscedastic,rbf
2,clip_b16|2,convnext_s|2,10.0,1.0,546,1024,768,768,0.29856221822838397,0.25,0.29856221822838397,,0.19564247409386593,0.3846153846153846,0.5647178134432724,0.3402930402930403,-0.4213819893574795,0.9999999985048087,0.9710443500322161,0.6635724756678245,homoscedastic,rbf
2,clip_b16|2,dinov2_b|2,10.0,1.0,546,1024,768,768,0.3469213525593126,0.2833333333333333,0.3469213525593126,,0.2561248905029278,0.41424058738154185,0.6668575933984544,0.3661172161172161,-0.2551592342224722,0.9999999983537803,0.9695277585900708,0.6812710186185423,homoscedastic,rbf
2,clip_b16|2,mae_b16|2,10.0,1.0,546,1024,768,768,0.3043097897494159,0.25,0.3043097897494159,,0.22619103610462926,0.7198838896952104,0.4785925450494693,0.16575091575091574,-0.3201987070578953,0.9999999878293614,0.9308596120959302,0.5561636079020497,homoscedastic,rbf
2,clip_b16|2,vit_sup_b16|2,10.0,1.0,546,1024,768,768,0.3870286306350851,0.36666666666666664,0.3870286306350851,,0.2768148695365127,0.5519508238709127,0.6523239913523439,0.35915750915750916,-0.20480816701895777,0.9999999986317321,0.9736949308324957,0.68950199472587,homoscedastic,rbf
2,convnext_s|2,dinov2_b|2,10.0,1.0,546,1024,768,768,0.6479224108955858,0.4,0.6479224108955858,,0.609588549142009,0.4716127379834372,0.712780926505191,0.38956043956043956,-0.3025126704190809,0.9999999992032224,0.9798027434427358,0.7120509797877589,homoscedastic,rbf
2,convnext_s|2,mae_b16|2,10.0,1.0,546,1024,768,768,0.16716601990561084,0.23333333333333334,0.16716601990561084,,0.07813662944951148,0.42491249039528733,0.30914138982136935,0.13589743589743591,-0.5426005270302393,0.9999999885820784,0.9390882398110393,0.5543116771687077,homoscedastic,rbf
2,convnext_s|2,vit_sup_b16|2,10.0,1.0,546,1024,768,768,0.6270288528579245,0.5666666666666667,0.6270288528579245,,0.5599637796482487,0.6497908307009305,0.73880045125654,0.45146520146520147,-0.1389872957588647,0.9999999994792832,0.9840641398832125,0.7436357581543721,homoscedastic,rbf
2,dinov2_b|2,mae_b16|2,10.0,1.0,546,1024,768,768,0.3088791357753772,0.3,0.3088791357753772,,0.24328107443598757,0.3963971655425595,0.3442621661121364,0.14340659340659342,-0.49745707207877354,0.9999999885086552,0.937798207563569,0.5697388875969354,homoscedastic,rbf
2,dinov2_b|2,vit_sup_b16|2,10.0,1.0,546,1024,768,768,0.5852757924327567,0.43333333333333335,0.5852757924327567,,0.5250184175296819,0.5473405617689746,0.8423550389537641,0.4899267399267399,-0.08209427572731887,0.9999999993342811,0.9821753532110042,0.7496341080897437,homoscedastic,rbf
2,mae_b16|2,vit_sup_b16|2,10.0,1.0,546,1024,768,768,0.2850027916744213,0.26666666666666666,0.2850027916744213,,0.20803878593569403,0.5219841202083155,0.3542928284287094,0.1426739926739927,-0.42043042260145314,0.9999999886989687,0.9415711840813159,0.5741769813832642,homoscedastic,rbf
3,clip_b16|2,convnext_s|2,0.1,0.1,546,102,768,768,0.30102222506173626,0.3,0.1838138022590717,0.20783661879160928,0.24310614162907146,0.42713224622214635,0.5548446743655916,0.3272893772893773,-0.4755031626132261,0.9999999985287177,0.9713972762937649,0.6583053151278413,heteroscedastic,rbf
3,clip_b16|2,dinov2_b|2,0.1,0.1,546,102,768,768,0.37186586629407303,0.2833333333333333,0.240630438107363,0.3025612583183715,0.3280488895996066,0.4029710577990267,0.6643639868609343,0.3717948717948718,-0.3051566757387867,0.9999999983531119,0.969423764629978,0.6776106295761639,heteroscedastic,rbf
3,clip_b16|2,mae_b16|2,0.1,0.1,546,102,768,768,0.3078167439353998,0.25,0.15447760831914623,0.3763608421519451,0.26084501368945834,0.6434730641167933,0.4468307088038997,0.16721611721611723,-0.36950264791286436,0.9999999871447837,0.929558745706223,0.5527109866737522,heteroscedastic,rbf
3,clip_b16|2,vit_sup_b16|2,0.1,0.1,546,102,768,768,0.490768529912583,0.43333333333333335,0.2251744642338212,0.47745336978350245,0.44193802215966266,0.5052505762827627,0.6401625140103847,0.3586080586080586,-0.2519638731224839,0.999999998674335,0.9740086316414409,0.6838657451070946,heteroscedastic,rbf
3,convnext_s|2,dinov2_b|2,0.1,0.1,546,102,768,768,0.4097441937338715,0.26666666666666666,0.39607222516457985,0.33191241347204054,0.37445151200207505,0.38393238282250486,0.7270338793988392,0.40897435897435896,-0.3163946910865697,0.9999999991731178,0.9796453084381215,0.7118216795812099,heteroscedastic,rbf
3,convnext_s|2,mae_b16|2,0.1,0.1,546,102,768,768,0.14079650221250614,0.2,0.07044399487376807,0.1341749937653231,0.09642932171353649,0.3389396397165543,0.29447149449578036,0.1358974358974359,-0.554201532137588,0.9999999878822736,0.9370889883999066,0.5552009794090994,heteroscedastic,rbf
3,convnext_s|2,vit_sup_b16|2,0.1,0.1,546,102,768,768,0.4958358217661715,0.36666666666666664,0.42356740382159835,0.42351035905874107,0.43814083542045895,0.621104755399983,0.7528047704490082,0.46886446886446886,-0.12978372284868533,0.9999999994724249,0.9842263658155689,0.7421837136161493,heteroscedastic,rbf
3,dinov2_b|2,mae_b16|2,0.1,0.1,546,102,768,768,0.2597833327314798,0.2,0.2327559822662999,0.19744390815518076,0.22805309702893511,0.3145223256211047,0.33777126067776897,0.16117216117216118,-0.4650946386069815,0.9999999877042307,0.9356026687264705,0.5721814232221908,heteroscedastic,rbf
3,dinov2_b|2,vit_sup_b16|2,0.1,0.1,546,102,768,768,0.4301529726471462,0.31666666666666665,0.31023389915858557,0.42282726747447974,0.37599272909543846,0.6034320840092205,0.8479179459212033,0.49230769230769234,-0.07103958623813222,0.9999999992929128,0.9820382273692724,0.7495250887264872,heteroscedastic,rbf
3,mae_b16|2,vit_sup_b16|2,0.1,0.1,546,102,768,768,0.23303003619454496,0.23333333333333334,0.14598277130309342,0.2340320360457878,0.19609522849075722,0.38444463416716473,0.33064641027881986,0.14413919413919415,-0.38912910494182096,0.9999999879875917,0.9398256590289178,0.5725555953961452,heteroscedastic,rbf
3,clip_b16|2,convnext_s|2,0.1,0.25,546,256,768,768,0.2918779774388262,0.3,0.1356695632764537,0.20594876142872817,0.21204590662700748,0.3937505335951507,0.5548446743655916,0.3272893772893773,-0.4755031626132261,0.9999999985287177,0.9713972762937649,0.6583053151278413,heteroscedastic,rbf
3,clip_b16|2,dinov2_b|2,0.1,0.25,546,256,768,768,0.37002569451581807,0.3,0.2438013550979536,0.29483779926099873,0.30913631247039036,0.38956714761376243,0.6643639868609343,0.3717948717948718,-0.3051566757387867,0.9999999983531119,0.969423764629978,0.6776106295761639,heteroscedastic,rbf
3,clip_b16|2,mae_b16|2,0.1,0.25,546,256,768,768,0.3486075794654984,0.26666666666666666,0.17755355954482138,0.3964587035390902,0.3037419797245658,0.6427900623239136,0.4468307088038997,0.16721611721611723,-0.36950264791286436,0.9999999871447837,0.929558745706223,0.5527109866737522,heteroscedastic,rbf
3,clip_b16|2,vit_sup_b16|2,0.1,0.25,546,256,768,768,0.4997536104266956,0.43333333333333335,0.26782117710319014,0.4784481253939436,0.43841778198180426,0.5376077862204388,0.6401625140103847,0.3586080586080586,-0.2519638731224839,0.999999998674335,0.9740086316414409,0.6838657451070946,heteroscedastic,rbf
3,convnext_s|2,dinov2_b|2,0.1,0.25,546,256,768,768,0.43364353789871635,0.31666666666666665,0.3439634413614887,0.40923860422550506,0.3722785971570174,0.3777853666865875,0.7270338793988392,0.40897435897435896,-0.3163946910865697,0.9999999991731178,0.9796453084381215,0.7118216795812099,heteroscedastic,rbf
3,convnext_s|2,mae_b16|2,0.1,0.25,546,256,768,768,0.1029881194114428,0.21666666666666667,-0.027611814631111325,0.12031934950467481,0.03980206269040532,0.399897549731068,0.29447149449578036,0.1358974358974359,-0.554201532137588,0.9999999878822736,0.9370889883999066,0.5552009794090994,heteroscedastic,rbf
3,convnext_s|2,vit_sup_b16|2,0.1,0.25,546,256,768,768,0.503796343878733,0.4166666666666667,0.3660243540945966,0.472677872608167,0.425955842992738,0.6172628703150345,0.7528047704490082,0.46886446886446886,-0.12978372284868533,0.9999999994724249,0.9842263658155689,0.7421837136161493,heteroscedastic,rbf
3,dinov2_b|2,mae_b16|2,0.1,0.25,546,256,768,768,0.27523093119703107,0.18333333333333332,0.23963660615553992,0.16952484361643094,0.2327081035015948,0.3990437974899683,0.33777126067776897,0.16117216117216118,-0.4650946386069815,0.9999999877042307,0.9356026687264705,0.5721814232221908,heteroscedastic,rbf
3,dinov2_b|2,vit_sup_b16|2,0.1,0.25,546,256,768,768,0.4717959216553379,0.38333333333333336,0.32921195596012526,0.47965791801169516,0.40122614845137805,0.5730385042260736,0.8479179459212033,0.49230769230769234,-0.07103958623813222,0.9999999992929128,0.9820382273692724,0.7495250887264872,heteroscedastic,rbf
3,mae_b16|2,vit_sup_b16|2,0.1,0.25,546,256,768,768,0.22504818068939078,0.23333333333333334,0.08433320076250095,0.23637007477981745,0.17505472757186777,0.49193204132160845,0.33064641027881986,0.14413919413919415,-0.38912910494182096,0.9999999879875917,0.9398256590289178,0.5725555953961452,heteroscedastic,rbf
3,clip_b16|2,convnext_s|2,0.1,1.0,546,1024,768,768,0.3338316495323598,0.3,0.14403212898752607,0.2710429769611584,0.23767155756627414,0.3543925552804576,0.5548446743655916,0.3272893772893773,-0.4755031626132261,0.9999999985287177,0.9713972762937649,0.6583053151278413,heteroscedastic,rbf
3,clip_b16|2,dinov2_b|2,0.1,1.0,546,1024,768,768,0.39022813952260976,0.3333333333333333,0.21015484189355718,0.34084566514716486,0.3063506588272852,0.4064714419875352,0.6643639868609343,0.3717948717948718,-0.3051566757387867,0.9999999983531119,0.969423764629978,0.6776106295761639,heteroscedastic,rbf
3,clip_b16|2,mae_b16|2,0.1,1.0,546,1024,768,768,0.4055076264100734,0.3,0.16322440779387098,0.42565346814198807,0.35144044660877916,0.6750618970374797,0.4468307088038997,0.16721611721611723,-0.36950264791286436,0.9999999871447837,0.929558745706223,0.5527109866737522,heteroscedastic,rbf
3,clip_b16|2,vit_sup_b16|2,0.1,1.0,546,1024,768,768,0.5163926010905585,0.45,0.2504731484757979,0.5000473360684923,0.43651153211169136,0.5475966874413045,0.6401625140103847,0.3586080586080586,-0.2519638731224839,0.999999998674335,0.9740086316414409,0.6838657451070946,heteroscedastic,rbf
3,convnext_s|2,dinov2_b|2,0.1,1.0,546,1024,768,768,0.5327102575284931,0.38333333333333336,0.393156146095813,0.5675980003233932,0.4583112662050745,0.4086058225902843,0.7270338793988392,0.40897435897435896,-0.3163946910865697,0.9999999991731178,0.9796453084381215,0.7118216795812099,heteroscedastic,rbf
3,convnext_s|2,mae_b16|2,0.1,1.0,546,1024,768,768,0.1660954058205717,0.23333333333333334,0.019440107786736247,0.12294615221994988,0.08767983752468402,0.4123623324511227,0.29447149449578036,0.1358974358974359,-0.554201532137588,0.9999999878822736,0.9370889883999066,0.5552009794090994,heteroscedastic,rbf
3,convnext_s|2,vit_sup_b16|2,0.1,1.0,546,1024,768,768,0.5720019777832717,0.48333333333333334,0.43106876831872215,0.5792518890442553,0.4894969948964685,0.6272517715359003,0.7528047704490082,0.46886446886446886,-0.12978372284868533,0.9999999994724249,0.9842263658155689,0.7421837136161493,heteroscedastic,rbf
3,dinov2_b|2,mae_b16|2,0.1,1.0,546,1024,768,768,0.3029139525387571,0.25,0.2512308330162836,0.1433327775883404,0.24472297577986382,0.3889695210449927,0.33777126067776897,0.16117216117216118,-0.4650946386069815,0.9999999877042307,0.9356026687264705,0.5721814232221908,heteroscedastic,rbf
3,dinov2_b|2,vit_sup_b16|2,0.1,1.0,546,1024,768,768,0.5251109030858419,0.5,0.3458015811812439,0.5707224601127295,0.43708708219297054,0.5679159907794757,0.8479179459212033,0.49230769230769234,-0.07103958623813222,0.9999999992929128,0.9820382273692724,0.7495250887264872,heteroscedastic,rbf
3,mae_b16|2,vit_sup_b16|2,0.1,1.0,546,1024,768,768,0.31183919955333206,0.26666666666666666,0.145118694625993,0.2521409447497318,0.25330058976200465,0.5259113805173738,0.33064641027881986,0.14413919413919415,-0.38912910494182096,0.9999999879875917,0.9398256590289178,0.5725555953961452,heteroscedastic,rbf
3,clip_b16|2,convnext_s|2,1.0,0.1,546,102,768,768,0.3005509459748499,0.2833333333333333,0.18429112914226195,0.35432094524683033,0.19816846299106516,0.4084350721420643,0.5548446743655916,0.3272893772893773,-0.4755031626132261,0.9999999985287177,0.9713972762937649,0.6583053151278413,heteroscedastic,rbf
3,clip_b16|2,dinov2_b|2,1.0,0.1,546,102,768,768,0.35648471245753455,0.36666666666666664,0.27165273175289495,0.42574227563331885,0.2707332018019465,0.4104840775207034,0.6643639868609343,0.3717948717948718,-0.3051566757387867,0.9999999983531119,0.969423764629978,0.6776106295761639,heteroscedastic,rbf
3,clip_b16|2,mae_b16|2,1.0,0.1,546,102,768,768,0.31257792382756616,0.3,0.14629547792084605,0.39478588318351954,0.245502334612844,0.6714761376248612,0.4468307088038997,0.16721611721611723,-0.36950264791286436,0.9999999871447837,0.929558745706223,0.5527109866737522,heteroscedastic,rbf
3,clip_b16|2,vit_sup_b16|2,1.0,0.1,546,102,768,768,0.42963791566087683,0.45,0.22480568608460946,0.5560803947967746,0.33093918208303047,0.5182276103474771,0.6401625140103847,0.3586080586080586,-0.2519638731224839,0.999999998674335,0.9740086316414409,0.6838657451070946,heteroscedastic,rbf
3,convnext_s|2,dinov2_b|2,1.0,0.1,546,102,768,768,0.4804400012222256,0.36666666666666664,0.4046267280410314,0.5455497253530586,0.4092121701606925,0.4182532229147101,0.7270338793988392,0.40897435897435896,-0.3163946910865697,0.9999999991731178,0.9796453084381215,0.7118216795812099,heteroscedastic,rbf
3,convnext_s|2,mae_b16|2,1.0,0.1,546,102,768,768,0.15210792252200697,0.23333333333333334,0.08122734112571868,0.17288724045801204,0.07854483030533323,0.4070690685563049,0.29447149449578036,0.1358974358974359,-0.554201532137588,0.9999999878822736,0.9370889883999066,0.5552009794090994,heteroscedastic,rbf
3,convnext_s|2,vit_sup_b16|2,1.0,0.1,546,102,768,768,0.5530371473254091,0.5166666666666667,0.43790338479753416,0.6289734719735566,0.47062218983644033,0.6313497822931785,0.7528047704490082,0.46886446886446886,-0.12978372284868533,0.9999999994724249,0.9842263658155689,0.7421837136161493,heteroscedastic,rbf
3,dinov2_b|2,mae_b16|2,1.0,0.1,546,102,768,768,0.27036352878757997,0.23333333333333334,0.2863679144319675,0.20690609501452056,0.21221033909036546,0.3622470758985742,0.33777126067776897,0.16117216117216118,-0.4650946386069815,0.9999999877042307,0.9356026687264705,0.5721814232221908,heteroscedastic,rbf
3,dinov2_b|2,vit_sup_b16|2,1.0,0.1,546,102,768,768,0.4771793810538362,0.43333333333333335,0.3501241211641098,0.6029523184759517,0.39023338253181805,0.5760266370699222,0.8479179459212033,0.49230769230769234,-0.07103958623813222,0.9999999992929128,0.9820382273692724,0.7495250887264872,heteroscedastic,rbf
3,mae_b16|2,vit_sup_b16|2,1.0,0.1,546,102,768,768,0.27005747238186767,0.2833333333333333,0.2048399076904442,0.26512415315214927,0.2135984261735064,0.43191325877230424,0.33064641027881986,0.14413919413919415,-0.38912910494182096,0.9999999879875917,0.9398256590289178,0.5725555953961452,heteroscedastic,rbf
3,clip_b16|2,convnext_s|2,1.0,0.25,546,256,768,768,0.26384684401901115,0.3333333333333333,0.11731368481437358,0.37845759260764206,0.13600271025534286,0.4131307094681123,0.5548446743655916,0.3272893772893773,-0.4755031626132261,0.9999999985287177,0.9713972762937649,0.6583053151278413,heteroscedastic,rbf
3,clip_b16|2,dinov2_b|2,1.0,0.25,546,256,768,768,0.34256267378520494,0.38333333333333336,0.26002004557249664,0.4192006823096315,0.24033230087246918,0.41611884231196106,0.6643639868609343,0.3717948717948718,-0.3051566757387867,0.9999999983531119,0.969423764629978,0.6776106295761639,heteroscedastic,rbf
3,clip_b16|2,mae_b16|2,1.0,0.25,546,256,768,768,0.3261123503120842,0.31666666666666665,0.1718414519938731,0.40518082797067334,0.2600589463036494,0.6941005720140014,0.4468307088038997,0.16721611721611723,-0.36950264791286436,0.9999999871447837,0.929558745706223,0.5527109866737522,heteroscedastic,rbf
3,clip_b16|2,vit_sup_b16|2,1.0,0.25,546,256,768,768,0.43128564246011786,0.4666666666666667,0.24863968128366426,0.5742870475949506,0.32243959148705065,0.567403739434816,0.6401625140103847,0.3586080586080586,-0.2519638731224839,0.999999998674335,0.9740086316414409,0.6838657451070946,heteroscedastic,rbf
3,convnext_s|2,dinov2_b|2,1.0,0.25,546,256,768,768,0.5174838263439621,0.43333333333333335,0.352761280307157,0.6647042445233285,0.43402003392631844,0.42038760351745924,0.7270338793988392,0.40897435897435896,-0.3163946910865697,0.9999999991731178,0.9796453084381215,0.7118216795812099,heteroscedastic,rbf
3,convnext_s|2,mae_b16|2,1.0,0.25,546,256,768,768,0.07532526479240219,0.25,-0.01999650990659957,0.1349809636394762,-0.01775527884719645,0.47545462306838554,0.29447149449578036,0.1358974358974359,-0.554201532137588,0.9999999878822736,0.9370889883999066,0.5552009794090994,heteroscedastic,rbf
3,convnext_s|2,vit_sup_b16|2,1.0,0.25,546,256,768,768,0.5512857535715376,0.5333333333333333,0.39371434538014616,0.6843457806248304,0.45364787404137885,0.6553402202680781,0.7528047704490082,0.46886446886446886,-0.12978372284868533,0.9999999994724249,0.9842263658155689,0.7421837136161493,heteroscedastic,rbf
3,dinov2_b|2,mae_b16|2,1.0,0.25,546,256,768,768,0.2521723115897544,0.26666666666666666,0.2698929483040249,0.18903288921209602,0.18302047778459088,0.4292666268248954,0.33777126067776897,0.16117216117216118,-0.4650946386069815,0.9999999877042307,0.9356026687264705,0.5721814232221908,heteroscedastic,rbf
3,dinov2_b|2,vit_sup_b16|2,1.0,0.25,546,256,768,768,0.5268985747182631,0.4666666666666667,0.36520736312660607,0.6816798802718625,0.43620614711987615,0.5704772475027747,0.8479179459212033,0.49230769230769234,-0.07103958623813222,0.9999999992929128,0.9820382273692724,0.7495250887264872,heteroscedastic,rbf
3,mae_b16|2,vit_sup_b16|2,1.0,0.25,546,256,768,768,0.2242326784241067,0.26666666666666666,0.13659905674025638,0.25605014998133085,0.15468449858343805,0.5362417826346795,0.33064641027881986,0.14413919413919415,-0.38912910494182096,0.9999999879875917,0.9398256590289178,0.5725555953961452,heteroscedastic,rbf
3,clip_b16|2,convnext_s|2,1.0,1.0,546,1024,768,768,0.294281317448104,0.3,0.13674894025704126,0.37494997596891616,0.1741328119912757,0.383761632374285,0.5548446743655916,0.3272893772893773,-0.4755031626132261,0.9999999985287177,0.9713972762937649,0.6583053151278413,heteroscedastic,rbf
3,clip_b16|2,dinov2_b|2,1.0,1.0,546,1024,768,768,0.3345334848152356,0.35,0.19736082803274652,0.40194912894652246,0.22131916836987348,0.41936310082813966,0.6643639868609343,0.3717948717948718,-0.3051566757387867,0.9999999983531119,0.969423764629978,0.6776106295761639,heteroscedastic,rbf
3,clip_b16|2,mae_b16|2,1.0,1.0,546,1024,768,768,0.3804828902302506,0.35,0.1633376291554711,0.4342996314489109,0.30856688758952006,0.7040040980107573,0.4468307088038997,0.16721611721611723,-0.36950264791286436,0.9999999871447837,0.929558745706223,0.5527109866737522,heteroscedastic,rbf
3,clip_b16|2,vit_sup_b16|2,1.0,1.0,546,1024,768,768,0.43069180747724295,0.45,0.19905088150018663,0.534467779217874,0.3179022763651049,0.560488346281909,0.6401625140103847,0.3586080586080586,-0.2519638731224839,0.999999998674335,0.9740086316414409,0.6838657451070946,heteroscedastic,rbf
3,convnext_s|2,dinov2_b|2,1.0,1.0,546,1024,768,768,0.5995638321217558,0.4,0.44341600709232987,0.723852826438046,0.5258677786530495,0.48262614189362246,0.7270338793988392,0.40897435897435896,-0.3163946910865697,0.9999999991731178,0.9796453084381215,0.7118216795812099,heteroscedastic,rbf
3,convnext_s|2,mae_b16|2,1.0,1.0,546,1024,768,768,0.14266656296267488,0.26666666666666666,0.04267313118707566,0.15419521841476394,0.04074067673401689,0.4670024758814991,0.29447149449578036,0.1358974358974359,-0.554201532137588,0.9999999878822736,0.9370889883999066,0.5552009794090994,heteroscedastic,rbf
3,convnext_s|2,vit_sup_b16|2,1.0,1.0,546,1024,768,768,0.5973254925708127,0.5666666666666667,0.4549847142176018,0.7102021655064442,0.5105576214738443,0.665158371040724,0.7528047704490082,0.46886446886446886,-0.12978372284868533,0.9999999994724249,0.9842263658155689,0.7421837136161493,heteroscedastic,rbf
3,dinov2_b|2,mae_b16|2,1.0,1.0,546,1024,768,768,0.2751388753857649,0.3333333333333333,0.2583138176248279,0.20066331935034248,0.19320427973586096,0.402288056006147,0.33777126067776897,0.16117216117216118,-0.4650946386069815,0.9999999877042307,0.9356026687264705,0.5721814232221908,heteroscedastic,rbf
3,dinov2_b|2,vit_sup_b16|2,1.0,1.0,546,1024,768,768,0.5504817513381981,0.5166666666666667,0.3565374822911906,0.7110952672588842,0.453602518390732,0.5889182959105267,0.8479179459212033,0.49230769230769234,-0.07103958623813222,0.9999999992929128,0.9820382273692724,0.7495250887264872,heteroscedastic,rbf
3,mae_b16|2,vit_sup_b16|2,1.0,1.0,546,1024,768,768,0.29076819657832376,0.3,0.16297352363388096,0.28141334609033397,0.210423968142541,0.5188252369162468,0.33064641027881986,0.14413919413919415,-0.38912910494182096,0.9999999879875917,0.9398256590289178,0.5725555953961452,heteroscedastic,rbf
3,clip_b16|2,convnext_s|2,10.0,0.1,546,102,768,768,0.33651554587651633,0.3333333333333333,0.19180723038803837,0.5062471043312083,0.2245079914541787,0.3919576538888414,0.5548446743655916,0.3272893772893773,-0.4755031626132261,0.9999999985287177,0.9713972762937649,0.6583053151278413,heteroscedastic,rbf
3,clip_b16|2,dinov2_b|2,10.0,0.1,546,102,768,768,0.3915495320820335,0.38333333333333336,0.2797194841922312,0.5570014234332809,0.2970267183429408,0.42072910441389905,0.6643639868609343,0.3717948717948718,-0.3051566757387867,0.9999999983531119,0.969423764629978,0.6776106295761639,heteroscedastic,rbf
3,clip_b16|2,mae_b16|2,10.0,0.1,546,102,768,768,0.258946941519282,0.3,0.12982662215210086,0.38993386634584254,0.17741956536307088,0.7003329633740288,0.4468307088038997,0.16721611721611723,-0.36950264791286436,0.9999999871447837,0.929558745706223,0.5527109866737522,heteroscedastic,rbf
3,clip_b16|2,vit_sup_b16|2,10.0,0.1,546,102,768,768,0.409996805546682,0.43333333333333335,0.20179047901801497,0.619269996835884,0.2925078517412742,0.5128489712285494,0.6401625140103847,0.3586080586080586,-0.2519638731224839,0.999999998674335,0.9740086316414409,0.6838657451070946,heteroscedastic,rbf
3,convnext_s|2,dinov2_b|2,10.0,0.1,546,102,768,768,0.5684990236083989,0.4,0.41844764167991033,0.7014325653719482,0.5054079321491134,0.43968240416631094,0.7270338793988392,0.40897435897435896,-0.3163946910865697,0.9999999991731178,0.9796453084381215,0.7118216795812099,heteroscedastic,rbf
3,convnext_s|2,mae_b16|2,10.0,0.1,546,102,768,768,0.1540882613562815,0.25,0.08199473035434153,0.25499842352739444,0.07016191019333247,0.4381456501323316,0.29447149449578036,0.1358974358974359,-0.554201532137588,0.9999999878822736,0.9370889883999066,0.5552009794090994,heteroscedastic,rbf
3,convnext_s|2,vit_sup_b16|2,10.0,0.1,546,102,768,768,0.6166157128214245,0.5666666666666667,0.45764919026059064,0.7648623386140279,0.5412296354404679,0.6295569025868692,0.7528047704490082,0.46886446886446886,-0.12978372284868533,0.9999999994724249,0.9842263658155689,0.7421837136161493,heteroscedastic,rbf
3,dinov2_b|2,mae_b16|2,10.0,0.1,546,102,768,768,0.27712999202775557,0.25,0.29692373966203606,0.2879258954545924,0.21087832675858698,0.3948604115085802,0.33777126067776897,0.16117216117216118,-0.4650946386069815,0.9999999877042307,0.9356026687264705,0.5721814232221908,heteroscedastic,rbf
3,dinov2_b|2,vit_sup_b16|2,10.0,0.1,546,102,768,768,0.5568401023336176,0.43333333333333335,0.3436945855568002,0.7434239867917009,0.47967363182164124,0.5646717322632971,0.8479179459212033,0.49230769230769234,-0.07103958623813222,0.9999999992929128,0.9820382273692724,0.7495250887264872,heteroscedastic,rbf
3,mae_b16|2,vit_sup_b16|2,10.0,0.1,546,102,768,768,0.27452048477912433,0.26666666666666666,0.2160182706928662,0.3456887453819406,0.20905221492715717,0.4903952872876291,0.33064641027881986,0.14413919413919415,-0.38912910494182096,0.9999999879875917,0.9398256590289178,0.5725555953961452,heteroscedastic,rbf
3,clip_b16|2,convnext_s|2,10.0,0.25,546,256,768,768,0.29362431562309893,0.36666666666666664,0.11446014706915723,0.49809524687225876,0.17059157112630116,0.42209510799965844,0.5548446743655916,0.3272893772893773,-0.4755031626132261,0.9999999985287177,0.9713972762937649,0.6583053151278413,heteroscedastic,rbf
3,clip_b16|2,dinov2_b|2,10.0,0.25,546,256,768,768,0.37011830588418304,0.38333333333333336,0.2636258763647892,0.5279367981101318,0.2671540430296787,0.4375480235635618,0.6643639868609343,0.3717948717948718,-0.3051566757387867,0.9999999983531119,0.969423764629978,0.6776106295761639,heteroscedastic,rbf
3,clip_b16|2,mae_b16|2,10.0,0.25,546,256,768,768,0.2881816893935816,0.3,0.16297316420098698,0.4197033662228247,0.21024713944026024,0.7220182702979594,0.4468307088038997,0.16721611721611723,-0.36950264791286436,0.9999999871447837,0.929558745706223,0.5527109866737522,heteroscedastic,rbf
3,clip_b16|2,vit_sup_b16|2,10.0,0.25,546,256,768,768,0.4139042052894591,0.48333333333333334,0.21729605463092444,0.6242359553605513,0.29853512186268516,0.5883206693417571,0.6401625140103847,0.3586080586080586,-0.2519638731224839,0.999999998674335,0.9740086316414409,0.6838657451070946,heteroscedastic,rbf
3,convnext_s|2,dinov2_b|2,10.0,0.25,546,256,768,768,0.6030980086055793,0.45,0.3734894158694296,0.7751478100156418,0.5395874254594101,0.44557329462989836,0.7270338793988392,0.40897435897435896,-0.3163946910865697,0.9999999991731178,0.9796453084381215,0.7118216795812099,heteroscedastic,rbf
3,convnext_s|2,mae_b16|2,10.0,0.25,546,256,768,768,0.10355367653799039,0.25,-0.014792640467722839,0.24941472232718073,0.009490123004962069,0.4636728421412106,0.29447149449578036,0.1358974358974359,-0.554201532137588,0.9999999878822736,0.9370889883999066,0.5552009794090994,heteroscedastic,rbf
3,convnext_s|2,vit_sup_b16|2,10.0,0.25,546,256,768,768,0.6116119211442254,0.6,0.40576577088201776,0.7776930662294433,0.5292121380763094,0.669512507470332,0.7528047704490082,0.46886446886446886,-0.12978372284868533,0.9999999994724249,0.9842263658155689,0.7421837136161493,heteroscedastic,rbf
3,dinov2_b|2,mae_b16|2,10.0,0.25,546,256,768,768,0.28117500326389794,0.3,0.2684890034201837,0.32700286725318706,0.20916392691556712,0.43336463758217364,0.33777126067776897,0.16117216117216118,-0.4650946386069815,0.9999999877042307,0.9356026687264705,0.5721814232221908,heteroscedastic,rbf
3,dinov2_b|2,vit_sup_b16|2,10.0,0.25,546,256,768,768,0.5908721413115036,0.5,0.3495709539402922,0.7823512704917002,0.5150808632186602,0.5680013660035856,0.8479179459212033,0.49230769230769234,-0.07103958623813222,0.9999999992929128,0.9820382273692724,0.7495250887264872,heteroscedastic,rbf
3,mae_b16|2,vit_sup_b16|2,10.0,0.25,546,256,768,768,0.2428401745560404,0.26666666666666666,0.13725286517438517,0.36685732350418715,0.16987032877815303,0.5513531973021428,0.33064641027881986,0.14413919413919415,-0.38912910494182096,0.9999999879875917,0.9398256590289178,0.5725555953961452,heteroscedastic,rbf
3,clip_b16|2,convnext_s|2,10.0,1.0,546,1024,768,768,0.27093986372184364,0.31666666666666665,0.12052629602066453,0.4505229169406992,0.1479188501365446,0.39938529838640824,0.5548446743655916,0.3272893772893773,-0.4755031626132261,0.9999999985287177,0.9713972762937649,0.6583053151278413,heteroscedastic,rbf
3,clip_b16|2,dinov2_b|2,10.0,1.0,546,1024,768,768,0.305864516290323,0.36666666666666664,0.18088442417322798,0.4806928883351918,0.18914225099802484,0.43857252625288135,0.6643639868609343,0.3717948717948718,-0.3051566757387867,0.9999999983531119,0.969423764629978,0.6776106295761639,heteroscedastic,rbf
3,clip_b16|2,mae_b16|2,10.0,1.0,546,1024,768,768,0.3368301023058397,0.38333333333333336,0.15510230268886357,0.4687502356330842,0.25385725380868973,0.6989669597882694,0.4468307088038997,0.16721611721611723,-0.36950264791286436,0.9999999871447837,0.929558745706223,0.5527109866737522,heteroscedastic,rbf
3,clip_b16|2,vit_sup_b16|2,10.0,1.0,546,1024,768,768,0.36821085614126703,0.45,0.15235335991579207,0.5712916100100005,0.24193075942203485,0.5834542815674891,0.6401625140103847,0.3586080586080586,-0.2519638731224839,0.999999998674335,0.9740086316414409,0.6838657451070946,heteroscedastic,rbf
3,convnext_s|2,dinov2_b|2,10.0,1.0,546,1024,768,768,0.6387365520459778,0.45,0.45696015740285295,0.7859644507521967,0.5814454408346841,0.5025185691112439,0.7270338793988392,0.40897435897435896,-0.3163946910865697,0.9999999991731178,0.9796453084381215,0.7118216795812099,heteroscedastic,rbf
3,convnext_s|2,mae_b16|2,10.0,1.0,546,1024,768,768,0.14488134689263024,0.31666666666666665,0.04960479454725923,0.25866857463138604,0.039886794629395116,0.4313156322035345,0.29447149449578036,0.1358974358974359,-0.554201532137588,0.9999999878822736,0.9370889883999066,0.5552009794090994,heteroscedastic,rbf
3,convnext_s|2,vit_sup_b16|2,10.0,1.0,546,1024,768,768,0.6102511951422086,0.55,0.44089638250561036,0.7610128969143306,0.5302128062335872,0.6709638862802015,0.7528047704490082,0.46886446886446886,-0.12978372284868533,0.9999999994724249,0.9842263658155689,0.7421837136161493,heteroscedastic,rbf
3,dinov2_b|2,mae_b16|2,10.0,1.0,546,1024,768,768,0.27877949660971274,0.35,0.2513598694252183,0.33050824974118753,0.19370100432140183,0.39776316912831894,0.33777126067776897,0.16117216117216118,-0.4650946386069815,0.9999999877042307,0.9356026687264705,0.5721814232221908,heteroscedastic,rbf
3,dinov2_b|2,vit_sup_b16|2,10.0,1.0,546,1024,768,768,0.5703672510201416,0.48333333333333334,0.31951481591374764,0.7848462583141824,0.48687628415008877,0.6047980875949799,0.8479179459212033,0.49230769230769234,-0.07103958623813222,0.9999999992929128,0.9820382273692724,0.7495250887264872,heteroscedastic,rbf
3,mae_b16|2,vit_sup_b16|2,10.0,1.0,546,1024,768,768,0.2748214856152378,0.35,0.15508756594021086,0.38264718375526663,0.18607498397421524,0.5035430718005635,0.33064641027881986,0.14413919413919415,-0.38912910494182096,0.9999999879875917,0.9398256590289178,0.5725555953961452,heteroscedastic,rbf
3,clip_b16|2,convnext_s|2,0.1,0.1,546,102,768,768,0.2687271909088636,0.2833333333333333,0.2687271909088636,,0.17853704984243288,0.3871766413386835,0.5548446743655916,0.3272893772893773,-0.4755031626132261,0.9999999985287177,0.9713972762937649,0.6583053151278413,homoscedastic,rbf
3,clip_b16|2,dinov2_b|2,0.1,0.1,546,102,768,768,0.3101497504159733,0.35,0.3101497504159733,,0.2394431259464438,0.3759924869802783,0.6643639868609343,0.3717948717948718,-0.3051566757387867,0.9999999983531119,0.969423764629978,0.6776106295761639,homoscedastic,rbf
3,clip_b16|2,mae_b16|2,0.1,0.1,546,102,768,768,0.23154086539129273,0.2,0.23154086539129273,,0.16703282968872973,0.6526082130965594,0.4468307088038997,0.16721611721611723,-0.36950264791286436,0.9999999871447837,0.929558745706223,0.5527109866737522,homoscedastic,rbf
3,clip_b16|2,vit_sup_b16|2,0.1,0.1,546,102,768,768,0.3767638243439565,0.38333333333333336,0.3767638243439565,,0.2820892504409962,0.5036284470246735,0.6401625140103847,0.3586080586080586,-0.2519638731224839,0.999999998674335,0.9740086316414409,0.6838657451070946,homoscedastic,rbf
3,convnext_s|2,dinov2_b|2,0.1,0.1,546,102,768,768,0.5094215817266159,0.3,0.5094215817266159,,0.47324384853050255,0.3546486809527875,0.7270338793988392,0.40897435897435896,-0.3163946910865697,0.9999999991731178,0.9796453084381215,0.7118216795812099,homoscedastic,rbf
3,convnext_s|2,mae_b16|2,0.1,0.1,546,102,768,768,0.14354639873999647,0.2,0.14354639873999647,,0.08872491338492648,0.3234867241526509,0.29447149449578036,0.1358974358974359,-0.554201532137588,0.9999999878822736,0.9370889883999066,0.5552009794090994,homoscedastic,rbf
3,convnext_s|2,vit_sup_b16|2,0.1,0.1,546,102,768,768,0.5494899708054743,0.48333333333333334,0.5494899708054743,,0.4837188891774053,0.6124818577648765,0.7528047704490082,0.46886446886446886,-0.12978372284868533,0.9999999994724249,0.9842263658155689,0.7421837136161493,homoscedastic,rbf
3,dinov2_b|2,mae_b16|2,0.1,0.1,546,102,768,768,0.25730454806818903,0.2,0.25730454806818903,,0.2173616326342511,0.3298044907367882,0.33777126067776897,0.16117216117216118,-0.4650946386069815,0.9999999877042307,0.9356026687264705,0.5721814232221908,homoscedastic,rbf
3,dinov2_b|2,vit_sup_b16|2,0.1,0.1,546,102,768,768,0.4773346037072325,0.4,0.4773346037072325,,0.4188468187276836,0.5746606334841629,0.8479179459212033,0.49230769230769234,-0.07103958623813222,0.9999999992929128,0.9820382273692724,0.7495250887264872,homoscedastic,rbf
3,mae_b16|2,vit_sup_b16|2,0.1,0.1,546,102,768,768,0.22355123208675576,0.23333333333333334,0.22355123208675576,,0.1748738154026477,0.4528301886792453,0.33064641027881986,0.14413919413919415,-0.38912910494182096,0.9999999879875917,0.9398256590289178,0.5725555953961452,homoscedastic,rbf
3,clip_b16|2,convnext_s|2,0.1,0.25,546,256,768,768,0.29542982063839063,0.2833333333333333,0.29542982063839063,,0.19280409997581277,0.41868009903525993,0.5548446743655916,0.3272893772893773,-0.4755031626132261,0.9999999985287177,0.9713972762937649,0.6583053151278413,homoscedastic,rbf
3,clip_b16|2,dinov2_b|2,0.1,0.25,546,256,768,768,0.3516263656287934,0.36666666666666664,0.3516263656287934,,0.27101991951632504,0.38563988730470417,0.6643639868609343,0.3717948717948718,-0.3051566757387867,0.9999999983531119,0.969423764629978,0.6776106295761639,homoscedastic,rbf
3,clip_b16|2,mae_b16|2,0.1,0.25,546,256,768,768,0.2575744932624812,0.21666666666666667,0.2575744932624812,,0.19259358267128304,0.6707931358319815,0.4468307088038997,0.16721611721611723,-0.36950264791286436,0.9999999871447837,0.929558745706223,0.5527109866737522,homoscedastic,rbf
3,clip_b16|2,vit_sup_b16|2,0.1,0.25,546,256,768,768,0.43199331109253075,0.43333333333333335,0.43199331109253075,,0.33824144183717514,0.562793477332878,0.6401625140103847,0.3586080586080586,-0.2519638731224839,0.999999998674335,0.9740086316414409,0.6838657451070946,homoscedastic,rbf
3,convnext_s|2,dinov2_b|2,0.1,0.25,546,256,768,768,0.562767118797552,0.4,0.562767118797552,,0.5158106370959492,0.3870912661145735,0.7270338793988392,0.40897435897435896,-0.3163946910865697,0.9999999991731178,0.9796453084381215,0.7118216795812099,homoscedastic,rbf
3,convnext_s|2,mae_b16|2,0.1,0.25,546,256,768,768,0.1016790602196117,0.2,0.1016790602196117,,0.03110836157670534,0.3779561171348075,0.29447149449578036,0.1358974358974359,-0.554201532137588,0.9999999878822736,0.9370889883999066,0.5552009794090994,homoscedastic,rbf
3,convnext_s|2,vit_sup_b16|2,0.1,0.25,546,256,768,768,0.5697895271931309,0.5666666666666667,0.5697895271931309,,0.4927687998625039,0.6353624178263467,0.7528047704490082,0.46886446886446886,-0.12978372284868533,0.9999999994724249,0.9842263658155689,0.7421837136161493,homoscedastic,rbf
3,dinov2_b|2,mae_b16|2,0.1,0.25,546,256,768,768,0.26522545895960825,0.2833333333333333,0.26522545895960825,,0.2129140808659167,0.3940920344915906,0.33777126067776897,0.16117216117216118,-0.4650946386069815,0.9999999877042307,0.9356026687264705,0.5721814232221908,homoscedastic,rbf
3,dinov2_b|2,vit_sup_b16|2,0.1,0.25,546,256,768,768,0.5427593409981694,0.43333333333333335,0.5427593409981694,,0.4798328141132202,0.5737215060189532,0.8479179459212033,0.49230769230769234,-0.07103958623813222,0.9999999992929128,0.9820382273692724,0.7495250887264872,homoscedastic,rbf
3,mae_b16|2,vit_sup_b16|2,0.1,0.25,546,256,768,768,0.20501179169942138,0.23333333333333334,0.20501179169942138,,0.14378973587042054,0.5344489029283702,0.33064641027881986,0.14413919413919415,-0.38912910494182096,0.9999999879875917,0.9398256590289178,0.5725555953961452,homoscedastic,rbf
3,clip_b16|2,convnext_s|2,0.1,1.0,546,1024,768,768,0.3174047150130972,0.3,0.3174047150130972,,0.2042347448055566,0.3980192948006488,0.5548446743655916,0.3272893772893773,-0.4755031626132261,0.9999999985287177,0.9713972762937649,0.6583053151278413,homoscedastic,rbf
3,clip_b16|2,dinov2_b|2,0.1,1.0,546,1024,768,768,0.3480739113164203,0.31666666666666665,0.3480739113164203,,0.24804101142517593,0.4339622641509434,0.6643639868609343,0.3717948717948718,-0.3051566757387867,0.9999999983531119,0.969423764629978,0.6776106295761639,homoscedastic,rbf
3,clip_b16|2,mae_b16|2,0.1,1.0,546,1024,768,768,0.28263622954508205,0.21666666666666667,0.28263622954508205,,0.20461523642143337,0.7000768377016989,0.4468307088038997,0.16721611721611723,-0.36950264791286436,0.9999999871447837,0.929558745706223,0.5527109866737522,homoscedastic,rbf
3,clip_b16|2,vit_sup_b16|2,0.1,1.0,546,1024,768,768,0.42263617398937214,0.4,0.42263617398937214,,0.31040371852166543,0.5816614018611799,0.6401625140103847,0.3586080586080586,-0.2519638731224839,0.999999998674335,0.9740086316414409,0.6838657451070946,homoscedastic,rbf
3,convnext_s|2,dinov2_b|2,0.1,1.0,546,1024,768,768,0.615011930588696,0.4,0.615011930588696,,0.5616612622710916,0.45163493554170575,0.7270338793988392,0.40897435897435896,-0.3163946910865697,0.9999999991731178,0.9796453084381215,0.7118216795812099,homoscedastic,rbf
3,convnext_s|2,mae_b16|2,0.1,1.0,546,1024,768,768,0.13327542576507156,0.21666666666666667,0.13327542576507156,,0.04434608636517993,0.42209510799965844,0.29447149449578036,0.1358974358974359,-0.554201532137588,0.9999999878822736,0.9370889883999066,0.5552009794090994,homoscedastic,rbf
3,convnext_s|2,vit_sup_b16|2,0.1,1.0,546,1024,768,768,0.618880552445979,0.5666666666666667,0.618880552445979,,0.5433741847741081,0.6474003244258516,0.7528047704490082,0.46886446886446886,-0.12978372284868533,0.9999999994724249,0.9842263658155689,0.7421837136161493,homoscedastic,rbf
3,dinov2_b|2,mae_b16|2,0.1,1.0,546,1024,768,768,0.27828282856341263,0.26666666666666666,0.27828282856341263,,0.20935898538096964,0.40023905062750786,0.33777126067776897,0.16117216117216118,-0.4650946386069815,0.9999999877042307,0.9356026687264705,0.5721814232221908,homoscedastic,rbf
3,dinov2_b|2,vit_sup_b16|2,0.1,1.0,546,1024,768,768,0.5762520451445698,0.43333333333333335,0.5762520451445698,,0.5044565572713167,0.5902842994962861,0.8479179459212033,0.49230769230769234,-0.07103958623813222,0.9999999992929128,0.9820382273692724,0.7495250887264872,homoscedastic,rbf
3,mae_b16|2,vit_sup_b16|2,0.1,1.0,546,1024,768,768,0.24694057483493007,0.21666666666666667,0.24694057483493007,,0.1723605873396337,0.5259967557414837,0.33064641027881986,0.14413919413919415,-0.38912910494182096,0.9999999879875917,0.9398256590289178,0.5725555953961452,homoscedastic,rbf
3,clip_b16|2,convnext_s|2,1.0,0.1,546,102,768,768,0.34672729646471234,0.31666666666666665,0.34672729646471234,,0.24108898188012592,0.38453000939127463,0.5548446743655916,0.3272893772893773,-0.4755031626132261,0.9999999985287177,0.9713972762937649,0.6583053151278413,homoscedastic,rbf
3,clip_b16|2,dinov2_b|2,1.0,0.1,546,102,768,768,0.406354462095728,0.4,0.406354462095728,,0.3208629357341786,0.413984461709212,0.6643639868609343,0.3717948717948718,-0.3051566757387867,0.9999999983531119,0.969423764629978,0.6776106295761639,homoscedastic,rbf
3,clip_b16|2,mae_b16|2,1.0,0.1,546,102,768,768,0.2506130850363473,0.26666666666666666,0.2506130850363473,,0.172754641899273,0.6823187910868267,0.4468307088038997,0.16721611721611723,-0.36950264791286436,0.9999999871447837,0.929558745706223,0.5527109866737522,homoscedastic,rbf
3,clip_b16|2,vit_sup_b16|2,1.0,0.1,546,102,768,768,0.42699974166594906,0.43333333333333335,0.42699974166594906,,0.3174950234569654,0.5128489712285494,0.6401625140103847,0.3586080586080586,-0.2519638731224839,0.999999998674335,0.9740086316414409,0.6838657451070946,homoscedastic,rbf
3,convnext_s|2,dinov2_b|2,1.0,0.1,546,102,768,768,0.5799251109030857,0.36666666666666664,0.5799251109030857,,0.525095420049108,0.42329036113719803,0.7270338793988392,0.40897435897435896,-0.3163946910865697,0.9999999991731178,0.9796453084381215,0.7118216795812099,homoscedastic,rbf
3,convnext_s|2,mae_b16|2,1.0,0.1,546,102,768,768,0.16787596632212864,0.23333333333333334,0.16787596632212864,,0.09198381167867169,0.4132160846922223,0.29447149449578036,0.1358974358974359,-0.554201532137588,0.9999999878822736,0.9370889883999066,0.5552009794090994,homoscedastic,rbf
3,convnext_s|2,vit_sup_b16|2,1.0,0.1,546,102,768,768,0.6187709965861017,0.5666666666666667,0.6187709965861017,,0.5467049812536054,0.6280201485528899,0.7528047704490082,0.46886446886446886,-0.12978372284868533,0.9999999994724249,0.9842263658155689,0.7421837136161493,homoscedastic,rbf
3,dinov2_b|2,mae_b16|2,1.0,0.1,546,102,768,768,0.2920835891210809,0.26666666666666666,0.2920835891210809,,0.2348470380681935,0.3864936395458038,0.33777126067776897,0.16117216117216118,-0.4650946386069815,0.9999999877042307,0.9356026687264705,0.5721814232221908,homoscedastic,rbf
3,dinov2_b|2,vit_sup_b16|2,1.0,0.1,546,102,768,768,0.5721303114730873,0.43333333333333335,0.5721303114730873,,0.5043818152425175,0.578758644241441,0.8479179459212033,0.49230769230769234,-0.07103958623813222,0.9999999992929128,0.9820382273692724,0.7495250887264872,homoscedastic,rbf
3,mae_b16|2,vit_sup_b16|2,1.0,0.1,546,102,768,768,0.2767259909055303,0.25,0.2767259909055303,,0.21652080304002447,0.5002134380602749,0.33064641027881986,0.14413919413919415,-0.38912910494182096,0.9999999879875917,0.9398256590289178,0.5725555953961452,homoscedastic,rbf
3,clip_b16|2,convnext_s|2,1.0,0.25,546,256,768,768,0.3240941780393834,0.35,0.3240941780393834,,0.21310534754058985,0.42482711517117727,0.5548446743655916,0.3272893772893773,-0.4755031626132261,0.9999999985287177,0.9713972762937649,0.6583053151278413,homoscedastic,rbf
3,clip_b16|2,dinov2_b|2,1.0,0.25,546,256,768,768,0.40143422620618385,0.38333333333333336,0.40143422620618385,,0.310241765306092,0.43012037906599504,0.6643639868609343,0.3717948717948718,-0.3051566757387867,0.9999999983531119,0.969423764629978,0.6776106295761639,homoscedastic,rbf
3,clip_b16|2,mae_b16|2,1.0,0.25,546,256,768,768,0.28496284711901976,0.26666666666666666,0.28496284711901976,,0.20974312294947073,0.69768633142662,0.4468307088038997,0.16721611721611723,-0.36950264791286436,0.9999999871447837,0.929558745706223,0.5527109866737522,homoscedastic,rbf
3,clip_b16|2,vit_sup_b16|2,1.0,0.25,546,256,768,768,0.4413170592140533,0.4666666666666667,0.4413170592140533,,0.33687690760798744,0.5873815418765473,0.6401625140103847,0.3586080586080586,-0.2519638731224839,0.999999998674335,0.9740086316414409,0.6838657451070946,homoscedastic,rbf
3,convnext_s|2,dinov2_b|2,1.0,0.25,546,256,768,768,0.6201843894010816,0.43333333333333335,0.6201843894010816,,0.5661796913584434,0.4392555280457611,0.7270338793988392,0.40897435897435896,-0.3163946910865697,0.9999999991731178,0.9796453084381215,0.7118216795812099,homoscedastic,rbf
3,convnext_s|2,mae_b16|2,1.0,0.25,546,256,768,768,0.13894588596079432,0.23333333333333334,0.13894588596079432,,0.05638976166918128,0.43908477759754116,0.29447149449578036,0.1358974358974359,-0.554201532137588,0.9999999878822736,0.9370889883999066,0.5552009794090994,homoscedastic,rbf
3,convnext_s|2,vit_sup_b16|2,1.0,0.25,546,256,768,768,0.6241626782296618,0.5833333333333334,0.6241626782296618,,0.5488321758527537,0.6731836421070604,0.7528047704490082,0.46886446886446886,-0.12978372284868533,0.9999999994724249,0.9842263658155689,0.7421837136161493,homoscedastic,rbf
3,dinov2_b|2,mae_b16|2,1.0,0.25,546,256,768,768,0.31443109564193233,0.3,0.31443109564193233,,0.2527069557557087,0.425595492188167,0.33777126067776897,0.16117216117216118,-0.4650946386069815,0.9999999877042307,0.9356026687264705,0.5721814232221908,homoscedastic,rbf
3,dinov2_b|2,vit_sup_b16|2,1.0,0.25,546,256,768,768,0.6123295898044161,0.4666666666666667,0.6123295898044161,,0.546576862478386,0.5731238794501835,0.8479179459212033,0.49230769230769234,-0.07103958623813222,0.9999999992929128,0.9820382273692724,0.7495250887264872,homoscedastic,rbf
3,mae_b16|2,vit_sup_b16|2,1.0,0.25,546,256,768,768,0.26726596462767954,0.25,0.26726596462767954,,0.20186232343289484,0.5631349782293179,0.33064641027881986,0.14413919413919415,-0.38912910494182096,0.9999999879875917,0.9398256590289178,0.5725555953961452,homoscedastic,rbf
3,clip_b16|2,convnext_s|2,1.0,1.0,546,1024,768,768,0.3149869305192514,0.3,0.3149869305192514,,0.20205424637904038,0.41253308289934265,0.5548446743655916,0.3272893772893773,-0.4755031626132261,0.9999999985287177,0.9713972762937649,0.6583053151278413,homoscedastic,rbf
3,clip_b16|2,dinov2_b|2,1.0,1.0,546,1024,768,768,0.35038836218989494,0.3333333333333333,0.35038836218989494,,0.24726464227334774,0.43968240416631094,0.6643639868609343,0.3717948717948718,-0.3051566757387867,0.9999999983531119,0.969423764629978,0.6776106295761639,homoscedastic,rbf
3,clip_b16|2,mae_b16|2,1.0,1.0,546,1024,768,768,0.3129006469462415,0.25,0.3129006469462415,,0.2293705984692687,0.7108341159395543,0.4468307088038997,0.16721611721611723,-0.36950264791286436,0.9999999871447837,0.929558745706223,0.5527109866737522,homoscedastic,rbf
3,clip_b16|2,vit_sup_b16|2,1.0,1.0,546,1024,768,768,0.39646065683515785,0.43333333333333335,0.39646065683515785,,0.27785841409665296,0.5912234269614958,0.6401625140103847,0.3586080586080586,-0.2519638731224839,0.999999998674335,0.9740086316414409,0.6838657451070946,homoscedastic,rbf
3,convnext_s|2,dinov2_b|2,1.0,1.0,546,1024,768,768,0.6512175867155187,0.43333333333333335,0.6512175867155187,,0.601805679912923,0.5062750789720822,0.7270338793988392,0.40897435897435896,-0.3163946910865697,0.9999999991731178,0.9796453084381215,0.7118216795812099,homoscedastic,rbf
3,convnext_s|2,mae_b16|2,1.0,1.0,546,1024,768,768,0.1717897549715416,0.23333333333333334,0.1717897549715416,,0.07830354116065402,0.4280713736873559,0.29447149449578036,0.1358974358974359,-0.554201532137588,0.9999999878822736,0.9370889883999066,0.5552009794090994,homoscedastic,rbf
3,convnext_s|2,vit_sup_b16|2,1.0,1.0,546,1024,768,768,0.6384780513279203,0.5666666666666667,0.6384780513279203,,0.5678285369732775,0.6731836421070604,0.7528047704490082,0.46886446886446886,-0.12978372284868533,0.9999999994724249,0.9842263658155689,0.7421837136161493,homoscedastic,rbf
3,dinov2_b|2,mae_b16|2,1.0,1.0,546,1024,768,768,0.3105803071675199,0.26666666666666666,0.3105803071675199,,0.23766419274197295,0.4137283360368821,0.33777126067776897,0.16117216117216118,-0.4650946386069815,0.9999999877042307,0.9356026687264705,0.5721814232221908,homoscedastic,rbf
3,dinov2_b|2,vit_sup_b16|2,1.0,1.0,546,1024,768,768,0.6011950588751634,0.5,0.6011950588751634,,0.5318072542352663,0.5936139332365747,0.8479179459212033,0.49230769230769234,-0.07103958623813222,0.9999999992929128,0.9820382273692724,0.7495250887264872,homoscedastic,rbf
3,mae_b16|2,vit_sup_b16|2,1.0,1.0,546,1024,768,768,0.2853554593207203,0.26666666666666666,0.2853554593207203,,0.20538329280127804,0.5124220951079996,0.33064641027881986,0.14413919413919415,-0.38912910494182096,0.9999999879875917,0.9398256590289178,0.5725555953961452,homoscedastic,rbf
3,clip_b16|2,convnext_s|2,10.0,0.1,546,102,768,768,0.3622368395467765,0.31666666666666665,0.3622368395467765,,0.25580441126724784,0.37872449415179715,0.5548446743655916,0.3272893772893773,-0.4755031626132261,0.9999999985287177,0.9713972762937649,0.6583053151278413,homoscedastic,rbf
3,clip_b16|2,dinov2_b|2,10.0,0.1,546,102,768,768,0.4217980049944583,0.38333333333333336,0.4217980049944583,,0.3342676451528482,0.4294373772731153,0.6643639868609343,0.3717948717948718,-0.3051566757387867,0.9999999983531119,0.969423764629978,0.6776106295761639,homoscedastic,rbf
3,clip_b16|2,mae_b16|2,10.0,0.1,546,102,768,768,0.2534144817068936,0.2833333333333333,0.2534144817068936,,0.1718138402840868,0.7061384786135064,0.4468307088038997,0.16721611721611723,-0.36950264791286436,0.9999999871447837,0.929558745706223,0.5527109866737522,homoscedastic,rbf
3,clip_b16|2,vit_sup_b16|2,10.0,0.1,546,102,768,768,0.4272320756446545,0.4166666666666667,0.4272320756446545,,0.3135809474766253,0.5218987449842055,0.6401625140103847,0.3586080586080586,-0.2519638731224839,0.999999998674335,0.9740086316414409,0.6838657451070946,homoscedastic,rbf
3,convnext_s|2,dinov2_b|2,10.0,0.1,546,102,768,768,0.5989996638879552,0.4,0.5989996638879552,,0.5436831427994953,0.4459147955263382,0.7270338793988392,0.40897435897435896,-0.3163946910865697,0.9999999991731178,0.9796453084381215,0.7118216795812099,homoscedastic,rbf
3,convnext_s|2,mae_b16|2,10.0,0.1,546,102,768,768,0.17891771921588667,0.23333333333333334,0.17891771921588667,,0.09955346559828587,0.4306326304106548,0.29447149449578036,0.1358974358974359,-0.554201532137588,0.9999999878822736,0.9370889883999066,0.5552009794090994,homoscedastic,rbf
3,convnext_s|2,vit_sup_b16|2,10.0,0.1,546,102,768,768,0.6389674971319363,0.55,0.6389674971319363,,0.5695828235380077,0.6308375309485187,0.7528047704490082,0.46886446886446886,-0.12978372284868533,0.9999999994724249,0.9842263658155689,0.7421837136161493,homoscedastic,rbf
3,dinov2_b|2,mae_b16|2,10.0,0.1,546,102,768,768,0.30451790143861507,0.26666666666666666,0.30451790143861507,,0.2436927754063287,0.4008366771962777,0.33777126067776897,0.16117216117216118,-0.4650946386069815,0.9999999877042307,0.9356026687264705,0.5721814232221908,homoscedastic,rbf
3,dinov2_b|2,vit_sup_b16|2,10.0,0.1,546,102,768,768,0.5871742977063824,0.43333333333333335,0.5871742977063824,,0.5186895542071851,0.5681721164518058,0.8479179459212033,0.49230769230769234,-0.07103958623813222,0.9999999992929128,0.9820382273692724,0.7495250887264872,homoscedastic,rbf
3,mae_b16|2,vit_sup_b16|2,10.0,0.1,546,102,768,768,0.29490176361601,0.25,0.29490176361601,,0.23279363755016197,0.49842055835396565,0.33064641027881986,0.14413919413919415,-0.38912910494182096,0.9999999879875917,0.9398256590289178,0.5725555953961452,homoscedastic,rbf
3,clip_b16|2,convnext_s|2,10.0,0.25,546,256,768,768,0.32915224764513235,0.36666666666666664,0.32915224764513235,,0.21897715424209868,0.43225475966874405,0.5548446743655916,0.3272893772893773,-0.4755031626132261,0.9999999985287177,0.9713972762937649,0.6583053151278413,homoscedastic,rbf
3,clip_b16|2,dinov2_b|2,10.0,0.25,546,256,768,768,0.40479590221083944,0.38333333333333336,0.40479590221083944,,0.3135259665110502,0.4400239050627508,0.6643639868609343,0.3717948717948718,-0.3051566757387867,0.9999999983531119,0.969423764629978,0.6776106295761639,homoscedastic,rbf
3,clip_b16|2,mae_b16|2,10.0,0.25,546,256,768,768,0.28763668787968855,0.26666666666666666,0.28763668787968855,,0.21018362694554418,0.7203107658157603,0.4468307088038997,0.16721611721611723,-0.36950264791286436,0.9999999871447837,0.929558745706223,0.5527109866737522,homoscedastic,rbf
3,clip_b16|2,vit_sup_b16|2,10.0,0.25,546,256,768,768,0.43190386639962886,0.4666666666666667,0.43190386639962886,,0.32465326808244843,0.5941261845812343,0.6401625140103847,0.3586080586080586,-0.2519638731224839,0.999999998674335,0.9740086316414409,0.6838657451070946,homoscedastic,rbf
3,convnext_s|2,dinov2_b|2,10.0,0.25,546,256,768,768,0.6361411559476553,0.45,0.6361411559476553,,0.5844343927961226,0.45530607017843416,0.7270338793988392,0.40897435897435896,-0.3163946910865697,0.9999999991731178,0.9796453084381215,0.7118216795812099,homoscedastic,rbf
3,convnext_s|2,mae_b16|2,10.0,0.25,546,256,768,768,0.14735924266456296,0.23333333333333334,0.14735924266456296,,0.06425838370399183,0.4453171689575685,0.29447149449578036,0.1358974358974359,-0.554201532137588,0.9999999878822736,0.9370889883999066,0.5552009794090994,homoscedastic,rbf
3,convnext_s|2,vit_sup_b16|2,10.0,0.25,546,256,768,768,0.6398587218297828,0.5833333333333334,0.6398587218297828,,0.5678363393118936,0.6802697857081874,0.7528047704490082,0.46886446886446886,-0.12978372284868533,0.9999999994724249,0.9842263658155689,0.7421837136161493,homoscedastic,rbf
3,dinov2_b|2,mae_b16|2,10.0,0.25,546,256,768,768,0.32129928138689273,0.3,0.32129928138689273,,0.25867260927776814,0.4154358405190813,0.33777126067776897,0.16117216117216118,-0.4650946386069815,0.9999999877042307,0.9356026687264705,0.5721814232221908,homoscedastic,rbf
3,dinov2_b|2,vit_sup_b16|2,10.0,0.25,546,256,768,768,0.6220840057889049,0.4666666666666667,0.6220840057889049,,0.5580908537851224,0.5652693588320669,0.8479179459212033,0.49230769230769234,-0.07103958623813222,0.9999999992929128,0.9820382273692724,0.7495250887264872,homoscedastic,rbf
3,mae_b16|2,vit_sup_b16|2,10.0,0.25,546,256,768,768,0.2808333912038644,0.23333333333333334,0.2808333912038644,,0.2158045191874455,0.5708187483992145,0.33064641027881986,0.14413919413919415,-0.38912910494182096,0.9999999879875917,0.9398256590289178,0.5725555953961452,homoscedastic,rbf
3,clip_b16|2,convnext_s|2,10.0,1.0,546,1024,768,768,0.29967261020169494,0.3,0.29967261020169494,,0.18850982405580585,0.41611884231196106,0.5548446743655916,0.3272893772893773,-0.4755031626132261,0.9999999985287177,0.9713972762937649,0.6583053151278413,homoscedastic,rbf
3,clip_b16|2,dinov2_b|2,10.0,1.0,546,1024,768,768,0.3346828741190947,0.3333333333333333,0.3346828741190947,,0.23298585217251747,0.42260735934431826,0.6643639868609343,0.3717948717948718,-0.3051566757387867,0.9999999983531119,0.969423764629978,0.6776106295761639,homoscedastic,rbf
3,clip_b16|2,mae_b16|2,10.0,1.0,546,1024,768,768,0.3146815963377676,0.25,0.3146815963377676,,0.23094915011750544,0.7150175019209426,0.4468307088038997,0.16721611721611723,-0.36950264791286436,0.9999999871447837,0.929558745706223,0.5527109866737522,homoscedastic,rbf
3,clip_b16|2,vit_sup_b16|2,10.0,1.0,546,1024,768,768,0.3753909871971866,0.43333333333333335,0.3753909871971866,,0.2558650069998645,0.5928455562195851,0.6401625140103847,0.3586080586080586,-0.2519638731224839,0.999999998674335,0.9740086316414409,0.6838657451070946,homoscedastic,rbf
3,convnext_s|2,dinov2_b|2,10.0,1.0,546,1024,768,768,0.6598795552209866,0.4,0.6598795552209866,,0.6157785016695182,0.5033723213523436,0.7270338793988392,0.40897435897435896,-0.3163946910865697,0.9999999991731178,0.9796453084381215,0.7118216795812099,homoscedastic,rbf
3,convnext_s|2,mae_b16|2,10.0,1.0,546,1024,768,768,0.17768432690090805,0.23333333333333334,0.17768432690090805,,0.08598964680708981,0.41441133782976175,0.29447149449578036,0.1358974358974359,-0.554201532137588,0.9999999878822736,0.9370889883999066,0.5552009794090994,homoscedastic,rbf
3,convnext_s|2,vit_sup_b16|2,10.0,1.0,546,1024,768,768,0.6356914880319112,0.55,0.6356914880319112,,0.5669245594795972,0.6783061555536583,0.7528047704490082,0.46886446886446886,-0.12978372284868533,0.9999999994724249,0.9842263658155689,0.7421837136161493,homoscedastic,rbf
3,dinov2_b|2,mae_b16|2,10.0,1.0,546,1024,768,768,0.3105909183081064,0.26666666666666666,0.3105909183081064,,0.23780273894169812,0.39494578673269015,0.33777126067776897,0.16117216117216118,-0.4650946386069815,0.9999999877042307,0.9356026687264705,0.5721814232221908,homoscedastic,rbf
3,dinov2_b|2,vit_sup_b16|2,10.0,1.0,546,1024,768,768,0.5941096503045842,0.48333333333333334,0.5941096503045842,,0.5268416125990123,0.5948091863741142,0.8479179459212033,0.49230769230769234,-0.07103958623813222,0.9999999992929128,0.9820382273692724,0.7495250887264872,homoscedastic,rbf
3,mae_b16|2,vit_sup_b16|2,10.0,1.0,546,1024,768,768,0.2934127039241775,0.26666666666666666,0.2934127039241775,,0.21314990108165938,0.5113122171945701,0.33064641027881986,0.14413919413919415,-0.38912910494182096,0.9999999879875917,0.9398256590289178,0.5725555953961452,homoscedastic,rbf
4,clip_b16|2,convnext_s|2,0.1,0.1,546,102,768,768,0.25080208556134875,0.31666666666666665,0.0632449134404719,0.17965839276872433,0.1856646684658714,0.40783744557329465,0.5736645100384385,0.33278388278388277,-0.40008148595491067,0.9999999984412222,0.970423346321404,0.6596022247591162,heteroscedastic,rbf
4,clip_b16|2,dinov2_b|2,0.1,0.1,546,102,768,768,0.2985207736688157,0.31666666666666665,0.11504602268632597,0.22532275798087512,0.24361161650091073,0.38137112609920604,0.6669361576790049,0.3791208791208791,-0.23056874168502306,0.9999999982982204,0.968983967956524,0.6812297741924241,heteroscedastic,rbf
4,clip_b16|2,mae_b16|2,0.1,0.1,546,102,768,768,0.3233415648376801,0.21666666666666667,0.17112114847436014,0.3777164131045228,0.2766944801808568,0.6527789635447793,0.45070191351120287,0.1785714285714286,-0.27330775661894124,0.9999999881373676,0.9309742990528795,0.5589068586460858,heteroscedastic,rbf
4,clip_b16|2,vit_sup_b16|2,0.1,0.1,546,102,768,768,0.47189081080780776,0.43333333333333335,0.21718211440353638,0.45274422129933173,0.4212885861192605,0.4851020233928114,0.6601972262897592,0.373992673992674,-0.19252073232452227,0.9999999985848417,0.9735898049644915,0.6886680281169291,heteroscedastic,rbf
4,convnext_s|2,dinov2_b|2,0.1,0.1,546,102,768,768,0.3799711665865738,0.2833333333333333,0.3081189960104746,0.31160007361526637,0.33103106008916394,0.33091436865021767,0.733462066223505,0.38534798534798537,-0.2733279260936615,0.9999999991349826,0.9788893904519601,0.710303920528675,heteroscedastic,rbf
4,convnext_s|2,mae_b16|2,0.1,0.1,546,102,768,768,0.08719068664079621,0.16666666666666666,-0.0513710477882207,0.13174088655010543,0.03233719344921484,0.3243404763937505,0.3011063206536593,0.13553113553113552,-0.4859551330254632,0.9999999888363401,0.9380106984148574,0.5532146804256683,heteroscedastic,rbf
4,convnext_s|2,vit_sup_b16|2,0.1,0.1,546,102,768,768,0.4697314159205997,0.38333333333333336,0.3706164687479389,0.37533927673280026,0.40615977862359015,0.5969435669768633,0.7627696065418224,0.458974358974359,-0.08833804218759089,0.9999999994423182,0.983699543737471,0.7444131785700123,heteroscedastic,rbf
4,dinov2_b|2,mae_b16|2,0.1,0.1,546,102,768,768,0.24516312545312627,0.18333333333333332,0.20149574404496076,0.16128082744006259,0.21100564342422914,0.35541705796977713,0.34790044283254645,0.15219780219780218,-0.41525245153806467,0.9999999886548945,0.9366372048668545,0.572289579050142,heteroscedastic,rbf
4,dinov2_b|2,vit_sup_b16|2,0.1,0.1,546,102,768,768,0.4192356645435126,0.36666666666666664,0.2864840112567194,0.38019352772120246,0.3547354398335054,0.590455049944506,0.8546919508851472,0.4956043956043956,-0.05742569017455662,0.9999999992847914,0.9818653225437401,0.75176337730664,heteroscedastic,rbf
4,mae_b16|2,vit_sup_b16|2,0.1,0.1,546,102,768,768,0.2071766866019072,0.21666666666666667,0.056213687168659036,0.24128185514939623,0.1579833565179461,0.4730641167933065,0.34626096538845663,0.1450549450549451,-0.3451477201573448,0.9999999889433145,0.9412643873575768,0.5729327682822988,heteroscedastic,rbf
4,clip_b16|2,convnext_s|2,0.1,0.25,546,256,768,768,0.28364345456515155,0.2833333333333333,0.11994940622584499,0.20182060942604943,0.19913777595577373,0.3684794672586015,0.5736645100384385,0.33278388278388277,-0.40008148595491067,0.9999999984412222,0.970423346321404,0.6596022247591162,heteroscedastic,rbf
4,clip_b16|2,dinov2_b|2,0.1,0.25,546,256,768,768,0.3495115264209067,0.31666666666666665,0.17119519165051766,0.31444526456393984,0.27885456127267666,0.38333475625373514,0.6669361576790049,0.3791208791208791,-0.23056874168502306,0.9999999982982204,0.968983967956524,0.6812297741924241,heteroscedastic,rbf
4,clip_b16|2,mae_b16|2,0.1,0.25,546,256,768,768,0.35940694279706326,0.3,0.15064174047471382,0.40881467412537875,0.3065362378158644,0.6403141808247246,0.45070191351120287,0.1785714285714286,-0.27330775661894124,0.9999999881373676,0.9309742990528795,0.5589068586460858,heteroscedastic,rbf
4,clip_b16|2,vit_sup_b16|2,0.1,0.25,546,256,768,768,0.485809905027514,0.43333333333333335,0.2042109001259992,0.46898370438387843,0.414397735659247,0.5142149748143089,0.6601972262897592,0.373992673992674,-0.19252073232452227,0.9999999985848417,0.9735898049644915,0.6886680281169291,heteroscedastic,rbf
4,convnext_s|2,dinov2_b|2,0.1,0.25,546,256,768,768,0.4462684063011286,0.35,0.3554059875409776,0.4333473247022505,0.383710700367811,0.3722359771194399,0.733462066223505,0.38534798534798537,-0.2733279260936615,0.9999999991349826,0.9788893904519601,0.710303920528675,heteroscedastic,rbf
4,convnext_s|2,mae_b16|2,0.1,0.25,546,256,768,768,0.14512518090328028,0.21666666666666667,0.010632923585824757,0.15896680582632997,0.07908836892257069,0.37035772218902074,0.3011063206536593,0.13553113553113552,-0.4859551330254632,0.9999999888363401,0.9380106984148574,0.5532146804256683,heteroscedastic,rbf
4,convnext_s|2,vit_sup_b16|2,0.1,0.25,546,256,768,768,0.4911331420365056,0.45,0.38489637819241557,0.43690074143084506,0.4114991304038397,0.6157261162810552,0.7627696065418224,0.458974358974359,-0.08833804218759089,0.9999999994423182,0.983699543737471,0.7444131785700123,heteroscedastic,rbf
4,dinov2_b|2,mae_b16|2,0.1,0.25,546,256,768,768,0.2885215792266089,0.23333333333333334,0.24805919715990507,0.1783815756292136,0.24383401961099582,0.369760095620251,0.34790044283254645,0.15219780219780218,-0.41525245153806467,0.9999999886548945,0.9366372048668545,0.572289579050142,heteroscedastic,rbf
4,dinov2_b|2,vit_sup_b16|2,0.1,0.25,546,256,768,768,0.4504529734804818,0.43333333333333335,0.2991177180468201,0.46287274361249325,0.3717581738794183,0.5760266370699222,0.8546919508851472,0.4956043956043956,-0.05742569017455662,0.9999999992847914,0.9818653225437401,0.75176337730664,heteroscedastic,rbf
4,mae_b16|2,vit_sup_b16|2,0.1,0.25,546,256,768,768,0.2717917549770971,0.26666666666666666,0.11721268417116842,0.25238167449038323,0.2183061531211141,0.4802356356185435,0.34626096538845663,0.1450549450549451,-0.3451477201573448,0.9999999889433145,0.9412643873575768,0.5729327682822988,heteroscedastic,rbf
4,clip_b16|2,convnext_s|2,0.1,1.0,546,1024,768,768,0.32428395634432317,0.3,0.125367138236633,0.2812904678004423,0.21980675430224236,0.3598565696234952,0.5736645100384385,0.33278388278388277,-0.40008148595491067,0.9999999984412222,0.970423346321404,0.6596022247591162,heteroscedastic,rbf
4,clip_b16|2,dinov2_b|2,0.1,1.0,546,1024,768,768,0.3721302003616677,0.3333333333333333,0.17104818359688453,0.3661049732474414,0.2781316417863214,0.39170152821651155,0.6669361576790049,0.3791208791208791,-0.23056874168502306,0.9999999982982204,0.968983967956524,0.6812297741924241,heteroscedastic,rbf
4,clip_b16|2,mae_b16|2,0.1,1.0,546,1024,768,768,0.387149242081228,0.2833333333333333,0.1388674377340919,0.42549484344049154,0.3309441405785996,0.6602919832664561,0.45070191351120287,0.1785714285714286,-0.27330775661894124,0.9999999881373676,0.9309742990528795,0.5589068586460858,heteroscedastic,rbf
4,clip_b16|2,vit_sup_b16|2,0.1,1.0,546,1024,768,768,0.511644143455954,0.4666666666666667,0.2234596098966972,0.5125066361258263,0.4242114734191459,0.5288141381371125,0.6601972262897592,0.373992673992674,-0.19252073232452227,0.9999999985848417,0.9735898049644915,0.6886680281169291,heteroscedastic,rbf
4,convnext_s|2,dinov2_b|2,0.1,1.0,546,1024,768,768,0.5166445462348506,0.35,0.3592637807919421,0.5726991249669415,0.4360740907158223,0.38239562878852557,0.733462066223505,0.38534798534798537,-0.2733279260936615,0.9999999991349826,0.9788893904519601,0.710303920528675,heteroscedastic,rbf
4,convnext_s|2,mae_b16|2,0.1,1.0,546,1024,768,768,0.15498126383684396,0.23333333333333334,0.012507366127870768,0.1236594048390029,0.07509109230334297,0.40834969691795436,0.3011063206536593,0.13553113553113552,-0.4859551330254632,0.9999999888363401,0.9380106984148574,0.5532146804256683,heteroscedastic,rbf
4,convnext_s|2,vit_sup_b16|2,0.1,1.0,546,1024,768,768,0.552396923324787,0.48333333333333334,0.40016580639398774,0.5716747668593901,0.4625286125247077,0.6177751216596943,0.7627696065418224,0.458974358974359,-0.08833804218759089,0.9999999994423182,0.983699543737471,0.7444131785700123,heteroscedastic,rbf
4,dinov2_b|2,mae_b16|2,0.1,1.0,546,1024,768,768,0.2986042739007608,0.26666666666666666,0.2586193355847012,0.15682928211989622,0.2393938326669626,0.3870912661145735,0.34790044283254645,0.15219780219780218,-0.41525245153806467,0.9999999886548945,0.9366372048668545,0.572289579050142,heteroscedastic,rbf
4,dinov2_b|2,vit_sup_b16|2,0.1,1.0,546,1024,768,768,0.5089373026036182,0.4666666666666667,0.32140435463734035,0.5720512212566037,0.415269337093623,0.5529753265602322,0.8546919508851472,0.4956043956043956,-0.05742569017455662,0.9999999992847914,0.9818653225437401,0.75176337730664,heteroscedastic,rbf
4,mae_b16|2,vit_sup_b16|2,0.1,1.0,546,1024,768,768,0.31055330709251966,0.26666666666666666,0.1525837564008259,0.24537202658974483,0.2526887989116394,0.5148126013830786,0.34626096538845663,0.1450549450549451,-0.3451477201573448,0.9999999889433145,0.9412643873575768,0.5729327682822988,heteroscedastic,rbf
4,clip_b16|2,convnext_s|2,1.0,0.1,546,102,768,768,0.21583537732049254,0.31666666666666665,0.08019972248186256,0.26443044935194265,0.09675286354942093,0.38162725177153584,0.5736645100384385,0.33278388278388277,-0.40008148595491067,0.9999999984412222,0.970423346321404,0.6596022247591162,heteroscedastic,rbf
4,clip_b16|2,dinov2_b|2,1.0,0.1,546,102,768,768,0.2481525226458962,0.3,0.10721901198726673,0.3108315257657621,0.14214242155568863,0.33057286775377787,0.6669361576790049,0.3791208791208791,-0.23056874168502306,0.9999999982982204,0.968983967956524,0.6812297741924241,heteroscedastic,rbf
4,clip_b16|2,mae_b16|2,1.0,0.1,546,102,768,768,0.3244990680529668,0.21666666666666667,0.13932427694232596,0.3854259087198623,0.25902575624896224,0.649022453683941,0.45070191351120287,0.1785714285714286,-0.27330775661894124,0.9999999881373676,0.9309742990528795,0.5589068586460858,heteroscedastic,rbf
4,clip_b16|2,vit_sup_b16|2,1.0,0.1,546,102,768,768,0.4260915724765902,0.43333333333333335,0.242858922049968,0.49523609248155215,0.32976642496188346,0.5246307521557244,0.6601972262897592,0.373992673992674,-0.19252073232452227,0.9999999985848417,0.9735898049644915,0.6886680281169291,heteroscedastic,rbf
4,convnext_s|2,dinov2_b|2,1.0,0.1,546,102,768,768,0.47281164669901854,0.3333333333333333,0.3588950026427304,0.5630677011901599,0.3939196593921891,0.31665670622385383,0.733462066223505,0.38534798534798537,-0.2733279260936615,0.9999999991349826,0.9788893904519601,0.710303920528675,heteroscedastic,rbf
4,convnext_s|2,mae_b16|2,1.0,0.1,546,102,768,768,0.08095055819599499,0.2,-0.032556532953436725,0.12634597108617984,-0.00890910399474633,0.38444463416716473,0.3011063206536593,0.13553113553113552,-0.4859551330254632,0.9999999888363401,0.9380106984148574,0.5532146804256683,heteroscedastic,rbf
4,convnext_s|2,vit_sup_b16|2,1.0,0.1,546,102,768,768,0.4889766916019211,0.5666666666666667,0.39451875619684773,0.5452296832616589,0.3888164924229448,0.6141893622470759,0.7627696065418224,0.458974358974359,-0.08833804218759089,0.9999999994423182,0.983699543737471,0.7444131785700123,heteroscedastic,rbf
4,dinov2_b|2,mae_b16|2,1.0,0.1,546,102,768,768,0.2442393451092919,0.21666666666666667,0.24449937377804046,0.1594398872424129,0.18112290528172387,0.32767011013403907,0.34790044283254645,0.15219780219780218,-0.41525245153806467,0.9999999886548945,0.9366372048668545,0.572289579050142,heteroscedastic,rbf
4,dinov2_b|2,vit_sup_b16|2,1.0,0.1,546,102,768,768,0.4535790932752591,0.43333333333333335,0.3428003165166065,0.5299480923005859,0.3590001106182027,0.5543413301459916,0.8546919508851472,0.4956043956043956,-0.05742569017455662,0.9999999992847914,0.9818653225437401,0.75176337730664,heteroscedastic,rbf
4,mae_b16|2,vit_sup_b16|2,1.0,0.1,546,102,768,768,0.234006761129892,0.23333333333333334,0.10799358987376897,0.24860819391534633,0.163790775696109,0.5276188849995731,0.34626096538845663,0.1450549450549451,-0.3451477201573448,0.9999999889433145,0.9412643873575768,0.5729327682822988,heteroscedastic,rbf
4,clip_b16|2,convnext_s|2,1.0,0.25,546,256,768,768,0.2633513426426184,0.31666666666666665,0.09764983005114192,0.37985505388631907,0.1292772402063697,0.3602834457440451,0.5736645100384385,0.33278388278388277,-0.40008148595491067,0.9999999984412222,0.970423346321404,0.6596022247591162,heteroscedastic,rbf
4,clip_b16|2,dinov2_b|2,1.0,0.25,546,256,768,768,0.3146228739524276,0.31666666666666665,0.1617065226826418,0.41932411913720447,0.198077532932614,0.37283360368820967,0.6669361576790049,0.3791208791208791,-0.23056874168502306,0.9999999982982204,0.968983967956524,0.6812297741924241,heteroscedastic,rbf
4,clip_b16|2,mae_b16|2,1.0,0.25,546,256,768,768,0.3342472062422395,0.2833333333333333,0.12349629002352669,0.4092592701197142,0.2586881410359479,0.6856484248271151,0.45070191351120287,0.1785714285714286,-0.27330775661894124,0.9999999881373676,0.9309742990528795,0.5589068586460858,heteroscedastic,rbf
4,clip_b16|2,vit_sup_b16|2,1.0,0.25,546,256,768,768,0.4206268906302517,0.45,0.19000251782742228,0.5546533310209872,0.2988257042868455,0.5397421668231878,0.6601972262897592,0.373992673992674,-0.19252073232452227,0.9999999985848417,0.9735898049644915,0.6886680281169291,heteroscedastic,rbf
4,convnext_s|2,dinov2_b|2,1.0,0.25,546,256,768,768,0.5276158544884847,0.4166666666666667,0.3623045830749161,0.6699472377379335,0.44351890721757886,0.38316400580551524,0.733462066223505,0.38534798534798537,-0.2733279260936615,0.9999999991349826,0.9788893904519601,0.710303920528675,heteroscedastic,rbf
4,convnext_s|2,mae_b16|2,1.0,0.25,546,256,768,768,0.10512362534340372,0.2,0.011250069864768765,0.14814625532600587,0.002812050340105399,0.4040809357124562,0.3011063206536593,0.13553113553113552,-0.4859551330254632,0.9999999888363401,0.9380106984148574,0.5532146804256683,heteroscedastic,rbf
4,convnext_s|2,vit_sup_b16|2,1.0,0.25,546,256,768,768,0.5392409978916607,0.48333333333333334,0.3984426851003025,0.6671009297138973,0.4378552844109202,0.6281908990011098,0.7627696065418224,0.458974358974359,-0.08833804218759089,0.9999999994423182,0.983699543737471,0.7444131785700123,heteroscedastic,rbf
4,dinov2_b|2,mae_b16|2,1.0,0.25,546,256,768,768,0.26492156922658117,0.26666666666666666,0.27664381691854223,0.18418198944978173,0.1908322229584616,0.3141808247246649,0.34790044283254645,0.15219780219780218,-0.41525245153806467,0.9999999886548945,0.9366372048668545,0.572289579050142,heteroscedastic,rbf
4,dinov2_b|2,vit_sup_b16|2,1.0,0.25,546,256,768,768,0.49929710915863645,0.4666666666666667,0.32091840136469485,0.6650114402480577,0.39737689750869876,0.5423034235464868,0.8546919508851472,0.4956043956043956,-0.05742569017455662,0.9999999992847914,0.9818653225437401,0.75176337730664,heteroscedastic,rbf
4,mae_b16|2,vit_sup_b16|2,1.0,0.25,546,256,768,768,0.26556307100853055,0.25,0.1773249602242574,0.24663823151331035,0.1865880424275132,0.5048237001622129,0.34626096538845663,0.1450549450549451,-0.3451477201573448,0.9999999889433145,0.9412643873575768,0.5729327682822988,heteroscedastic,rbf
4,clip_b16|2,convnext_s|2,1.0,1.0,546,1024,768,768,0.27798782774396597,0.31666666666666665,0.10348450421893347,0.38061075536915284,0.14581199995304012,0.3891402714932126,0.5736645100384385,0.33278388278388277,-0.40008148595491067,0.9999999984412222,0.970423346321404,0.6596022247591162,heteroscedastic,rbf
4,clip_b16|2,dinov2_b|2,1.0,1.0,546,1024,768,768,0.31937116491990253,0.36666666666666664,0.15790516039603034,0.42588861250582616,0.19464982703236158,0.4358405190813625,0.6669361576790049,0.3791208791208791,-0.23056874168502306,0.9999999982982204,0.968983967956524,0.6812297741924241,heteroscedastic,rbf
4,clip_b16|2,mae_b16|2,1.0,1.0,546,1024,768,768,0.3635179542165395,0.31666666666666665,0.13945798597888226,0.43474646159397157,0.2905873826559263,0.69743020575429,0.45070191351120287,0.1785714285714286,-0.27330775661894124,0.9999999881373676,0.9309742990528795,0.5589068586460858,heteroscedastic,rbf
4,clip_b16|2,vit_sup_b16|2,1.0,1.0,546,1024,768,768,0.42040727890910806,0.48333333333333334,0.1624961967506907,0.5429865959334547,0.29716781670950304,0.5770511397592419,0.6601972262897592,0.373992673992674,-0.19252073232452227,0.9999999985848417,0.9735898049644915,0.6886680281169291,heteroscedastic,rbf
4,convnext_s|2,dinov2_b|2,1.0,1.0,546,1024,768,768,0.5840011777810493,0.4166666666666667,0.4124526604414087,0.7189868461583357,0.5037703160683623,0.44028003073508065,0.733462066223505,0.38534798534798537,-0.2733279260936615,0.9999999991349826,0.9788893904519601,0.710303920528675,heteroscedastic,rbf
4,convnext_s|2,mae_b16|2,1.0,1.0,546,1024,768,768,0.1296010822252284,0.21666666666666667,0.0327614097029988,0.15087191921087562,0.02721791136937095,0.45530607017843416,0.3011063206536593,0.13553113553113552,-0.4859551330254632,0.9999999888363401,0.9380106984148574,0.5532146804256683,heteroscedastic,rbf
4,convnext_s|2,vit_sup_b16|2,1.0,1.0,546,1024,768,768,0.5739739832610646,0.5,0.4216710358730203,0.6998658671758295,0.4779365541532979,0.6684026295569025,0.7627696065418224,0.458974358974359,-0.08833804218759089,0.9999999994423182,0.983699543737471,0.7444131785700123,heteroscedastic,rbf
4,dinov2_b|2,mae_b16|2,1.0,1.0,546,1024,768,768,0.2726284795235542,0.2833333333333333,0.2608118762379094,0.21001212306037317,0.19169055312528507,0.4124477076752326,0.34790044283254645,0.15219780219780218,-0.41525245153806467,0.9999999886548945,0.9366372048668545,0.572289579050142,heteroscedastic,rbf
4,dinov2_b|2,vit_sup_b16|2,1.0,1.0,546,1024,768,768,0.5252808480023555,0.4666666666666667,0.32103845195128033,0.7042062634974121,0.419594603610937,0.5479381883377444,0.8546919508851472,0.4956043956043956,-0.05742569017455662,0.9999999992847914,0.9818653225437401,0.75176337730664,heteroscedastic,rbf
4,mae_b16|2,vit_sup_b16|2,1.0,1.0,546,1024,768,768,0.28993191647754574,0.2833333333333333,0.17116607758610622,0.2737245163692035,0.21231636339268142,0.5316315205327413,0.34626096538845663,0.1450549450549451,-0.3451477201573448,0.9999999889433145,0.9412643873575768,0.5729327682822988,heteroscedastic,rbf
4,clip_b16|2,convnext_s|2,10.0,0.1,546,102,768,768,0.22357395437209546,0.3333333333333333,0.07648821841874327,0.39120956640999066,0.09420536353173806,0.3654059591906429,0.5736645100384385,0.33278388278388277,-0.40008148595491067,0.9999999984412222,0.970423346321404,0.6596022247591162,heteroscedastic,rbf
4,clip_b16|2,dinov2_b|2,10.0,0.1,546,102,768,768,0.22908313634204536,0.26666666666666666,0.11290308377248545,0.3858263802373729,0.11208934450657392,0.3561854349867668,0.6669361576790049,0.3791208791208791,-0.23056874168502306,0.9999999982982204,0.968983967956524,0.6812297741924241,heteroscedastic,rbf
4,clip_b16|2,mae_b16|2,10.0,0.1,546,102,768,768,0.25929860916280323,0.23333333333333334,0.12945496853973737,0.37168420614620445,0.17743969102155727,0.6264833945189107,0.45070191351120287,0.1785714285714286,-0.27330775661894124,0.9999999881373676,0.9309742990528795,0.5589068586460858,heteroscedastic,rbf
4,clip_b16|2,vit_sup_b16|2,10.0,0.1,546,102,768,768,0.37744004844457896,0.4,0.21695387451586637,0.5448169239151592,0.26192355939479234,0.553402202680782,0.6601972262897592,0.373992673992674,-0.19252073232452227,0.9999999985848417,0.9735898049644915,0.6886680281169291,heteroscedastic,rbf
4,convnext_s|2,dinov2_b|2,10.0,0.1,546,102,768,768,0.5333701482504118,0.36666666666666664,0.3670706632489391,0.6872892742054173,0.4596442994035878,0.3577221890207462,0.733462066223505,0.38534798534798537,-0.2733279260936615,0.9999999991349826,0.9788893904519601,0.710303920528675,heteroscedastic,rbf
4,convnext_s|2,mae_b16|2,10.0,0.1,546,102,768,768,0.0649299581387726,0.23333333333333334,-0.022516493926213098,0.17181149688377864,-0.03918042776795437,0.38521301118415435,0.3011063206536593,0.13553113553113552,-0.4859551330254632,0.9999999888363401,0.9380106984148574,0.5532146804256683,heteroscedastic,rbf
4,convnext_s|2,vit_sup_b16|2,10.0,0.1,546,102,768,768,0.5502401395559432,0.5833333333333334,0.397670263811164,0.7062834651342627,0.4575763150750589,0.62784939810467,0.7627696065418224,0.458974358974359,-0.08833804218759089,0.9999999994423182,0.983699543737471,0.7444131785700123,heteroscedastic,rbf
4,dinov2_b|2,mae_b16|2,10.0,0.1,546,102,768,768,0.22154511540309832,0.21666666666666667,0.2564210440051895,0.21756299397421622,0.14350002847489002,0.3436352770426022,0.34790044283254645,0.15219780219780218,-0.41525245153806467,0.9999999886548945,0.9366372048668545,0.572289579050142,heteroscedastic,rbf
4,dinov2_b|2,vit_sup_b16|2,10.0,0.1,546,102,768,768,0.4952799313331425,0.38333333333333336,0.33185199056632425,0.6671992323458107,0.4033502075312693,0.5410227951848373,0.8546919508851472,0.4956043956043956,-0.05742569017455662,0.9999999992847914,0.9818653225437401,0.75176337730664,heteroscedastic,rbf
4,mae_b16|2,vit_sup_b16|2,10.0,0.1,546,102,768,768,0.2066375184375512,0.25,0.12266348400820155,0.2963894169397217,0.12295056445544744,0.5316315205327413,0.34626096538845663,0.1450549450549451,-0.3451477201573448,0.9999999889433145,0.9412643873575768,0.5729327682822988,heteroscedastic,rbf
4,clip_b16|2,convnext_s|2,10.0,0.25,546,256,768,768,0.26901291392476084,0.3,0.09059703780569095,0.46703552495141415,0.13473151241333844,0.33671988388969515,0.5736645100384385,0.33278388278388277,-0.40008148595491067,0.9999999984412222,0.970423346321404,0.6596022247591162,heteroscedastic,rbf
4,clip_b16|2,dinov2_b|2,10.0,0.25,546,256,768,768,0.3082395784432734,0.3333333333333333,0.1623603311167706,0.4933599644099789,0.18833795384909416,0.38000512251344654,0.6669361576790049,0.3791208791208791,-0.23056874168502306,0.9999999982982204,0.968983967956524,0.6812297741924241,heteroscedastic,rbf
4,clip_b16|2,mae_b16|2,10.0,0.25,546,256,768,768,0.2785728849246803,0.26666666666666666,0.11367334846426007,0.42034065771721735,0.19129642564659333,0.6747203961410398,0.45070191351120287,0.1785714285714286,-0.27330775661894124,0.9999999881373676,0.9309742990528795,0.5589068586460858,heteroscedastic,rbf
4,clip_b16|2,vit_sup_b16|2,10.0,0.25,546,256,768,768,0.3738767607687799,0.43333333333333335,0.16450075400035333,0.5793943161529934,0.23934978955926053,0.5498164432681636,0.6601972262897592,0.373992673992674,-0.19252073232452227,0.9999999985848417,0.9735898049644915,0.6886680281169291,heteroscedastic,rbf
4,convnext_s|2,dinov2_b|2,10.0,0.25,546,256,768,768,0.57941294281373,0.4166666666666667,0.3724520925374364,0.7487194825483504,0.50831062087146,0.4006659267480577,0.733462066223505,0.38534798534798537,-0.2733279260936615,0.9999999991349826,0.9788893904519601,0.710303920528675,heteroscedastic,rbf
4,convnext_s|2,mae_b16|2,10.0,0.25,546,256,768,768,0.10167606021127834,0.25,0.024641461195355197,0.20875932304115946,-0.0055252953640910285,0.3842738837189447,0.3011063206536593,0.13553113553113552,-0.4859551330254632,0.9999999888363401,0.9380106984148574,0.5532146804256683,heteroscedastic,rbf
4,convnext_s|2,vit_sup_b16|2,10.0,0.25,546,256,768,768,0.5950752085422459,0.55,0.41348962434050807,0.7578024223220701,0.5080560604592282,0.6378382993255357,0.7627696065418224,0.458974358974359,-0.08833804218759089,0.9999999994423182,0.983699543737471,0.7444131785700123,heteroscedastic,rbf
4,dinov2_b|2,mae_b16|2,10.0,0.25,546,256,768,768,0.2548427634521207,0.26666666666666666,0.28147315728190375,0.26923554902438823,0.17410021717481403,0.3252796038589601,0.34790044283254645,0.15219780219780218,-0.41525245153806467,0.9999999886548945,0.9366372048668545,0.572289579050142,heteroscedastic,rbf
4,dinov2_b|2,vit_sup_b16|2,10.0,0.25,546,256,768,768,0.5451361809338359,0.45,0.3030833411659752,0.7636000434542315,0.4552388948475908,0.5290702638094426,0.8546919508851472,0.4956043956043956,-0.05742569017455662,0.9999999992847914,0.9818653225437401,0.75176337730664,heteroscedastic,rbf
4,mae_b16|2,vit_sup_b16|2,10.0,0.25,546,256,768,768,0.23983766621573946,0.2833333333333333,0.1767681986715001,0.30467476490450823,0.1507877773375898,0.5032015709041235,0.34626096538845663,0.1450549450549451,-0.3451477201573448,0.9999999889433145,0.9412643873575768,0.5729327682822988,heteroscedastic,rbf
4,clip_b16|2,convnext_s|2,10.0,1.0,546,1024,768,768,0.24441934560929332,0.3333333333333333,0.08272977062250723,0.4428631311789976,0.10823834350663496,0.3934944079228208,0.5736645100384385,0.33278388278388277,-0.40008148595491067,0.9999999984412222,0.970423346321404,0.6596022247591162,heteroscedastic,rbf
4,clip_b16|2,dinov2_b|2,10.0,1.0,546,1024,768,768,0.2882126339239831,0.36666666666666664,0.14687847807486307,0.48572307869321174,0.16078330229533866,0.43259626056518397,0.6669361576790049,0.3791208791208791,-0.23056874168502306,0.9999999982982204,0.968983967956524,0.6812297741924241,heteroscedastic,rbf
4,clip_b16|2,mae_b16|2,10.0,1.0,546,1024,768,768,0.31850477362437113,0.3,0.13237284477297412,0.470685568698878,0.23539772275257467,0.6934175702211218,0.45070191351120287,0.1785714285714286,-0.27330775661894124,0.9999999881373676,0.9309742990528795,0.5589068586460858,heteroscedastic,rbf
4,clip_b16|2,vit_sup_b16|2,10.0,1.0,546,1024,768,768,0.34162350450973467,0.45,0.11671774507617373,0.5644305331325948,0.20181478021067337,0.5893451720310765,0.6601972262897592,0.373992673992674,-0.19252073232452227,0.9999999985848417,0.9735898049644915,0.6886680281169291,heteroscedastic,rbf
4,convnext_s|2,dinov2_b|2,10.0,1.0,546,1024,768,768,0.6290231361753782,0.4166666666666667,0.43106014192926695,0.7816921960277359,0.5679643122490081,0.4670024758814991,0.733462066223505,0.38534798534798537,-0.2733279260936615,0.9999999991349826,0.9788893904519601,0.710303920528675,heteroscedastic,rbf
4,convnext_s|2,mae_b16|2,10.0,1.0,546,1024,768,768,0.13215125597571103,0.23333333333333334,0.0431881985241326,0.24724703758595545,0.0286158425245976,0.42414411337829755,0.3011063206536593,0.13553113553113552,-0.4859551330254632,0.9999999888363401,0.9380106984148574,0.5532146804256683,heteroscedastic,rbf
4,convnext_s|2,vit_sup_b16|2,10.0,1.0,546,1024,768,768,0.5921563115453098,0.5666666666666667,0.40133935479279503,0.7559022771301999,0.5049339583079484,0.6775377785366685,0.7627696065418224,0.458974358974359,-0.08833804218759089,0.9999999994423182,0.983699543737471,0.7444131785700123,heteroscedastic,rbf
4,dinov2_b|2,mae_b16|2,10.0,1.0,546,1024,768,768,0.27117575326598126,0.2833333333333333,0.25126929233593825,0.32405881513491896,0.18773863215670425,0.41167933065824297,0.34790044283254645,0.15219780219780218,-0.41525245153806467,0.9999999886548945,0.9366372048668545,0.572289579050142,heteroscedastic,rbf
4,dinov2_b|2,vit_sup_b16|2,10.0,1.0,546,1024,768,768,0.557039491776366,0.45,0.2837214100336771,0.7835046508036378,0.46918991380749236,0.5345342781524801,0.8546919508851472,0.4956043956043956,-0.05742569017455662,0.9999999992847914,0.9818653225437401,0.75176337730664,heteroscedastic,rbf
4,mae_b16|2,vit_sup_b16|2,10.0,1.0,546,1024,768,768,0.26557901549726526,0.26666666666666666,0.15947947647161262,0.37255775907979793,0.17869674256737922,0.5220694954324255,0.34626096538845663,0.1450549450549451,-0.3451477201573448,0.9999999889433145,0.9412643873575768,0.5729327682822988,heteroscedastic,rbf
4,clip_b16|2,convnext_s|2,0.1,0.1,546,102,768,768,0.15836055100153054,0.31666666666666665,0.15836055100153054,,0.054810845425682105,0.3925552804576112,0.5736645100384385,0.33278388278388277,-0.40008148595491067,0.9999999984412222,0.970423346321404,0.6596022247591162,homoscedastic,rbf
4,clip_b16|2,dinov2_b|2,0.1,0.1,546,102,768,768,0.1969696582490507,0.26666666666666666,0.1969696582490507,,0.11819471093319836,0.3241697259455306,0.6669361576790049,0.3791208791208791,-0.23056874168502306,0.9999999982982204,0.968983967956524,0.6812297741924241,homoscedastic,rbf
4,clip_b16|2,mae_b16|2,0.1,0.1,546,102,768,768,0.2335163153230981,0.21666666666666667,0.2335163153230981,,0.1717587134804067,0.6168359941944846,0.45070191351120287,0.1785714285714286,-0.27330775661894124,0.9999999881373676,0.9309742990528795,0.5589068586460858,homoscedastic,rbf
4,clip_b16|2,vit_sup_b16|2,0.1,0.1,546,102,768,768,0.3300160278222995,0.36666666666666664,0.3300160278222995,,0.23721348007855136,0.5214718688636557,0.6601972262897592,0.373992673992674,-0.19252073232452227,0.9999999985848417,0.9735898049644915,0.6886680281169291,homoscedastic,rbf
4,convnext_s|2,dinov2_b|2,0.1,0.1,546,102,768,768,0.46079505776404933,0.3333333333333333,0.46079505776404933,,0.4138990422592889,0.31571757875864426,0.733462066223505,0.38534798534798537,-0.2733279260936615,0.9999999991349826,0.9788893904519601,0.710303920528675,homoscedastic,rbf
4,convnext_s|2,mae_b16|2,0.1,0.1,546,102,768,768,0.04510423640065666,0.15,0.04510423640065666,,-0.022692409133928018,0.2950567745240331,0.3011063206536593,0.13553113553113552,-0.4859551330254632,0.9999999888363401,0.9380106984148574,0.5532146804256683,homoscedastic,rbf
4,convnext_s|2,vit_sup_b16|2,0.1,0.1,546,102,768,768,0.4724170344917624,0.5666666666666667,0.4724170344917624,,0.3863134001082265,0.6098352258174679,0.7627696065418224,0.458974358974359,-0.08833804218759089,0.9999999994423182,0.983699543737471,0.7444131785700123,homoscedastic,rbf
4,dinov2_b|2,mae_b16|2,0.1,0.1,546,102,768,768,0.19659293498037492,0.2,0.19659293498037492,,0.1474266465322579,0.37052847263724065,0.34790044283254645,0.15219780219780218,-0.41525245153806467,0.9999999886548945,0.9366372048668545,0.572289579050142,homoscedastic,rbf
4,dinov2_b|2,vit_sup_b16|2,0.1,0.1,546,102,768,768,0.40969447137353154,0.35,0.40969447137353154,,0.33679297777857503,0.5581832152309398,0.8546919508851472,0.4956043956043956,-0.05742569017455662,0.9999999992847914,0.9818653225437401,0.75176337730664,homoscedastic,rbf
4,mae_b16|2,vit_sup_b16|2,0.1,0.1,546,102,768,768,0.14204561679337996,0.21666666666666667,0.14204561679337996,,0.07701695739857489,0.5211303679672159,0.34626096538845663,0.1450549450549451,-0.3451477201573448,0.9999999889433145,0.9412643873575768,0.5729327682822988,homoscedastic,rbf
4,clip_b16|2,convnext_s|2,0.1,0.25,546,256,768,768,0.2699427498409718,0.2833333333333333,0.2699427498409718,,0.1595291675116162,0.3661743362076325,0.5736645100384385,0.33278388278388277,-0.40008148595491067,0.9999999984412222,0.970423346321404,0.6596022247591162,homoscedastic,rbf
4,clip_b16|2,dinov2_b|2,0.1,0.25,546,256,768,768,0.3080840780113278,0.2833333333333333,0.3080840780113278,,0.2217268587923278,0.3454281567489114,0.6669361576790049,0.3791208791208791,-0.23056874168502306,0.9999999982982204,0.968983967956524,0.6812297741924241,homoscedastic,rbf
4,clip_b16|2,mae_b16|2,0.1,0.25,546,256,768,768,0.24975613821149503,0.2,0.24975613821149503,,0.17971811973556343,0.6547425936993084,0.45070191351120287,0.1785714285714286,-0.27330775661894124,0.9999999881373676,0.9309742990528795,0.5589068586460858,homoscedastic,rbf
4,clip_b16|2,vit_sup_b16|2,0.1,0.25,546,256,768,768,0.38589996083322453,0.38333333333333336,0.38589996083322453,,0.27736314789216177,0.513958849141979,0.6601972262897592,0.373992673992674,-0.19252073232452227,0.9999999985848417,0.9735898049644915,0.6886680281169291,homoscedastic,rbf
4,convnext_s|2,dinov2_b|2,0.1,0.25,546,256,768,768,0.5557065991849978,0.35,0.5557065991849978,,0.5078509391645826,0.3619909502262444,0.733462066223505,0.38534798534798537,-0.2733279260936615,0.9999999991349826,0.9788893904519601,0.710303920528675,homoscedastic,rbf
4,convnext_s|2,mae_b16|2,0.1,0.25,546,256,768,768,0.10476601323892566,0.2,0.10476601323892566,,0.028285154621569445,0.3648083326218731,0.3011063206536593,0.13553113553113552,-0.4859551330254632,0.9999999888363401,0.9380106984148574,0.5532146804256683,homoscedastic,rbf
4,convnext_s|2,vit_sup_b16|2,0.1,0.25,546,256,768,768,0.5627426187294965,0.55,0.5627426187294965,,0.4835307580219891,0.6295569025868692,0.7627696065418224,0.458974358974359,-0.08833804218759089,0.9999999994423182,0.983699543737471,0.7444131785700123,homoscedastic,rbf
4,dinov2_b|2,mae_b16|2,0.1,0.25,546,256,768,768,0.2407853910705307,0.23333333333333334,0.2407853910705307,,0.18484352701581622,0.35080679586783914,0.34790044283254645,0.15219780219780218,-0.41525245153806467,0.9999999886548945,0.9366372048668545,0.572289579050142,homoscedastic,rbf
4,dinov2_b|2,vit_sup_b16|2,0.1,0.25,546,256,768,768,0.5074090205806127,0.36666666666666664,0.5074090205806127,,0.43730146420728205,0.5469990608725348,0.8546919508851472,0.4956043956043956,-0.05742569017455662,0.9999999992847914,0.9818653225437401,0.75176337730664,homoscedastic,rbf
4,mae_b16|2,vit_sup_b16|2,0.1,0.25,546,256,768,768,0.19328170356028765,0.23333333333333334,0.19328170356028765,,0.1236195967620149,0.5077264577819517,0.34626096538845663,0.1450549450549451,-0.3451477201573448,0.9999999889433145,0.9412643873575768,0.5729327682822988,homoscedastic,rbf
4,clip_b16|2,convnext_s|2,0.1,1.0,546,1024,768,768,0.30223422842841224,0.31666666666666665,0.30223422842841224,,0.18335823883571023,0.38094424997865617,0.5736645100384385,0.33278388278388277,-0.40008148595491067,0.9999999984412222,0.970423346321404,0.6596022247591162,homoscedastic,rbf
4,clip_b16|2,dinov2_b|2,0.1,1.0,546,1024,768,768,0.3388508856969047,0.31666666666666665,0.3388508856969047,,0.23423371591772604,0.4354990181849227,0.6669361576790049,0.3791208791208791,-0.23056874168502306,0.9999999982982204,0.968983967956524,0.6812297741924241,homoscedastic,rbf
4,clip_b16|2,mae_b16|2,0.1,1.0,546,1024,768,768,0.2743599287775799,0.25,0.2743599287775799,,0.19883297431637842,0.6863314266199949,0.45070191351120287,0.1785714285714286,-0.27330775661894124,0.9999999881373676,0.9309742990528795,0.5589068586460858,homoscedastic,rbf
4,clip_b16|2,vit_sup_b16|2,0.1,1.0,546,1024,768,768,0.4065083514120873,0.4,0.4065083514120873,,0.2867483403805952,0.562878852556988,0.6601972262897592,0.373992673992674,-0.19252073232452227,0.9999999985848417,0.9735898049644915,0.6886680281169291,homoscedastic,rbf
4,convnext_s|2,dinov2_b|2,0.1,1.0,546,1024,768,768,0.603279286886908,0.4166666666666667,0.603279286886908,,0.5489438878411637,0.444121915820029,0.733462066223505,0.38534798534798537,-0.2733279260936615,0.9999999991349826,0.9788893904519601,0.710303920528675,homoscedastic,rbf
4,convnext_s|2,mae_b16|2,0.1,1.0,546,1024,768,768,0.13143108730857583,0.21666666666666667,0.13143108730857583,,0.045201062255589015,0.41620421753607106,0.3011063206536593,0.13553113553113552,-0.4859551330254632,0.9999999888363401,0.9380106984148574,0.5532146804256683,homoscedastic,rbf
4,convnext_s|2,vit_sup_b16|2,0.1,1.0,546,1024,768,768,0.6038243995122209,0.55,0.6038243995122209,,0.5238998392645327,0.6622556134209852,0.7627696065418224,0.458974358974359,-0.08833804218759089,0.9999999994423182,0.983699543737471,0.7444131785700123,homoscedastic,rbf
4,dinov2_b|2,mae_b16|2,0.1,1.0,546,1024,768,768,0.2832177311603643,0.2833333333333333,0.2832177311603643,,0.2177974698109654,0.4190215999316998,0.34790044283254645,0.15219780219780218,-0.41525245153806467,0.9999999886548945,0.9366372048668545,0.572289579050142,homoscedastic,rbf
4,dinov2_b|2,vit_sup_b16|2,0.1,1.0,546,1024,768,768,0.5704681401892783,0.43333333333333335,0.5704681401892783,,0.4980050441025368,0.541705796977717,0.8546919508851472,0.4956043956043956,-0.05742569017455662,0.9999999992847914,0.9818653225437401,0.75176337730664,homoscedastic,rbf
4,mae_b16|2,vit_sup_b16|2,0.1,1.0,546,1024,768,768,0.24854441262336838,0.23333333333333334,0.24854441262336838,,0.17710185705138543,0.5259967557414837,0.34626096538845663,0.1450549450549451,-0.3451477201573448,0.9999999889433145,0.9412643873575768,0.5729327682822988,homoscedastic,rbf
4,clip_b16|2,convnext_s|2,1.0,0.1,546,102,768,768,0.23292686924130343,0.3,0.23292686924130343,,0.11270798974787291,0.37104072398190047,0.5736645100384385,0.33278388278388277,-0.40008148595491067,0.9999999984412222,0.970423346321404,0.6596022247591162,homoscedastic,rbf
4,clip_b16|2,dinov2_b|2,1.0,0.1,546,102,768,768,0.24692124144789288,0.26666666666666666,0.24692124144789288,,0.14249112046468104,0.3590028173823956,0.6669361576790049,0.3791208791208791,-0.23056874168502306,0.9999999982982204,0.968983967956524,0.6812297741924241,homoscedastic,rbf
4,clip_b16|2,mae_b16|2,1.0,0.1,546,102,768,768,0.24644001788893855,0.2,0.24644001788893855,,0.16736723646343474,0.6165798685221547,0.45070191351120287,0.1785714285714286,-0.27330775661894124,0.9999999881373676,0.9309742990528795,0.5589068586460858,homoscedastic,rbf
4,clip_b16|2,vit_sup_b16|2,1.0,0.1,546,102,768,768,0.3835704543623732,0.4,0.3835704543623732,,0.2753649470968629,0.5619397250917784,0.6601972262897592,0.373992673992674,-0.19252073232452227,0.9999999985848417,0.9735898049644915,0.6886680281169291,homoscedastic,rbf
4,convnext_s|2,dinov2_b|2,1.0,0.1,546,102,768,768,0.5457772938258162,0.3333333333333333,0.5457772938258162,,0.48233867735193303,0.34662340988645096,0.733462066223505,0.38534798534798537,-0.2733279260936615,0.9999999991349826,0.9788893904519601,0.710303920528675,homoscedastic,rbf
4,convnext_s|2,mae_b16|2,1.0,0.1,546,102,768,768,0.07603737788160522,0.2,0.07603737788160522,,-0.01930028773128921,0.3606249466404849,0.3011063206536593,0.13553113553113552,-0.4859551330254632,0.9999999888363401,0.9380106984148574,0.5532146804256683,homoscedastic,rbf
4,convnext_s|2,vit_sup_b16|2,1.0,0.1,546,102,768,768,0.5594182761618782,0.6,0.5594182761618782,,0.47284585634202897,0.6292154016904294,0.7627696065418224,0.458974358974359,-0.08833804218759089,0.9999999994423182,0.983699543737471,0.7444131785700123,homoscedastic,rbf
4,dinov2_b|2,mae_b16|2,1.0,0.1,546,102,768,768,0.23569998805552236,0.2,0.23569998805552236,,0.1651793002935648,0.3628447024673439,0.34790044283254645,0.15219780219780218,-0.41525245153806467,0.9999999886548945,0.9366372048668545,0.572289579050142,homoscedastic,rbf
4,dinov2_b|2,vit_sup_b16|2,1.0,0.1,546,102,768,768,0.5073326870352417,0.36666666666666664,0.5073326870352417,,0.424643227128921,0.5376931614445487,0.8546919508851472,0.4956043956043956,-0.05742569017455662,0.9999999992847914,0.9818653225437401,0.75176337730664,homoscedastic,rbf
4,mae_b16|2,vit_sup_b16|2,1.0,0.1,546,102,768,768,0.2020202833896761,0.21666666666666667,0.2020202833896761,,0.12223799947454532,0.5474259369930846,0.34626096538845663,0.1450549450549451,-0.3451477201573448,0.9999999889433145,0.9412643873575768,0.5729327682822988,homoscedastic,rbf
4,clip_b16|2,convnext_s|2,1.0,0.25,546,256,768,768,0.2951202642229562,0.3,0.2951202642229562,,0.17229809571165244,0.33748826090668493,0.5736645100384385,0.33278388278388277,-0.40008148595491067,0.9999999984412222,0.970423346321404,0.6596022247591162,homoscedastic,rbf
4,clip_b16|2,dinov2_b|2,1.0,0.25,546,256,768,768,0.3363763788232745,0.31666666666666665,0.3363763788232745,,0.230647775673577,0.38179800221975585,0.6669361576790049,0.3791208791208791,-0.23056874168502306,0.9999999982982204,0.968983967956524,0.6812297741924241,homoscedastic,rbf
4,clip_b16|2,mae_b16|2,1.0,0.25,546,256,768,768,0.2663089064136289,0.26666666666666666,0.2663089064136289,,0.18288317120875802,0.6750618970374797,0.45070191351120287,0.1785714285714286,-0.27330775661894124,0.9999999881373676,0.9309742990528795,0.5589068586460858,homoscedastic,rbf
4,clip_b16|2,vit_sup_b16|2,1.0,0.25,546,256,768,768,0.39015980599946104,0.43333333333333335,0.39015980599946104,,0.26538181837803676,0.5565610859728507,0.6601972262897592,0.373992673992674,-0.19252073232452227,0.9999999985848417,0.9735898049644915,0.6886680281169291,homoscedastic,rbf
4,convnext_s|2,dinov2_b|2,1.0,0.25,546,256,768,768,0.5954535429265081,0.4166666666666667,0.5954535429265081,,0.5355245216929442,0.399897549731068,0.733462066223505,0.38534798534798537,-0.2733279260936615,0.9999999991349826,0.9788893904519601,0.710303920528675,homoscedastic,rbf
4,convnext_s|2,mae_b16|2,1.0,0.25,546,256,768,768,0.12508445856794045,0.23333333333333334,0.12508445856794045,,0.0289223942212526,0.38871339537266275,0.3011063206536593,0.13553113553113552,-0.4859551330254632,0.9999999888363401,0.9380106984148574,0.5532146804256683,homoscedastic,rbf
4,convnext_s|2,vit_sup_b16|2,1.0,0.25,546,256,768,768,0.6100753057647382,0.5333333333333333,0.6100753057647382,,0.5302615161606486,0.6470588235294117,0.7627696065418224,0.458974358974359,-0.08833804218759089,0.9999999994423182,0.983699543737471,0.7444131785700123,homoscedastic,rbf
4,dinov2_b|2,mae_b16|2,1.0,0.25,546,256,768,768,0.27956933213703367,0.25,0.27956933213703367,,0.21018698122195853,0.3310851190984376,0.34790044283254645,0.15219780219780218,-0.41525245153806467,0.9999999886548945,0.9366372048668545,0.572289579050142,homoscedastic,rbf
4,dinov2_b|2,vit_sup_b16|2,1.0,0.25,546,256,768,768,0.5673959649887916,0.45,0.5673959649887916,,0.49069833628619036,0.5275335097754631,0.8546919508851472,0.4956043956043956,-0.05742569017455662,0.9999999992847914,0.9818653225437401,0.75176337730664,homoscedastic,rbf
4,mae_b16|2,vit_sup_b16|2,1.0,0.25,546,256,768,768,0.24624368401023336,0.26666666666666666,0.24624368401023336,,0.16532433628896132,0.523435499018185,0.34626096538845663,0.1450549450549451,-0.3451477201573448,0.9999999889433145,0.9412643873575768,0.5729327682822988,homoscedastic,rbf
4,clip_b16|2,convnext_s|2,1.0,1.0,546,1024,768,768,0.29242070116861435,0.31666666666666665,0.29242070116861435,,0.17044675388806213,0.37659011354904803,0.5736645100384385,0.33278388278388277,-0.40008148595491067,0.9999999984412222,0.970423346321404,0.6596022247591162,homoscedastic,rbf
4,clip_b16|2,dinov2_b|2,1.0,1.0,546,1024,768,768,0.34063933510926414,0.35,0.34063933510926414,,0.23070793389187874,0.42952275249722527,0.6669361576790049,0.3791208791208791,-0.23056874168502306,0.9999999982982204,0.968983967956524,0.6812297741924241,homoscedastic,rbf
4,clip_b16|2,mae_b16|2,1.0,1.0,546,1024,768,768,0.3074209095025263,0.25,0.3074209095025263,,0.22690323649026894,0.6968325791855203,0.45070191351120287,0.1785714285714286,-0.27330775661894124,0.9999999881373676,0.9309742990528795,0.5589068586460858,homoscedastic,rbf
4,clip_b16|2,vit_sup_b16|2,1.0,1.0,546,1024,768,768,0.37624748957635984,0.43333333333333335,0.37624748957635984,,0.24756660006969608,0.5812345257406301,0.6601972262897592,0.373992673992674,-0.19252073232452227,0.9999999985848417,0.9735898049644915,0.6886680281169291,homoscedastic,rbf
4,convnext_s|2,dinov2_b|2,1.0,1.0,546,1024,768,768,0.6421847282909119,0.4166666666666667,0.6421847282909119,,0.5912617307614201,0.46768547767437885,0.733462066223505,0.38534798534798537,-0.2733279260936615,0.9999999991349826,0.9788893904519601,0.710303920528675,homoscedastic,rbf
4,convnext_s|2,mae_b16|2,1.0,1.0,546,1024,768,768,0.16509895860821833,0.21666666666666667,0.16509895860821833,,0.07437561056034137,0.41424058738154185,0.3011063206536593,0.13553113553113552,-0.4859551330254632,0.9999999888363401,0.9380106984148574,0.5532146804256683,homoscedastic,rbf
4,convnext_s|2,vit_sup_b16|2,1.0,1.0,546,1024,768,768,0.6256993491648587,0.5666666666666667,0.6256993491648587,,0.55052448122287,0.6805259113805173,0.7627696065418224,0.458974358974359,-0.08833804218759089,0.9999999994423182,0.983699543737471,0.7444131785700123,homoscedastic,rbf
4,dinov2_b|2,mae_b16|2,1.0,1.0,546,1024,768,768,0.3091253586815519,0.2833333333333333,0.3091253586815519,,0.23895792257119583,0.41287458379578246,0.34790044283254645,0.15219780219780218,-0.41525245153806467,0.9999999886548945,0.9366372048668545,0.572289579050142,homoscedastic,rbf
4,dinov2_b|2,vit_sup_b16|2,1.0,1.0,546,1024,768,768,0.5984548845969015,0.43333333333333335,0.5984548845969015,,0.5285424494982696,0.5195082387091265,0.8546919508851472,0.4956043956043956,-0.05742569017455662,0.9999999992847914,0.9818653225437401,0.75176337730664,homoscedastic,rbf
4,mae_b16|2,vit_sup_b16|2,1.0,1.0,546,1024,768,768,0.28551384864957957,0.26666666666666666,0.28551384864957957,,0.2080032743571329,0.5276188849995731,0.34626096538845663,0.1450549450549451,-0.3451477201573448,0.9999999889433145,0.9412643873575768,0.5729327682822988,homoscedastic,rbf
4,clip_b16|2,convnext_s|2,10.0,0.1,546,102,768,768,0.24030788974413814,0.31666666666666665,0.24030788974413814,,0.11975598076599568,0.3645522069495432,0.5736645100384385,0.33278388278388277,-0.40008148595491067,0.9999999984412222,0.970423346321404,0.6596022247591162,homoscedastic,rbf
4,clip_b16|2,dinov2_b|2,10.0,0.1,546,102,768,768,0.248125078125217,0.25,0.248125078125217,,0.1393666119846692,0.3708699735336805,0.6669361576790049,0.3791208791208791,-0.23056874168502306,0.9999999982982204,0.968983967956524,0.6812297741924241,homoscedastic,rbf
4,clip_b16|2,mae_b16|2,10.0,0.1,546,102,768,768,0.25415120597557217,0.18333333333333332,0.25415120597557217,,0.17289654237541255,0.6047127123708699,0.45070191351120287,0.1785714285714286,-0.27330775661894124,0.9999999881373676,0.9309742990528795,0.5589068586460858,homoscedastic,rbf
4,clip_b16|2,vit_sup_b16|2,10.0,0.1,546,102,768,768,0.37715771432698414,0.4,0.37715771432698414,,0.26580737396835036,0.5681721164518058,0.6601972262897592,0.373992673992674,-0.19252073232452227,0.9999999985848417,0.9735898049644915,0.6886680281169291,homoscedastic,rbf
4,convnext_s|2,dinov2_b|2,10.0,0.1,546,102,768,768,0.556185100514168,0.36666666666666664,0.556185100514168,,0.4909703243519666,0.34611115854179114,0.733462066223505,0.38534798534798537,-0.2733279260936615,0.9999999991349826,0.9788893904519601,0.710303920528675,homoscedastic,rbf
4,convnext_s|2,mae_b16|2,10.0,0.1,546,102,768,768,0.08515895877488548,0.21666666666666667,0.08515895877488548,,-0.01483545414751539,0.37582173653205836,0.3011063206536593,0.13553113553113552,-0.4859551330254632,0.9999999888363401,0.9380106984148574,0.5532146804256683,homoscedastic,rbf
4,convnext_s|2,vit_sup_b16|2,10.0,0.1,546,102,768,768,0.5734974263817398,0.5833333333333334,0.5734974263817398,,0.4883627390350345,0.6299837787074191,0.7627696065418224,0.458974358974359,-0.08833804218759089,0.9999999994423182,0.983699543737471,0.7444131785700123,homoscedastic,rbf
4,dinov2_b|2,mae_b16|2,10.0,0.1,546,102,768,768,0.24333600926669238,0.2,0.24333600926669238,,0.16908003208729988,0.33953726628532405,0.34790044283254645,0.15219780219780218,-0.41525245153806467,0.9999999886548945,0.9366372048668545,0.572289579050142,homoscedastic,rbf
4,dinov2_b|2,vit_sup_b16|2,10.0,0.1,546,102,768,768,0.5192502201395003,0.38333333333333336,0.5192502201395003,,0.4358743654310607,0.5215572440877657,0.8546919508851472,0.4956043956043956,-0.05742569017455662,0.9999999992847914,0.9818653225437401,0.75176337730664,homoscedastic,rbf
4,mae_b16|2,vit_sup_b16|2,10.0,0.1,546,102,768,768,0.21915927544243174,0.23333333333333334,0.21915927544243174,,0.1377298709325479,0.5452061811662255,0.34626096538845663,0.1450549450549451,-0.3451477201573448,0.9999999889433145,0.9412643873575768,0.5729327682822988,homoscedastic,rbf
4,clip_b16|2,convnext_s|2,10.0,0.25,546,256,768,768,0.29460159611554476,0.3,0.29460159611554476,,0.1724140370051066,0.33654913344147525,0.5736645100384385,0.33278388278388277,-0.40008148595491067,0.9999999984412222,0.970423346321404,0.6596022247591162,homoscedastic,rbf
4,clip_b16|2,dinov2_b|2,10.0,0.25,546,256,768,768,0.3370121583671065,0.3333333333333333,0.3370121583671065,,0.229569521644453,0.3880303935797831,0.6669361576790049,0.3791208791208791,-0.23056874168502306,0.9999999982982204,0.968983967956524,0.6812297741924241,homoscedastic,rbf
4,clip_b16|2,mae_b16|2,10.0,0.25,546,256,768,768,0.2705088625246181,0.2833333333333333,0.2705088625246181,,0.18462389482972563,0.6715615128489711,0.45070191351120287,0.1785714285714286,-0.27330775661894124,0.9999999881373676,0.9309742990528795,0.5589068586460858,homoscedastic,rbf
4,clip_b16|2,vit_sup_b16|2,10.0,0.25,546,256,768,768,0.38352162089339137,0.43333333333333335,0.38352162089339137,,0.25695398012970405,0.5578417143345001,0.6601972262897592,0.373992673992674,-0.19252073232452227,0.9999999985848417,0.9735898049644915,0.6886680281169291,homoscedastic,rbf
4,convnext_s|2,dinov2_b|2,10.0,0.25,546,256,768,768,0.6069665749071524,0.4166666666666667,0.6069665749071524,,0.5475744680354595,0.39767779390420893,0.733462066223505,0.38534798534798537,-0.2733279260936615,0.9999999991349826,0.9788893904519601,0.710303920528675,homoscedastic,rbf
4,convnext_s|2,mae_b16|2,10.0,0.25,546,256,768,768,0.13269859082941896,0.25,0.13269859082941896,,0.03377085494016008,0.38324938102962514,0.3011063206536593,0.13553113553113552,-0.4859551330254632,0.9999999888363401,0.9380106984148574,0.5532146804256683,homoscedastic,rbf
4,convnext_s|2,vit_sup_b16|2,10.0,0.25,546,256,768,768,0.6217925605348904,0.5333333333333333,0.6217925605348904,,0.544623288143209,0.6397165542559549,0.7627696065418224,0.458974358974359,-0.08833804218759089,0.9999999994423182,0.983699543737471,0.7444131785700123,homoscedastic,rbf
4,dinov2_b|2,mae_b16|2,10.0,0.25,546,256,768,768,0.2908045855682932,0.26666666666666666,0.2908045855682932,,0.2193187800029999,0.3245112268419705,0.34790044283254645,0.15219780219780218,-0.41525245153806467,0.9999999886548945,0.9366372048668545,0.572289579050142,homoscedastic,rbf
4,dinov2_b|2,vit_sup_b16|2,10.0,0.25,546,256,768,768,0.5772698813052258,0.45,0.5772698813052258,,0.5009685473146576,0.5174592333304875,0.8546919508851472,0.4956043956043956,-0.05742569017455662,0.9999999992847914,0.9818653225437401,0.75176337730664,homoscedastic,rbf
4,mae_b16|2,vit_sup_b16|2,10.0,0.25,546,256,768,768,0.26022272284089676,0.26666666666666666,0.26022272284089676,,0.17730143649804211,0.5034576965764535,0.34626096538845663,0.1450549450549451,-0.3451477201573448,0.9999999889433145,0.9412643873575768,0.5729327682822988,homoscedastic,rbf
4,clip_b16|2,convnext_s|2,10.0,1.0,546,1024,768,768,0.2804180567168242,0.2833333333333333,0.2804180567168242,,0.16064307895740634,0.3858106377529241,0.5736645100384385,0.33278388278388277,-0.40008148595491067,0.9999999984412222,0.970423346321404,0.6596022247591162,homoscedastic,rbf
4,clip_b16|2,dinov2_b|2,10.0,1.0,546,1024,768,768,0.33084469679082434,0.35,0.33084469679082434,,0.2234365918159885,0.42610774353282677,0.6669361576790049,0.3791208791208791,-0.23056874168502306,0.9999999982982204,0.968983967956524,0.6812297741924241,homoscedastic,rbf
4,clip_b16|2,mae_b16|2,10.0,1.0,546,1024,768,768,0.30868502412506704,0.23333333333333334,0.30868502412506704,,0.22813914151086967,0.6993938359088192,0.45070191351120287,0.1785714285714286,-0.27330775661894124,0.9999999881373676,0.9309742990528795,0.5589068586460858,homoscedastic,rbf
4,clip_b16|2,vit_sup_b16|2,10.0,1.0,546,1024,768,768,0.35735093708593635,0.4,0.35735093708593635,,0.2280824834070873,0.5928455562195851,0.6601972262897592,0.373992673992674,-0.19252073232452227,0.9999999985848417,0.9735898049644915,0.6886680281169291,homoscedastic,rbf
4,convnext_s|2,dinov2_b|2,10.0,1.0,546,1024,768,768,0.6537211492254145,0.38333333333333336,0.6537211492254145,,0.608493086216498,0.4657218475198497,0.733462066223505,0.38534798534798537,-0.2733279260936615,0.9999999991349826,0.9788893904519601,0.710303920528675,homoscedastic,rbf
4,convnext_s|2,mae_b16|2,10.0,1.0,546,1024,768,768,0.17126130905919182,0.21666666666666667,0.17126130905919182,,0.08245861460946341,0.4066421924357551,0.3011063206536593,0.13553113553113552,-0.4859551330254632,0.9999999888363401,0.9380106984148574,0.5532146804256683,homoscedastic,rbf
4,convnext_s|2,vit_sup_b16|2,10.0,1.0,546,1024,768,768,0.6228106189183858,0.5333333333333333,0.6228106189183858,,0.5494803533103099,0.6752326474856996,0.7627696065418224,0.458974358974359,-0.08833804218759089,0.9999999994423182,0.983699543737471,0.7444131785700123,homoscedastic,rbf
4,dinov2_b|2,mae_b16|2,10.0,1.0,546,1024,768,768,0.30821152280978553,0.31666666666666665,0.30821152280978553,,0.23852252290879644,0.3996414240587381,0.34790044283254645,0.15219780219780218,-0.41525245153806467,0.9999999886548945,0.9366372048668545,0.572289579050142,homoscedastic,rbf
4,dinov2_b|2,vit_sup_b16|2,10.0,1.0,546,1024,768,768,0.5946784852180145,0.43333333333333335,0.5946784852180145,,0.527695348865529,0.5264236318620337,0.8546919508851472,0.4956043956043956,-0.05742569017455662,0.9999999992847914,0.9818653225437401,0.75176337730664,homoscedastic,rbf
4,mae_b16|2,vit_sup_b16|2,10.0,1.0,546,1024,768,768,0.28886758018772274,0.26666666666666666,0.28886758018772274,,0.2110504886415086,0.5218987449842055,0.34626096538845663,0.1450549450549451,-0.3451477201573448,0.9999999889433145,0.9412643873575768,0.5729327682822988,homoscedastic,rbf
