seed,a,b,prior,fraction,n_alignment,n_train,dim_a,dim_b,eu_agreement,acquisition_overlap,eu_group0,eu_group1,eu_id,eu_heldout,cka,mknn,predictivity,cca_type,smoother_001,smoother_1,noise_condition,head
0,clip_b16|2,convnext_s|2,0.1,0.1,539,102,768,768,0.2008252245145125,0.26666666666666666,0.17045583818762433,0.21958825160670342,0.2784088882548062,0.4109993293091884,0.5841671323417437,0.3291280148423006,-0.41784019815677154,0.9999999986229146,0.972277122497384,0.6627256868254502,heteroscedastic,rbf
0,clip_b16|2,dinov2_b|2,0.1,0.1,539,102,768,768,0.27678987997188875,0.21666666666666667,0.1806906898433789,0.31326060614184786,0.34375046610485493,0.2719315895372233,0.6808773059204521,0.3786641929499073,-0.21690315849429087,0.9999999984680537,0.9704915705853312,0.6860448145443845,heteroscedastic,rbf
0,clip_b16|2,mae_b16|2,0.1,0.1,539,102,768,768,0.28500206945019285,0.2,0.1566780564960217,0.3737977127323412,0.31517491496626215,0.3191817572099262,0.4731902932482239,0.16419294990723562,-0.37877547201697936,0.9999999894442084,0.932959061718093,0.5558203048974674,heteroscedastic,rbf
0,clip_b16|2,vit_sup_b16|2,0.1,0.1,539,102,768,768,0.3628004522234784,0.36666666666666664,0.15413686593566403,0.4546119713056851,0.4241471497080157,0.27276995305164314,0.6718199849197082,0.36307977736549163,-0.19052447974414005,0.9999999987755788,0.9750132348718096,0.69377416519753,heteroscedastic,rbf
0,convnext_s|2,dinov2_b|2,0.1,0.1,539,102,768,768,0.4757062102950285,0.31666666666666665,0.518373939965002,0.392364063797291,0.41798702688330674,0.3921864520456069,0.7119813766835603,0.40278293135435994,-0.2656258029223433,0.9999999992465076,0.9802099957763081,0.7133363180635897,heteroscedastic,rbf
0,convnext_s|2,mae_b16|2,0.1,0.1,539,102,768,768,0.183515009763916,0.21666666666666667,0.1709698272259994,0.1794668143440296,0.12767074028799605,0.3671361502347418,0.29478247888740555,0.12133580705009278,-0.6302004104376087,0.9999999901196908,0.9405953638208177,0.5550414262504466,heteroscedastic,rbf
0,convnext_s|2,vit_sup_b16|2,0.1,0.1,539,102,768,768,0.5573988261078502,0.5,0.6133796019316643,0.4447185933563618,0.528487518117293,0.5433601609657946,0.7389673457449746,0.4641929499072356,-0.11886677731925377,0.9999999995276334,0.9848175568982995,0.7468248142347401,heteroscedastic,rbf
0,dinov2_b|2,mae_b16|2,0.1,0.1,539,102,768,768,0.26603190564418233,0.2,0.28037365205925396,0.1975343912595555,0.24056960445126088,0.2196177062374245,0.3448770708800866,0.14007421150278293,-0.4800378686422879,0.9999999899832394,0.9391219120672206,0.5734141722899516,heteroscedastic,rbf
0,dinov2_b|2,vit_sup_b16|2,0.1,0.1,539,102,768,768,0.4426605073902983,0.36666666666666664,0.3800587708724928,0.471251367370061,0.3995918542704932,0.48407109322602276,0.8440666577990588,0.49220779220779215,-0.017059020904397093,0.9999999993584882,0.9824986611513862,0.7512059843315055,heteroscedastic,rbf
0,mae_b16|2,vit_sup_b16|2,0.1,0.1,539,102,768,768,0.2513074202983897,0.2,0.17984566310965885,0.2803454220436391,0.22554740975399393,0.2832997987927565,0.3501829690585678,0.13469387755102039,-0.42846951779439557,0.9999999902393963,0.9431115661947282,0.5767357564682754,heteroscedastic,rbf
0,clip_b16|2,convnext_s|2,0.1,0.25,539,256,768,768,0.2269630193417204,0.25,0.21660522460871684,0.18358267851771917,0.3000693888271018,0.41602951039570757,0.5841671323417437,0.3291280148423006,-0.41784019815677154,0.9999999986229146,0.972277122497384,0.6627256868254502,heteroscedastic,rbf
0,clip_b16|2,dinov2_b|2,0.1,0.25,539,256,768,768,0.27092425256736824,0.18333333333333332,0.2097594657101918,0.2698862454231328,0.3328004876672709,0.29211938296445333,0.6808773059204521,0.3786641929499073,-0.21690315849429087,0.9999999984680537,0.9704915705853312,0.6860448145443845,heteroscedastic,rbf
0,clip_b16|2,mae_b16|2,0.1,0.25,539,256,768,768,0.3312629201747782,0.2833333333333333,0.16303031403112797,0.3805878553242185,0.3513548654861919,0.3219651240778001,0.4731902932482239,0.16419294990723562,-0.37877547201697936,0.9999999894442084,0.932959061718093,0.5558203048974674,heteroscedastic,rbf
0,clip_b16|2,vit_sup_b16|2,0.1,0.25,539,256,768,768,0.39709426970630474,0.3333333333333333,0.25448981106589647,0.4414399771669795,0.4596211337615554,0.2920523138832998,0.6718199849197082,0.36307977736549163,-0.19052447974414005,0.9999999987755788,0.9750132348718096,0.69377416519753,heteroscedastic,rbf
0,convnext_s|2,dinov2_b|2,0.1,0.25,539,256,768,768,0.5437820660612945,0.4166666666666667,0.5990702189898822,0.4179858628527479,0.4721005846170806,0.40902079141515757,0.7119813766835603,0.40278293135435994,-0.2656258029223433,0.9999999992465076,0.9802099957763081,0.7133363180635897,heteroscedastic,rbf
0,convnext_s|2,mae_b16|2,0.1,0.25,539,256,768,768,0.22069155747654853,0.23333333333333334,0.226068014408227,0.17661101117941094,0.1878148842276602,0.31981891348088526,0.29478247888740555,0.12133580705009278,-0.6302004104376087,0.9999999901196908,0.9405953638208177,0.5550414262504466,heteroscedastic,rbf
0,convnext_s|2,vit_sup_b16|2,0.1,0.25,539,256,768,768,0.602529673693538,0.48333333333333334,0.6515362790895781,0.47013708469581617,0.5627392536485877,0.545741113346747,0.7389673457449746,0.4641929499072356,-0.11886677731925377,0.9999999995276334,0.9848175568982995,0.7468248142347401,heteroscedastic,rbf
0,dinov2_b|2,mae_b16|2,0.1,0.25,539,256,768,768,0.28651240697890823,0.21666666666666667,0.33411246403649253,0.17091839513133872,0.27323147658775576,0.23514419852448015,0.3448770708800866,0.14007421150278293,-0.4800378686422879,0.9999999899832394,0.9391219120672206,0.5734141722899516,heteroscedastic,rbf
0,dinov2_b|2,vit_sup_b16|2,0.1,0.25,539,256,768,768,0.5036338434273427,0.43333333333333335,0.4938731967476355,0.46460812018837233,0.44950665840918014,0.4904091213950369,0.8440666577990588,0.49220779220779215,-0.017059020904397093,0.9999999993584882,0.9824986611513862,0.7512059843315055,heteroscedastic,rbf
0,mae_b16|2,vit_sup_b16|2,0.1,0.25,539,256,768,768,0.29885610793363315,0.25,0.248711208429564,0.27187575664401514,0.279056895595755,0.34037558685446007,0.3501829690585678,0.13469387755102039,-0.42846951779439557,0.9999999902393963,0.9431115661947282,0.5767357564682754,heteroscedastic,rbf
0,clip_b16|2,convnext_s|2,0.1,1.0,539,1024,768,768,0.27046436240100663,0.2,0.2509803082891875,0.18900328671498573,0.33048860758672793,0.42837022132796776,0.5841671323417437,0.3291280148423006,-0.41784019815677154,0.9999999986229146,0.972277122497384,0.6627256868254502,heteroscedastic,rbf
0,clip_b16|2,dinov2_b|2,0.1,1.0,539,1024,768,768,0.29134864263511845,0.21666666666666667,0.2714586379901519,0.25356800852551914,0.3482116975295632,0.3342387659289067,0.6808773059204521,0.3786641929499073,-0.21690315849429087,0.9999999984680537,0.9704915705853312,0.6860448145443845,heteroscedastic,rbf
0,clip_b16|2,mae_b16|2,0.1,1.0,539,1024,768,768,0.3760754890985808,0.23333333333333334,0.16842001027618647,0.41010601324460394,0.3947440395321766,0.26227364185110663,0.4731902932482239,0.16419294990723562,-0.37877547201697936,0.9999999894442084,0.932959061718093,0.5558203048974674,heteroscedastic,rbf
0,clip_b16|2,vit_sup_b16|2,0.1,1.0,539,1024,768,768,0.41565898794163314,0.2833333333333333,0.3019903057354168,0.4282428488326143,0.4773733248596821,0.30368879946344735,0.6718199849197082,0.36307977736549163,-0.19052447974414005,0.9999999987755788,0.9750132348718096,0.69377416519753,heteroscedastic,rbf
0,convnext_s|2,dinov2_b|2,0.1,1.0,539,1024,768,768,0.6264511290309139,0.5333333333333333,0.6520527841582109,0.5187421508001471,0.5368527627453332,0.4930918846411804,0.7119813766835603,0.40278293135435994,-0.2656258029223433,0.9999999992465076,0.9802099957763081,0.7133363180635897,heteroscedastic,rbf
0,convnext_s|2,mae_b16|2,0.1,1.0,539,1024,768,768,0.21178403273342425,0.21666666666666667,0.19899948259634917,0.14862045381745143,0.2041665720946671,0.3099597585513078,0.29478247888740555,0.12133580705009278,-0.6302004104376087,0.9999999901196908,0.9405953638208177,0.5550414262504466,heteroscedastic,rbf
0,convnext_s|2,vit_sup_b16|2,0.1,1.0,539,1024,768,768,0.6567753243759009,0.5166666666666667,0.6788186734733672,0.5303586174963604,0.5960866646995691,0.5802481556002682,0.7389673457449746,0.4641929499072356,-0.11886677731925377,0.9999999995276334,0.9848175568982995,0.7468248142347401,heteroscedastic,rbf
0,dinov2_b|2,mae_b16|2,0.1,1.0,539,1024,768,768,0.2906999741665949,0.25,0.36262555664922996,0.13407110575659653,0.2999821664229411,0.19346076458752515,0.3448770708800866,0.14007421150278293,-0.4800378686422879,0.9999999899832394,0.9391219120672206,0.5734141722899516,heteroscedastic,rbf
0,dinov2_b|2,vit_sup_b16|2,0.1,1.0,539,1024,768,768,0.563294564707124,0.43333333333333335,0.5621003892478525,0.4891832196290249,0.48533990797874244,0.5091213950368879,0.8440666577990588,0.49220779220779215,-0.017059020904397093,0.9999999993584882,0.9824986611513862,0.7512059843315055,heteroscedastic,rbf
0,mae_b16|2,vit_sup_b16|2,0.1,1.0,539,1024,768,768,0.3247379576054377,0.18333333333333332,0.285036574992708,0.2687663773720746,0.32545645851099364,0.32572099262240106,0.3501829690585678,0.13469387755102039,-0.42846951779439557,0.9999999902393963,0.9431115661947282,0.5767357564682754,heteroscedastic,rbf
0,clip_b16|2,convnext_s|2,1.0,0.1,539,102,768,768,0.23494559707110294,0.21666666666666667,0.2163830950802443,0.35575471147479354,0.28531064470002304,0.428001341381623,0.5841671323417437,0.3291280148423006,-0.41784019815677154,0.9999999986229146,0.972277122497384,0.6627256868254502,heteroscedastic,rbf
0,clip_b16|2,dinov2_b|2,1.0,0.1,539,102,768,768,0.29775316042544564,0.16666666666666666,0.2170458893367223,0.4409574006103141,0.3483285074592989,0.28356807511737087,0.6808773059204521,0.3786641929499073,-0.21690315849429087,0.9999999984680537,0.9704915705853312,0.6860448145443845,heteroscedastic,rbf
0,clip_b16|2,mae_b16|2,1.0,0.1,539,102,768,768,0.27720027000075,0.25,0.12212972616065824,0.39153631095356617,0.2850182550979712,0.3099597585513078,0.4731902932482239,0.16419294990723562,-0.37877547201697936,0.9999999894442084,0.932959061718093,0.5558203048974674,heteroscedastic,rbf
0,clip_b16|2,vit_sup_b16|2,1.0,0.1,539,102,768,768,0.3659724610346139,0.3333333333333333,0.2184821831810207,0.5615132908230303,0.4119232864364298,0.32334004024144863,0.6718199849197082,0.36307977736549163,-0.19052447974414005,0.9999999987755788,0.9750132348718096,0.69377416519753,heteroscedastic,rbf
0,convnext_s|2,dinov2_b|2,1.0,0.1,539,102,768,768,0.5955017097269714,0.48333333333333334,0.5911562255304826,0.6035678270007726,0.5293979222261492,0.4397048960429241,0.7119813766835603,0.40278293135435994,-0.2656258029223433,0.9999999992465076,0.9802099957763081,0.7133363180635897,heteroscedastic,rbf
0,convnext_s|2,mae_b16|2,1.0,0.1,539,102,768,768,0.16556173767149351,0.25,0.197263781151375,0.17396465964528945,0.11387630630951956,0.3523809523809523,0.29478247888740555,0.12133580705009278,-0.6302004104376087,0.9999999901196908,0.9405953638208177,0.5550414262504466,heteroscedastic,rbf
0,convnext_s|2,vit_sup_b16|2,1.0,0.1,539,102,768,768,0.6417965049902916,0.48333333333333334,0.6542654530534814,0.6404631506161088,0.589785575554381,0.5695506371562709,0.7389673457449746,0.4641929499072356,-0.11886677731925377,0.9999999995276334,0.9848175568982995,0.7468248142347401,heteroscedastic,rbf
0,dinov2_b|2,mae_b16|2,1.0,0.1,539,102,768,768,0.2822107283631343,0.21666666666666667,0.33863233267814713,0.22198437825959097,0.261590284915712,0.22313883299798787,0.3448770708800866,0.14007421150278293,-0.4800378686422879,0.9999999899832394,0.9391219120672206,0.5734141722899516,heteroscedastic,rbf
0,dinov2_b|2,vit_sup_b16|2,1.0,0.1,539,102,768,768,0.527487465242959,0.43333333333333335,0.44358494055249514,0.6375163058094341,0.4621581222216098,0.4924547283702213,0.8440666577990588,0.49220779220779215,-0.017059020904397093,0.9999999993584882,0.9824986611513862,0.7512059843315055,heteroscedastic,rbf
0,mae_b16|2,vit_sup_b16|2,1.0,0.1,539,102,768,768,0.25099058608496133,0.21666666666666667,0.21459599473143268,0.29554155673946925,0.22082353837623658,0.2789067739771965,0.3501829690585678,0.13469387755102039,-0.42846951779439557,0.9999999902393963,0.9431115661947282,0.5767357564682754,heteroscedastic,rbf
0,clip_b16|2,convnext_s|2,1.0,0.25,539,256,768,768,0.24288595246097902,0.25,0.24627317510977534,0.30368950443464954,0.2670120976501831,0.4551643192488262,0.5841671323417437,0.3291280148423006,-0.41784019815677154,0.9999999986229146,0.972277122497384,0.6627256868254502,heteroscedastic,rbf
0,clip_b16|2,dinov2_b|2,1.0,0.25,539,256,768,768,0.24767618798941107,0.3,0.24436171097965054,0.337293365493933,0.2696269864172992,0.3317236753856472,0.6808773059204521,0.3786641929499073,-0.21690315849429087,0.9999999984680537,0.9704915705853312,0.6860448145443845,heteroscedastic,rbf
0,clip_b16|2,mae_b16|2,1.0,0.25,539,256,768,768,0.31079152997647214,0.21666666666666667,0.17111252208490488,0.390834787625821,0.3113227001981148,0.3209590878604963,0.4731902932482239,0.16419294990723562,-0.37877547201697936,0.9999999894442084,0.932959061718093,0.5558203048974674,heteroscedastic,rbf
0,clip_b16|2,vit_sup_b16|2,1.0,0.25,539,256,768,768,0.35927888688579684,0.31666666666666665,0.2713479326588096,0.4989062435855438,0.3888934913928672,0.3298457411133467,0.6718199849197082,0.36307977736549163,-0.19052447974414005,0.9999999987755788,0.9750132348718096,0.69377416519753,heteroscedastic,rbf
0,convnext_s|2,dinov2_b|2,1.0,0.25,539,256,768,768,0.643905621960061,0.5333333333333333,0.6491726483788408,0.6376352743355566,0.5563684514294422,0.46830985915492956,0.7119813766835603,0.40278293135435994,-0.2656258029223433,0.9999999992465076,0.9802099957763081,0.7133363180635897,heteroscedastic,rbf
0,convnext_s|2,mae_b16|2,1.0,0.25,539,256,768,768,0.18906074739096496,0.2,0.246882413865052,0.16685056519824315,0.15607898004909096,0.3455063715627096,0.29478247888740555,0.12133580705009278,-0.6302004104376087,0.9999999901196908,0.9405953638208177,0.5550414262504466,heteroscedastic,rbf
0,convnext_s|2,vit_sup_b16|2,1.0,0.25,539,256,768,768,0.6756687657465714,0.5166666666666667,0.6927208189462829,0.6555146240524757,0.6074665944677001,0.5794433266264252,0.7389673457449746,0.4641929499072356,-0.11886677731925377,0.9999999995276334,0.9848175568982995,0.7468248142347401,heteroscedastic,rbf
0,dinov2_b|2,mae_b16|2,1.0,0.25,539,256,768,768,0.2729935360931558,0.2,0.3835826509649605,0.19336546600614,0.2603225607719669,0.24091213950368878,0.3448770708800866,0.14007421150278293,-0.4800378686422879,0.9999999899832394,0.9391219120672206,0.5734141722899516,heteroscedastic,rbf
0,dinov2_b|2,vit_sup_b16|2,1.0,0.25,539,256,768,768,0.5695236931213697,0.4666666666666667,0.5388644903843613,0.6307311900566888,0.4857183851209603,0.5022468142186451,0.8440666577990588,0.49220779220779215,-0.017059020904397093,0.9999999993584882,0.9824986611513862,0.7512059843315055,heteroscedastic,rbf
0,mae_b16|2,vit_sup_b16|2,1.0,0.25,539,256,768,768,0.28280456334600923,0.2,0.28907013092882317,0.28007397273051476,0.26076013190362085,0.3652246814218645,0.3501829690585678,0.13469387755102039,-0.42846951779439557,0.9999999902393963,0.9431115661947282,0.5767357564682754,heteroscedastic,rbf
0,clip_b16|2,convnext_s|2,1.0,1.0,539,1024,768,768,0.27057097380826056,0.25,0.2869976408622004,0.2764730802990075,0.29110331477560497,0.4628772635814889,0.5841671323417437,0.3291280148423006,-0.41784019815677154,0.9999999986229146,0.972277122497384,0.6627256868254502,heteroscedastic,rbf
0,clip_b16|2,dinov2_b|2,1.0,1.0,539,1024,768,768,0.27514820874502427,0.23333333333333334,0.30580820193515074,0.30392688294921294,0.2957265885664074,0.393158953722334,0.6808773059204521,0.3786641929499073,-0.21690315849429087,0.9999999984680537,0.9704915705853312,0.6860448145443845,heteroscedastic,rbf
0,clip_b16|2,mae_b16|2,1.0,1.0,539,1024,768,768,0.3449761804893902,0.25,0.18303347344626597,0.4027416939163238,0.3544281582454354,0.2819584171696848,0.4731902932482239,0.16419294990723562,-0.37877547201697936,0.9999999894442084,0.932959061718093,0.5558203048974674,heteroscedastic,rbf
0,clip_b16|2,vit_sup_b16|2,1.0,1.0,539,1024,768,768,0.37056169600471106,0.2833333333333333,0.3035103474440098,0.4528352629413879,0.3994127078827653,0.3525150905432595,0.6718199849197082,0.36307977736549163,-0.19052447974414005,0.9999999987755788,0.9750132348718096,0.69377416519753,heteroscedastic,rbf
0,convnext_s|2,dinov2_b|2,1.0,1.0,539,1024,768,768,0.6851034030650084,0.5666666666666667,0.6962339160519315,0.6589842601288713,0.5891694254669966,0.5518108651911469,0.7119813766835603,0.40278293135435994,-0.2656258029223433,0.9999999992465076,0.9802099957763081,0.7133363180635897,heteroscedastic,rbf
0,convnext_s|2,mae_b16|2,1.0,1.0,539,1024,768,768,0.17381337170381025,0.2,0.2157637922039365,0.14981237322940064,0.15478239793519602,0.33138832997987927,0.29478247888740555,0.12133580705009278,-0.6302004104376087,0.9999999901196908,0.9405953638208177,0.5550414262504466,heteroscedastic,rbf
0,convnext_s|2,vit_sup_b16|2,1.0,1.0,539,1024,768,768,0.684768068800191,0.55,0.694730767689355,0.6501962282508919,0.6038438654116152,0.5795103957075788,0.7389673457449746,0.4641929499072356,-0.11886677731925377,0.9999999995276334,0.9848175568982995,0.7468248142347401,heteroscedastic,rbf
0,dinov2_b|2,mae_b16|2,1.0,1.0,539,1024,768,768,0.2587794410540029,0.21666666666666667,0.37722643966802066,0.157363802680925,0.25938783814893956,0.2241784037558685,0.3448770708800866,0.14007421150278293,-0.4800378686422879,0.9999999899832394,0.9391219120672206,0.5734141722899516,heteroscedastic,rbf
0,dinov2_b|2,vit_sup_b16|2,1.0,1.0,539,1024,768,768,0.600157167103242,0.48333333333333334,0.5906084498000744,0.6197196196693513,0.5015779473228558,0.533065057008719,0.8440666577990588,0.49220779220779215,-0.017059020904397093,0.9999999993584882,0.9824986611513862,0.7512059843315055,heteroscedastic,rbf
0,mae_b16|2,vit_sup_b16|2,1.0,1.0,539,1024,768,768,0.3033626204517234,0.18333333333333332,0.3111252927356276,0.27719750367168705,0.30093658704244713,0.3445003353454057,0.3501829690585678,0.13469387755102039,-0.42846951779439557,0.9999999902393963,0.9431115661947282,0.5767357564682754,heteroscedastic,rbf
0,clip_b16|2,convnext_s|2,10.0,0.1,539,102,768,768,0.26569218247828463,0.21666666666666667,0.2033583253015058,0.39560469942434306,0.28590498918636736,0.42763246143527833,0.5841671323417437,0.3291280148423006,-0.41784019815677154,0.9999999986229146,0.972277122497384,0.6627256868254502,heteroscedastic,rbf
0,clip_b16|2,dinov2_b|2,10.0,0.1,539,102,768,768,0.29188653301814727,0.2,0.21109727494154276,0.4465232286047254,0.3184075750550409,0.30479543930248154,0.6808773059204521,0.3786641929499073,-0.21690315849429087,0.9999999984680537,0.9704915705853312,0.6860448145443845,heteroscedastic,rbf
0,clip_b16|2,mae_b16|2,10.0,0.1,539,102,768,768,0.2542932063700177,0.2,0.11945698316110806,0.3954226161402309,0.2467370228302211,0.3287055667337357,0.4731902932482239,0.16419294990723562,-0.37877547201697936,0.9999999894442084,0.932959061718093,0.5558203048974674,heteroscedastic,rbf
0,clip_b16|2,vit_sup_b16|2,10.0,0.1,539,102,768,768,0.35822716174211594,0.2833333333333333,0.19795820550252227,0.5645461504326292,0.38262782621665525,0.34201877934272296,0.6718199849197082,0.36307977736549163,-0.19052447974414005,0.9999999987755788,0.9750132348718096,0.69377416519753,heteroscedastic,rbf
0,convnext_s|2,dinov2_b|2,10.0,0.1,539,102,768,768,0.6498595829432858,0.5166666666666667,0.6077224876134931,0.6828974924171528,0.5779744785299945,0.4682427900737759,0.7119813766835603,0.40278293135435994,-0.2656258029223433,0.9999999992465076,0.9802099957763081,0.7133363180635897,heteroscedastic,rbf
0,convnext_s|2,mae_b16|2,10.0,0.1,539,102,768,768,0.1563240453445704,0.23333333333333334,0.17072433455941885,0.20820190243519632,0.10885712710800986,0.3535881958417169,0.29478247888740555,0.12133580705009278,-0.6302004104376087,0.9999999901196908,0.9405953638208177,0.5550414262504466,heteroscedastic,rbf
0,convnext_s|2,vit_sup_b16|2,10.0,0.1,539,102,768,768,0.6870430195639431,0.55,0.6614055874921667,0.7134176669378366,0.6269718261907156,0.5845741113346746,0.7389673457449746,0.4641929499072356,-0.11886677731925377,0.9999999995276334,0.9848175568982995,0.7468248142347401,heteroscedastic,rbf
0,dinov2_b|2,mae_b16|2,10.0,0.1,539,102,768,768,0.28298367495465265,0.21666666666666667,0.342657621657701,0.2730107052124691,0.26538218976871475,0.2404091213950369,0.3448770708800866,0.14007421150278293,-0.4800378686422879,0.9999999899832394,0.9391219120672206,0.5734141722899516,heteroscedastic,rbf
0,dinov2_b|2,vit_sup_b16|2,10.0,0.1,539,102,768,768,0.5632003422231727,0.48333333333333334,0.4449784618824112,0.7032991983029391,0.4871138625258182,0.5042588866532528,0.8440666577990588,0.49220779220779215,-0.017059020904397093,0.9999999993584882,0.9824986611513862,0.7512059843315055,heteroscedastic,rbf
0,mae_b16|2,vit_sup_b16|2,10.0,0.1,539,102,768,768,0.23877932994258316,0.18333333333333332,0.18889366734952928,0.33069200863834375,0.20559577117250905,0.33041582830315225,0.3501829690585678,0.13469387755102039,-0.42846951779439557,0.9999999902393963,0.9431115661947282,0.5767357564682754,heteroscedastic,rbf
0,clip_b16|2,convnext_s|2,10.0,0.25,539,256,768,768,0.2714695874155206,0.23333333333333334,0.22346859571904643,0.3650677687732194,0.26387792754379763,0.4643527833668678,0.5841671323417437,0.3291280148423006,-0.41784019815677154,0.9999999986229146,0.972277122497384,0.6627256868254502,heteroscedastic,rbf
0,clip_b16|2,dinov2_b|2,10.0,0.25,539,256,768,768,0.2878661885171903,0.26666666666666666,0.2300616732931116,0.4166922895827975,0.2846409128197479,0.3522468142186452,0.6808773059204521,0.3786641929499073,-0.21690315849429087,0.9999999984680537,0.9704915705853312,0.6860448145443845,heteroscedastic,rbf
0,clip_b16|2,mae_b16|2,10.0,0.25,539,256,768,768,0.2616952824868958,0.15,0.14414894467806585,0.4077149134308483,0.24734020304338097,0.31435278336686784,0.4731902932482239,0.16419294990723562,-0.37877547201697936,0.9999999894442084,0.932959061718093,0.5558203048974674,heteroscedastic,rbf
0,clip_b16|2,vit_sup_b16|2,10.0,0.25,539,256,768,768,0.35429920638668444,0.3,0.22600044102416092,0.5253921004340117,0.35670858638098357,0.35013413816230715,0.6718199849197082,0.36307977736549163,-0.19052447974414005,0.9999999987755788,0.9750132348718096,0.69377416519753,heteroscedastic,rbf
0,convnext_s|2,dinov2_b|2,10.0,0.25,539,256,768,768,0.6884240789557748,0.5166666666666667,0.6587702255135892,0.7148262989701402,0.6027532611127504,0.490040241448692,0.7119813766835603,0.40278293135435994,-0.2656258029223433,0.9999999992465076,0.9802099957763081,0.7133363180635897,heteroscedastic,rbf
0,convnext_s|2,mae_b16|2,10.0,0.25,539,256,768,768,0.19354448206800573,0.21666666666666667,0.22211712803772465,0.2393040732198217,0.15349351668412195,0.34580818242790073,0.29478247888740555,0.12133580705009278,-0.6302004104376087,0.9999999901196908,0.9405953638208177,0.5550414262504466,heteroscedastic,rbf
0,convnext_s|2,vit_sup_b16|2,10.0,0.25,539,256,768,768,0.6998259439609553,0.5333333333333333,0.6946035284448903,0.6983505544463927,0.6244138427467599,0.5861167002012072,0.7389673457449746,0.4641929499072356,-0.11886677731925377,0.9999999995276334,0.9848175568982995,0.7468248142347401,heteroscedastic,rbf
0,dinov2_b|2,mae_b16|2,10.0,0.25,539,256,768,768,0.2942807618910052,0.23333333333333334,0.3711430379376028,0.30526793192207613,0.2772413563894464,0.25244802146210593,0.3448770708800866,0.14007421150278293,-0.4800378686422879,0.9999999899832394,0.9391219120672206,0.5734141722899516,heteroscedastic,rbf
0,dinov2_b|2,vit_sup_b16|2,10.0,0.25,539,256,768,768,0.6187833855094041,0.5,0.529941209358698,0.72020613391667,0.5346625562973603,0.5149899396378269,0.8440666577990588,0.49220779220779215,-0.017059020904397093,0.9999999993584882,0.9824986611513862,0.7512059843315055,heteroscedastic,rbf
0,mae_b16|2,vit_sup_b16|2,10.0,0.25,539,256,768,768,0.2845046236239545,0.18333333333333332,0.2619315097026214,0.3618494746534203,0.2555421083179046,0.36492287055667333,0.3501829690585678,0.13469387755102039,-0.42846951779439557,0.9999999902393963,0.9431115661947282,0.5767357564682754,heteroscedastic,rbf
0,clip_b16|2,convnext_s|2,10.0,1.0,539,1024,768,768,0.24617107269742414,0.23333333333333334,0.25007094306744704,0.31244960942856287,0.24320597457256157,0.4416498993963782,0.5841671323417437,0.3291280148423006,-0.41784019815677154,0.9999999986229146,0.972277122497384,0.6627256868254502,heteroscedastic,rbf
0,clip_b16|2,dinov2_b|2,10.0,1.0,539,1024,768,768,0.2521484781902172,0.23333333333333334,0.26526273376392195,0.34244922683025114,0.2511971193909347,0.39788732394366194,0.6808773059204521,0.3786641929499073,-0.21690315849429087,0.9999999984680537,0.9704915705853312,0.6860448145443845,heteroscedastic,rbf
0,clip_b16|2,mae_b16|2,10.0,1.0,539,1024,768,768,0.2823005063902955,0.23333333333333334,0.15096918384111915,0.41318523148175296,0.27726948480417113,0.2815560026827632,0.4731902932482239,0.16419294990723562,-0.37877547201697936,0.9999999894442084,0.932959061718093,0.5558203048974674,heteroscedastic,rbf
0,clip_b16|2,vit_sup_b16|2,10.0,1.0,539,1024,768,768,0.3196803880010778,0.26666666666666666,0.24131803323352483,0.4697220911985911,0.3244392150632119,0.36006036217303816,0.6718199849197082,0.36307977736549163,-0.19052447974414005,0.9999999987755788,0.9750132348718096,0.69377416519753,heteroscedastic,rbf
0,convnext_s|2,dinov2_b|2,10.0,1.0,539,1024,768,768,0.7009568915469209,0.5666666666666667,0.6958220059554436,0.7122531158722724,0.6049077193448916,0.5565727699530516,0.7119813766835603,0.40278293135435994,-0.2656258029223433,0.9999999992465076,0.9802099957763081,0.7133363180635897,heteroscedastic,rbf
0,convnext_s|2,mae_b16|2,10.0,1.0,539,1024,768,768,0.1597804438345662,0.18333333333333332,0.18583093966002323,0.22067740008528866,0.12414317768403439,0.3323608316566063,0.29478247888740555,0.12133580705009278,-0.6302004104376087,0.9999999901196908,0.9405953638208177,0.5550414262504466,heteroscedastic,rbf
0,convnext_s|2,vit_sup_b16|2,10.0,1.0,539,1024,768,768,0.6789643304564734,0.5166666666666667,0.6795195676166059,0.6774031572459512,0.5872183510750404,0.5820590207914151,0.7389673457449746,0.4641929499072356,-0.11886677731925377,0.9999999995276334,0.9848175568982995,0.7468248142347401,heteroscedastic,rbf
0,dinov2_b|2,mae_b16|2,10.0,1.0,539,1024,768,768,0.253146536518157,0.2,0.34865619722514213,0.2571649911932571,0.23962701884198476,0.23826291079812206,0.3448770708800866,0.14007421150278293,-0.4800378686422879,0.9999999899832394,0.9391219120672206,0.5734141722899516,heteroscedastic,rbf
0,dinov2_b|2,vit_sup_b16|2,10.0,1.0,539,1024,768,768,0.6054215706154739,0.5166666666666667,0.5569662497904058,0.6844435247190624,0.5001047317343641,0.5419852448021462,0.8440666577990588,0.49220779220779215,-0.017059020904397093,0.9999999993584882,0.9824986611513862,0.7512059843315055,heteroscedastic,rbf
0,mae_b16|2,vit_sup_b16|2,10.0,1.0,539,1024,768,768,0.28414762263228505,0.18333333333333332,0.2721336529650249,0.358821083345272,0.26830381606124376,0.3611670020120724,0.3501829690585678,0.13469387755102039,-0.42846951779439557,0.9999999902393963,0.9431115661947282,0.5767357564682754,heteroscedastic,rbf
0,clip_b16|2,convnext_s|2,0.1,0.1,539,102,768,768,0.22574390484418008,0.15,0.22574390484418008,,0.27120355569101867,0.4067069081153587,0.5841671323417437,0.3291280148423006,-0.41784019815677154,0.9999999986229146,0.972277122497384,0.6627256868254502,homoscedastic,rbf
0,clip_b16|2,dinov2_b|2,0.1,0.1,539,102,768,768,0.28034600096111373,0.18333333333333332,0.28034600096111373,,0.3225137561728495,0.3044265593561368,0.6808773059204521,0.3786641929499073,-0.21690315849429087,0.9999999984680537,0.9704915705853312,0.6860448145443845,homoscedastic,rbf
0,clip_b16|2,mae_b16|2,0.1,0.1,539,102,768,768,0.25343314842541226,0.16666666666666666,0.25343314842541226,,0.2507001300229891,0.3314218645204561,0.4731902932482239,0.16419294990723562,-0.37877547201697936,0.9999999894442084,0.932959061718093,0.5558203048974674,homoscedastic,rbf
0,clip_b16|2,vit_sup_b16|2,0.1,0.1,539,102,768,768,0.32529329248136796,0.23333333333333334,0.32529329248136796,,0.365049998865136,0.3377598926894701,0.6718199849197082,0.36307977736549163,-0.19052447974414005,0.9999999987755788,0.9750132348718096,0.69377416519753,homoscedastic,rbf
0,convnext_s|2,dinov2_b|2,0.1,0.1,539,102,768,768,0.5744147067075186,0.35,0.5744147067075186,,0.5121175103029438,0.40845070422535207,0.7119813766835603,0.40278293135435994,-0.2656258029223433,0.9999999992465076,0.9802099957763081,0.7133363180635897,homoscedastic,rbf
0,convnext_s|2,mae_b16|2,0.1,0.1,539,102,768,768,0.1489825805071681,0.15,0.1489825805071681,,0.09118089083581112,0.32287055667337355,0.29478247888740555,0.12133580705009278,-0.6302004104376087,0.9999999901196908,0.9405953638208177,0.5550414262504466,homoscedastic,rbf
0,convnext_s|2,vit_sup_b16|2,0.1,0.1,539,102,768,768,0.6305899738610385,0.55,0.6305899738610385,,0.5792898669615151,0.5759892689470153,0.7389673457449746,0.4641929499072356,-0.11886677731925377,0.9999999995276334,0.9848175568982995,0.7468248142347401,homoscedastic,rbf
0,dinov2_b|2,mae_b16|2,0.1,0.1,539,102,768,768,0.2647836799546665,0.2,0.2647836799546665,,0.23682666087345616,0.2232394366197183,0.3448770708800866,0.14007421150278293,-0.4800378686422879,0.9999999899832394,0.9391219120672206,0.5734141722899516,homoscedastic,rbf
0,dinov2_b|2,vit_sup_b16|2,0.1,0.1,539,102,768,768,0.5075235208986691,0.4166666666666667,0.5075235208986691,,0.45080445644878353,0.514486921529175,0.8440666577990588,0.49220779220779215,-0.017059020904397093,0.9999999993584882,0.9824986611513862,0.7512059843315055,homoscedastic,rbf
0,mae_b16|2,vit_sup_b16|2,0.1,0.1,539,102,768,768,0.20143467065186288,0.18333333333333332,0.20143467065186288,,0.15528060322885018,0.3412474849094567,0.3501829690585678,0.13469387755102039,-0.42846951779439557,0.9999999902393963,0.9431115661947282,0.5767357564682754,homoscedastic,rbf
0,clip_b16|2,convnext_s|2,0.1,0.25,539,256,768,768,0.2397056658490718,0.23333333333333334,0.2397056658490718,,0.2526452058481163,0.40221327967806836,0.5841671323417437,0.3291280148423006,-0.41784019815677154,0.9999999986229146,0.972277122497384,0.6627256868254502,homoscedastic,rbf
0,clip_b16|2,dinov2_b|2,0.1,0.25,539,256,768,768,0.2573338259272942,0.23333333333333334,0.2573338259272942,,0.27029404326101547,0.3409792085848423,0.6808773059204521,0.3786641929499073,-0.21690315849429087,0.9999999984680537,0.9704915705853312,0.6860448145443845,homoscedastic,rbf
0,clip_b16|2,mae_b16|2,0.1,0.25,539,256,768,768,0.22378834385651072,0.16666666666666666,0.22378834385651072,,0.20831928263625665,0.3289738430583501,0.4731902932482239,0.16419294990723562,-0.37877547201697936,0.9999999894442084,0.932959061718093,0.5558203048974674,homoscedastic,rbf
0,clip_b16|2,vit_sup_b16|2,0.1,0.25,539,256,768,768,0.3454357928772024,0.2833333333333333,0.3454357928772024,,0.36596421287454567,0.3285378940308517,0.6718199849197082,0.36307977736549163,-0.19052447974414005,0.9999999987755788,0.9750132348718096,0.69377416519753,homoscedastic,rbf
0,convnext_s|2,dinov2_b|2,0.1,0.25,539,256,768,768,0.6346995963877676,0.4166666666666667,0.6346995963877676,,0.5545709889853343,0.4343058350100603,0.7119813766835603,0.40278293135435994,-0.2656258029223433,0.9999999992465076,0.9802099957763081,0.7133363180635897,homoscedastic,rbf
0,convnext_s|2,mae_b16|2,0.1,0.25,539,256,768,768,0.1678596884991347,0.21666666666666667,0.1678596884991347,,0.11456257477943108,0.3096244131455399,0.29478247888740555,0.12133580705009278,-0.6302004104376087,0.9999999901196908,0.9405953638208177,0.5550414262504466,homoscedastic,rbf
0,convnext_s|2,vit_sup_b16|2,0.1,0.25,539,256,768,768,0.6631232864535734,0.55,0.6631232864535734,,0.5968118427921546,0.5758215962441314,0.7389673457449746,0.4641929499072356,-0.11886677731925377,0.9999999995276334,0.9848175568982995,0.7468248142347401,homoscedastic,rbf
0,dinov2_b|2,mae_b16|2,0.1,0.25,539,256,768,768,0.2625082291895255,0.2,0.2625082291895255,,0.23268546109524105,0.2379610999329309,0.3448770708800866,0.14007421150278293,-0.4800378686422879,0.9999999899832394,0.9391219120672206,0.5734141722899516,homoscedastic,rbf
0,dinov2_b|2,vit_sup_b16|2,0.1,0.25,539,256,768,768,0.5730370917696993,0.4,0.5730370917696993,,0.5017173734707707,0.5196177062374245,0.8440666577990588,0.49220779220779215,-0.017059020904397093,0.9999999993584882,0.9824986611513862,0.7512059843315055,homoscedastic,rbf
0,mae_b16|2,vit_sup_b16|2,0.1,0.25,539,256,768,768,0.23722349228747855,0.18333333333333332,0.23722349228747855,,0.19441914418284928,0.38195841716968476,0.3501829690585678,0.13469387755102039,-0.42846951779439557,0.9999999902393963,0.9431115661947282,0.5767357564682754,homoscedastic,rbf
0,clip_b16|2,convnext_s|2,0.1,1.0,539,1024,768,768,0.26492034700096384,0.23333333333333334,0.26492034700096384,,0.2517008368811343,0.41317907444668,0.5841671323417437,0.3291280148423006,-0.41784019815677154,0.9999999986229146,0.972277122497384,0.6627256868254502,homoscedastic,rbf
0,clip_b16|2,dinov2_b|2,0.1,1.0,539,1024,768,768,0.28778624385067736,0.26666666666666666,0.28778624385067736,,0.28175446731105325,0.3552313883299798,0.6808773059204521,0.3786641929499073,-0.21690315849429087,0.9999999984680537,0.9704915705853312,0.6860448145443845,homoscedastic,rbf
0,clip_b16|2,mae_b16|2,0.1,1.0,539,1024,768,768,0.22095983599954444,0.13333333333333333,0.22095983599954444,,0.20680132098168977,0.264654594232059,0.4731902932482239,0.16419294990723562,-0.37877547201697936,0.9999999894442084,0.932959061718093,0.5558203048974674,homoscedastic,rbf
0,clip_b16|2,vit_sup_b16|2,0.1,1.0,539,1024,768,768,0.34912658090716914,0.2833333333333333,0.34912658090716914,,0.35008884363843884,0.33541247484909453,0.6718199849197082,0.36307977736549163,-0.19052447974414005,0.9999999987755788,0.9750132348718096,0.69377416519753,homoscedastic,rbf
0,convnext_s|2,dinov2_b|2,0.1,1.0,539,1024,768,768,0.6694470262417395,0.5666666666666667,0.6694470262417395,,0.5721964806246291,0.5171026156941649,0.7119813766835603,0.40278293135435994,-0.2656258029223433,0.9999999992465076,0.9802099957763081,0.7133363180635897,homoscedastic,rbf
0,convnext_s|2,mae_b16|2,0.1,1.0,539,1024,768,768,0.1487361353781538,0.2,0.1487361353781538,,0.10640282159613756,0.30737759892689465,0.29478247888740555,0.12133580705009278,-0.6302004104376087,0.9999999901196908,0.9405953638208177,0.5550414262504466,homoscedastic,rbf
0,convnext_s|2,vit_sup_b16|2,0.1,1.0,539,1024,768,768,0.6797414437262325,0.5333333333333333,0.6797414437262325,,0.5919508960561856,0.5918846411804157,0.7389673457449746,0.4641929499072356,-0.11886677731925377,0.9999999995276334,0.9848175568982995,0.7468248142347401,homoscedastic,rbf
0,dinov2_b|2,mae_b16|2,0.1,1.0,539,1024,768,768,0.2503586954408206,0.21666666666666667,0.2503586954408206,,0.23019702860181512,0.20449362843729038,0.3448770708800866,0.14007421150278293,-0.4800378686422879,0.9999999899832394,0.9391219120672206,0.5734141722899516,homoscedastic,rbf
0,dinov2_b|2,vit_sup_b16|2,0.1,1.0,539,1024,768,768,0.5957273770204917,0.5333333333333333,0.5957273770204917,,0.4970071204609493,0.5199195171026155,0.8440666577990588,0.49220779220779215,-0.017059020904397093,0.9999999993584882,0.9824986611513862,0.7512059843315055,homoscedastic,rbf
0,mae_b16|2,vit_sup_b16|2,0.1,1.0,539,1024,768,768,0.24673262981286054,0.18333333333333332,0.24673262981286054,,0.21966143764570845,0.34922870556673374,0.3501829690585678,0.13469387755102039,-0.42846951779439557,0.9999999902393963,0.9431115661947282,0.5767357564682754,homoscedastic,rbf
0,clip_b16|2,convnext_s|2,1.0,0.1,539,102,768,768,0.2729522026450073,0.21666666666666667,0.2729522026450073,,0.2909433800140723,0.41579476861167,0.5841671323417437,0.3291280148423006,-0.41784019815677154,0.9999999986229146,0.972277122497384,0.6627256868254502,homoscedastic,rbf
0,clip_b16|2,dinov2_b|2,1.0,0.1,539,102,768,768,0.30427095630821194,0.2,0.30427095630821194,,0.3270419445732425,0.31613011401743796,0.6808773059204521,0.3786641929499073,-0.21690315849429087,0.9999999984680537,0.9704915705853312,0.6860448145443845,homoscedastic,rbf
0,clip_b16|2,mae_b16|2,1.0,0.1,539,102,768,768,0.25207503354175986,0.15,0.25207503354175986,,0.24146987584587895,0.34245472837022123,0.4731902932482239,0.16419294990723562,-0.37877547201697936,0.9999999894442084,0.932959061718093,0.5558203048974674,homoscedastic,rbf
0,clip_b16|2,vit_sup_b16|2,1.0,0.1,539,102,768,768,0.36320456445712346,0.2833333333333333,0.36320456445712346,,0.3869981874600771,0.3347417840375586,0.6718199849197082,0.36307977736549163,-0.19052447974414005,0.9999999987755788,0.9750132348718096,0.69377416519753,homoscedastic,rbf
0,convnext_s|2,dinov2_b|2,1.0,0.1,539,102,768,768,0.6490540251500698,0.5,0.6490540251500698,,0.5791939709539667,0.451945003353454,0.7119813766835603,0.40278293135435994,-0.2656258029223433,0.9999999992465076,0.9802099957763081,0.7133363180635897,homoscedastic,rbf
0,convnext_s|2,mae_b16|2,1.0,0.1,539,102,768,768,0.16116578101605836,0.2,0.16116578101605836,,0.11557163099410843,0.3476190476190476,0.29478247888740555,0.12133580705009278,-0.6302004104376087,0.9999999901196908,0.9405953638208177,0.5550414262504466,homoscedastic,rbf
0,convnext_s|2,vit_sup_b16|2,1.0,0.1,539,102,768,768,0.6885054125150347,0.55,0.6885054125150347,,0.6307471133923679,0.5868879946344735,0.7389673457449746,0.4641929499072356,-0.11886677731925377,0.9999999995276334,0.9848175568982995,0.7468248142347401,homoscedastic,rbf
0,dinov2_b|2,mae_b16|2,1.0,0.1,539,102,768,768,0.2899502498618051,0.21666666666666667,0.2899502498618051,,0.2745441899827176,0.2458081824279007,0.3448770708800866,0.14007421150278293,-0.4800378686422879,0.9999999899832394,0.9391219120672206,0.5734141722899516,homoscedastic,rbf
0,dinov2_b|2,vit_sup_b16|2,1.0,0.1,539,102,768,768,0.5704945847071796,0.4666666666666667,0.5704945847071796,,0.5005744843664379,0.5117706237424547,0.8440666577990588,0.49220779220779215,-0.017059020904397093,0.9999999993584882,0.9824986611513862,0.7512059843315055,homoscedastic,rbf
0,mae_b16|2,vit_sup_b16|2,1.0,0.1,539,102,768,768,0.2361566559907111,0.16666666666666666,0.2361566559907111,,0.20185979890210015,0.35590207914151567,0.3501829690585678,0.13469387755102039,-0.42846951779439557,0.9999999902393963,0.9431115661947282,0.5767357564682754,homoscedastic,rbf
0,clip_b16|2,convnext_s|2,1.0,0.25,539,256,768,768,0.2900078611329476,0.25,0.2900078611329476,,0.2815596760125419,0.4471830985915492,0.5841671323417437,0.3291280148423006,-0.41784019815677154,0.9999999986229146,0.972277122497384,0.6627256868254502,homoscedastic,rbf
0,clip_b16|2,dinov2_b|2,1.0,0.25,539,256,768,768,0.32000733335370374,0.2833333333333333,0.32000733335370374,,0.3185402730807018,0.36549295774647883,0.6808773059204521,0.3786641929499073,-0.21690315849429087,0.9999999984680537,0.9704915705853312,0.6860448145443845,homoscedastic,rbf
0,clip_b16|2,mae_b16|2,1.0,0.25,539,256,768,768,0.24508762524340344,0.15,0.24508762524340344,,0.22771200070037323,0.3159289067739772,0.4731902932482239,0.16419294990723562,-0.37877547201697936,0.9999999894442084,0.932959061718093,0.5558203048974674,homoscedastic,rbf
0,clip_b16|2,vit_sup_b16|2,1.0,0.25,539,256,768,768,0.3738836496768046,0.31666666666666665,0.3738836496768046,,0.375743254854786,0.35543259557344065,0.6718199849197082,0.36307977736549163,-0.19052447974414005,0.9999999987755788,0.9750132348718096,0.69377416519753,homoscedastic,rbf
0,convnext_s|2,dinov2_b|2,1.0,0.25,539,256,768,768,0.6907178631051751,0.5166666666666667,0.6907178631051751,,0.6086761163008623,0.4767605633802816,0.7119813766835603,0.40278293135435994,-0.2656258029223433,0.9999999992465076,0.9802099957763081,0.7133363180635897,homoscedastic,rbf
0,convnext_s|2,mae_b16|2,1.0,0.25,539,256,768,768,0.19675710210306138,0.21666666666666667,0.19675710210306138,,0.15726937131777163,0.3272300469483568,0.29478247888740555,0.12133580705009278,-0.6302004104376087,0.9999999901196908,0.9405953638208177,0.5550414262504466,homoscedastic,rbf
0,convnext_s|2,vit_sup_b16|2,1.0,0.25,539,256,768,768,0.7015430598418329,0.55,0.7015430598418329,,0.6283981881085708,0.5880281690140845,0.7389673457449746,0.4641929499072356,-0.11886677731925377,0.9999999995276334,0.9848175568982995,0.7468248142347401,homoscedastic,rbf
0,dinov2_b|2,mae_b16|2,1.0,0.25,539,256,768,768,0.3062734063150175,0.23333333333333334,0.3062734063150175,,0.29050864604240495,0.23484238765928905,0.3448770708800866,0.14007421150278293,-0.4800378686422879,0.9999999899832394,0.9391219120672206,0.5734141722899516,homoscedastic,rbf
0,dinov2_b|2,vit_sup_b16|2,1.0,0.25,539,256,768,768,0.6284875235764543,0.5166666666666667,0.6284875235764543,,0.5507623043575536,0.5231723675385647,0.8440666577990588,0.49220779220779215,-0.017059020904397093,0.9999999993584882,0.9824986611513862,0.7512059843315055,homoscedastic,rbf
0,mae_b16|2,vit_sup_b16|2,1.0,0.25,539,256,768,768,0.2826096739157608,0.18333333333333332,0.2826096739157608,,0.2531514362514469,0.3822937625754527,0.3501829690585678,0.13469387755102039,-0.42846951779439557,0.9999999902393963,0.9431115661947282,0.5767357564682754,homoscedastic,rbf
0,clip_b16|2,convnext_s|2,1.0,1.0,539,1024,768,768,0.2778898830274528,0.25,0.2778898830274528,,0.26132067365526723,0.4351106639839034,0.5841671323417437,0.3291280148423006,-0.41784019815677154,0.9999999986229146,0.972277122497384,0.6627256868254502,homoscedastic,rbf
0,clip_b16|2,dinov2_b|2,1.0,1.0,539,1024,768,768,0.3007842244006233,0.25,0.3007842244006233,,0.29122912255558403,0.3848088531187122,0.6808773059204521,0.3786641929499073,-0.21690315849429087,0.9999999984680537,0.9704915705853312,0.6860448145443845,homoscedastic,rbf
0,clip_b16|2,mae_b16|2,1.0,1.0,539,1024,768,768,0.25235608987802743,0.16666666666666666,0.25235608987802743,,0.23986250312087598,0.2809859154929577,0.4731902932482239,0.16419294990723562,-0.37877547201697936,0.9999999894442084,0.932959061718093,0.5558203048974674,homoscedastic,rbf
0,clip_b16|2,vit_sup_b16|2,1.0,1.0,539,1024,768,768,0.34255922933119254,0.2833333333333333,0.34255922933119254,,0.33576069933561825,0.35962441314553983,0.6718199849197082,0.36307977736549163,-0.19052447974414005,0.9999999987755788,0.9750132348718096,0.69377416519753,homoscedastic,rbf
0,convnext_s|2,dinov2_b|2,1.0,1.0,539,1024,768,768,0.7036200656112933,0.5666666666666667,0.7036200656112933,,0.6094585239634638,0.5491616364855801,0.7119813766835603,0.40278293135435994,-0.2656258029223433,0.9999999992465076,0.9802099957763081,0.7133363180635897,homoscedastic,rbf
0,convnext_s|2,mae_b16|2,1.0,1.0,539,1024,768,768,0.17231281198003326,0.21666666666666667,0.17231281198003326,,0.13472675717477228,0.3305499664654594,0.29478247888740555,0.12133580705009278,-0.6302004104376087,0.9999999901196908,0.9405953638208177,0.5550414262504466,homoscedastic,rbf
0,convnext_s|2,vit_sup_b16|2,1.0,1.0,539,1024,768,768,0.6909721415892821,0.5333333333333333,0.6909721415892821,,0.600985791502787,0.590710932260228,0.7389673457449746,0.4641929499072356,-0.11886677731925377,0.9999999995276334,0.9848175568982995,0.7468248142347401,homoscedastic,rbf
0,dinov2_b|2,mae_b16|2,1.0,1.0,539,1024,768,768,0.2773482704118622,0.21666666666666667,0.2773482704118622,,0.26277962238211194,0.24121395036887994,0.3448770708800866,0.14007421150278293,-0.4800378686422879,0.9999999899832394,0.9391219120672206,0.5734141722899516,homoscedastic,rbf
0,dinov2_b|2,vit_sup_b16|2,1.0,1.0,539,1024,768,768,0.6227458409606693,0.5666666666666667,0.6227458409606693,,0.5231701939320443,0.5351777330650569,0.8440666577990588,0.49220779220779215,-0.017059020904397093,0.9999999993584882,0.9824986611513862,0.7512059843315055,homoscedastic,rbf
0,mae_b16|2,vit_sup_b16|2,1.0,1.0,539,1024,768,768,0.28263350731529807,0.18333333333333332,0.28263350731529807,,0.2643111213429008,0.35043594902749825,0.3501829690585678,0.13469387755102039,-0.42846951779439557,0.9999999902393963,0.9431115661947282,0.5767357564682754,homoscedastic,rbf
0,clip_b16|2,convnext_s|2,10.0,0.1,539,102,768,768,0.2828079522443118,0.21666666666666667,0.2828079522443118,,0.29584858644583295,0.424413145539906,0.5841671323417437,0.3291280148423006,-0.41784019815677154,0.9999999986229146,0.972277122497384,0.6627256868254502,homoscedastic,rbf
0,clip_b16|2,dinov2_b|2,10.0,0.1,539,102,768,768,0.3104132511479198,0.2,0.3104132511479198,,0.33006360102072907,0.31143527833668677,0.6808773059204521,0.3786641929499073,-0.21690315849429087,0.9999999984680537,0.9704915705853312,0.6860448145443845,homoscedastic,rbf
0,clip_b16|2,mae_b16|2,10.0,0.1,539,102,768,768,0.25411098364162116,0.16666666666666666,0.25411098364162116,,0.24205643840768853,0.3316566063044936,0.4731902932482239,0.16419294990723562,-0.37877547201697936,0.9999999894442084,0.932959061718093,0.5558203048974674,homoscedastic,rbf
0,clip_b16|2,vit_sup_b16|2,10.0,0.1,539,102,768,768,0.36196000544445955,0.26666666666666666,0.36196000544445955,,0.38112996786713665,0.33772635814889335,0.6718199849197082,0.36307977736549163,-0.19052447974414005,0.9999999987755788,0.9750132348718096,0.69377416519753,homoscedastic,rbf
0,convnext_s|2,dinov2_b|2,10.0,0.1,539,102,768,768,0.6665980738835384,0.5166666666666667,0.6665980738835384,,0.5963808376593268,0.4678068410462776,0.7119813766835603,0.40278293135435994,-0.2656258029223433,0.9999999992465076,0.9802099957763081,0.7133363180635897,homoscedastic,rbf
0,convnext_s|2,mae_b16|2,10.0,0.1,539,102,768,768,0.16583451620698944,0.2,0.16583451620698944,,0.122629917608874,0.3511737089201878,0.29478247888740555,0.12133580705009278,-0.6302004104376087,0.9999999901196908,0.9405953638208177,0.5550414262504466,homoscedastic,rbf
0,convnext_s|2,vit_sup_b16|2,10.0,0.1,539,102,768,768,0.6984829957860993,0.55,0.6984829957860993,,0.6375823181704695,0.5866197183098592,0.7389673457449746,0.4641929499072356,-0.11886677731925377,0.9999999995276334,0.9848175568982995,0.7468248142347401,homoscedastic,rbf
0,dinov2_b|2,mae_b16|2,10.0,0.1,539,102,768,768,0.29607987799966107,0.2,0.29607987799966107,,0.28172058351464135,0.2449362843729041,0.3448770708800866,0.14007421150278293,-0.4800378686422879,0.9999999899832394,0.9391219120672206,0.5734141722899516,homoscedastic,rbf
0,dinov2_b|2,vit_sup_b16|2,10.0,0.1,539,102,768,768,0.579434109539193,0.4666666666666667,0.579434109539193,,0.5049120156157286,0.5062374245472836,0.8440666577990588,0.49220779220779215,-0.017059020904397093,0.9999999993584882,0.9824986611513862,0.7512059843315055,homoscedastic,rbf
0,mae_b16|2,vit_sup_b16|2,10.0,0.1,539,102,768,768,0.24320856446823463,0.16666666666666666,0.24320856446823463,,0.21118116644563842,0.35553319919517096,0.3501829690585678,0.13469387755102039,-0.42846951779439557,0.9999999902393963,0.9431115661947282,0.5767357564682754,homoscedastic,rbf
0,clip_b16|2,convnext_s|2,10.0,0.25,539,256,768,768,0.2945263181286614,0.2833333333333333,0.2945263181286614,,0.2837830367015016,0.4688128772635814,0.5841671323417437,0.3291280148423006,-0.41784019815677154,0.9999999986229146,0.972277122497384,0.6627256868254502,homoscedastic,rbf
0,clip_b16|2,dinov2_b|2,10.0,0.25,539,256,768,768,0.3275739654832374,0.3,0.3275739654832374,,0.32537985519135426,0.3787726358148893,0.6808773059204521,0.3786641929499073,-0.21690315849429087,0.9999999984680537,0.9704915705853312,0.6860448145443845,homoscedastic,rbf
0,clip_b16|2,mae_b16|2,10.0,0.25,539,256,768,768,0.2555003763899344,0.13333333333333333,0.2555003763899344,,0.23719046584545747,0.33561368209255527,0.4731902932482239,0.16419294990723562,-0.37877547201697936,0.9999999894442084,0.932959061718093,0.5558203048974674,homoscedastic,rbf
0,clip_b16|2,vit_sup_b16|2,10.0,0.25,539,256,768,768,0.36866552407090014,0.3333333333333333,0.36866552407090014,,0.36740532802433146,0.3688128772635814,0.6718199849197082,0.36307977736549163,-0.19052447974414005,0.9999999987755788,0.9750132348718096,0.69377416519753,homoscedastic,rbf
0,convnext_s|2,dinov2_b|2,10.0,0.25,539,256,768,768,0.7054099594721095,0.5166666666666667,0.7054099594721095,,0.624363989792709,0.4967806841046278,0.7119813766835603,0.40278293135435994,-0.2656258029223433,0.9999999992465076,0.9802099957763081,0.7133363180635897,homoscedastic,rbf
0,convnext_s|2,mae_b16|2,10.0,0.25,539,256,768,768,0.2108203633898983,0.18333333333333332,0.2108203633898983,,0.17335777073801828,0.34064386317907436,0.29478247888740555,0.12133580705009278,-0.6302004104376087,0.9999999901196908,0.9405953638208177,0.5550414262504466,homoscedastic,rbf
0,convnext_s|2,vit_sup_b16|2,10.0,0.25,539,256,768,768,0.7101188058855717,0.5666666666666667,0.7101188058855717,,0.6360066405756031,0.5785043594902749,0.7389673457449746,0.4641929499072356,-0.11886677731925377,0.9999999995276334,0.9848175568982995,0.7468248142347401,homoscedastic,rbf
0,dinov2_b|2,mae_b16|2,10.0,0.25,539,256,768,768,0.31969238803441113,0.23333333333333334,0.31969238803441113,,0.3054967137581183,0.2479543930248155,0.3448770708800866,0.14007421150278293,-0.4800378686422879,0.9999999899832394,0.9391219120672206,0.5734141722899516,homoscedastic,rbf
0,dinov2_b|2,vit_sup_b16|2,10.0,0.25,539,256,768,768,0.6382079950222084,0.5166666666666667,0.6382079950222084,,0.5598201402691898,0.515291750503018,0.8440666577990588,0.49220779220779215,-0.017059020904397093,0.9999999993584882,0.9824986611513862,0.7512059843315055,homoscedastic,rbf
0,mae_b16|2,vit_sup_b16|2,10.0,0.25,539,256,768,768,0.29894005261125717,0.15,0.29894005261125717,,0.27194178471954267,0.37236753856472166,0.3501829690585678,0.13469387755102039,-0.42846951779439557,0.9999999902393963,0.9431115661947282,0.5767357564682754,homoscedastic,rbf
0,clip_b16|2,convnext_s|2,10.0,1.0,539,1024,768,768,0.26448034577873825,0.26666666666666666,0.26448034577873825,,0.25478466766318536,0.4376592890677397,0.5841671323417437,0.3291280148423006,-0.41784019815677154,0.9999999986229146,0.972277122497384,0.6627256868254502,homoscedastic,rbf
0,clip_b16|2,dinov2_b|2,10.0,1.0,539,1024,768,768,0.28548351523198673,0.25,0.28548351523198673,,0.28170793788727233,0.3896713615023474,0.6808773059204521,0.3786641929499073,-0.21690315849429087,0.9999999984680537,0.9704915705853312,0.6860448145443845,homoscedastic,rbf
0,clip_b16|2,mae_b16|2,10.0,1.0,539,1024,768,768,0.25788499412498367,0.16666666666666666,0.25788499412498367,,0.24643312246479493,0.2867873910127431,0.4731902932482239,0.16419294990723562,-0.37877547201697936,0.9999999894442084,0.932959061718093,0.5558203048974674,homoscedastic,rbf
0,clip_b16|2,vit_sup_b16|2,10.0,1.0,539,1024,768,768,0.3240606779463276,0.3,0.3240606779463276,,0.3217236476474269,0.37112676056338023,0.6718199849197082,0.36307977736549163,-0.19052447974414005,0.9999999987755788,0.9750132348718096,0.69377416519753,homoscedastic,rbf
0,convnext_s|2,dinov2_b|2,10.0,1.0,539,1024,768,768,0.7112407534465373,0.5833333333333334,0.7112407534465373,,0.6202874772621892,0.5424882629107981,0.7119813766835603,0.40278293135435994,-0.2656258029223433,0.9999999992465076,0.9802099957763081,0.7133363180635897,homoscedastic,rbf
0,convnext_s|2,mae_b16|2,10.0,1.0,539,1024,768,768,0.17722815896710822,0.21666666666666667,0.17722815896710822,,0.14095002707461246,0.32427900737759885,0.29478247888740555,0.12133580705009278,-0.6302004104376087,0.9999999901196908,0.9405953638208177,0.5550414262504466,homoscedastic,rbf
0,convnext_s|2,vit_sup_b16|2,10.0,1.0,539,1024,768,768,0.6880172444923458,0.5166666666666667,0.6880172444923458,,0.5982403123145714,0.5734741784037558,0.7389673457449746,0.4641929499072356,-0.11886677731925377,0.9999999995276334,0.9848175568982995,0.7468248142347401,homoscedastic,rbf
0,dinov2_b|2,mae_b16|2,10.0,1.0,539,1024,768,768,0.2806032238978441,0.23333333333333334,0.2806032238978441,,0.26662105594231,0.2451710261569416,0.3448770708800866,0.14007421150278293,-0.4800378686422879,0.9999999899832394,0.9391219120672206,0.5734141722899516,homoscedastic,rbf
0,dinov2_b|2,vit_sup_b16|2,10.0,1.0,539,1024,768,768,0.6230174528262578,0.55,0.6230174528262578,,0.5247940221849698,0.5413145539906102,0.8440666577990588,0.49220779220779215,-0.017059020904397093,0.9999999993584882,0.9824986611513862,0.7512059843315055,homoscedastic,rbf
0,mae_b16|2,vit_sup_b16|2,10.0,1.0,539,1024,768,768,0.29035863988511074,0.18333333333333332,0.29035863988511074,,0.27408092228775616,0.3635479543930248,0.3501829690585678,0.13469387755102039,-0.42846951779439557,0.9999999902393963,0.9431115661947282,0.5767357564682754,homoscedastic,rbf
1,clip_b16|2,convnext_s|2,0.1,0.1,539,102,768,768,0.22605651682365782,0.23333333333333334,0.2128858130219303,0.19270359885376895,0.299133369216652,0.38333333333333325,0.5815593766424408,0.312430426716141,-0.366160288922877,0.9999999986617476,0.9725112932692817,0.6631210242350387,heteroscedastic,rbf
1,clip_b16|2,dinov2_b|2,0.1,0.1,539,102,768,768,0.2955662654618485,0.18333333333333332,0.3078019761979943,0.2664841924061775,0.3660841842111236,0.2531187122736418,0.6780743957277284,0.3855287569573284,-0.18026165553382267,0.9999999985492056,0.9711554975757384,0.6899661230771007,heteroscedastic,rbf
1,clip_b16|2,mae_b16|2,0.1,0.1,539,102,768,768,0.30511440309556415,0.16666666666666666,0.22640731906013334,0.3560138729589288,0.31409330851764067,0.3525486250838363,0.44384999471920905,0.1536178107606679,-0.3139748588542002,0.9999999900018642,0.9352077297725707,0.5593365452835957,heteroscedastic,rbf
1,clip_b16|2,vit_sup_b16|2,0.1,0.1,539,102,768,768,0.3438677329659248,0.3333333333333333,0.17203338915925231,0.39666592101886206,0.4072088992791993,0.21374916163648552,0.6830976474919138,0.3625231910946196,-0.17773868707182705,0.9999999988287743,0.975303959175687,0.6942067132135379,heteroscedastic,rbf
1,convnext_s|2,dinov2_b|2,0.1,0.1,539,102,768,768,0.44264317400881664,0.31666666666666665,0.5037069212937212,0.32313443527232477,0.3776452058481163,0.37904091213950364,0.7039219466511304,0.3738404452690167,-0.2651040388300646,0.9999999992232875,0.9801338081470916,0.7113681813819062,heteroscedastic,rbf
1,convnext_s|2,mae_b16|2,0.1,0.1,539,102,768,768,0.12110700307500855,0.18333333333333332,0.09368061260304716,0.1282896822171935,0.09195835373386466,0.2902414486921529,0.2925325085035607,0.11317254174397032,-0.5354186426340813,0.9999999905420642,0.9423336973493923,0.5603585417622846,heteroscedastic,rbf
1,convnext_s|2,vit_sup_b16|2,0.1,0.1,539,102,768,768,0.5365386570518251,0.48333333333333334,0.5934041188493618,0.3967167479478627,0.498171328796039,0.5372568745808182,0.752624986713701,0.4539888682745825,-0.09119149754491374,0.9999999994922434,0.9846678959482366,0.7476339896909537,heteroscedastic,rbf
1,dinov2_b|2,mae_b16|2,0.1,0.1,539,102,768,768,0.23321203670010193,0.18333333333333332,0.24139135754389443,0.17935454827008313,0.233079096777959,0.141851106639839,0.3281054382297017,0.1352504638218924,-0.46330993539004406,0.9999999904585257,0.9408273540915041,0.5803122384456084,heteroscedastic,rbf
1,dinov2_b|2,vit_sup_b16|2,0.1,0.1,539,102,768,768,0.4110999197219992,0.2833333333333333,0.39662000089498795,0.3845691119167086,0.3628011847980104,0.4289067739771965,0.8410339619093959,0.48144712430426717,-0.01723797132651078,0.9999999993540527,0.9825334113254965,0.7524568784147004,heteroscedastic,rbf
1,mae_b16|2,vit_sup_b16|2,0.1,0.1,539,102,768,768,0.17227814521707002,0.2,0.08483640681405692,0.23728775219023565,0.14972155301273968,0.2886988598256204,0.333454042968084,0.1339517625231911,-0.3524749643559686,0.9999999907030703,0.9448819625245052,0.5804575551589513,heteroscedastic,rbf
1,clip_b16|2,convnext_s|2,0.1,0.25,539,256,768,768,0.2280852446812352,0.23333333333333334,0.2189422572853004,0.16603119041973827,0.3096336983272105,0.4077129443326626,0.5815593766424408,0.312430426716141,-0.366160288922877,0.9999999986617476,0.9725112932692817,0.6631210242350387,heteroscedastic,rbf
1,clip_b16|2,dinov2_b|2,0.1,0.25,539,256,768,768,0.26570079361331556,0.21666666666666667,0.2602436128325451,0.2504279096811057,0.34777355896591194,0.2765258215962441,0.6780743957277284,0.3855287569573284,-0.18026165553382267,0.9999999985492056,0.9711554975757384,0.6899661230771007,heteroscedastic,rbf
1,clip_b16|2,mae_b16|2,0.1,0.25,539,256,768,768,0.3105366403795566,0.23333333333333334,0.15305065973009108,0.38106931480552136,0.3242232666573716,0.35472837022132786,0.44384999471920905,0.1536178107606679,-0.3139748588542002,0.9999999900018642,0.9352077297725707,0.5593365452835957,heteroscedastic,rbf
1,clip_b16|2,vit_sup_b16|2,0.1,0.25,539,256,768,768,0.3652194033872316,0.3,0.2124372407702575,0.39555554810838645,0.4369205303381571,0.27729711602951035,0.6830976474919138,0.3625231910946196,-0.17773868707182705,0.9999999988287743,0.975303959175687,0.6942067132135379,heteroscedastic,rbf
1,convnext_s|2,dinov2_b|2,0.1,0.25,539,256,768,768,0.5250256806268906,0.4166666666666667,0.592489362134212,0.38722775127981923,0.4382218950931723,0.4096579476861167,0.7039219466511304,0.3738404452690167,-0.2651040388300646,0.9999999992232875,0.9801338081470916,0.7113681813819062,heteroscedastic,rbf
1,convnext_s|2,mae_b16|2,0.1,0.25,539,256,768,768,0.18283178564384897,0.23333333333333334,0.17080017490004623,0.15596466578920395,0.15508297477035218,0.31183769282360824,0.2925325085035607,0.11317254174397032,-0.5354186426340813,0.9999999905420642,0.9423336973493923,0.5603585417622846,heteroscedastic,rbf
1,convnext_s|2,vit_sup_b16|2,0.1,0.25,539,256,768,768,0.5717106436406768,0.4666666666666667,0.6279650293360143,0.41262166696129526,0.5227206256667326,0.554560697518444,0.752624986713701,0.4539888682745825,-0.09119149754491374,0.9999999994922434,0.9846678959482366,0.7476339896909537,heteroscedastic,rbf
1,dinov2_b|2,mae_b16|2,0.1,0.25,539,256,768,768,0.26802224450623474,0.23333333333333334,0.2996593834180307,0.18789794064364204,0.26440685522702145,0.20187793427230047,0.3281054382297017,0.1352504638218924,-0.46330993539004406,0.9999999904585257,0.9408273540915041,0.5803122384456084,heteroscedastic,rbf
1,dinov2_b|2,vit_sup_b16|2,0.1,0.25,539,256,768,768,0.4620822835618987,0.38333333333333336,0.4827634854279615,0.3783486777597835,0.39569213733799813,0.46971830985915486,0.8410339619093959,0.48144712430426717,-0.01723797132651078,0.9999999993540527,0.9825334113254965,0.7524568784147004,heteroscedastic,rbf
1,mae_b16|2,vit_sup_b16|2,0.1,0.25,539,256,768,768,0.2538412606701685,0.23333333333333334,0.1876748304060819,0.25782183150649624,0.2332364375646467,0.3378269617706237,0.333454042968084,0.1339517625231911,-0.3524749643559686,0.9999999907030703,0.9448819625245052,0.5804575551589513,heteroscedastic,rbf
1,clip_b16|2,convnext_s|2,0.1,1.0,539,1024,768,768,0.2802065005736127,0.23333333333333334,0.2727339058979524,0.23959842257788036,0.3273456828152409,0.43279678068410454,0.5815593766424408,0.312430426716141,-0.366160288922877,0.9999999986617476,0.9725112932692817,0.6631210242350387,heteroscedastic,rbf
1,clip_b16|2,dinov2_b|2,0.1,1.0,539,1024,768,768,0.3051862921841449,0.21666666666666667,0.30130055401189115,0.2903583270567661,0.35470133622129196,0.3251844399731723,0.6780743957277284,0.3855287569573284,-0.18026165553382267,0.9999999985492056,0.9711554975757384,0.6899661230771007,heteroscedastic,rbf
1,clip_b16|2,mae_b16|2,0.1,1.0,539,1024,768,768,0.3644711235308986,0.23333333333333334,0.17855206412426602,0.4144441754154612,0.3731114241894639,0.3234741784037558,0.44384999471920905,0.1536178107606679,-0.3139748588542002,0.9999999900018642,0.9352077297725707,0.5593365452835957,heteroscedastic,rbf
1,clip_b16|2,vit_sup_b16|2,0.1,1.0,539,1024,768,768,0.41832016200044997,0.3333333333333333,0.31159399322936254,0.4588406600910025,0.47115686414381,0.29044265593561364,0.6830976474919138,0.3625231910946196,-0.17773868707182705,0.9999999988287743,0.975303959175687,0.6942067132135379,heteroscedastic,rbf
1,convnext_s|2,dinov2_b|2,0.1,1.0,539,1024,768,768,0.6226224517290325,0.5166666666666667,0.6508882215817529,0.5333976210204538,0.5260733381538033,0.49423205902079137,0.7039219466511304,0.3738404452690167,-0.2651040388300646,0.9999999992232875,0.9801338081470916,0.7113681813819062,heteroscedastic,rbf
1,convnext_s|2,mae_b16|2,0.1,1.0,539,1024,768,768,0.1976368823246731,0.23333333333333334,0.1897962033462843,0.15070603351952186,0.18486188705185033,0.3296445338698859,0.2925325085035607,0.11317254174397032,-0.5354186426340813,0.9999999905420642,0.9423336973493923,0.5603585417622846,heteroscedastic,rbf
1,convnext_s|2,vit_sup_b16|2,0.1,1.0,539,1024,768,768,0.647121686449129,0.55,0.6668545901647299,0.5480000301610347,0.5767868433595865,0.5761234071093225,0.752624986713701,0.4539888682745825,-0.09119149754491374,0.9999999994922434,0.9846678959482366,0.7476339896909537,heteroscedastic,rbf
1,dinov2_b|2,mae_b16|2,0.1,1.0,539,1024,768,768,0.28701196392212197,0.23333333333333334,0.35615612399069,0.15008996645701952,0.29212266582794816,0.22622401073105297,0.3281054382297017,0.1352504638218924,-0.46330993539004406,0.9999999904585257,0.9408273540915041,0.5803122384456084,heteroscedastic,rbf
1,dinov2_b|2,vit_sup_b16|2,0.1,1.0,539,1024,768,768,0.5590657751827087,0.4666666666666667,0.5602155231518814,0.5012096529833312,0.4714441468578858,0.5069416498993964,0.8410339619093959,0.48144712430426717,-0.01723797132651078,0.9999999993540527,0.9825334113254965,0.7524568784147004,heteroscedastic,rbf
1,mae_b16|2,vit_sup_b16|2,0.1,1.0,539,1024,768,768,0.31314248095133596,0.2,0.2725459224944068,0.27113513567857717,0.30994157071661793,0.35519785378940305,0.333454042968084,0.1339517625231911,-0.3524749643559686,0.9999999907030703,0.9448819625245052,0.5804575551589513,heteroscedastic,rbf
1,clip_b16|2,convnext_s|2,1.0,0.1,539,102,768,768,0.22905958072105753,0.16666666666666666,0.24557659416126426,0.2574626917774037,0.26823037414844675,0.393158953722334,0.5815593766424408,0.312430426716141,-0.366160288922877,0.9999999986617476,0.9725112932692817,0.6631210242350387,heteroscedastic,rbf
1,clip_b16|2,dinov2_b|2,1.0,0.1,539,102,768,768,0.2740712613090592,0.13333333333333333,0.31808463242864676,0.33018932472515056,0.3197255574614065,0.28987256874580813,0.6780743957277284,0.3855287569573284,-0.18026165553382267,0.9999999985492056,0.9711554975757384,0.6899661230771007,heteroscedastic,rbf
1,clip_b16|2,mae_b16|2,1.0,0.1,539,102,768,768,0.276196878324662,0.15,0.17876916159222306,0.35623952218218435,0.2723344476616938,0.3540912139503688,0.44384999471920905,0.1536178107606679,-0.3139748588542002,0.9999999900018642,0.9352077297725707,0.5593365452835957,heteroscedastic,rbf
1,clip_b16|2,vit_sup_b16|2,1.0,0.1,539,102,768,768,0.310237528437579,0.26666666666666666,0.25375405193194284,0.4100926083402522,0.354240986748031,0.2441985244802146,0.6830976474919138,0.3625231910946196,-0.17773868707182705,0.9999999988287743,0.975303959175687,0.6942067132135379,heteroscedastic,rbf
1,convnext_s|2,dinov2_b|2,1.0,0.1,539,102,768,768,0.5423750065972405,0.45,0.5455661166924052,0.5487015534887799,0.44711695908328936,0.43286384976525816,0.7039219466511304,0.3738404452690167,-0.2651040388300646,0.9999999992232875,0.9801338081470916,0.7113681813819062,heteroscedastic,rbf
1,convnext_s|2,mae_b16|2,1.0,0.1,539,102,768,768,0.12735124264234066,0.2,0.1227245876001762,0.159085215814771,0.1071780147662018,0.26374916163648554,0.2925325085035607,0.11317254174397032,-0.5354186426340813,0.9999999905420642,0.9423336973493923,0.5603585417622846,heteroscedastic,rbf
1,convnext_s|2,vit_sup_b16|2,1.0,0.1,539,102,768,768,0.589525804238345,0.5333333333333333,0.6212903604950182,0.5370638623606762,0.502458763906137,0.5506036217303822,0.752624986713701,0.4539888682745825,-0.09119149754491374,0.9999999994922434,0.9846678959482366,0.7476339896909537,heteroscedastic,rbf
1,dinov2_b|2,mae_b16|2,1.0,0.1,539,102,768,768,0.23548843191231084,0.23333333333333334,0.28829375587785105,0.19084366837495415,0.2346970075257695,0.17940979208584842,0.3281054382297017,0.1352504638218924,-0.46330993539004406,0.9999999904585257,0.9408273540915041,0.5803122384456084,heteroscedastic,rbf
1,dinov2_b|2,vit_sup_b16|2,1.0,0.1,539,102,768,768,0.4845894571929366,0.4166666666666667,0.47282336874526115,0.5122480331793723,0.3899786645569005,0.4652917505030181,0.8410339619093959,0.48144712430426717,-0.01723797132651078,0.9999999993540527,0.9825334113254965,0.7524568784147004,heteroscedastic,rbf
1,mae_b16|2,vit_sup_b16|2,1.0,0.1,539,102,768,768,0.19187353298203605,0.18333333333333332,0.14442966176825528,0.2566528121394814,0.17411002344304766,0.31559356136820926,0.333454042968084,0.1339517625231911,-0.3524749643559686,0.9999999907030703,0.9448819625245052,0.5804575551589513,heteroscedastic,rbf
1,clip_b16|2,convnext_s|2,1.0,0.25,539,256,768,768,0.23512820868946857,0.23333333333333334,0.24713904895134553,0.26539225123918564,0.269855175141939,0.41509054325955735,0.5815593766424408,0.312430426716141,-0.366160288922877,0.9999999986617476,0.9725112932692817,0.6631210242350387,heteroscedastic,rbf
1,clip_b16|2,dinov2_b|2,1.0,0.25,539,256,768,768,0.26367889910805303,0.2833333333333333,0.29252356217407305,0.314951299703221,0.30791956732499587,0.3016431924882629,0.6780743957277284,0.3855287569573284,-0.18026165553382267,0.9999999985492056,0.9711554975757384,0.6899661230771007,heteroscedastic,rbf
1,clip_b16|2,mae_b16|2,1.0,0.25,539,256,768,768,0.27006025016736157,0.2,0.1291792835100635,0.3712720053373861,0.2680226129757106,0.32132796780684103,0.44384999471920905,0.1536178107606679,-0.3139748588542002,0.9999999900018642,0.9352077297725707,0.5593365452835957,heteroscedastic,rbf
1,clip_b16|2,vit_sup_b16|2,1.0,0.25,539,256,768,768,0.3157560437667882,0.3,0.23884477549012723,0.4377804382789332,0.3541022090938273,0.32008718980549966,0.6830976474919138,0.3625231910946196,-0.17773868707182705,0.9999999988287743,0.975303959175687,0.6942067132135379,heteroscedastic,rbf
1,convnext_s|2,dinov2_b|2,1.0,0.25,539,256,768,768,0.624207233908983,0.5166666666666667,0.6424077618814586,0.6074161516251072,0.5206541193941772,0.4841716968477531,0.7039219466511304,0.3738404452690167,-0.2651040388300646,0.9999999992232875,0.9801338081470916,0.7113681813819062,heteroscedastic,rbf
1,convnext_s|2,mae_b16|2,1.0,0.25,539,256,768,768,0.16827724521457002,0.21666666666666667,0.20507677396756946,0.1579228988999321,0.13777548823470284,0.3217639168343393,0.2925325085035607,0.11317254174397032,-0.5354186426340813,0.9999999905420642,0.9423336973493923,0.5603585417622846,heteroscedastic,rbf
1,convnext_s|2,vit_sup_b16|2,1.0,0.25,539,256,768,768,0.6406273906316406,0.5666666666666667,0.6768597642012386,0.5793926405399495,0.5506530331672108,0.572468142186452,0.752624986713701,0.4539888682745825,-0.09119149754491374,0.9999999994922434,0.9846678959482366,0.7476339896909537,heteroscedastic,rbf
1,dinov2_b|2,mae_b16|2,1.0,0.25,539,256,768,768,0.23677521326448125,0.25,0.33023741800661754,0.17232088324914774,0.22266023468987406,0.23615023474178404,0.3281054382297017,0.1352504638218924,-0.46330993539004406,0.9999999904585257,0.9408273540915041,0.5803122384456084,heteroscedastic,rbf
1,dinov2_b|2,vit_sup_b16|2,1.0,0.25,539,256,768,768,0.5440079000219444,0.4666666666666667,0.5552208436572944,0.5501207977370287,0.4360476578028385,0.5142857142857142,0.8410339619093959,0.48144712430426717,-0.01723797132651078,0.9999999993540527,0.9825334113254965,0.7524568784147004,heteroscedastic,rbf
1,mae_b16|2,vit_sup_b16|2,1.0,0.25,539,256,768,768,0.25297720271445195,0.21666666666666667,0.2472688042260682,0.2687440358648216,0.22964183692328646,0.3702883970489604,0.333454042968084,0.1339517625231911,-0.3524749643559686,0.9999999907030703,0.9448819625245052,0.5804575551589513,heteroscedastic,rbf
1,clip_b16|2,convnext_s|2,1.0,1.0,539,1024,768,768,0.28882135783710505,0.25,0.30450813315766656,0.3135381993694668,0.29578122416157865,0.4647551978537893,0.5815593766424408,0.312430426716141,-0.366160288922877,0.9999999986617476,0.9725112932692817,0.6631210242350387,heteroscedastic,rbf
1,clip_b16|2,dinov2_b|2,1.0,1.0,539,1024,768,768,0.29894771929922026,0.26666666666666666,0.34536522964796607,0.32250775599387727,0.31087272662423354,0.37401073105298455,0.6780743957277284,0.3855287569573284,-0.18026165553382267,0.9999999985492056,0.9711554975757384,0.6899661230771007,heteroscedastic,rbf
1,clip_b16|2,mae_b16|2,1.0,1.0,539,1024,768,768,0.3361794893874705,0.23333333333333334,0.19044857404883722,0.40327677301503384,0.33655632005758623,0.3214621059691482,0.44384999471920905,0.1536178107606679,-0.3139748588542002,0.9999999900018642,0.9352077297725707,0.5593365452835957,heteroscedastic,rbf
1,clip_b16|2,vit_sup_b16|2,1.0,1.0,539,1024,768,768,0.38290784141067047,0.2833333333333333,0.3165566831963864,0.4799941576958533,0.40156465320177565,0.34245472837022123,0.6830976474919138,0.3625231910946196,-0.17773868707182705,0.9999999988287743,0.975303959175687,0.6942067132135379,heteroscedastic,rbf
1,convnext_s|2,dinov2_b|2,1.0,1.0,539,1024,768,768,0.6857297381381614,0.6,0.7006628481714122,0.6648690131393197,0.5873655591474902,0.5547619047619047,0.7039219466511304,0.3738404452690167,-0.2651040388300646,0.9999999992232875,0.9801338081470916,0.7113681813819062,heteroscedastic,rbf
1,convnext_s|2,mae_b16|2,1.0,1.0,539,1024,768,768,0.1692343034286206,0.2,0.20728297307074844,0.15483027575843133,0.14519449947634133,0.3609657947686116,0.2925325085035607,0.11317254174397032,-0.5354186426340813,0.9999999905420642,0.9423336973493923,0.5603585417622846,heteroscedastic,rbf
1,convnext_s|2,vit_sup_b16|2,1.0,1.0,539,1024,768,768,0.6800331667587964,0.5666666666666667,0.6917097342155494,0.6578783555198463,0.5924469126835642,0.5995640509725016,0.752624986713701,0.4539888682745825,-0.09119149754491374,0.9999999994922434,0.9846678959482366,0.7476339896909537,heteroscedastic,rbf
1,dinov2_b|2,mae_b16|2,1.0,1.0,539,1024,768,768,0.2617690604696124,0.23333333333333334,0.37277845760515976,0.1706011457283457,0.2598061976543982,0.2644533869885982,0.3281054382297017,0.1352504638218924,-0.46330993539004406,0.9999999904585257,0.9408273540915041,0.5803122384456084,heteroscedastic,rbf
1,dinov2_b|2,vit_sup_b16|2,1.0,1.0,539,1024,768,768,0.6038165106014183,0.5166666666666667,0.6013310518929444,0.6254105601043795,0.4981212326568463,0.5345070422535211,0.8410339619093959,0.48144712430426717,-0.01723797132651078,0.9999999993540527,0.9825334113254965,0.7524568784147004,heteroscedastic,rbf
1,mae_b16|2,vit_sup_b16|2,1.0,1.0,539,1024,768,768,0.3007466131850366,0.21666666666666667,0.3080323726830282,0.28445625937819674,0.29500797647264815,0.37488262910798115,0.333454042968084,0.1339517625231911,-0.3524749643559686,0.9999999907030703,0.9448819625245052,0.5804575551589513,heteroscedastic,rbf
1,clip_b16|2,convnext_s|2,10.0,0.1,539,102,768,768,0.27239708999191664,0.23333333333333334,0.22781270167555034,0.3504407839746602,0.27947484979264414,0.3951710261569416,0.5815593766424408,0.312430426716141,-0.366160288922877,0.9999999986617476,0.9725112932692817,0.6631210242350387,heteroscedastic,rbf
1,clip_b16|2,dinov2_b|2,10.0,0.1,539,102,768,768,0.3121407003908344,0.2,0.30225053515065003,0.3822450366247121,0.3289210361632518,0.28011401743796105,0.6780743957277284,0.3855287569573284,-0.18026165553382267,0.9999999985492056,0.9711554975757384,0.6899661230771007,heteroscedastic,rbf
1,clip_b16|2,mae_b16|2,10.0,0.1,539,102,768,768,0.24400073333537034,0.16666666666666666,0.14588752158619175,0.37436742116729343,0.22937514388454217,0.35160965794768606,0.44384999471920905,0.1536178107606679,-0.3139748588542002,0.9999999900018642,0.9352077297725707,0.5593365452835957,heteroscedastic,rbf
1,clip_b16|2,vit_sup_b16|2,10.0,0.1,539,102,768,768,0.32897485826349515,0.25,0.2372204982422833,0.45304248042115974,0.343058604376684,0.2687793427230047,0.6830976474919138,0.3625231910946196,-0.17773868707182705,0.9999999988287743,0.975303959175687,0.6942067132135379,heteroscedastic,rbf
1,convnext_s|2,dinov2_b|2,10.0,0.1,539,102,768,768,0.6278804107789188,0.4666666666666667,0.5581462679813045,0.6899568501714292,0.5412340673201321,0.4541582830315224,0.7039219466511304,0.3738404452690167,-0.2651040388300646,0.9999999992232875,0.9801338081470916,0.7113681813819062,heteroscedastic,rbf
1,convnext_s|2,mae_b16|2,10.0,0.1,539,102,768,768,0.14314361984338844,0.2,0.11415139421323825,0.22442071962553398,0.11381194330867975,0.23859825620388997,0.2925325085035607,0.11317254174397032,-0.5354186426340813,0.9999999905420642,0.9423336973493923,0.5603585417622846,heteroscedastic,rbf
1,convnext_s|2,vit_sup_b16|2,10.0,0.1,539,102,768,768,0.6510852530145916,0.5333333333333333,0.6292341868846172,0.6624254107835194,0.5601334437934288,0.5629107981220657,0.752624986713701,0.4539888682745825,-0.09119149754491374,0.9999999994922434,0.9846678959482366,0.7476339896909537,heteroscedastic,rbf
1,dinov2_b|2,mae_b16|2,10.0,0.1,539,102,768,768,0.24844052344589845,0.23333333333333334,0.28533598259338383,0.27025097052903846,0.2393101486023339,0.16492287055667335,0.3281054382297017,0.1352504638218924,-0.46330993539004406,0.9999999904585257,0.9408273540915041,0.5803122384456084,heteroscedastic,rbf
1,dinov2_b|2,vit_sup_b16|2,10.0,0.1,539,102,768,768,0.5760959891555254,0.4166666666666667,0.4816762009237067,0.6703248092105096,0.4849724552296155,0.47619047619047616,0.8410339619093959,0.48144712430426717,-0.01723797132651078,0.9999999993540527,0.9825334113254965,0.7524568784147004,heteroscedastic,rbf
1,mae_b16|2,vit_sup_b16|2,10.0,0.1,539,102,768,768,0.20742490951363754,0.16666666666666666,0.14103985014523784,0.3156483547295155,0.1835376628935141,0.332897384305835,0.333454042968084,0.1339517625231911,-0.3524749643559686,0.9999999907030703,0.9448819625245052,0.5804575551589513,heteroscedastic,rbf
1,clip_b16|2,convnext_s|2,10.0,0.25,539,256,768,768,0.2568113800316112,0.23333333333333334,0.22788458825434404,0.32780883712734016,0.2567350124997163,0.4155600268276324,0.5815593766424408,0.312430426716141,-0.366160288922877,0.9999999986617476,0.9725112932692817,0.6631210242350387,heteroscedastic,rbf
1,clip_b16|2,dinov2_b|2,10.0,0.25,539,256,768,768,0.2966211572809924,0.23333333333333334,0.2827523789515379,0.36778728874359456,0.308198176435684,0.312038900067069,0.6780743957277284,0.3855287569573284,-0.18026165553382267,0.9999999985492056,0.9711554975757384,0.6899661230771007,heteroscedastic,rbf
1,clip_b16|2,mae_b16|2,10.0,0.25,539,256,768,768,0.23455765154903205,0.2,0.12108952736551326,0.380063946979135,0.2168097676122786,0.3141851106639838,0.44384999471920905,0.1536178107606679,-0.3139748588542002,0.9999999900018642,0.9352077297725707,0.5593365452835957,heteroscedastic,rbf
1,clip_b16|2,vit_sup_b16|2,10.0,0.25,539,256,768,768,0.307621132280923,0.3,0.20583122361200945,0.459270175567942,0.3137370422850324,0.3280348759221998,0.6830976474919138,0.3625231910946196,-0.17773868707182705,0.9999999988287743,0.975303959175687,0.6942067132135379,heteroscedastic,rbf
1,convnext_s|2,dinov2_b|2,10.0,0.25,539,256,768,768,0.6698940274834095,0.5666666666666667,0.6482963509833455,0.6918458246096728,0.5722596276997604,0.49232059020791413,0.7039219466511304,0.3738404452690167,-0.2651040388300646,0.9999999992232875,0.9801338081470916,0.7113681813819062,heteroscedastic,rbf
1,convnext_s|2,mae_b16|2,10.0,0.25,539,256,768,768,0.17226414517818103,0.21666666666666667,0.1869548863194629,0.2193709804486677,0.12973659806684024,0.3094232059020791,0.2925325085035607,0.11317254174397032,-0.5354186426340813,0.9999999905420642,0.9423336973493923,0.5603585417622846,heteroscedastic,rbf
1,convnext_s|2,vit_sup_b16|2,10.0,0.25,539,256,768,768,0.6814411706699185,0.5666666666666667,0.6862237099549074,0.6698388814277563,0.5879682529903667,0.5775318578135479,0.752624986713701,0.4539888682745825,-0.09119149754491374,0.9999999994922434,0.9846678959482366,0.7476339896909537,heteroscedastic,rbf
1,dinov2_b|2,mae_b16|2,10.0,0.25,539,256,768,768,0.2483038563996011,0.23333333333333334,0.31145201723624505,0.26381158960103374,0.22293649301085902,0.22119382964453382,0.3281054382297017,0.1352504638218924,-0.46330993539004406,0.9999999904585257,0.9408273540915041,0.5803122384456084,heteroscedastic,rbf
1,dinov2_b|2,vit_sup_b16|2,10.0,0.25,539,256,768,768,0.6001826116183655,0.5333333333333333,0.5457422388104498,0.6734989788534841,0.4931313977957699,0.5071093226022803,0.8410339619093959,0.48144712430426717,-0.01723797132651078,0.9999999993540527,0.9825334113254965,0.7524568784147004,heteroscedastic,rbf
1,mae_b16|2,vit_sup_b16|2,10.0,0.25,539,256,768,768,0.2539601498893052,0.21666666666666667,0.23068097616941943,0.33242179983740966,0.22113570703648103,0.37991281019450024,0.333454042968084,0.1339517625231911,-0.3524749643559686,0.9999999907030703,0.9448819625245052,0.5804575551589513,heteroscedastic,rbf
1,clip_b16|2,convnext_s|2,10.0,1.0,539,1024,768,768,0.2699752499312498,0.25,0.2580000327083934,0.34750510992161204,0.2586106994977416,0.459121395036888,0.5815593766424408,0.312430426716141,-0.366160288922877,0.9999999986617476,0.9725112932692817,0.6631210242350387,heteroscedastic,rbf
1,clip_b16|2,dinov2_b|2,10.0,1.0,539,1024,768,768,0.2843584565512682,0.25,0.3050347023473305,0.3509658093951064,0.2793799265256625,0.38246143527833665,0.6780743957277284,0.3855287569573284,-0.18026165553382267,0.9999999985492056,0.9711554975757384,0.6899661230771007,heteroscedastic,rbf
1,clip_b16|2,mae_b16|2,10.0,1.0,539,1024,768,768,0.28182394951097084,0.2,0.16204582733454811,0.41510883525623893,0.27021557552195635,0.3267940979208585,0.44384999471920905,0.1536178107606679,-0.3139748588542002,0.9999999900018642,0.9352077297725707,0.5593365452835957,heteroscedastic,rbf
1,clip_b16|2,vit_sup_b16|2,10.0,1.0,539,1024,768,768,0.33477276325767574,0.31666666666666665,0.24877518748469044,0.4865854608731786,0.33311687153663827,0.3485580147551978,0.6830976474919138,0.3625231910946196,-0.17773868707182705,0.9999999988287743,0.975303959175687,0.6942067132135379,heteroscedastic,rbf
1,convnext_s|2,dinov2_b|2,10.0,1.0,539,1024,768,768,0.7076193544982069,0.6,0.6996629058603916,0.7180121979044224,0.6137299088542089,0.557981220657277,0.7039219466511304,0.3738404452690167,-0.2651040388300646,0.9999999992232875,0.9801338081470916,0.7113681813819062,heteroscedastic,rbf
1,convnext_s|2,mae_b16|2,10.0,1.0,539,1024,768,768,0.16376306600851664,0.18333333333333332,0.1842630933765324,0.22684589023785048,0.1253603193183034,0.3705231388329979,0.2925325085035607,0.11317254174397032,-0.5354186426340813,0.9999999905420642,0.9423336973493923,0.5603585417622846,heteroscedastic,rbf
1,convnext_s|2,vit_sup_b16|2,10.0,1.0,539,1024,768,768,0.6824751179864389,0.5833333333333334,0.6791935619817765,0.6846423641336143,0.5886366068215053,0.5898054996646545,0.752624986713701,0.4539888682745825,-0.09119149754491374,0.9999999994922434,0.9846678959482366,0.7476339896909537,heteroscedastic,rbf
1,dinov2_b|2,mae_b16|2,10.0,1.0,539,1024,768,768,0.2602493895816377,0.2,0.3445917300601457,0.2695907789897114,0.24525772761318645,0.2713950368879946,0.3281054382297017,0.1352504638218924,-0.46330993539004406,0.9999999904585257,0.9408273540915041,0.5803122384456084,heteroscedastic,rbf
1,dinov2_b|2,vit_sup_b16|2,10.0,1.0,539,1024,768,768,0.6144700401945561,0.55,0.5679677718089953,0.6849864233453111,0.5075623283518209,0.5396042924211938,0.8410339619093959,0.48144712430426717,-0.01723797132651078,0.9999999993540527,0.9825334113254965,0.7524568784147004,heteroscedastic,rbf
1,mae_b16|2,vit_sup_b16|2,10.0,1.0,539,1024,768,768,0.283934066483518,0.18333333333333332,0.270303061236043,0.3617338573533859,0.2650148180813017,0.3998993963782696,0.333454042968084,0.1339517625231911,-0.3524749643559686,0.9999999907030703,0.9448819625245052,0.5804575551589513,heteroscedastic,rbf
1,clip_b16|2,convnext_s|2,0.1,0.1,539,102,768,768,0.23760960447112353,0.15,0.23760960447112353,,0.270164425580483,0.3695841716968477,0.5815593766424408,0.312430426716141,-0.366160288922877,0.9999999986617476,0.9725112932692817,0.6631210242350387,homoscedastic,rbf
1,clip_b16|2,dinov2_b|2,0.1,0.1,539,102,768,768,0.28753752093755813,0.18333333333333332,0.28753752093755813,,0.32387907862013504,0.2549966465459423,0.6780743957277284,0.3855287569573284,-0.18026165553382267,0.9999999985492056,0.9711554975757384,0.6899661230771007,homoscedastic,rbf
1,clip_b16|2,mae_b16|2,0.1,0.1,539,102,768,768,0.260275000763891,0.15,0.260275000763891,,0.2502252705029393,0.3662977867203219,0.44384999471920905,0.1536178107606679,-0.3139748588542002,0.9999999900018642,0.9352077297725707,0.5593365452835957,homoscedastic,rbf
1,clip_b16|2,vit_sup_b16|2,0.1,0.1,539,102,768,768,0.2788138855941266,0.21666666666666667,0.2788138855941266,,0.30844030777511533,0.2578470824949698,0.6830976474919138,0.3625231910946196,-0.17773868707182705,0.9999999988287743,0.975303959175687,0.6942067132135379,homoscedastic,rbf
1,convnext_s|2,dinov2_b|2,0.1,0.1,539,102,768,768,0.5634772874369095,0.31666666666666665,0.5634772874369095,,0.4855273226612885,0.38433936955063713,0.7039219466511304,0.3738404452690167,-0.2651040388300646,0.9999999992232875,0.9801338081470916,0.7113681813819062,homoscedastic,rbf
1,convnext_s|2,mae_b16|2,0.1,0.1,539,102,768,768,0.13309331414809483,0.16666666666666666,0.13309331414809483,,0.09486425405389631,0.24007377598926893,0.2925325085035607,0.11317254174397032,-0.5354186426340813,0.9999999905420642,0.9423336973493923,0.5603585417622846,homoscedastic,rbf
1,convnext_s|2,vit_sup_b16|2,0.1,0.1,539,102,768,768,0.6005196125544793,0.48333333333333334,0.6005196125544793,,0.5228979076350407,0.555365526492287,0.752624986713701,0.4539888682745825,-0.09119149754491374,0.9999999994922434,0.9846678959482366,0.7476339896909537,homoscedastic,rbf
1,dinov2_b|2,mae_b16|2,0.1,0.1,539,102,768,768,0.23272370201028333,0.26666666666666666,0.23272370201028333,,0.219064661307947,0.12253521126760561,0.3281054382297017,0.1352504638218924,-0.46330993539004406,0.9999999904585257,0.9408273540915041,0.5803122384456084,homoscedastic,rbf
1,dinov2_b|2,vit_sup_b16|2,0.1,0.1,539,102,768,768,0.4840102333617593,0.35,0.4840102333617593,,0.40699359936707014,0.4340040241448691,0.8410339619093959,0.48144712430426717,-0.01723797132651078,0.9999999993540527,0.9825334113254965,0.7524568784147004,homoscedastic,rbf
1,mae_b16|2,vit_sup_b16|2,0.1,0.1,539,102,768,768,0.17508009744471512,0.16666666666666666,0.17508009744471512,,0.1404340692656133,0.32736418511066395,0.333454042968084,0.1339517625231911,-0.3524749643559686,0.9999999907030703,0.9448819625245052,0.5804575551589513,homoscedastic,rbf
1,clip_b16|2,convnext_s|2,0.1,0.25,539,256,768,768,0.25727682576896044,0.16666666666666666,0.25727682576896044,,0.2769918484340498,0.3856472166331321,0.5815593766424408,0.312430426716141,-0.366160288922877,0.9999999986617476,0.9725112932692817,0.6631210242350387,homoscedastic,rbf
1,clip_b16|2,dinov2_b|2,0.1,0.25,539,256,768,768,0.2895552487645799,0.26666666666666666,0.2895552487645799,,0.3165493163255049,0.2819584171696848,0.6780743957277284,0.3855287569573284,-0.18026165553382267,0.9999999985492056,0.9711554975757384,0.6899661230771007,homoscedastic,rbf
1,clip_b16|2,mae_b16|2,0.1,0.25,539,256,768,768,0.2265111291975811,0.13333333333333333,0.2265111291975811,,0.2094611179383088,0.3490945674044265,0.44384999471920905,0.1536178107606679,-0.3139748588542002,0.9999999900018642,0.9352077297725707,0.5593365452835957,homoscedastic,rbf
1,clip_b16|2,vit_sup_b16|2,0.1,0.25,539,256,768,768,0.31442092894702484,0.21666666666666667,0.31442092894702484,,0.33823154143712686,0.2920858484238766,0.6830976474919138,0.3625231910946196,-0.17773868707182705,0.9999999988287743,0.975303959175687,0.6942067132135379,homoscedastic,rbf
1,convnext_s|2,dinov2_b|2,0.1,0.25,539,256,768,768,0.6242949563748788,0.4666666666666667,0.6242949563748788,,0.5365888258048618,0.42240107310529845,0.7039219466511304,0.3738404452690167,-0.2651040388300646,0.9999999992232875,0.9801338081470916,0.7113681813819062,homoscedastic,rbf
1,convnext_s|2,mae_b16|2,0.1,0.25,539,256,768,768,0.15155869877416325,0.18333333333333332,0.15155869877416325,,0.10034070238353864,0.28675385647216634,0.2925325085035607,0.11317254174397032,-0.5354186426340813,0.9999999905420642,0.9423336973493923,0.5603585417622846,homoscedastic,rbf
1,convnext_s|2,vit_sup_b16|2,0.1,0.25,539,256,768,768,0.6427758965997127,0.5333333333333333,0.6427758965997127,,0.5575394689484998,0.5681757209926224,0.752624986713701,0.4539888682745825,-0.09119149754491374,0.9999999994922434,0.9846678959482366,0.7476339896909537,homoscedastic,rbf
1,dinov2_b|2,mae_b16|2,0.1,0.25,539,256,768,768,0.23893105258625713,0.21666666666666667,0.23893105258625713,,0.20938111002668552,0.20117370892018777,0.3281054382297017,0.1352504638218924,-0.46330993539004406,0.9999999904585257,0.9408273540915041,0.5803122384456084,homoscedastic,rbf
1,dinov2_b|2,vit_sup_b16|2,0.1,0.25,539,256,768,768,0.5410690029694527,0.43333333333333335,0.5410690029694527,,0.44845318037528326,0.4798122065727699,0.8410339619093959,0.48144712430426717,-0.01723797132651078,0.9999999993540527,0.9825334113254965,0.7524568784147004,homoscedastic,rbf
1,mae_b16|2,vit_sup_b16|2,0.1,0.25,539,256,768,768,0.20982191617198936,0.16666666666666666,0.20982191617198936,,0.16565220633772904,0.36723675385647214,0.333454042968084,0.1339517625231911,-0.3524749643559686,0.9999999907030703,0.9448819625245052,0.5804575551589513,homoscedastic,rbf
1,clip_b16|2,convnext_s|2,0.1,1.0,539,1024,768,768,0.2905040847335687,0.23333333333333334,0.2905040847335687,,0.2785850353591196,0.41579476861167,0.5815593766424408,0.312430426716141,-0.366160288922877,0.9999999986617476,0.9725112932692817,0.6631210242350387,homoscedastic,rbf
1,clip_b16|2,dinov2_b|2,0.1,1.0,539,1024,768,768,0.314471873532982,0.25,0.314471873532982,,0.3106892029039548,0.3385647216633132,0.6780743957277284,0.3855287569573284,-0.18026165553382267,0.9999999985492056,0.9711554975757384,0.6899661230771007,homoscedastic,rbf
1,clip_b16|2,mae_b16|2,0.1,1.0,539,1024,768,768,0.23562615451709581,0.18333333333333332,0.23562615451709581,,0.21939069152126897,0.2940979208584842,0.44384999471920905,0.1536178107606679,-0.3139748588542002,0.9999999900018642,0.9352077297725707,0.5593365452835957,homoscedastic,rbf
1,clip_b16|2,vit_sup_b16|2,0.1,1.0,539,1024,768,768,0.36598407217797824,0.31666666666666665,0.36598407217797824,,0.36648211616467846,0.32454728370221325,0.6830976474919138,0.3625231910946196,-0.17773868707182705,0.9999999988287743,0.975303959175687,0.6942067132135379,homoscedastic,rbf
1,convnext_s|2,dinov2_b|2,0.1,1.0,539,1024,768,768,0.6745286514684763,0.5833333333333334,0.6745286514684763,,0.5782803243765544,0.503085177733065,0.7039219466511304,0.3738404452690167,-0.2651040388300646,0.9999999992232875,0.9801338081470916,0.7113681813819062,homoscedastic,rbf
1,convnext_s|2,mae_b16|2,0.1,1.0,539,1024,768,768,0.15766177128269798,0.2,0.15766177128269798,,0.11346726890115984,0.3264922870556673,0.2925325085035607,0.11317254174397032,-0.5354186426340813,0.9999999905420642,0.9423336973493923,0.5603585417622846,homoscedastic,rbf
1,convnext_s|2,vit_sup_b16|2,0.1,1.0,539,1024,768,768,0.6787780521612559,0.6,0.6787780521612559,,0.5881736633733995,0.5800134138162307,0.752624986713701,0.4539888682745825,-0.09119149754491374,0.9999999994922434,0.9846678959482366,0.7476339896909537,homoscedastic,rbf
1,dinov2_b|2,mae_b16|2,0.1,1.0,539,1024,768,768,0.25980094389151076,0.23333333333333334,0.25980094389151076,,0.23831203571903362,0.22451374916163647,0.3281054382297017,0.1352504638218924,-0.46330993539004406,0.9999999904585257,0.9408273540915041,0.5803122384456084,homoscedastic,rbf
1,dinov2_b|2,vit_sup_b16|2,0.1,1.0,539,1024,768,768,0.5995402209450581,0.5166666666666667,0.5995402209450581,,0.4987877220685652,0.5246143527833668,0.8410339619093959,0.48144712430426717,-0.01723797132651078,0.9999999993540527,0.9825334113254965,0.7524568784147004,homoscedastic,rbf
1,mae_b16|2,vit_sup_b16|2,0.1,1.0,539,1024,768,768,0.2591177197714438,0.18333333333333332,0.2591177197714438,,0.23043697127497106,0.38947015425888665,0.333454042968084,0.1339517625231911,-0.3524749643559686,0.9999999907030703,0.9448819625245052,0.5804575551589513,homoscedastic,rbf
1,clip_b16|2,convnext_s|2,1.0,0.1,539,102,768,768,0.2903252509034747,0.21666666666666667,0.2903252509034747,,0.29907816618948335,0.3797116029510395,0.5815593766424408,0.312430426716141,-0.366160288922877,0.9999999986617476,0.9725112932692817,0.6631210242350387,homoscedastic,rbf
1,clip_b16|2,dinov2_b|2,1.0,0.1,539,102,768,768,0.333690649140692,0.2,0.333690649140692,,0.3500391528078156,0.26958417169684773,0.6780743957277284,0.3855287569573284,-0.18026165553382267,0.9999999985492056,0.9711554975757384,0.6899661230771007,homoscedastic,rbf
1,clip_b16|2,mae_b16|2,1.0,0.1,539,102,768,768,0.259174497706938,0.2,0.259174497706938,,0.24391631837150257,0.34691482226693493,0.44384999471920905,0.1536178107606679,-0.3139748588542002,0.9999999900018642,0.9352077297725707,0.5593365452835957,homoscedastic,rbf
1,clip_b16|2,vit_sup_b16|2,1.0,0.1,539,102,768,768,0.3450107916966436,0.25,0.3450107916966436,,0.3588856608313041,0.2654594232059021,0.6830976474919138,0.3625231910946196,-0.17773868707182705,0.9999999988287743,0.975303959175687,0.6942067132135379,homoscedastic,rbf
1,convnext_s|2,dinov2_b|2,1.0,0.1,539,102,768,768,0.6362592673868538,0.4666666666666667,0.6362592673868538,,0.555587421815977,0.4360831656606304,0.7039219466511304,0.3738404452690167,-0.2651040388300646,0.9999999992232875,0.9801338081470916,0.7113681813819062,homoscedastic,rbf
1,convnext_s|2,mae_b16|2,1.0,0.1,539,102,768,768,0.16191111641976783,0.18333333333333332,0.16191111641976783,,0.13312019506690836,0.2458417169684775,0.2925325085035607,0.11317254174397032,-0.5354186426340813,0.9999999905420642,0.9423336973493923,0.5603585417622846,homoscedastic,rbf
1,convnext_s|2,vit_sup_b16|2,1.0,0.1,539,102,768,768,0.6615503931955367,0.5333333333333333,0.6615503931955367,,0.5769197845703891,0.5654258886653252,0.752624986713701,0.4539888682745825,-0.09119149754491374,0.9999999994922434,0.9846678959482366,0.7476339896909537,homoscedastic,rbf
1,dinov2_b|2,mae_b16|2,1.0,0.1,539,102,768,768,0.262234339539832,0.23333333333333334,0.262234339539832,,0.2532187174739873,0.15318578135479544,0.3281054382297017,0.1352504638218924,-0.46330993539004406,0.9999999904585257,0.9408273540915041,0.5803122384456084,homoscedastic,rbf
1,dinov2_b|2,vit_sup_b16|2,1.0,0.1,539,102,768,768,0.5875400765002126,0.4166666666666667,0.5875400765002126,,0.5051150752090582,0.46777330650570087,0.8410339619093959,0.48144712430426717,-0.01723797132651078,0.9999999993540527,0.9825334113254965,0.7524568784147004,homoscedastic,rbf
1,mae_b16|2,vit_sup_b16|2,1.0,0.1,539,102,768,768,0.21846571796032765,0.16666666666666666,0.21846571796032765,,0.19429787585884886,0.3401743796109993,0.333454042968084,0.1339517625231911,-0.3524749643559686,0.9999999907030703,0.9448819625245052,0.5804575551589513,homoscedastic,rbf
1,clip_b16|2,convnext_s|2,1.0,0.25,539,256,768,768,0.28467867966299903,0.25,0.28467867966299903,,0.2834544935750486,0.4092555331991951,0.5815593766424408,0.312430426716141,-0.366160288922877,0.9999999986617476,0.9725112932692817,0.6631210242350387,homoscedastic,rbf
1,clip_b16|2,dinov2_b|2,1.0,0.25,539,256,768,768,0.33098675274097983,0.25,0.33098675274097983,,0.34229192268657976,0.3009389671361502,0.6780743957277284,0.3855287569573284,-0.18026165553382267,0.9999999985492056,0.9711554975757384,0.6899661230771007,homoscedastic,rbf
1,clip_b16|2,mae_b16|2,1.0,0.25,539,256,768,768,0.23532243145119844,0.15,0.23532243145119844,,0.21563639930351777,0.33507712944332657,0.44384999471920905,0.1536178107606679,-0.3139748588542002,0.9999999900018642,0.9352077297725707,0.5593365452835957,homoscedastic,rbf
1,clip_b16|2,vit_sup_b16|2,1.0,0.25,539,256,768,768,0.33839282886896904,0.2833333333333333,0.33839282886896904,,0.34458759042434184,0.33008048289738423,0.6830976474919138,0.3625231910946196,-0.17773868707182705,0.9999999988287743,0.975303959175687,0.6942067132135379,homoscedastic,rbf
1,convnext_s|2,dinov2_b|2,1.0,0.25,539,256,768,768,0.6731800921669225,0.5333333333333333,0.6731800921669225,,0.5805414598241934,0.48420523138832994,0.7039219466511304,0.3738404452690167,-0.2651040388300646,0.9999999992232875,0.9801338081470916,0.7113681813819062,homoscedastic,rbf
1,convnext_s|2,mae_b16|2,1.0,0.25,539,256,768,768,0.18238283995233318,0.21666666666666667,0.18238283995233318,,0.1377100714315823,0.31327967806841045,0.2925325085035607,0.11317254174397032,-0.5354186426340813,0.9999999905420642,0.9423336973493923,0.5603585417622846,homoscedastic,rbf
1,convnext_s|2,vit_sup_b16|2,1.0,0.25,539,256,768,768,0.6898885274681318,0.55,0.6898885274681318,,0.6012353805198973,0.5801475519785378,0.752624986713701,0.4539888682745825,-0.09119149754491374,0.9999999994922434,0.9846678959482366,0.7476339896909537,homoscedastic,rbf
1,dinov2_b|2,mae_b16|2,1.0,0.25,539,256,768,768,0.2658594607207242,0.25,0.2658594607207242,,0.23973337181062687,0.21579476861167002,0.3281054382297017,0.1352504638218924,-0.46330993539004406,0.9999999904585257,0.9408273540915041,0.5803122384456084,homoscedastic,rbf
1,dinov2_b|2,vit_sup_b16|2,1.0,0.25,539,256,768,768,0.6141908171967144,0.5,0.6141908171967144,,0.5164680924881732,0.4986250838363514,0.8410339619093959,0.48144712430426717,-0.01723797132651078,0.9999999993540527,0.9825334113254965,0.7524568784147004,homoscedastic,rbf
1,mae_b16|2,vit_sup_b16|2,1.0,0.25,539,256,768,768,0.2561517670882419,0.18333333333333332,0.2561517670882419,,0.22054395652498163,0.3799798792756539,0.333454042968084,0.1339517625231911,-0.3524749643559686,0.9999999907030703,0.9448819625245052,0.5804575551589513,homoscedastic,rbf
1,clip_b16|2,convnext_s|2,1.0,1.0,539,1024,768,768,0.30298028605635013,0.25,0.30298028605635013,,0.28535944385179324,0.443326626425218,0.5815593766424408,0.312430426716141,-0.366160288922877,0.9999999986617476,0.9725112932692817,0.6631210242350387,homoscedastic,rbf
1,clip_b16|2,dinov2_b|2,1.0,1.0,539,1024,768,768,0.3310919196997769,0.25,0.3310919196997769,,0.3216345608238464,0.37226693494299123,0.6780743957277284,0.3855287569573284,-0.18026165553382267,0.9999999985492056,0.9711554975757384,0.6899661230771007,homoscedastic,rbf
1,clip_b16|2,mae_b16|2,1.0,1.0,539,1024,768,768,0.2639706776963269,0.2,0.2639706776963269,,0.24890015466575013,0.3003688799463447,0.44384999471920905,0.1536178107606679,-0.3139748588542002,0.9999999900018642,0.9352077297725707,0.5593365452835957,homoscedastic,rbf
1,clip_b16|2,vit_sup_b16|2,1.0,1.0,539,1024,768,768,0.3625060069611304,0.3333333333333333,0.3625060069611304,,0.35407853907336734,0.35513078470824944,0.6830976474919138,0.3625231910946196,-0.17773868707182705,0.9999999988287743,0.975303959175687,0.6942067132135379,homoscedastic,rbf
1,convnext_s|2,dinov2_b|2,1.0,1.0,539,1024,768,768,0.7109476415212264,0.5833333333333334,0.7109476415212264,,0.6188668707260212,0.5503688799463446,0.7039219466511304,0.3738404452690167,-0.2651040388300646,0.9999999992232875,0.9801338081470916,0.7113681813819062,homoscedastic,rbf
1,convnext_s|2,mae_b16|2,1.0,1.0,539,1024,768,768,0.18137005936127598,0.21666666666666667,0.18137005936127598,,0.1421440661204188,0.34946344735077123,0.2925325085035607,0.11317254174397032,-0.5354186426340813,0.9999999905420642,0.9423336973493923,0.5603585417622846,homoscedastic,rbf
1,convnext_s|2,vit_sup_b16|2,1.0,1.0,539,1024,768,768,0.69243164564346,0.5666666666666667,0.69243164564346,,0.6011672076185042,0.5947015425888664,0.752624986713701,0.4539888682745825,-0.09119149754491374,0.9999999994922434,0.9846678959482366,0.7476339896909537,homoscedastic,rbf
1,dinov2_b|2,mae_b16|2,1.0,1.0,539,1024,768,768,0.28580046055683483,0.23333333333333334,0.28580046055683483,,0.2699326701404313,0.2501676727028839,0.3281054382297017,0.1352504638218924,-0.46330993539004406,0.9999999904585257,0.9408273540915041,0.5803122384456084,homoscedastic,rbf
1,dinov2_b|2,vit_sup_b16|2,1.0,1.0,539,1024,768,768,0.6304239178442161,0.5666666666666667,0.6304239178442161,,0.5294784975697698,0.5443997317236753,0.8410339619093959,0.48144712430426717,-0.01723797132651078,0.9999999993540527,0.9825334113254965,0.7524568784147004,homoscedastic,rbf
1,mae_b16|2,vit_sup_b16|2,1.0,1.0,539,1024,768,768,0.29427503965288787,0.2,0.29427503965288787,,0.27443524303923067,0.3882293762575452,0.333454042968084,0.1339517625231911,-0.3524749643559686,0.9999999907030703,0.9448819625245052,0.5804575551589513,homoscedastic,rbf
1,clip_b16|2,convnext_s|2,10.0,0.1,539,102,768,768,0.29497665271292417,0.2,0.29497665271292417,,0.29911456289902627,0.3947015425888665,0.5815593766424408,0.312430426716141,-0.366160288922877,0.9999999986617476,0.9725112932692817,0.6631210242350387,homoscedastic,rbf
1,clip_b16|2,dinov2_b|2,10.0,0.1,539,102,768,768,0.34030511195864427,0.18333333333333332,0.34030511195864427,,0.3537019263505692,0.27736418511066396,0.6780743957277284,0.3855287569573284,-0.18026165553382267,0.9999999985492056,0.9711554975757384,0.6899661230771007,homoscedastic,rbf
1,clip_b16|2,mae_b16|2,10.0,0.1,539,102,768,768,0.2533773149369859,0.2,0.2533773149369859,,0.23810540941029223,0.3467136150234741,0.44384999471920905,0.1536178107606679,-0.3139748588542002,0.9999999900018642,0.9352077297725707,0.5593365452835957,homoscedastic,rbf
1,clip_b16|2,vit_sup_b16|2,10.0,0.1,539,102,768,768,0.34742307617521156,0.25,0.34742307617521156,,0.3580673428294429,0.28366867873910123,0.6830976474919138,0.3625231910946196,-0.17773868707182705,0.9999999988287743,0.975303959175687,0.6942067132135379,homoscedastic,rbf
1,convnext_s|2,dinov2_b|2,10.0,0.1,539,102,768,768,0.651943533176481,0.48333333333333334,0.651943533176481,,0.572329259712004,0.45318578135479537,0.7039219466511304,0.3738404452690167,-0.2651040388300646,0.9999999992232875,0.9801338081470916,0.7113681813819062,homoscedastic,rbf
1,convnext_s|2,mae_b16|2,10.0,0.1,539,102,768,768,0.16644407345575957,0.2,0.16644407345575957,,0.13985917959060593,0.23571428571428568,0.2925325085035607,0.11317254174397032,-0.5354186426340813,0.9999999905420642,0.9423336973493923,0.5603585417622846,homoscedastic,rbf
1,convnext_s|2,vit_sup_b16|2,10.0,0.1,539,102,768,768,0.6715629765638238,0.55,0.6715629765638238,,0.5863795244595615,0.5700201207243459,0.752624986713701,0.4539888682745825,-0.09119149754491374,0.9999999994922434,0.9846678959482366,0.7476339896909537,homoscedastic,rbf
1,dinov2_b|2,mae_b16|2,10.0,0.1,539,102,768,768,0.2723450898474718,0.23333333333333334,0.2723450898474718,,0.2658261647757671,0.157981220657277,0.3281054382297017,0.1352504638218924,-0.46330993539004406,0.9999999904585257,0.9408273540915041,0.5803122384456084,homoscedastic,rbf
1,dinov2_b|2,vit_sup_b16|2,10.0,0.1,539,102,768,768,0.607852299589721,0.4666666666666667,0.607852299589721,,0.5258187233104307,0.47810194500335346,0.8410339619093959,0.48144712430426717,-0.01723797132651078,0.9999999993540527,0.9825334113254965,0.7524568784147004,homoscedastic,rbf
1,mae_b16|2,vit_sup_b16|2,10.0,0.1,539,102,768,768,0.23216442267895185,0.18333333333333332,0.23216442267895185,,0.21121748209346738,0.33138832997987927,0.333454042968084,0.1339517625231911,-0.3524749643559686,0.9999999907030703,0.9448819625245052,0.5804575551589513,homoscedastic,rbf
1,clip_b16|2,convnext_s|2,10.0,0.25,539,256,768,768,0.2825561737671493,0.26666666666666666,0.2825561737671493,,0.27676592943739925,0.4228034875922199,0.5815593766424408,0.312430426716141,-0.366160288922877,0.9999999986617476,0.9725112932692817,0.6631210242350387,homoscedastic,rbf
1,clip_b16|2,dinov2_b|2,10.0,0.25,539,256,768,768,0.3340332612035033,0.25,0.3340332612035033,,0.3417424053280243,0.32136150234741784,0.6780743957277284,0.3855287569573284,-0.18026165553382267,0.9999999985492056,0.9711554975757384,0.6899661230771007,homoscedastic,rbf
1,clip_b16|2,mae_b16|2,10.0,0.25,539,256,768,768,0.23991905533070926,0.13333333333333333,0.23991905533070926,,0.2193210595090254,0.33561368209255527,0.44384999471920905,0.1536178107606679,-0.3139748588542002,0.9999999900018642,0.9352077297725707,0.5593365452835957,homoscedastic,rbf
1,clip_b16|2,vit_sup_b16|2,10.0,0.25,539,256,768,768,0.33037197325548123,0.3,0.33037197325548123,,0.330910858054454,0.33879946344735073,0.6830976474919138,0.3625231910946196,-0.17773868707182705,0.9999999988287743,0.975303959175687,0.6942067132135379,homoscedastic,rbf
1,convnext_s|2,dinov2_b|2,10.0,0.25,539,256,768,768,0.6869887971911032,0.5333333333333333,0.6869887971911032,,0.5957434494028994,0.5012743125419181,0.7039219466511304,0.3738404452690167,-0.2651040388300646,0.9999999992232875,0.9801338081470916,0.7113681813819062,homoscedastic,rbf
1,convnext_s|2,mae_b16|2,10.0,0.25,539,256,768,768,0.19251709032525088,0.25,0.19251709032525088,,0.15000851147995992,0.30972501676727027,0.2925325085035607,0.11317254174397032,-0.5354186426340813,0.9999999905420642,0.9423336973493923,0.5603585417622846,homoscedastic,rbf
1,convnext_s|2,vit_sup_b16|2,10.0,0.25,539,256,768,768,0.7022079505776404,0.5833333333333334,0.7022079505776404,,0.615248519002487,0.582394366197183,0.752624986713701,0.4539888682745825,-0.09119149754491374,0.9999999994922434,0.9846678959482366,0.7476339896909537,homoscedastic,rbf
1,dinov2_b|2,mae_b16|2,10.0,0.25,539,256,768,768,0.27323864788513297,0.25,0.27323864788513297,,0.24841135253090885,0.21042924211938294,0.3281054382297017,0.1352504638218924,-0.46330993539004406,0.9999999904585257,0.9408273540915041,0.5803122384456084,homoscedastic,rbf
1,dinov2_b|2,vit_sup_b16|2,10.0,0.25,539,256,768,768,0.6271217975605486,0.5166666666666667,0.6271217975605486,,0.5297853161568965,0.5071093226022803,0.8410339619093959,0.48144712430426717,-0.01723797132651078,0.9999999993540527,0.9825334113254965,0.7524568784147004,homoscedastic,rbf
1,mae_b16|2,vit_sup_b16|2,10.0,0.25,539,256,768,768,0.2717216992269423,0.23333333333333334,0.2717216992269423,,0.23944981793539058,0.38588195841716966,0.333454042968084,0.1339517625231911,-0.3524749643559686,0.9999999907030703,0.9448819625245052,0.5804575551589513,homoscedastic,rbf
1,clip_b16|2,convnext_s|2,10.0,1.0,539,1024,768,768,0.29294748040966784,0.25,0.29294748040966784,,0.28212264961560535,0.4523809523809524,0.5815593766424408,0.312430426716141,-0.366160288922877,0.9999999986617476,0.9725112932692817,0.6631210242350387,homoscedastic,rbf
1,clip_b16|2,dinov2_b|2,10.0,1.0,539,1024,768,768,0.3204626679518554,0.26666666666666666,0.3204626679518554,,0.31738522471928327,0.37894030851777327,0.6780743957277284,0.3855287569573284,-0.18026165553382267,0.9999999985492056,0.9711554975757384,0.6899661230771007,homoscedastic,rbf
1,clip_b16|2,mae_b16|2,10.0,1.0,539,1024,768,768,0.2682505784738291,0.2,0.2682505784738291,,0.2541150168446241,0.3128101945003353,0.44384999471920905,0.1536178107606679,-0.3139748588542002,0.9999999900018642,0.9352077297725707,0.5593365452835957,homoscedastic,rbf
1,clip_b16|2,vit_sup_b16|2,10.0,1.0,539,1024,768,768,0.3442960674890763,0.31666666666666665,0.3442960674890763,,0.34032487913698456,0.3577464788732394,0.6830976474919138,0.3625231910946196,-0.17773868707182705,0.9999999988287743,0.975303959175687,0.6942067132135379,homoscedastic,rbf
1,convnext_s|2,dinov2_b|2,10.0,1.0,539,1024,768,768,0.7199015552820979,0.5666666666666667,0.7199015552820979,,0.631790215526885,0.5495975855130785,0.7039219466511304,0.3738404452690167,-0.2651040388300646,0.9999999992232875,0.9801338081470916,0.7113681813819062,homoscedastic,rbf
1,convnext_s|2,mae_b16|2,10.0,1.0,539,1024,768,768,0.18824124511456974,0.21666666666666667,0.18824124511456974,,0.1494993628549287,0.359926224010731,0.2925325085035607,0.11317254174397032,-0.5354186426340813,0.9999999905420642,0.9423336973493923,0.5603585417622846,homoscedastic,rbf
1,convnext_s|2,vit_sup_b16|2,10.0,1.0,539,1024,768,768,0.6936609823916177,0.55,0.6936609823916177,,0.6046458900089816,0.5894366197183097,0.752624986713701,0.4539888682745825,-0.09119149754491374,0.9999999994922434,0.9846678959482366,0.7476339896909537,homoscedastic,rbf
1,dinov2_b|2,mae_b16|2,10.0,1.0,539,1024,768,768,0.29074419651165695,0.21666666666666667,0.29074419651165695,,0.27514185799933205,0.26418511066398387,0.3281054382297017,0.1352504638218924,-0.46330993539004406,0.9999999904585257,0.9408273540915041,0.5803122384456084,homoscedastic,rbf
1,dinov2_b|2,vit_sup_b16|2,10.0,1.0,539,1024,768,768,0.6314205317236992,0.5333333333333333,0.6314205317236992,,0.5324714581705344,0.5533534540576794,0.8410339619093959,0.48144712430426717,-0.01723797132651078,0.9999999993540527,0.9825334113254965,0.7524568784147004,homoscedastic,rbf
1,mae_b16|2,vit_sup_b16|2,10.0,1.0,539,1024,768,768,0.30090255806266125,0.2,0.30090255806266125,,0.28119262857198446,0.3935278336686787,0.333454042968084,0.1339517625231911,-0.3524749643559686,0.9999999907030703,0.9448819625245052,0.5804575551589513,homoscedastic,rbf
2,clip_b16|2,convnext_s|2,0.1,0.1,539,102,768,768,0.13444954013761148,0.23333333333333334,0.08310322139934055,0.20133524018097734,0.23816628675743415,0.3803487592219986,0.5747283074204265,0.32448979591836735,-0.3625342551628222,0.999999998663456,0.9725088613809714,0.6659433885298573,heteroscedastic,rbf
2,clip_b16|2,dinov2_b|2,0.1,0.1,539,102,768,768,0.17567209908916415,0.15,0.12195144744524984,0.21048408740109345,0.2617265496567847,0.24533869885982557,0.693722309601711,0.3879406307977736,-0.1666416703956073,0.9999999985308049,0.9708191783905146,0.6893452671626448,heteroscedastic,rbf
2,clip_b16|2,mae_b16|2,0.1,0.1,539,102,768,768,0.3053205147792077,0.23333333333333334,0.15821714814799506,0.38923066740505347,0.33650881789323844,0.27018779342723004,0.48324842408165114,0.1712430426716141,-0.28612195418203834,0.9999999903615435,0.9349048974506599,0.5629354043213415,heteroscedastic,rbf
2,clip_b16|2,vit_sup_b16|2,0.1,0.1,539,102,768,768,0.29863832955091535,0.35,0.10798676064878357,0.41954194883292156,0.38550811103509325,0.24607645875251505,0.6945048821316804,0.38051948051948054,-0.14522236777817188,0.9999999987803377,0.9750594852659186,0.6973752864764833,heteroscedastic,rbf
2,convnext_s|2,dinov2_b|2,0.1,0.1,539,102,768,768,0.41955105430848416,0.31666666666666665,0.472345322996283,0.33522174923389575,0.3465499323945306,0.4252515090543259,0.6952752128382904,0.4035250463821892,-0.24834631706553978,0.9999999992457596,0.9801321301430717,0.7119487033438051,heteroscedastic,rbf
2,convnext_s|2,mae_b16|2,0.1,0.1,539,102,768,768,0.11696821380059388,0.25,0.08393279251861999,0.15213365583299052,0.08587296980937527,0.23383635144198522,0.2962823208779037,0.13747680890538033,-0.5663849122066557,0.9999999909643643,0.9420628632446914,0.5607211169897488,heteroscedastic,rbf
2,convnext_s|2,vit_sup_b16|2,0.1,0.1,539,102,768,768,0.5243944566512685,0.48333333333333334,0.5748433636377197,0.4323196153686111,0.474994893112024,0.5431254191817572,0.7337034596741938,0.47940630797773653,-0.08866917799576757,0.9999999995112664,0.9846143596194985,0.7477162806501233,heteroscedastic,rbf
2,dinov2_b|2,mae_b16|2,0.1,0.1,539,102,768,768,0.1872456312378645,0.2,0.1810623434557424,0.16336919983053963,0.17788360834870803,0.17015425888665323,0.3432676378850959,0.1469387755102041,-0.4597098717913236,0.9999999908375721,0.9407281876287886,0.5795230417049323,heteroscedastic,rbf
2,dinov2_b|2,vit_sup_b16|2,0.1,0.1,539,102,768,768,0.38394112205867237,0.38333333333333336,0.3462666873460392,0.41388340358341025,0.3284282620044292,0.4898725687458082,0.8405981738526825,0.4875695732838589,-0.0033942268555053334,0.9999999993353315,0.9823509564443473,0.7520193734332,heteroscedastic,rbf
2,mae_b16|2,vit_sup_b16|2,0.1,0.1,539,102,768,768,0.20167033797316103,0.21666666666666667,0.12634659287269734,0.24137345532913365,0.1803448041062622,0.28826291079812205,0.3445136134286305,0.13599257884972174,-0.378559457222839,0.9999999910621623,0.944653717487928,0.5828541534407553,heteroscedastic,rbf
2,clip_b16|2,convnext_s|2,0.1,0.25,539,256,768,768,0.17075547432076196,0.21666666666666667,0.12400416870270425,0.17043693565003593,0.26417947711952067,0.3963782696177062,0.5747283074204265,0.32448979591836735,-0.3625342551628222,0.999999998663456,0.9725088613809714,0.6659433885298573,heteroscedastic,rbf
2,clip_b16|2,dinov2_b|2,0.1,0.25,539,256,768,768,0.2013408370578807,0.18333333333333332,0.1832006097419613,0.2178422628148791,0.284228632942832,0.2787726358148893,0.693722309601711,0.3879406307977736,-0.1666416703956073,0.9999999985308049,0.9708191783905146,0.6893452671626448,heteroscedastic,rbf
2,clip_b16|2,mae_b16|2,0.1,0.25,539,256,768,768,0.3028145078180773,0.23333333333333334,0.12544837007066992,0.3834939268801565,0.32562636386333643,0.2827632461435278,0.48324842408165114,0.1712430426716141,-0.28612195418203834,0.9999999903615435,0.9349048974506599,0.5629354043213415,heteroscedastic,rbf
2,clip_b16|2,vit_sup_b16|2,0.1,0.25,539,256,768,768,0.3327930355362098,0.31666666666666665,0.17054785300848027,0.41000268377355875,0.41862409089287855,0.25985915492957745,0.6945048821316804,0.38051948051948054,-0.14522236777817188,0.9999999987803377,0.9750594852659186,0.6973752864764833,heteroscedastic,rbf
2,convnext_s|2,dinov2_b|2,0.1,0.25,539,256,768,768,0.4937124269789637,0.4166666666666667,0.5531975958971455,0.3807325165836819,0.4063806106865278,0.4237089201877934,0.6952752128382904,0.4035250463821892,-0.24834631706553978,0.9999999992457596,0.9801321301430717,0.7119487033438051,heteroscedastic,rbf
2,convnext_s|2,mae_b16|2,0.1,0.25,539,256,768,768,0.16210661696282488,0.23333333333333334,0.13837429580356705,0.15393103009149683,0.13488879954086644,0.26636485580147545,0.2962823208779037,0.13747680890538033,-0.5663849122066557,0.9999999909643643,0.9420628632446914,0.5607211169897488,heteroscedastic,rbf
2,convnext_s|2,vit_sup_b16|2,0.1,0.25,539,256,768,768,0.576992991647199,0.48333333333333334,0.6222956942994483,0.4486082497691144,0.5149357018485313,0.5501676727028839,0.7337034596741938,0.47940630797773653,-0.08866917799576757,0.9999999995112664,0.9846143596194985,0.7477162806501233,heteroscedastic,rbf
2,dinov2_b|2,mae_b16|2,0.1,0.25,539,256,768,768,0.23645165681015776,0.18333333333333332,0.2634102166284081,0.17492311030644447,0.2314737505958036,0.17665995975855128,0.3432676378850959,0.1469387755102041,-0.4597098717913236,0.9999999908375721,0.9407281876287886,0.5795230417049323,heteroscedastic,rbf
2,dinov2_b|2,vit_sup_b16|2,0.1,0.25,539,256,768,768,0.440634446206795,0.4,0.4473482029523459,0.400559487195384,0.3641686148498575,0.502112676056338,0.8405981738526825,0.4875695732838589,-0.0033942268555053334,0.9999999993353315,0.9823509564443473,0.7520193734332,heteroscedastic,rbf
2,mae_b16|2,vit_sup_b16|2,0.1,0.25,539,256,768,768,0.24381056614046148,0.23333333333333334,0.1703749657864814,0.2530038854673801,0.2252617482741961,0.30737759892689465,0.3445136134286305,0.13599257884972174,-0.378559457222839,0.9999999910621623,0.944653717487928,0.5828541534407553,heteroscedastic,rbf
2,clip_b16|2,convnext_s|2,0.1,1.0,539,1024,768,768,0.26900980280500775,0.23333333333333334,0.26415891534654456,0.19887432315705603,0.32262853955973764,0.42062374245472833,0.5747283074204265,0.32448979591836735,-0.3625342551628222,0.999999998663456,0.9725088613809714,0.6659433885298573,heteroscedastic,rbf
2,clip_b16|2,dinov2_b|2,0.1,1.0,539,1024,768,768,0.2872926313684204,0.2,0.2807665122123616,0.2629765757674517,0.3413932725262397,0.31891348088531185,0.693722309601711,0.3879406307977736,-0.1666416703956073,0.9999999985308049,0.9708191783905146,0.6893452671626448,heteroscedastic,rbf
2,clip_b16|2,mae_b16|2,0.1,1.0,539,1024,768,768,0.3679391887199686,0.23333333333333334,0.1838914397641689,0.40508140826339745,0.3842878890556959,0.2634138162307176,0.48324842408165114,0.1712430426716141,-0.28612195418203834,0.9999999903615435,0.9349048974506599,0.5629354043213415,heteroscedastic,rbf
2,clip_b16|2,vit_sup_b16|2,0.1,1.0,539,1024,768,768,0.4106620851724588,0.3333333333333333,0.3126097505877177,0.43437670964893393,0.4690246168212784,0.2781019450033534,0.6945048821316804,0.38051948051948054,-0.14522236777817188,0.9999999987803377,0.9750594852659186,0.6973752864764833,heteroscedastic,rbf
2,convnext_s|2,dinov2_b|2,0.1,1.0,539,1024,768,768,0.6259441831782866,0.5166666666666667,0.6513691427938827,0.5386808289481143,0.5288268424516953,0.469047619047619,0.6952752128382904,0.4035250463821892,-0.24834631706553978,0.9999999992457596,0.9801321301430717,0.7119487033438051,heteroscedastic,rbf
2,convnext_s|2,mae_b16|2,0.1,1.0,539,1024,768,768,0.20474790207750576,0.2,0.20295827649051879,0.14583335078763585,0.1920538444328436,0.2857478202548625,0.2962823208779037,0.13747680890538033,-0.5663849122066557,0.9999999909643643,0.9420628632446914,0.5607211169897488,heteroscedastic,rbf
2,convnext_s|2,vit_sup_b16|2,0.1,1.0,539,1024,768,768,0.6584269956305433,0.55,0.6808343731427429,0.5533575236003115,0.5872666638565273,0.578001341381623,0.7337034596741938,0.47940630797773653,-0.08866917799576757,0.9999999995112664,0.9846143596194985,0.7477162806501233,heteroscedastic,rbf
2,dinov2_b|2,mae_b16|2,0.1,1.0,539,1024,768,768,0.2927807021686171,0.21666666666666667,0.37055680288754006,0.14299933059258893,0.2972036951171666,0.22494969818913477,0.3432676378850959,0.1469387755102041,-0.4597098717913236,0.9999999908375721,0.9407281876287886,0.5795230417049323,heteroscedastic,rbf
2,dinov2_b|2,vit_sup_b16|2,0.1,1.0,539,1024,768,768,0.5704785291070253,0.45,0.5730203199995112,0.51537305150639,0.48308063695052317,0.49084507042253517,0.8405981738526825,0.4875695732838589,-0.0033942268555053334,0.9999999993353315,0.9823509564443473,0.7520193734332,heteroscedastic,rbf
2,mae_b16|2,vit_sup_b16|2,0.1,1.0,539,1024,768,768,0.3182169950472084,0.18333333333333332,0.2930742133676328,0.2602793973043296,0.3139320767686855,0.3353789403085177,0.3445136134286305,0.13599257884972174,-0.378559457222839,0.9999999910621623,0.944653717487928,0.5828541534407553,heteroscedastic,rbf
2,clip_b16|2,convnext_s|2,1.0,0.1,539,102,768,768,0.15235647876799654,0.2,0.1456477798459147,0.24207609573224148,0.22163139941700416,0.40539906103286383,0.5747283074204265,0.32448979591836735,-0.3625342551628222,0.999999998663456,0.9725088613809714,0.6659433885298573,heteroscedastic,rbf
2,clip_b16|2,dinov2_b|2,1.0,0.1,539,102,768,768,0.1613196703324176,0.16666666666666666,0.1692276559889338,0.2632580787588399,0.22540401158209766,0.29325955734406434,0.693722309601711,0.3879406307977736,-0.1666416703956073,0.9999999985308049,0.9708191783905146,0.6893452671626448,heteroscedastic,rbf
2,clip_b16|2,mae_b16|2,1.0,0.1,539,102,768,768,0.28036688990802755,0.16666666666666666,0.1452013641916058,0.3842367819963198,0.29231948366930716,0.2335010060362173,0.48324842408165114,0.1712430426716141,-0.28612195418203834,0.9999999903615435,0.9349048974506599,0.5629354043213415,heteroscedastic,rbf
2,clip_b16|2,vit_sup_b16|2,1.0,0.1,539,102,768,768,0.2760417667826855,0.26666666666666666,0.1938790015888731,0.4336215667037815,0.3487646194801026,0.27528504359490275,0.6945048821316804,0.38051948051948054,-0.14522236777817188,0.9999999987803377,0.9750594852659186,0.6973752864764833,heteroscedastic,rbf
2,convnext_s|2,dinov2_b|2,1.0,0.1,539,102,768,768,0.5400710557529326,0.5,0.5305234906469272,0.5458949016401179,0.43809033193150604,0.47360831656606295,0.6952752128382904,0.4035250463821892,-0.24834631706553978,0.9999999992457596,0.9801321301430717,0.7119487033438051,heteroscedastic,rbf
2,convnext_s|2,mae_b16|2,1.0,0.1,539,102,768,768,0.09347914855319042,0.2,0.09538468395335208,0.14904829368134698,0.07466797121984908,0.210093896713615,0.2962823208779037,0.13747680890538033,-0.5663849122066557,0.9999999909643643,0.9420628632446914,0.5607211169897488,heteroscedastic,rbf
2,convnext_s|2,vit_sup_b16|2,1.0,0.1,539,102,768,768,0.6178199939444275,0.5666666666666667,0.6326405324207572,0.6031813189252953,0.5350640549663269,0.5678403755868544,0.7337034596741938,0.47940630797773653,-0.08866917799576757,0.9999999995112664,0.9846143596194985,0.7477162806501233,heteroscedastic,rbf
2,dinov2_b|2,mae_b16|2,1.0,0.1,539,102,768,768,0.17234275650765696,0.2,0.22783031388735484,0.16537490864418047,0.17087906565026087,0.16676727028839705,0.3432676378850959,0.1469387755102041,-0.4597098717913236,0.9999999908375721,0.9407281876287886,0.5795230417049323,heteroscedastic,rbf
2,dinov2_b|2,vit_sup_b16|2,1.0,0.1,539,102,768,768,0.4709219747832632,0.4,0.44342499291467913,0.5243699764771855,0.37179708956022395,0.5081153588195841,0.8405981738526825,0.4875695732838589,-0.0033942268555053334,0.9999999993353315,0.9823509564443473,0.7520193734332,heteroscedastic,rbf
2,mae_b16|2,vit_sup_b16|2,1.0,0.1,539,102,768,768,0.21236031211197806,0.16666666666666666,0.1857626474101692,0.2642824368663913,0.2062610446585194,0.28132126089872567,0.3445136134286305,0.13599257884972174,-0.378559457222839,0.9999999910621623,0.944653717487928,0.5828541534407553,heteroscedastic,rbf
2,clip_b16|2,convnext_s|2,1.0,0.25,539,256,768,768,0.18305561959894331,0.21666666666666667,0.17272817294329357,0.2522872816222392,0.22254123609386298,0.41914822266934937,0.5747283074204265,0.32448979591836735,-0.3625342551628222,0.999999998663456,0.9725088613809714,0.6659433885298573,heteroscedastic,rbf
2,clip_b16|2,dinov2_b|2,1.0,0.25,539,256,768,768,0.1910031416753935,0.21666666666666667,0.22817501003267066,0.25957284713745243,0.23375312492907102,0.31817572099262237,0.693722309601711,0.3879406307977736,-0.1666416703956073,0.9999999985308049,0.9708191783905146,0.6893452671626448,heteroscedastic,rbf
2,clip_b16|2,mae_b16|2,1.0,0.25,539,256,768,768,0.2643861232947869,0.18333333333333332,0.11119829355639259,0.36729130728257736,0.2705318783296099,0.2571763916834339,0.48324842408165114,0.1712430426716141,-0.28612195418203834,0.9999999903615435,0.9349048974506599,0.5629354043213415,heteroscedastic,rbf
2,clip_b16|2,vit_sup_b16|2,1.0,0.25,539,256,768,768,0.2970671029641749,0.25,0.2288148005839347,0.42702356107428013,0.3483221035839005,0.3090878604963112,0.6945048821316804,0.38051948051948054,-0.14522236777817188,0.9999999987803377,0.9750594852659186,0.6973752864764833,heteroscedastic,rbf
2,convnext_s|2,dinov2_b|2,1.0,0.25,539,256,768,768,0.6037546215406153,0.5166666666666667,0.6105321745456455,0.6060628148232549,0.4987620255052577,0.47069081153588194,0.6952752128382904,0.4035250463821892,-0.24834631706553978,0.9999999992457596,0.9801321301430717,0.7119487033438051,heteroscedastic,rbf
2,convnext_s|2,mae_b16|2,1.0,0.25,539,256,768,768,0.13967688799135553,0.2,0.15681859475756343,0.15552286248327526,0.1079887940286699,0.27736418511066396,0.2962823208779037,0.13747680890538033,-0.5663849122066557,0.9999999909643643,0.9420628632446914,0.5607211169897488,heteroscedastic,rbf
2,convnext_s|2,vit_sup_b16|2,1.0,0.25,539,256,768,768,0.6566616018377828,0.55,0.6715789761230526,0.6340757136924674,0.5672988939939755,0.5671696847753185,0.7337034596741938,0.47940630797773653,-0.08866917799576757,0.9999999995112664,0.9846143596194985,0.7477162806501233,heteroscedastic,rbf
2,dinov2_b|2,mae_b16|2,1.0,0.25,539,256,768,768,0.2110073083536343,0.21666666666666667,0.3074960988052271,0.16877081774664116,0.19681208597729624,0.23460764587525146,0.3432676378850959,0.1469387755102041,-0.4597098717913236,0.9999999908375721,0.9407281876287886,0.5795230417049323,heteroscedastic,rbf
2,dinov2_b|2,vit_sup_b16|2,1.0,0.25,539,256,768,768,0.5241405670571306,0.4166666666666667,0.5162263284235399,0.5615468030839099,0.4132716669855094,0.510395707578806,0.8405981738526825,0.4875695732838589,-0.0033942268555053334,0.9999999993353315,0.9823509564443473,0.7520193734332,heteroscedastic,rbf
2,mae_b16|2,vit_sup_b16|2,1.0,0.25,539,256,768,768,0.2373028258411829,0.15,0.22483875391085456,0.2605234782710689,0.21810205345533662,0.33293091884641174,0.3445136134286305,0.13599257884972174,-0.378559457222839,0.9999999910621623,0.944653717487928,0.5828541534407553,heteroscedastic,rbf
2,clip_b16|2,convnext_s|2,1.0,1.0,539,1024,768,768,0.27388964969347135,0.25,0.29939412194228193,0.2825695190906783,0.28476193795860666,0.4408115358819583,0.5747283074204265,0.32448979591836735,-0.3625342551628222,0.999999998663456,0.9725088613809714,0.6659433885298573,heteroscedastic,rbf
2,clip_b16|2,dinov2_b|2,1.0,1.0,539,1024,768,768,0.2786931074808541,0.26666666666666666,0.3230674506377328,0.3037207825448037,0.2944864254053896,0.3692823608316566,0.693722309601711,0.3879406307977736,-0.1666416703956073,0.9999999985308049,0.9708191783905146,0.6893452671626448,heteroscedastic,rbf
2,clip_b16|2,mae_b16|2,1.0,1.0,539,1024,768,768,0.33862416284489677,0.21666666666666667,0.18968154425310835,0.4051914401866185,0.34860468471857,0.23809523809523808,0.48324842408165114,0.1712430426716141,-0.28612195418203834,0.9999999903615435,0.9349048974506599,0.5629354043213415,heteroscedastic,rbf
2,clip_b16|2,vit_sup_b16|2,1.0,1.0,539,1024,768,768,0.37967711021419503,0.2833333333333333,0.32944558734120477,0.45922716816648,0.4041627621941136,0.33021462105969146,0.6945048821316804,0.38051948051948054,-0.14522236777817188,0.9999999987803377,0.9750594852659186,0.6973752864764833,heteroscedastic,rbf
2,convnext_s|2,dinov2_b|2,1.0,1.0,539,1024,768,768,0.6869782971619365,0.5666666666666667,0.6959704517406526,0.6720607443240701,0.5882227057103114,0.5191482226693493,0.6952752128382904,0.4035250463821892,-0.24834631706553978,0.9999999992457596,0.9801321301430717,0.7119487033438051,heteroscedastic,rbf
2,convnext_s|2,mae_b16|2,1.0,1.0,539,1024,768,768,0.18319523109786415,0.18333333333333332,0.22504938158672014,0.16597310250088038,0.16139727697490655,0.3207243460764588,0.2962823208779037,0.13747680890538033,-0.5663849122066557,0.9999999909643643,0.9420628632446914,0.5607211169897488,heteroscedastic,rbf
2,convnext_s|2,vit_sup_b16|2,1.0,1.0,539,1024,768,768,0.692785702182506,0.6,0.7020883590288914,0.6717457290718025,0.6070254566206345,0.5967136150234741,0.7337034596741938,0.47940630797773653,-0.08866917799576757,0.9999999995112664,0.9846143596194985,0.7477162806501233,heteroscedastic,rbf
2,dinov2_b|2,mae_b16|2,1.0,1.0,539,1024,768,768,0.2724282567451576,0.23333333333333334,0.3918165396999922,0.1819059483983792,0.2717919016105341,0.2602951039570758,0.3432676378850959,0.1469387755102041,-0.4597098717913236,0.9999999908375721,0.9407281876287886,0.5795230417049323,heteroscedastic,rbf
2,dinov2_b|2,vit_sup_b16|2,1.0,1.0,539,1024,768,768,0.6137754271539643,0.48333333333333334,0.6042726506971831,0.6392958068621382,0.5105440213743527,0.5230382293762574,0.8405981738526825,0.4875695732838589,-0.0033942268555053334,0.9999999993353315,0.9823509564443473,0.7520193734332,heteroscedastic,rbf
2,mae_b16|2,vit_sup_b16|2,1.0,1.0,539,1024,768,768,0.30908241411781695,0.18333333333333332,0.32698778521224786,0.2873807626776185,0.30300212057443576,0.36653252850435947,0.3445136134286305,0.13599257884972174,-0.378559457222839,0.9999999910621623,0.944653717487928,0.5828541534407553,heteroscedastic,rbf
2,clip_b16|2,convnext_s|2,10.0,0.1,539,102,768,768,0.2511538643162897,0.23333333333333334,0.1613510435505069,0.3573666512230997,0.29321302694167123,0.43340040241448685,0.5747283074204265,0.32448979591836735,-0.3625342551628222,0.999999998663456,0.9725088613809714,0.6659433885298573,heteroscedastic,rbf
2,clip_b16|2,dinov2_b|2,10.0,0.1,539,102,768,768,0.2551867644076789,0.25,0.19072354021272317,0.3578939107942713,0.2983614995768578,0.32169684775318574,0.693722309601711,0.3879406307977736,-0.1666416703956073,0.9999999985308049,0.9708191783905146,0.6893452671626448,heteroscedastic,rbf
2,clip_b16|2,mae_b16|2,10.0,0.1,539,102,768,768,0.24107750299306385,0.15,0.1228011468065915,0.40118895916223807,0.2409254653752995,0.23091884641180413,0.48324842408165114,0.1712430426716141,-0.28612195418203834,0.9999999903615435,0.9349048974506599,0.5629354043213415,heteroscedastic,rbf
2,clip_b16|2,vit_sup_b16|2,10.0,0.1,539,102,768,768,0.33236831213420037,0.26666666666666666,0.19680586364445904,0.48750760658504755,0.3802853048082566,0.3021797451374916,0.6945048821316804,0.38051948051948054,-0.14522236777817188,0.9999999987803377,0.9750594852659186,0.6973752864764833,heteroscedastic,rbf
2,convnext_s|2,dinov2_b|2,10.0,0.1,539,102,768,768,0.623955288764691,0.48333333333333334,0.5474624846409831,0.6717608095891983,0.5360262575103678,0.5032863849765258,0.6952752128382904,0.4035250463821892,-0.24834631706553978,0.9999999992457596,0.9801321301430717,0.7119487033438051,heteroscedastic,rbf
2,convnext_s|2,mae_b16|2,10.0,0.1,539,102,768,768,0.12196444990124972,0.2,0.0920056553171537,0.22906663605880168,0.09294503691550451,0.23286384976525823,0.2962823208779037,0.13747680890538033,-0.5663849122066557,0.9999999909643643,0.9420628632446914,0.5607211169897488,heteroscedastic,rbf
2,convnext_s|2,vit_sup_b16|2,10.0,0.1,539,102,768,768,0.6927470354084315,0.55,0.6396696020952063,0.7190214754945782,0.6214657903354982,0.5799128101945004,0.7337034596741938,0.47940630797773653,-0.08866917799576757,0.9999999995112664,0.9846143596194985,0.7477162806501233,heteroscedastic,rbf
2,dinov2_b|2,mae_b16|2,10.0,0.1,539,102,768,768,0.21166858796829988,0.23333333333333334,0.2445065624359199,0.2767199539541535,0.20372867671615758,0.20570087189805497,0.3432676378850959,0.1469387755102041,-0.4597098717913236,0.9999999908375721,0.9407281876287886,0.5795230417049323,heteroscedastic,rbf
2,dinov2_b|2,vit_sup_b16|2,10.0,0.1,539,102,768,768,0.5598553884871903,0.4166666666666667,0.4445097613886762,0.6436339690329953,0.47202357598887185,0.517236753856472,0.8405981738526825,0.4875695732838589,-0.0033942268555053334,0.9999999993353315,0.9823509564443473,0.7520193734332,heteroscedastic,rbf
2,mae_b16|2,vit_sup_b16|2,10.0,0.1,539,102,768,768,0.23070891863588508,0.15,0.1905963009682583,0.33270274429111646,0.21439299367394388,0.3301810865191146,0.3445136134286305,0.13599257884972174,-0.378559457222839,0.9999999910621623,0.944653717487928,0.5828541534407553,heteroscedastic,rbf
2,clip_b16|2,convnext_s|2,10.0,0.25,539,256,768,768,0.2273827427298409,0.23333333333333334,0.17130158378713234,0.3264616442399824,0.23664111061032986,0.4219315895372233,0.5747283074204265,0.32448979591836735,-0.3625342551628222,0.999999998663456,0.9725088613809714,0.6659433885298573,heteroscedastic,rbf
2,clip_b16|2,dinov2_b|2,10.0,0.25,539,256,768,768,0.2414221706171406,0.21666666666666667,0.2385079868684787,0.3119530694298642,0.2579035981673568,0.3702883970489604,0.693722309601711,0.3879406307977736,-0.1666416703956073,0.9999999985308049,0.9708191783905146,0.6893452671626448,heteroscedastic,rbf
2,clip_b16|2,mae_b16|2,10.0,0.25,539,256,768,768,0.21352164867124632,0.13333333333333333,0.09759879058019838,0.36706118975787105,0.2032236622385354,0.25620389000670685,0.48324842408165114,0.1712430426716141,-0.28612195418203834,0.9999999903615435,0.9349048974506599,0.5629354043213415,heteroscedastic,rbf
2,clip_b16|2,vit_sup_b16|2,10.0,0.25,539,256,768,768,0.3019311720310334,0.26666666666666666,0.21209398235651755,0.4300251425737248,0.3208622858754827,0.3593896713615023,0.6945048821316804,0.38051948051948054,-0.14522236777817188,0.9999999987803377,0.9750594852659186,0.6973752864764833,heteroscedastic,rbf
2,convnext_s|2,dinov2_b|2,10.0,0.25,539,256,768,768,0.6509508081966894,0.55,0.6173994994178086,0.6830577927316932,0.5534139951427821,0.5138832997987928,0.6952752128382904,0.4035250463821892,-0.24834631706553978,0.9999999992457596,0.9801321301430717,0.7119487033438051,heteroscedastic,rbf
2,convnext_s|2,mae_b16|2,10.0,0.25,539,256,768,768,0.14162589340525944,0.18333333333333332,0.13151056526034355,0.220458453314209,0.09810477712892379,0.2827632461435278,0.2962823208779037,0.13747680890538033,-0.5663849122066557,0.9999999909643643,0.9420628632446914,0.5607211169897488,heteroscedastic,rbf
2,convnext_s|2,vit_sup_b16|2,10.0,0.25,539,256,768,768,0.6973397148325411,0.55,0.6708784414127079,0.7192191978337674,0.6136057223085079,0.5839034205231387,0.7337034596741938,0.47940630797773653,-0.08866917799576757,0.9999999995112664,0.9846143596194985,0.7477162806501233,heteroscedastic,rbf
2,dinov2_b|2,mae_b16|2,10.0,0.25,539,256,768,768,0.22743379842721784,0.25,0.29133563645950694,0.2551017529984397,0.2050397688768413,0.27015425888665323,0.3432676378850959,0.1469387755102041,-0.4597098717913236,0.9999999908375721,0.9407281876287886,0.5795230417049323,heteroscedastic,rbf
2,dinov2_b|2,vit_sup_b16|2,10.0,0.25,539,256,768,768,0.573634648985136,0.45,0.5022368407573898,0.6496265198159393,0.46851457651739425,0.5244802146210596,0.8405981738526825,0.4875695732838589,-0.0033942268555053334,0.9999999993353315,0.9823509564443473,0.7520193734332,heteroscedastic,rbf
2,mae_b16|2,vit_sup_b16|2,10.0,0.25,539,256,768,768,0.22977297159158774,0.15,0.19357851568951542,0.3165565369993512,0.19963692458342386,0.36894701542588865,0.3445136134286305,0.13599257884972174,-0.378559457222839,0.9999999910621623,0.944653717487928,0.5828541534407553,heteroscedastic,rbf
2,clip_b16|2,convnext_s|2,10.0,1.0,539,1024,768,768,0.2636623990622196,0.2833333333333333,0.2571219381484282,0.3369962234474677,0.25309509836028365,0.4310865191146881,0.5747283074204265,0.32448979591836735,-0.3625342551628222,0.999999998663456,0.9725088613809714,0.6659433885298573,heteroscedastic,rbf
2,clip_b16|2,dinov2_b|2,10.0,1.0,539,1024,768,768,0.27229558970997136,0.25,0.2858790856961703,0.35958237020491907,0.26598058734075425,0.3989604292421194,0.693722309601711,0.3879406307977736,-0.1666416703956073,0.9999999985308049,0.9708191783905146,0.6893452671626448,heteroscedastic,rbf
2,clip_b16|2,mae_b16|2,10.0,1.0,539,1024,768,768,0.291043975122153,0.18333333333333332,0.16024542796865962,0.4320671563366519,0.28852790306316,0.2606975184439973,0.48324842408165114,0.1712430426716141,-0.28612195418203834,0.9999999903615435,0.9349048974506599,0.5629354043213415,heteroscedastic,rbf
2,clip_b16|2,vit_sup_b16|2,10.0,1.0,539,1024,768,768,0.340021222281173,0.31666666666666665,0.26380415508019756,0.4842502148275557,0.340141193293278,0.3525821596244131,0.6945048821316804,0.38051948051948054,-0.14522236777817188,0.9999999987803377,0.9750594852659186,0.6973752864764833,heteroscedastic,rbf
2,convnext_s|2,dinov2_b|2,10.0,1.0,539,1024,768,768,0.7056122378117716,0.5833333333333334,0.6953536648946026,0.7193158248526368,0.6091187943204921,0.5396042924211938,0.6952752128382904,0.4035250463821892,-0.24834631706553978,0.9999999992457596,0.9801321301430717,0.7119487033438051,heteroscedastic,rbf
2,convnext_s|2,mae_b16|2,10.0,1.0,539,1024,768,768,0.1821541726504796,0.18333333333333332,0.2047690994103324,0.237338020581555,0.14691527753909606,0.32538564721663304,0.2962823208779037,0.13747680890538033,-0.5663849122066557,0.9999999909643643,0.9420628632446914,0.5607211169897488,heteroscedastic,rbf
2,convnext_s|2,vit_sup_b16|2,10.0,1.0,539,1024,768,768,0.6910503640287889,0.65,0.6863193191047031,0.6999680795715123,0.5982368266608734,0.6008718980549966,0.7337034596741938,0.47940630797773653,-0.08866917799576757,0.9999999995112664,0.9846143596194985,0.7477162806501233,heteroscedastic,rbf
2,dinov2_b|2,mae_b16|2,10.0,1.0,539,1024,768,768,0.2771397698326939,0.21666666666666667,0.3666932587102722,0.2861162333670969,0.2644804592632463,0.2594567404426559,0.3432676378850959,0.1469387755102041,-0.4597098717913236,0.9999999908375721,0.9407281876287886,0.5795230417049323,heteroscedastic,rbf
2,dinov2_b|2,vit_sup_b16|2,10.0,1.0,539,1024,768,768,0.6205400015000042,0.5333333333333333,0.5707638002911767,0.7023820794302021,0.5144623014393317,0.5369885982562038,0.8405981738526825,0.4875695732838589,-0.0033942268555053334,0.9999999993353315,0.9823509564443473,0.7520193734332,heteroscedastic,rbf
2,mae_b16|2,vit_sup_b16|2,10.0,1.0,539,1024,768,768,0.30270906308073076,0.2,0.29220762066027467,0.37598327067936893,0.28591731056688074,0.3891348088531187,0.3445136134286305,0.13599257884972174,-0.378559457222839,0.9999999910621623,0.944653717487928,0.5828541534407553,heteroscedastic,rbf
2,clip_b16|2,convnext_s|2,0.1,0.1,539,102,768,768,0.21519187553298758,0.13333333333333333,0.21519187553298758,,0.2752442389439928,0.40811535881958416,0.5747283074204265,0.32448979591836735,-0.3625342551628222,0.999999998663456,0.9725088613809714,0.6659433885298573,homoscedastic,rbf
2,clip_b16|2,dinov2_b|2,0.1,0.1,539,102,768,768,0.24043777899383054,0.15,0.24043777899383054,,0.2946181506904837,0.28011401743796105,0.693722309601711,0.3879406307977736,-0.1666416703956073,0.9999999985308049,0.9708191783905146,0.6893452671626448,homoscedastic,rbf
2,clip_b16|2,mae_b16|2,0.1,0.1,539,102,768,768,0.23113741982616615,0.16666666666666666,0.23113741982616615,,0.23195517611467964,0.30285043594902744,0.48324842408165114,0.1712430426716141,-0.28612195418203834,0.9999999903615435,0.9349048974506599,0.5629354043213415,homoscedastic,rbf
2,clip_b16|2,vit_sup_b16|2,0.1,0.1,539,102,768,768,0.2881608560023778,0.21666666666666667,0.2881608560023778,,0.345095117815095,0.29647887323943656,0.6945048821316804,0.38051948051948054,-0.14522236777817188,0.9999999987803377,0.9750594852659186,0.6973752864764833,homoscedastic,rbf
2,convnext_s|2,dinov2_b|2,0.1,0.1,539,102,768,768,0.574198206106128,0.3333333333333333,0.574198206106128,,0.508871393969657,0.44299128101945,0.6952752128382904,0.4035250463821892,-0.24834631706553978,0.9999999992457596,0.9801321301430717,0.7119487033438051,homoscedastic,rbf
2,convnext_s|2,mae_b16|2,0.1,0.1,539,102,768,768,0.12093866927408131,0.16666666666666666,0.12093866927408131,,0.07082832101735693,0.247551978537894,0.2962823208779037,0.13747680890538033,-0.5663849122066557,0.9999999909643643,0.9420628632446914,0.5607211169897488,homoscedastic,rbf
2,convnext_s|2,vit_sup_b16|2,0.1,0.1,539,102,768,768,0.6371547698743608,0.55,0.6371547698743608,,0.5749917317051818,0.5753185781354795,0.7337034596741938,0.47940630797773653,-0.08866917799576757,0.9999999995112664,0.9846143596194985,0.7477162806501233,homoscedastic,rbf
2,dinov2_b|2,mae_b16|2,0.1,0.1,539,102,768,768,0.2064471290198028,0.23333333333333334,0.2064471290198028,,0.18099208189178587,0.19188464118041582,0.3432676378850959,0.1469387755102041,-0.4597098717913236,0.9999999908375721,0.9407281876287886,0.5795230417049323,homoscedastic,rbf
2,dinov2_b|2,vit_sup_b16|2,0.1,0.1,539,102,768,768,0.49862088505801405,0.36666666666666664,0.49862088505801405,,0.43521377595190774,0.5121059691482226,0.8405981738526825,0.4875695732838589,-0.0033942268555053334,0.9999999993353315,0.9823509564443473,0.7520193734332,homoscedastic,rbf
2,mae_b16|2,vit_sup_b16|2,0.1,0.1,539,102,768,768,0.18466584629401747,0.15,0.18466584629401747,,0.14323953412211785,0.3334674714956405,0.3445136134286305,0.13599257884972174,-0.378559457222839,0.9999999910621623,0.944653717487928,0.5828541534407553,homoscedastic,rbf
2,clip_b16|2,convnext_s|2,0.1,0.25,539,256,768,768,0.2297429159525443,0.18333333333333332,0.2297429159525443,,0.26313183552902497,0.3805164319248826,0.5747283074204265,0.32448979591836735,-0.3625342551628222,0.999999998663456,0.9725088613809714,0.6659433885298573,homoscedastic,rbf
2,clip_b16|2,dinov2_b|2,0.1,0.25,539,256,768,768,0.25819410609473914,0.21666666666666667,0.25819410609473914,,0.2915125953691064,0.31757209926224006,0.693722309601711,0.3879406307977736,-0.1666416703956073,0.9999999985308049,0.9708191783905146,0.6893452671626448,homoscedastic,rbf
2,clip_b16|2,mae_b16|2,0.1,0.25,539,256,768,768,0.20582512729202024,0.15,0.20582512729202024,,0.19504202239248786,0.2885311871227364,0.48324842408165114,0.1712430426716141,-0.28612195418203834,0.9999999903615435,0.9349048974506599,0.5629354043213415,homoscedastic,rbf
2,clip_b16|2,vit_sup_b16|2,0.1,0.25,539,256,768,768,0.3043882899674721,0.25,0.3043882899674721,,0.33999552539339245,0.2972166331321261,0.6945048821316804,0.38051948051948054,-0.14522236777817188,0.9999999987803377,0.9750594852659186,0.6973752864764833,homoscedastic,rbf
2,convnext_s|2,dinov2_b|2,0.1,0.25,539,256,768,768,0.6151454309595303,0.43333333333333335,0.6151454309595303,,0.5350933993067603,0.44121395036887995,0.6952752128382904,0.4035250463821892,-0.24834631706553978,0.9999999992457596,0.9801321301430717,0.7119487033438051,homoscedastic,rbf
2,convnext_s|2,mae_b16|2,0.1,0.25,539,256,768,768,0.1276056877935772,0.15,0.1276056877935772,,0.07250775760602061,0.2658953722334004,0.2962823208779037,0.13747680890538033,-0.5663849122066557,0.9999999909643643,0.9420628632446914,0.5607211169897488,homoscedastic,rbf
2,convnext_s|2,vit_sup_b16|2,0.1,0.25,539,256,768,768,0.6528824246734017,0.5333333333333333,0.6528824246734017,,0.5758026730910777,0.558283031522468,0.7337034596741938,0.47940630797773653,-0.08866917799576757,0.9999999995112664,0.9846143596194985,0.7477162806501233,homoscedastic,rbf
2,dinov2_b|2,mae_b16|2,0.1,0.25,539,256,768,768,0.21432659535165374,0.25,0.21432659535165374,,0.18340350575700293,0.21485580147551975,0.3432676378850959,0.1469387755102041,-0.4597098717913236,0.9999999908375721,0.9407281876287886,0.5795230417049323,homoscedastic,rbf
2,dinov2_b|2,vit_sup_b16|2,0.1,0.25,539,256,768,768,0.534452484590235,0.38333333333333336,0.534452484590235,,0.4514553009497191,0.5116700201207243,0.8405981738526825,0.4875695732838589,-0.0033942268555053334,0.9999999993353315,0.9823509564443473,0.7520193734332,homoscedastic,rbf
2,mae_b16|2,vit_sup_b16|2,0.1,0.25,539,256,768,768,0.1925785349403748,0.11666666666666667,0.1925785349403748,,0.14776123758539852,0.3544265593561368,0.3445136134286305,0.13599257884972174,-0.378559457222839,0.9999999910621623,0.944653717487928,0.5828541534407553,homoscedastic,rbf
2,clip_b16|2,convnext_s|2,0.1,1.0,539,1024,768,768,0.2864999069441859,0.26666666666666666,0.2864999069441859,,0.27340348954466015,0.40298457411133465,0.5747283074204265,0.32448979591836735,-0.3625342551628222,0.999999998663456,0.9725088613809714,0.6659433885298573,homoscedastic,rbf
2,clip_b16|2,dinov2_b|2,0.1,1.0,539,1024,768,768,0.30360751002086117,0.2833333333333333,0.30360751002086117,,0.29856220838048425,0.3511737089201878,0.693722309601711,0.3879406307977736,-0.1666416703956073,0.9999999985308049,0.9708191783905146,0.6893452671626448,homoscedastic,rbf
2,clip_b16|2,mae_b16|2,0.1,1.0,539,1024,768,768,0.24170678251884029,0.15,0.24170678251884029,,0.22952454062326733,0.28236083165660625,0.48324842408165114,0.1712430426716141,-0.28612195418203834,0.9999999903615435,0.9349048974506599,0.5629354043213415,homoscedastic,rbf
2,clip_b16|2,vit_sup_b16|2,0.1,1.0,539,1024,768,768,0.3666819074497429,0.3,0.3666819074497429,,0.36687737308167456,0.3296445338698859,0.6945048821316804,0.38051948051948054,-0.14522236777817188,0.9999999987803377,0.9750594852659186,0.6973752864764833,homoscedastic,rbf
2,convnext_s|2,dinov2_b|2,0.1,1.0,539,1024,768,768,0.673977872160756,0.5833333333333334,0.673977872160756,,0.575838664492051,0.4887659289067739,0.6952752128382904,0.4035250463821892,-0.24834631706553978,0.9999999992457596,0.9801321301430717,0.7119487033438051,homoscedastic,rbf
2,convnext_s|2,mae_b16|2,0.1,1.0,539,1024,768,768,0.16351706532518145,0.16666666666666666,0.16351706532518145,,0.1217509654450126,0.2864520456069751,0.2962823208779037,0.13747680890538033,-0.5663849122066557,0.9999999909643643,0.9420628632446914,0.5607211169897488,homoscedastic,rbf
2,convnext_s|2,vit_sup_b16|2,0.1,1.0,539,1024,768,768,0.6905756404878901,0.6166666666666667,0.6905756404878901,,0.6026379913555788,0.5969818913480885,0.7337034596741938,0.47940630797773653,-0.08866917799576757,0.9999999995112664,0.9846143596194985,0.7477162806501233,homoscedastic,rbf
2,dinov2_b|2,mae_b16|2,0.1,1.0,539,1024,768,768,0.2691110808641135,0.21666666666666667,0.2691110808641135,,0.2508753854484496,0.20486250838363515,0.3432676378850959,0.1469387755102041,-0.4597098717913236,0.9999999908375721,0.9407281876287886,0.5795230417049323,homoscedastic,rbf
2,dinov2_b|2,vit_sup_b16|2,0.1,1.0,539,1024,768,768,0.6068656301823061,0.5166666666666667,0.6068656301823061,,0.507256401443547,0.5091884641180415,0.8405981738526825,0.4875695732838589,-0.0033942268555053334,0.9999999993353315,0.9823509564443473,0.7520193734332,homoscedastic,rbf
2,mae_b16|2,vit_sup_b16|2,0.1,1.0,539,1024,768,768,0.26112500312500864,0.16666666666666666,0.26112500312500864,,0.23338834721650287,0.3632126089872568,0.3445136134286305,0.13599257884972174,-0.378559457222839,0.9999999910621623,0.944653717487928,0.5828541534407553,homoscedastic,rbf
2,clip_b16|2,convnext_s|2,1.0,0.1,539,102,768,768,0.28244078455773486,0.23333333333333334,0.28244078455773486,,0.32501394261479144,0.4421864520456069,0.5747283074204265,0.32448979591836735,-0.3625342551628222,0.999999998663456,0.9725088613809714,0.6659433885298573,homoscedastic,rbf
2,clip_b16|2,dinov2_b|2,1.0,0.1,539,102,768,768,0.2923778121605893,0.25,0.2923778121605893,,0.33629854380737145,0.3214621059691482,0.693722309601711,0.3879406307977736,-0.1666416703956073,0.9999999985308049,0.9708191783905146,0.6893452671626448,homoscedastic,rbf
2,clip_b16|2,mae_b16|2,1.0,0.1,539,102,768,768,0.2416884491345809,0.16666666666666666,0.2416884491345809,,0.23838588294040017,0.2788732394366197,0.48324842408165114,0.1712430426716141,-0.28612195418203834,0.9999999903615435,0.9349048974506599,0.5629354043213415,homoscedastic,rbf
2,clip_b16|2,vit_sup_b16|2,1.0,0.1,539,102,768,768,0.3551319309220303,0.2833333333333333,0.3551319309220303,,0.40135527079476147,0.3099932930918846,0.6945048821316804,0.38051948051948054,-0.14522236777817188,0.9999999987803377,0.9750594852659186,0.6973752864764833,homoscedastic,rbf
2,convnext_s|2,dinov2_b|2,1.0,0.1,539,102,768,768,0.6303450287361909,0.45,0.6303450287361909,,0.5507366888559597,0.4921193829644533,0.6952752128382904,0.4035250463821892,-0.24834631706553978,0.9999999992457596,0.9801321301430717,0.7119487033438051,homoscedastic,rbf
2,convnext_s|2,mae_b16|2,1.0,0.1,539,102,768,768,0.13862321839782887,0.2,0.13862321839782887,,0.10396805195731613,0.2534540576794098,0.2962823208779037,0.13747680890538033,-0.5663849122066557,0.9999999909643643,0.9420628632446914,0.5607211169897488,homoscedastic,rbf
2,convnext_s|2,vit_sup_b16|2,1.0,0.1,539,102,768,768,0.6987896077489104,0.5333333333333333,0.6987896077489104,,0.6334945380617172,0.5846411804158282,0.7337034596741938,0.47940630797773653,-0.08866917799576757,0.9999999995112664,0.9846143596194985,0.7477162806501233,homoscedastic,rbf
2,dinov2_b|2,mae_b16|2,1.0,0.1,539,102,768,768,0.2331288142467062,0.23333333333333334,0.2331288142467062,,0.2211429215290185,0.22169684775318577,0.3432676378850959,0.1469387755102041,-0.4597098717913236,0.9999999908375721,0.9407281876287886,0.5795230417049323,homoscedastic,rbf
2,dinov2_b|2,vit_sup_b16|2,1.0,0.1,539,102,768,768,0.5695504709735304,0.43333333333333335,0.5695504709735304,,0.49117051493643143,0.5139503688799463,0.8405981738526825,0.4875695732838589,-0.0033942268555053334,0.9999999993353315,0.9823509564443473,0.7520193734332,homoscedastic,rbf
2,mae_b16|2,vit_sup_b16|2,1.0,0.1,539,102,768,768,0.23285292459145718,0.15,0.23285292459145718,,0.20901698080782863,0.3440308517773306,0.3445136134286305,0.13599257884972174,-0.378559457222839,0.9999999910621623,0.944653717487928,0.5828541534407553,homoscedastic,rbf
2,clip_b16|2,convnext_s|2,1.0,0.25,539,256,768,768,0.2609518359773222,0.23333333333333334,0.2609518359773222,,0.27078219690214556,0.41391683433936954,0.5747283074204265,0.32448979591836735,-0.3625342551628222,0.999999998663456,0.9725088613809714,0.6659433885298573,homoscedastic,rbf
2,clip_b16|2,dinov2_b|2,1.0,0.25,539,256,768,768,0.2856651824032844,0.25,0.2856651824032844,,0.3026118084219878,0.36126760563380284,0.693722309601711,0.3879406307977736,-0.1666416703956073,0.9999999985308049,0.9708191783905146,0.6893452671626448,homoscedastic,rbf
2,clip_b16|2,mae_b16|2,1.0,0.25,539,256,768,768,0.2095079152997647,0.11666666666666667,0.2095079152997647,,0.19612638493938206,0.276861167002012,0.48324842408165114,0.1712430426716141,-0.28612195418203834,0.9999999903615435,0.9349048974506599,0.5629354043213415,homoscedastic,rbf
2,clip_b16|2,vit_sup_b16|2,1.0,0.25,539,256,768,768,0.32793674426873404,0.31666666666666665,0.32793674426873404,,0.34475036234586115,0.35781354795439296,0.6945048821316804,0.38051948051948054,-0.14522236777817188,0.9999999987803377,0.9750594852659186,0.6973752864764833,homoscedastic,rbf
2,convnext_s|2,dinov2_b|2,1.0,0.25,539,256,768,768,0.6547313186981074,0.5333333333333333,0.6547313186981074,,0.5630502063831236,0.5089201877934272,0.6952752128382904,0.4035250463821892,-0.24834631706553978,0.9999999992457596,0.9801321301430717,0.7119487033438051,homoscedastic,rbf
2,convnext_s|2,mae_b16|2,1.0,0.25,539,256,768,768,0.1526712018644496,0.18333333333333332,0.1526712018644496,,0.10825856741254251,0.29124748490945673,0.2962823208779037,0.13747680890538033,-0.5663849122066557,0.9999999909643643,0.9420628632446914,0.5607211169897488,homoscedastic,rbf
2,convnext_s|2,vit_sup_b16|2,1.0,0.25,539,256,768,768,0.6999489443026229,0.5333333333333333,0.6999489443026229,,0.6196404426618073,0.5906103286384976,0.7337034596741938,0.47940630797773653,-0.08866917799576757,0.9999999995112664,0.9846143596194985,0.7477162806501233,homoscedastic,rbf
2,dinov2_b|2,mae_b16|2,1.0,0.25,539,256,768,768,0.2437463437398437,0.26666666666666666,0.2437463437398437,,0.2210086833307934,0.26156941649899396,0.3432676378850959,0.1469387755102041,-0.4597098717913236,0.9999999908375721,0.9407281876287886,0.5795230417049323,homoscedastic,rbf
2,dinov2_b|2,vit_sup_b16|2,1.0,0.25,539,256,768,768,0.5839700665835182,0.4666666666666667,0.5839700665835182,,0.4875661868894027,0.533065057008719,0.8405981738526825,0.4875695732838589,-0.0033942268555053334,0.9999999993353315,0.9823509564443473,0.7520193734332,homoscedastic,rbf
2,mae_b16|2,vit_sup_b16|2,1.0,0.25,539,256,768,768,0.23159297664715733,0.16666666666666666,0.23159297664715733,,0.1977090338416443,0.38340040241448686,0.3445136134286305,0.13599257884972174,-0.378559457222839,0.9999999910621623,0.944653717487928,0.5828541534407553,homoscedastic,rbf
2,clip_b16|2,convnext_s|2,1.0,1.0,539,1024,768,768,0.3046987352742646,0.23333333333333334,0.3046987352742646,,0.28499118048552724,0.4265593561368209,0.5747283074204265,0.32448979591836735,-0.3625342551628222,0.999999998663456,0.9725088613809714,0.6659433885298573,homoscedastic,rbf
2,clip_b16|2,dinov2_b|2,1.0,1.0,539,1024,768,768,0.3258355162097672,0.25,0.3258355162097672,,0.31390662339051967,0.39775318578135477,0.693722309601711,0.3879406307977736,-0.1666416703956073,0.9999999985308049,0.9708191783905146,0.6893452671626448,homoscedastic,rbf
2,clip_b16|2,mae_b16|2,1.0,1.0,539,1024,768,768,0.27433937316492546,0.15,0.27433937316492546,,0.2651767793856819,0.264822266934943,0.48324842408165114,0.1712430426716141,-0.28612195418203834,0.9999999903615435,0.9349048974506599,0.5629354043213415,homoscedastic,rbf
2,clip_b16|2,vit_sup_b16|2,1.0,1.0,539,1024,768,768,0.3683931899810833,0.3,0.3683931899810833,,0.35791170433874714,0.3640509725016767,0.6945048821316804,0.38051948051948054,-0.14522236777817188,0.9999999987803377,0.9750594852659186,0.6973752864764833,homoscedastic,rbf
2,convnext_s|2,dinov2_b|2,1.0,1.0,539,1024,768,768,0.7075511876421878,0.6,0.7075511876421878,,0.6124679400921509,0.528336686787391,0.6952752128382904,0.4035250463821892,-0.24834631706553978,0.9999999992457596,0.9801321301430717,0.7119487033438051,homoscedastic,rbf
2,convnext_s|2,mae_b16|2,1.0,1.0,539,1024,768,768,0.1909353637093436,0.2,0.1909353637093436,,0.15623721251463166,0.31099932930918844,0.2962823208779037,0.13747680890538033,-0.5663849122066557,0.9999999909643643,0.9420628632446914,0.5607211169897488,homoscedastic,rbf
2,convnext_s|2,vit_sup_b16|2,1.0,1.0,539,1024,768,768,0.7034700096389155,0.6,0.7034700096389155,,0.6131327272078779,0.6059691482226692,0.7337034596741938,0.47940630797773653,-0.08866917799576757,0.9999999995112664,0.9846143596194985,0.7477162806501233,homoscedastic,rbf
2,dinov2_b|2,mae_b16|2,1.0,1.0,539,1024,768,768,0.29708243634010095,0.23333333333333334,0.29708243634010095,,0.28618797562960635,0.24775318578135477,0.3432676378850959,0.1469387755102041,-0.4597098717913236,0.9999999908375721,0.9407281876287886,0.5795230417049323,homoscedastic,rbf
2,dinov2_b|2,vit_sup_b16|2,1.0,1.0,539,1024,768,768,0.6362942119283664,0.5333333333333333,0.6362942119283664,,0.5359293887622524,0.5415828303152246,0.8405981738526825,0.4875695732838589,-0.0033942268555053334,0.9999999993353315,0.9823509564443473,0.7520193734332,homoscedastic,rbf
2,mae_b16|2,vit_sup_b16|2,1.0,1.0,539,1024,768,768,0.3052414034483429,0.2,0.3052414034483429,,0.2891168974763867,0.3950033534540576,0.3445136134286305,0.13599257884972174,-0.378559457222839,0.9999999910621623,0.944653717487928,0.5828541534407553,homoscedastic,rbf
2,clip_b16|2,convnext_s|2,10.0,0.1,539,102,768,768,0.28819780054944594,0.23333333333333334,0.28819780054944594,,0.32595660928578146,0.4445338698859825,0.5747283074204265,0.32448979591836735,-0.3625342551628222,0.999999998663456,0.9725088613809714,0.6659433885298573,homoscedastic,rbf
2,clip_b16|2,dinov2_b|2,10.0,0.1,539,102,768,768,0.30116133655926824,0.25,0.30116133655926824,,0.3419671894606802,0.3300134138162307,0.693722309601711,0.3879406307977736,-0.1666416703956073,0.9999999985308049,0.9708191783905146,0.6893452671626448,homoscedastic,rbf
2,clip_b16|2,mae_b16|2,10.0,0.1,539,102,768,768,0.24818102272506312,0.15,0.24818102272506312,,0.2439440414776578,0.27206572769953047,0.48324842408165114,0.1712430426716141,-0.28612195418203834,0.9999999903615435,0.9349048974506599,0.5629354043213415,homoscedastic,rbf
2,clip_b16|2,vit_sup_b16|2,10.0,0.1,539,102,768,768,0.35850132917035876,0.2833333333333333,0.35850132917035876,,0.40043270742881976,0.3168343393695506,0.6945048821316804,0.38051948051948054,-0.14522236777817188,0.9999999987803377,0.9750594852659186,0.6973752864764833,homoscedastic,rbf
2,convnext_s|2,dinov2_b|2,10.0,0.1,539,102,768,768,0.642254228483968,0.48333333333333334,0.642254228483968,,0.560292892184678,0.5102280348759222,0.6952752128382904,0.4035250463821892,-0.24834631706553978,0.9999999992457596,0.9801321301430717,0.7119487033438051,homoscedastic,rbf
2,convnext_s|2,mae_b16|2,10.0,0.1,539,102,768,768,0.14544318178661605,0.2,0.14544318178661605,,0.11510114880660945,0.24366197183098587,0.2962823208779037,0.13747680890538033,-0.5663849122066557,0.9999999909643643,0.9420628632446914,0.5607211169897488,homoscedastic,rbf
2,convnext_s|2,vit_sup_b16|2,10.0,0.1,539,102,768,768,0.709308636968436,0.5166666666666667,0.709308636968436,,0.6434828813872577,0.5914151576123405,0.7337034596741938,0.47940630797773653,-0.08866917799576757,0.9999999995112664,0.9846143596194985,0.7477162806501233,homoscedastic,rbf
2,dinov2_b|2,mae_b16|2,10.0,0.1,539,102,768,768,0.2420310056416823,0.21666666666666667,0.2420310056416823,,0.2349821826352839,0.22692823608316562,0.3432676378850959,0.1469387755102041,-0.4597098717913236,0.9999999908375721,0.9407281876287886,0.5795230417049323,homoscedastic,rbf
2,dinov2_b|2,vit_sup_b16|2,10.0,0.1,539,102,768,768,0.5833567871021863,0.43333333333333335,0.5833567871021863,,0.50256430625764,0.5166331321260899,0.8405981738526825,0.4875695732838589,-0.0033942268555053334,0.9999999993353315,0.9823509564443473,0.7520193734332,homoscedastic,rbf
2,mae_b16|2,vit_sup_b16|2,10.0,0.1,539,102,768,768,0.2478039661221281,0.15,0.2478039661221281,,0.22900388123486173,0.35670690811535877,0.3445136134286305,0.13599257884972174,-0.378559457222839,0.9999999910621623,0.944653717487928,0.5828541534407553,homoscedastic,rbf
2,clip_b16|2,convnext_s|2,10.0,0.25,539,256,768,768,0.25833088425245626,0.25,0.25833088425245626,,0.26340947189914626,0.41968477531857806,0.5747283074204265,0.32448979591836735,-0.3625342551628222,0.999999998663456,0.9725088613809714,0.6659433885298573,homoscedastic,rbf
2,clip_b16|2,dinov2_b|2,10.0,0.25,539,256,768,768,0.2864454623485065,0.2833333333333333,0.2864454623485065,,0.30028436449237533,0.3765593561368209,0.693722309601711,0.3879406307977736,-0.1666416703956073,0.9999999985308049,0.9708191783905146,0.6893452671626448,homoscedastic,rbf
2,clip_b16|2,mae_b16|2,10.0,0.25,539,256,768,768,0.21482304117511436,0.11666666666666667,0.21482304117511436,,0.20084677066344148,0.28651911468812874,0.48324842408165114,0.1712430426716141,-0.28612195418203834,0.9999999903615435,0.9349048974506599,0.5629354043213415,homoscedastic,rbf
2,clip_b16|2,vit_sup_b16|2,10.0,0.25,539,256,768,768,0.3214781707726966,0.3,0.3214781707726966,,0.3340314908546174,0.3690140845070422,0.6945048821316804,0.38051948051948054,-0.14522236777817188,0.9999999987803377,0.9750594852659186,0.6973752864764833,homoscedastic,rbf
2,convnext_s|2,dinov2_b|2,10.0,0.25,539,256,768,768,0.664692679701888,0.55,0.664692679701888,,0.5720654848949602,0.5277665995975855,0.6952752128382904,0.4035250463821892,-0.24834631706553978,0.9999999992457596,0.9801321301430717,0.7119487033438051,homoscedastic,rbf
2,convnext_s|2,mae_b16|2,10.0,0.25,539,256,768,768,0.16076683546343182,0.18333333333333332,0.16076683546343182,,0.11775851391181134,0.29832327297116024,0.2962823208779037,0.13747680890538033,-0.5663849122066557,0.9999999909643643,0.9420628632446914,0.5607211169897488,homoscedastic,rbf
2,convnext_s|2,vit_sup_b16|2,10.0,0.25,539,256,768,768,0.7086753574315483,0.5166666666666667,0.7086753574315483,,0.6292742220507317,0.601274312541918,0.7337034596741938,0.47940630797773653,-0.08866917799576757,0.9999999995112664,0.9846143596194985,0.7477162806501233,homoscedastic,rbf
2,dinov2_b|2,mae_b16|2,10.0,0.25,539,256,768,768,0.25381103836399543,0.26666666666666666,0.25381103836399543,,0.23268643383580787,0.28108651911468807,0.3432676378850959,0.1469387755102041,-0.4597098717913236,0.9999999908375721,0.9407281876287886,0.5795230417049323,homoscedastic,rbf
2,dinov2_b|2,vit_sup_b16|2,10.0,0.25,539,256,768,768,0.5934185928294246,0.4666666666666667,0.5934185928294246,,0.4955803532345245,0.535010060362173,0.8405981738526825,0.4875695732838589,-0.0033942268555053334,0.9999999993353315,0.9823509564443473,0.7520193734332,homoscedastic,rbf
2,mae_b16|2,vit_sup_b16|2,10.0,0.25,539,256,768,768,0.2451574587707188,0.15,0.2451574587707188,,0.21460302457466918,0.39000670690811534,0.3445136134286305,0.13599257884972174,-0.378559457222839,0.9999999910621623,0.944653717487928,0.5828541534407553,homoscedastic,rbf
2,clip_b16|2,convnext_s|2,10.0,1.0,539,1024,768,768,0.29762127117019765,0.21666666666666667,0.29762127117019765,,0.28425643711070114,0.4252850435949027,0.5747283074204265,0.32448979591836735,-0.3625342551628222,0.999999998663456,0.9725088613809714,0.6659433885298573,homoscedastic,rbf
2,clip_b16|2,dinov2_b|2,10.0,1.0,539,1024,768,768,0.318502106950297,0.25,0.318502106950297,,0.3123738274423084,0.40556673373574775,0.693722309601711,0.3879406307977736,-0.1666416703956073,0.9999999985308049,0.9708191783905146,0.6893452671626448,homoscedastic,rbf
2,clip_b16|2,mae_b16|2,10.0,1.0,539,1024,768,768,0.2805091680810224,0.15,0.2805091680810224,,0.2723664670386859,0.27260228034875916,0.48324842408165114,0.1712430426716141,-0.28612195418203834,0.9999999903615435,0.9349048974506599,0.5629354043213415,homoscedastic,rbf
2,clip_b16|2,vit_sup_b16|2,10.0,1.0,539,1024,768,768,0.3543419287275798,0.26666666666666666,0.3543419287275798,,0.3475864685302214,0.3710932260228035,0.6945048821316804,0.38051948051948054,-0.14522236777817188,0.9999999987803377,0.9750594852659186,0.6973752864764833,homoscedastic,rbf
2,convnext_s|2,dinov2_b|2,10.0,1.0,539,1024,768,768,0.7161036002877785,0.6,0.7161036002877785,,0.6245958262944745,0.5286720321931588,0.6952752128382904,0.4035250463821892,-0.24834631706553978,0.9999999992457596,0.9801321301430717,0.7119487033438051,homoscedastic,rbf
2,convnext_s|2,mae_b16|2,10.0,1.0,539,1024,768,768,0.2019925055347376,0.18333333333333332,0.2019925055347376,,0.16731794349674295,0.3112005365526492,0.2962823208779037,0.13747680890538033,-0.5663849122066557,0.9999999909643643,0.9420628632446914,0.5607211169897488,homoscedastic,rbf
2,convnext_s|2,vit_sup_b16|2,10.0,1.0,539,1024,768,768,0.7025365070458528,0.5833333333333334,0.7025365070458528,,0.6139602862451241,0.5954728370221327,0.7337034596741938,0.47940630797773653,-0.08866917799576757,0.9999999995112664,0.9846143596194985,0.7477162806501233,homoscedastic,rbf
2,dinov2_b|2,mae_b16|2,10.0,1.0,539,1024,768,768,0.30656624046177905,0.23333333333333334,0.30656624046177905,,0.29589608861018074,0.24778672032193155,0.3432676378850959,0.1469387755102041,-0.4597098717913236,0.9999999908375721,0.9407281876287886,0.5795230417049323,homoscedastic,rbf
2,dinov2_b|2,vit_sup_b16|2,10.0,1.0,539,1024,768,768,0.6356110433640093,0.5166666666666667,0.6356110433640093,,0.5368439270185178,0.542823608316566,0.8405981738526825,0.4875695732838589,-0.0033942268555053334,0.9999999993353315,0.9823509564443473,0.7520193734332,homoscedastic,rbf
2,mae_b16|2,vit_sup_b16|2,10.0,1.0,539,1024,768,768,0.31826888408023357,0.16666666666666666,0.31826888408023357,,0.30231820289422745,0.4018779342723004,0.3445136134286305,0.13599257884972174,-0.378559457222839,0.9999999910621623,0.944653717487928,0.5828541534407553,homoscedastic,rbf
3,clip_b16|2,convnext_s|2,0.1,0.1,539,102,768,768,0.18006444462345728,0.25,0.1860365352753732,0.1718701433403178,0.27252170022081207,0.35710932260228034,0.5724530234068614,0.32170686456400743,-0.42856268332174496,0.99999999866839,0.972461594713746,0.6613664021698985,heteroscedastic,rbf
3,clip_b16|2,dinov2_b|2,0.1,0.1,539,102,768,768,0.24743346509295858,0.16666666666666666,0.25462711443139247,0.22357341796296282,0.33080539676466486,0.17961099932930916,0.6643430863069049,0.376808905380334,-0.1966519440654616,0.9999999985534712,0.9713112997682651,0.6902425673612619,heteroscedastic,rbf
3,clip_b16|2,mae_b16|2,0.1,0.1,539,102,768,768,0.2636833991205531,0.18333333333333332,0.11624257479034729,0.3583061116030896,0.2845891954462772,0.2267270288397049,0.46602830257144506,0.174582560296846,-0.34655846048074934,0.9999999903283479,0.935488339246751,0.561881092418798,heteroscedastic,rbf
3,clip_b16|2,vit_sup_b16|2,0.1,0.1,539,102,768,768,0.33883077452992927,0.35,0.14303110837782365,0.3956248067808708,0.4064762635089346,0.17189805499664654,0.6524438804852378,0.35955473098330243,-0.16144569458484476,0.9999999987895334,0.9753617062098018,0.6941433496156298,heteroscedastic,rbf
3,convnext_s|2,dinov2_b|2,0.1,0.1,539,102,768,768,0.45237464548512635,0.2833333333333333,0.5101378946326065,0.35427570369464295,0.3902768095406395,0.34875922199865855,0.7176868170483206,0.40760667903525044,-0.2842733012873234,0.9999999992897914,0.9807418503043273,0.7154480847105191,heteroscedastic,rbf
3,convnext_s|2,mae_b16|2,0.1,0.1,539,102,768,768,0.08334773152147644,0.15,0.053307312788029304,0.11787351299814927,0.06949704448991106,0.1670020120724346,0.292634591805052,0.13339517625231911,-0.6287365917905503,0.9999999909625217,0.9432818223610904,0.5623239242469316,heteroscedastic,rbf
3,convnext_s|2,vit_sup_b16|2,0.1,0.1,539,102,768,768,0.49362109339192606,0.5166666666666667,0.547911775758444,0.40060640436061534,0.4610872159192236,0.507981220657277,0.7327721688431559,0.4723562152133581,-0.10979071622140901,0.9999999995384045,0.9851550680856744,0.7478399736420256,heteroscedastic,rbf
3,dinov2_b|2,mae_b16|2,0.1,0.1,539,102,768,768,0.20617435048430688,0.16666666666666666,0.22363105938712022,0.1603637085673257,0.21116390030057686,0.11535881958417168,0.3322298727986069,0.14230055658627086,-0.5356000438191012,0.9999999908910654,0.9420182792895729,0.5821712755372827,heteroscedastic,rbf
3,dinov2_b|2,vit_sup_b16|2,0.1,0.1,539,102,768,768,0.39946022072283527,0.3333333333333333,0.4002962805344983,0.37580398008366334,0.36188632229488954,0.44255533199195163,0.8470811858697087,0.4992578849721707,-0.009027914786346125,0.9999999993955797,0.9831833659904232,0.7555246267182896,heteroscedastic,rbf
3,mae_b16|2,vit_sup_b16|2,0.1,0.1,539,102,768,768,0.16864641290670251,0.16666666666666666,0.06697259198381977,0.24097130819857912,0.15441324289007707,0.24490274983232727,0.32827578184739137,0.13654916512059367,-0.4377247539980137,0.9999999910904617,0.9460186875211251,0.5854339601522062,heteroscedastic,rbf
3,clip_b16|2,convnext_s|2,0.1,0.25,539,256,768,768,0.23000952780424389,0.21666666666666667,0.21728814710725713,0.18483324438620755,0.31586150768302923,0.37984574111334674,0.5724530234068614,0.32170686456400743,-0.42856268332174496,0.99999999866839,0.972461594713746,0.6613664021698985,heteroscedastic,rbf
3,clip_b16|2,dinov2_b|2,0.1,0.25,539,256,768,768,0.2855921266447962,0.21666666666666667,0.2177981823837985,0.28229974539059793,0.3709950649628575,0.2430248155600268,0.6643430863069049,0.376808905380334,-0.1966519440654616,0.9999999985534712,0.9713112997682651,0.6902425673612619,heteroscedastic,rbf
3,clip_b16|2,mae_b16|2,0.1,0.25,539,256,768,768,0.3466400740002055,0.25,0.16562434122689904,0.40320863141791213,0.36825704345232113,0.2687122736418511,0.46602830257144506,0.174582560296846,-0.34655846048074934,0.9999999903283479,0.935488339246751,0.561881092418798,heteroscedastic,rbf
3,clip_b16|2,vit_sup_b16|2,0.1,0.25,539,256,768,768,0.4024683401898338,0.3333333333333333,0.23965421836734438,0.4261287837087963,0.48072855025988387,0.2191146881287726,0.6524438804852378,0.35955473098330243,-0.16144569458484476,0.9999999987895334,0.9753617062098018,0.6941433496156298,heteroscedastic,rbf
3,convnext_s|2,dinov2_b|2,0.1,0.25,539,256,768,768,0.5326630351750977,0.4,0.5676554246241367,0.4356099608493012,0.44644957799271734,0.3855466130114017,0.7176868170483206,0.40760667903525044,-0.2842733012873234,0.9999999992897914,0.9807418503043273,0.7154480847105191,heteroscedastic,rbf
3,convnext_s|2,mae_b16|2,0.1,0.25,539,256,768,768,0.16906696963047116,0.2,0.14524162067573024,0.1567913015575661,0.15387904619544954,0.26636485580147545,0.292634591805052,0.13339517625231911,-0.6287365917905503,0.9999999909625217,0.9432818223610904,0.5623239242469316,heteroscedastic,rbf
3,convnext_s|2,vit_sup_b16|2,0.1,0.25,539,256,768,768,0.5609428915080319,0.4666666666666667,0.5948357400660387,0.4607759931567963,0.5069095383697517,0.5243796109993293,0.7327721688431559,0.4723562152133581,-0.10979071622140901,0.9999999995384045,0.9851550680856744,0.7478399736420256,heteroscedastic,rbf
3,dinov2_b|2,mae_b16|2,0.1,0.25,539,256,768,768,0.2722313673093536,0.21666666666666667,0.3040969419269665,0.16551566013987457,0.2832588105976842,0.1391012743125419,0.3322298727986069,0.14230055658627086,-0.5356000438191012,0.9999999908910654,0.9420182792895729,0.5821712755372827,heteroscedastic,rbf
3,dinov2_b|2,vit_sup_b16|2,0.1,0.25,539,256,768,768,0.4915793099425276,0.4,0.4740393302255567,0.43761120136149134,0.4267112127805141,0.4816566063044936,0.8470811858697087,0.4992578849721707,-0.009027914786346125,0.9999999993955797,0.9831833659904232,0.7555246267182896,heteroscedastic,rbf
3,mae_b16|2,vit_sup_b16|2,0.1,0.25,539,256,768,768,0.28447034575096036,0.25,0.2088037336451294,0.28512873874651296,0.2798489496023112,0.2672702883970489,0.32827578184739137,0.13654916512059367,-0.4377247539980137,0.9999999910904617,0.9460186875211251,0.5854339601522062,heteroscedastic,rbf
3,clip_b16|2,convnext_s|2,0.1,1.0,539,1024,768,768,0.2747383742732618,0.25,0.27121422362225334,0.22612928639270952,0.3284820869824615,0.4177062374245473,0.5724530234068614,0.32170686456400743,-0.42856268332174496,0.99999999866839,0.972461594713746,0.6613664021698985,heteroscedastic,rbf
3,clip_b16|2,dinov2_b|2,0.1,1.0,539,1024,768,768,0.3030975641599004,0.23333333333333334,0.2906120980439483,0.28984503092762776,0.3597184078182402,0.30154258886653246,0.6643430863069049,0.376808905380334,-0.1966519440654616,0.9999999985534712,0.9713112997682651,0.6902425673612619,heteroscedastic,rbf
3,clip_b16|2,mae_b16|2,0.1,1.0,539,1024,768,768,0.3697351381531615,0.21666666666666667,0.19291176767120372,0.40997643250253646,0.3867844277205122,0.2738095238095238,0.46602830257144506,0.174582560296846,-0.34655846048074934,0.9999999903283479,0.935488339246751,0.561881092418798,heteroscedastic,rbf
3,clip_b16|2,vit_sup_b16|2,0.1,1.0,539,1024,768,768,0.42501812505034736,0.35,0.3253347533328865,0.4605212999741117,0.4852494431060255,0.29493628437290403,0.6524438804852378,0.35955473098330243,-0.16144569458484476,0.9999999987895334,0.9753617062098018,0.6941433496156298,heteroscedastic,rbf
3,convnext_s|2,dinov2_b|2,0.1,1.0,539,1024,768,768,0.627023686176906,0.5166666666666667,0.6444507784507759,0.5497113896166169,0.5335532267425837,0.48028169014084504,0.7176868170483206,0.40760667903525044,-0.2842733012873234,0.9999999992897914,0.9807418503043273,0.7154480847105191,heteroscedastic,rbf
3,convnext_s|2,mae_b16|2,0.1,1.0,539,1024,768,768,0.18990197194992206,0.23333333333333334,0.17897116287863335,0.1494934482133636,0.17787809615216257,0.28993963782696175,0.292634591805052,0.13339517625231911,-0.6287365917905503,0.9999999909625217,0.9432818223610904,0.5623239242469316,heteroscedastic,rbf
3,convnext_s|2,vit_sup_b16|2,0.1,1.0,539,1024,768,768,0.6499635276764657,0.5833333333333334,0.668832549380239,0.5601957004327829,0.5802071613160531,0.5770623742454728,0.7327721688431559,0.4723562152133581,-0.10979071622140901,0.9999999995384045,0.9851550680856744,0.7478399736420256,heteroscedastic,rbf
3,dinov2_b|2,mae_b16|2,0.1,1.0,539,1024,768,768,0.29160186556073764,0.23333333333333334,0.36901735180267276,0.14338639720574767,0.30011243259718484,0.2089201877934272,0.3322298727986069,0.14230055658627086,-0.5356000438191012,0.9999999908910654,0.9420182792895729,0.5821712755372827,heteroscedastic,rbf
3,dinov2_b|2,vit_sup_b16|2,0.1,1.0,539,1024,768,768,0.5730631473976316,0.43333333333333335,0.5690147998291256,0.5232411718232262,0.49031126076904874,0.5055667337357478,0.8470811858697087,0.4992578849721707,-0.009027914786346125,0.9999999993955797,0.9831833659904232,0.7555246267182896,heteroscedastic,rbf
3,mae_b16|2,vit_sup_b16|2,0.1,1.0,539,1024,768,768,0.3051115141986505,0.2,0.26491300555809055,0.26825308124293623,0.30071999014289563,0.3433266264252179,0.32827578184739137,0.13654916512059367,-0.4377247539980137,0.9999999910904617,0.9460186875211251,0.5854339601522062,heteroscedastic,rbf
3,clip_b16|2,convnext_s|2,1.0,0.1,539,102,768,768,0.20752685424126177,0.23333333333333334,0.24854299383518674,0.26684389067295133,0.25852453089586164,0.3890006706908115,0.5724530234068614,0.32170686456400743,-0.42856268332174496,0.99999999866839,0.972461594713746,0.6613664021698985,heteroscedastic,rbf
3,clip_b16|2,dinov2_b|2,1.0,0.1,539,102,768,768,0.2562705451959589,0.23333333333333334,0.29386388743568176,0.31571984755272525,0.311973787884192,0.24513749161636486,0.6643430863069049,0.376808905380334,-0.1966519440654616,0.9999999985534712,0.9713112997682651,0.6902425673612619,heteroscedastic,rbf
3,clip_b16|2,mae_b16|2,1.0,0.1,539,102,768,768,0.2218409495581932,0.16666666666666666,0.08348386083405325,0.3404753546644459,0.23102815435447313,0.17588866532528502,0.46602830257144506,0.174582560296846,-0.34655846048074934,0.9999999903283479,0.935488339246751,0.561881092418798,heteroscedastic,rbf
3,clip_b16|2,vit_sup_b16|2,1.0,0.1,539,102,768,768,0.30308684190789414,0.2833333333333333,0.2383246760925547,0.4315929578452063,0.3515967536404816,0.20700871898054996,0.6524438804852378,0.35955473098330243,-0.16144569458484476,0.9999999987895334,0.9753617062098018,0.6941433496156298,heteroscedastic,rbf
3,convnext_s|2,dinov2_b|2,1.0,0.1,539,102,768,768,0.5893789149414304,0.45,0.5890977533467245,0.5905041891722442,0.5055326240973779,0.4514084507042253,0.7176868170483206,0.40760667903525044,-0.2842733012873234,0.9999999992897914,0.9807418503043273,0.7154480847105191,heteroscedastic,rbf
3,convnext_s|2,mae_b16|2,1.0,0.1,539,102,768,768,0.08209411692810258,0.15,0.07101836863832982,0.14918066711182118,0.08038468646950296,0.13604963112005364,0.292634591805052,0.13339517625231911,-0.6287365917905503,0.9999999909625217,0.9432818223610904,0.5623239242469316,heteroscedastic,rbf
3,convnext_s|2,vit_sup_b16|2,1.0,0.1,539,102,768,768,0.583742565951572,0.4666666666666667,0.5952365077428136,0.5899646417720836,0.5109955351207981,0.5314889336016096,0.7327721688431559,0.4723562152133581,-0.10979071622140901,0.9999999995384045,0.9851550680856744,0.7478399736420256,heteroscedastic,rbf
3,dinov2_b|2,mae_b16|2,1.0,0.1,539,102,768,768,0.21332948147078187,0.18333333333333332,0.2766147028541308,0.18031411600660077,0.2298906963849718,0.1710261569416499,0.3322298727986069,0.14230055658627086,-0.5356000438191012,0.9999999908910654,0.9420182792895729,0.5821712755372827,heteroscedastic,rbf
3,dinov2_b|2,vit_sup_b16|2,1.0,0.1,539,102,768,768,0.5071509643082341,0.4,0.5028140899851034,0.5249597922686655,0.4335828142681586,0.48980549966465453,0.8470811858697087,0.4992578849721707,-0.009027914786346125,0.9999999993955797,0.9831833659904232,0.7555246267182896,heteroscedastic,rbf
3,mae_b16|2,vit_sup_b16|2,1.0,0.1,539,102,768,768,0.17146503184731068,0.16666666666666666,0.1186784515127722,0.2593231807938998,0.16933986582665114,0.25922199865861834,0.32827578184739137,0.13654916512059367,-0.4377247539980137,0.9999999910904617,0.9460186875211251,0.5854339601522062,heteroscedastic,rbf
3,clip_b16|2,convnext_s|2,1.0,0.25,539,256,768,768,0.2501455281820227,0.25,0.24978986654436364,0.32162750060810785,0.28291762184386215,0.39540576794097915,0.5724530234068614,0.32170686456400743,-0.42856268332174496,0.99999999866839,0.972461594713746,0.6613664021698985,heteroscedastic,rbf
3,clip_b16|2,dinov2_b|2,1.0,0.25,539,256,768,768,0.28661557393214976,0.21666666666666667,0.26183086849231024,0.38027674983572,0.3315795361324484,0.28742454728370215,0.6643430863069049,0.376808905380334,-0.1966519440654616,0.9999999985534712,0.9713112997682651,0.6902425673612619,heteroscedastic,rbf
3,clip_b16|2,mae_b16|2,1.0,0.25,539,256,768,768,0.3084275234097872,0.2,0.15243243515246516,0.4090308282080519,0.3211590528100854,0.2339704896042924,0.46602830257144506,0.174582560296846,-0.34655846048074934,0.9999999903283479,0.935488339246751,0.561881092418798,heteroscedastic,rbf
3,clip_b16|2,vit_sup_b16|2,1.0,0.25,539,256,768,768,0.36538501495837483,0.31666666666666665,0.28251371550994275,0.4979528197635207,0.4106169769168664,0.26270959087860496,0.6524438804852378,0.35955473098330243,-0.16144569458484476,0.9999999987895334,0.9753617062098018,0.6941433496156298,heteroscedastic,rbf
3,convnext_s|2,dinov2_b|2,1.0,0.25,539,256,768,768,0.6221492837480104,0.48333333333333334,0.6120076465753863,0.641317154730856,0.515003550503069,0.47380952380952374,0.7176868170483206,0.40760667903525044,-0.2842733012873234,0.9999999992897914,0.9807418503043273,0.7154480847105191,heteroscedastic,rbf
3,convnext_s|2,mae_b16|2,1.0,0.25,539,256,768,768,0.12855696821380058,0.2,0.15259921201526658,0.15908298166404572,0.11486704257685462,0.261066398390342,0.292634591805052,0.13339517625231911,-0.6287365917905503,0.9999999909625217,0.9432818223610904,0.5623239242469316,heteroscedastic,rbf
3,convnext_s|2,vit_sup_b16|2,1.0,0.25,539,256,768,768,0.6293867482965229,0.5333333333333333,0.6229983856071567,0.6485206152069144,0.5368740009143761,0.5704560697518444,0.7327721688431559,0.4723562152133581,-0.10979071622140901,0.9999999995384045,0.9851550680856744,0.7478399736420256,heteroscedastic,rbf
3,dinov2_b|2,mae_b16|2,1.0,0.25,539,256,768,768,0.25177397714993655,0.21666666666666667,0.3355235975782131,0.1906649363169299,0.26724263716452606,0.19376257545271627,0.3322298727986069,0.14230055658627086,-0.5356000438191012,0.9999999908910654,0.9420182792895729,0.5821712755372827,heteroscedastic,rbf
3,dinov2_b|2,vit_sup_b16|2,1.0,0.25,539,256,768,768,0.5574780485501348,0.4666666666666667,0.5378724555970082,0.5861593245492112,0.4558207984903066,0.5049631120053654,0.8470811858697087,0.4992578849721707,-0.009027914786346125,0.9999999993955797,0.9831833659904232,0.7555246267182896,heteroscedastic,rbf
3,mae_b16|2,vit_sup_b16|2,1.0,0.25,539,256,768,768,0.2651884588568301,0.2,0.2521829707524063,0.2918004713499493,0.2670031808616536,0.29879275653923537,0.32827578184739137,0.13654916512059367,-0.4377247539980137,0.9999999910904617,0.9460186875211251,0.5854339601522062,heteroscedastic,rbf
3,clip_b16|2,convnext_s|2,1.0,1.0,539,1024,768,768,0.28025166736574264,0.23333333333333334,0.29580698166047575,0.31536796881349,0.29220737531897784,0.43819584171696846,0.5724530234068614,0.32170686456400743,-0.42856268332174496,0.99999999866839,0.972461594713746,0.6613664021698985,heteroscedastic,rbf
3,clip_b16|2,dinov2_b|2,1.0,1.0,539,1024,768,768,0.29510526418128935,0.23333333333333334,0.3210956017814214,0.3383305699681549,0.31285071350520577,0.374916163648558,0.6643430863069049,0.376808905380334,-0.1966519440654616,0.9999999985534712,0.9713112997682651,0.6902425673612619,heteroscedastic,rbf
3,clip_b16|2,mae_b16|2,1.0,1.0,539,1024,768,768,0.34203667232408974,0.21666666666666667,0.1992571959813246,0.4118419483581645,0.34983722807848067,0.27907444668008047,0.46602830257144506,0.174582560296846,-0.34655846048074934,0.9999999903283479,0.935488339246751,0.561881092418798,heteroscedastic,rbf
3,clip_b16|2,vit_sup_b16|2,1.0,1.0,539,1024,768,768,0.3966967130464251,0.31666666666666665,0.3317786662559547,0.4982427008201287,0.4232662520630206,0.35207914151576125,0.6524438804852378,0.35955473098330243,-0.16144569458484476,0.9999999987895334,0.9753617062098018,0.6941433496156298,heteroscedastic,rbf
3,convnext_s|2,dinov2_b|2,1.0,1.0,539,1024,768,768,0.6819420609501693,0.5833333333333334,0.6835710951974194,0.6752650750018361,0.5848559695467352,0.5362843729040913,0.7176868170483206,0.40760667903525044,-0.2842733012873234,0.9999999992897914,0.9807418503043273,0.7154480847105191,heteroscedastic,rbf
3,convnext_s|2,mae_b16|2,1.0,1.0,539,1024,768,768,0.16360462112394755,0.18333333333333332,0.19421758737499148,0.1623107709244273,0.14108904791395785,0.3366532528504359,0.292634591805052,0.13339517625231911,-0.6287365917905503,0.9999999909625217,0.9432818223610904,0.5623239242469316,heteroscedastic,rbf
3,convnext_s|2,vit_sup_b16|2,1.0,1.0,539,1024,768,768,0.6852439590109972,0.55,0.6912212649126461,0.6722808081705126,0.6001468027638802,0.6107310529845741,0.7327721688431559,0.4723562152133581,-0.10979071622140901,0.9999999995384045,0.9851550680856744,0.7478399736420256,heteroscedastic,rbf
3,dinov2_b|2,mae_b16|2,1.0,1.0,539,1024,768,768,0.27560587668299075,0.23333333333333334,0.38786457503080796,0.1782748949320804,0.2786778510215397,0.2641515761234071,0.3322298727986069,0.14230055658627086,-0.5356000438191012,0.9999999908910654,0.9420182792895729,0.5821712755372827,heteroscedastic,rbf
3,dinov2_b|2,vit_sup_b16|2,1.0,1.0,539,1024,768,768,0.6092540812613367,0.5166666666666667,0.5967040722488871,0.637891643131285,0.5085268816855648,0.5418175720992622,0.8470811858697087,0.4992578849721707,-0.009027914786346125,0.9999999993955797,0.9831833659904232,0.7555246267182896,heteroscedastic,rbf
3,mae_b16|2,vit_sup_b16|2,1.0,1.0,539,1024,768,768,0.29204492234700646,0.18333333333333332,0.2898270966035209,0.2915401927904514,0.2845329386168277,0.38440643863179064,0.32827578184739137,0.13654916512059367,-0.4377247539980137,0.9999999910904617,0.9460186875211251,0.5854339601522062,heteroscedastic,rbf
3,clip_b16|2,convnext_s|2,10.0,0.1,539,102,768,768,0.31801405003902783,0.23333333333333334,0.2464209020291964,0.4202568770650185,0.34144636794884686,0.38916834339369544,0.5724530234068614,0.32170686456400743,-0.42856268332174496,0.99999999866839,0.972461594713746,0.6613664021698985,heteroscedastic,rbf
3,clip_b16|2,dinov2_b|2,10.0,0.1,539,102,768,768,0.3415403376120489,0.31666666666666665,0.2943307907649469,0.43572446107397295,0.36760190268054876,0.2794433266264252,0.6643430863069049,0.376808905380334,-0.1966519440654616,0.9999999985534712,0.9713112997682651,0.6902425673612619,heteroscedastic,rbf
3,clip_b16|2,mae_b16|2,10.0,0.1,539,102,768,768,0.18265450737363156,0.16666666666666666,0.06701500506530807,0.34396118833359995,0.18158569682270506,0.15023474178403753,0.46602830257144506,0.174582560296846,-0.34655846048074934,0.9999999903283479,0.935488339246751,0.561881092418798,heteroscedastic,rbf
3,clip_b16|2,vit_sup_b16|2,10.0,0.1,539,102,768,768,0.35440659557387655,0.3333333333333333,0.2245742113008937,0.516381212021183,0.37594923266981617,0.235177733065057,0.6524438804852378,0.35955473098330243,-0.16144569458484476,0.9999999987895334,0.9753617062098018,0.6941433496156298,heteroscedastic,rbf
3,convnext_s|2,dinov2_b|2,10.0,0.1,539,102,768,768,0.6673182981063835,0.4666666666666667,0.6029348414658321,0.6943877295973864,0.5929196645990525,0.489738430583501,0.7176868170483206,0.40760667903525044,-0.2842733012873234,0.9999999992897914,0.9807418503043273,0.7154480847105191,heteroscedastic,rbf
3,convnext_s|2,mae_b16|2,10.0,0.1,539,102,768,768,0.12495540265389626,0.1,0.06417836066610823,0.23636616501604818,0.11408722888909785,0.1374245472837022,0.292634591805052,0.13339517625231911,-0.6287365917905503,0.9999999909625217,0.9432818223610904,0.5623239242469316,heteroscedastic,rbf
3,convnext_s|2,vit_sup_b16|2,10.0,0.1,539,102,768,768,0.6670749640971225,0.5166666666666667,0.6053265079422988,0.7142420685554735,0.5983181315599192,0.5639839034205231,0.7327721688431559,0.4723562152133581,-0.10979071622140901,0.9999999995384045,0.9851550680856744,0.7478399736420256,heteroscedastic,rbf
3,dinov2_b|2,mae_b16|2,10.0,0.1,539,102,768,768,0.2563271009086136,0.16666666666666666,0.2798830261589869,0.2915441025542207,0.2658628857321656,0.20754527162977868,0.3322298727986069,0.14230055658627086,-0.5356000438191012,0.9999999908910654,0.9420182792895729,0.5821712755372827,heteroscedastic,rbf
3,dinov2_b|2,vit_sup_b16|2,10.0,0.1,539,102,768,768,0.5981717726993685,0.43333333333333335,0.5077030962088636,0.6651242648596855,0.5288515662744361,0.49885982562038894,0.8470811858697087,0.4992578849721707,-0.009027914786346125,0.9999999993955797,0.9831833659904232,0.7555246267182896,heteroscedastic,rbf
3,mae_b16|2,vit_sup_b16|2,10.0,0.1,539,102,768,768,0.2022785618848941,0.11666666666666667,0.11289661398039402,0.33244190719393735,0.19438753011442672,0.29312541918175716,0.32827578184739137,0.13654916512059367,-0.4377247539980137,0.9999999910904617,0.9460186875211251,0.5854339601522062,heteroscedastic,rbf
3,clip_b16|2,convnext_s|2,10.0,0.25,539,256,768,768,0.29724838124550346,0.23333333333333334,0.23879265772050176,0.4074155372336578,0.29961098483497456,0.4230717639168343,0.5724530234068614,0.32170686456400743,-0.42856268332174496,0.99999999866839,0.972461594713746,0.6613664021698985,heteroscedastic,rbf
3,clip_b16|2,dinov2_b|2,10.0,0.25,539,256,768,768,0.32078411328920353,0.3,0.2569889479776598,0.4551582211580217,0.3321841754564585,0.3331656606304493,0.6643430863069049,0.376808905380334,-0.1966519440654616,0.9999999985534712,0.9713112997682651,0.6902425673612619,heteroscedastic,rbf
3,clip_b16|2,mae_b16|2,10.0,0.25,539,256,768,768,0.25542932063700174,0.2,0.13818703126580945,0.3993742702356107,0.25159950973875433,0.2578470824949698,0.46602830257144506,0.174582560296846,-0.34655846048074934,0.9999999903283479,0.935488339246751,0.561881092418798,heteroscedastic,rbf
3,clip_b16|2,vit_sup_b16|2,10.0,0.25,539,256,768,768,0.3623477287436909,0.2833333333333333,0.24979346087330334,0.5183662549406148,0.37343137477424315,0.2882293762575452,0.6524438804852378,0.35955473098330243,-0.16144569458484476,0.9999999987895334,0.9753617062098018,0.6941433496156298,heteroscedastic,rbf
3,convnext_s|2,dinov2_b|2,10.0,0.25,539,256,768,768,0.6686269684082454,0.55,0.6118261329639322,0.7166906977504055,0.5691175946071263,0.5215962441314553,0.7176868170483206,0.40760667903525044,-0.2842733012873234,0.9999999992897914,0.9807418503043273,0.7154480847105191,heteroscedastic,rbf
3,convnext_s|2,mae_b16|2,10.0,0.25,539,256,768,768,0.14480890224695067,0.15,0.13501072278180934,0.2404440486274076,0.12092583825918347,0.2556338028169014,0.292634591805052,0.13339517625231911,-0.6287365917905503,0.9999999909625217,0.9432818223610904,0.5623239242469316,heteroscedastic,rbf
3,convnext_s|2,vit_sup_b16|2,10.0,0.25,539,256,768,768,0.6742517618104494,0.5833333333333334,0.628642560341145,0.7177480095811554,0.5832905867895346,0.5810194500335345,0.7327721688431559,0.4723562152133581,-0.10979071622140901,0.9999999995384045,0.9851550680856744,0.7478399736420256,heteroscedastic,rbf
3,dinov2_b|2,mae_b16|2,10.0,0.25,539,256,768,768,0.2607376131600365,0.2,0.32816025531237325,0.2816842368657769,0.2621565009873317,0.20623742454728367,0.3322298727986069,0.14230055658627086,-0.5356000438191012,0.9999999908910654,0.9420182792895729,0.5821712755372827,heteroscedastic,rbf
3,dinov2_b|2,vit_sup_b16|2,10.0,0.25,539,256,768,768,0.5938809830027305,0.48333333333333334,0.5229603036920408,0.6766351679341283,0.4906147558259053,0.5233400402414486,0.8470811858697087,0.4992578849721707,-0.009027914786346125,0.9999999993955797,0.9831833659904232,0.7555246267182896,heteroscedastic,rbf
3,mae_b16|2,vit_sup_b16|2,10.0,0.25,539,256,768,768,0.2602708896413601,0.18333333333333332,0.23679996175634013,0.3493639233250641,0.2510756889435065,0.33249496981891347,0.32827578184739137,0.13654916512059367,-0.4377247539980137,0.9999999910904617,0.9460186875211251,0.5854339601522062,heteroscedastic,rbf
3,clip_b16|2,convnext_s|2,10.0,1.0,539,1024,768,768,0.2688386356628768,0.26666666666666666,0.25391148353950105,0.3573733536752756,0.262477181127536,0.42226693494299117,0.5724530234068614,0.32170686456400743,-0.42856268332174496,0.99999999866839,0.972461594713746,0.6613664021698985,heteroscedastic,rbf
3,clip_b16|2,dinov2_b|2,10.0,1.0,539,1024,768,768,0.28356006544462625,0.25,0.2817265574721516,0.3865725865796241,0.2839868258502563,0.378001341381623,0.6643430863069049,0.376808905380334,-0.1966519440654616,0.9999999985534712,0.9713112997682651,0.6902425673612619,heteroscedastic,rbf
3,clip_b16|2,mae_b16|2,10.0,1.0,539,1024,768,768,0.2904166400462223,0.16666666666666666,0.17443691692122004,0.41312937771362035,0.2847570742557724,0.2898390342052313,0.46602830257144506,0.174582560296846,-0.34655846048074934,0.9999999903283479,0.935488339246751,0.561881092418798,heteroscedastic,rbf
3,clip_b16|2,vit_sup_b16|2,10.0,1.0,539,1024,768,768,0.34940858169050465,0.3,0.2584658577389766,0.5090057219392762,0.3550293119157477,0.34426559356136816,0.6524438804852378,0.35955473098330243,-0.16144569458484476,0.9999999987895334,0.9753617062098018,0.6941433496156298,heteroscedastic,rbf
3,convnext_s|2,dinov2_b|2,10.0,1.0,539,1024,768,768,0.701636893435815,0.5666666666666667,0.6805072892092314,0.7271420548433734,0.6068616308968343,0.5369215291750502,0.7176868170483206,0.40760667903525044,-0.2842733012873234,0.9999999992897914,0.9807418503043273,0.7154480847105191,heteroscedastic,rbf
3,convnext_s|2,mae_b16|2,10.0,1.0,539,1024,768,768,0.16707651965699902,0.18333333333333332,0.18149510066008054,0.23065232453608556,0.13008111035093237,0.3546948356807511,0.292634591805052,0.13339517625231911,-0.6287365917905503,0.9999999909625217,0.9432818223610904,0.5623239242469316,heteroscedastic,rbf
3,convnext_s|2,vit_sup_b16|2,10.0,1.0,539,1024,768,768,0.6858023494509706,0.5833333333333334,0.6735231486465285,0.7025016064940058,0.5938423090267082,0.5914822266934942,0.7327721688431559,0.4723562152133581,-0.10979071622140901,0.9999999995384045,0.9851550680856744,0.7478399736420256,heteroscedastic,rbf
3,dinov2_b|2,mae_b16|2,10.0,1.0,539,1024,768,768,0.2797577215492265,0.21666666666666667,0.3668327186731319,0.27987289916523744,0.2696179885670559,0.27266934942991283,0.3322298727986069,0.14230055658627086,-0.5356000438191012,0.9999999908910654,0.9420182792895729,0.5821712755372827,heteroscedastic,rbf
3,dinov2_b|2,vit_sup_b16|2,10.0,1.0,539,1024,768,768,0.6180566612685036,0.5166666666666667,0.5591976091961625,0.6998619574120603,0.5151156588533983,0.5504359490274983,0.8470811858697087,0.4992578849721707,-0.009027914786346125,0.9999999993955797,0.9831833659904232,0.7555246267182896,heteroscedastic,rbf
3,mae_b16|2,vit_sup_b16|2,10.0,1.0,539,1024,768,768,0.2843794566096017,0.2,0.25913655951912196,0.3689194446236419,0.26408755313595345,0.4084171696847752,0.32827578184739137,0.13654916512059367,-0.4377247539980137,0.9999999910904617,0.9460186875211251,0.5854339601522062,heteroscedastic,rbf
3,clip_b16|2,convnext_s|2,0.1,0.1,539,102,768,768,0.23702699174164368,0.21666666666666667,0.23702699174164368,,0.2858457330735035,0.3601945003353454,0.5724530234068614,0.32170686456400743,-0.42856268332174496,0.99999999866839,0.972461594713746,0.6613664021698985,homoscedastic,rbf
3,clip_b16|2,dinov2_b|2,0.1,0.1,539,102,768,768,0.2779604943347065,0.25,0.2779604943347065,,0.3244191117581637,0.2630114017437961,0.6643430863069049,0.376808905380334,-0.1966519440654616,0.9999999985534712,0.9713112997682651,0.6902425673612619,homoscedastic,rbf
3,clip_b16|2,mae_b16|2,0.1,0.1,539,102,768,768,0.20468034633429535,0.16666666666666666,0.20468034633429535,,0.2044687701641013,0.23765928906773973,0.46602830257144506,0.174582560296846,-0.34655846048074934,0.9999999903283479,0.935488339246751,0.561881092418798,homoscedastic,rbf
3,clip_b16|2,vit_sup_b16|2,0.1,0.1,539,102,768,768,0.27450531807032796,0.26666666666666666,0.27450531807032796,,0.3136233127004251,0.2374245472837022,0.6524438804852378,0.35955473098330243,-0.16144569458484476,0.9999999987895334,0.9753617062098018,0.6941433496156298,homoscedastic,rbf
3,convnext_s|2,dinov2_b|2,0.1,0.1,539,102,768,768,0.5987856632935091,0.38333333333333336,0.5987856632935091,,0.5373303783636558,0.39671361502347413,0.7176868170483206,0.40760667903525044,-0.2842733012873234,0.9999999992897914,0.9807418503043273,0.7154480847105191,homoscedastic,rbf
3,convnext_s|2,mae_b16|2,0.1,0.1,539,102,768,768,0.12298273050758475,0.11666666666666667,0.12298273050758475,,0.08694249806262504,0.14376257545271628,0.292634591805052,0.13339517625231911,-0.6287365917905503,0.9999999909625217,0.9432818223610904,0.5623239242469316,homoscedastic,rbf
3,convnext_s|2,vit_sup_b16|2,0.1,0.1,539,102,768,768,0.6194127761466004,0.48333333333333334,0.6194127761466004,,0.5637347725570431,0.5403755868544601,0.7327721688431559,0.4723562152133581,-0.10979071622140901,0.9999999995384045,0.9851550680856744,0.7478399736420256,homoscedastic,rbf
3,dinov2_b|2,mae_b16|2,0.1,0.1,539,102,768,768,0.23978094383595508,0.16666666666666666,0.23978094383595508,,0.22566284163459327,0.16478873239436617,0.3322298727986069,0.14230055658627086,-0.5356000438191012,0.9999999908910654,0.9420182792895729,0.5821712755372827,homoscedastic,rbf
3,dinov2_b|2,vit_sup_b16|2,0.1,0.1,539,102,768,768,0.5085784682735229,0.35,0.5085784682735229,,0.45116161436024477,0.4929242119382964,0.8470811858697087,0.4992578849721707,-0.009027914786346125,0.9999999993955797,0.9831833659904232,0.7555246267182896,homoscedastic,rbf
3,mae_b16|2,vit_sup_b16|2,0.1,0.1,539,102,768,768,0.17601798893885814,0.15,0.17601798893885814,,0.14439587947095883,0.30100603621730376,0.32827578184739137,0.13654916512059367,-0.4377247539980137,0.9999999910904617,0.9460186875211251,0.5854339601522062,homoscedastic,rbf
3,clip_b16|2,convnext_s|2,0.1,0.25,539,256,768,768,0.26906491406920574,0.23333333333333334,0.26906491406920574,,0.29282709212177416,0.37786720321931583,0.5724530234068614,0.32170686456400743,-0.42856268332174496,0.99999999866839,0.972461594713746,0.6613664021698985,homoscedastic,rbf
3,clip_b16|2,dinov2_b|2,0.1,0.25,539,256,768,768,0.2892983036063989,0.26666666666666666,0.2892983036063989,,0.318973466879805,0.29507042253521126,0.6643430863069049,0.376808905380334,-0.1966519440654616,0.9999999985534712,0.9713112997682651,0.6902425673612619,homoscedastic,rbf
3,clip_b16|2,mae_b16|2,0.1,0.25,539,256,768,768,0.23684826902296952,0.18333333333333332,0.23684826902296952,,0.22906119186659188,0.28578135479543926,0.46602830257144506,0.174582560296846,-0.34655846048074934,0.9999999903283479,0.935488339246751,0.561881092418798,homoscedastic,rbf
3,clip_b16|2,vit_sup_b16|2,0.1,0.25,539,256,768,768,0.3457030713974205,0.3,0.3457030713974205,,0.37583201743151096,0.27525150905432594,0.6524438804852378,0.35955473098330243,-0.16144569458484476,0.9999999987895334,0.9753617062098018,0.6941433496156298,homoscedastic,rbf
3,convnext_s|2,dinov2_b|2,0.1,0.25,539,256,768,768,0.6201995005541681,0.4666666666666667,0.6201995005541681,,0.5322583469246807,0.43849765258215956,0.7176868170483206,0.40760667903525044,-0.2842733012873234,0.9999999992897914,0.9807418503043273,0.7154480847105191,homoscedastic,rbf
3,convnext_s|2,mae_b16|2,0.1,0.25,539,256,768,768,0.13756760435445653,0.16666666666666666,0.13756760435445653,,0.09562485611545783,0.2674044265593561,0.292634591805052,0.13339517625231911,-0.6287365917905503,0.9999999909625217,0.9432818223610904,0.5623239242469316,homoscedastic,rbf
3,convnext_s|2,vit_sup_b16|2,0.1,0.25,539,256,768,768,0.6437820105055846,0.48333333333333334,0.6437820105055846,,0.5672036464801382,0.5578470824949697,0.7327721688431559,0.4723562152133581,-0.10979071622140901,0.9999999995384045,0.9851550680856744,0.7478399736420256,homoscedastic,rbf
3,dinov2_b|2,mae_b16|2,0.1,0.25,539,256,768,768,0.2569258247939577,0.2,0.2569258247939577,,0.24080808801356646,0.20070422535211266,0.3322298727986069,0.14230055658627086,-0.5356000438191012,0.9999999908910654,0.9420182792895729,0.5821712755372827,homoscedastic,rbf
3,dinov2_b|2,vit_sup_b16|2,0.1,0.25,539,256,768,768,0.5303330287028575,0.43333333333333335,0.5303330287028575,,0.4396523100967228,0.5155600268276324,0.8470811858697087,0.4992578849721707,-0.009027914786346125,0.9999999993955797,0.9831833659904232,0.7555246267182896,homoscedastic,rbf
3,mae_b16|2,vit_sup_b16|2,0.1,0.25,539,256,768,768,0.22027622298950827,0.13333333333333333,0.22027622298950827,,0.18807395746529748,0.3525150905432595,0.32827578184739137,0.13654916512059367,-0.4377247539980137,0.9999999910904617,0.9460186875211251,0.5854339601522062,homoscedastic,rbf
3,clip_b16|2,convnext_s|2,0.1,1.0,539,1024,768,768,0.2958202106116961,0.23333333333333334,0.2958202106116961,,0.2873549400629687,0.4120053655264922,0.5724530234068614,0.32170686456400743,-0.42856268332174496,0.99999999866839,0.972461594713746,0.6613664021698985,homoscedastic,rbf
3,clip_b16|2,dinov2_b|2,0.1,1.0,539,1024,768,768,0.3197428881746894,0.26666666666666666,0.3197428881746894,,0.31925150855849577,0.34825620389000667,0.6643430863069049,0.376808905380334,-0.1966519440654616,0.9999999985534712,0.9713112997682651,0.6902425673612619,homoscedastic,rbf
3,clip_b16|2,mae_b16|2,0.1,1.0,539,1024,768,768,0.24764991013863924,0.16666666666666666,0.24764991013863924,,0.2333971829433184,0.2922535211267605,0.46602830257144506,0.174582560296846,-0.34655846048074934,0.9999999903283479,0.935488339246751,0.561881092418798,homoscedastic,rbf
3,clip_b16|2,vit_sup_b16|2,0.1,1.0,539,1024,768,768,0.38794929985916626,0.3,0.38794929985916626,,0.3932983038646983,0.3431254191817572,0.6524438804852378,0.35955473098330243,-0.16144569458484476,0.9999999987895334,0.9753617062098018,0.6941433496156298,homoscedastic,rbf
3,convnext_s|2,dinov2_b|2,0.1,1.0,539,1024,768,768,0.6741056502934729,0.5666666666666667,0.6741056502934729,,0.5796847996316556,0.5023138832997986,0.7176868170483206,0.40760667903525044,-0.2842733012873234,0.9999999992897914,0.9807418503043273,0.7154480847105191,homoscedastic,rbf
3,convnext_s|2,mae_b16|2,0.1,1.0,539,1024,768,768,0.1612070033527871,0.18333333333333332,0.1612070033527871,,0.11881085708171348,0.3008383635144198,0.292634591805052,0.13339517625231911,-0.6287365917905503,0.9999999909625217,0.9432818223610904,0.5623239242469316,homoscedastic,rbf
3,convnext_s|2,vit_sup_b16|2,0.1,1.0,539,1024,768,768,0.6856687379687165,0.55,0.6856687379687165,,0.6012111430674401,0.5930918846411803,0.7327721688431559,0.4723562152133581,-0.10979071622140901,0.9999999995384045,0.9851550680856744,0.7478399736420256,homoscedastic,rbf
3,dinov2_b|2,mae_b16|2,0.1,1.0,539,1024,768,768,0.2808565579348831,0.2,0.2808565579348831,,0.2638451786113804,0.24718309859154927,0.3322298727986069,0.14230055658627086,-0.5356000438191012,0.9999999908910654,0.9420182792895729,0.5821712755372827,homoscedastic,rbf
3,dinov2_b|2,vit_sup_b16|2,0.1,1.0,539,1024,768,768,0.608275022986175,0.5166666666666667,0.608275022986175,,0.5132392422999478,0.5264922870556673,0.8470811858697087,0.4992578849721707,-0.009027914786346125,0.9999999993955797,0.9831833659904232,0.7555246267182896,homoscedastic,rbf
3,mae_b16|2,vit_sup_b16|2,0.1,1.0,539,1024,768,768,0.25829005080569667,0.16666666666666666,0.25829005080569667,,0.22881541275003486,0.3882629107981221,0.32827578184739137,0.13654916512059367,-0.4377247539980137,0.9999999910904617,0.9460186875211251,0.5854339601522062,homoscedastic,rbf
3,clip_b16|2,convnext_s|2,1.0,0.1,539,102,768,768,0.33679332442590115,0.25,0.33679332442590115,,0.36140019519660704,0.3950033534540576,0.5724530234068614,0.32170686456400743,-0.42856268332174496,0.99999999866839,0.972461594713746,0.6613664021698985,homoscedastic,rbf
3,clip_b16|2,dinov2_b|2,1.0,0.1,539,102,768,768,0.36066005738904827,0.31666666666666665,0.36066005738904827,,0.385619814076853,0.29332662642521795,0.6643430863069049,0.376808905380334,-0.1966519440654616,0.9999999985534712,0.9713112997682651,0.6902425673612619,homoscedastic,rbf
3,clip_b16|2,mae_b16|2,1.0,0.1,539,102,768,768,0.1974777707715855,0.2,0.1974777707715855,,0.1950632605615307,0.16824279007377596,0.46602830257144506,0.174582560296846,-0.34655846048074934,0.9999999903283479,0.935488339246751,0.561881092418798,homoscedastic,rbf
3,clip_b16|2,vit_sup_b16|2,1.0,0.1,539,102,768,768,0.3667400187222742,0.35,0.3667400187222742,,0.38794361022933976,0.25949027498323274,0.6524438804852378,0.35955473098330243,-0.16144569458484476,0.9999999987895334,0.9753617062098018,0.6941433496156298,homoscedastic,rbf
3,convnext_s|2,dinov2_b|2,1.0,0.1,539,102,768,768,0.6712962536007044,0.48333333333333334,0.6712962536007044,,0.6024838930374473,0.47032193158953717,0.7176868170483206,0.40760667903525044,-0.2842733012873234,0.9999999992897914,0.9807418503043273,0.7154480847105191,homoscedastic,rbf
3,convnext_s|2,mae_b16|2,1.0,0.1,539,102,768,768,0.14853607926688683,0.1,0.14853607926688683,,0.13063857175745036,0.131757209926224,0.292634591805052,0.13339517625231911,-0.6287365917905503,0.9999999909625217,0.9432818223610904,0.5623239242469316,homoscedastic,rbf
3,convnext_s|2,vit_sup_b16|2,1.0,0.1,539,102,768,768,0.6766800463334619,0.5166666666666667,0.6766800463334619,,0.6125122808496565,0.5683433936955063,0.7327721688431559,0.4723562152133581,-0.10979071622140901,0.9999999995384045,0.9851550680856744,0.7478399736420256,homoscedastic,rbf
3,dinov2_b|2,mae_b16|2,1.0,0.1,539,102,768,768,0.27715793654982374,0.18333333333333332,0.27715793654982374,,0.2790997772424102,0.1953051643192488,0.3322298727986069,0.14230055658627086,-0.5356000438191012,0.9999999908910654,0.9420182792895729,0.5821712755372827,homoscedastic,rbf
3,dinov2_b|2,vit_sup_b16|2,1.0,0.1,539,102,768,768,0.6052513479204108,0.45,0.6052513479204108,,0.5404793827636857,0.5047954393024816,0.8470811858697087,0.4992578849721707,-0.009027914786346125,0.9999999993955797,0.9831833659904232,0.7555246267182896,homoscedastic,rbf
3,mae_b16|2,vit_sup_b16|2,1.0,0.1,539,102,768,768,0.22009755582654392,0.11666666666666667,0.22009755582654392,,0.20591555963386046,0.2940643863179074,0.32827578184739137,0.13654916512059367,-0.4377247539980137,0.9999999910904617,0.9460186875211251,0.5854339601522062,homoscedastic,rbf
3,clip_b16|2,convnext_s|2,1.0,0.25,539,256,768,768,0.3177473270759085,0.23333333333333334,0.3177473270759085,,0.3191017065112011,0.4110328638497652,0.5724530234068614,0.32170686456400743,-0.42856268332174496,0.99999999866839,0.972461594713746,0.6613664021698985,homoscedastic,rbf
3,clip_b16|2,dinov2_b|2,1.0,0.25,539,256,768,768,0.34331117586437737,0.2833333333333333,0.34331117586437737,,0.35327246139030566,0.33293091884641174,0.6643430863069049,0.376808905380334,-0.1966519440654616,0.9999999985534712,0.9713112997682651,0.6902425673612619,homoscedastic,rbf
3,clip_b16|2,mae_b16|2,1.0,0.25,539,256,768,768,0.24546951519309773,0.16666666666666666,0.24546951519309773,,0.23618278767991643,0.28034875922199864,0.46602830257144506,0.174582560296846,-0.34655846048074934,0.9999999903283479,0.935488339246751,0.561881092418798,homoscedastic,rbf
3,clip_b16|2,vit_sup_b16|2,1.0,0.25,539,256,768,768,0.3785642182339395,0.2833333333333333,0.3785642182339395,,0.3872391028737999,0.3016096579476861,0.6524438804852378,0.35955473098330243,-0.16144569458484476,0.9999999987895334,0.9753617062098018,0.6941433496156298,homoscedastic,rbf
3,convnext_s|2,dinov2_b|2,1.0,0.25,539,256,768,768,0.6732547590409972,0.5333333333333333,0.6732547590409972,,0.5802235357822617,0.517907444668008,0.7176868170483206,0.40760667903525044,-0.2842733012873234,0.9999999992897914,0.9807418503043273,0.7154480847105191,homoscedastic,rbf
3,convnext_s|2,mae_b16|2,1.0,0.25,539,256,768,768,0.15929527582021058,0.15,0.15929527582021058,,0.13287522656749037,0.26066398390342055,0.292634591805052,0.13339517625231911,-0.6287365917905503,0.9999999909625217,0.9432818223610904,0.5623239242469316,homoscedastic,rbf
3,convnext_s|2,vit_sup_b16|2,1.0,0.25,539,256,768,768,0.6825209514470872,0.5833333333333334,0.6825209514470872,,0.5973935416511299,0.5772300469483568,0.7327721688431559,0.4723562152133581,-0.10979071622140901,0.9999999995384045,0.9851550680856744,0.7478399736420256,homoscedastic,rbf
3,dinov2_b|2,mae_b16|2,1.0,0.25,539,256,768,768,0.2784942735952044,0.21666666666666667,0.2784942735952044,,0.2754790747291728,0.21596244131455397,0.3322298727986069,0.14230055658627086,-0.5356000438191012,0.9999999908910654,0.9420182792895729,0.5821712755372827,homoscedastic,rbf
3,dinov2_b|2,vit_sup_b16|2,1.0,0.25,539,256,768,768,0.60098889163581,0.48333333333333334,0.60098889163581,,0.5047396784119687,0.5216968477531857,0.8470811858697087,0.4992578849721707,-0.009027914786346125,0.9999999993955797,0.9831833659904232,0.7555246267182896,homoscedastic,rbf
3,mae_b16|2,vit_sup_b16|2,1.0,0.25,539,256,768,768,0.2621967283242453,0.13333333333333333,0.2621967283242453,,0.24687085571987663,0.35405767940979205,0.32827578184739137,0.13654916512059367,-0.4377247539980137,0.9999999910904617,0.9460186875211251,0.5854339601522062,homoscedastic,rbf
3,clip_b16|2,convnext_s|2,1.0,1.0,539,1024,768,768,0.3056859602387784,0.23333333333333334,0.3056859602387784,,0.2916517783318796,0.4186787391012743,0.5724530234068614,0.32170686456400743,-0.42856268332174496,0.99999999866839,0.972461594713746,0.6613664021698985,homoscedastic,rbf
3,clip_b16|2,dinov2_b|2,1.0,1.0,539,1024,768,768,0.33292903591398865,0.2833333333333333,0.33292903591398865,,0.3278182726073014,0.38474178403755865,0.6643430863069049,0.376808905380334,-0.1966519440654616,0.9999999985534712,0.9713112997682651,0.6902425673612619,homoscedastic,rbf
3,clip_b16|2,mae_b16|2,1.0,1.0,539,1024,768,768,0.2738650940697057,0.16666666666666666,0.2738650940697057,,0.26120062125697535,0.2903755868544601,0.46602830257144506,0.174582560296846,-0.34655846048074934,0.9999999903283479,0.935488339246751,0.561881092418798,homoscedastic,rbf
3,clip_b16|2,vit_sup_b16|2,1.0,1.0,539,1024,768,768,0.3793796093878038,0.3,0.3793796093878038,,0.37635543291818924,0.36854460093896707,0.6524438804852378,0.35955473098330243,-0.16144569458484476,0.9999999987895334,0.9753617062098018,0.6941433496156298,homoscedastic,rbf
3,convnext_s|2,dinov2_b|2,1.0,1.0,539,1024,768,768,0.7060917391437198,0.5833333333333334,0.7060917391437198,,0.6141215179940792,0.5308517773306506,0.7176868170483206,0.40760667903525044,-0.2842733012873234,0.9999999992897914,0.9807418503043273,0.7154480847105191,homoscedastic,rbf
3,convnext_s|2,mae_b16|2,1.0,1.0,539,1024,768,768,0.18315128653135146,0.16666666666666666,0.18315128653135146,,0.14529477281644063,0.33293091884641174,0.292634591805052,0.13339517625231911,-0.6287365917905503,0.9999999909625217,0.9432818223610904,0.5623239242469316,homoscedastic,rbf
3,convnext_s|2,vit_sup_b16|2,1.0,1.0,539,1024,768,768,0.70083539120942,0.5833333333333334,0.70083539120942,,0.6143595962478153,0.5941649899396377,0.7327721688431559,0.4723562152133581,-0.10979071622140901,0.9999999995384045,0.9851550680856744,0.7478399736420256,homoscedastic,rbf
3,dinov2_b|2,mae_b16|2,1.0,1.0,539,1024,768,768,0.3030729529804249,0.21666666666666667,0.3030729529804249,,0.29243426705619524,0.2756874580818242,0.3322298727986069,0.14230055658627086,-0.5356000438191012,0.9999999908910654,0.9420182792895729,0.5821712755372827,homoscedastic,rbf
3,dinov2_b|2,vit_sup_b16|2,1.0,1.0,539,1024,768,768,0.6352736535379264,0.55,0.6352736535379264,,0.5393707827643341,0.5535211267605633,0.8470811858697087,0.4992578849721707,-0.009027914786346125,0.9999999993955797,0.9831833659904232,0.7555246267182896,homoscedastic,rbf
3,mae_b16|2,vit_sup_b16|2,1.0,1.0,539,1024,768,768,0.28926024794513316,0.15,0.28926024794513316,,0.26724701449707694,0.4010060362173038,0.32827578184739137,0.13654916512059367,-0.4377247539980137,0.9999999910904617,0.9460186875211251,0.5854339601522062,homoscedastic,rbf
3,clip_b16|2,convnext_s|2,10.0,0.1,539,102,768,768,0.3547113741982616,0.23333333333333334,0.3547113741982616,,0.37347612084031817,0.39714956405097246,0.5724530234068614,0.32170686456400743,-0.42856268332174496,0.99999999866839,0.972461594713746,0.6613664021698985,homoscedastic,rbf
3,clip_b16|2,dinov2_b|2,10.0,0.1,539,102,768,768,0.3788211078364106,0.31666666666666665,0.3788211078364106,,0.3990442013313576,0.30167672702883963,0.6643430863069049,0.376808905380334,-0.1966519440654616,0.9999999985534712,0.9713112997682651,0.6902425673612619,homoscedastic,rbf
3,clip_b16|2,mae_b16|2,10.0,0.1,539,102,768,768,0.19534354262095172,0.16666666666666666,0.19534354262095172,,0.1929002908494295,0.1686452045606975,0.46602830257144506,0.174582560296846,-0.34655846048074934,0.9999999903283479,0.935488339246751,0.561881092418798,homoscedastic,rbf
3,clip_b16|2,vit_sup_b16|2,10.0,0.1,539,102,768,768,0.3821466170739363,0.3333333333333333,0.3821466170739363,,0.39845423417756404,0.25650570087189806,0.6524438804852378,0.35955473098330243,-0.16144569458484476,0.9999999987895334,0.9753617062098018,0.6941433496156298,homoscedastic,rbf
3,convnext_s|2,dinov2_b|2,10.0,0.1,539,102,768,768,0.689287414687263,0.48333333333333334,0.689287414687263,,0.6212776460975269,0.4928571428571428,0.7176868170483206,0.40760667903525044,-0.2842733012873234,0.9999999992897914,0.9807418503043273,0.7154480847105191,homoscedastic,rbf
3,convnext_s|2,mae_b16|2,10.0,0.1,539,102,768,768,0.15571204364456565,0.11666666666666667,0.15571204364456565,,0.14224596069479617,0.13812877263581488,0.292634591805052,0.13339517625231911,-0.6287365917905503,0.9999999909625217,0.9432818223610904,0.5623239242469316,homoscedastic,rbf
3,convnext_s|2,vit_sup_b16|2,10.0,0.1,539,102,768,768,0.6876769102136394,0.5,0.6876769102136394,,0.6238053124604823,0.5719315895372233,0.7327721688431559,0.4723562152133581,-0.10979071622140901,0.9999999995384045,0.9851550680856744,0.7478399736420256,homoscedastic,rbf
3,dinov2_b|2,mae_b16|2,10.0,0.1,539,102,768,768,0.28659062941841507,0.18333333333333332,0.28659062941841507,,0.29297835327991906,0.20466130114017433,0.3322298727986069,0.14230055658627086,-0.5356000438191012,0.9999999908910654,0.9420182792895729,0.5821712755372827,homoscedastic,rbf
3,dinov2_b|2,vit_sup_b16|2,10.0,0.1,539,102,768,768,0.6274340206500574,0.43333333333333335,0.6274340206500574,,0.5645616831005781,0.4966465459423205,0.8470811858697087,0.4992578849721707,-0.009027914786346125,0.9999999993955797,0.9831833659904232,0.7555246267182896,homoscedastic,rbf
3,mae_b16|2,vit_sup_b16|2,10.0,0.1,539,102,768,768,0.23112547534854258,0.13333333333333333,0.23112547534854258,,0.22177074450320522,0.30328638497652577,0.32827578184739137,0.13654916512059367,-0.4377247539980137,0.9999999910904617,0.9460186875211251,0.5854339601522062,homoscedastic,rbf
3,clip_b16|2,convnext_s|2,10.0,0.25,539,256,768,768,0.32364906569184915,0.23333333333333334,0.32364906569184915,,0.32046516453906687,0.4331321260898725,0.5724530234068614,0.32170686456400743,-0.42856268332174496,0.99999999866839,0.972461594713746,0.6613664021698985,homoscedastic,rbf
3,clip_b16|2,dinov2_b|2,10.0,0.25,539,256,768,768,0.3525127569798805,0.2833333333333333,0.3525127569798805,,0.35852015356331085,0.3576794097920858,0.6643430863069049,0.376808905380334,-0.1966519440654616,0.9999999985534712,0.9713112997682651,0.6902425673612619,homoscedastic,rbf
3,clip_b16|2,mae_b16|2,10.0,0.25,539,256,768,768,0.25003241675671317,0.18333333333333332,0.25003241675671317,,0.242063652900226,0.2762910798122066,0.46602830257144506,0.174582560296846,-0.34655846048074934,0.9999999903283479,0.935488339246751,0.561881092418798,homoscedastic,rbf
3,clip_b16|2,vit_sup_b16|2,10.0,0.25,539,256,768,768,0.375291431365087,0.2833333333333333,0.375291431365087,,0.3785586903021008,0.31505700871898057,0.6524438804852378,0.35955473098330243,-0.16144569458484476,0.9999999987895334,0.9753617062098018,0.6941433496156298,homoscedastic,rbf
3,convnext_s|2,dinov2_b|2,10.0,0.25,539,256,768,768,0.6881591337753715,0.55,0.6881591337753715,,0.5958901711050657,0.5317236753856471,0.7176868170483206,0.40760667903525044,-0.2842733012873234,0.9999999992897914,0.9807418503043273,0.7154480847105191,homoscedastic,rbf
3,convnext_s|2,mae_b16|2,10.0,0.25,539,256,768,768,0.16694929708138076,0.15,0.16694929708138076,,0.14296133031999922,0.24691482226693492,0.292634591805052,0.13339517625231911,-0.6287365917905503,0.9999999909625217,0.9432818223610904,0.5623239242469316,homoscedastic,rbf
3,convnext_s|2,vit_sup_b16|2,10.0,0.25,539,256,768,768,0.6935509265303514,0.5833333333333334,0.6935509265303514,,0.6088925510769859,0.588095238095238,0.7327721688431559,0.4723562152133581,-0.10979071622140901,0.9999999995384045,0.9851550680856744,0.7478399736420256,homoscedastic,rbf
3,dinov2_b|2,mae_b16|2,10.0,0.25,539,256,768,768,0.28343884288567467,0.21666666666666667,0.28343884288567467,,0.28168645653308777,0.22075788061703552,0.3322298727986069,0.14230055658627086,-0.5356000438191012,0.9999999908910654,0.9420182792895729,0.5821712755372827,homoscedastic,rbf
3,dinov2_b|2,vit_sup_b16|2,10.0,0.25,539,256,768,768,0.61618876719102,0.48333333333333334,0.61618876719102,,0.5203846702571602,0.5282025486250838,0.8470811858697087,0.4992578849721707,-0.009027914786346125,0.9999999993955797,0.9831833659904232,0.7555246267182896,homoscedastic,rbf
3,mae_b16|2,vit_sup_b16|2,10.0,0.25,539,256,768,768,0.27370364917680323,0.13333333333333333,0.27370364917680323,,0.26186548943441623,0.35389000670690807,0.32827578184739137,0.13654916512059367,-0.4377247539980137,0.9999999910904617,0.9460186875211251,0.5854339601522062,homoscedastic,rbf
3,clip_b16|2,convnext_s|2,10.0,1.0,539,1024,768,768,0.29332275922988676,0.23333333333333334,0.29332275922988676,,0.28704520325414146,0.4192488262910798,0.5724530234068614,0.32170686456400743,-0.42856268332174496,0.99999999866839,0.972461594713746,0.6613664021698985,homoscedastic,rbf
3,clip_b16|2,dinov2_b|2,10.0,1.0,539,1024,768,768,0.3201241114558651,0.2833333333333333,0.3201241114558651,,0.3228595654443641,0.38695506371562705,0.6643430863069049,0.376808905380334,-0.1966519440654616,0.9999999985534712,0.9713112997682651,0.6902425673612619,homoscedastic,rbf
3,clip_b16|2,mae_b16|2,10.0,1.0,539,1024,768,768,0.27800516112544754,0.16666666666666666,0.27800516112544754,,0.26777091635403866,0.28547954393024816,0.46602830257144506,0.174582560296846,-0.34655846048074934,0.9999999903283479,0.935488339246751,0.561881092418798,homoscedastic,rbf
3,clip_b16|2,vit_sup_b16|2,10.0,1.0,539,1024,768,768,0.3566890463584621,0.2833333333333333,0.3566890463584621,,0.35870246135788103,0.36167002012072424,0.6524438804852378,0.35955473098330243,-0.16144569458484476,0.9999999987895334,0.9753617062098018,0.6941433496156298,homoscedastic,rbf
3,convnext_s|2,dinov2_b|2,10.0,1.0,539,1024,768,768,0.714639429553971,0.55,0.714639429553971,,0.6261796100607315,0.5405432595573441,0.7176868170483206,0.40760667903525044,-0.2842733012873234,0.9999999992897914,0.9807418503043273,0.7154480847105191,homoscedastic,rbf
3,convnext_s|2,mae_b16|2,10.0,1.0,539,1024,768,768,0.19179581054391817,0.18333333333333332,0.19179581054391817,,0.15440084044784977,0.33581488933601605,0.292634591805052,0.13339517625231911,-0.6287365917905503,0.9999999909625217,0.9432818223610904,0.5623239242469316,homoscedastic,rbf
3,convnext_s|2,vit_sup_b16|2,10.0,1.0,539,1024,768,768,0.699371331587032,0.5666666666666667,0.699371331587032,,0.6148387520387021,0.5873239436619717,0.7327721688431559,0.4723562152133581,-0.10979071622140901,0.9999999995384045,0.9851550680856744,0.7478399736420256,homoscedastic,rbf
3,dinov2_b|2,mae_b16|2,10.0,1.0,539,1024,768,768,0.3074757429881749,0.21666666666666667,0.3074757429881749,,0.29602732752499133,0.269215291750503,0.3322298727986069,0.14230055658627086,-0.5356000438191012,0.9999999908910654,0.9420182792895729,0.5821712755372827,homoscedastic,rbf
3,dinov2_b|2,vit_sup_b16|2,10.0,1.0,539,1024,768,768,0.6332380367723243,0.5166666666666667,0.6332380367723243,,0.5394006134750509,0.5627095908786048,0.8470811858697087,0.4992578849721707,-0.009027914786346125,0.9999999993955797,0.9831833659904232,0.7555246267182896,homoscedastic,rbf
3,mae_b16|2,vit_sup_b16|2,10.0,1.0,539,1024,768,768,0.298038827885633,0.16666666666666666,0.298038827885633,,0.27594047800471455,0.4083165660630449,0.32827578184739137,0.13654916512059367,-0.4377247539980137,0.9999999910904617,0.9460186875211251,0.5854339601522062,homoscedastic,rbf
4,clip_b16|2,convnext_s|2,0.1,0.1,539,102,768,768,0.1296946935963711,0.2833333333333333,0.06883014117984927,0.15806253332026354,0.21757434169782136,0.38504359490274975,0.5772309148523915,0.3426716141001855,-0.41037559545234337,0.9999999987413917,0.973196073951335,0.6658974553582013,heteroscedastic,rbf
4,clip_b16|2,dinov2_b|2,0.1,0.1,539,102,768,768,0.1541290392473312,0.18333333333333332,0.11743085993780733,0.18917587485851542,0.2324924531544355,0.24818913480885307,0.6768188847405772,0.38998144712430427,-0.28376105614141844,0.9999999985697298,0.971160627688325,0.688232224496236,heteroscedastic,rbf
4,clip_b16|2,mae_b16|2,0.1,0.1,539,102,768,768,0.2552084311345309,0.18333333333333332,0.09993869871993366,0.36025261542250997,0.2750423952763718,0.3126089872568746,0.4682288900523749,0.16326530612244897,-0.3407569509533317,0.9999999903631351,0.9351081040011929,0.5603889178650237,heteroscedastic,rbf
4,clip_b16|2,vit_sup_b16|2,0.1,0.1,539,102,768,768,0.3253939594276651,0.38333333333333336,0.13590391352332118,0.4147122735024975,0.3967969274367962,0.21727028839704893,0.6727900428241362,0.38701298701298703,-0.19269334934366988,0.9999999988794037,0.9759711608450741,0.6963173858463764,heteroscedastic,rbf
4,convnext_s|2,dinov2_b|2,0.1,0.1,539,102,768,768,0.42437695660265723,0.31666666666666665,0.48383854921382147,0.32289649822008,0.3490782472511973,0.3803152246814218,0.7137197159494988,0.40519480519480516,-0.3702083620689325,0.9999999992274706,0.9802829910863285,0.7141405227844825,heteroscedastic,rbf
4,convnext_s|2,mae_b16|2,0.1,0.1,539,102,768,768,0.11624382289950805,0.21666666666666667,0.07571723486118072,0.14608078298046318,0.07985097614515883,0.2984238765928906,0.31505486487738404,0.14100185528756956,-0.5989437020577326,0.9999999909061422,0.9422211033914984,0.5591733363420667,heteroscedastic,rbf
4,convnext_s|2,vit_sup_b16|2,0.1,0.1,539,102,768,768,0.4869980749946527,0.5166666666666667,0.5298085786208236,0.3826550032828052,0.4496246032029104,0.5210932260228034,0.7449353005886025,0.47625231910946186,-0.1332631339599889,0.9999999995419145,0.985191807882503,0.7492936813389767,heteroscedastic,rbf
4,dinov2_b|2,mae_b16|2,0.1,0.1,539,102,768,768,0.18335467598521107,0.23333333333333334,0.18771005482969083,0.15852779520880791,0.17075252831485668,0.14953051643192486,0.36314385415564915,0.14304267161410017,-0.4997396478795272,0.9999999907634902,0.9407996118643918,0.5791872934605417,heteroscedastic,rbf
4,dinov2_b|2,vit_sup_b16|2,0.1,0.1,539,102,768,768,0.3713633648982358,0.36666666666666664,0.3521283189808783,0.3725382102609516,0.328371843051552,0.4104963112005365,0.848007453664737,0.49795918367346936,-0.09399814246629579,0.9999999993527614,0.9828595954113635,0.7548165240401382,heteroscedastic,rbf
4,mae_b16|2,vit_sup_b16|2,0.1,0.1,539,102,768,768,0.19062569618248937,0.23333333333333334,0.09317632825280928,0.2711016234176976,0.1709969293822773,0.27971160295103953,0.37122875330829336,0.1417439703153989,-0.4124905597191555,0.9999999910548201,0.945050332132698,0.5838539803389907,heteroscedastic,rbf
4,clip_b16|2,convnext_s|2,0.1,0.25,539,256,768,768,0.220328278689663,0.23333333333333334,0.20225558518281028,0.12225859233423787,0.29716875751847394,0.40868544600938966,0.5772309148523915,0.3426716141001855,-0.41037559545234337,0.9999999987413917,0.973196073951335,0.6658974553582013,heteroscedastic,rbf
4,clip_b16|2,dinov2_b|2,0.1,0.25,539,256,768,768,0.2519790888308023,0.2,0.20454984534501156,0.22921464854435303,0.3214587379663886,0.2822937625754527,0.6768188847405772,0.38998144712430427,-0.28376105614141844,0.9999999985697298,0.971160627688325,0.688232224496236,heteroscedastic,rbf
4,clip_b16|2,mae_b16|2,0.1,0.25,539,256,768,768,0.32433795649432356,0.26666666666666666,0.14455043122062874,0.3865077962085903,0.3419539764013138,0.33581488933601605,0.4682288900523749,0.16326530612244897,-0.3407569509533317,0.9999999903631351,0.9351081040011929,0.5603889178650237,heteroscedastic,rbf
4,clip_b16|2,vit_sup_b16|2,0.1,0.25,539,256,768,768,0.4004446123461454,0.3333333333333333,0.26646647452582267,0.4066363771682084,0.47057840775339077,0.26418511066398387,0.6727900428241362,0.38701298701298703,-0.19269334934366988,0.9999999988794037,0.9759711608450741,0.6963173858463764,heteroscedastic,rbf
4,convnext_s|2,dinov2_b|2,0.1,0.25,539,256,768,768,0.5141120392001088,0.45,0.568279400128066,0.3675666663594709,0.4287792592256336,0.4280684104627766,0.7137197159494988,0.40519480519480516,-0.3702083620689325,0.9999999992274706,0.9802829910863285,0.7141405227844825,heteroscedastic,rbf
4,convnext_s|2,mae_b16|2,0.1,0.25,539,256,768,768,0.2028130078139106,0.2,0.17454438735651667,0.17157579398225914,0.1760176487563512,0.3062038900067069,0.31505486487738404,0.14100185528756956,-0.5989437020577326,0.9999999909061422,0.9422211033914984,0.5591733363420667,heteroscedastic,rbf
4,convnext_s|2,vit_sup_b16|2,0.1,0.25,539,256,768,768,0.5627900633057313,0.4666666666666667,0.6103244223329316,0.40200665832769905,0.5164025135616247,0.5396042924211938,0.7449353005886025,0.47625231910946186,-0.1332631339599889,0.9999999995419145,0.985191807882503,0.7492936813389767,heteroscedastic,rbf
4,dinov2_b|2,mae_b16|2,0.1,0.25,539,256,768,768,0.27564671012975034,0.21666666666666667,0.3016359049019638,0.18654795506787766,0.2681879788720749,0.20804828973843056,0.36314385415564915,0.14304267161410017,-0.4997396478795272,0.9999999907634902,0.9407996118643918,0.5791872934605417,heteroscedastic,rbf
4,dinov2_b|2,vit_sup_b16|2,0.1,0.25,539,256,768,768,0.47781188281078546,0.4,0.4825158361640172,0.3892770260326035,0.42177909385973733,0.47337357478202546,0.848007453664737,0.49795918367346936,-0.09399814246629579,0.9999999993527614,0.9828595954113635,0.7548165240401382,heteroscedastic,rbf
4,mae_b16|2,vit_sup_b16|2,0.1,0.25,539,256,768,768,0.2817686160239334,0.25,0.20937019988602382,0.2788865216200162,0.2657695836994621,0.3213950368879946,0.37122875330829336,0.1417439703153989,-0.4124905597191555,0.9999999910548201,0.945050332132698,0.5838539803389907,heteroscedastic,rbf
4,clip_b16|2,convnext_s|2,0.1,1.0,539,1024,768,768,0.27676576879380216,0.23333333333333334,0.2684918788833355,0.2473140621077145,0.3223814634557582,0.43192488262910794,0.5772309148523915,0.3426716141001855,-0.41037559545234337,0.9999999987413917,0.973196073951335,0.6658974553582013,heteroscedastic,rbf
4,clip_b16|2,dinov2_b|2,0.1,1.0,539,1024,768,768,0.2965851016252823,0.25,0.29713939939841716,0.2871858330268358,0.3420167992295895,0.3315560026827632,0.6768188847405772,0.38998144712430427,-0.28376105614141844,0.9999999985697298,0.971160627688325,0.688232224496236,heteroscedastic,rbf
4,clip_b16|2,mae_b16|2,0.1,1.0,539,1024,768,768,0.3485775793821649,0.21666666666666667,0.1726623967236973,0.40873536177463055,0.35787944177661335,0.2911804158283031,0.4682288900523749,0.16326530612244897,-0.3407569509533317,0.9999999903631351,0.9351081040011929,0.5603889178650237,heteroscedastic,rbf
4,clip_b16|2,vit_sup_b16|2,0.1,1.0,539,1024,768,768,0.4176197156103211,0.3,0.32213508171077837,0.4555251804146528,0.4684287321623699,0.30684104627766595,0.6727900428241362,0.38701298701298703,-0.19269334934366988,0.9999999988794037,0.9759711608450741,0.6963173858463764,heteroscedastic,rbf
4,convnext_s|2,dinov2_b|2,0.1,1.0,539,1024,768,768,0.6279389664971291,0.5166666666666667,0.6566635893220395,0.5470829112882978,0.5332428414400451,0.5067739771965123,0.7137197159494988,0.40519480519480516,-0.3702083620689325,0.9999999992274706,0.9802829910863285,0.7141405227844825,heteroscedastic,rbf
4,convnext_s|2,mae_b16|2,0.1,1.0,539,1024,768,768,0.20234167317131432,0.23333333333333334,0.20341799116190457,0.15952310935693043,0.19184786661781345,0.30586854460093893,0.31505486487738404,0.14100185528756956,-0.5989437020577326,0.9999999909061422,0.9422211033914984,0.5591733363420667,heteroscedastic,rbf
4,convnext_s|2,vit_sup_b16|2,0.1,1.0,539,1024,768,768,0.6530055361264892,0.5166666666666667,0.6779226072687037,0.5503944812008783,0.5829245931512579,0.5859825620389,0.7449353005886025,0.47625231910946186,-0.1332631339599889,0.9999999995419145,0.985191807882503,0.7492936813389767,heteroscedastic,rbf
4,dinov2_b|2,mae_b16|2,0.1,1.0,539,1024,768,768,0.2886944130400362,0.23333333333333334,0.3679394125536611,0.15771623995784156,0.2964295557493832,0.20660630449362838,0.36314385415564915,0.14304267161410017,-0.4997396478795272,0.9999999907634902,0.9407996118643918,0.5791872934605417,heteroscedastic,rbf
4,dinov2_b|2,vit_sup_b16|2,0.1,1.0,539,1024,768,768,0.5611556698768607,0.45,0.5679109814117482,0.5069223763879311,0.4763950720962884,0.49812206572769946,0.848007453664737,0.49795918367346936,-0.09399814246629579,0.9999999993527614,0.9828595954113635,0.7548165240401382,heteroscedastic,rbf
4,mae_b16|2,vit_sup_b16|2,0.1,1.0,539,1024,768,768,0.309397581659949,0.18333333333333332,0.2762390954799337,0.2737742262228414,0.3050896218308923,0.34768611670020116,0.37122875330829336,0.1417439703153989,-0.4124905597191555,0.9999999910548201,0.945050332132698,0.5838539803389907,heteroscedastic,rbf
4,clip_b16|2,convnext_s|2,1.0,0.1,539,102,768,768,0.12801907783077174,0.2,0.11931249113773273,0.2153455993793529,0.17884937760816064,0.36649899396378266,0.5772309148523915,0.3426716141001855,-0.41037559545234337,0.9999999987413917,0.973196073951335,0.6658974553582013,heteroscedastic,rbf
4,clip_b16|2,dinov2_b|2,1.0,0.1,539,102,768,768,0.15338131494809706,0.16666666666666666,0.15955675454381588,0.2735837648735093,0.20615898796071427,0.31136820925553316,0.6768188847405772,0.38998144712430427,-0.28376105614141844,0.9999999985697298,0.971160627688325,0.688232224496236,heteroscedastic,rbf
4,clip_b16|2,mae_b16|2,1.0,0.1,539,102,768,768,0.23494487484687454,0.15,0.09765665927612732,0.36576258964878866,0.23953614866069836,0.22696177062374243,0.4682288900523749,0.16326530612244897,-0.3407569509533317,0.9999999903631351,0.9351081040011929,0.5603889178650237,heteroscedastic,rbf
4,clip_b16|2,vit_sup_b16|2,1.0,0.1,539,102,768,768,0.29096603046119573,0.3,0.2107263401949672,0.4351290599056796,0.3489294990061834,0.25536552649228705,0.6727900428241362,0.38701298701298703,-0.19269334934366988,0.9999999988794037,0.9759711608450741,0.6963173858463764,heteroscedastic,rbf
4,convnext_s|2,dinov2_b|2,1.0,0.1,539,102,768,768,0.5550651529587581,0.45,0.5746604122946897,0.5320638330374479,0.4506313896895984,0.458450704225352,0.7137197159494988,0.40519480519480516,-0.3702083620689325,0.9999999992274706,0.9802829910863285,0.7141405227844825,heteroscedastic,rbf
4,convnext_s|2,mae_b16|2,1.0,0.1,539,102,768,768,0.10908330300917501,0.21666666666666667,0.10886844953768844,0.1668449798214299,0.07944923429105046,0.3054996646545942,0.31505486487738404,0.14100185528756956,-0.5989437020577326,0.9999999909061422,0.9422211033914984,0.5591733363420667,heteroscedastic,rbf
4,convnext_s|2,vit_sup_b16|2,1.0,0.1,539,102,768,768,0.567900133055925,0.48333333333333334,0.5950790761352553,0.5350983682600908,0.48620605239180686,0.5498993963782695,0.7449353005886025,0.47625231910946186,-0.1332631339599889,0.9999999995419145,0.985191807882503,0.7492936813389767,heteroscedastic,rbf
4,dinov2_b|2,mae_b16|2,1.0,0.1,539,102,768,768,0.1795844988458301,0.21666666666666667,0.24456191510159103,0.1726627083101191,0.16562107863958989,0.19349429912810193,0.36314385415564915,0.14304267161410017,-0.4997396478795272,0.9999999907634902,0.9407996118643918,0.5791872934605417,heteroscedastic,rbf
4,dinov2_b|2,vit_sup_b16|2,1.0,0.1,539,102,768,768,0.4822658396273322,0.4166666666666667,0.47223605539651653,0.5265588856503012,0.39580611010774724,0.4624077800134137,0.848007453664737,0.49795918367346936,-0.09399814246629579,0.9999999993527614,0.9828595954113635,0.7548165240401382,heteroscedastic,rbf
4,mae_b16|2,vit_sup_b16|2,1.0,0.1,539,102,768,768,0.18870202417228937,0.21666666666666667,0.13167231006262942,0.28573195944234475,0.17184224093486852,0.2506706908115358,0.37122875330829336,0.1417439703153989,-0.4124905597191555,0.9999999910548201,0.945050332132698,0.5838539803389907,heteroscedastic,rbf
4,clip_b16|2,convnext_s|2,1.0,0.25,539,256,768,768,0.22591896088600244,0.23333333333333334,0.24485808780622112,0.238791894166046,0.24813866092533565,0.42139503688799457,0.5772309148523915,0.3426716141001855,-0.41037559545234337,0.9999999987413917,0.973196073951335,0.6658974553582013,heteroscedastic,rbf
4,clip_b16|2,dinov2_b|2,1.0,0.25,539,256,768,768,0.23370381584393288,0.25,0.2489250710014753,0.28543593447124216,0.25876836453128493,0.3381623071763916,0.6768188847405772,0.38998144712430427,-0.28376105614141844,0.9999999985697298,0.971160627688325,0.688232224496236,heteroscedastic,rbf
4,clip_b16|2,mae_b16|2,1.0,0.25,539,256,768,768,0.3047579021052836,0.18333333333333332,0.15533413690547326,0.38685017980724307,0.3086503386758407,0.2836351441985245,0.4682288900523749,0.16326530612244897,-0.3407569509533317,0.9999999903631351,0.9351081040011929,0.5603889178650237,heteroscedastic,rbf
4,clip_b16|2,vit_sup_b16|2,1.0,0.25,539,256,768,768,0.3517031436198434,0.26666666666666666,0.30400061391138294,0.4295129635199491,0.38674649083840507,0.294131455399061,0.6727900428241362,0.38701298701298703,-0.19269334934366988,0.9999999988794037,0.9759711608450741,0.6963173858463764,heteroscedastic,rbf
4,convnext_s|2,dinov2_b|2,1.0,0.25,539,256,768,768,0.616798768885469,0.55,0.625509383804421,0.5952623716794585,0.5128176403259329,0.5015425888665325,0.7137197159494988,0.40519480519480516,-0.3702083620689325,0.9999999992274706,0.9802829910863285,0.7141405227844825,heteroscedastic,rbf
4,convnext_s|2,mae_b16|2,1.0,0.25,539,256,768,768,0.17409503915288652,0.23333333333333334,0.19420680438817248,0.182635957147872,0.14449436945335223,0.2907780013413816,0.31505486487738404,0.14100185528756956,-0.5989437020577326,0.9999999909061422,0.9422211033914984,0.5591733363420667,heteroscedastic,rbf
4,convnext_s|2,vit_sup_b16|2,1.0,0.25,539,256,768,768,0.6408693913038647,0.5,0.6677096810194811,0.5985638879137751,0.5572325692996593,0.5723340040241448,0.7449353005886025,0.47625231910946186,-0.1332631339599889,0.9999999995419145,0.985191807882503,0.7492936813389767,heteroscedastic,rbf
4,dinov2_b|2,mae_b16|2,1.0,0.25,539,256,768,768,0.2508718635329542,0.21666666666666667,0.3438329672209781,0.17553806029358412,0.2385518162687617,0.2016767270288397,0.36314385415564915,0.14304267161410017,-0.4997396478795272,0.9999999907634902,0.9407996118643918,0.5791872934605417,heteroscedastic,rbf
4,dinov2_b|2,vit_sup_b16|2,1.0,0.25,539,256,768,768,0.5485120236445101,0.43333333333333335,0.543440430557475,0.5630325133162364,0.45290063130862795,0.4914822266934943,0.848007453664737,0.49795918367346936,-0.09399814246629579,0.9999999993527614,0.9828595954113635,0.7548165240401382,heteroscedastic,rbf
4,mae_b16|2,vit_sup_b16|2,1.0,0.25,539,256,768,768,0.27156253211814474,0.2,0.2589230563801046,0.284856172358026,0.254183595054587,0.31247484909456735,0.37122875330829336,0.1417439703153989,-0.4124905597191555,0.9999999910548201,0.945050332132698,0.5838539803389907,heteroscedastic,rbf
4,clip_b16|2,convnext_s|2,1.0,1.0,539,1024,768,768,0.28672490756918767,0.25,0.30078404894325833,0.31325111100126535,0.2869635741082401,0.45137491616364855,0.5772309148523915,0.3426716141001855,-0.41037559545234337,0.9999999987413917,0.973196073951335,0.6658974553582013,heteroscedastic,rbf
4,clip_b16|2,dinov2_b|2,1.0,1.0,539,1024,768,768,0.2906693629704527,0.3,0.3344571601818084,0.31450223540743505,0.2932653117471393,0.402280348759222,0.6768188847405772,0.38998144712430427,-0.28376105614141844,0.9999999985697298,0.971160627688325,0.688232224496236,heteroscedastic,rbf
4,clip_b16|2,mae_b16|2,1.0,1.0,539,1024,768,768,0.32499051386253847,0.23333333333333334,0.18541687296617146,0.4067302114986711,0.3247003148436968,0.3029845741113346,0.4682288900523749,0.16326530612244897,-0.3407569509533317,0.9999999903631351,0.9351081040011929,0.5603889178650237,heteroscedastic,rbf
4,clip_b16|2,vit_sup_b16|2,1.0,1.0,539,1024,768,768,0.3887475798543885,0.3,0.32762074653852646,0.47641337262087374,0.40159553771477297,0.36767270288397047,0.6727900428241362,0.38701298701298703,-0.19269334934366988,0.9999999988794037,0.9759711608450741,0.6963173858463764,heteroscedastic,rbf
4,convnext_s|2,dinov2_b|2,1.0,1.0,539,1024,768,768,0.6877690215806155,0.5833333333333334,0.698687045553267,0.6687676061549734,0.5907292960276518,0.5720657276995305,0.7137197159494988,0.40519480519480516,-0.3702083620689325,0.9999999992274706,0.9802829910863285,0.7141405227844825,heteroscedastic,rbf
4,convnext_s|2,mae_b16|2,1.0,1.0,539,1024,768,768,0.1847612354478762,0.2,0.22062009003434563,0.1770193022244601,0.16466990048864003,0.3305835010060362,0.31505486487738404,0.14100185528756956,-0.5989437020577326,0.9999999909061422,0.9422211033914984,0.5591733363420667,heteroscedastic,rbf
4,convnext_s|2,vit_sup_b16|2,1.0,1.0,539,1024,768,768,0.6912174756040987,0.5833333333333334,0.7043765088318953,0.6602325918466344,0.6059071292156145,0.6171696847753185,0.7449353005886025,0.47625231910946186,-0.1332631339599889,0.9999999995419145,0.985191807882503,0.7492936813389767,heteroscedastic,rbf
4,dinov2_b|2,mae_b16|2,1.0,1.0,539,1024,768,768,0.2714333095369709,0.26666666666666666,0.3787137729832625,0.19071352909520523,0.27172818710340557,0.252112676056338,0.36314385415564915,0.14304267161410017,-0.4997396478795272,0.9999999907634902,0.9407996118643918,0.5791872934605417,heteroscedastic,rbf
4,dinov2_b|2,vit_sup_b16|2,1.0,1.0,539,1024,768,768,0.6031865644071233,0.5,0.5992006931303928,0.6198179223012645,0.500813454299027,0.5308182427900737,0.848007453664737,0.49795918367346936,-0.09399814246629579,0.9999999993527614,0.9828595954113635,0.7548165240401382,heteroscedastic,rbf
4,mae_b16|2,vit_sup_b16|2,1.0,1.0,539,1024,768,768,0.30564868235745096,0.18333333333333332,0.3106303536406329,0.29883246075784065,0.30051044561245366,0.37451374916163643,0.37122875330829336,0.1417439703153989,-0.4124905597191555,0.9999999910548201,0.945050332132698,0.5838539803389907,heteroscedastic,rbf
4,clip_b16|2,convnext_s|2,10.0,0.1,539,102,768,768,0.23941849838471768,0.21666666666666667,0.13079026174083055,0.35824523099582517,0.25823822092235266,0.39909456740442656,0.5772309148523915,0.3426716141001855,-0.41037559545234337,0.9999999987413917,0.973196073951335,0.6658974553582013,heteroscedastic,rbf
4,clip_b16|2,dinov2_b|2,10.0,0.1,539,102,768,768,0.2823602287784132,0.23333333333333334,0.1761197817307808,0.4081410776817,0.31083260107585103,0.33303152246814216,0.6768188847405772,0.38998144712430427,-0.28376105614141844,0.9999999985697298,0.971160627688325,0.688232224496236,heteroscedastic,rbf
4,clip_b16|2,mae_b16|2,10.0,0.1,539,102,768,768,0.21092647479576332,0.15,0.08528210360257792,0.3882236239656231,0.20682636905128615,0.22162977867203218,0.4682288900523749,0.16326530612244897,-0.3407569509533317,0.9999999903631351,0.9351081040011929,0.5603889178650237,heteroscedastic,rbf
4,clip_b16|2,vit_sup_b16|2,10.0,0.1,539,102,768,768,0.35298220272834085,0.3,0.2063987681515858,0.5009879135238449,0.3827126167693989,0.31039570757880613,0.6727900428241362,0.38701298701298703,-0.19269334934366988,0.9999999988794037,0.9759711608450741,0.6963173858463764,heteroscedastic,rbf
4,convnext_s|2,dinov2_b|2,10.0,0.1,539,102,768,768,0.6355089875249653,0.48333333333333334,0.5902651913863345,0.6738273990101036,0.5442117072569689,0.4862843729040911,0.7137197159494988,0.40519480519480516,-0.3702083620689325,0.9999999992274706,0.9802829910863285,0.7141405227844825,heteroscedastic,rbf
4,convnext_s|2,mae_b16|2,10.0,0.1,539,102,768,768,0.13619287831355087,0.18333333333333332,0.09992827516600858,0.25503863824044987,0.09686558670847288,0.31643192488262906,0.31505486487738404,0.14100185528756956,-0.5989437020577326,0.9999999909061422,0.9422211033914984,0.5591733363420667,heteroscedastic,rbf
4,convnext_s|2,vit_sup_b16|2,10.0,0.1,539,102,768,768,0.6419430609529471,0.5,0.6125910061622972,0.6582581611431478,0.5607272208477757,0.5675385647216633,0.7449353005886025,0.47625231910946186,-0.1332631339599889,0.9999999995419145,0.985191807882503,0.7492936813389767,heteroscedastic,rbf
4,dinov2_b|2,mae_b16|2,10.0,0.1,539,102,768,768,0.22021233392314976,0.21666666666666667,0.2535599581691998,0.27248735540506686,0.19751813350540032,0.22850435949027495,0.36314385415564915,0.14304267161410017,-0.4997396478795272,0.9999999907634902,0.9407996118643918,0.5791872934605417,heteroscedastic,rbf
4,dinov2_b|2,vit_sup_b16|2,10.0,0.1,539,102,768,768,0.5720572557145991,0.43333333333333335,0.4796655333148465,0.6657151977265282,0.4869723287733417,0.48148893360160955,0.848007453664737,0.49795918367346936,-0.09399814246629579,0.9999999993527614,0.9828595954113635,0.7548165240401382,heteroscedastic,rbf
4,mae_b16|2,vit_sup_b16|2,10.0,0.1,539,102,768,768,0.2202806118905886,0.18333333333333332,0.1296156350433413,0.3746433387818684,0.19684264624343803,0.26991951710261564,0.37122875330829336,0.1417439703153989,-0.4124905597191555,0.9999999910548201,0.945050332132698,0.5838539803389907,heteroscedastic,rbf
4,clip_b16|2,convnext_s|2,10.0,0.25,539,256,768,768,0.2498461384614957,0.26666666666666666,0.22881659774840454,0.3229584959027072,0.2374385957517177,0.4296445338698859,0.5772309148523915,0.3426716141001855,-0.41037559545234337,0.9999999987413917,0.973196073951335,0.6658974553582013,heteroscedastic,rbf
4,clip_b16|2,dinov2_b|2,10.0,0.25,539,256,768,768,0.25514193094980814,0.2833333333333333,0.23687077003645188,0.3457133210399189,0.24666455365799095,0.37344064386317904,0.6768188847405772,0.38998144712430427,-0.28376105614141844,0.9999999985697298,0.971160627688325,0.688232224496236,heteroscedastic,rbf
4,clip_b16|2,mae_b16|2,10.0,0.25,539,256,768,768,0.244279511887533,0.18333333333333332,0.13098794983251327,0.37905913769042987,0.2311555833687303,0.2918846411804158,0.4682288900523749,0.16326530612244897,-0.3407569509533317,0.9999999903631351,0.9351081040011929,0.5603889178650237,heteroscedastic,rbf
4,clip_b16|2,vit_sup_b16|2,10.0,0.25,539,256,768,768,0.3295401376114933,0.26666666666666666,0.2565874614350969,0.4482977028182973,0.33015892959628024,0.3190140845070422,0.6727900428241362,0.38701298701298703,-0.19269334934366988,0.9999999988794037,0.9759711608450741,0.6963173858463764,heteroscedastic,rbf
4,convnext_s|2,dinov2_b|2,10.0,0.25,539,256,768,768,0.6639959555443209,0.5833333333333334,0.6393770237195159,0.6923915159243281,0.564022055271119,0.5151911468812876,0.7137197159494988,0.40519480519480516,-0.3702083620689325,0.9999999992274706,0.9802829910863285,0.7141405227844825,heteroscedastic,rbf
4,convnext_s|2,mae_b16|2,10.0,0.25,539,256,768,768,0.16682990786085516,0.18333333333333332,0.18031472303628784,0.2392476609140078,0.12350959932816051,0.3003688799463447,0.31505486487738404,0.14100185528756956,-0.5989437020577326,0.9999999909061422,0.9422211033914984,0.5591733363420667,heteroscedastic,rbf
4,convnext_s|2,vit_sup_b16|2,10.0,0.25,539,256,768,768,0.6763888233022869,0.55,0.6706595467802811,0.6802243310743276,0.5886944848852329,0.5899396378269617,0.7449353005886025,0.47625231910946186,-0.1332631339599889,0.9999999995419145,0.985191807882503,0.7492936813389767,heteroscedastic,rbf
4,dinov2_b|2,mae_b16|2,10.0,0.25,539,256,768,768,0.2456773491037475,0.25,0.33036537611687034,0.2543929686808373,0.22009333445738913,0.22246814218645206,0.36314385415564915,0.14304267161410017,-0.4997396478795272,0.9999999907634902,0.9407996118643918,0.5791872934605417,heteroscedastic,rbf
4,dinov2_b|2,vit_sup_b16|2,10.0,0.25,539,256,768,768,0.5825405070569639,0.45,0.531050419269485,0.6605917315757269,0.4789209551015379,0.5054661301140173,0.848007453664737,0.49795918367346936,-0.09399814246629579,0.9999999993527614,0.9828595954113635,0.7548165240401382,heteroscedastic,rbf
4,mae_b16|2,vit_sup_b16|2,10.0,0.25,539,256,768,768,0.26297717493659706,0.16666666666666666,0.24080548192672568,0.34885006865824447,0.232747149059522,0.3459087860496311,0.37122875330829336,0.1417439703153989,-0.4124905597191555,0.9999999910548201,0.945050332132698,0.5838539803389907,heteroscedastic,rbf
4,clip_b16|2,convnext_s|2,10.0,1.0,539,1024,768,768,0.27502009727804794,0.25,0.2629594877793715,0.3477637128680658,0.25404708712837254,0.44745137491616355,0.5772309148523915,0.3426716141001855,-0.41037559545234337,0.9999999987413917,0.973196073951335,0.6658974553582013,heteroscedastic,rbf
4,clip_b16|2,dinov2_b|2,10.0,1.0,539,1024,768,768,0.28865574626596185,0.25,0.3007024576763275,0.3652079617312322,0.272207586079434,0.4189134808853118,0.6768188847405772,0.38998144712430427,-0.28376105614141844,0.9999999985697298,0.971160627688325,0.688232224496236,heteroscedastic,rbf
4,clip_b16|2,mae_b16|2,10.0,1.0,539,1024,768,768,0.283097286381351,0.2,0.15914807934337363,0.42489106420697836,0.2702676982039967,0.30288397048960425,0.4682288900523749,0.16326530612244897,-0.3407569509533317,0.9999999903631351,0.9351081040011929,0.5603889178650237,heteroscedastic,rbf
4,clip_b16|2,vit_sup_b16|2,10.0,1.0,539,1024,768,768,0.34748657635160096,0.31666666666666665,0.26672598507526796,0.4868954492863145,0.3363887654949466,0.37719651240777996,0.6727900428241362,0.38701298701298703,-0.19269334934366988,0.9999999988794037,0.9759711608450741,0.6963173858463764,heteroscedastic,rbf
4,convnext_s|2,dinov2_b|2,10.0,1.0,539,1024,768,768,0.7066011294475818,0.6166666666666667,0.6996679379209071,0.7196408937831683,0.6115623186244151,0.5821931589537223,0.7137197159494988,0.40519480519480516,-0.3702083620689325,0.9999999992274706,0.9802829910863285,0.7141405227844825,heteroscedastic,rbf
4,convnext_s|2,mae_b16|2,10.0,1.0,539,1024,768,768,0.1897851938477607,0.2,0.20834258124216776,0.24580433475509098,0.1548705120182097,0.3552313883299798,0.31505486487738404,0.14100185528756956,-0.5989437020577326,0.9999999909061422,0.9422211033914984,0.5591733363420667,heteroscedastic,rbf
4,convnext_s|2,vit_sup_b16|2,10.0,1.0,539,1024,768,768,0.6874677429659527,0.5833333333333334,0.6870662206583698,0.6865626166820123,0.5939837617174707,0.6220321931589536,0.7449353005886025,0.47625231910946186,-0.1332631339599889,0.9999999995419145,0.985191807882503,0.7492936813389767,heteroscedastic,rbf
4,dinov2_b|2,mae_b16|2,10.0,1.0,539,1024,768,768,0.27848271800755,0.21666666666666667,0.3584902812041218,0.2917083126325305,0.2638808457654982,0.2746143527833668,0.36314385415564915,0.14304267161410017,-0.4997396478795272,0.9999999907634902,0.9407996118643918,0.5791872934605417,heteroscedastic,rbf
4,dinov2_b|2,vit_sup_b16|2,10.0,1.0,539,1024,768,768,0.6112153644871235,0.55,0.5659283495686177,0.685486873107779,0.505747032330654,0.5522468142186451,0.848007453664737,0.49795918367346936,-0.09399814246629579,0.9999999993527614,0.9828595954113635,0.7548165240401382,heteroscedastic,rbf
4,mae_b16|2,vit_sup_b16|2,10.0,1.0,539,1024,768,768,0.30309189747749293,0.2,0.2843076450837398,0.38255223234944125,0.2850878060485008,0.4039906103286384,0.37122875330829336,0.1417439703153989,-0.4124905597191555,0.9999999910548201,0.945050332132698,0.5838539803389907,heteroscedastic,rbf
4,clip_b16|2,convnext_s|2,0.1,0.1,539,102,768,768,0.1861952394312206,0.16666666666666666,0.1861952394312206,,0.2231749765731647,0.3694500335345405,0.5772309148523915,0.3426716141001855,-0.41037559545234337,0.9999999987413917,0.973196073951335,0.6658974553582013,homoscedastic,rbf
4,clip_b16|2,dinov2_b|2,0.1,0.1,539,102,768,768,0.2454218483940233,0.18333333333333332,0.2454218483940233,,0.28514827808707327,0.3039570757880617,0.6768188847405772,0.38998144712430427,-0.28376105614141844,0.9999999985697298,0.971160627688325,0.688232224496236,homoscedastic,rbf
4,clip_b16|2,mae_b16|2,0.1,0.1,539,102,768,768,0.19864010733363147,0.11666666666666667,0.19864010733363147,,0.19539091200913078,0.2532863849765258,0.4682288900523749,0.16326530612244897,-0.3407569509533317,0.9999999903631351,0.9351081040011929,0.5603889178650237,homoscedastic,rbf
4,clip_b16|2,vit_sup_b16|2,0.1,0.1,539,102,768,768,0.3127034797318881,0.23333333333333334,0.3127034797318881,,0.35330861491470683,0.2766264252179745,0.6727900428241362,0.38701298701298703,-0.19269334934366988,0.9999999988794037,0.9759711608450741,0.6963173858463764,homoscedastic,rbf
4,convnext_s|2,dinov2_b|2,0.1,0.1,539,102,768,768,0.5636484545790404,0.35,0.5636484545790404,,0.48925664787115725,0.4184104627766599,0.7137197159494988,0.40519480519480516,-0.3702083620689325,0.9999999992274706,0.9802829910863285,0.7141405227844825,homoscedastic,rbf
4,convnext_s|2,mae_b16|2,0.1,0.1,539,102,768,768,0.13687015797266103,0.16666666666666666,0.13687015797266103,,0.0770016569014322,0.29332662642521795,0.31505486487738404,0.14100185528756956,-0.5989437020577326,0.9999999909061422,0.9422211033914984,0.5591733363420667,homoscedastic,rbf
4,convnext_s|2,vit_sup_b16|2,0.1,0.1,539,102,768,768,0.5791129419803943,0.5333333333333333,0.5791129419803943,,0.5097712600557056,0.5418846411804157,0.7449353005886025,0.47625231910946186,-0.1332631339599889,0.9999999995419145,0.985191807882503,0.7492936813389767,homoscedastic,rbf
4,dinov2_b|2,mae_b16|2,0.1,0.1,539,102,768,768,0.21570759918777552,0.2,0.21570759918777552,,0.176136890537504,0.21589537223340038,0.36314385415564915,0.14304267161410017,-0.4997396478795272,0.9999999907634902,0.9407996118643918,0.5791872934605417,homoscedastic,rbf
4,dinov2_b|2,vit_sup_b16|2,0.1,0.1,539,102,768,768,0.49026552851535693,0.35,0.49026552851535693,,0.4277942783399858,0.4773306505700871,0.848007453664737,0.49795918367346936,-0.09399814246629579,0.9999999993527614,0.9828595954113635,0.7548165240401382,homoscedastic,rbf
4,mae_b16|2,vit_sup_b16|2,0.1,0.1,539,102,768,768,0.19959916555323762,0.15,0.19959916555323762,,0.1588999276929512,0.29500335345405765,0.37122875330829336,0.1417439703153989,-0.4124905597191555,0.9999999910548201,0.945050332132698,0.5838539803389907,homoscedastic,rbf
4,clip_b16|2,convnext_s|2,0.1,0.25,539,256,768,768,0.21948466523518118,0.21666666666666667,0.21948466523518118,,0.22526434224904104,0.403252850435949,0.5772309148523915,0.3426716141001855,-0.41037559545234337,0.9999999987413917,0.973196073951335,0.6658974553582013,homoscedastic,rbf
4,clip_b16|2,dinov2_b|2,0.1,0.25,539,256,768,768,0.23640904558068213,0.23333333333333334,0.23640904558068213,,0.24711833713242565,0.32981220657276994,0.6768188847405772,0.38998144712430427,-0.28376105614141844,0.9999999985697298,0.971160627688325,0.688232224496236,homoscedastic,rbf
4,clip_b16|2,mae_b16|2,0.1,0.25,539,256,768,768,0.20529234803430008,0.16666666666666666,0.20529234803430008,,0.190961375714559,0.3002012072434607,0.4682288900523749,0.16326530612244897,-0.3407569509533317,0.9999999903631351,0.9351081040011929,0.5603889178650237,homoscedastic,rbf
4,clip_b16|2,vit_sup_b16|2,0.1,0.25,539,256,768,768,0.3302254728485357,0.3,0.3302254728485357,,0.35032902949673644,0.3035211267605633,0.6727900428241362,0.38701298701298703,-0.19269334934366988,0.9999999988794037,0.9759711608450741,0.6963173858463764,homoscedastic,rbf
4,convnext_s|2,dinov2_b|2,0.1,0.25,539,256,768,768,0.6073248536801491,0.48333333333333334,0.6073248536801491,,0.514573599172522,0.4448021462105968,0.7137197159494988,0.40519480519480516,-0.3702083620689325,0.9999999992274706,0.9802829910863285,0.7141405227844825,homoscedastic,rbf
4,convnext_s|2,mae_b16|2,0.1,0.25,539,256,768,768,0.1442985119403109,0.2,0.1442985119403109,,0.09357707509881423,0.24208584842387654,0.31505486487738404,0.14100185528756956,-0.5989437020577326,0.9999999909061422,0.9422211033914984,0.5591733363420667,homoscedastic,rbf
4,convnext_s|2,vit_sup_b16|2,0.1,0.25,539,256,768,768,0.6264811846699574,0.5166666666666667,0.6264811846699574,,0.5465155622278353,0.5505700871898055,0.7449353005886025,0.47625231910946186,-0.1332631339599889,0.9999999995419145,0.985191807882503,0.7492936813389767,homoscedastic,rbf
4,dinov2_b|2,mae_b16|2,0.1,0.25,539,256,768,768,0.22427478965219347,0.23333333333333334,0.22427478965219347,,0.19432122163245322,0.20720992622401072,0.36314385415564915,0.14304267161410017,-0.4997396478795272,0.9999999907634902,0.9407996118643918,0.5791872934605417,homoscedastic,rbf
4,dinov2_b|2,vit_sup_b16|2,0.1,0.25,539,256,768,768,0.5332558145994849,0.4,0.5332558145994849,,0.4463049638951126,0.5022132796780684,0.848007453664737,0.49795918367346936,-0.09399814246629579,0.9999999993527614,0.9828595954113635,0.7548165240401382,homoscedastic,rbf
4,mae_b16|2,vit_sup_b16|2,0.1,0.25,539,256,768,768,0.21350681529670917,0.18333333333333332,0.21350681529670917,,0.17469723449856844,0.33688799463447344,0.37122875330829336,0.1417439703153989,-0.4124905597191555,0.9999999910548201,0.945050332132698,0.5838539803389907,homoscedastic,rbf
4,clip_b16|2,convnext_s|2,0.1,1.0,539,1024,768,768,0.2984608290578585,0.21666666666666667,0.2984608290578585,,0.28431601747042057,0.4114688128772635,0.5772309148523915,0.3426716141001855,-0.41037559545234337,0.9999999987413917,0.973196073951335,0.6658974553582013,homoscedastic,rbf
4,clip_b16|2,dinov2_b|2,0.1,1.0,539,1024,768,768,0.3183550509862527,0.25,0.3183550509862527,,0.3100029344340433,0.35513078470824944,0.6768188847405772,0.38998144712430427,-0.28376105614141844,0.9999999985697298,0.971160627688325,0.688232224496236,homoscedastic,rbf
4,clip_b16|2,mae_b16|2,0.1,1.0,539,1024,768,768,0.2381910505306959,0.16666666666666666,0.2381910505306959,,0.22325879438534144,0.28943661971830986,0.4682288900523749,0.16326530612244897,-0.3407569509533317,0.9999999903631351,0.9351081040011929,0.5603889178650237,homoscedastic,rbf
4,clip_b16|2,vit_sup_b16|2,0.1,1.0,539,1024,768,768,0.37973183258842386,0.2833333333333333,0.37973183258842386,,0.3782371184830435,0.3372233400402414,0.6727900428241362,0.38701298701298703,-0.19269334934366988,0.9999999988794037,0.9759711608450741,0.6963173858463764,homoscedastic,rbf
4,convnext_s|2,dinov2_b|2,0.1,1.0,539,1024,768,768,0.6724247011797254,0.5833333333333334,0.6724247011797254,,0.5765802981125591,0.523608316566063,0.7137197159494988,0.40519480519480516,-0.3702083620689325,0.9999999992274706,0.9802829910863285,0.7141405227844825,homoscedastic,rbf
4,convnext_s|2,mae_b16|2,0.1,1.0,539,1024,768,768,0.16956952658201827,0.18333333333333332,0.16956952658201827,,0.13198670912138832,0.3071763916834339,0.31505486487738404,0.14100185528756956,-0.5989437020577326,0.9999999909061422,0.9422211033914984,0.5591733363420667,homoscedastic,rbf
4,convnext_s|2,vit_sup_b16|2,0.1,1.0,539,1024,768,768,0.6824856180156056,0.55,0.6824856180156056,,0.5942252445631908,0.6003018108651911,0.7449353005886025,0.47625231910946186,-0.1332631339599889,0.9999999995419145,0.985191807882503,0.7492936813389767,homoscedastic,rbf
4,dinov2_b|2,mae_b16|2,0.1,1.0,539,1024,768,768,0.27258736829824526,0.23333333333333334,0.27258736829824526,,0.256376233353977,0.22910798122065726,0.36314385415564915,0.14304267161410017,-0.4997396478795272,0.9999999907634902,0.9407996118643918,0.5791872934605417,homoscedastic,rbf
4,dinov2_b|2,vit_sup_b16|2,0.1,1.0,539,1024,768,768,0.5969002691674143,0.5166666666666667,0.5969002691674143,,0.49870925432950614,0.5316901408450704,0.848007453664737,0.49795918367346936,-0.09399814246629579,0.9999999993527614,0.9828595954113635,0.7548165240401382,homoscedastic,rbf
4,mae_b16|2,vit_sup_b16|2,0.1,1.0,539,1024,768,768,0.2596783324398123,0.16666666666666666,0.2596783324398123,,0.23299033420123405,0.37535211267605634,0.37122875330829336,0.1417439703153989,-0.4124905597191555,0.9999999910548201,0.945050332132698,0.5838539803389907,homoscedastic,rbf
4,clip_b16|2,convnext_s|2,1.0,0.1,539,102,768,768,0.2679487443020675,0.21666666666666667,0.2679487443020675,,0.2870640095717672,0.4072434607645874,0.5772309148523915,0.3426716141001855,-0.41037559545234337,0.9999999987413917,0.973196073951335,0.6658974553582013,homoscedastic,rbf
4,clip_b16|2,dinov2_b|2,1.0,0.1,539,102,768,768,0.31888449690138027,0.23333333333333334,0.31888449690138027,,0.347667935552695,0.3347753185781354,0.6768188847405772,0.38998144712430427,-0.28376105614141844,0.9999999985697298,0.971160627688325,0.688232224496236,homoscedastic,rbf
4,clip_b16|2,mae_b16|2,1.0,0.1,539,102,768,768,0.21567759910444195,0.15,0.21567759910444195,,0.20926665088665303,0.22682763246143522,0.4682288900523749,0.16326530612244897,-0.3407569509533317,0.9999999903631351,0.9351081040011929,0.5603889178650237,homoscedastic,rbf
4,clip_b16|2,vit_sup_b16|2,1.0,0.1,539,102,768,768,0.37868816302267505,0.26666666666666666,0.37868816302267505,,0.40722235552370734,0.3113346747149564,0.6727900428241362,0.38701298701298703,-0.19269334934366988,0.9999999988794037,0.9759711608450741,0.6963173858463764,homoscedastic,rbf
4,convnext_s|2,dinov2_b|2,1.0,0.1,539,102,768,768,0.63821182836619,0.4666666666666667,0.63821182836619,,0.5540303884153084,0.47307176391683425,0.7137197159494988,0.40519480519480516,-0.3702083620689325,0.9999999992274706,0.9802829910863285,0.7141405227844825,homoscedastic,rbf
4,convnext_s|2,mae_b16|2,1.0,0.1,539,102,768,768,0.15980638835107874,0.18333333333333332,0.15980638835107874,,0.11563412957552846,0.3188128772635815,0.31505486487738404,0.14100185528756956,-0.5989437020577326,0.9999999909061422,0.9422211033914984,0.5591733363420667,homoscedastic,rbf
4,convnext_s|2,vit_sup_b16|2,1.0,0.1,539,102,768,768,0.6443068452967925,0.5,0.6443068452967925,,0.5677628101826483,0.5616029510395707,0.7449353005886025,0.47625231910946186,-0.1332631339599889,0.9999999995419145,0.985191807882503,0.7492936813389767,homoscedastic,rbf
4,dinov2_b|2,mae_b16|2,1.0,0.1,539,102,768,768,0.24067300186944962,0.21666666666666667,0.24067300186944962,,0.2121187262286524,0.2453722334004024,0.36314385415564915,0.14304267161410017,-0.4997396478795272,0.9999999907634902,0.9407996118643918,0.5791872934605417,homoscedastic,rbf
4,dinov2_b|2,vit_sup_b16|2,1.0,0.1,539,102,768,768,0.5818551162642118,0.45,0.5818551162642118,,0.5066111502008709,0.4765928906773977,0.848007453664737,0.49795918367346936,-0.09399814246629579,0.9999999993527614,0.9828595954113635,0.7548165240401382,homoscedastic,rbf
4,mae_b16|2,vit_sup_b16|2,1.0,0.1,539,102,768,768,0.2402559451554032,0.15,0.2402559451554032,,0.21220497589224624,0.2979543930248155,0.37122875330829336,0.1417439703153989,-0.4124905597191555,0.9999999910548201,0.945050332132698,0.5838539803389907,homoscedastic,rbf
4,clip_b16|2,convnext_s|2,1.0,0.25,539,256,768,768,0.2698055272375756,0.26666666666666666,0.2698055272375756,,0.25702034973265847,0.41884641180415827,0.5772309148523915,0.3426716141001855,-0.41037559545234337,0.9999999987413917,0.973196073951335,0.6658974553582013,homoscedastic,rbf
4,clip_b16|2,dinov2_b|2,1.0,0.25,539,256,768,768,0.2829277859105164,0.26666666666666666,0.2829277859105164,,0.27627234466143763,0.36220657276995294,0.6768188847405772,0.38998144712430427,-0.28376105614141844,0.9999999985697298,0.971160627688325,0.688232224496236,homoscedastic,rbf
4,clip_b16|2,mae_b16|2,1.0,0.25,539,256,768,768,0.22570790474417982,0.15,0.22570790474417982,,0.20859732431494746,0.2861167002012072,0.4682288900523749,0.16326530612244897,-0.3407569509533317,0.9999999903631351,0.9351081040011929,0.5603889178650237,homoscedastic,rbf
4,clip_b16|2,vit_sup_b16|2,1.0,0.25,539,256,768,768,0.35300298056383483,0.2833333333333333,0.35300298056383483,,0.3552760637728715,0.32300469483568073,0.6727900428241362,0.38701298701298703,-0.19269334934366988,0.9999999988794037,0.9759711608450741,0.6963173858463764,homoscedastic,rbf
4,convnext_s|2,dinov2_b|2,1.0,0.25,539,256,768,768,0.6653449592915535,0.5666666666666667,0.6653449592915535,,0.5691926577542015,0.502917505030181,0.7137197159494988,0.40519480519480516,-0.3702083620689325,0.9999999992274706,0.9802829910863285,0.7141405227844825,homoscedastic,rbf
4,convnext_s|2,mae_b16|2,1.0,0.25,539,256,768,768,0.17014541707060296,0.18333333333333332,0.17014541707060296,,0.12749807883738046,0.2786720321931589,0.31505486487738404,0.14100185528756956,-0.5989437020577326,0.9999999909061422,0.9422211033914984,0.5591733363420667,homoscedastic,rbf
4,convnext_s|2,vit_sup_b16|2,1.0,0.25,539,256,768,768,0.6764002677785216,0.5333333333333333,0.6764002677785216,,0.5906804968758815,0.5829309188464117,0.7449353005886025,0.47625231910946186,-0.1332631339599889,0.9999999995419145,0.985191807882503,0.7492936813389767,homoscedastic,rbf
4,dinov2_b|2,mae_b16|2,1.0,0.25,539,256,768,768,0.2532195922766452,0.21666666666666667,0.2532195922766452,,0.22918310868430353,0.21616364855801473,0.36314385415564915,0.14304267161410017,-0.4997396478795272,0.9999999907634902,0.9407996118643918,0.5791872934605417,homoscedastic,rbf
4,dinov2_b|2,vit_sup_b16|2,1.0,0.25,539,256,768,768,0.5926720907558076,0.5,0.5926720907558076,,0.49585612518522604,0.5082494969818913,0.848007453664737,0.49795918367346936,-0.09399814246629579,0.9999999993527614,0.9828595954113635,0.7548165240401382,homoscedastic,rbf
4,mae_b16|2,vit_sup_b16|2,1.0,0.25,539,256,768,768,0.25797110547529295,0.18333333333333332,0.25797110547529295,,0.2278387812209191,0.34037558685446007,0.37122875330829336,0.1417439703153989,-0.4124905597191555,0.9999999910548201,0.945050332132698,0.5838539803389907,homoscedastic,rbf
4,clip_b16|2,convnext_s|2,1.0,1.0,539,1024,768,768,0.30940947058186274,0.23333333333333334,0.30940947058186274,,0.28481033180180737,0.44768611670020114,0.5772309148523915,0.3426716141001855,-0.41037559545234337,0.9999999987413917,0.973196073951335,0.6658974553582013,homoscedastic,rbf
4,clip_b16|2,dinov2_b|2,1.0,1.0,539,1024,768,768,0.33353953760982663,0.26666666666666666,0.33353953760982663,,0.31557916973350153,0.42018779342723,0.6768188847405772,0.38998144712430427,-0.28376105614141844,0.9999999985697298,0.971160627688325,0.688232224496236,homoscedastic,rbf
4,clip_b16|2,mae_b16|2,1.0,1.0,539,1024,768,768,0.2719373109369748,0.18333333333333332,0.2719373109369748,,0.2569970039590541,0.296244131455399,0.4682288900523749,0.16326530612244897,-0.3407569509533317,0.9999999903631351,0.9351081040011929,0.5603889178650237,homoscedastic,rbf
4,clip_b16|2,vit_sup_b16|2,1.0,1.0,539,1024,768,768,0.3725075902988619,0.3,0.3725075902988619,,0.3570573949359126,0.38547954393024814,0.6727900428241362,0.38701298701298703,-0.19269334934366988,0.9999999988794037,0.9759711608450741,0.6963173858463764,homoscedastic,rbf
4,convnext_s|2,dinov2_b|2,1.0,1.0,539,1024,768,768,0.7080352445423459,0.6333333333333333,0.7080352445423459,,0.6145518746331957,0.5742454728370221,0.7137197159494988,0.40519480519480516,-0.3702083620689325,0.9999999992274706,0.9802829910863285,0.7141405227844825,homoscedastic,rbf
4,convnext_s|2,mae_b16|2,1.0,1.0,539,1024,768,768,0.198535107041964,0.2,0.198535107041964,,0.16444503529427024,0.33390342052313876,0.31505486487738404,0.14100185528756956,-0.5989437020577326,0.9999999909061422,0.9422211033914984,0.5591733363420667,homoscedastic,rbf
4,convnext_s|2,vit_sup_b16|2,1.0,1.0,539,1024,768,768,0.696759990999975,0.5666666666666667,0.696759990999975,,0.6062951716400731,0.6088866532528504,0.7449353005886025,0.47625231910946186,-0.1332631339599889,0.9999999995419145,0.985191807882503,0.7492936813389767,homoscedastic,rbf
4,dinov2_b|2,mae_b16|2,1.0,1.0,539,1024,768,768,0.29738704829735635,0.23333333333333334,0.29738704829735635,,0.28460897450446976,0.2510395707578806,0.36314385415564915,0.14304267161410017,-0.4997396478795272,0.9999999907634902,0.9407996118643918,0.5791872934605417,homoscedastic,rbf
4,dinov2_b|2,vit_sup_b16|2,1.0,1.0,539,1024,768,768,0.6257350159305998,0.55,0.6257350159305998,,0.526208630154309,0.5456740442655935,0.848007453664737,0.49795918367346936,-0.09399814246629579,0.9999999993527614,0.9828595954113635,0.7548165240401382,homoscedastic,rbf
4,mae_b16|2,vit_sup_b16|2,1.0,1.0,539,1024,768,768,0.30121239225664515,0.16666666666666666,0.30121239225664515,,0.2823475148099751,0.3940643863179074,0.37122875330829336,0.1417439703153989,-0.4124905597191555,0.9999999910548201,0.945050332132698,0.5838539803389907,homoscedastic,rbf
4,clip_b16|2,convnext_s|2,10.0,0.1,539,102,768,768,0.2822934508151411,0.21666666666666667,0.2822934508151411,,0.2989110169354132,0.40046948356807505,0.5772309148523915,0.3426716141001855,-0.41037559545234337,0.9999999987413917,0.973196073951335,0.6658974553582013,homoscedastic,rbf
4,clip_b16|2,dinov2_b|2,10.0,0.1,539,102,768,768,0.33389970527695906,0.23333333333333334,0.33389970527695906,,0.3603995694001757,0.3477531857813547,0.6768188847405772,0.38998144712430427,-0.28376105614141844,0.9999999985697298,0.971160627688325,0.688232224496236,homoscedastic,rbf
4,clip_b16|2,mae_b16|2,10.0,0.1,539,102,768,768,0.2259129608693357,0.15,0.2259129608693357,,0.2197026169963717,0.2253185781354795,0.4682288900523749,0.16326530612244897,-0.3407569509533317,0.9999999903631351,0.9351081040011929,0.5603889178650237,homoscedastic,rbf
4,clip_b16|2,vit_sup_b16|2,10.0,0.1,539,102,768,768,0.3831111753088202,0.2833333333333333,0.3831111753088202,,0.4087910618111781,0.32082494969818914,0.6727900428241362,0.38701298701298703,-0.19269334934366988,0.9999999988794037,0.9759711608450741,0.6963173858463764,homoscedastic,rbf
4,convnext_s|2,dinov2_b|2,10.0,0.1,539,102,768,768,0.6580566612685035,0.5166666666666667,0.6580566612685035,,0.5743181899243532,0.48816230717639164,0.7137197159494988,0.40519480519480516,-0.3702083620689325,0.9999999992274706,0.9802829910863285,0.7141405227844825,homoscedastic,rbf
4,convnext_s|2,mae_b16|2,10.0,0.1,539,102,768,768,0.16925113680871334,0.18333333333333332,0.16925113680871334,,0.13002031406550435,0.33169014084507037,0.31505486487738404,0.14100185528756956,-0.5989437020577326,0.9999999909061422,0.9422211033914984,0.5591733363420667,homoscedastic,rbf
4,convnext_s|2,vit_sup_b16|2,10.0,0.1,539,102,768,768,0.6628447856799602,0.48333333333333334,0.6628447856799602,,0.5869242591769966,0.5688464118041583,0.7449353005886025,0.47625231910946186,-0.1332631339599889,0.9999999995419145,0.985191807882503,0.7492936813389767,homoscedastic,rbf
4,dinov2_b|2,mae_b16|2,10.0,0.1,539,102,768,768,0.2560136555934877,0.21666666666666667,0.2560136555934877,,0.23276449626629747,0.2470489604292421,0.36314385415564915,0.14304267161410017,-0.4997396478795272,0.9999999907634902,0.9407996118643918,0.5791872934605417,homoscedastic,rbf
4,dinov2_b|2,vit_sup_b16|2,10.0,0.1,539,102,768,768,0.5990911641421226,0.43333333333333335,0.5990911641421226,,0.5210061704176623,0.48031522468142185,0.848007453664737,0.49795918367346936,-0.09399814246629579,0.9999999993527614,0.9828595954113635,0.7548165240401382,homoscedastic,rbf
4,mae_b16|2,vit_sup_b16|2,10.0,0.1,539,102,768,768,0.2549191525532015,0.15,0.2549191525532015,,0.23162379582823994,0.32035546613011395,0.37122875330829336,0.1417439703153989,-0.4124905597191555,0.9999999910548201,0.945050332132698,0.5838539803389907,homoscedastic,rbf
4,clip_b16|2,convnext_s|2,10.0,0.25,539,256,768,768,0.27340825946738734,0.25,0.27340825946738734,,0.2583855911182301,0.42498323272971156,0.5772309148523915,0.3426716141001855,-0.41037559545234337,0.9999999987413917,0.973196073951335,0.6658974553582013,homoscedastic,rbf
4,clip_b16|2,dinov2_b|2,10.0,0.25,539,256,768,768,0.2907766410462251,0.26666666666666666,0.2907766410462251,,0.2830734224579857,0.37263581488933595,0.6768188847405772,0.38998144712430427,-0.28376105614141844,0.9999999985697298,0.971160627688325,0.688232224496236,homoscedastic,rbf
4,clip_b16|2,mae_b16|2,10.0,0.25,539,256,768,768,0.23003008341689837,0.16666666666666666,0.23003008341689837,,0.21135463851339298,0.299832327297116,0.4682288900523749,0.16326530612244897,-0.3407569509533317,0.9999999903631351,0.9351081040011929,0.5603889178650237,homoscedastic,rbf
4,clip_b16|2,vit_sup_b16|2,10.0,0.25,539,256,768,768,0.34107461409615025,0.3,0.34107461409615025,,0.33780953415454257,0.3298792756539235,0.6727900428241362,0.38701298701298703,-0.19269334934366988,0.9999999988794037,0.9759711608450741,0.6963173858463764,homoscedastic,rbf
4,convnext_s|2,dinov2_b|2,10.0,0.25,539,256,768,768,0.6826873963538787,0.5833333333333334,0.6826873963538787,,0.5883417853680364,0.5202548625083836,0.7137197159494988,0.40519480519480516,-0.3702083620689325,0.9999999992274706,0.9802829910863285,0.7141405227844825,homoscedastic,rbf
4,convnext_s|2,mae_b16|2,10.0,0.25,539,256,768,768,0.18535273709093633,0.18333333333333332,0.18535273709093633,,0.14159608893442754,0.2982226693494299,0.31505486487738404,0.14100185528756956,-0.5989437020577326,0.9999999909061422,0.9422211033914984,0.5591733363420667,homoscedastic,rbf
4,convnext_s|2,vit_sup_b16|2,10.0,0.25,539,256,768,768,0.6906185294959153,0.5333333333333333,0.6906185294959153,,0.6063818266122365,0.5950033534540576,0.7449353005886025,0.47625231910946186,-0.1332631339599889,0.9999999995419145,0.985191807882503,0.7492936813389767,homoscedastic,rbf
4,dinov2_b|2,mae_b16|2,10.0,0.25,539,256,768,768,0.2654377373270481,0.21666666666666667,0.2654377373270481,,0.24005656486396224,0.212206572769953,0.36314385415564915,0.14304267161410017,-0.4997396478795272,0.9999999907634902,0.9407996118643918,0.5791872934605417,homoscedastic,rbf
4,dinov2_b|2,vit_sup_b16|2,10.0,0.25,539,256,768,768,0.6030077861327392,0.5,0.6030077861327392,,0.5047193319217786,0.5159289067739772,0.848007453664737,0.49795918367346936,-0.09399814246629579,0.9999999993527614,0.9828595954113635,0.7548165240401382,homoscedastic,rbf
4,mae_b16|2,vit_sup_b16|2,10.0,0.25,539,256,768,768,0.27617410048361246,0.18333333333333332,0.27617410048361246,,0.24570470190365326,0.35556673373574776,0.37122875330829336,0.1417439703153989,-0.4124905597191555,0.9999999910548201,0.945050332132698,0.5838539803389907,homoscedastic,rbf
4,clip_b16|2,convnext_s|2,10.0,1.0,539,1024,768,768,0.297631993422204,0.25,0.297631993422204,,0.276981553596384,0.44755197853789397,0.5772309148523915,0.3426716141001855,-0.41037559545234337,0.9999999987413917,0.973196073951335,0.6658974553582013,homoscedastic,rbf
4,clip_b16|2,dinov2_b|2,10.0,1.0,539,1024,768,768,0.32799907777521603,0.26666666666666666,0.32799907777521603,,0.3151240082099304,0.42602280348759214,0.6768188847405772,0.38998144712430427,-0.28376105614141844,0.9999999985697298,0.971160627688325,0.688232224496236,homoscedastic,rbf
4,clip_b16|2,mae_b16|2,10.0,1.0,539,1024,768,768,0.27832966202683895,0.18333333333333332,0.27832966202683895,,0.2639513694565947,0.3109657947686116,0.4682288900523749,0.16326530612244897,-0.3407569509533317,0.9999999903631351,0.9351081040011929,0.5603889178650237,homoscedastic,rbf
4,clip_b16|2,vit_sup_b16|2,10.0,1.0,539,1024,768,768,0.35601598893330255,0.3,0.35601598893330255,,0.34295330521032275,0.3881287726358148,0.6727900428241362,0.38701298701298703,-0.19269334934366988,0.9999999988794037,0.9759711608450741,0.6963173858463764,homoscedastic,rbf
4,convnext_s|2,dinov2_b|2,10.0,1.0,539,1024,768,768,0.7172566034905652,0.6166666666666667,0.7172566034905652,,0.6277505860761915,0.5747149564050972,0.7137197159494988,0.40519480519480516,-0.3702083620689325,0.9999999992274706,0.9802829910863285,0.7141405227844825,homoscedastic,rbf
4,convnext_s|2,mae_b16|2,10.0,1.0,539,1024,768,768,0.21113775316042543,0.2,0.21113775316042543,,0.1760680691423995,0.3530516431924882,0.31505486487738404,0.14100185528756956,-0.5989437020577326,0.9999999909061422,0.9422211033914984,0.5591733363420667,homoscedastic,rbf
4,convnext_s|2,vit_sup_b16|2,10.0,1.0,539,1024,768,768,0.694590651640699,0.55,0.694590651640699,,0.6049705421731673,0.6115694164989939,0.7449353005886025,0.47625231910946186,-0.1332631339599889,0.9999999995419145,0.985191807882503,0.7492936813389767,homoscedastic,rbf
4,dinov2_b|2,mae_b16|2,10.0,1.0,539,1024,768,768,0.30500168056022375,0.23333333333333334,0.30500168056022375,,0.29010422915173784,0.27578806170355463,0.36314385415564915,0.14304267161410017,-0.4997396478795272,0.9999999907634902,0.9407996118643918,0.5791872934605417,homoscedastic,rbf
4,dinov2_b|2,vit_sup_b16|2,10.0,1.0,539,1024,768,768,0.6240000666668517,0.5333333333333333,0.6240000666668517,,0.5256015589788818,0.5538900067069081,0.848007453664737,0.49795918367346936,-0.09399814246629579,0.9999999993527614,0.9828595954113635,0.7548165240401382,homoscedastic,rbf
4,mae_b16|2,vit_sup_b16|2,10.0,1.0,539,1024,768,768,0.31523532009811134,0.18333333333333332,0.31523532009811134,,0.2958864422662261,0.41452045606975185,0.37122875330829336,0.1417439703153989,-0.4124905597191555,0.9999999910548201,0.945050332132698,0.5838539803389907,homoscedastic,rbf
