seed,a,b,prior,fraction,n_alignment,n_train,dim_a,dim_b,eu_agreement,acquisition_overlap,eu_group0,eu_group1,eu_id,eu_heldout,cka,mknn,predictivity,cca_type,smoother_001,smoother_1,noise_condition,head
0,clip_b16|2,convnext_s|2,0.1,0.1,532,102,768,768,0.32285189681082443,0.13333333333333333,0.20162909364862308,0.39976580515022003,0.30504969617456984,0.06546538760694841,0.5554326892156511,0.3093984962406015,-0.45415842812344287,0.99999999896571,0.9753088772101673,0.6666366913854866,heteroscedastic,linear
0,clip_b16|2,dinov2_b|2,0.1,0.1,532,102,768,768,0.40275478542995946,0.35,0.2127118475012495,0.5795121676037532,0.3062589717544884,0.3971998962924553,0.6676092243529299,0.37593984962406013,-0.24729168187948036,0.9999999988641977,0.9740131119456134,0.6898007985892928,heteroscedastic,linear
0,clip_b16|2,mae_b16|2,0.1,0.1,532,102,768,768,0.3472016866713518,0.26666666666666666,0.14751539316297535,0.4639892604374634,0.31343690000923413,0.21726730619652582,0.4528263640269545,0.16654135338345863,-0.3158313913756984,0.9999999901944604,0.9354953416477189,0.5616721620988093,heteroscedastic,linear
0,clip_b16|2,vit_sup_b16|2,0.1,0.1,532,102,768,768,0.48031338975941595,0.25,0.30413971444134874,0.6023937807946259,0.4164528785765596,0.20281306715063524,0.6624475509057176,0.3603383458646616,-0.2278066336397011,0.9999999990723215,0.977802931110365,0.6966828773946164,heteroscedastic,linear
0,convnext_s|2,dinov2_b|2,0.1,0.1,532,102,768,768,0.5549028747302075,0.3,0.4540178397328264,0.6228412867702809,0.5609627344648488,0.2768343271973036,0.7132865292851648,0.3763157894736842,-0.38954816335467235,0.9999999994073582,0.9827094086531779,0.7146926568945218,heteroscedastic,linear
0,convnext_s|2,mae_b16|2,0.1,0.1,532,102,768,768,0.19677649104580844,0.2,0.055550533479287054,0.3083678160534341,0.1944261644842643,-0.13961628208452168,0.2904668712091842,0.1323308270676692,-0.6234194949903528,0.9999999906319718,0.9418588376658805,0.5586884882569082,heteroscedastic,linear
0,convnext_s|2,vit_sup_b16|2,0.1,0.1,532,102,768,768,0.5929535915377543,0.43333333333333335,0.483146281460038,0.6767787121182289,0.5937822668363181,0.29744620171117453,0.7394794867785122,0.4473684210526316,-0.21404204777527847,0.9999999996220706,0.9866706797811686,0.7485855121357504,heteroscedastic,linear
0,dinov2_b|2,mae_b16|2,0.1,0.1,532,102,768,768,0.3066187406076128,0.21666666666666667,0.30984211730415984,0.2781721519256005,0.29321380088191523,-0.2705470572984185,0.3404639561969015,0.15319548872180452,-0.4847149973686343,0.9999999905911495,0.9411959669692287,0.5796666705634248,heteroscedastic,linear
0,dinov2_b|2,vit_sup_b16|2,0.1,0.1,532,102,768,768,0.5720773113258647,0.3,0.396379540288923,0.7091001706611885,0.5384602700430645,0.37859735545760953,0.8440082460109617,0.4911654135338345,-0.08477563885328121,0.9999999995094154,0.9851261052470925,0.7581877454030201,heteroscedastic,linear
0,mae_b16|2,vit_sup_b16|2,0.1,0.1,532,102,768,768,0.3071807421687282,0.21666666666666667,0.18711842828621858,0.3750722957211266,0.2842888913939513,0.03979777028778844,0.3458231739901204,0.1505639097744361,-0.4538033088686755,0.9999999907763983,0.9443120107346153,0.575119819996734,heteroscedastic,linear
0,clip_b16|2,convnext_s|2,0.1,0.25,532,256,768,768,0.36444190122750336,0.25,0.21608332804667454,0.47622793811067365,0.2874564378971706,0.13261602281565985,0.5554326892156511,0.3093984962406015,-0.45415842812344287,0.99999999896571,0.9753088772101673,0.6666366913854866,heteroscedastic,linear
0,clip_b16|2,dinov2_b|2,0.1,0.25,532,256,768,768,0.44941263725732566,0.48333333333333334,0.25333603147625744,0.6339282597445974,0.32704338641533964,0.42993259009592955,0.6676092243529299,0.37593984962406013,-0.24729168187948036,0.9999999988641977,0.9740131119456134,0.6898007985892928,heteroscedastic,linear
0,clip_b16|2,mae_b16|2,0.1,0.25,532,256,768,768,0.38990886085794674,0.35,0.20716292248416296,0.46546938529297677,0.32627970047981275,0.19289603318641432,0.4528263640269545,0.16654135338345863,-0.3158313913756984,0.9999999901944604,0.9354953416477189,0.5616721620988093,heteroscedastic,linear
0,clip_b16|2,vit_sup_b16|2,0.1,0.25,532,256,768,768,0.4760944335956488,0.3,0.25370588792415105,0.6337059617474298,0.37183755023283094,0.32369717396940634,0.6624475509057176,0.3603383458646616,-0.2278066336397011,0.9999999990723215,0.977802931110365,0.6966828773946164,heteroscedastic,linear
0,convnext_s|2,dinov2_b|2,0.1,0.25,532,256,768,768,0.6076795213320036,0.36666666666666664,0.5021243382615777,0.6835224960825562,0.5779016617757987,0.2912885662431942,0.7132865292851648,0.3763157894736842,-0.38954816335467235,0.9999999994073582,0.9827094086531779,0.7146926568945218,heteroscedastic,linear
0,convnext_s|2,mae_b16|2,0.1,0.25,532,256,768,768,0.17060025166736573,0.16666666666666666,0.04788239211936192,0.24719565211927344,0.12782696461186258,-0.23049001814882036,0.2904668712091842,0.1323308270676692,-0.6234194949903528,0.9999999906319718,0.9418588376658805,0.5586884882569082,heteroscedastic,linear
0,convnext_s|2,vit_sup_b16|2,0.1,0.25,532,256,768,768,0.6190822752285423,0.45,0.4987424341622275,0.6905109195513043,0.590523128988196,0.291871921182266,0.7394794867785122,0.4473684210526316,-0.21404204777527847,0.9999999996220706,0.9866706797811686,0.7485855121357504,heteroscedastic,linear
0,dinov2_b|2,mae_b16|2,0.1,0.25,532,256,768,768,0.28149678193550537,0.21666666666666667,0.2838845925675388,0.2624761260049838,0.21670137443980875,-0.2072854550168525,0.3404639561969015,0.15319548872180452,-0.4847149973686343,0.9999999905911495,0.9411959669692287,0.5796666705634248,heteroscedastic,linear
0,dinov2_b|2,vit_sup_b16|2,0.1,0.25,532,256,768,768,0.5900219722832563,0.38333333333333336,0.4334320395965654,0.7113259433212716,0.5334265686254523,0.3102800103707545,0.8440082460109617,0.4911654135338345,-0.08477563885328121,0.9999999995094154,0.9851261052470925,0.7581877454030201,heteroscedastic,linear
0,mae_b16|2,vit_sup_b16|2,0.1,0.25,532,256,768,768,0.33741077058547386,0.18333333333333332,0.24073036045188623,0.3498939755846423,0.2820914486362933,0.07013222711952295,0.3458231739901204,0.1505639097744361,-0.4538033088686755,0.9999999907763983,0.9443120107346153,0.575119819996734,heteroscedastic,linear
0,clip_b16|2,convnext_s|2,0.1,1.0,532,1024,768,768,0.35443142897619156,0.2,0.2160038933771075,0.3870015435188823,0.2938817731124988,0.07272491573761991,0.5554326892156511,0.3093984962406015,-0.45415842812344287,0.99999999896571,0.9753088772101673,0.6666366913854866,heteroscedastic,linear
0,clip_b16|2,dinov2_b|2,0.1,1.0,532,1024,768,768,0.43997377770493806,0.4666666666666667,0.27548752129864545,0.548720543769945,0.33150475435531085,0.44043297899922224,0.6676092243529299,0.37593984962406013,-0.24729168187948036,0.9999999988641977,0.9740131119456134,0.6898007985892928,heteroscedastic,linear
0,clip_b16|2,mae_b16|2,0.1,1.0,532,1024,768,768,0.41216303378620495,0.3333333333333333,0.22224724274534127,0.4057846072041866,0.358523226725605,0.13708841068187713,0.4528263640269545,0.16654135338345863,-0.3158313913756984,0.9999999901944604,0.9354953416477189,0.5616721620988093,heteroscedastic,linear
0,clip_b16|2,vit_sup_b16|2,0.1,1.0,532,1024,768,768,0.4426503406953908,0.35,0.18726399860827586,0.5665898398086002,0.3526698502279141,0.25175006481721546,0.6624475509057176,0.3603383458646616,-0.2278066336397011,0.9999999990723215,0.977802931110365,0.6966828773946164,heteroscedastic,linear
0,convnext_s|2,dinov2_b|2,0.1,1.0,532,1024,768,768,0.6660280167444909,0.38333333333333336,0.5799778625280605,0.6909130666818588,0.6567709538811346,0.3063261602281566,0.7132865292851648,0.3763157894736842,-0.38954816335467235,0.9999999994073582,0.9827094086531779,0.7146926568945218,heteroscedastic,linear
0,convnext_s|2,mae_b16|2,0.1,1.0,532,1024,768,768,0.16595384987180517,0.11666666666666667,0.1067154465028168,0.0804782981580265,0.13481309069671785,-0.22348975887995853,0.2904668712091842,0.1323308270676692,-0.6234194949903528,0.9999999906319718,0.9418588376658805,0.5586884882569082,heteroscedastic,linear
0,convnext_s|2,vit_sup_b16|2,0.1,1.0,532,1024,768,768,0.5952264867402409,0.3,0.4698821293739165,0.6377430721080525,0.5726476014760148,0.3202618615504278,0.7394794867785122,0.4473684210526316,-0.21404204777527847,0.9999999996220706,0.9866706797811686,0.7485855121357504,heteroscedastic,linear
0,dinov2_b|2,mae_b16|2,0.1,1.0,532,1024,768,768,0.25739377053825147,0.21666666666666667,0.27378021505229483,0.1208304114830879,0.19932727581256962,-0.17792325641690435,0.3404639561969015,0.15319548872180452,-0.4847149973686343,0.9999999905911495,0.9411959669692287,0.5796666705634248,heteroscedastic,linear
0,dinov2_b|2,vit_sup_b16|2,0.1,1.0,532,1024,768,768,0.6421752282645229,0.4,0.4942365834034378,0.7235210550553384,0.6031897922570386,0.3354939071817475,0.8440082460109617,0.4911654135338345,-0.08477563885328121,0.9999999995094154,0.9851261052470925,0.7581877454030201,heteroscedastic,linear
0,mae_b16|2,vit_sup_b16|2,0.1,1.0,532,1024,768,768,0.30618273939649826,0.16666666666666666,0.22980108444498443,0.18669876024183563,0.2622281940645211,-0.0027871402644542393,0.3458231739901204,0.1505639097744361,-0.4538033088686755,0.9999999907763983,0.9443120107346153,0.575119819996734,heteroscedastic,linear
0,clip_b16|2,convnext_s|2,1.0,0.1,532,102,768,768,0.323885288570246,0.15,0.202933475620835,0.40287741857288595,0.3061806469137165,0.06604874254602022,0.5554326892156511,0.3093984962406015,-0.45415842812344287,0.99999999896571,0.9753088772101673,0.6666366913854866,heteroscedastic,linear
0,clip_b16|2,dinov2_b|2,1.0,0.1,532,102,768,768,0.4045457904049733,0.35,0.21432246629912255,0.5806152795243715,0.30893693178888243,0.38987555094633136,0.6676092243529299,0.37593984962406013,-0.24729168187948036,0.9999999988641977,0.9740131119456134,0.6898007985892928,heteroscedastic,linear
0,clip_b16|2,mae_b16|2,1.0,0.1,532,102,768,768,0.3455784599401665,0.26666666666666666,0.14859405127777495,0.46356142057356786,0.3138309976291183,0.20767435830956704,0.4528263640269545,0.16654135338345863,-0.3158313913756984,0.9999999901944604,0.9354953416477189,0.5616721620988093,heteroscedastic,linear
0,clip_b16|2,vit_sup_b16|2,1.0,0.1,532,102,768,768,0.47896599712776977,0.26666666666666666,0.3022099192336316,0.6021759510989089,0.4151891878441047,0.19620171117448795,0.6624475509057176,0.3603383458646616,-0.2278066336397011,0.9999999990723215,0.977802931110365,0.6966828773946164,heteroscedastic,linear
0,convnext_s|2,dinov2_b|2,1.0,0.1,532,102,768,768,0.556252434034539,0.3,0.4554358024995323,0.624801195494053,0.562724631146214,0.27365828364013484,0.7132865292851648,0.3763157894736842,-0.38954816335467235,0.9999999994073582,0.9827094086531779,0.7146926568945218,heteroscedastic,linear
0,convnext_s|2,mae_b16|2,1.0,0.1,532,102,768,768,0.1978848830135639,0.2,0.05609651204522529,0.3145195500755562,0.19599760813175243,-0.12373606429867774,0.2904668712091842,0.1323308270676692,-0.6234194949903528,0.9999999906319718,0.9418588376658805,0.5586884882569082,heteroscedastic,linear
0,convnext_s|2,vit_sup_b16|2,1.0,0.1,532,102,768,768,0.5948775968822134,0.43333333333333335,0.4839417064543905,0.6803002921989879,0.5958893174810851,0.29589058854031636,0.7394794867785122,0.4473684210526316,-0.21404204777527847,0.9999999996220706,0.9866706797811686,0.7485855121357504,heteroscedastic,linear
0,dinov2_b|2,mae_b16|2,1.0,0.1,532,102,768,768,0.30707168631023973,0.21666666666666667,0.306970967347139,0.2830934274357619,0.2955602482170418,-0.2738527352864921,0.3404639561969015,0.15319548872180452,-0.4847149973686343,0.9999999905911495,0.9411959669692287,0.5796666705634248,heteroscedastic,linear
0,dinov2_b|2,vit_sup_b16|2,1.0,0.1,532,102,768,768,0.5730474251317365,0.3,0.39678390229463756,0.7098921770933084,0.5400039814502793,0.37736582836401356,0.8440082460109617,0.4911654135338345,-0.08477563885328121,0.9999999995094154,0.9851261052470925,0.7581877454030201,heteroscedastic,linear
0,mae_b16|2,vit_sup_b16|2,1.0,0.1,532,102,768,768,0.3068056300156389,0.21666666666666667,0.18414879371625037,0.3792021233368493,0.2852585454275083,0.02456572465646876,0.3458231739901204,0.1505639097744361,-0.4538033088686755,0.9999999907763983,0.9443120107346153,0.575119819996734,heteroscedastic,linear
0,clip_b16|2,convnext_s|2,1.0,0.25,532,256,768,768,0.3641442337339826,0.25,0.21635074611978714,0.4804895806191892,0.28712447548589887,0.13345864661654136,0.5554326892156511,0.3093984962406015,-0.45415842812344287,0.99999999896571,0.9753088772101673,0.6666366913854866,heteroscedastic,linear
0,clip_b16|2,dinov2_b|2,1.0,0.25,532,256,768,768,0.4489098580829391,0.48333333333333334,0.25199786281201253,0.6340745966171047,0.32840668835677633,0.430321493388644,0.6676092243529299,0.37593984962406013,-0.24729168187948036,0.9999999988641977,0.9740131119456134,0.6898007985892928,heteroscedastic,linear
0,clip_b16|2,mae_b16|2,1.0,0.25,532,256,768,768,0.38527812577257153,0.35,0.20475184663142187,0.46676016587452057,0.32472324723247237,0.17798807363235677,0.4528263640269545,0.16654135338345863,-0.3158313913756984,0.9999999901944604,0.9354953416477189,0.5616721620988093,heteroscedastic,linear
0,clip_b16|2,vit_sup_b16|2,1.0,0.25,532,256,768,768,0.4726897019158386,0.31666666666666665,0.2495260428001907,0.6351810597638111,0.3686522401054365,0.3245397977702878,0.6624475509057176,0.3603383458646616,-0.2278066336397011,0.9999999990723215,0.977802931110365,0.6966828773946164,heteroscedastic,linear
0,convnext_s|2,dinov2_b|2,1.0,0.25,532,256,768,768,0.6088033577871049,0.35,0.504097984282359,0.686937395466182,0.5792711097812961,0.29258491055224267,0.7132865292851648,0.3763157894736842,-0.38954816335467235,0.9999999994073582,0.9827094086531779,0.7146926568945218,heteroscedastic,linear
0,convnext_s|2,mae_b16|2,1.0,0.25,532,256,768,768,0.16909046969574915,0.15,0.04754272803456164,0.2533959789196708,0.12840364530554632,-0.2330827067669173,0.2904668712091842,0.1323308270676692,-0.6234194949903528,0.9999999906319718,0.9418588376658805,0.5586884882569082,heteroscedastic,linear
0,convnext_s|2,vit_sup_b16|2,1.0,0.25,532,256,768,768,0.6191502198617218,0.45,0.4992215582098876,0.6934253691724621,0.5906350323252989,0.28636245786881,0.7394794867785122,0.4473684210526316,-0.21404204777527847,0.9999999996220706,0.9866706797811686,0.7485855121357504,heteroscedastic,linear
0,dinov2_b|2,mae_b16|2,1.0,0.25,532,256,768,768,0.28174139372609364,0.21666666666666667,0.2807697471084073,0.2719679153614339,0.22076542182386402,-0.19847031371532278,0.3404639561969015,0.15319548872180452,-0.4847149973686343,0.9999999905911495,0.9411959669692287,0.5796666705634248,heteroscedastic,linear
0,dinov2_b|2,vit_sup_b16|2,1.0,0.25,532,256,768,768,0.5884161344892624,0.36666666666666664,0.43334182194017923,0.710735010454429,0.5329061768843233,0.31527093596059114,0.8440082460109617,0.4911654135338345,-0.08477563885328121,0.9999999995094154,0.9851261052470925,0.7581877454030201,heteroscedastic,linear
0,mae_b16|2,vit_sup_b16|2,1.0,0.25,532,256,768,768,0.3361953227647854,0.2,0.23595134069368034,0.3586060463379616,0.28339216565711317,0.08179932590095931,0.3458231739901204,0.1505639097744361,-0.4538033088686755,0.9999999907763983,0.9443120107346153,0.575119819996734,heteroscedastic,linear
0,clip_b16|2,convnext_s|2,1.0,1.0,532,1024,768,768,0.3559284331345365,0.23333333333333334,0.22488404245549456,0.3997954076473303,0.2971354394645669,0.09787399533316049,0.5554326892156511,0.3093984962406015,-0.45415842812344287,0.99999999896571,0.9753088772101673,0.6666366913854866,heteroscedastic,linear
0,clip_b16|2,dinov2_b|2,1.0,1.0,532,1024,768,768,0.4386364406567796,0.48333333333333334,0.2813865339544574,0.5572214872797232,0.3343758656956085,0.4941664506092819,0.6676092243529299,0.37593984962406013,-0.24729168187948036,0.9999999988641977,0.9740131119456134,0.6898007985892928,heteroscedastic,linear
0,clip_b16|2,mae_b16|2,1.0,1.0,532,1024,768,768,0.38182600507223624,0.3,0.21421571472961393,0.39814995563814465,0.3324941207650621,0.08471610059631837,0.4528263640269545,0.16654135338345863,-0.3158313913756984,0.9999999901944604,0.9354953416477189,0.5616721620988093,heteroscedastic,linear
0,clip_b16|2,vit_sup_b16|2,1.0,1.0,532,1024,768,768,0.4273086869685749,0.3333333333333333,0.17190758764636332,0.5602811566980257,0.3377575500649384,0.22446201711174488,0.6624475509057176,0.3603383458646616,-0.2278066336397011,0.9999999990723215,0.977802931110365,0.6966828773946164,heteroscedastic,linear
0,convnext_s|2,dinov2_b|2,1.0,1.0,532,1024,768,768,0.6599592221089502,0.38333333333333336,0.5750608205385708,0.6947954621047542,0.6511198728334375,0.3192896033186415,0.7132865292851648,0.3763157894736842,-0.38954816335467235,0.9999999994073582,0.9827094086531779,0.7146926568945218,heteroscedastic,linear
0,convnext_s|2,mae_b16|2,1.0,1.0,532,1024,768,768,0.1479369109358637,0.13333333333333333,0.09036053096145963,0.10069345245825001,0.11902295270109021,-0.19937775473165673,0.2904668712091842,0.1323308270676692,-0.6234194949903528,0.9999999906319718,0.9418588376658805,0.5586884882569082,heteroscedastic,linear
0,convnext_s|2,vit_sup_b16|2,1.0,1.0,532,1024,768,768,0.5840842891230252,0.31666666666666665,0.45655687369582026,0.6345834244447925,0.5612146481393315,0.30444646098003636,0.7394794867785122,0.4473684210526316,-0.21404204777527847,0.9999999996220706,0.9866706797811686,0.7485855121357504,heteroscedastic,linear
0,dinov2_b|2,mae_b16|2,1.0,1.0,532,1024,768,768,0.2440522334784263,0.23333333333333334,0.263194197459133,0.1379395377374588,0.1915360902877797,-0.1436997666580244,0.3404639561969015,0.15319548872180452,-0.4847149973686343,0.9999999905911495,0.9411959669692287,0.5796666705634248,heteroscedastic,linear
0,dinov2_b|2,vit_sup_b16|2,1.0,1.0,532,1024,768,768,0.6333633704538066,0.38333333333333336,0.4851616216965196,0.722104044957815,0.5969942598759754,0.3321234119782215,0.8440082460109617,0.4911654135338345,-0.08477563885328121,0.9999999995094154,0.9851261052470925,0.7581877454030201,heteroscedastic,linear
0,mae_b16|2,vit_sup_b16|2,1.0,1.0,532,1024,768,768,0.2853645149014303,0.2,0.20756081469778614,0.2069474268029387,0.24335378123849488,0.027417682136375424,0.3458231739901204,0.1505639097744361,-0.4538033088686755,0.9999999907763983,0.9443120107346153,0.575119819996734,heteroscedastic,linear
0,clip_b16|2,convnext_s|2,10.0,0.1,532,102,768,768,0.32387739965944345,0.15,0.20279221849350532,0.4034823148817618,0.3061276558491942,0.06578947368421054,0.5554326892156511,0.3093984962406015,-0.45415842812344287,0.99999999896571,0.9753088772101673,0.6666366913854866,heteroscedastic,linear
0,clip_b16|2,dinov2_b|2,10.0,0.1,532,102,768,768,0.4045357903771954,0.35,0.21438213215952134,0.5807811652157253,0.3090465865659632,0.3896810992999741,0.6676092243529299,0.37593984962406013,-0.24729168187948036,0.9999999988641977,0.9740131119456134,0.6898007985892928,heteroscedastic,linear
0,clip_b16|2,mae_b16|2,10.0,0.1,532,102,768,768,0.3453171258809052,0.26666666666666666,0.14861094462379149,0.46381890644465906,0.31382267795703633,0.2072854550168525,0.4528263640269545,0.16654135338345863,-0.3158313913756984,0.9999999901944604,0.9354953416477189,0.5616721620988093,heteroscedastic,linear
0,clip_b16|2,vit_sup_b16|2,10.0,0.1,532,102,768,768,0.478666496295823,0.26666666666666666,0.30184761087651124,0.6021826535510848,0.41490909221734407,0.1958128078817734,0.6624475509057176,0.3603383458646616,-0.2278066336397011,0.9999999990723215,0.977802931110365,0.6966828773946164,heteroscedastic,linear
0,convnext_s|2,dinov2_b|2,10.0,0.1,532,102,768,768,0.5564212122811452,0.3,0.4554336459021685,0.6250452764607924,0.5629728721726606,0.27365828364013484,0.7132865292851648,0.3763157894736842,-0.38954816335467235,0.9999999994073582,0.9827094086531779,0.7146926568945218,heteroscedastic,linear
0,convnext_s|2,mae_b16|2,10.0,0.1,532,102,768,768,0.19809899471942977,0.2,0.05609255828339164,0.31492672404524263,0.19626436230238156,-0.12373606429867774,0.2904668712091842,0.1323308270676692,-0.6234194949903528,0.9999999906319718,0.9418588376658805,0.5586884882569082,heteroscedastic,linear
0,convnext_s|2,vit_sup_b16|2,10.0,0.1,532,102,768,768,0.5950613196147766,0.43333333333333335,0.4840897928067055,0.680737627203466,0.5961063035232238,0.29589058854031636,0.7394794867785122,0.4473684210526316,-0.21404204777527847,0.9999999996220706,0.9866706797811686,0.7485855121357504,heteroscedastic,linear
0,dinov2_b|2,mae_b16|2,10.0,0.1,532,102,768,768,0.3068581301614726,0.21666666666666667,0.30683869604215863,0.28386923627512334,0.2955701418811393,-0.2738527352864921,0.3404639561969015,0.15319548872180452,-0.4847149973686343,0.9999999905911495,0.9411959669692287,0.5796666705634248,heteroscedastic,linear
0,dinov2_b|2,vit_sup_b16|2,10.0,0.1,532,102,768,768,0.5731035919544221,0.3,0.39716741719250204,0.7096989230555697,0.5401750968679658,0.37736582836401356,0.8440082460109617,0.4911654135338345,-0.08477563885328121,0.9999999995094154,0.9851261052470925,0.7581877454030201,heteroscedastic,linear
0,mae_b16|2,vit_sup_b16|2,10.0,0.1,532,102,768,768,0.30660307389742747,0.21666666666666667,0.18398201685344898,0.3795875143369641,0.28520420522697265,0.02456572465646876,0.3458231739901204,0.1505639097744361,-0.4538033088686755,0.9999999907763983,0.9443120107346153,0.575119819996734,heteroscedastic,linear
0,clip_b16|2,convnext_s|2,10.0,0.25,532,256,768,768,0.3642290117472548,0.25,0.21643844774591547,0.48094367175410707,0.28719642940660806,0.13345864661654136,0.5554326892156511,0.3093984962406015,-0.45415842812344287,0.99999999896571,0.9753088772101673,0.6666366913854866,heteroscedastic,linear
0,clip_b16|2,dinov2_b|2,10.0,0.25,532,256,768,768,0.4489209692249144,0.48333333333333334,0.25157409143002357,0.6346945734433763,0.3286313195029903,0.4332382680840032,0.6676092243529299,0.37593984962406013,-0.24729168187948036,0.9999999988641977,0.9740131119456134,0.6898007985892928,heteroscedastic,linear
0,clip_b16|2,mae_b16|2,10.0,0.25,532,256,768,768,0.384759957666549,0.35,0.20540134187082307,0.4668160196426531,0.3249642928668481,0.17688618096966555,0.4528263640269545,0.16654135338345863,-0.3158313913756984,0.9999999901944604,0.9354953416477189,0.5616721620988093,heteroscedastic,linear
0,clip_b16|2,vit_sup_b16|2,10.0,0.25,532,256,768,768,0.4724121455892933,0.31666666666666665,0.24844990071564885,0.6359200051162051,0.36837963967874976,0.3275213896810993,0.6624475509057176,0.3603383458646616,-0.2278066336397011,0.9999999990723215,0.977802931110365,0.6966828773946164,heteroscedastic,linear
0,convnext_s|2,dinov2_b|2,10.0,0.25,532,256,768,768,0.6091329142580951,0.35,0.5044818586131175,0.687127856815514,0.5796705289932328,0.28986258750324084,0.7132865292851648,0.3763157894736842,-0.38954816335467235,0.9999999994073582,0.9827094086531779,0.7146926568945218,heteroscedastic,linear
0,convnext_s|2,mae_b16|2,10.0,0.25,532,256,768,768,0.16838141217058936,0.15,0.046849741414990265,0.2525330382020225,0.1280981409505353,-0.23509204044594245,0.2904668712091842,0.1323308270676692,-0.6234194949903528,0.9999999906319718,0.9418588376658805,0.5586884882569082,heteroscedastic,linear
0,convnext_s|2,vit_sup_b16|2,10.0,0.25,532,256,768,768,0.6192047200131111,0.45,0.49898469193276235,0.6939626824218975,0.5906501726294481,0.2888255120560021,0.7394794867785122,0.4473684210526316,-0.21404204777527847,0.9999999996220706,0.9866706797811686,0.7485855121357504,heteroscedastic,linear
0,dinov2_b|2,mae_b16|2,10.0,0.25,532,256,768,768,0.2812780035500098,0.21666666666666667,0.27993262789835455,0.2724599870586819,0.22108644124302798,-0.19723878662172672,0.3404639561969015,0.15319548872180452,-0.4847149973686343,0.9999999905911495,0.9411959669692287,0.5796666705634248,heteroscedastic,linear
0,dinov2_b|2,vit_sup_b16|2,10.0,0.25,532,256,768,768,0.5881306892519146,0.36666666666666664,0.4327523519940708,0.7104155269007106,0.532728690546574,0.31365050557428054,0.8440082460109617,0.4911654135338345,-0.08477563885328121,0.9999999995094154,0.9851261052470925,0.7581877454030201,heteroscedastic,linear
0,mae_b16|2,vit_sup_b16|2,10.0,0.25,532,256,768,768,0.3359599887777466,0.2,0.2348033120303448,0.3593332623990478,0.28348735469805136,0.08102151931553021,0.3458231739901204,0.1505639097744361,-0.4538033088686755,0.9999999907763983,0.9443120107346153,0.575119819996734,heteroscedastic,linear
0,clip_b16|2,convnext_s|2,10.0,1.0,532,1024,768,768,0.35550220972836033,0.21666666666666667,0.22781234224265637,0.40160786242323243,0.2975787055969358,0.10947627689914444,0.5554326892156511,0.3093984962406015,-0.45415842812344287,0.99999999896571,0.9753088772101673,0.6666366913854866,heteroscedastic,linear
0,clip_b16|2,dinov2_b|2,10.0,1.0,532,1024,768,768,0.43749971527698683,0.4666666666666667,0.28350467199861407,0.557332636278307,0.3335347543433186,0.5023334197562873,0.6676092243529299,0.37593984962406013,-0.24729168187948036,0.9999999988641977,0.9740131119456134,0.6898007985892928,heteroscedastic,linear
0,clip_b16|2,mae_b16|2,10.0,1.0,532,1024,768,768,0.3700475279097997,0.2833333333333333,0.2124296926794842,0.3898908589443805,0.3225489646430426,0.08491055224267566,0.4528263640269545,0.16654135338345863,-0.3158313913756984,0.9999999901944604,0.9354953416477189,0.5616721620988093,heteroscedastic,linear
0,clip_b16|2,vit_sup_b16|2,10.0,1.0,532,1024,768,768,0.42446551240420105,0.31666666666666665,0.16863495114677965,0.5588747588164474,0.33491042336487714,0.21869328493647916,0.6624475509057176,0.3603383458646616,-0.2278066336397011,0.9999999990723215,0.977802931110365,0.6966828773946164,heteroscedastic,linear
0,convnext_s|2,dinov2_b|2,10.0,1.0,532,1024,768,768,0.6576760491001363,0.36666666666666664,0.5744602081727492,0.6931271100506341,0.6493414867119097,0.3230490018148821,0.7132865292851648,0.3763157894736842,-0.38954816335467235,0.9999999994073582,0.9827094086531779,0.7146926568945218,heteroscedastic,linear
0,convnext_s|2,mae_b16|2,10.0,1.0,532,1024,768,768,0.13841455115153098,0.15,0.08218307319078105,0.09986290692611859,0.11041673912026741,-0.18855327975110192,0.2904668712091842,0.1323308270676692,-0.6234194949903528,0.9999999906319718,0.9418588376658805,0.5586884882569082,heteroscedastic,linear
0,convnext_s|2,vit_sup_b16|2,10.0,1.0,532,1024,768,768,0.58198233883983,0.31666666666666665,0.45516191463432826,0.6342248432533815,0.5592976757684379,0.311122634171636,0.7394794867785122,0.4473684210526316,-0.21404204777527847,0.9999999996220706,0.9866706797811686,0.7485855121357504,heteroscedastic,linear
0,dinov2_b|2,mae_b16|2,10.0,1.0,532,1024,768,768,0.23995888877469101,0.25,0.2610340057663819,0.13566628937446293,0.18964257789311723,-0.12730101114856107,0.3404639561969015,0.15319548872180452,-0.4847149973686343,0.9999999905911495,0.9411959669692287,0.5796666705634248,heteroscedastic,linear
0,dinov2_b|2,vit_sup_b16|2,10.0,1.0,532,1024,768,768,0.6306639185108847,0.38333333333333336,0.4815820295054869,0.7202994097094514,0.5942526655929543,0.32116930256676174,0.8440082460109617,0.4911654135338345,-0.08477563885328121,0.9999999995094154,0.9851261052470925,0.7581877454030201,heteroscedastic,linear
0,mae_b16|2,vit_sup_b16|2,10.0,1.0,532,1024,768,768,0.2769792693868594,0.21666666666666667,0.20078119145175127,0.20657879193326367,0.23628273453680265,0.022750842623800883,0.3458231739901204,0.1505639097744361,-0.4538033088686755,0.9999999907763983,0.9443120107346153,0.575119819996734,heteroscedastic,linear
0,clip_b16|2,convnext_s|2,0.1,0.1,532,102,768,768,0.32380045500126386,0.15,0.32380045500126386,,0.3061226340651447,0.06604874254602022,0.5554326892156511,0.3093984962406015,-0.45415842812344287,0.99999999896571,0.9753088772101673,0.6666366913854866,homoscedastic,linear
0,clip_b16|2,dinov2_b|2,0.1,0.1,532,102,768,768,0.4043861788504967,0.35,0.4043861788504967,,0.3089586678690966,0.38987555094633136,0.6676092243529299,0.37593984962406013,-0.24729168187948036,0.9999999988641977,0.9740131119456134,0.6898007985892928,homoscedastic,linear
0,clip_b16|2,mae_b16|2,0.1,0.1,532,102,768,768,0.3453909594193317,0.26666666666666666,0.3453909594193317,,0.31370530312387945,0.2067669172932331,0.4528263640269545,0.16654135338345863,-0.3158313913756984,0.9999999901944604,0.9354953416477189,0.5616721620988093,homoscedastic,linear
0,clip_b16|2,vit_sup_b16|2,0.1,0.1,532,102,768,768,0.47885344125955903,0.26666666666666666,0.47885344125955903,,0.4150826060990541,0.19620171117448795,0.6624475509057176,0.3603383458646616,-0.2278066336397011,0.9999999990723215,0.977802931110365,0.6966828773946164,homoscedastic,linear
0,convnext_s|2,dinov2_b|2,0.1,0.1,532,102,768,768,0.5560703779732721,0.3,0.5560703779732721,,0.5626454068814332,0.27365828364013484,0.7132865292851648,0.3763157894736842,-0.38954816335467235,0.9999999994073582,0.9827094086531779,0.7146926568945218,homoscedastic,linear
0,convnext_s|2,mae_b16|2,0.1,0.1,532,102,768,768,0.19832527312575868,0.2,0.19832527312575868,,0.19648457128055194,-0.1231527093596059,0.2904668712091842,0.1323308270676692,-0.6234194949903528,0.9999999906319718,0.9418588376658805,0.5586884882569082,homoscedastic,linear
0,convnext_s|2,vit_sup_b16|2,0.1,0.1,532,102,768,768,0.595008319467554,0.43333333333333335,0.595008319467554,,0.5960849422030132,0.29589058854031636,0.7394794867785122,0.4473684210526316,-0.21404204777527847,0.9999999996220706,0.9866706797811686,0.7485855121357504,homoscedastic,linear
0,dinov2_b|2,mae_b16|2,0.1,0.1,532,102,768,768,0.3072594646096239,0.21666666666666667,0.3072594646096239,,0.29584574038785566,-0.2743064557946591,0.3404639561969015,0.15319548872180452,-0.4847149973686343,0.9999999905911495,0.9411959669692287,0.5796666705634248,homoscedastic,linear
0,dinov2_b|2,vit_sup_b16|2,0.1,0.1,532,102,768,768,0.5729152580979391,0.3,0.5729152580979391,,0.5399519647617665,0.37736582836401356,0.8440082460109617,0.4911654135338345,-0.08477563885328121,0.9999999995094154,0.9851261052470925,0.7581877454030201,homoscedastic,linear
0,mae_b16|2,vit_sup_b16|2,0.1,0.1,532,102,768,768,0.3067245742349284,0.21666666666666667,0.3067245742349284,,0.2852380835313066,0.02313974591651543,0.3458231739901204,0.1505639097744361,-0.4538033088686755,0.9999999907763983,0.9443120107346153,0.575119819996734,homoscedastic,linear
0,clip_b16|2,convnext_s|2,0.1,0.25,532,256,768,768,0.3643945677626882,0.25,0.3643945677626882,,0.28753363845793156,0.13041223749027742,0.5554326892156511,0.3093984962406015,-0.45415842812344287,0.99999999896571,0.9753088772101673,0.6666366913854866,homoscedastic,linear
0,clip_b16|2,dinov2_b|2,0.1,0.25,532,256,768,768,0.44913474759652106,0.48333333333333334,0.44913474759652106,,0.32890541896969183,0.42857142857142866,0.6676092243529299,0.37593984962406013,-0.24729168187948036,0.9999999988641977,0.9740131119456134,0.6898007985892928,homoscedastic,linear
0,clip_b16|2,mae_b16|2,0.1,0.25,532,256,768,768,0.3852080144667069,0.35,0.3852080144667069,,0.32499157539511697,0.1783121597096189,0.4528263640269545,0.16654135338345863,-0.3158313913756984,0.9999999901944604,0.9354953416477189,0.5616721620988093,homoscedastic,linear
0,clip_b16|2,vit_sup_b16|2,0.1,0.25,532,256,768,768,0.4728463134619818,0.31666666666666665,0.4728463134619818,,0.36885468545943173,0.3225952813067151,0.6624475509057176,0.3603383458646616,-0.2278066336397011,0.9999999990723215,0.977802931110365,0.6966828773946164,homoscedastic,linear
0,convnext_s|2,dinov2_b|2,0.1,0.25,532,256,768,768,0.6084731346475962,0.35,0.6084731346475962,,0.5789214586978499,0.29699248120300753,0.7132865292851648,0.3763157894736842,-0.38954816335467235,0.9999999994073582,0.9827094086531779,0.7146926568945218,homoscedastic,linear
0,convnext_s|2,mae_b16|2,0.1,0.25,532,256,768,768,0.16892135811488365,0.15,0.16892135811488365,,0.1284041699695515,-0.2317215452424164,0.2904668712091842,0.1323308270676692,-0.6234194949903528,0.9999999906319718,0.9418588376658805,0.5586884882569082,homoscedastic,linear
0,convnext_s|2,vit_sup_b16|2,0.1,0.25,532,256,768,768,0.6191011641699004,0.45,0.6191011641699004,,0.5906485986374326,0.2883069743323827,0.7394794867785122,0.4473684210526316,-0.21404204777527847,0.9999999996220706,0.9866706797811686,0.7485855121357504,homoscedastic,linear
0,dinov2_b|2,mae_b16|2,0.1,0.25,532,256,768,768,0.2824522845896794,0.21666666666666667,0.2824522845896794,,0.2221375681013879,-0.20365569095151673,0.3404639561969015,0.15319548872180452,-0.4847149973686343,0.9999999905911495,0.9411959669692287,0.5796666705634248,homoscedastic,linear
0,dinov2_b|2,vit_sup_b16|2,0.1,0.25,532,256,768,768,0.5882661896283045,0.36666666666666664,0.5882661896283045,,0.5329053524123152,0.3180580762250454,0.8440082460109617,0.4911654135338345,-0.08477563885328121,0.9999999995094154,0.9851261052470925,0.7581877454030201,homoscedastic,linear
0,mae_b16|2,vit_sup_b16|2,0.1,0.25,532,256,768,768,0.33622937841494,0.2,0.33622937841494,,0.28384105318953745,0.0804381643764584,0.3458231739901204,0.1505639097744361,-0.4538033088686755,0.9999999907763983,0.9443120107346153,0.575119819996734,homoscedastic,linear
0,clip_b16|2,convnext_s|2,0.1,1.0,532,1024,768,768,0.33418315050875136,0.18333333333333332,0.33418315050875136,,0.2772577941086528,0.09489240342234899,0.5554326892156511,0.3093984962406015,-0.45415842812344287,0.99999999896571,0.9753088772101673,0.6666366913854866,homoscedastic,linear
0,clip_b16|2,dinov2_b|2,0.1,1.0,532,1024,768,768,0.4325016458379051,0.36666666666666664,0.4325016458379051,,0.3405961322369154,0.45799844438682913,0.6676092243529299,0.37593984962406013,-0.24729168187948036,0.9999999988641977,0.9740131119456134,0.6898007985892928,homoscedastic,linear
0,clip_b16|2,mae_b16|2,0.1,1.0,532,1024,768,768,0.3467488520801446,0.23333333333333334,0.3467488520801446,,0.30059987084271234,0.10292973813844958,0.4528263640269545,0.16654135338345863,-0.3158313913756984,0.9999999901944604,0.9354953416477189,0.5616721620988093,homoscedastic,linear
0,clip_b16|2,vit_sup_b16|2,0.1,1.0,532,1024,768,768,0.41343437065102956,0.3,0.41343437065102956,,0.3280372499451351,0.2872050816696915,0.6624475509057176,0.3603383458646616,-0.2278066336397011,0.9999999990723215,0.977802931110365,0.6966828773946164,homoscedastic,linear
0,convnext_s|2,dinov2_b|2,0.1,1.0,532,1024,768,768,0.6565281570226583,0.43333333333333335,0.6565281570226583,,0.6528554613625435,0.3405496499870366,0.7132865292851648,0.3763157894736842,-0.38954816335467235,0.9999999994073582,0.9827094086531779,0.7146926568945218,homoscedastic,linear
0,convnext_s|2,mae_b16|2,0.1,1.0,532,1024,768,768,0.11473637426770628,0.15,0.11473637426770628,,0.08983776789344104,-0.16431164117189528,0.2904668712091842,0.1323308270676692,-0.6234194949903528,0.9999999906319718,0.9418588376658805,0.5586884882569082,homoscedastic,linear
0,convnext_s|2,vit_sup_b16|2,0.1,1.0,532,1024,768,768,0.5863991288864691,0.35,0.5863991288864691,,0.5696956169269201,0.3509852216748769,0.7394794867785122,0.4473684210526316,-0.21404204777527847,0.9999999996220706,0.9866706797811686,0.7485855121357504,homoscedastic,linear
0,dinov2_b|2,mae_b16|2,0.1,1.0,532,1024,768,768,0.23076636323989788,0.2,0.23076636323989788,,0.18947633435547875,-0.12509722582317864,0.3404639561969015,0.15319548872180452,-0.4847149973686343,0.9999999905911495,0.9411959669692287,0.5796666705634248,homoscedastic,linear
0,dinov2_b|2,vit_sup_b16|2,0.1,1.0,532,1024,768,768,0.6446630685085236,0.4,0.6446630685085236,,0.6194156262329604,0.43297899922219346,0.8440082460109617,0.4911654135338345,-0.08477563885328121,0.9999999995094154,0.9851261052470925,0.7581877454030201,homoscedastic,linear
0,mae_b16|2,vit_sup_b16|2,0.1,1.0,532,1024,768,768,0.261649115691988,0.18333333333333332,0.261649115691988,,0.22507673585835633,0.013546798029556651,0.3458231739901204,0.1505639097744361,-0.4538033088686755,0.9999999907763983,0.9443120107346153,0.575119819996734,homoscedastic,linear
0,clip_b16|2,convnext_s|2,1.0,0.1,532,102,768,768,0.32395323320342556,0.15,0.32395323320342556,,0.3062146001700511,0.06578947368421054,0.5554326892156511,0.3093984962406015,-0.45415842812344287,0.99999999896571,0.9753088772101673,0.6666366913854866,homoscedastic,linear
0,clip_b16|2,dinov2_b|2,1.0,0.1,532,102,768,768,0.40453856816268935,0.35,0.40453856816268935,,0.3090438133419358,0.3896810992999741,0.6676092243529299,0.37593984962406013,-0.24729168187948036,0.9999999988641977,0.9740131119456134,0.6898007985892928,homoscedastic,linear
0,clip_b16|2,mae_b16|2,1.0,0.1,532,102,768,768,0.3452631257309048,0.26666666666666666,0.3452631257309048,,0.313776582476582,0.2072854550168525,0.4528263640269545,0.16654135338345863,-0.3158313913756984,0.9999999901944604,0.9354953416477189,0.5616721620988093,homoscedastic,linear
0,clip_b16|2,vit_sup_b16|2,1.0,0.1,532,102,768,768,0.47869677415770595,0.26666666666666666,0.47869677415770595,,0.4149493414417408,0.1958128078817734,0.6624475509057176,0.3603383458646616,-0.2278066336397011,0.9999999990723215,0.977802931110365,0.6966828773946164,homoscedastic,linear
0,convnext_s|2,dinov2_b|2,1.0,0.1,532,102,768,768,0.5564698235272875,0.3,0.5564698235272875,,0.5629958074848868,0.27365828364013484,0.7132865292851648,0.3763157894736842,-0.38954816335467235,0.9999999994073582,0.9827094086531779,0.7146926568945218,homoscedastic,linear
0,convnext_s|2,mae_b16|2,1.0,0.1,532,102,768,768,0.19822105061402945,0.2,0.19822105061402945,,0.19635700297529465,-0.12373606429867774,0.2904668712091842,0.1323308270676692,-0.6234194949903528,0.9999999906319718,0.9418588376658805,0.5586884882569082,homoscedastic,linear
0,convnext_s|2,vit_sup_b16|2,1.0,0.1,532,102,768,768,0.5950938197050546,0.43333333333333335,0.5950938197050546,,0.5961529236676832,0.29589058854031636,0.7394794867785122,0.4473684210526316,-0.21404204777527847,0.9999999996220706,0.9866706797811686,0.7485855121357504,homoscedastic,linear
0,dinov2_b|2,mae_b16|2,1.0,0.1,532,102,768,768,0.3069106858630163,0.21666666666666667,0.3069106858630163,,0.29566518101807604,-0.2738527352864921,0.3404639561969015,0.15319548872180452,-0.4847149973686343,0.9999999905911495,0.9411959669692287,0.5796666705634248,homoscedastic,linear
0,dinov2_b|2,vit_sup_b16|2,1.0,0.1,532,102,768,768,0.5730727585354403,0.3,0.5730727585354403,,0.5401424927476444,0.37736582836401356,0.8440082460109617,0.4911654135338345,-0.08477563885328121,0.9999999995094154,0.9851261052470925,0.7581877454030201,homoscedastic,linear
0,mae_b16|2,vit_sup_b16|2,1.0,0.1,532,102,768,768,0.3064930180361612,0.21666666666666667,0.3064930180361612,,0.2850731141776806,0.02456572465646876,0.3458231739901204,0.1505639097744361,-0.4538033088686755,0.9999999907763983,0.9443120107346153,0.575119819996734,homoscedastic,linear
0,clip_b16|2,convnext_s|2,1.0,0.25,532,256,768,768,0.36423412287256346,0.25,0.36423412287256346,,0.2871933563745777,0.1345605392792326,0.5554326892156511,0.3093984962406015,-0.45415842812344287,0.99999999896571,0.9753088772101673,0.6666366913854866,homoscedastic,linear
0,clip_b16|2,dinov2_b|2,1.0,0.25,532,256,768,768,0.4488447467909632,0.48333333333333334,0.4488447467909632,,0.3285595154862826,0.43129375162043043,0.6676092243529299,0.37593984962406013,-0.24729168187948036,0.9999999988641977,0.9740131119456134,0.6898007985892928,homoscedastic,linear
0,clip_b16|2,mae_b16|2,1.0,0.25,532,256,768,768,0.38465651293475817,0.35,0.38465651293475817,,0.3248973607301884,0.17766398755509466,0.4528263640269545,0.16654135338345863,-0.3158313913756984,0.9999999901944604,0.9354953416477189,0.5616721620988093,homoscedastic,linear
0,clip_b16|2,vit_sup_b16|2,1.0,0.25,532,256,768,768,0.4724626457295714,0.31666666666666665,0.4724626457295714,,0.36850046230394057,0.32337308789214414,0.6624475509057176,0.3603383458646616,-0.2278066336397011,0.9999999990723215,0.977802931110365,0.6966828773946164,homoscedastic,linear
0,convnext_s|2,dinov2_b|2,1.0,0.25,532,256,768,768,0.6091149697638049,0.35,0.6091149697638049,,0.5796485680570163,0.28986258750324084,0.7132865292851648,0.3763157894736842,-0.38954816335467235,0.9999999994073582,0.9827094086531779,0.7146926568945218,homoscedastic,linear
0,convnext_s|2,mae_b16|2,1.0,0.25,532,256,768,768,0.16832980091611366,0.15,0.16832980091611366,,0.1280575169661349,-0.23509204044594245,0.2904668712091842,0.1323308270676692,-0.6234194949903528,0.9999999906319718,0.9418588376658805,0.5586884882569082,homoscedastic,linear
0,convnext_s|2,vit_sup_b16|2,1.0,0.25,532,256,768,768,0.6191992755535431,0.45,0.6191992755535431,,0.5906606659095516,0.2888255120560021,0.7394794867785122,0.4473684210526316,-0.21404204777527847,0.9999999996220706,0.9866706797811686,0.7485855121357504,homoscedastic,linear
0,dinov2_b|2,mae_b16|2,1.0,0.25,532,256,768,768,0.28131139253164594,0.21666666666666667,0.28131139253164594,,0.22111050083526512,-0.19723878662172672,0.3404639561969015,0.15319548872180452,-0.4847149973686343,0.9999999905911495,0.9411959669692287,0.5796666705634248,homoscedastic,linear
0,dinov2_b|2,vit_sup_b16|2,1.0,0.25,532,256,768,768,0.5881605782238284,0.36666666666666664,0.5881605782238284,,0.5327943484992211,0.31365050557428054,0.8440082460109617,0.4911654135338345,-0.08477563885328121,0.9999999995094154,0.9851261052470925,0.7581877454030201,homoscedastic,linear
0,mae_b16|2,vit_sup_b16|2,1.0,0.25,532,256,768,768,0.33578776607712796,0.2,0.33578776607712796,,0.28335611374475783,0.08102151931553021,0.3458231739901204,0.1505639097744361,-0.4538033088686755,0.9999999907763983,0.9443120107346153,0.575119819996734,homoscedastic,linear
0,clip_b16|2,convnext_s|2,1.0,1.0,532,1024,768,768,0.3337984827735633,0.18333333333333332,0.3337984827735633,,0.27757776419980645,0.09191081151153747,0.5554326892156511,0.3093984962406015,-0.45415842812344287,0.99999999896571,0.9753088772101673,0.6666366913854866,homoscedastic,linear
0,clip_b16|2,dinov2_b|2,1.0,1.0,532,1024,768,768,0.43229336748157626,0.38333333333333336,0.43229336748157626,,0.34098093580870814,0.4651931553020483,0.6676092243529299,0.37593984962406013,-0.24729168187948036,0.9999999988641977,0.9740131119456134,0.6898007985892928,homoscedastic,linear
0,clip_b16|2,mae_b16|2,1.0,1.0,532,1024,768,768,0.33948299856388486,0.23333333333333334,0.33948299856388486,,0.2955080066725269,0.10636505055742806,0.4528263640269545,0.16654135338345863,-0.3158313913756984,0.9999999901944604,0.9354953416477189,0.5616721620988093,homoscedastic,linear
0,clip_b16|2,vit_sup_b16|2,1.0,1.0,532,1024,768,768,0.4086311350864863,0.2833333333333333,0.4086311350864863,,0.3229236496947355,0.30088151413015296,0.6624475509057176,0.3603383458646616,-0.2278066336397011,0.9999999990723215,0.977802931110365,0.6966828773946164,homoscedastic,linear
0,convnext_s|2,dinov2_b|2,1.0,1.0,532,1024,768,768,0.6548038188994969,0.43333333333333335,0.6548038188994969,,0.6519630078897474,0.3219471091521908,0.7132865292851648,0.3763157894736842,-0.38954816335467235,0.9999999994073582,0.9827094086531779,0.7146926568945218,homoscedastic,linear
0,convnext_s|2,mae_b16|2,1.0,1.0,532,1024,768,768,0.10357356548212632,0.16666666666666666,0.10357356548212632,,0.07994620245194978,-0.1613948664765362,0.2904668712091842,0.1323308270676692,-0.6234194949903528,0.9999999906319718,0.9418588376658805,0.5586884882569082,homoscedastic,linear
0,convnext_s|2,vit_sup_b16|2,1.0,1.0,532,1024,768,768,0.5817684493568037,0.3333333333333333,0.5817684493568037,,0.5654345956849234,0.3387347679543687,0.7394794867785122,0.4473684210526316,-0.21404204777527847,0.9999999996220706,0.9866706797811686,0.7485855121357504,homoscedastic,linear
0,dinov2_b|2,mae_b16|2,1.0,1.0,532,1024,768,768,0.2215258931274809,0.21666666666666667,0.2215258931274809,,0.18244021528613077,-0.11705989110707805,0.3404639561969015,0.15319548872180452,-0.4847149973686343,0.9999999905911495,0.9411959669692287,0.5796666705634248,homoscedastic,linear
0,dinov2_b|2,vit_sup_b16|2,1.0,1.0,532,1024,768,768,0.6413170036583434,0.4,0.6413170036583434,,0.6163458920907051,0.4249416645060929,0.8440082460109617,0.4911654135338345,-0.08477563885328121,0.9999999995094154,0.9851261052470925,0.7581877454030201,homoscedastic,linear
0,mae_b16|2,vit_sup_b16|2,1.0,1.0,532,1024,768,768,0.25000975002708337,0.2,0.25000975002708337,,0.21388392873204,0.0211952294529427,0.3458231739901204,0.1505639097744361,-0.4538033088686755,0.9999999907763983,0.9443120107346153,0.575119819996734,homoscedastic,linear
0,clip_b16|2,convnext_s|2,10.0,0.1,532,102,768,768,0.32397123325342564,0.15,0.32397123325342564,,0.3062242689781464,0.06578947368421054,0.5554326892156511,0.3093984962406015,-0.45415842812344287,0.99999999896571,0.9753088772101673,0.6666366913854866,homoscedastic,linear
0,clip_b16|2,dinov2_b|2,10.0,0.1,532,102,768,768,0.4046125683682454,0.35,0.4046125683682454,,0.3090608274461035,0.3896810992999741,0.6676092243529299,0.37593984962406013,-0.24729168187948036,0.9999999988641977,0.9740131119456134,0.6898007985892928,homoscedastic,linear
0,clip_b16|2,mae_b16|2,10.0,0.1,532,102,768,768,0.3452526257017381,0.26666666666666666,0.3452526257017381,,0.31377395915655615,0.2072854550168525,0.4528263640269545,0.16654135338345863,-0.3158313913756984,0.9999999901944604,0.9354953416477189,0.5616721620988093,homoscedastic,linear
0,clip_b16|2,vit_sup_b16|2,10.0,0.1,532,102,768,768,0.4787131075364097,0.26666666666666666,0.4787131075364097,,0.41494499422569786,0.1958128078817734,0.6624475509057176,0.3603383458646616,-0.2278066336397011,0.9999999990723215,0.977802931110365,0.6966828773946164,homoscedastic,linear
0,convnext_s|2,dinov2_b|2,10.0,0.1,532,102,768,768,0.5565494348595412,0.3,0.5565494348595412,,0.5630792290617089,0.27365828364013484,0.7132865292851648,0.3763157894736842,-0.38954816335467235,0.9999999994073582,0.9827094086531779,0.7146926568945218,homoscedastic,linear
0,convnext_s|2,mae_b16|2,10.0,0.1,532,102,768,768,0.1981656615712821,0.2,0.1981656615712821,,0.19631308110286175,-0.12373606429867774,0.2904668712091842,0.1323308270676692,-0.6234194949903528,0.9999999906319718,0.9418588376658805,0.5586884882569082,homoscedastic,linear
0,convnext_s|2,vit_sup_b16|2,10.0,0.1,532,102,768,768,0.5951115419765054,0.43333333333333335,0.5951115419765054,,0.5961586200197394,0.29589058854031636,0.7394794867785122,0.4473684210526316,-0.21404204777527847,0.9999999996220706,0.9866706797811686,0.7485855121357504,homoscedastic,linear
0,dinov2_b|2,mae_b16|2,10.0,0.1,532,102,768,768,0.3068991302753618,0.21666666666666667,0.3068991302753618,,0.295622158569652,-0.2738527352864921,0.3404639561969015,0.15319548872180452,-0.4847149973686343,0.9999999905911495,0.9411959669692287,0.5796666705634248,homoscedastic,linear
0,dinov2_b|2,vit_sup_b16|2,10.0,0.1,532,102,768,768,0.5732005922238673,0.3,0.5732005922238673,,0.5402369322685753,0.37736582836401356,0.8440082460109617,0.4911654135338345,-0.08477563885328121,0.9999999995094154,0.9851261052470925,0.7581877454030201,homoscedastic,linear
0,mae_b16|2,vit_sup_b16|2,10.0,0.1,532,102,768,768,0.3065240736779824,0.21666666666666667,0.3065240736779824,,0.2850979982419259,0.02456572465646876,0.3458231739901204,0.1505639097744361,-0.4538033088686755,0.9999999907763983,0.9443120107346153,0.575119819996734,homoscedastic,linear
0,clip_b16|2,convnext_s|2,10.0,0.25,532,256,768,768,0.36426823407842795,0.25,0.36426823407842795,,0.28722641020690354,0.13345864661654136,0.5554326892156511,0.3093984962406015,-0.45415842812344287,0.99999999896571,0.9753088772101673,0.6666366913854866,homoscedastic,linear
0,clip_b16|2,dinov2_b|2,10.0,0.25,532,256,768,768,0.4488118022550062,0.48333333333333334,0.4488118022550062,,0.32851859169387926,0.4332382680840032,0.6676092243529299,0.37593984962406013,-0.24729168187948036,0.9999999988641977,0.9740131119456134,0.6898007985892928,homoscedastic,linear
0,clip_b16|2,mae_b16|2,10.0,0.25,532,256,768,768,0.3845629015636154,0.35,0.3845629015636154,,0.32481918579341795,0.17688618096966555,0.4528263640269545,0.16654135338345863,-0.3158313913756984,0.9999999901944604,0.9354953416477189,0.5616721620988093,homoscedastic,linear
0,clip_b16|2,vit_sup_b16|2,10.0,0.25,532,256,768,768,0.47241120114222535,0.31666666666666665,0.47241120114222535,,0.36842828352722923,0.3275213896810993,0.6624475509057176,0.3603383458646616,-0.2278066336397011,0.9999999990723215,0.977802931110365,0.6966828773946164,homoscedastic,linear
0,convnext_s|2,dinov2_b|2,10.0,0.25,532,256,768,768,0.609179025497293,0.35,0.609179025497293,,0.5797208217857285,0.28986258750324084,0.7132865292851648,0.3763157894736842,-0.38954816335467235,0.9999999994073582,0.9827094086531779,0.7146926568945218,homoscedastic,linear
0,convnext_s|2,mae_b16|2,10.0,0.25,532,256,768,768,0.1685998016661157,0.15,0.1685998016661157,,0.12838026028131586,-0.23509204044594245,0.2904668712091842,0.1323308270676692,-0.6234194949903528,0.9999999906319718,0.9418588376658805,0.5586884882569082,homoscedastic,linear
0,convnext_s|2,vit_sup_b16|2,10.0,0.25,532,256,768,768,0.6191914977541603,0.45,0.6191914977541603,,0.5906558689815044,0.2888255120560021,0.7394794867785122,0.4473684210526316,-0.21404204777527847,0.9999999996220706,0.9866706797811686,0.7485855121357504,homoscedastic,linear
0,dinov2_b|2,mae_b16|2,10.0,0.25,532,256,768,768,0.2812471701310281,0.21666666666666667,0.2812471701310281,,0.221124591811404,-0.19723878662172672,0.3404639561969015,0.15319548872180452,-0.4847149973686343,0.9999999905911495,0.9411959669692287,0.5796666705634248,homoscedastic,linear
0,dinov2_b|2,vit_sup_b16|2,10.0,0.25,532,256,768,768,0.5881591337753715,0.36666666666666664,0.5881591337753715,,0.5327623439949056,0.31365050557428054,0.8440082460109617,0.4911654135338345,-0.08477563885328121,0.9999999995094154,0.9851261052470925,0.7581877454030201,homoscedastic,linear
0,mae_b16|2,vit_sup_b16|2,10.0,0.25,532,256,768,768,0.336031155642099,0.2,0.336031155642099,,0.2835974591871366,0.08102151931553021,0.3458231739901204,0.1505639097744361,-0.4538033088686755,0.9999999907763983,0.9443120107346153,0.575119819996734,homoscedastic,linear
0,clip_b16|2,convnext_s|2,10.0,1.0,532,1024,768,768,0.33364976013822256,0.18333333333333332,0.33364976013822256,,0.2775151792791896,0.0903551983406793,0.5554326892156511,0.3093984962406015,-0.45415842812344287,0.99999999896571,0.9753088772101673,0.6666366913854866,homoscedastic,linear
0,clip_b16|2,dinov2_b|2,10.0,1.0,532,1024,768,768,0.4329927027575076,0.38333333333333336,0.4329927027575076,,0.34184213429719607,0.4741379310344828,0.6676092243529299,0.37593984962406013,-0.24729168187948036,0.9999999988641977,0.9740131119456134,0.6898007985892928,homoscedastic,linear
0,clip_b16|2,mae_b16|2,10.0,1.0,532,1024,768,768,0.3377682160228222,0.23333333333333334,0.3377682160228222,,0.29445590543815736,0.11148561057816957,0.4528263640269545,0.16654135338345863,-0.3158313913756984,0.9999999901944604,0.9354953416477189,0.5616721620988093,homoscedastic,linear
0,clip_b16|2,vit_sup_b16|2,10.0,1.0,532,1024,768,768,0.4087319131442031,0.3,0.4087319131442031,,0.3231537523370034,0.2978999222193415,0.6624475509057176,0.3603383458646616,-0.2278066336397011,0.9999999990723215,0.977802931110365,0.6966828773946164,homoscedastic,linear
0,convnext_s|2,dinov2_b|2,10.0,1.0,532,1024,768,768,0.6545484293011925,0.43333333333333335,0.6545484293011925,,0.6519979355220916,0.3133912367124708,0.7132865292851648,0.3763157894736842,-0.38954816335467235,0.9999999994073582,0.9827094086531779,0.7146926568945218,homoscedastic,linear
0,convnext_s|2,mae_b16|2,10.0,1.0,532,1024,768,768,0.09949072080755779,0.16666666666666666,0.09949072080755779,,0.07595058624456899,-0.15983925330567803,0.2904668712091842,0.1323308270676692,-0.6234194949903528,0.9999999906319718,0.9418588376658805,0.5586884882569082,homoscedastic,linear
0,convnext_s|2,vit_sup_b16|2,10.0,1.0,532,1024,768,768,0.5810742807618909,0.3333333333333333,0.5810742807618909,,0.5647412147260895,0.3411330049261084,0.7394794867785122,0.4473684210526316,-0.21404204777527847,0.9999999996220706,0.9866706797811686,0.7485855121357504,homoscedastic,linear
0,dinov2_b|2,mae_b16|2,10.0,1.0,532,1024,768,768,0.21862671840755113,0.21666666666666667,0.21862671840755113,,0.1801183522072465,-0.11699507389162563,0.3404639561969015,0.15319548872180452,-0.4847149973686343,0.9999999905911495,0.9411959669692287,0.5796666705634248,homoscedastic,linear
0,dinov2_b|2,vit_sup_b16|2,10.0,1.0,532,1024,768,768,0.641006502795841,0.4,0.641006502795841,,0.6162191482574558,0.42299714804252014,0.8440082460109617,0.4911654135338345,-0.08477563885328121,0.9999999995094154,0.9851261052470925,0.7581877454030201,homoscedastic,linear
0,mae_b16|2,vit_sup_b16|2,10.0,1.0,532,1024,768,768,0.2463726288128578,0.2,0.2463726288128578,,0.2104394345860911,0.0195747990666321,0.3458231739901204,0.1505639097744361,-0.4538033088686755,0.9999999907763983,0.9443120107346153,0.575119819996734,homoscedastic,linear
1,clip_b16|2,convnext_s|2,0.1,0.1,532,102,768,768,0.1798385551070975,0.18333333333333332,0.1425045391881597,0.23338413233544988,0.17360314954303266,0.11193933108633654,0.5312150835017987,0.3171052631578947,-0.3898362647901994,0.9999999989124229,0.9752751443714899,0.6681161419474021,heteroscedastic,linear
1,clip_b16|2,dinov2_b|2,0.1,0.1,532,102,768,768,0.3266561851560698,0.31666666666666665,0.20936408952682636,0.48516174832347925,0.2375160697089584,0.2686673580502982,0.6665947413045636,0.38289473684210523,-0.19935230964410688,0.9999999988367568,0.974192582516013,0.6890921179514441,heteroscedastic,linear
1,clip_b16|2,mae_b16|2,0.1,0.1,532,102,768,768,0.3022331728699246,0.3,0.10501353174987568,0.4330071752543231,0.23962004732169523,0.20106300233341975,0.4307613506050173,0.15808270676691727,-0.22969298304838814,0.9999999913432017,0.9366086294079049,0.5627478358188643,heteroscedastic,linear
1,clip_b16|2,vit_sup_b16|2,0.1,0.1,532,102,768,768,0.34971580476612435,0.2833333333333333,0.21719936718244692,0.45721978373979516,0.2855964290468384,0.17500648172154523,0.6468483758008671,0.36296992481203005,-0.18101546362386495,0.9999999989966234,0.9773080905607565,0.6946408054802129,heteroscedastic,linear
1,convnext_s|2,dinov2_b|2,0.1,0.1,532,102,768,768,0.5129427026186184,0.31666666666666665,0.3996266570530349,0.6083288021963935,0.5302734129063749,0.3995333160487426,0.7051888514496096,0.3954887218045113,-0.28155321134871125,0.9999999994616248,0.9835681161312995,0.7194309253011225,heteroscedastic,linear
1,convnext_s|2,mae_b16|2,0.1,0.1,532,102,768,768,0.07932649812916145,0.13333333333333333,0.07225805268962737,0.10377658045916824,0.09102703128916241,-0.2725563909774436,0.2818737494913485,0.1285714285714286,-0.49010380445433066,0.9999999918487148,0.9440083199123643,0.56048983341938,heteroscedastic,linear
1,convnext_s|2,vit_sup_b16|2,0.1,0.1,532,102,768,768,0.5397048325134236,0.45,0.447015008659637,0.6312143251510355,0.5547981572600907,0.25602800103707546,0.7319257232155998,0.475375939849624,-0.11392937414021653,0.9999999996257622,0.9868765211196051,0.7510995494021947,heteroscedastic,linear
1,dinov2_b|2,mae_b16|2,0.1,0.1,532,102,768,768,0.2552467090186361,0.16666666666666666,0.3091976541252743,0.2102254844546396,0.22076302335984038,-0.14765361680062225,0.340251262960809,0.1449248120300752,-0.4131415668781421,0.999999991814313,0.9428808091873996,0.577967781380967,heteroscedastic,linear
1,dinov2_b|2,vit_sup_b16|2,0.1,0.1,532,102,768,768,0.556624935069264,0.26666666666666666,0.4340894423596338,0.6736023083245294,0.5328536355318055,0.3924034223489759,0.8312641021390909,0.5013157894736843,-0.022050383904161197,0.9999999995365985,0.9853928736316679,0.7575192104759517,heteroscedastic,linear
1,mae_b16|2,vit_sup_b16|2,0.1,0.1,532,102,768,768,0.2962489895805266,0.2,0.2794074964402665,0.26200918850339544,0.2700497351496102,0.08426238008815143,0.3382817285969025,0.13439849624060152,-0.3361997051914836,0.9999999919708725,0.9460289923751836,0.5799448657107453,heteroscedastic,linear
1,clip_b16|2,convnext_s|2,0.1,0.25,532,256,768,768,0.2555225986738852,0.15,0.14257355030380167,0.3469884625663856,0.2131084003803964,0.09327197303603837,0.5312150835017987,0.3171052631578947,-0.3898362647901994,0.9999999989124229,0.9752751443714899,0.6681161419474021,heteroscedastic,linear
1,clip_b16|2,dinov2_b|2,0.1,0.25,532,256,768,768,0.3883525232014533,0.36666666666666664,0.20904778858013404,0.56139097107082,0.2767317060154677,0.3489758879958517,0.6665947413045636,0.38289473684210523,-0.19935230964410688,0.9999999988367568,0.974192582516013,0.6890921179514441,heteroscedastic,linear
1,clip_b16|2,mae_b16|2,0.1,0.25,532,256,768,768,0.3574333817593937,0.31666666666666665,0.1536322221525322,0.4888598263115372,0.2807371409349453,0.23321234119782216,0.4307613506050173,0.15808270676691727,-0.22969298304838814,0.9999999913432017,0.9366086294079049,0.5627478358188643,heteroscedastic,linear
1,clip_b16|2,vit_sup_b16|2,0.1,0.25,532,256,768,768,0.41979983277731325,0.35,0.21951123955645263,0.5518623182274024,0.34305665651716644,0.2523982369717397,0.6468483758008671,0.36296992481203005,-0.18101546362386495,0.9999999989966234,0.9773080905607565,0.6946408054802129,heteroscedastic,linear
1,convnext_s|2,dinov2_b|2,0.1,0.25,532,256,768,768,0.5861421837282881,0.2833333333333333,0.4809328936989797,0.6549220155725891,0.5840980186288701,0.4054964998703656,0.7051888514496096,0.3954887218045113,-0.28155321134871125,0.9999999994616248,0.9835681161312995,0.7194309253011225,heteroscedastic,linear
1,convnext_s|2,mae_b16|2,0.1,0.25,532,256,768,768,0.15116925324792568,0.13333333333333333,0.09580486100640132,0.18890777677147905,0.13597994344421832,-0.29219600725952816,0.2818737494913485,0.1285714285714286,-0.49010380445433066,0.9999999918487148,0.9440083199123643,0.56048983341938,heteroscedastic,linear
1,convnext_s|2,vit_sup_b16|2,0.1,0.25,532,256,768,768,0.5713401426115071,0.3333333333333333,0.43292847411211544,0.668159917157691,0.5680278599584827,0.24688877365828368,0.7319257232155998,0.475375939849624,-0.11392937414021653,0.9999999996257622,0.9868765211196051,0.7510995494021947,heteroscedastic,linear
1,dinov2_b|2,mae_b16|2,0.1,0.25,532,256,768,768,0.3025517293103592,0.18333333333333332,0.33568462351471096,0.2646628010273742,0.24405810518943669,-0.08970702618615504,0.340251262960809,0.1449248120300752,-0.4131415668781421,0.999999991814313,0.9428808091873996,0.577967781380967,heteroscedastic,linear
1,dinov2_b|2,vit_sup_b16|2,0.1,0.25,532,256,768,768,0.579133386481629,0.38333333333333336,0.40796981338783295,0.6975652504664487,0.5426710734445661,0.3752268602540835,0.8312641021390909,0.5013157894736843,-0.022050383904161197,0.9999999995365985,0.9853928736316679,0.7575192104759517,heteroscedastic,linear
1,mae_b16|2,vit_sup_b16|2,0.1,0.25,532,256,768,768,0.32735940933169255,0.2,0.2662159497987266,0.3160963019499388,0.28256956744900563,0.05191858957739176,0.3382817285969025,0.13439849624060152,-0.3361997051914836,0.9999999919708725,0.9460289923751836,0.5799448657107453,heteroscedastic,linear
1,clip_b16|2,convnext_s|2,0.1,1.0,532,1024,768,768,0.3324824791179975,0.18333333333333332,0.16608872852590642,0.4288600329704793,0.2485936756101393,0.15789473684210528,0.5312150835017987,0.3171052631578947,-0.3898362647901994,0.9999999989124229,0.9752751443714899,0.6681161419474021,heteroscedastic,linear
1,clip_b16|2,dinov2_b|2,0.1,1.0,532,1024,768,768,0.44159344887069124,0.5,0.24156136930274152,0.5912280540072425,0.30190935724761864,0.33724397199896294,0.6665947413045636,0.38289473684210523,-0.19935230964410688,0.9999999988367568,0.974192582516013,0.6890921179514441,heteroscedastic,linear
1,clip_b16|2,mae_b16|2,0.1,1.0,532,1024,768,768,0.42011872255200705,0.35,0.23306473512221887,0.42785857490786217,0.35765175981301583,0.20255379828882553,0.4307613506050173,0.15808270676691727,-0.22969298304838814,0.9999999913432017,0.9366086294079049,0.5627478358188643,heteroscedastic,linear
1,clip_b16|2,vit_sup_b16|2,0.1,1.0,532,1024,768,768,0.46072755757654876,0.35,0.20770386898958562,0.5975289175902785,0.3543901485488693,0.36803214933886447,0.6468483758008671,0.36296992481203005,-0.18101546362386495,0.9999999989966234,0.9773080905607565,0.6946408054802129,heteroscedastic,linear
1,convnext_s|2,dinov2_b|2,0.1,1.0,532,1024,768,768,0.6683656899046941,0.38333333333333336,0.5645369848360654,0.7176173117637252,0.6418449375020238,0.344438682914182,0.7051888514496096,0.3954887218045113,-0.28155321134871125,0.9999999994616248,0.9835681161312995,0.7194309253011225,heteroscedastic,linear
1,convnext_s|2,mae_b16|2,0.1,1.0,532,1024,768,768,0.15187703299175828,0.11666666666666667,0.1050660089523951,0.0916004590062665,0.10460136328695105,-0.20397977702877887,0.2818737494913485,0.1285714285714286,-0.49010380445433066,0.9999999918487148,0.9440083199123643,0.56048983341938,heteroscedastic,linear
1,convnext_s|2,vit_sup_b16|2,0.1,1.0,532,1024,768,768,0.5938116494768041,0.3,0.474013451057191,0.6437333887402713,0.5620735231157966,0.25246305418719217,0.7319257232155998,0.475375939849624,-0.11392937414021653,0.9999999996257622,0.9868765211196051,0.7510995494021947,heteroscedastic,linear
1,dinov2_b|2,mae_b16|2,0.1,1.0,532,1024,768,768,0.27948338745385404,0.21666666666666667,0.27163008748057493,0.17545204549065996,0.20299047989667415,-0.1440886699507389,0.340251262960809,0.1449248120300752,-0.4131415668781421,0.999999991814313,0.9428808091873996,0.577967781380967,heteroscedastic,linear
1,dinov2_b|2,vit_sup_b16|2,0.1,1.0,532,1024,768,768,0.6416521157003214,0.48333333333333334,0.4750112367708477,0.7414992659418523,0.5818023137982437,0.4072465646875811,0.8312641021390909,0.5013157894736843,-0.022050383904161197,0.9999999995365985,0.9853928736316679,0.7575192104759517,heteroscedastic,linear
1,mae_b16|2,vit_sup_b16|2,0.1,1.0,532,1024,768,768,0.30593673871316307,0.2,0.2157343187066311,0.2187794890441437,0.24396508975651993,0.02301011148561058,0.3382817285969025,0.13439849624060152,-0.3361997051914836,0.9999999919708725,0.9460289923751836,0.5799448657107453,heteroscedastic,linear
1,clip_b16|2,convnext_s|2,1.0,0.1,532,102,768,768,0.18040655668487965,0.18333333333333332,0.14223783998083506,0.23576908823471093,0.17423604423727046,0.11699507389162563,0.5312150835017987,0.3171052631578947,-0.3898362647901994,0.9999999989124229,0.9752751443714899,0.6681161419474021,heteroscedastic,linear
1,clip_b16|2,dinov2_b|2,1.0,0.1,532,102,768,768,0.32717557548770965,0.3,0.20912362892076142,0.48589231561065344,0.23859148101555766,0.2776121337827327,0.6665947413045636,0.38289473684210523,-0.19935230964410688,0.9999999988367568,0.974192582516013,0.6890921179514441,heteroscedastic,linear
1,clip_b16|2,mae_b16|2,1.0,0.1,532,102,768,768,0.29921766449351245,0.3,0.10304923098433753,0.43358582029217657,0.23675343310144184,0.20618356235416127,0.4307613506050173,0.15808270676691727,-0.22969298304838814,0.9999999913432017,0.9366086294079049,0.5627478358188643,heteroscedastic,linear
1,clip_b16|2,vit_sup_b16|2,1.0,0.1,532,102,768,768,0.3485126903130286,0.2833333333333333,0.21620481636483593,0.4562261452047166,0.2846023406610407,0.17319159968887735,0.6468483758008671,0.36296992481203005,-0.18101546362386495,0.9999999989966234,0.9773080905607565,0.6946408054802129,heteroscedastic,linear
1,convnext_s|2,dinov2_b|2,1.0,0.1,532,102,768,768,0.5140605390570528,0.31666666666666665,0.3998387224604764,0.6099027613823695,0.5315391273428497,0.39674617578428834,0.7051888514496096,0.3954887218045113,-0.28155321134871125,0.9999999994616248,0.9835681161312995,0.7194309253011225,heteroscedastic,linear
1,convnext_s|2,mae_b16|2,1.0,0.1,532,102,768,768,0.08051044586234962,0.13333333333333333,0.0708860973333494,0.10964401880149541,0.09218908710861565,-0.26620430386310606,0.2818737494913485,0.1285714285714286,-0.49010380445433066,0.9999999918487148,0.9440083199123643,0.56048983341938,heteroscedastic,linear
1,convnext_s|2,vit_sup_b16|2,1.0,0.1,532,102,768,768,0.5410485584682179,0.45,0.4469747521755125,0.6325754814804264,0.5566685094865248,0.25025926886180977,0.7319257232155998,0.475375939849624,-0.11392937414021653,0.9999999996257622,0.9868765211196051,0.7510995494021947,heteroscedastic,linear
1,dinov2_b|2,mae_b16|2,1.0,0.1,532,102,768,768,0.2586708851969033,0.16666666666666666,0.31099877235695067,0.2168927487566253,0.22503251417792047,-0.13481980814104227,0.340251262960809,0.1449248120300752,-0.4131415668781421,0.999999991814313,0.9428808091873996,0.577967781380967,heteroscedastic,linear
1,dinov2_b|2,vit_sup_b16|2,1.0,0.1,532,102,768,768,0.5575972155478209,0.26666666666666666,0.43364482386979475,0.6749148718756449,0.5344147358031917,0.3985610578169562,0.8312641021390909,0.5013157894736843,-0.022050383904161197,0.9999999995365985,0.9853928736316679,0.7575192104759517,heteroscedastic,linear
1,mae_b16|2,vit_sup_b16|2,1.0,0.1,532,102,768,768,0.2979520498668052,0.2,0.2804706989406255,0.26640208736702264,0.2722595449873901,0.10292973813844958,0.3382817285969025,0.13439849624060152,-0.3361997051914836,0.9999999919708725,0.9460289923751836,0.5799448657107453,heteroscedastic,linear
1,clip_b16|2,convnext_s|2,1.0,0.25,532,256,768,768,0.2562726007572243,0.16666666666666666,0.14134608697089907,0.352767093417382,0.21354454607269507,0.09754990925589838,0.5312150835017987,0.3171052631578947,-0.3898362647901994,0.9999999989124229,0.9752751443714899,0.6681161419474021,heteroscedastic,linear
1,clip_b16|2,dinov2_b|2,1.0,0.25,532,256,768,768,0.3896239156219878,0.36666666666666664,0.21125937917672258,0.5628632763987947,0.2792668824884544,0.35416126523204566,0.6665947413045636,0.38289473684210523,-0.19935230964410688,0.9999999988367568,0.974192582516013,0.6890921179514441,heteroscedastic,linear
1,clip_b16|2,mae_b16|2,1.0,0.25,532,256,768,768,0.3573246592351645,0.31666666666666665,0.1655869602059263,0.4859157741932691,0.2838278616374074,0.2257583614207934,0.4307613506050173,0.15808270676691727,-0.22969298304838814,0.9999999913432017,0.9366086294079049,0.5627478358188643,heteroscedastic,linear
1,clip_b16|2,vit_sup_b16|2,1.0,0.25,532,256,768,768,0.4141464281845227,0.36666666666666664,0.21563008316738022,0.5487629926337257,0.33893437142853716,0.24578688099559243,0.6468483758008671,0.36296992481203005,-0.18101546362386495,0.9999999989966234,0.9773080905607565,0.6946408054802129,heteroscedastic,linear
1,convnext_s|2,dinov2_b|2,1.0,0.25,532,256,768,768,0.5877735215931155,0.2833333333333333,0.4843000610496771,0.6572667567587945,0.585963573927257,0.41120041483017894,0.7051888514496096,0.3954887218045113,-0.28155321134871125,0.9999999994616248,0.9835681161312995,0.7194309253011225,heteroscedastic,linear
1,convnext_s|2,mae_b16|2,1.0,0.25,532,256,768,768,0.1518562551562643,0.13333333333333333,0.09602663110197991,0.19564765097203707,0.1379580766477148,-0.2976406533575318,0.2818737494913485,0.1285714285714286,-0.49010380445433066,0.9999999918487148,0.9440083199123643,0.56048983341938,heteroscedastic,linear
1,convnext_s|2,vit_sup_b16|2,1.0,0.25,532,256,768,768,0.5734128150355973,0.3333333333333333,0.43252698756955255,0.6710430886686947,0.5707617341854276,0.2486388384754991,0.7319257232155998,0.475375939849624,-0.11392937414021653,0.9999999996257622,0.9868765211196051,0.7510995494021947,heteroscedastic,linear
1,dinov2_b|2,mae_b16|2,1.0,0.25,532,256,768,768,0.30505479181886613,0.18333333333333332,0.3376467676828853,0.272084649736831,0.249258724712694,-0.08270676691729324,0.340251262960809,0.1449248120300752,-0.4131415668781421,0.999999991814313,0.9428808091873996,0.577967781380967,heteroscedastic,linear
1,dinov2_b|2,vit_sup_b16|2,1.0,0.25,532,256,768,768,0.5785262736840935,0.4,0.4086606434100405,0.6969530931677157,0.54396002300127,0.37853253824215716,0.8312641021390909,0.5013157894736843,-0.022050383904161197,0.9999999995365985,0.9853928736316679,0.7575192104759517,heteroscedastic,linear
1,mae_b16|2,vit_sup_b16|2,1.0,0.25,532,256,768,768,0.3243607343353731,0.2,0.26447126253140324,0.3191995373073847,0.28145090883798013,0.05885403163080114,0.3382817285969025,0.13439849624060152,-0.3361997051914836,0.9999999919708725,0.9460289923751836,0.5799448657107453,heteroscedastic,linear
1,clip_b16|2,convnext_s|2,1.0,1.0,532,1024,768,768,0.3313571982144395,0.2,0.1733823408103163,0.4426654088398083,0.24844811882470466,0.11479128856624321,0.5312150835017987,0.3171052631578947,-0.3898362647901994,0.9999999989124229,0.9752751443714899,0.6681161419474021,heteroscedastic,linear
1,clip_b16|2,dinov2_b|2,1.0,1.0,532,1024,768,768,0.434681874116317,0.45,0.24276690722911207,0.5955215331635937,0.2976464622056036,0.29264972776769516,0.6665947413045636,0.38289473684210523,-0.19935230964410688,0.9999999988367568,0.974192582516013,0.6890921179514441,heteroscedastic,linear
1,clip_b16|2,mae_b16|2,1.0,1.0,532,1024,768,768,0.4033516204211678,0.3,0.24839814237891744,0.41901189657334337,0.3436467536189824,0.17636764324604615,0.4307613506050173,0.15808270676691727,-0.22969298304838814,0.9999999913432017,0.9366086294079049,0.5627478358188643,heteroscedastic,linear
1,clip_b16|2,vit_sup_b16|2,1.0,1.0,532,1024,768,768,0.4445577348825968,0.38333333333333336,0.2013588001123587,0.5917491696639194,0.3387495397947155,0.3456702100077781,0.6468483758008671,0.36296992481203005,-0.18101546362386495,0.9999999989966234,0.9773080905607565,0.6946408054802129,heteroscedastic,linear
1,convnext_s|2,dinov2_b|2,1.0,1.0,532,1024,768,768,0.6623464509623637,0.45,0.5592206129013765,0.7203748122964304,0.6364217854885731,0.35837438423645324,0.7051888514496096,0.3954887218045113,-0.28155321134871125,0.9999999994616248,0.9835681161312995,0.7194309253011225,heteroscedastic,linear
1,convnext_s|2,mae_b16|2,1.0,1.0,532,1024,768,768,0.14803207786688294,0.11666666666666667,0.10223152115055907,0.1201696614060795,0.10307294208788693,-0.21940627430645582,0.2818737494913485,0.1285714285714286,-0.49010380445433066,0.9999999918487148,0.9440083199123643,0.56048983341938,heteroscedastic,linear
1,convnext_s|2,vit_sup_b16|2,1.0,1.0,532,1024,768,768,0.5844491790254973,0.2833333333333333,0.4718173160750431,0.6347655077289047,0.5539682137559108,0.24008296603577914,0.7319257232155998,0.475375939849624,-0.11392937414021653,0.9999999996257622,0.9868765211196051,0.7510995494021947,heteroscedastic,linear
1,dinov2_b|2,mae_b16|2,1.0,1.0,532,1024,768,768,0.2656827935633154,0.25,0.2545624165104781,0.19607269814752598,0.19342008377834835,-0.13741249675913925,0.340251262960809,0.1449248120300752,-0.4131415668781421,0.999999991814313,0.9428808091873996,0.577967781380967,heteroscedastic,linear
1,dinov2_b|2,vit_sup_b16|2,1.0,1.0,532,1024,768,768,0.6300554168206022,0.48333333333333334,0.464675743904782,0.7340489318106478,0.57176744013134,0.4007648431423386,0.8312641021390909,0.5013157894736843,-0.022050383904161197,0.9999999995365985,0.9853928736316679,0.7575192104759517,heteroscedastic,linear
1,mae_b16|2,vit_sup_b16|2,1.0,1.0,532,1024,768,768,0.2902138617051714,0.2,0.19530774734239814,0.23250164279895516,0.23054336003223536,0.001166709878143635,0.3382817285969025,0.13439849624060152,-0.3361997051914836,0.9999999919708725,0.9460289923751836,0.5799448657107453,heteroscedastic,linear
1,clip_b16|2,convnext_s|2,10.0,0.1,532,102,768,768,0.1807620021166725,0.18333333333333332,0.14229642754255195,0.23629690634356373,0.1746638702574871,0.11699507389162563,0.5312150835017987,0.3171052631578947,-0.3898362647901994,0.9999999989124229,0.9752751443714899,0.6681161419474021,heteroscedastic,linear
1,clip_b16|2,dinov2_b|2,10.0,0.1,532,102,768,768,0.3275161319892555,0.3,0.20902370657623817,0.48633914575571396,0.2389813063713998,0.2776121337827327,0.6665947413045636,0.38289473684210523,-0.19935230964410688,0.9999999988367568,0.974192582516013,0.6890921179514441,heteroscedastic,linear
1,clip_b16|2,mae_b16|2,10.0,0.1,532,102,768,768,0.2989539970944363,0.3,0.1026164737799994,0.4337282474009147,0.23649642269090876,0.20618356235416127,0.4307613506050173,0.15808270676691727,-0.22969298304838814,0.9999999913432017,0.9366086294079049,0.5627478358188643,heteroscedastic,linear
1,clip_b16|2,vit_sup_b16|2,10.0,0.1,532,102,768,768,0.3485780238278439,0.2833333333333333,0.2162907208264944,0.4562473696366069,0.2846932574379368,0.17319159968887735,0.6468483758008671,0.36296992481203005,-0.18101546362386495,0.9999999989966234,0.9773080905607565,0.6946408054802129,heteroscedastic,linear
1,convnext_s|2,dinov2_b|2,10.0,0.1,532,102,768,768,0.5142215950599862,0.31666666666666665,0.39997962015491195,0.6102814499303084,0.5316952523603885,0.39674617578428834,0.7051888514496096,0.3954887218045113,-0.28155321134871125,0.9999999994616248,0.9835681161312995,0.7194309253011225,heteroscedastic,linear
1,convnext_s|2,mae_b16|2,10.0,0.1,532,102,768,768,0.08085000236111767,0.13333333333333333,0.07070709975215306,0.1106532963916511,0.09257681380843708,-0.26620430386310606,0.2818737494913485,0.1285714285714286,-0.49010380445433066,0.9999999918487148,0.9440083199123643,0.56048983341938,heteroscedastic,linear
1,convnext_s|2,vit_sup_b16|2,10.0,0.1,532,102,768,768,0.5411489476359657,0.45,0.44690789765723443,0.6329625480935852,0.556829131624108,0.25025926886180977,0.7319257232155998,0.475375939849624,-0.11392937414021653,0.9999999996257622,0.9868765211196051,0.7510995494021947,heteroscedastic,linear
1,dinov2_b|2,mae_b16|2,10.0,0.1,532,102,768,768,0.2592052755702099,0.16666666666666666,0.31125720460771406,0.21800479728014488,0.22574658188895835,-0.13481980814104227,0.340251262960809,0.1449248120300752,-0.4131415668781421,0.999999991814313,0.9428808091873996,0.577967781380967,heteroscedastic,linear
1,dinov2_b|2,vit_sup_b16|2,10.0,0.1,532,102,768,768,0.5577568271022973,0.26666666666666666,0.43342952356630754,0.6750762892655481,0.5346572804775822,0.3985610578169562,0.8312641021390909,0.5013157894736843,-0.022050383904161197,0.9999999995365985,0.9853928736316679,0.7575192104759517,heteroscedastic,linear
1,mae_b16|2,vit_sup_b16|2,10.0,0.1,532,102,768,768,0.29810355028763963,0.2,0.2804279264262432,0.26737338439484815,0.27242983593306846,0.10292973813844958,0.3382817285969025,0.13439849624060152,-0.3361997051914836,0.9999999919708725,0.9460289923751836,0.5799448657107453,heteroscedastic,linear
1,clip_b16|2,convnext_s|2,10.0,0.25,532,256,768,768,0.2565515459765166,0.16666666666666666,0.14208328383642857,0.3530921623479137,0.21398481412503434,0.09515167228415868,0.5312150835017987,0.3171052631578947,-0.3898362647901994,0.9999999989124229,0.9752751443714899,0.6681161419474021,heteroscedastic,linear
1,clip_b16|2,dinov2_b|2,10.0,0.25,532,256,768,768,0.389819360609335,0.36666666666666664,0.21187940091881832,0.5632179478264366,0.27972611339698056,0.3520871143375681,0.6665947413045636,0.38289473684210523,-0.19935230964410688,0.9999999988367568,0.974192582516013,0.6890921179514441,heteroscedastic,linear
1,clip_b16|2,mae_b16|2,10.0,0.25,532,256,768,768,0.35733027036186205,0.31666666666666665,0.16781077152090976,0.4853343364670089,0.28424324562550146,0.22517500648172156,0.4307613506050173,0.15808270676691727,-0.22969298304838814,0.9999999913432017,0.9366086294079049,0.5627478358188643,heteroscedastic,linear
1,clip_b16|2,vit_sup_b16|2,10.0,0.25,532,256,768,768,0.413185314403651,0.36666666666666664,0.21449247805796973,0.5481284938277396,0.33817780593308044,0.24124967591392274,0.6468483758008671,0.36296992481203005,-0.18101546362386495,0.9999999989966234,0.9773080905607565,0.6946408054802129,heteroscedastic,linear
1,convnext_s|2,dinov2_b|2,10.0,0.25,532,256,768,768,0.5879449665137958,0.2833333333333333,0.4846799816186019,0.6575756280965678,0.5861788360733786,0.41444127560280014,0.7051888514496096,0.3954887218045113,-0.28155321134871125,0.9999999994616248,0.9835681161312995,0.7194309253011225,heteroscedastic,linear
1,convnext_s|2,mae_b16|2,10.0,0.25,532,256,768,768,0.15182375506598628,0.13333333333333333,0.09570673582634791,0.19689989245356945,0.13814643102557123,-0.3023723100855588,0.2818737494913485,0.1285714285714286,-0.49010380445433066,0.9999999918487148,0.9440083199123643,0.56048983341938,heteroscedastic,linear
1,convnext_s|2,vit_sup_b16|2,10.0,0.25,532,256,768,768,0.5737289825805072,0.3333333333333333,0.432910861900311,0.6710503496585518,0.5713355667030834,0.24727767695099823,0.7319257232155998,0.475375939849624,-0.11392937414021653,0.9999999996257622,0.9868765211196051,0.7510995494021947,heteroscedastic,linear
1,dinov2_b|2,mae_b16|2,10.0,0.25,532,256,768,768,0.3052172922702563,0.18333333333333332,0.3375720056409398,0.2728180097124117,0.2497793413098252,-0.09029038112522687,0.340251262960809,0.1449248120300752,-0.4131415668781421,0.999999991814313,0.9428808091873996,0.577967781380967,heteroscedastic,linear
1,dinov2_b|2,vit_sup_b16|2,10.0,0.25,532,256,768,768,0.5783529398692774,0.4,0.4085247777761204,0.6964621385458303,0.5439298173449724,0.3776250972258232,0.8312641021390909,0.5013157894736843,-0.022050383904161197,0.9999999995365985,0.9853928736316679,0.7575192104759517,heteroscedastic,linear
1,mae_b16|2,vit_sup_b16|2,10.0,0.25,532,256,768,768,0.3237054547373742,0.2,0.26316256736446375,0.3199965705786366,0.28108431860236704,0.05366865439460721,0.3382817285969025,0.13439849624060152,-0.3361997051914836,0.9999999919708725,0.9460289923751836,0.5799448657107453,heteroscedastic,linear
1,clip_b16|2,convnext_s|2,10.0,1.0,532,1024,768,768,0.3314816430045639,0.2,0.17320190549754408,0.4483289809284516,0.2488905604850654,0.10377236193933109,0.5312150835017987,0.3171052631578947,-0.3898362647901994,0.9999999989124229,0.9752751443714899,0.6681161419474021,heteroscedastic,linear
1,clip_b16|2,dinov2_b|2,10.0,1.0,532,1024,768,768,0.4315756988213856,0.43333333333333335,0.23778444845291993,0.5969781994364913,0.29525804175006326,0.2642597873995333,0.6665947413045636,0.38289473684210523,-0.19935230964410688,0.9999999988367568,0.974192582516013,0.6890921179514441,heteroscedastic,linear
1,clip_b16|2,mae_b16|2,10.0,1.0,532,1024,768,768,0.3996511656976825,0.31666666666666665,0.2537669915161257,0.4158773831057431,0.3422430525491475,0.14214415348716622,0.4307613506050173,0.15808270676691727,-0.22969298304838814,0.9999999913432017,0.9366086294079049,0.5627478358188643,heteroscedastic,linear
1,clip_b16|2,vit_sup_b16|2,10.0,1.0,532,1024,768,768,0.4396907213631149,0.38333333333333336,0.196737930827499,0.5899959198822379,0.3333606408456025,0.3360124449053669,0.6468483758008671,0.36296992481203005,-0.18101546362386495,0.9999999989966234,0.9773080905607565,0.6946408054802129,heteroscedastic,linear
1,convnext_s|2,dinov2_b|2,10.0,1.0,532,1024,768,768,0.6599991111086418,0.4166666666666667,0.5561593229434464,0.7212807604155409,0.6340443080251407,0.3631060409644802,0.7051888514496096,0.3954887218045113,-0.28155321134871125,0.9999999994616248,0.9835681161312995,0.7194309253011225,heteroscedastic,linear
1,convnext_s|2,mae_b16|2,10.0,1.0,532,1024,768,768,0.1484797457770716,0.15,0.10464834792960363,0.12700057724869362,0.10543632857518047,-0.2177210267046928,0.2818737494913485,0.1285714285714286,-0.49010380445433066,0.9999999918487148,0.9440083199123643,0.56048983341938,heteroscedastic,linear
1,convnext_s|2,vit_sup_b16|2,10.0,1.0,532,1024,768,768,0.5815437265103514,0.2833333333333333,0.46990944627385806,0.6326732255746584,0.5512392114090138,0.24850920404459426,0.7319257232155998,0.475375939849624,-0.11392937414021653,0.9999999996257622,0.9868765211196051,0.7510995494021947,heteroscedastic,linear
1,dinov2_b|2,mae_b16|2,10.0,1.0,532,1024,768,768,0.26179183831066194,0.26666666666666666,0.24663260800374387,0.20301420445104262,0.19193446017170607,-0.12801400051853773,0.340251262960809,0.1449248120300752,-0.4131415668781421,0.999999991814313,0.9428808091873996,0.577967781380967,heteroscedastic,linear
1,dinov2_b|2,vit_sup_b16|2,10.0,1.0,532,1024,768,768,0.6263389064969623,0.4666666666666667,0.4618355051766424,0.7295510278629315,0.5684419697625641,0.39732953072336014,0.8312641021390909,0.5013157894736843,-0.022050383904161197,0.9999999995365985,0.9853928736316679,0.7575192104759517,heteroscedastic,linear
1,mae_b16|2,vit_sup_b16|2,10.0,1.0,532,1024,768,768,0.2850836252322923,0.21666666666666667,0.18797387857386377,0.2371626397496187,0.22661340177750172,-0.012963443090484833,0.3382817285969025,0.13439849624060152,-0.3361997051914836,0.9999999919708725,0.9460289923751836,0.5799448657107453,heteroscedastic,linear
1,clip_b16|2,convnext_s|2,0.1,0.1,532,102,768,768,0.1805104458623496,0.18333333333333332,0.1805104458623496,,0.17442934544717564,0.1139486647653617,0.5312150835017987,0.3171052631578947,-0.3898362647901994,0.9999999989124229,0.9752751443714899,0.6681161419474021,homoscedastic,linear
1,clip_b16|2,dinov2_b|2,0.1,0.1,532,102,768,768,0.32742829841194,0.3,0.32742829841194,,0.23887982136239955,0.2761861550427794,0.6665947413045636,0.38289473684210523,-0.19935230964410688,0.9999999988367568,0.974192582516013,0.6890921179514441,homoscedastic,linear
1,clip_b16|2,mae_b16|2,0.1,0.1,532,102,768,768,0.2989556637657326,0.3,0.2989556637657326,,0.23667893081270755,0.20884106818771067,0.4307613506050173,0.15808270676691727,-0.22969298304838814,0.9999999913432017,0.9366086294079049,0.5627478358188643,homoscedastic,linear
1,clip_b16|2,vit_sup_b16|2,0.1,0.1,532,102,768,768,0.3484120789224414,0.2833333333333333,0.3484120789224414,,0.2844885635239193,0.17319159968887735,0.6468483758008671,0.36296992481203005,-0.18101546362386495,0.9999999989966234,0.9773080905607565,0.6946408054802129,homoscedastic,linear
1,convnext_s|2,dinov2_b|2,0.1,0.1,532,102,768,768,0.5139804832791202,0.31666666666666665,0.5139804832791202,,0.5314352438698258,0.39797770287788437,0.7051888514496096,0.3954887218045113,-0.28155321134871125,0.9999999994616248,0.9835681161312995,0.7194309253011225,homoscedastic,linear
1,convnext_s|2,mae_b16|2,0.1,0.1,532,102,768,768,0.08090405806682796,0.13333333333333333,0.08090405806682796,,0.09271397596978896,-0.26477832512315275,0.2818737494913485,0.1285714285714286,-0.49010380445433066,0.9999999918487148,0.9440083199123643,0.56048983341938,homoscedastic,linear
1,convnext_s|2,vit_sup_b16|2,0.1,0.1,532,102,768,768,0.5411677810216138,0.45,0.5411677810216138,,0.5567778644556026,0.25466683951257457,0.7319257232155998,0.475375939849624,-0.11392937414021653,0.9999999996257622,0.9868765211196051,0.7510995494021947,homoscedastic,linear
1,dinov2_b|2,mae_b16|2,0.1,0.1,532,102,768,768,0.25914044205678344,0.16666666666666666,0.25914044205678344,,0.22569696366446926,-0.132940108892922,0.340251262960809,0.1449248120300752,-0.4131415668781421,0.999999991814313,0.9428808091873996,0.577967781380967,homoscedastic,linear
1,dinov2_b|2,vit_sup_b16|2,0.1,0.1,532,102,768,768,0.5576772157700437,0.26666666666666666,0.5576772157700437,,0.534512173404152,0.3966813585688359,0.8312641021390909,0.5013157894736843,-0.022050383904161197,0.9999999995365985,0.9853928736316679,0.7575192104759517,homoscedastic,linear
1,mae_b16|2,vit_sup_b16|2,0.1,0.1,532,102,768,768,0.29802782785507737,0.2,0.29802782785507737,,0.2724829769015923,0.10370754472387866,0.3382817285969025,0.13439849624060152,-0.3361997051914836,0.9999999919708725,0.9460289923751836,0.5799448657107453,homoscedastic,linear
1,clip_b16|2,convnext_s|2,0.1,0.25,532,256,768,768,0.2564807680021333,0.15,0.2564807680021333,,0.21399800567716434,0.09379051075965777,0.5312150835017987,0.3171052631578947,-0.3898362647901994,0.9999999989124229,0.9752751443714899,0.6681161419474021,homoscedastic,linear
1,clip_b16|2,dinov2_b|2,0.1,0.25,532,256,768,768,0.3895829710638085,0.35,0.3895829710638085,,0.27946168273837435,0.3498185117967333,0.6665947413045636,0.38289473684210523,-0.19935230964410688,0.9999999988367568,0.974192582516013,0.6890921179514441,homoscedastic,linear
1,clip_b16|2,mae_b16|2,0.1,0.25,532,256,768,768,0.35702176950491527,0.31666666666666665,0.35702176950491527,,0.2832856588640635,0.23178636245786882,0.4307613506050173,0.15808270676691727,-0.22969298304838814,0.9999999913432017,0.9366086294079049,0.5627478358188643,homoscedastic,linear
1,clip_b16|2,vit_sup_b16|2,0.1,0.25,532,256,768,768,0.4141213170036583,0.35,0.4141213170036583,,0.33905684299774425,0.24721285973554574,0.6468483758008671,0.36296992481203005,-0.18101546362386495,0.9999999989966234,0.9773080905607565,0.6946408054802129,homoscedastic,linear
1,convnext_s|2,dinov2_b|2,0.1,0.25,532,256,768,768,0.5874671874088538,0.2833333333333333,0.5874671874088538,,0.5857465129331177,0.4132097485092041,0.7051888514496096,0.3954887218045113,-0.28155321134871125,0.9999999994616248,0.9835681161312995,0.7194309253011225,homoscedastic,linear
1,convnext_s|2,mae_b16|2,0.1,0.25,532,256,768,768,0.15184292178589384,0.13333333333333333,0.15184292178589384,,0.13802141108833904,-0.29465906144672027,0.2818737494913485,0.1285714285714286,-0.49010380445433066,0.9999999918487148,0.9440083199123643,0.56048983341938,homoscedastic,linear
1,convnext_s|2,vit_sup_b16|2,0.1,0.25,532,256,768,768,0.5731305364737124,0.3333333333333333,0.5731305364737124,,0.5705752536075898,0.2505833549390718,0.7319257232155998,0.475375939849624,-0.11392937414021653,0.9999999996257622,0.9868765211196051,0.7510995494021947,homoscedastic,linear
1,dinov2_b|2,mae_b16|2,0.1,0.25,532,256,768,768,0.3059776277156325,0.18333333333333332,0.3059776277156325,,0.25012989181728024,-0.08082706766917294,0.340251262960809,0.1449248120300752,-0.4131415668781421,0.999999991814313,0.9428808091873996,0.577967781380967,homoscedastic,linear
1,dinov2_b|2,vit_sup_b16|2,0.1,0.25,532,256,768,768,0.5783164953235981,0.4,0.5783164953235981,,0.5439107045847839,0.3776250972258232,0.8312641021390909,0.5013157894736843,-0.022050383904161197,0.9999999995365985,0.9853928736316679,0.7575192104759517,homoscedastic,linear
1,mae_b16|2,vit_sup_b16|2,0.1,0.25,532,256,768,768,0.3248885135792043,0.2,0.3248885135792043,,0.28174959256092397,0.06326160228156598,0.3382817285969025,0.13439849624060152,-0.3361997051914836,0.9999999919708725,0.9460289923751836,0.5799448657107453,homoscedastic,linear
1,clip_b16|2,convnext_s|2,0.1,1.0,532,1024,768,768,0.31102675285209125,0.18333333333333332,0.31102675285209125,,0.23833327137301272,0.07991962665283901,0.5312150835017987,0.3171052631578947,-0.3898362647901994,0.9999999989124229,0.9752751443714899,0.6681161419474021,homoscedastic,linear
1,clip_b16|2,dinov2_b|2,0.1,1.0,532,1024,768,768,0.4288304689735249,0.45,0.4288304689735249,,0.3031296507716459,0.2650375939849624,0.6665947413045636,0.38289473684210523,-0.19935230964410688,0.9999999988367568,0.974192582516013,0.6890921179514441,homoscedastic,linear
1,clip_b16|2,mae_b16|2,0.1,1.0,532,1024,768,768,0.3582907174742152,0.31666666666666665,0.3582907174742152,,0.30247449533318865,0.18485869847031372,0.4307613506050173,0.15808270676691727,-0.22969298304838814,0.9999999913432017,0.9366086294079049,0.5627478358188643,homoscedastic,linear
1,clip_b16|2,vit_sup_b16|2,0.1,1.0,532,1024,768,768,0.4275196319989777,0.36666666666666664,0.4275196319989777,,0.3271658579845467,0.3165024630541872,0.6468483758008671,0.36296992481203005,-0.18101546362386495,0.9999999989966234,0.9773080905607565,0.6946408054802129,homoscedastic,linear
1,convnext_s|2,dinov2_b|2,0.1,1.0,532,1024,768,768,0.6539393164981013,0.4166666666666667,0.6539393164981013,,0.6371268589595224,0.31416904329789996,0.7051888514496096,0.3954887218045113,-0.28155321134871125,0.9999999994616248,0.9835681161312995,0.7194309253011225,homoscedastic,linear
1,convnext_s|2,mae_b16|2,0.1,1.0,532,1024,768,768,0.12002055561265447,0.15,0.12002055561265447,,0.0869123163526078,-0.2343142338605134,0.2818737494913485,0.1285714285714286,-0.49010380445433066,0.9999999918487148,0.9440083199123643,0.56048983341938,homoscedastic,linear
1,convnext_s|2,vit_sup_b16|2,0.1,1.0,532,1024,768,768,0.5784139955944322,0.2833333333333333,0.5784139955944322,,0.5563675772035588,0.2724267565465388,0.7319257232155998,0.475375939849624,-0.11392937414021653,0.9999999996257622,0.9868765211196051,0.7510995494021947,homoscedastic,linear
1,dinov2_b|2,mae_b16|2,0.1,1.0,532,1024,768,768,0.25786588296078594,0.23333333333333334,0.25786588296078594,,0.19846735150809422,-0.18161783769769252,0.340251262960809,0.1449248120300752,-0.4131415668781421,0.999999991814313,0.9428808091873996,0.577967781380967,homoscedastic,linear
1,dinov2_b|2,vit_sup_b16|2,0.1,1.0,532,1024,768,768,0.6298855274597984,0.43333333333333335,0.6298855274597984,,0.5822749611149021,0.38287529167746953,0.8312641021390909,0.5013157894736843,-0.022050383904161197,0.9999999995365985,0.9853928736316679,0.7575192104759517,homoscedastic,linear
1,mae_b16|2,vit_sup_b16|2,0.1,1.0,532,1024,768,768,0.2647693465815183,0.2,0.2647693465815183,,0.21206356949009855,0.04576095410941146,0.3382817285969025,0.13439849624060152,-0.3361997051914836,0.9999999919708725,0.9460289923751836,0.5799448657107453,homoscedastic,linear
1,clip_b16|2,convnext_s|2,1.0,0.1,532,102,768,768,0.18081672449090133,0.18333333333333332,0.18081672449090133,,0.17472570565809656,0.11699507389162563,0.5312150835017987,0.3171052631578947,-0.3898362647901994,0.9999999989124229,0.9752751443714899,0.6681161419474021,homoscedastic,linear
1,clip_b16|2,dinov2_b|2,1.0,0.1,532,102,768,768,0.32751218753385425,0.3,0.32751218753385425,,0.23897658439535321,0.2776121337827327,0.6665947413045636,0.38289473684210523,-0.19935230964410688,0.9999999988367568,0.974192582516013,0.6890921179514441,homoscedastic,linear
1,clip_b16|2,mae_b16|2,1.0,0.1,532,102,768,768,0.29902355284320226,0.3,0.29902355284320226,,0.2365369717233084,0.20618356235416127,0.4307613506050173,0.15808270676691727,-0.22969298304838814,0.9999999913432017,0.9366086294079049,0.5627478358188643,homoscedastic,linear
1,clip_b16|2,vit_sup_b16|2,1.0,0.1,532,102,768,768,0.3484340234278428,0.2833333333333333,0.3484340234278428,,0.28451232330815346,0.17319159968887735,0.6468483758008671,0.36296992481203005,-0.18101546362386495,0.9999999989966234,0.9773080905607565,0.6946408054802129,homoscedastic,linear
1,convnext_s|2,dinov2_b|2,1.0,0.1,532,102,768,768,0.5141938172050478,0.31666666666666665,0.5141938172050478,,0.531661224152053,0.39674617578428834,0.7051888514496096,0.3954887218045113,-0.28155321134871125,0.9999999994616248,0.9835681161312995,0.7194309253011225,homoscedastic,linear
1,convnext_s|2,mae_b16|2,1.0,0.1,532,102,768,768,0.0808566690463029,0.13333333333333333,0.0808566690463029,,0.09254735767214675,-0.26620430386310606,0.2818737494913485,0.1285714285714286,-0.49010380445433066,0.9999999918487148,0.9440083199123643,0.56048983341938,homoscedastic,linear
1,convnext_s|2,vit_sup_b16|2,1.0,0.1,532,102,768,768,0.5412168922691452,0.45,0.5412168922691452,,0.5568840714406494,0.25025926886180977,0.7319257232155998,0.475375939849624,-0.11392937414021653,0.9999999996257622,0.9868765211196051,0.7510995494021947,homoscedastic,linear
1,dinov2_b|2,mae_b16|2,1.0,0.1,532,102,768,768,0.2592511090308584,0.16666666666666666,0.2592511090308584,,0.22576966710518584,-0.13481980814104227,0.340251262960809,0.1449248120300752,-0.4131415668781421,0.999999991814313,0.9428808091873996,0.577967781380967,homoscedastic,linear
1,dinov2_b|2,vit_sup_b16|2,1.0,0.1,532,102,768,768,0.5578191606087793,0.26666666666666666,0.5578191606087793,,0.5347339563743378,0.3985610578169562,0.8312641021390909,0.5013157894736843,-0.022050383904161197,0.9999999995365985,0.9853928736316679,0.7575192104759517,homoscedastic,linear
1,mae_b16|2,vit_sup_b16|2,1.0,0.1,532,102,768,768,0.2981043280675779,0.2,0.2981043280675779,,0.27240307806880476,0.10292973813844958,0.3382817285969025,0.13439849624060152,-0.3361997051914836,0.9999999919708725,0.9460289923751836,0.5799448657107453,homoscedastic,linear
1,clip_b16|2,convnext_s|2,1.0,0.25,532,256,768,768,0.2565024347289853,0.16666666666666666,0.2565024347289853,,0.2139200555963961,0.09515167228415868,0.5312150835017987,0.3171052631578947,-0.3898362647901994,0.9999999989124229,0.9752751443714899,0.6681161419474021,homoscedastic,linear
1,clip_b16|2,dinov2_b|2,1.0,0.25,532,256,768,768,0.38989397192769976,0.36666666666666664,0.38989397192769976,,0.27984393794214185,0.3520871143375681,0.6665947413045636,0.38289473684210523,-0.19935230964410688,0.9999999988367568,0.974192582516013,0.6890921179514441,homoscedastic,linear
1,clip_b16|2,mae_b16|2,1.0,0.25,532,256,768,768,0.3575271042419562,0.31666666666666665,0.3575271042419562,,0.28442013234724484,0.22517500648172156,0.4307613506050173,0.15808270676691727,-0.22969298304838814,0.9999999913432017,0.9366086294079049,0.5627478358188643,homoscedastic,linear
1,clip_b16|2,vit_sup_b16|2,1.0,0.25,532,256,768,768,0.41320664779624383,0.36666666666666664,0.41320664779624383,,0.33817555737305827,0.24124967591392274,0.6468483758008671,0.36296992481203005,-0.18101546362386495,0.9999999989966234,0.9773080905607565,0.6946408054802129,homoscedastic,linear
1,convnext_s|2,dinov2_b|2,1.0,0.25,532,256,768,768,0.5879250775696598,0.2833333333333333,0.5879250775696598,,0.58613941132099,0.41444127560280014,0.7051888514496096,0.3954887218045113,-0.28155321134871125,0.9999999994616248,0.9835681161312995,0.7194309253011225,homoscedastic,linear
1,convnext_s|2,mae_b16|2,1.0,0.25,532,256,768,768,0.15178353273203535,0.13333333333333333,0.15178353273203535,,0.13805663852868624,-0.3023723100855588,0.2818737494913485,0.1285714285714286,-0.49010380445433066,0.9999999918487148,0.9440083199123643,0.56048983341938,homoscedastic,linear
1,convnext_s|2,vit_sup_b16|2,1.0,0.25,532,256,768,768,0.5736904824735624,0.3333333333333333,0.5736904824735624,,0.5713058107587902,0.24727767695099823,0.7319257232155998,0.475375939849624,-0.11392937414021653,0.9999999996257622,0.9868765211196051,0.7510995494021947,homoscedastic,linear
1,dinov2_b|2,mae_b16|2,1.0,0.25,532,256,768,768,0.30536434823430064,0.18333333333333332,0.30536434823430064,,0.24992917035930193,-0.09029038112522687,0.340251262960809,0.1449248120300752,-0.4131415668781421,0.999999991814313,0.9428808091873996,0.577967781380967,homoscedastic,linear
1,dinov2_b|2,vit_sup_b16|2,1.0,0.25,532,256,768,768,0.578392884424679,0.4,0.578392884424679,,0.5439778615774459,0.3776250972258232,0.8312641021390909,0.5013157894736843,-0.022050383904161197,0.9999999995365985,0.9853928736316679,0.7575192104759517,homoscedastic,linear
1,mae_b16|2,vit_sup_b16|2,1.0,0.25,532,256,768,768,0.32384767735465925,0.2,0.32384767735465925,,0.2811749355712602,0.05366865439460721,0.3382817285969025,0.13439849624060152,-0.3361997051914836,0.9999999919708725,0.9460289923751836,0.5799448657107453,homoscedastic,linear
1,clip_b16|2,convnext_s|2,1.0,1.0,532,1024,768,768,0.3098638051772366,0.18333333333333332,0.3098638051772366,,0.23711859924904094,0.06851179673321235,0.5312150835017987,0.3171052631578947,-0.3898362647901994,0.9999999989124229,0.9752751443714899,0.6681161419474021,homoscedastic,linear
1,clip_b16|2,dinov2_b|2,1.0,1.0,532,1024,768,768,0.4288876913546981,0.4666666666666667,0.4288876913546981,,0.3045416715135627,0.2516852476017631,0.6665947413045636,0.38289473684210523,-0.19935230964410688,0.9999999988367568,0.974192582516013,0.6890921179514441,homoscedastic,linear
1,clip_b16|2,mae_b16|2,1.0,1.0,532,1024,768,768,0.35562154339317603,0.3333333333333333,0.35562154339317603,,0.3042330191745206,0.14681099299974074,0.4307613506050173,0.15808270676691727,-0.22969298304838814,0.9999999913432017,0.9366086294079049,0.5627478358188643,homoscedastic,linear
1,clip_b16|2,vit_sup_b16|2,1.0,1.0,532,1024,768,768,0.4248980136055933,0.36666666666666664,0.4248980136055933,,0.32387613972012325,0.3111874513870884,0.6468483758008671,0.36296992481203005,-0.18101546362386495,0.9999999989966234,0.9773080905607565,0.6946408054802129,homoscedastic,linear
1,convnext_s|2,dinov2_b|2,1.0,1.0,532,1024,768,768,0.6518218106161404,0.43333333333333335,0.6518218106161404,,0.6350937859394844,0.303020482240083,0.7051888514496096,0.3954887218045113,-0.28155321134871125,0.9999999994616248,0.9835681161312995,0.7194309253011225,homoscedastic,linear
1,convnext_s|2,mae_b16|2,1.0,1.0,532,1024,768,768,0.11919521998672217,0.15,0.11919521998672217,,0.0884641225759024,-0.20689655172413796,0.2818737494913485,0.1285714285714286,-0.49010380445433066,0.9999999918487148,0.9440083199123643,0.56048983341938,homoscedastic,linear
1,convnext_s|2,vit_sup_b16|2,1.0,1.0,532,1024,768,768,0.5751724310345306,0.2833333333333333,0.5751724310345306,,0.5532096245564341,0.271843401607467,0.7319257232155998,0.475375939849624,-0.11392937414021653,0.9999999996257622,0.9868765211196051,0.7510995494021947,homoscedastic,linear
1,dinov2_b|2,mae_b16|2,1.0,1.0,532,1024,768,768,0.2509735304820291,0.23333333333333334,0.2509735304820291,,0.1950238317381549,-0.18459942960850403,0.340251262960809,0.1449248120300752,-0.4131415668781421,0.999999991814313,0.9428808091873996,0.577967781380967,homoscedastic,linear
1,dinov2_b|2,vit_sup_b16|2,1.0,1.0,532,1024,768,768,0.6250460695724154,0.4166666666666667,0.6250460695724154,,0.5766998813959541,0.3853383458646617,0.8312641021390909,0.5013157894736843,-0.022050383904161197,0.9999999995365985,0.9853928736316679,0.7575192104759517,homoscedastic,linear
1,mae_b16|2,vit_sup_b16|2,1.0,1.0,532,1024,768,768,0.25941549837638433,0.21666666666666667,0.25941549837638433,,0.20851601634313385,0.05943738656987297,0.3382817285969025,0.13439849624060152,-0.3361997051914836,0.9999999919708725,0.9460289923751836,0.5799448657107453,homoscedastic,linear
1,clip_b16|2,convnext_s|2,10.0,0.1,532,102,768,768,0.1808088911358087,0.18333333333333332,0.1808088911358087,,0.17471094011395105,0.11699507389162563,0.5312150835017987,0.3171052631578947,-0.3898362647901994,0.9999999989124229,0.9752751443714899,0.6681161419474021,homoscedastic,linear
1,clip_b16|2,dinov2_b|2,10.0,0.1,532,102,768,768,0.3275400209445026,0.3,0.3275400209445026,,0.23898370483542342,0.2776121337827327,0.6665947413045636,0.38289473684210523,-0.19935230964410688,0.9999999988367568,0.974192582516013,0.6890921179514441,homoscedastic,linear
1,clip_b16|2,mae_b16|2,10.0,0.1,532,102,768,768,0.2988602746118739,0.3,0.2988602746118739,,0.2364291907462461,0.20618356235416127,0.4307613506050173,0.15808270676691727,-0.22969298304838814,0.9999999913432017,0.9366086294079049,0.5627478358188643,homoscedastic,linear
1,clip_b16|2,vit_sup_b16|2,10.0,0.1,532,102,768,768,0.34849157914327533,0.2833333333333333,0.34849157914327533,,0.28460751234909165,0.17319159968887735,0.6468483758008671,0.36296992481203005,-0.18101546362386495,0.9999999989966234,0.9773080905607565,0.6946408054802129,homoscedastic,linear
1,convnext_s|2,dinov2_b|2,10.0,0.1,532,102,768,768,0.5141603726677019,0.31666666666666665,0.5141603726677019,,0.5316248724316948,0.39674617578428834,0.7051888514496096,0.3954887218045113,-0.28155321134871125,0.9999999994616248,0.9835681161312995,0.7194309253011225,homoscedastic,linear
1,convnext_s|2,mae_b16|2,10.0,0.1,532,102,768,768,0.08086394684429679,0.13333333333333333,0.08086394684429679,,0.09258415910450947,-0.26620430386310606,0.2818737494913485,0.1285714285714286,-0.49010380445433066,0.9999999918487148,0.9440083199123643,0.56048983341938,homoscedastic,linear
1,convnext_s|2,vit_sup_b16|2,10.0,0.1,532,102,768,768,0.5411694476929102,0.45,0.5411694476929102,,0.5568540156883532,0.25025926886180977,0.7319257232155998,0.475375939849624,-0.11392937414021653,0.9999999996257622,0.9868765211196051,0.7510995494021947,homoscedastic,linear
1,dinov2_b|2,mae_b16|2,10.0,0.1,532,102,768,768,0.25921294225817293,0.16666666666666666,0.25921294225817293,,0.2257666690251563,-0.13481980814104227,0.340251262960809,0.1449248120300752,-0.4131415668781421,0.999999991814313,0.9428808091873996,0.577967781380967,homoscedastic,linear
1,dinov2_b|2,vit_sup_b16|2,10.0,0.1,532,102,768,768,0.5578039383442731,0.26666666666666666,0.5578039383442731,,0.5347040505260432,0.3985610578169562,0.8312641021390909,0.5013157894736843,-0.022050383904161197,0.9999999995365985,0.9853928736316679,0.7575192104759517,homoscedastic,linear
1,mae_b16|2,vit_sup_b16|2,10.0,0.1,532,102,768,768,0.29806205017236154,0.2,0.29806205017236154,,0.27240667576484023,0.10292973813844958,0.3382817285969025,0.13439849624060152,-0.3361997051914836,0.9999999919708725,0.9460289923751836,0.5799448657107453,homoscedastic,linear
1,clip_b16|2,convnext_s|2,10.0,0.25,532,256,768,768,0.25649365692682474,0.16666666666666666,0.25649365692682474,,0.21391188582831558,0.09515167228415868,0.5312150835017987,0.3171052631578947,-0.3898362647901994,0.9999999989124229,0.9752751443714899,0.6681161419474021,homoscedastic,linear
1,clip_b16|2,dinov2_b|2,10.0,0.25,532,256,768,768,0.38978163828232854,0.36666666666666664,0.38978163828232854,,0.2797108231888299,0.3520871143375681,0.6665947413045636,0.38289473684210523,-0.19935230964410688,0.9999999988367568,0.974192582516013,0.6890921179514441,homoscedastic,linear
1,clip_b16|2,mae_b16|2,10.0,0.25,532,256,768,768,0.357560604335012,0.31666666666666665,0.357560604335012,,0.28447642129979966,0.22517500648172156,0.4307613506050173,0.15808270676691727,-0.22969298304838814,0.9999999913432017,0.9366086294079049,0.5627478358188643,homoscedastic,linear
1,clip_b16|2,vit_sup_b16|2,10.0,0.25,532,256,768,768,0.41316453656815705,0.36666666666666664,0.41316453656815705,,0.3381855259891566,0.24124967591392274,0.6468483758008671,0.36296992481203005,-0.18101546362386495,0.9999999989966234,0.9773080905607565,0.6946408054802129,homoscedastic,linear
1,convnext_s|2,dinov2_b|2,10.0,0.25,532,256,768,768,0.5879231886755241,0.2833333333333333,0.5879231886755241,,0.5861669187052612,0.41444127560280014,0.7051888514496096,0.3954887218045113,-0.28155321134871125,0.9999999994616248,0.9835681161312995,0.7194309253011225,homoscedastic,linear
1,convnext_s|2,mae_b16|2,10.0,0.25,532,256,768,768,0.15195286653574036,0.13333333333333333,0.15195286653574036,,0.13817371355384012,-0.3023723100855588,0.2818737494913485,0.1285714285714286,-0.49010380445433066,0.9999999918487148,0.9440083199123643,0.56048983341938,homoscedastic,linear
1,convnext_s|2,vit_sup_b16|2,10.0,0.25,532,256,768,768,0.5737438159550442,0.3333333333333333,0.5737438159550442,,0.5713631490393551,0.24727767695099823,0.7319257232155998,0.475375939849624,-0.11392937414021653,0.9999999996257622,0.9868765211196051,0.7510995494021947,homoscedastic,linear
1,dinov2_b|2,mae_b16|2,10.0,0.25,532,256,768,768,0.3053603482231895,0.18333333333333332,0.3053603482231895,,0.24995517870355824,-0.09029038112522687,0.340251262960809,0.1449248120300752,-0.4131415668781421,0.999999991814313,0.9428808091873996,0.577967781380967,homoscedastic,linear
1,dinov2_b|2,vit_sup_b16|2,10.0,0.25,532,256,768,768,0.5783288842469007,0.4,0.5783288842469007,,0.5439097302087744,0.3776250972258232,0.8312641021390909,0.5013157894736843,-0.022050383904161197,0.9999999995365985,0.9853928736316679,0.7575192104759517,homoscedastic,linear
1,mae_b16|2,vit_sup_b16|2,10.0,0.25,532,256,768,768,0.3238847885688571,0.2,0.3238847885688571,,0.28117680937127865,0.05366865439460721,0.3382817285969025,0.13439849624060152,-0.3361997051914836,0.9999999919708725,0.9460289923751836,0.5799448657107453,homoscedastic,linear
1,clip_b16|2,convnext_s|2,10.0,1.0,532,1024,768,768,0.3098471384642735,0.18333333333333332,0.3098471384642735,,0.23718852946573016,0.05749287010630024,0.5312150835017987,0.3171052631578947,-0.3898362647901994,0.9999999989124229,0.9752751443714899,0.6681161419474021,homoscedastic,linear
1,clip_b16|2,dinov2_b|2,10.0,1.0,532,1024,768,768,0.429031802866119,0.4666666666666667,0.429031802866119,,0.30516699605572595,0.24358309567021,0.6665947413045636,0.38289473684210523,-0.19935230964410688,0.9999999988367568,0.974192582516013,0.6890921179514441,homoscedastic,linear
1,clip_b16|2,mae_b16|2,10.0,1.0,532,1024,768,768,0.3546955408209467,0.3333333333333333,0.3546955408209467,,0.30381613614641184,0.14473684210526316,0.4307613506050173,0.15808270676691727,-0.22969298304838814,0.9999999913432017,0.9366086294079049,0.5627478358188643,homoscedastic,linear
1,clip_b16|2,vit_sup_b16|2,10.0,1.0,532,1024,768,768,0.4242201228336745,0.36666666666666664,0.4242201228336745,,0.32317923601725457,0.3106040964480166,0.6468483758008671,0.36296992481203005,-0.18101546362386495,0.9999999989966234,0.9773080905607565,0.6946408054802129,homoscedastic,linear
1,convnext_s|2,dinov2_b|2,10.0,1.0,532,1024,768,768,0.6501869727415909,0.43333333333333335,0.6501869727415909,,0.6333360865701605,0.30626134301270425,0.7051888514496096,0.3954887218045113,-0.28155321134871125,0.9999999994616248,0.9835681161312995,0.7194309253011225,homoscedastic,linear
1,convnext_s|2,mae_b16|2,10.0,1.0,532,1024,768,768,0.11816366156572655,0.15,0.11816366156572655,,0.0877832586011918,-0.20735027223230493,0.2818737494913485,0.1285714285714286,-0.49010380445433066,0.9999999918487148,0.9440083199123643,0.56048983341938,homoscedastic,linear
1,convnext_s|2,vit_sup_b16|2,10.0,1.0,532,1024,768,768,0.5749359859332942,0.2833333333333333,0.5749359859332942,,0.5530477282348385,0.2705470572984185,0.7319257232155998,0.475375939849624,-0.11392937414021653,0.9999999996257622,0.9868765211196051,0.7510995494021947,homoscedastic,linear
1,dinov2_b|2,mae_b16|2,10.0,1.0,532,1024,768,768,0.24905791404976121,0.23333333333333334,0.24905791404976121,,0.1930807011190034,-0.18233082706766918,0.340251262960809,0.1449248120300752,-0.4131415668781421,0.999999991814313,0.9428808091873996,0.577967781380967,homoscedastic,linear
1,dinov2_b|2,vit_sup_b16|2,10.0,1.0,532,1024,768,768,0.6242366784352179,0.43333333333333335,0.6242366784352179,,0.5757539871466313,0.3882551205600208,0.8312641021390909,0.5013157894736843,-0.022050383904161197,0.9999999995365985,0.9853928736316679,0.7575192104759517,homoscedastic,linear
1,mae_b16|2,vit_sup_b16|2,10.0,1.0,532,1024,768,768,0.25753015980599947,0.23333333333333334,0.25753015980599947,,0.20686887117489958,0.05451127819548873,0.3382817285969025,0.13439849624060152,-0.3361997051914836,0.9999999919708725,0.9460289923751836,0.5799448657107453,homoscedastic,linear
2,clip_b16|2,convnext_s|2,0.1,0.1,532,102,768,768,0.3087503576398823,0.13333333333333333,0.20377311086114552,0.3731107113843105,0.27928547058463765,0.040381125226860264,0.5303445341024985,0.3137218045112782,-0.43450234558816725,0.9999999988762241,0.9745409055363858,0.6623966775371634,heteroscedastic,linear
2,clip_b16|2,dinov2_b|2,0.1,0.1,532,102,768,768,0.4345327070352973,0.36666666666666664,0.2921217161986162,0.5893910235733621,0.3234893873963114,0.2797511018926627,0.6643547714760377,0.3669172932330827,-0.2568273895414519,0.9999999988481688,0.973885031841054,0.6851429163854023,heteroscedastic,linear
2,clip_b16|2,mae_b16|2,0.1,0.1,532,102,768,768,0.3192133867038519,0.2833333333333333,0.151359527963969,0.3429412985274992,0.24914374834356076,0.17157116930256677,0.43507480665273585,0.1734962406015038,-0.3410572602524584,0.9999999900558739,0.934805436637044,0.5611245682831735,heteroscedastic,linear
2,clip_b16|2,vit_sup_b16|2,0.1,0.1,532,102,768,768,0.5047994577762716,0.3,0.35414976957655747,0.6041118427023839,0.42932018835137986,0.23982369717396945,0.6445014592688927,0.35695488721804514,-0.21535678746592268,0.9999999990025141,0.9770260924763587,0.6910597863619172,heteroscedastic,linear
2,convnext_s|2,dinov2_b|2,0.1,0.1,532,102,768,768,0.5211257253492371,0.2833333333333333,0.4053078533751019,0.608835395873356,0.5119706589899828,0.4277288047705471,0.7019039977389527,0.3883458646616541,-0.32055630003205104,0.9999999994468268,0.9831948649801665,0.7121676845316821,heteroscedastic,linear
2,convnext_s|2,mae_b16|2,0.1,0.1,532,102,768,768,0.14925569237692327,0.16666666666666666,0.08387887758452471,0.17819781673205745,0.13466468573525514,-0.22057298418459945,0.27825816825179567,0.12650375939849626,-0.6312826996812119,0.999999990493267,0.9415146717384691,0.5538682712162741,heteroscedastic,linear
2,convnext_s|2,vit_sup_b16|2,0.1,0.1,532,102,768,768,0.5733584259956277,0.4666666666666667,0.4745957323454201,0.6451392280841682,0.5621370074604224,0.3180580762250454,0.7248385790014179,0.4618421052631579,-0.15490114361112028,0.9999999995932152,0.986468140157369,0.7440978415698473,heteroscedastic,linear
2,dinov2_b|2,mae_b16|2,0.1,0.1,532,102,768,768,0.2691170253250703,0.21666666666666667,0.31140385322845326,0.22183357308563306,0.2163528476363737,-0.26413015296862846,0.32396293873875176,0.15451127819548874,-0.515943040934024,0.9999999904711009,0.9412514851782426,0.5758084984387781,heteroscedastic,linear
2,dinov2_b|2,vit_sup_b16|2,0.1,0.1,532,102,768,768,0.5465452404034455,0.3333333333333333,0.38348955784542266,0.6931114709955571,0.49116091055288197,0.39674617578428834,0.8426395030673309,0.4939849624060151,-0.03448041327476514,0.9999999995524692,0.9854995062765697,0.7567091765945076,heteroscedastic,linear
2,mae_b16|2,vit_sup_b16|2,0.1,0.1,532,102,768,768,0.3033230092305812,0.21666666666666667,0.22246937227381386,0.2961833165353125,0.25777319704461266,0.10487425460202231,0.32347257279022973,0.14304511278195486,-0.44506961410262336,0.9999999906319205,0.9443566218849596,0.5754540970115348,heteroscedastic,linear
2,clip_b16|2,convnext_s|2,0.1,0.25,532,256,768,768,0.3384893846927352,0.23333333333333334,0.1926608835112137,0.46019734811894286,0.25695644509256277,-0.0008426238008815142,0.5303445341024985,0.3137218045112782,-0.43450234558816725,0.9999999988762241,0.9745409055363858,0.6623966775371634,heteroscedastic,linear
2,clip_b16|2,dinov2_b|2,0.1,0.25,532,256,768,768,0.4425205070014083,0.4166666666666667,0.29462300970774336,0.5893670064530651,0.322450177906069,0.26289862587503243,0.6643547714760377,0.3669172932330827,-0.2568273895414519,0.9999999988481688,0.973885031841054,0.6851429163854023,heteroscedastic,linear
2,clip_b16|2,mae_b16|2,0.1,0.25,532,256,768,768,0.32533851482920784,0.26666666666666666,0.19243156532486175,0.35463428488605414,0.25747241466564813,0.2528519574799067,0.43507480665273585,0.1734962406015038,-0.3410572602524584,0.9999999900558739,0.934805436637044,0.5611245682831735,heteroscedastic,linear
2,clip_b16|2,vit_sup_b16|2,0.1,0.25,532,256,768,768,0.49435653987927736,0.35,0.34967914324137667,0.6076094056628459,0.40676720628109764,0.3038631060409645,0.6445014592688927,0.35695488721804514,-0.21535678746592268,0.9999999990025141,0.9770260924763587,0.6910597863619172,heteroscedastic,linear
2,convnext_s|2,dinov2_b|2,0.1,0.25,532,256,768,768,0.5997551659865722,0.36666666666666664,0.456743059934896,0.7091392682988813,0.5655280608298446,0.37081928960331867,0.7019039977389527,0.3883458646616541,-0.32055630003205104,0.9999999994468268,0.9831948649801665,0.7121676845316821,heteroscedastic,linear
2,convnext_s|2,mae_b16|2,0.1,0.25,532,256,768,768,0.14270284084122456,0.16666666666666666,0.09826122540378243,0.15876293957264606,0.09620254189217226,-0.14616282084521648,0.27825816825179567,0.12650375939849626,-0.6312826996812119,0.999999990493267,0.9415146717384691,0.5538682712162741,heteroscedastic,linear
2,convnext_s|2,vit_sup_b16|2,0.1,0.25,532,256,768,768,0.6109515304209178,0.4166666666666667,0.49258822415169795,0.7081836103261329,0.5805631323700303,0.2584910552242676,0.7248385790014179,0.4618421052631579,-0.15490114361112028,0.9999999995932152,0.986468140157369,0.7440978415698473,heteroscedastic,linear
2,dinov2_b|2,mae_b16|2,0.1,0.25,532,256,768,768,0.2364917124769791,0.21666666666666667,0.2922989166153427,0.16908750861195287,0.17354258832643576,-0.15620948924034225,0.32396293873875176,0.15451127819548874,-0.515943040934024,0.9999999904711009,0.9412514851782426,0.5758084984387781,heteroscedastic,linear
2,dinov2_b|2,vit_sup_b16|2,0.1,0.25,532,256,768,768,0.593542982063839,0.38333333333333336,0.4328817478358995,0.7289600949960887,0.5392709508830544,0.36485610578169564,0.8426395030673309,0.4939849624060151,-0.03448041327476514,0.9999999995524692,0.9854995062765697,0.7567091765945076,heteroscedastic,linear
2,mae_b16|2,vit_sup_b16|2,0.1,0.25,532,256,768,768,0.30719440887335797,0.21666666666666667,0.2719456695614793,0.26587315218280716,0.25227216990239454,0.17202488981073374,0.32347257279022973,0.14304511278195486,-0.44506961410262336,0.9999999906319205,0.9443566218849596,0.5754540970115348,heteroscedastic,linear
2,clip_b16|2,convnext_s|2,0.1,1.0,532,1024,768,768,0.35068825191181086,0.18333333333333332,0.1935580280145592,0.42318473159052816,0.27590723400734174,0.11738397718434018,0.5303445341024985,0.3137218045112782,-0.43450234558816725,0.9999999988762241,0.9745409055363858,0.6623966775371634,heteroscedastic,linear
2,clip_b16|2,dinov2_b|2,0.1,1.0,532,1024,768,768,0.42727779799388327,0.43333333333333335,0.24675697178505698,0.558069906017657,0.30552654080326963,0.4242286751361162,0.6643547714760377,0.3669172932330827,-0.2568273895414519,0.9999999988481688,0.973885031841054,0.6851429163854023,heteroscedastic,linear
2,clip_b16|2,mae_b16|2,0.1,1.0,532,1024,768,768,0.41807238353439863,0.31666666666666665,0.22187055707246223,0.41534621377080233,0.3607938975879847,0.21454498314752402,0.43507480665273585,0.1734962406015038,-0.3410572602524584,0.9999999900558739,0.934805436637044,0.5611245682831735,heteroscedastic,linear
2,clip_b16|2,vit_sup_b16|2,0.1,1.0,532,1024,768,768,0.4527091464142956,0.4,0.23134808362062506,0.5758112969272887,0.3693347530241633,0.418395125745398,0.6445014592688927,0.35695488721804514,-0.21535678746592268,0.9999999990025141,0.9770260924763587,0.6910597863619172,heteroscedastic,linear
2,convnext_s|2,dinov2_b|2,0.1,1.0,532,1024,768,768,0.653751149308748,0.43333333333333335,0.5468270072844468,0.7022301571808814,0.6292051820014464,0.32220637801400054,0.7019039977389527,0.3883458646616541,-0.32055630003205104,0.9999999994468268,0.9831948649801665,0.7121676845316821,heteroscedastic,linear
2,convnext_s|2,mae_b16|2,0.1,1.0,532,1024,768,768,0.13985472181867173,0.13333333333333333,0.06673356910933069,0.08479020905786143,0.09870886184487455,-0.2225823178636246,0.27825816825179567,0.12650375939849626,-0.6312826996812119,0.999999990493267,0.9415146717384691,0.5538682712162741,heteroscedastic,linear
2,convnext_s|2,vit_sup_b16|2,0.1,1.0,532,1024,768,768,0.5936496490268028,0.31666666666666665,0.4794527490416171,0.6465512113425598,0.5686086630122069,0.2746305418719212,0.7248385790014179,0.4618421052631579,-0.15490114361112028,0.9999999995932152,0.986468140157369,0.7440978415698473,heteroscedastic,linear
2,dinov2_b|2,mae_b16|2,0.1,1.0,532,1024,768,768,0.24476523545898735,0.21666666666666667,0.2588928640170113,0.11644812483540591,0.17862868119256428,-0.18628467721026706,0.32396293873875176,0.15451127819548874,-0.515943040934024,0.9999999904711009,0.9412514851782426,0.5758084984387781,heteroscedastic,linear
2,dinov2_b|2,vit_sup_b16|2,0.1,1.0,532,1024,768,768,0.6167371020475055,0.4,0.46060408808190617,0.7283596669886636,0.5711059137728199,0.4332382680840032,0.8426395030673309,0.4939849624060151,-0.03448041327476514,0.9999999995524692,0.9854995062765697,0.7567091765945076,heteroscedastic,linear
2,mae_b16|2,vit_sup_b16|2,0.1,1.0,532,1024,768,768,0.288545023736177,0.21666666666666667,0.21176797672168807,0.19091013435903192,0.24244408880552895,-0.0412885662431942,0.32347257279022973,0.14304511278195486,-0.44506961410262336,0.9999999906319205,0.9443566218849596,0.5754540970115348,heteroscedastic,linear
2,clip_b16|2,convnext_s|2,1.0,0.1,532,102,768,768,0.309622471173531,0.13333333333333333,0.20431585453103804,0.377403073465299,0.2795927737876664,0.050492610837438424,0.5303445341024985,0.3137218045112782,-0.43450234558816725,0.9999999988762241,0.9745409055363858,0.6623966775371634,heteroscedastic,linear
2,clip_b16|2,dinov2_b|2,1.0,0.1,532,102,768,768,0.4356134878152439,0.36666666666666664,0.2928262046707945,0.593239906735378,0.3249900763551022,0.28227897329530727,0.6643547714760377,0.3669172932330827,-0.2568273895414519,0.9999999988481688,0.973885031841054,0.6851429163854023,heteroscedastic,linear
2,clip_b16|2,mae_b16|2,1.0,0.1,532,102,768,768,0.31514293095258594,0.2833333333333333,0.14923779559087264,0.3417482620401873,0.24467908251555706,0.17150635208711434,0.43507480665273585,0.1734962406015038,-0.3410572602524584,0.9999999900558739,0.934805436637044,0.5611245682831735,heteroscedastic,linear
2,clip_b16|2,vit_sup_b16|2,1.0,0.1,532,102,768,768,0.5043399009441693,0.3,0.35338669354266233,0.604970873656263,0.4286428471207039,0.24099040705211305,0.6445014592688927,0.35695488721804514,-0.21535678746592268,0.9999999990025141,0.9770260924763587,0.6910597863619172,heteroscedastic,linear
2,convnext_s|2,dinov2_b|2,1.0,0.1,532,102,768,768,0.5228357856549601,0.2833333333333333,0.4066485380696046,0.6139683571647397,0.5132207084583034,0.43304381643764583,0.7019039977389527,0.3883458646616541,-0.32055630003205104,0.9999999994468268,0.9831948649801665,0.7121676845316821,heteroscedastic,linear
2,convnext_s|2,mae_b16|2,1.0,0.1,532,102,768,768,0.14986080516890324,0.15,0.08350830227084312,0.1839675109801526,0.13490760516964936,-0.2201840808918849,0.27825816825179567,0.12650375939849626,-0.6312826996812119,0.999999990493267,0.9415146717384691,0.5538682712162741,heteroscedastic,linear
2,convnext_s|2,vit_sup_b16|2,1.0,0.1,532,102,768,768,0.5739287053575148,0.45,0.47519275038230185,0.6484815175692217,0.5620692508517545,0.31799325900959297,0.7248385790014179,0.4618421052631579,-0.15490114361112028,0.9999999995932152,0.986468140157369,0.7440978415698473,heteroscedastic,linear
2,dinov2_b|2,mae_b16|2,1.0,0.1,532,102,768,768,0.2707360853780149,0.23333333333333334,0.3109574375741443,0.22826122472232996,0.2187306998598098,-0.2625097225823179,0.32396293873875176,0.15451127819548874,-0.515943040934024,0.9999999904711009,0.9412514851782426,0.5758084984387781,heteroscedastic,linear
2,dinov2_b|2,vit_sup_b16|2,1.0,0.1,532,102,768,768,0.5471878532995924,0.3333333333333333,0.38347841542570965,0.696367187140005,0.491943484392595,0.39551464869069225,0.8426395030673309,0.4939849624060151,-0.03448041327476514,0.9999999995524692,0.9854995062765697,0.7567091765945076,heteroscedastic,linear
2,mae_b16|2,vit_sup_b16|2,1.0,0.1,532,102,768,768,0.30333634260095166,0.2,0.22145505264703455,0.3007895767932061,0.2577912604767907,0.10519834067928442,0.32347257279022973,0.14304511278195486,-0.44506961410262336,0.9999999906319205,0.9443566218849596,0.5754540970115348,heteroscedastic,linear
2,clip_b16|2,convnext_s|2,1.0,0.25,532,256,768,768,0.33933394259428495,0.23333333333333334,0.19470713497657666,0.462325376684794,0.25922846509095576,-0.014907959554057559,0.5303445341024985,0.3137218045112782,-0.43450234558816725,0.9999999988762241,0.9745409055363858,0.6623966775371634,heteroscedastic,linear
2,clip_b16|2,dinov2_b|2,1.0,0.25,532,256,768,768,0.44487234686763016,0.38333333333333336,0.2976990364143262,0.5909471095535357,0.3275616045484472,0.27197303603837186,0.6643547714760377,0.3669172932330827,-0.2568273895414519,0.9999999988481688,0.973885031841054,0.6851429163854023,heteroscedastic,linear
2,clip_b16|2,mae_b16|2,1.0,0.25,532,256,768,768,0.3164221011725032,0.25,0.19268424664932166,0.3499587659556761,0.2515070598788536,0.24682395644283123,0.43507480665273585,0.1734962406015038,-0.3410572602524584,0.9999999900558739,0.934805436637044,0.5611245682831735,heteroscedastic,linear
2,clip_b16|2,vit_sup_b16|2,1.0,0.25,532,256,768,768,0.48900263611843364,0.35,0.3449281592489003,0.603249460522417,0.40315279594947395,0.29083484573502727,0.6445014592688927,0.35695488721804514,-0.21535678746592268,0.9999999990025141,0.9770260924763587,0.6910597863619172,heteroscedastic,linear
2,convnext_s|2,dinov2_b|2,1.0,0.25,532,256,768,768,0.602286728574246,0.38333333333333336,0.45972779068641084,0.7129680441043694,0.5688217515503072,0.378208452164895,0.7019039977389527,0.3883458646616541,-0.32055630003205104,0.9999999994468268,0.9831948649801665,0.7121676845316821,heteroscedastic,linear
2,convnext_s|2,mae_b16|2,1.0,0.25,532,256,768,768,0.14392645535126486,0.16666666666666666,0.09478550931910651,0.1689093350916099,0.0995346080370131,-0.14869069224786105,0.27825816825179567,0.12650375939849626,-0.6312826996812119,0.999999990493267,0.9415146717384691,0.5538682712162741,heteroscedastic,linear
2,convnext_s|2,vit_sup_b16|2,1.0,0.25,532,256,768,768,0.6127269242414563,0.4,0.4937801036280977,0.7106478785761422,0.5835201387031745,0.24896292455276126,0.7248385790014179,0.4618421052631579,-0.15490114361112028,0.9999999995932152,0.986468140157369,0.7440978415698473,heteroscedastic,linear
2,dinov2_b|2,mae_b16|2,1.0,0.25,532,256,768,768,0.23943455398487215,0.2,0.29149091146970135,0.17920876993525708,0.18101215481605581,-0.1469406274306456,0.32396293873875176,0.15451127819548874,-0.515943040934024,0.9999999904711009,0.9412514851782426,0.5758084984387781,heteroscedastic,linear
2,dinov2_b|2,vit_sup_b16|2,1.0,0.25,532,256,768,768,0.5935823155064319,0.4,0.4331027990656902,0.7296940135093509,0.5409493510355968,0.3664117189525538,0.8426395030673309,0.4939849624060151,-0.03448041327476514,0.9999999995524692,0.9854995062765697,0.7567091765945076,heteroscedastic,linear
2,mae_b16|2,vit_sup_b16|2,1.0,0.25,532,256,768,768,0.30345739849277353,0.21666666666666667,0.2650830173169377,0.2740406486968338,0.24997016910370598,0.18991444127560284,0.32347257279022973,0.14304511278195486,-0.44506961410262336,0.9999999906319205,0.9443566218849596,0.5754540970115348,heteroscedastic,linear
2,clip_b16|2,convnext_s|2,1.0,1.0,532,1024,768,768,0.33535870932974815,0.21666666666666667,0.1817963054252262,0.42842325650368257,0.25997431245030683,0.11777288047705471,0.5303445341024985,0.3137218045112782,-0.43450234558816725,0.9999999988762241,0.9745409055363858,0.6623966775371634,heteroscedastic,linear
2,clip_b16|2,dinov2_b|2,1.0,1.0,532,1024,768,768,0.4175212153367092,0.4166666666666667,0.24581561703575333,0.5562485146388536,0.2999638281644435,0.3891625615763547,0.6643547714760377,0.3669172932330827,-0.2568273895414519,0.9999999988481688,0.973885031841054,0.6851429163854023,heteroscedastic,linear
2,clip_b16|2,mae_b16|2,1.0,1.0,532,1024,768,768,0.3861601282225784,0.25,0.21822518866183313,0.39597445136938075,0.3316646269728866,0.19341457091003375,0.43507480665273585,0.1734962406015038,-0.3410572602524584,0.9999999900558739,0.934805436637044,0.5611245682831735,heteroscedastic,linear
2,clip_b16|2,vit_sup_b16|2,1.0,1.0,532,1024,768,768,0.4285956349878749,0.38333333333333336,0.2172680188651949,0.5698008729385422,0.34865909371638404,0.38786621726730625,0.6445014592688927,0.35695488721804514,-0.21535678746592268,0.9999999990025141,0.9770260924763587,0.6910597863619172,heteroscedastic,linear
2,convnext_s|2,dinov2_b|2,1.0,1.0,532,1024,768,768,0.6517375326042572,0.43333333333333335,0.549054772361264,0.7057210176891675,0.6274617984642635,0.36064298677728807,0.7019039977389527,0.3883458646616541,-0.32055630003205104,0.9999999994468268,0.9831948649801665,0.7121676845316821,heteroscedastic,linear
2,convnext_s|2,mae_b16|2,1.0,1.0,532,1024,768,768,0.13144603179453276,0.16666666666666666,0.057813882412607036,0.10760312211393107,0.09416707040811066,-0.22627689914441276,0.27825816825179567,0.12650375939849626,-0.6312826996812119,0.999999990493267,0.9415146717384691,0.5538682712162741,heteroscedastic,linear
2,convnext_s|2,vit_sup_b16|2,1.0,1.0,532,1024,768,768,0.577686160239334,0.3333333333333333,0.4638278417079101,0.6426140792268944,0.5524925587653666,0.27495462794918335,0.7248385790014179,0.4618421052631579,-0.15490114361112028,0.9999999995932152,0.986468140157369,0.7440978415698473,heteroscedastic,linear
2,dinov2_b|2,mae_b16|2,1.0,1.0,532,1024,768,768,0.23776993824982845,0.2,0.24401342050539504,0.14265471284321093,0.17757822890221103,-0.16450609281825254,0.32396293873875176,0.15451127819548874,-0.515943040934024,0.9999999904711009,0.9412514851782426,0.5758084984387781,heteroscedastic,linear
2,dinov2_b|2,vit_sup_b16|2,1.0,1.0,532,1024,768,768,0.6035192875535764,0.4,0.4435896131801167,0.7264310363750457,0.5599409138387778,0.40374643505315017,0.8426395030673309,0.4939849624060151,-0.03448041327476514,0.9999999995524692,0.9854995062765697,0.7567091765945076,heteroscedastic,linear
2,mae_b16|2,vit_sup_b16|2,1.0,1.0,532,1024,768,768,0.26804363345453736,0.21666666666666667,0.18550421515940582,0.21535509451993542,0.22478562228748714,-0.02326938034742028,0.32347257279022973,0.14304511278195486,-0.44506961410262336,0.9999999906319205,0.9443566218849596,0.5754540970115348,heteroscedastic,linear
2,clip_b16|2,convnext_s|2,10.0,0.1,532,102,768,768,0.30966691574143257,0.13333333333333333,0.20493875173628553,0.3776153177842028,0.27956721515541455,0.050492610837438424,0.5303445341024985,0.3137218045112782,-0.43450234558816725,0.9999999988762241,0.9745409055363858,0.6623966775371634,heteroscedastic,linear
2,clip_b16|2,dinov2_b|2,10.0,0.1,532,102,768,768,0.4358082105783627,0.36666666666666664,0.29299190323491403,0.5937738687587254,0.3251740085649151,0.2847420274824994,0.6643547714760377,0.3669172932330827,-0.2568273895414519,0.9999999988481688,0.973885031841054,0.6851429163854023,heteroscedastic,linear
2,clip_b16|2,mae_b16|2,10.0,0.1,532,102,768,768,0.31493687482465227,0.2833333333333333,0.1492014928685818,0.3417644596329457,0.24438189783262804,0.17150635208711434,0.43507480665273585,0.1734962406015038,-0.3410572602524584,0.9999999900558739,0.934805436637044,0.5611245682831735,heteroscedastic,linear
2,clip_b16|2,vit_sup_b16|2,10.0,0.1,532,102,768,768,0.5042035116764213,0.3,0.35344492167148517,0.6049837200229334,0.4284406266227109,0.24099040705211305,0.6445014592688927,0.35695488721804514,-0.21535678746592268,0.9999999990025141,0.9770260924763587,0.6910597863619172,heteroscedastic,linear
2,convnext_s|2,dinov2_b|2,10.0,0.1,532,102,768,768,0.5229997305548071,0.3,0.4064796046094393,0.6142660577488864,0.51335936965967,0.43505315011667106,0.7019039977389527,0.3883458646616541,-0.32055630003205104,0.9999999994468268,0.9831948649801665,0.7121676845316821,heteroscedastic,linear
2,convnext_s|2,mae_b16|2,10.0,0.1,532,102,768,768,0.14975163819899498,0.16666666666666666,0.08334440087119346,0.18456067799772058,0.13465381769514803,-0.2201840808918849,0.27825816825179567,0.12650375939849626,-0.6312826996812119,0.999999990493267,0.9415146717384691,0.5538682712162741,heteroscedastic,linear
2,convnext_s|2,vit_sup_b16|2,10.0,0.1,532,102,768,768,0.5742197061658505,0.45,0.47552019374870724,0.6486870594359494,0.5623597648066178,0.31799325900959297,0.7248385790014179,0.4618421052631579,-0.15490114361112028,0.9999999995932152,0.986468140157369,0.7440978415698473,heteroscedastic,linear
2,dinov2_b|2,mae_b16|2,10.0,0.1,532,102,768,768,0.2707901410837252,0.23333333333333334,0.31043302498184416,0.22841147135860662,0.21866084459512128,-0.2621856365050557,0.32396293873875176,0.15451127819548874,-0.515943040934024,0.9999999904711009,0.9412514851782426,0.5758084984387781,heteroscedastic,linear
2,dinov2_b|2,vit_sup_b16|2,10.0,0.1,532,102,768,768,0.5472917424770624,0.3333333333333333,0.3833522544799267,0.6967497854517131,0.49211257610626163,0.3963572724915738,0.8426395030673309,0.4939849624060151,-0.03448041327476514,0.9999999995524692,0.9854995062765697,0.7567091765945076,heteroscedastic,linear
2,mae_b16|2,vit_sup_b16|2,10.0,0.1,532,102,768,768,0.30336989824971733,0.2,0.2216128436874868,0.30120177760202455,0.2578171938690463,0.10519834067928442,0.32347257279022973,0.14304511278195486,-0.44506961410262336,0.9999999906319205,0.9443566218849596,0.5754540970115348,heteroscedastic,linear
2,clip_b16|2,convnext_s|2,10.0,0.25,532,256,768,768,0.33927860910724744,0.23333333333333334,0.19404146525694688,0.4625180721848514,0.2591949615466256,-0.010305937256935443,0.5303445341024985,0.3137218045112782,-0.43450234558816725,0.9999999988762241,0.9745409055363858,0.6623966775371634,heteroscedastic,linear
2,clip_b16|2,dinov2_b|2,10.0,0.25,532,256,768,768,0.44498479162442117,0.38333333333333336,0.29801425906233664,0.5913084834333534,0.32798358431260627,0.2728156598392533,0.6643547714760377,0.3669172932330827,-0.2568273895414519,0.9999999988481688,0.973885031841054,0.6851429163854023,heteroscedastic,linear
2,clip_b16|2,mae_b16|2,10.0,0.25,532,256,768,768,0.31483993011091693,0.25,0.1923097175738064,0.3488154393220022,0.25051507014907654,0.2480554835364273,0.43507480665273585,0.1734962406015038,-0.3410572602524584,0.9999999900558739,0.934805436637044,0.5611245682831735,heteroscedastic,linear
2,clip_b16|2,vit_sup_b16|2,10.0,0.25,532,256,768,768,0.4882421340059277,0.35,0.34362880933720397,0.6030802236049753,0.40247882755883135,0.29420534093855333,0.6445014592688927,0.35695488721804514,-0.21535678746592268,0.9999999990025141,0.9770260924763587,0.6910597863619172,heteroscedastic,linear
2,convnext_s|2,dinov2_b|2,10.0,0.25,532,256,768,768,0.6025958960997114,0.38333333333333336,0.4598075847888719,0.7128837049144892,0.5691238081132843,0.3805418719211823,0.7019039977389527,0.3883458646616541,-0.32055630003205104,0.9999999994468268,0.9831948649801665,0.7121676845316821,heteroscedastic,linear
2,convnext_s|2,mae_b16|2,10.0,0.25,532,256,768,768,0.14364923235897875,0.16666666666666666,0.09324677710002713,0.17087985603132724,0.09964306358208204,-0.14661654135338345,0.27825816825179567,0.12650375939849626,-0.6312826996812119,0.999999990493267,0.9415146717384691,0.5538682712162741,heteroscedastic,linear
2,convnext_s|2,vit_sup_b16|2,10.0,0.25,532,256,768,768,0.6129679804666124,0.4,0.4937934026451746,0.7107232811631211,0.5837456692733973,0.24870365569095154,0.7248385790014179,0.4618421052631579,-0.15490114361112028,0.9999999995932152,0.986468140157369,0.7440978415698473,heteroscedastic,linear
2,dinov2_b|2,mae_b16|2,10.0,0.25,532,256,768,768,0.23948983191619974,0.2,0.2906164112386759,0.18122788365324974,0.18187785042458812,-0.14194970184080893,0.32396293873875176,0.15451127819548874,-0.515943040934024,0.9999999904711009,0.9412514851782426,0.5758084984387781,heteroscedastic,linear
2,dinov2_b|2,vit_sup_b16|2,10.0,0.25,532,256,768,768,0.5936292045255681,0.4,0.43333355498361803,0.7297939917543081,0.5410377194444678,0.36647653616800624,0.8426395030673309,0.4939849624060151,-0.03448041327476514,0.9999999995524692,0.9854995062765697,0.7567091765945076,heteroscedastic,linear
2,mae_b16|2,vit_sup_b16|2,10.0,0.25,532,256,768,768,0.3025175625487848,0.21666666666666667,0.26298788297799497,0.27540627332767537,0.2491875203119922,0.1925071298936998,0.32347257279022973,0.14304511278195486,-0.44506961410262336,0.9999999906319205,0.9443566218849596,0.5754540970115348,heteroscedastic,linear
2,clip_b16|2,convnext_s|2,10.0,1.0,532,1024,768,768,0.33037780660501836,0.21666666666666667,0.17640912521042548,0.42711181002792964,0.25508421906611006,0.11485610578169562,0.5303445341024985,0.3137218045112782,-0.43450234558816725,0.9999999988762241,0.9745409055363858,0.6623966775371634,heteroscedastic,linear
2,clip_b16|2,dinov2_b|2,10.0,1.0,532,1024,768,768,0.41414142817063376,0.4166666666666667,0.24273994976206445,0.5525923269768952,0.297671870933854,0.3693284936479129,0.6643547714760377,0.3669172932330827,-0.2568273895414519,0.9999999988481688,0.973885031841054,0.6851429163854023,heteroscedastic,linear
2,clip_b16|2,mae_b16|2,10.0,1.0,532,1024,768,768,0.37139697610271133,0.25,0.2073440766627231,0.38365646134542225,0.31723404331865873,0.18051594503500132,0.43507480665273585,0.1734962406015038,-0.3410572602524584,0.9999999900558739,0.934805436637044,0.5611245682831735,heteroscedastic,linear
2,clip_b16|2,vit_sup_b16|2,10.0,1.0,532,1024,768,768,0.4217463937399825,0.38333333333333336,0.21017101637378577,0.5679917693887279,0.3416905813517024,0.37879180710396687,0.6445014592688927,0.35695488721804514,-0.21535678746592268,0.9999999990025141,0.9770260924763587,0.6910597863619172,heteroscedastic,linear
2,convnext_s|2,dinov2_b|2,10.0,1.0,532,1024,768,768,0.6499684721346448,0.43333333333333335,0.5478776296335168,0.707441313747651,0.6258423105843018,0.3843012704174229,0.7019039977389527,0.3883458646616541,-0.32055630003205104,0.9999999994468268,0.9831948649801665,0.7121676845316821,heteroscedastic,linear
2,convnext_s|2,mae_b16|2,10.0,1.0,532,1024,768,768,0.13061464059622385,0.16666666666666666,0.051551483100992924,0.11818461848664773,0.09502257254454248,-0.22601763028260308,0.27825816825179567,0.12650375939849626,-0.6312826996812119,0.999999990493267,0.9415146717384691,0.5538682712162741,heteroscedastic,linear
2,convnext_s|2,vit_sup_b16|2,10.0,1.0,532,1024,768,768,0.5743355953766537,0.3333333333333333,0.46102642173231917,0.6410283907496106,0.5491933965488501,0.2779362198599949,0.7248385790014179,0.4618421052631579,-0.15490114361112028,0.9999999995932152,0.986468140157369,0.7440978415698473,heteroscedastic,linear
2,dinov2_b|2,mae_b16|2,10.0,1.0,532,1024,768,768,0.23761188225522845,0.21666666666666667,0.23568607921793153,0.1535400537145688,0.1798656890127562,-0.1475239823697174,0.32396293873875176,0.15451127819548874,-0.515943040934024,0.9999999904711009,0.9412514851782426,0.5758084984387781,heteroscedastic,linear
2,dinov2_b|2,vit_sup_b16|2,10.0,1.0,532,1024,768,768,0.599393942760952,0.4166666666666667,0.4389838400768037,0.7271051913564058,0.555737530685349,0.4019963702359347,0.8426395030673309,0.4939849624060151,-0.03448041327476514,0.9999999995524692,0.9854995062765697,0.7567091765945076,heteroscedastic,linear
2,mae_b16|2,vit_sup_b16|2,10.0,1.0,532,1024,768,768,0.2624618957274881,0.21666666666666667,0.1710589665837036,0.22691068060888425,0.21967681896513472,-0.01944516463572725,0.32347257279022973,0.14304511278195486,-0.44506961410262336,0.9999999906319205,0.9443566218849596,0.5754540970115348,heteroscedastic,linear
2,clip_b16|2,convnext_s|2,0.1,0.1,532,102,768,768,0.30932041477892996,0.13333333333333333,0.30932041477892996,,0.2792743776885283,0.050492610837438424,0.5303445341024985,0.3137218045112782,-0.43450234558816725,0.9999999988762241,0.9745409055363858,0.6623966775371634,homoscedastic,linear
2,clip_b16|2,dinov2_b|2,0.1,0.1,532,102,768,768,0.43536009822249494,0.36666666666666664,0.43536009822249494,,0.3247570505848055,0.28227897329530727,0.6643547714760377,0.3669172932330827,-0.2568273895414519,0.9999999988481688,0.973885031841054,0.6851429163854023,homoscedastic,linear
2,clip_b16|2,mae_b16|2,0.1,0.1,532,102,768,768,0.3141420948391523,0.2833333333333333,0.3141420948391523,,0.2435502304324311,0.17046927663987554,0.43507480665273585,0.1734962406015038,-0.3410572602524584,0.9999999900558739,0.934805436637044,0.5611245682831735,homoscedastic,linear
2,clip_b16|2,vit_sup_b16|2,0.1,0.1,532,102,768,768,0.5039638443440121,0.3,0.5039638443440121,,0.4282473254128057,0.24099040705211305,0.6445014592688927,0.35695488721804514,-0.21535678746592268,0.9999999990025141,0.9770260924763587,0.6910597863619172,homoscedastic,linear
2,convnext_s|2,dinov2_b|2,0.1,0.1,532,102,768,768,0.5227933410926141,0.2833333333333333,0.5227933410926141,,0.5132888398269749,0.43304381643764583,0.7019039977389527,0.3883458646616541,-0.32055630003205104,0.9999999994468268,0.9831948649801665,0.7121676845316821,homoscedastic,linear
2,convnext_s|2,mae_b16|2,0.1,0.1,532,102,768,768,0.14978524940347057,0.15,0.14978524940347057,,0.13477846287237655,-0.22135079077002853,0.27825816825179567,0.12650375939849626,-0.6312826996812119,0.999999990493267,0.9415146717384691,0.5538682712162741,homoscedastic,linear
2,convnext_s|2,vit_sup_b16|2,0.1,0.1,532,102,768,768,0.5740621501726393,0.45,0.5740621501726393,,0.5622248512052882,0.31799325900959297,0.7248385790014179,0.4618421052631579,-0.15490114361112028,0.9999999995932152,0.986468140157369,0.7440978415698473,homoscedastic,linear
2,dinov2_b|2,mae_b16|2,0.1,0.1,532,102,768,768,0.2708409745582626,0.23333333333333334,0.2708409745582626,,0.2189369677658428,-0.2599170339642209,0.32396293873875176,0.15451127819548874,-0.515943040934024,0.9999999904711009,0.9412514851782426,0.5758084984387781,homoscedastic,linear
2,dinov2_b|2,vit_sup_b16|2,0.1,0.1,532,102,768,768,0.5471277975772155,0.3333333333333333,0.5471277975772155,,0.4919539776726984,0.39551464869069225,0.8426395030673309,0.4939849624060151,-0.03448041327476514,0.9999999995524692,0.9854995062765697,0.7567091765945076,homoscedastic,linear
2,mae_b16|2,vit_sup_b16|2,0.1,0.1,532,102,768,768,0.3033108425301181,0.2,0.3033108425301181,,0.2577432911963179,0.10662431941923776,0.32347257279022973,0.14304511278195486,-0.44506961410262336,0.9999999906319205,0.9443566218849596,0.5754540970115348,homoscedastic,linear
2,clip_b16|2,convnext_s|2,0.1,0.25,532,256,768,768,0.3395893321925894,0.23333333333333334,0.3395893321925894,,0.25971228025572424,-0.01024112004148302,0.5303445341024985,0.3137218045112782,-0.43450234558816725,0.9999999988762241,0.9745409055363858,0.6623966775371634,homoscedastic,linear
2,clip_b16|2,dinov2_b|2,0.1,0.25,532,256,768,768,0.44499690276917425,0.4,0.44499690276917425,,0.32782476102304087,0.2723619393310864,0.6643547714760377,0.3669172932330827,-0.2568273895414519,0.9999999988481688,0.973885031841054,0.6851429163854023,homoscedastic,linear
2,clip_b16|2,mae_b16|2,0.1,0.25,532,256,768,768,0.3151987088853024,0.25,0.3151987088853024,,0.25057308299764836,0.2430645579465906,0.43507480665273585,0.1734962406015038,-0.3410572602524584,0.9999999900558739,0.934805436637044,0.5611245682831735,homoscedastic,linear
2,clip_b16|2,vit_sup_b16|2,0.1,0.25,532,256,768,768,0.48919530332028693,0.36666666666666664,0.48919530332028693,,0.4034971254408677,0.29459424423126784,0.6445014592688927,0.35695488721804514,-0.21535678746592268,0.9999999990025141,0.9770260924763587,0.6910597863619172,homoscedastic,linear
2,convnext_s|2,dinov2_b|2,0.1,0.25,532,256,768,768,0.602272339645388,0.38333333333333336,0.602272339645388,,0.5689652096797211,0.3799585169821105,0.7019039977389527,0.3883458646616541,-0.32055630003205104,0.9999999994468268,0.9831948649801665,0.7121676845316821,homoscedastic,linear
2,convnext_s|2,mae_b16|2,0.1,0.25,532,256,768,768,0.14461473504093064,0.15,0.14461473504093064,,0.1005454856709763,-0.1424682395644283,0.27825816825179567,0.12650375939849626,-0.6312826996812119,0.999999990493267,0.9415146717384691,0.5538682712162741,homoscedastic,linear
2,convnext_s|2,vit_sup_b16|2,0.1,0.25,532,256,768,768,0.6125732571479364,0.38333333333333336,0.6125732571479364,,0.5834391155903759,0.24500907441016337,0.7248385790014179,0.4618421052631579,-0.15490114361112028,0.9999999995932152,0.986468140157369,0.7440978415698473,homoscedastic,linear
2,dinov2_b|2,mae_b16|2,0.1,0.25,532,256,768,768,0.24079705776960492,0.2,0.24079705776960492,,0.18295056345916075,-0.14032927145449833,0.32396293873875176,0.15451127819548874,-0.515943040934024,0.9999999904711009,0.9412514851782426,0.5758084984387781,homoscedastic,linear
2,dinov2_b|2,vit_sup_b16|2,0.1,0.25,532,256,768,768,0.5934328706468628,0.4,0.5934328706468628,,0.5409402068915067,0.3664117189525538,0.8426395030673309,0.4939849624060151,-0.03448041327476514,0.9999999995524692,0.9854995062765697,0.7567091765945076,homoscedastic,linear
2,mae_b16|2,vit_sup_b16|2,0.1,0.25,532,256,768,768,0.30365267681299113,0.21666666666666667,0.30365267681299113,,0.250673293822636,0.19049779621467464,0.32347257279022973,0.14304511278195486,-0.44506961410262336,0.9999999906319205,0.9443566218849596,0.5754540970115348,homoscedastic,linear
2,clip_b16|2,convnext_s|2,0.1,1.0,532,1024,768,768,0.32512340312056415,0.2,0.32512340312056415,,0.2614949386412941,0.07706766917293234,0.5303445341024985,0.3137218045112782,-0.43450234558816725,0.9999999988762241,0.9745409055363858,0.6623966775371634,homoscedastic,linear
2,clip_b16|2,dinov2_b|2,0.1,1.0,532,1024,768,768,0.41933605371126026,0.35,0.41933605371126026,,0.31079851463123015,0.3613559761472647,0.6643547714760377,0.3669172932330827,-0.2568273895414519,0.9999999988481688,0.973885031841054,0.6851429163854023,homoscedastic,linear
2,clip_b16|2,mae_b16|2,0.1,1.0,532,1024,768,768,0.3522642562896008,0.26666666666666666,0.3522642562896008,,0.298109065954163,0.23347161005963185,0.43507480665273585,0.1734962406015038,-0.3410572602524584,0.9999999900558739,0.934805436637044,0.5611245682831735,homoscedastic,linear
2,clip_b16|2,vit_sup_b16|2,0.1,1.0,532,1024,768,768,0.41631104530845914,0.35,0.41631104530845914,,0.3382523831738155,0.37231008555872447,0.6445014592688927,0.35695488721804514,-0.21535678746592268,0.9999999990025141,0.9770260924763587,0.6910597863619172,homoscedastic,linear
2,convnext_s|2,dinov2_b|2,0.1,1.0,532,1024,768,768,0.6506117516993102,0.43333333333333335,0.6506117516993102,,0.6356347145288158,0.35837438423645324,0.7019039977389527,0.3883458646616541,-0.32055630003205104,0.9999999994468268,0.9831948649801665,0.7121676845316821,homoscedastic,linear
2,convnext_s|2,mae_b16|2,0.1,1.0,532,1024,768,768,0.09934749818749496,0.16666666666666666,0.09934749818749496,,0.06642636055869822,-0.18654394607207675,0.27825816825179567,0.12650375939849626,-0.6312826996812119,0.999999990493267,0.9415146717384691,0.5538682712162741,homoscedastic,linear
2,convnext_s|2,vit_sup_b16|2,0.1,1.0,532,1024,768,768,0.5740584279400776,0.31666666666666665,0.5740584279400776,,0.5567437612952666,0.2625097225823179,0.7248385790014179,0.4618421052631579,-0.15490114361112028,0.9999999995932152,0.986468140157369,0.7440978415698473,homoscedastic,linear
2,dinov2_b|2,mae_b16|2,0.1,1.0,532,1024,768,768,0.23062414062261283,0.21666666666666667,0.23062414062261283,,0.17650761452365907,-0.14188488462535653,0.32396293873875176,0.15451127819548874,-0.515943040934024,0.9999999904711009,0.9412514851782426,0.5758084984387781,homoscedastic,linear
2,dinov2_b|2,vit_sup_b16|2,0.1,1.0,532,1024,768,768,0.6120942002616673,0.35,0.6120942002616673,,0.58109476691127,0.39447757324345345,0.8426395030673309,0.4939849624060151,-0.03448041327476514,0.9999999995524692,0.9854995062765697,0.7567091765945076,homoscedastic,linear
2,mae_b16|2,vit_sup_b16|2,0.1,1.0,532,1024,768,768,0.2428402301117503,0.21666666666666667,0.2428402301117503,,0.20172821325223328,-0.01860254083484574,0.32347257279022973,0.14304511278195486,-0.44506961410262336,0.9999999906319205,0.9443566218849596,0.5754540970115348,homoscedastic,linear
2,clip_b16|2,convnext_s|2,1.0,0.1,532,102,768,768,0.3096061933505371,0.13333333333333333,0.3096061933505371,,0.2794945866666987,0.050492610837438424,0.5303445341024985,0.3137218045112782,-0.43450234558816725,0.9999999988762241,0.9745409055363858,0.6623966775371634,homoscedastic,linear
2,clip_b16|2,dinov2_b|2,1.0,0.1,532,102,768,768,0.43579065497404157,0.36666666666666664,0.43579065497404157,,0.32517453322892026,0.2847420274824994,0.6643547714760377,0.3669172932330827,-0.2568273895414519,0.9999999988481688,0.973885031841054,0.6851429163854023,homoscedastic,linear
2,clip_b16|2,mae_b16|2,1.0,0.1,532,102,768,768,0.31488670801863333,0.2833333333333333,0.31488670801863333,,0.24435484016036133,0.17150635208711434,0.43507480665273585,0.1734962406015038,-0.3410572602524584,0.9999999900558739,0.934805436637044,0.5611245682831735,homoscedastic,linear
2,clip_b16|2,vit_sup_b16|2,1.0,0.1,532,102,768,768,0.504140011500032,0.3,0.504140011500032,,0.4283636509179522,0.24099040705211305,0.6445014592688927,0.35695488721804514,-0.21535678746592268,0.9999999990025141,0.9770260924763587,0.6910597863619172,homoscedastic,linear
2,convnext_s|2,dinov2_b|2,1.0,0.1,532,102,768,768,0.5230321750893752,0.2833333333333333,0.5230321750893752,,0.5134103370201722,0.43505315011667106,0.7019039977389527,0.3883458646616541,-0.32055630003205104,0.9999999994468268,0.9831948649801665,0.7121676845316821,homoscedastic,linear
2,convnext_s|2,mae_b16|2,1.0,0.1,532,102,768,768,0.14986936074822427,0.15,0.14986936074822427,,0.13481016756868902,-0.2201840808918849,0.27825816825179567,0.12650375939849626,-0.6312826996812119,0.999999990493267,0.9415146717384691,0.5538682712162741,homoscedastic,linear
2,convnext_s|2,vit_sup_b16|2,1.0,0.1,532,102,768,768,0.5742222617285048,0.45,0.5742222617285048,,0.56236403707066,0.31799325900959297,0.7248385790014179,0.4618421052631579,-0.15490114361112028,0.9999999995932152,0.986468140157369,0.7440978415698473,homoscedastic,linear
2,dinov2_b|2,mae_b16|2,1.0,0.1,532,102,768,768,0.2708898080272445,0.23333333333333334,0.2708898080272445,,0.21885369609302205,-0.2621856365050557,0.32396293873875176,0.15451127819548874,-0.515943040934024,0.9999999904711009,0.9412514851782426,0.5758084984387781,homoscedastic,linear
2,dinov2_b|2,vit_sup_b16|2,1.0,0.1,532,102,768,768,0.5472515201431115,0.3333333333333333,0.5472515201431115,,0.4920695536578376,0.3963572724915738,0.8426395030673309,0.4939849624060151,-0.03448041327476514,0.9999999995524692,0.9854995062765697,0.7567091765945076,homoscedastic,linear
2,mae_b16|2,vit_sup_b16|2,1.0,0.1,532,102,768,768,0.3033575648821246,0.2,0.3033575648821246,,0.2578099235249746,0.10519834067928442,0.32347257279022973,0.14304511278195486,-0.44506961410262336,0.9999999906319205,0.9443566218849596,0.5754540970115348,homoscedastic,linear
2,clip_b16|2,convnext_s|2,1.0,0.25,532,256,768,768,0.3392681646337906,0.23333333333333334,0.3392681646337906,,0.25922749071494616,-0.010305937256935443,0.5303445341024985,0.3137218045112782,-0.43450234558816725,0.9999999988762241,0.9745409055363858,0.6623966775371634,homoscedastic,linear
2,clip_b16|2,dinov2_b|2,1.0,0.25,532,256,768,768,0.4449933472037422,0.38333333333333336,0.4449933472037422,,0.3279901051366705,0.2728156598392533,0.6643547714760377,0.3669172932330827,-0.2568273895414519,0.9999999988481688,0.973885031841054,0.6851429163854023,homoscedastic,linear
2,clip_b16|2,mae_b16|2,1.0,0.25,532,256,768,768,0.3148383745510404,0.25,0.3148383745510404,,0.25033563505930806,0.2480554835364273,0.43507480665273585,0.1734962406015038,-0.3410572602524584,0.9999999900558739,0.934805436637044,0.5611245682831735,homoscedastic,linear
2,clip_b16|2,vit_sup_b16|2,1.0,0.25,532,256,768,768,0.48825996738879823,0.35,0.48825996738879823,,0.40252229971925985,0.29420534093855333,0.6445014592688927,0.35695488721804514,-0.21535678746592268,0.9999999990025141,0.9770260924763587,0.6910597863619172,homoscedastic,linear
2,convnext_s|2,dinov2_b|2,1.0,0.25,532,256,768,768,0.6025175625487847,0.38333333333333336,0.6025175625487847,,0.5691019970810693,0.3805418719211823,0.7019039977389527,0.3883458646616541,-0.32055630003205104,0.9999999994468268,0.9831948649801665,0.7121676845316821,homoscedastic,linear
2,convnext_s|2,mae_b16|2,1.0,0.25,532,256,768,768,0.14373439926222015,0.16666666666666666,0.14373439926222015,,0.09966270100627558,-0.14661654135338345,0.27825816825179567,0.12650375939849626,-0.6312826996812119,0.999999990493267,0.9415146717384691,0.5538682712162741,homoscedastic,linear
2,convnext_s|2,vit_sup_b16|2,1.0,0.25,532,256,768,768,0.612927924799791,0.4,0.612927924799791,,0.5837523400014631,0.24870365569095154,0.7248385790014179,0.4618421052631579,-0.15490114361112028,0.9999999995932152,0.986468140157369,0.7440978415698473,homoscedastic,linear
2,dinov2_b|2,mae_b16|2,1.0,0.25,532,256,768,768,0.2396286656351823,0.2,0.2396286656351823,,0.18194043534520496,-0.14194970184080893,0.32396293873875176,0.15451127819548874,-0.515943040934024,0.9999999904711009,0.9412514851782426,0.5758084984387781,homoscedastic,linear
2,dinov2_b|2,vit_sup_b16|2,1.0,0.25,532,256,768,768,0.593561482115228,0.4,0.593561482115228,,0.5410106617722011,0.36647653616800624,0.8426395030673309,0.4939849624060151,-0.03448041327476514,0.9999999995524692,0.9854995062765697,0.7567091765945076,homoscedastic,linear
2,mae_b16|2,vit_sup_b16|2,1.0,0.25,532,256,768,768,0.3026377295492487,0.21666666666666667,0.3026377295492487,,0.24928240954492747,0.1925071298936998,0.32347257279022973,0.14304511278195486,-0.44506961410262336,0.9999999906319205,0.9443566218849596,0.5754540970115348,homoscedastic,linear
2,clip_b16|2,convnext_s|2,1.0,1.0,532,1024,768,768,0.3175571043252898,0.2,0.3175571043252898,,0.25387726699821433,0.07395644283121598,0.5303445341024985,0.3137218045112782,-0.43450234558816725,0.9999999988762241,0.9745409055363858,0.6623966775371634,homoscedastic,linear
2,clip_b16|2,dinov2_b|2,1.0,1.0,532,1024,768,768,0.4155923210897807,0.38333333333333336,0.4155923210897807,,0.3079593328432472,0.33614207933627177,0.6643547714760377,0.3669172932330827,-0.2568273895414519,0.9999999988481688,0.973885031841054,0.6851429163854023,homoscedastic,linear
2,clip_b16|2,mae_b16|2,1.0,1.0,532,1024,768,768,0.3371202697785271,0.26666666666666666,0.3371202697785271,,0.2850952250178985,0.23612911589318128,0.43507480665273585,0.1734962406015038,-0.3410572602524584,0.9999999900558739,0.934805436637044,0.5611245682831735,homoscedastic,linear
2,clip_b16|2,vit_sup_b16|2,1.0,1.0,532,1024,768,768,0.4069534637596215,0.36666666666666664,0.4069534637596215,,0.3297617455781318,0.3524760176302826,0.6445014592688927,0.35695488721804514,-0.21535678746592268,0.9999999990025141,0.9770260924763587,0.6910597863619172,homoscedastic,linear
2,convnext_s|2,dinov2_b|2,1.0,1.0,532,1024,768,768,0.6521021447281797,0.4666666666666667,0.6521021447281797,,0.6369219401895027,0.3861161524500908,0.7019039977389527,0.3883458646616541,-0.32055630003205104,0.9999999994468268,0.9831948649801665,0.7121676845316821,homoscedastic,linear
2,convnext_s|2,mae_b16|2,1.0,1.0,532,1024,768,768,0.09732982591618308,0.16666666666666666,0.09732982591618308,,0.0663825885902668,-0.17150635208711434,0.27825816825179567,0.12650375939849626,-0.6312826996812119,0.999999990493267,0.9415146717384691,0.5538682712162741,homoscedastic,linear
2,convnext_s|2,vit_sup_b16|2,1.0,1.0,532,1024,768,768,0.5687188019966721,0.31666666666666665,0.5687188019966721,,0.5520837705533377,0.2581669691470055,0.7248385790014179,0.4618421052631579,-0.15490114361112028,0.9999999995932152,0.986468140157369,0.7440978415698473,homoscedastic,linear
2,dinov2_b|2,mae_b16|2,1.0,1.0,532,1024,768,768,0.22944602623896174,0.21666666666666667,0.22944602623896174,,0.17773525334375864,-0.12931034482758622,0.32396293873875176,0.15451127819548874,-0.515943040934024,0.9999999904711009,0.9412514851782426,0.5758084984387781,homoscedastic,linear
2,dinov2_b|2,vit_sup_b16|2,1.0,1.0,532,1024,768,768,0.6074313539759832,0.36666666666666664,0.6074313539759832,,0.5770520808474253,0.37710655950220384,0.8426395030673309,0.4939849624060151,-0.03448041327476514,0.9999999995524692,0.9854995062765697,0.7567091765945076,homoscedastic,linear
2,mae_b16|2,vit_sup_b16|2,1.0,1.0,532,1024,768,768,0.23575537709826971,0.21666666666666667,0.23575537709826971,,0.19597872022756627,-0.013222711952294531,0.32347257279022973,0.14304511278195486,-0.44506961410262336,0.9999999906319205,0.9443566218849596,0.5754540970115348,homoscedastic,linear
2,clip_b16|2,convnext_s|2,10.0,0.1,532,102,768,768,0.3096546379295498,0.13333333333333333,0.3096546379295498,,0.2795614438513576,0.050492610837438424,0.5303445341024985,0.3137218045112782,-0.43450234558816725,0.9999999988762241,0.9745409055363858,0.6623966775371634,homoscedastic,linear
2,clip_b16|2,dinov2_b|2,10.0,0.1,532,102,768,768,0.4358410995586099,0.36666666666666664,0.4358410995586099,,0.32523074722947426,0.2847420274824994,0.6643547714760377,0.3669172932330827,-0.2568273895414519,0.9999999988481688,0.973885031841054,0.6851429163854023,homoscedastic,linear
2,clip_b16|2,mae_b16|2,10.0,0.1,532,102,768,768,0.3149362081561337,0.2833333333333333,0.3149362081561337,,0.244420048401004,0.17150635208711434,0.43507480665273585,0.1734962406015038,-0.3410572602524584,0.9999999900558739,0.934805436637044,0.5611245682831735,homoscedastic,linear
2,clip_b16|2,vit_sup_b16|2,10.0,0.1,532,102,768,768,0.5042236783991066,0.3,0.5042236783991066,,0.42847083227900856,0.24099040705211305,0.6445014592688927,0.35695488721804514,-0.21535678746592268,0.9999999990025141,0.9770260924763587,0.6910597863619172,homoscedastic,linear
2,convnext_s|2,dinov2_b|2,10.0,0.1,532,102,768,768,0.5230296195267209,0.3,0.5230296195267209,,0.5134047156201169,0.43505315011667106,0.7019039977389527,0.3883458646616541,-0.32055630003205104,0.9999999994468268,0.9831948649801665,0.7121676845316821,homoscedastic,linear
2,convnext_s|2,mae_b16|2,10.0,0.1,532,102,768,768,0.14976280489668023,0.16666666666666666,0.14976280489668023,,0.13468087536741472,-0.2201840808918849,0.27825816825179567,0.12650375939849626,-0.6312826996812119,0.999999990493267,0.9415146717384691,0.5538682712162741,homoscedastic,linear
2,convnext_s|2,vit_sup_b16|2,10.0,0.1,532,102,768,768,0.5742097061380725,0.45,0.5742097061380725,,0.5623469480144915,0.31799325900959297,0.7248385790014179,0.4618421052631579,-0.15490114361112028,0.9999999995932152,0.986468140157369,0.7440978415698473,homoscedastic,linear
2,dinov2_b|2,mae_b16|2,10.0,0.1,532,102,768,768,0.27085536348712075,0.23333333333333334,0.27085536348712075,,0.21879148593240888,-0.2621856365050557,0.32396293873875176,0.15451127819548874,-0.515943040934024,0.9999999904711009,0.9412514851782426,0.5758084984387781,homoscedastic,linear
2,dinov2_b|2,vit_sup_b16|2,10.0,0.1,532,102,768,768,0.5472525201458893,0.3333333333333333,0.5472525201458893,,0.4920703781298457,0.3963572724915738,0.8426395030673309,0.4939849624060151,-0.03448041327476514,0.9999999995524692,0.9854995062765697,0.7567091765945076,homoscedastic,linear
2,mae_b16|2,vit_sup_b16|2,10.0,0.1,532,102,768,768,0.30336739824277287,0.2,0.30336739824277287,,0.2578269376291423,0.10519834067928442,0.32347257279022973,0.14304511278195486,-0.44506961410262336,0.9999999906319205,0.9443566218849596,0.5754540970115348,homoscedastic,linear
2,clip_b16|2,convnext_s|2,10.0,0.25,532,256,768,768,0.33935455376264934,0.23333333333333334,0.33935455376264934,,0.2592219442668915,-0.00978739953331605,0.5303445341024985,0.3137218045112782,-0.43450234558816725,0.9999999988762241,0.9745409055363858,0.6623966775371634,homoscedastic,linear
2,clip_b16|2,dinov2_b|2,10.0,0.25,532,256,768,768,0.44505856960713774,0.38333333333333336,0.44505856960713774,,0.3280586862173464,0.276121337827327,0.6643547714760377,0.3669172932330827,-0.2568273895414519,0.9999999988481688,0.973885031841054,0.6851429163854023,homoscedastic,linear
2,clip_b16|2,mae_b16|2,10.0,0.25,532,256,768,768,0.31458354050983467,0.25,0.31458354050983467,,0.25023849726635067,0.2460461498574021,0.43507480665273585,0.1734962406015038,-0.3410572602524584,0.9999999900558739,0.934805436637044,0.5611245682831735,homoscedastic,linear
2,clip_b16|2,vit_sup_b16|2,10.0,0.25,532,256,768,768,0.4882796896658046,0.35,0.4882796896658046,,0.40252162515125317,0.29465906144672027,0.6445014592688927,0.35695488721804514,-0.21535678746592268,0.9999999990025141,0.9770260924763587,0.6910597863619172,homoscedastic,linear
2,convnext_s|2,dinov2_b|2,10.0,0.25,532,256,768,768,0.6025505070847419,0.38333333333333336,0.6025505070847419,,0.5690544025606002,0.378208452164895,0.7019039977389527,0.3883458646616541,-0.32055630003205104,0.9999999994468268,0.9831948649801665,0.7121676845316821,homoscedastic,linear
2,convnext_s|2,mae_b16|2,10.0,0.25,532,256,768,768,0.14359406553907095,0.16666666666666666,0.14359406553907095,,0.09955297127719409,-0.14914441275602802,0.27825816825179567,0.12650375939849626,-0.6312826996812119,0.999999990493267,0.9415146717384691,0.5538682712162741,homoscedastic,linear
2,convnext_s|2,vit_sup_b16|2,10.0,0.25,532,256,768,768,0.6129627582298839,0.4,0.6129627582298839,,0.5837258819452023,0.24870365569095154,0.7248385790014179,0.4618421052631579,-0.15490114361112028,0.9999999995932152,0.986468140157369,0.7440978415698473,homoscedastic,linear
2,dinov2_b|2,mae_b16|2,10.0,0.25,532,256,768,768,0.2394598318328662,0.2,0.2394598318328662,,0.1818546153043591,-0.143181228934405,0.32396293873875176,0.15451127819548874,-0.515943040934024,0.9999999904711009,0.9412514851782426,0.5758084984387781,homoscedastic,linear
2,dinov2_b|2,vit_sup_b16|2,10.0,0.25,532,256,768,768,0.5935397042769562,0.4,0.5935397042769562,,0.540954147963644,0.36731915996888775,0.8426395030673309,0.4939849624060151,-0.03448041327476514,0.9999999995524692,0.9854995062765697,0.7567091765945076,homoscedastic,linear
2,mae_b16|2,vit_sup_b16|2,10.0,0.25,532,256,768,768,0.3025347292631368,0.21666666666666667,0.3025347292631368,,0.2491760526558792,0.19166450609281827,0.32347257279022973,0.14304511278195486,-0.44506961410262336,0.9999999906319205,0.9443566218849596,0.5754540970115348,homoscedastic,linear
2,clip_b16|2,convnext_s|2,10.0,1.0,532,1024,768,768,0.3162135450376251,0.18333333333333332,0.3162135450376251,,0.25253382733697344,0.07486388384754991,0.5303445341024985,0.3137218045112782,-0.43450234558816725,0.9999999988762241,0.9745409055363858,0.6623966775371634,homoscedastic,linear
2,clip_b16|2,dinov2_b|2,10.0,1.0,532,1024,768,768,0.4151369309359192,0.36666666666666664,0.4151369309359192,,0.30767181696841345,0.3262898625875033,0.6643547714760377,0.3669172932330827,-0.2568273895414519,0.9999999988481688,0.973885031841054,0.6851429163854023,homoscedastic,linear
2,clip_b16|2,mae_b16|2,10.0,1.0,532,1024,768,768,0.3338117605882238,0.26666666666666666,0.3338117605882238,,0.28207975612417807,0.23236971739694065,0.43507480665273585,0.1734962406015038,-0.3410572602524584,0.9999999900558739,0.934805436637044,0.5611245682831735,homoscedastic,linear
2,clip_b16|2,vit_sup_b16|2,10.0,1.0,532,1024,768,768,0.4059157386548295,0.35,0.4059157386548295,,0.32900105772263444,0.34463313456053934,0.6445014592688927,0.35695488721804514,-0.21535678746592268,0.9999999990025141,0.9770260924763587,0.6910597863619172,homoscedastic,linear
2,convnext_s|2,dinov2_b|2,10.0,1.0,532,1024,768,768,0.6522587562743228,0.4666666666666667,0.6522587562743228,,0.6370836866070968,0.38384754990925596,0.7019039977389527,0.3883458646616541,-0.32055630003205104,0.9999999994468268,0.9831948649801665,0.7121676845316821,homoscedastic,linear
2,convnext_s|2,mae_b16|2,10.0,1.0,532,1024,768,768,0.09768593801649449,0.15,0.09768593801649449,,0.06712243978955877,-0.16483017889551468,0.27825816825179567,0.12650375939849626,-0.6312826996812119,0.999999990493267,0.9415146717384691,0.5538682712162741,homoscedastic,linear
2,convnext_s|2,vit_sup_b16|2,10.0,1.0,532,1024,768,768,0.5678059661276835,0.31666666666666665,0.5678059661276835,,0.5512289429849124,0.25790770028519583,0.7248385790014179,0.4618421052631579,-0.15490114361112028,0.9999999995932152,0.986468140157369,0.7440978415698473,homoscedastic,linear
2,dinov2_b|2,mae_b16|2,10.0,1.0,532,1024,768,768,0.22985630515640318,0.21666666666666667,0.22985630515640318,,0.1787818081300735,-0.11446720248898108,0.32396293873875176,0.15451127819548874,-0.515943040934024,0.9999999904711009,0.9412514851782426,0.5758084984387781,homoscedastic,linear
2,dinov2_b|2,vit_sup_b16|2,10.0,1.0,532,1024,768,768,0.6064652401812227,0.36666666666666664,0.6064652401812227,,0.5761707202707387,0.37846772102670473,0.8426395030673309,0.4939849624060151,-0.03448041327476514,0.9999999995524692,0.9854995062765697,0.7567091765945076,homoscedastic,linear
2,mae_b16|2,vit_sup_b16|2,10.0,1.0,532,1024,768,768,0.23430381751060417,0.21666666666666667,0.23430381751060417,,0.19498837944180547,-0.017695099818511802,0.32347257279022973,0.14304511278195486,-0.44506961410262336,0.9999999906319205,0.9443566218849596,0.5754540970115348,homoscedastic,linear
3,clip_b16|2,convnext_s|2,0.1,0.1,532,102,768,768,0.2836500656946269,0.18333333333333332,0.12890467677907153,0.41764906463090845,0.2543171602905499,0.10338345864661655,0.5332974100841287,0.3041353383458647,-0.42300494700446656,0.9999999989602507,0.9755571600704921,0.6676421885457937,heteroscedastic,linear
3,clip_b16|2,dinov2_b|2,0.1,0.1,532,102,768,768,0.38021350059305714,0.23333333333333334,0.251706362735004,0.5239600098190924,0.3175839192581071,0.2668524760176303,0.6346039115265079,0.35902255639097747,-0.23958371628003838,0.9999999988564744,0.9743800266311988,0.6862295635330115,heteroscedastic,linear
3,clip_b16|2,mae_b16|2,0.1,0.1,532,102,768,768,0.31774499373609366,0.25,0.13447193287375045,0.4563462308062017,0.2667988420215694,0.30820585947627693,0.45112358811883035,0.16973684210526319,-0.2758532138948604,0.9999999903760721,0.9350173971099481,0.5599563468350369,heteroscedastic,linear
3,clip_b16|2,vit_sup_b16|2,0.1,0.1,532,102,768,768,0.3956200433890094,0.3,0.2032684670780137,0.5707380991678067,0.36330598884474385,0.2203785325382422,0.6262072989737699,0.34078947368421053,-0.21503520243039165,0.9999999990413733,0.9776492658542169,0.6951502215885573,heteroscedastic,linear
3,convnext_s|2,dinov2_b|2,0.1,0.1,532,102,768,768,0.5338379273275758,0.35,0.35633260554162854,0.6894027807915539,0.5267053229112076,0.4497018408089189,0.7236600189316438,0.3885338345864661,-0.2714004912380389,0.9999999994449492,0.9832274904955406,0.7163834968496662,heteroscedastic,linear
3,convnext_s|2,mae_b16|2,0.1,0.1,532,102,768,768,0.12752913202536673,0.2,0.07624416348373864,0.18102122471115922,0.12427543900885872,-0.24779621467461763,0.2823557940970059,0.12387218045112783,-0.5247463341680217,0.9999999908546467,0.9423422608143683,0.5581708461213757,heteroscedastic,linear
3,convnext_s|2,vit_sup_b16|2,0.1,0.1,532,102,768,768,0.5762889341359281,0.4666666666666667,0.4388300027981851,0.7053641121108004,0.5747030851442736,0.36660617059891115,0.7459197982968928,0.450187969924812,-0.12137586012101798,0.9999999996206997,0.9866733513735005,0.7491262655605428,heteroscedastic,linear
3,dinov2_b|2,mae_b16|2,0.1,0.1,532,102,768,768,0.19064891846921794,0.25,0.21935596454625822,0.2031566315597807,0.16014034612234326,-0.17824734249416646,0.3252237124496654,0.15714285714285714,-0.48794516013807254,0.9999999907908543,0.9411900590917408,0.5739549647814723,heteroscedastic,linear
3,dinov2_b|2,vit_sup_b16|2,0.1,0.1,532,102,768,768,0.5009233914538651,0.3,0.3028687597282759,0.6926847482070241,0.48025524454139573,0.42857142857142866,0.8390206348697441,0.5071428571428571,-0.03758737984716015,0.9999999995430183,0.9854164539373003,0.7571890686819295,heteroscedastic,linear
3,mae_b16|2,vit_sup_b16|2,0.1,0.1,532,102,768,768,0.2326089239136775,0.18333333333333332,0.151679423239601,0.3005170104047192,0.21086771031831217,0.08030852994555356,0.3430197924379914,0.14642857142857144,-0.4034959170945339,0.9999999909297953,0.9445883611865781,0.5791047877116822,heteroscedastic,linear
3,clip_b16|2,convnext_s|2,0.1,0.25,532,256,768,768,0.32016800046666793,0.13333333333333333,0.19934921080218054,0.4397213567215402,0.27564954902880195,0.05801140782991963,0.5332974100841287,0.3041353383458647,-0.42300494700446656,0.9999999989602507,0.9755571600704921,0.6676421885457937,heteroscedastic,linear
3,clip_b16|2,dinov2_b|2,0.1,0.25,532,256,768,768,0.39558059883499674,0.21666666666666667,0.2653870975452351,0.5356239522182183,0.33408085462070086,0.2601114856105782,0.6346039115265079,0.35902255639097747,-0.23958371628003838,0.9999999988564744,0.9743800266311988,0.6862295635330115,heteroscedastic,linear
3,clip_b16|2,mae_b16|2,0.1,0.25,532,256,768,768,0.3237751771532698,0.23333333333333334,0.17694719625269642,0.39852864418608347,0.26037380661424425,0.21273010111485613,0.45112358811883035,0.16973684210526319,-0.2758532138948604,0.9999999903760721,0.9350173971099481,0.5599563468350369,heteroscedastic,linear
3,clip_b16|2,vit_sup_b16|2,0.1,0.25,532,256,768,768,0.4191816643935122,0.26666666666666666,0.24439118447695599,0.5627286688175952,0.37794141631699063,0.2894088669950739,0.6262072989737699,0.34078947368421053,-0.21503520243039165,0.9999999990413733,0.9776492658542169,0.6951502215885573,heteroscedastic,linear
3,convnext_s|2,dinov2_b|2,0.1,0.25,532,256,768,768,0.5837485104125288,0.36666666666666664,0.4455553516772307,0.7130512662188869,0.5723355762969395,0.45203526056520615,0.7236600189316438,0.3885338345864661,-0.2714004912380389,0.9999999994449492,0.9832274904955406,0.7163834968496662,heteroscedastic,linear
3,convnext_s|2,mae_b16|2,0.1,0.25,532,256,768,768,0.11129303136953156,0.15,0.08082980834498944,0.15301893805789185,0.08933281626446424,-0.20929478869587764,0.2823557940970059,0.12387218045112783,-0.5247463341680217,0.9999999908546467,0.9423422608143683,0.5581708461213757,heteroscedastic,linear
3,convnext_s|2,vit_sup_b16|2,0.1,0.25,532,256,768,768,0.5957558215439487,0.38333333333333336,0.48647966211870236,0.7040135679973547,0.5876263840636456,0.43881254861291163,0.7459197982968928,0.450187969924812,-0.12137586012101798,0.9999999996206997,0.9866733513735005,0.7491262655605428,heteroscedastic,linear
3,dinov2_b|2,mae_b16|2,0.1,0.25,532,256,768,768,0.19356448212356145,0.18333333333333332,0.2740569783806506,0.13638792005873582,0.1583699049128938,-0.1762380088151413,0.3252237124496654,0.15714285714285714,-0.48794516013807254,0.9999999907908543,0.9411900590917408,0.5739549647814723,heteroscedastic,linear
3,dinov2_b|2,vit_sup_b16|2,0.1,0.25,532,256,768,768,0.5409727249242358,0.3,0.37399585681703124,0.7060527890718751,0.524332792279824,0.4309048483277159,0.8390206348697441,0.5071428571428571,-0.03758737984716015,0.9999999995430183,0.9854164539373003,0.7571890686819295,heteroscedastic,linear
3,mae_b16|2,vit_sup_b16|2,0.1,0.25,532,256,768,768,0.24394239983999955,0.18333333333333332,0.21386347049352472,0.24397624092411171,0.2139973311091577,-0.015945035001296345,0.3430197924379914,0.14642857142857144,-0.4034959170945339,0.9999999909297953,0.9445883611865781,0.5791047877116822,heteroscedastic,linear
3,clip_b16|2,convnext_s|2,0.1,1.0,532,1024,768,768,0.3670454084594679,0.2,0.17196437804361037,0.44167232884241103,0.272906755513769,0.04498314752398237,0.5332974100841287,0.3041353383458647,-0.42300494700446656,0.9999999989602507,0.9755571600704921,0.6676421885457937,heteroscedastic,linear
3,clip_b16|2,dinov2_b|2,0.1,1.0,532,1024,768,768,0.4431040086222462,0.45,0.21767453746827334,0.5866357571913821,0.3121014052600715,0.386764324604615,0.6346039115265079,0.35902255639097747,-0.23958371628003838,0.9999999988564744,0.9743800266311988,0.6862295635330115,heteroscedastic,linear
3,clip_b16|2,mae_b16|2,0.1,1.0,532,1024,768,768,0.4307365853794038,0.38333333333333336,0.22816350818006367,0.4263008133146446,0.3659488713427921,0.2552501944516464,0.45112358811883035,0.16973684210526319,-0.2758532138948604,0.9999999903760721,0.9350173971099481,0.5599563468350369,heteroscedastic,linear
3,clip_b16|2,vit_sup_b16|2,0.1,1.0,532,1024,768,768,0.4527685910238639,0.35,0.17726277833360082,0.5901238250112614,0.3488383039501503,0.3983017889551465,0.6262072989737699,0.34078947368421053,-0.21503520243039165,0.9999999990413733,0.9776492658542169,0.6951502215885573,heteroscedastic,linear
3,convnext_s|2,dinov2_b|2,0.1,1.0,532,1024,768,768,0.6732718701996394,0.43333333333333335,0.5523820426607309,0.7245303326454942,0.6388902546809024,0.24954627949183306,0.7236600189316438,0.3885338345864661,-0.2714004912380389,0.9999999994449492,0.9832274904955406,0.7163834968496662,heteroscedastic,linear
3,convnext_s|2,mae_b16|2,0.1,1.0,532,1024,768,768,0.20871013530593138,0.16666666666666666,0.14278597514413707,0.11752442694732068,0.15644221440589448,-0.19497018408089187,0.2823557940970059,0.12387218045112783,-0.5247463341680217,0.9999999908546467,0.9423422608143683,0.5581708461213757,heteroscedastic,linear
3,convnext_s|2,vit_sup_b16|2,0.1,1.0,532,1024,768,768,0.6150760974336039,0.35,0.4977327871630699,0.6548097494986426,0.5814190842184666,0.2818252527871403,0.7459197982968928,0.450187969924812,-0.12137586012101798,0.9999999996206997,0.9866733513735005,0.7491262655605428,heteroscedastic,linear
3,dinov2_b|2,mae_b16|2,0.1,1.0,532,1024,768,768,0.2905515848655135,0.18333333333333332,0.29407307737997146,0.17107478568210996,0.2163155215400058,-0.10727249157376201,0.3252237124496654,0.15714285714285714,-0.48794516013807254,0.9999999907908543,0.9411900590917408,0.5739549647814723,heteroscedastic,linear
3,dinov2_b|2,vit_sup_b16|2,0.1,1.0,532,1024,768,768,0.6315046430684529,0.4666666666666667,0.4370925041887411,0.7569573548102242,0.5757195092262914,0.4831475239823698,0.8390206348697441,0.5071428571428571,-0.03758737984716015,0.9999999995430183,0.9854164539373003,0.7571890686819295,heteroscedastic,linear
3,mae_b16|2,vit_sup_b16|2,0.1,1.0,532,1024,768,768,0.32105289181358837,0.2,0.23168846657121328,0.21754456223073246,0.2608083783145274,0.006416904329789993,0.3430197924379914,0.14642857142857144,-0.4034959170945339,0.9999999909297953,0.9445883611865781,0.5791047877116822,heteroscedastic,linear
3,clip_b16|2,convnext_s|2,1.0,0.1,532,102,768,768,0.2830874530207029,0.18333333333333332,0.1280111266046657,0.41969610523296746,0.25445807005193877,0.10383717915478352,0.5332974100841287,0.3041353383458647,-0.42300494700446656,0.9999999989602507,0.9755571600704921,0.6676421885457937,heteroscedastic,linear
3,clip_b16|2,dinov2_b|2,1.0,0.1,532,102,768,768,0.3805532793146647,0.23333333333333334,0.25177106065591837,0.5240147465118623,0.3199139521050719,0.2587503240860773,0.6346039115265079,0.35902255639097747,-0.23958371628003838,0.9999999988564744,0.9743800266311988,0.6862295635330115,heteroscedastic,linear
3,clip_b16|2,mae_b16|2,1.0,0.1,532,102,768,768,0.31886594129428136,0.25,0.13527598425755813,0.4609457886119193,0.26780941984752965,0.32525278714026445,0.45112358811883035,0.16973684210526319,-0.2758532138948604,0.9999999903760721,0.9350173971099481,0.5599563468350369,heteroscedastic,linear
3,clip_b16|2,vit_sup_b16|2,1.0,0.1,532,102,768,768,0.3940165389348303,0.3,0.202612861479415,0.5695562334341214,0.36349666673462316,0.2218045112781955,0.6262072989737699,0.34078947368421053,-0.21503520243039165,0.9999999990413733,0.9776492658542169,0.6951502215885573,heteroscedastic,linear
3,convnext_s|2,dinov2_b|2,1.0,0.1,532,102,768,768,0.5357957660993503,0.3333333333333333,0.35806650982213284,0.6916603900994728,0.5290642122784569,0.44892403422348975,0.7236600189316438,0.3885338345864661,-0.2714004912380389,0.9999999994449492,0.9832274904955406,0.7163834968496662,heteroscedastic,linear
3,convnext_s|2,mae_b16|2,1.0,0.1,532,102,768,768,0.13041297336937047,0.2,0.07724662182501693,0.1868478898027496,0.12717608143744746,-0.244036816178377,0.2823557940970059,0.12387218045112783,-0.5247463341680217,0.9999999908546467,0.9423422608143683,0.5581708461213757,heteroscedastic,linear
3,convnext_s|2,vit_sup_b16|2,1.0,0.1,532,102,768,768,0.5771863810732807,0.45,0.43865927217355005,0.7067666002286094,0.5759001435480718,0.36744879439979256,0.7459197982968928,0.450187969924812,-0.12137586012101798,0.9999999996206997,0.9866733513735005,0.7491262655605428,heteroscedastic,linear
3,dinov2_b|2,mae_b16|2,1.0,0.1,532,102,768,768,0.19437048436245655,0.25,0.22032283903103364,0.21377499141946485,0.16421143899446794,-0.1652190821882292,0.3252237124496654,0.15714285714285714,-0.48794516013807254,0.9999999907908543,0.9411900590917408,0.5739549647814723,heteroscedastic,linear
3,dinov2_b|2,vit_sup_b16|2,1.0,0.1,532,102,768,768,0.5018965608237801,0.3,0.3032770754958243,0.6946055592931034,0.4824380716589097,0.42811770806326166,0.8390206348697441,0.5071428571428571,-0.03758737984716015,0.9999999995430183,0.9854164539373003,0.7571890686819295,heteroscedastic,linear
3,mae_b16|2,vit_sup_b16|2,1.0,0.1,532,102,768,768,0.235334375928822,0.18333333333333332,0.15352223568697781,0.30775733436774505,0.21407625556593557,0.0874384236453202,0.3430197924379914,0.14642857142857144,-0.4034959170945339,0.9999999909297953,0.9445883611865781,0.5791047877116822,heteroscedastic,linear
3,clip_b16|2,convnext_s|2,1.0,0.25,532,256,768,768,0.3200032222311728,0.13333333333333333,0.19923922433662616,0.44205101739034997,0.2766331441344963,0.06248379569613689,0.5332974100841287,0.3041353383458647,-0.42300494700446656,0.9999999989602507,0.9755571600704921,0.6676421885457937,heteroscedastic,linear
3,clip_b16|2,dinov2_b|2,1.0,0.25,532,256,768,768,0.39734104816957816,0.18333333333333332,0.26903821688216767,0.5353463589905996,0.339734783844426,0.2512963443090485,0.6346039115265079,0.35902255639097747,-0.23958371628003838,0.9999999988564744,0.9743800266311988,0.6862295635330115,heteroscedastic,linear
3,clip_b16|2,mae_b16|2,1.0,0.25,532,256,768,768,0.319373664926847,0.25,0.1821108092074487,0.3953907794923953,0.25722492315920886,0.21065595022037856,0.45112358811883035,0.16973684210526319,-0.2758532138948604,0.9999999903760721,0.9350173971099481,0.5599563468350369,heteroscedastic,linear
3,clip_b16|2,vit_sup_b16|2,1.0,0.25,532,256,768,768,0.41516048655690707,0.2833333333333333,0.24296459532079479,0.5588943076352938,0.3763611283334153,0.2793621985999482,0.6262072989737699,0.34078947368421053,-0.21503520243039165,0.9999999990413733,0.9776492658542169,0.6951502215885573,heteroscedastic,linear
3,convnext_s|2,dinov2_b|2,1.0,0.25,532,256,768,768,0.5863191842199561,0.36666666666666664,0.44891065774242717,0.717045927715729,0.5761337689343744,0.45709100337049524,0.7236600189316438,0.3885338345864661,-0.2714004912380389,0.9999999994449492,0.9832274904955406,0.7163834968496662,heteroscedastic,linear
3,convnext_s|2,mae_b16|2,1.0,0.25,532,256,768,768,0.1129361470448529,0.13333333333333333,0.08104367091690073,0.16270286437671802,0.09120841513095015,-0.191470054446461,0.2823557940970059,0.12387218045112783,-0.5247463341680217,0.9999999908546467,0.9423422608143683,0.5581708461213757,heteroscedastic,linear
3,convnext_s|2,vit_sup_b16|2,1.0,0.25,532,256,768,768,0.596744602068339,0.38333333333333336,0.4862719099059886,0.7076423873129283,0.5892542665676901,0.45106300233341984,0.7459197982968928,0.450187969924812,-0.12137586012101798,0.9999999996206997,0.9866733513735005,0.7491262655605428,heteroscedastic,linear
3,dinov2_b|2,mae_b16|2,1.0,0.25,532,256,768,768,0.19637126769796578,0.18333333333333332,0.27389990620598637,0.14914492070021632,0.16271996913176803,-0.15899662950479648,0.3252237124496654,0.15714285714285714,-0.48794516013807254,0.9999999907908543,0.9411900590917408,0.5739549647814723,heteroscedastic,linear
3,dinov2_b|2,vit_sup_b16|2,1.0,0.25,532,256,768,768,0.5406328906469184,0.3,0.37207325026719346,0.7086019550494459,0.5264802420529893,0.4247472128597356,0.8390206348697441,0.5071428571428571,-0.03758737984716015,0.9999999995430183,0.9854164539373003,0.7571890686819295,heteroscedastic,linear
3,mae_b16|2,vit_sup_b16|2,1.0,0.25,532,256,768,768,0.2419520054222373,0.18333333333333332,0.20986406068233662,0.253775226005291,0.2125506075908988,0.0031760435571687846,0.3430197924379914,0.14642857142857144,-0.4034959170945339,0.9999999909297953,0.9445883611865781,0.5791047877116822,heteroscedastic,linear
3,clip_b16|2,convnext_s|2,1.0,1.0,532,1024,768,768,0.3600272222978397,0.18333333333333332,0.1671540876236292,0.45474881303760994,0.26787462808817236,0.02579725175006482,0.5332974100841287,0.3041353383458647,-0.42300494700446656,0.9999999989602507,0.9755571600704921,0.6676421885457937,heteroscedastic,linear
3,clip_b16|2,dinov2_b|2,1.0,1.0,532,1024,768,768,0.43750015972266587,0.4666666666666667,0.21885922828679366,0.5939503666660243,0.30795506057920513,0.36330049261083747,0.6346039115265079,0.35902255639097747,-0.23958371628003838,0.9999999988564744,0.9743800266311988,0.6862295635330115,heteroscedastic,linear
3,clip_b16|2,mae_b16|2,1.0,1.0,532,1024,768,768,0.4090803585565515,0.3333333333333333,0.23072446754958964,0.42009881090120327,0.34406850852713927,0.24118485869847034,0.45112358811883035,0.16973684210526319,-0.2758532138948604,0.9999999903760721,0.9350173971099481,0.5599563468350369,heteroscedastic,linear
3,clip_b16|2,vit_sup_b16|2,1.0,1.0,532,1024,768,768,0.43385226070072413,0.36666666666666664,0.16198400487678552,0.5894641920096156,0.32868670903153624,0.3788566243194193,0.6262072989737699,0.34078947368421053,-0.21503520243039165,0.9999999990413733,0.9776492658542169,0.6951502215885573,heteroscedastic,linear
3,convnext_s|2,dinov2_b|2,1.0,1.0,532,1024,768,768,0.6653359037108435,0.4,0.545532330000372,0.7263360849692203,0.6317246185542779,0.22485092040445945,0.7236600189316438,0.3885338345864661,-0.2714004912380389,0.9999999994449492,0.9832274904955406,0.7163834968496662,heteroscedastic,linear
3,convnext_s|2,mae_b16|2,1.0,1.0,532,1024,768,768,0.20994274984097175,0.16666666666666666,0.14070701528542295,0.15099870726453654,0.16146857052743424,-0.1737749546279492,0.2823557940970059,0.12387218045112783,-0.5247463341680217,0.9999999908546467,0.9423422608143683,0.5581708461213757,heteroscedastic,linear
3,convnext_s|2,vit_sup_b16|2,1.0,1.0,532,1024,768,768,0.6063372953813759,0.3333333333333333,0.49075008433194284,0.6483647831938245,0.5745408140626742,0.24980554835364274,0.7459197982968928,0.450187969924812,-0.12137586012101798,0.9999999996206997,0.9866733513735005,0.7491262655605428,heteroscedastic,linear
3,dinov2_b|2,mae_b16|2,1.0,1.0,532,1024,768,768,0.28734346484295786,0.21666666666666667,0.2818685334652692,0.20410558708035317,0.2154424806354011,-0.0959942960850402,0.3252237124496654,0.15714285714285714,-0.48794516013807254,0.9999999907908543,0.9411900590917408,0.5739549647814723,heteroscedastic,linear
3,dinov2_b|2,vit_sup_b16|2,1.0,1.0,532,1024,768,768,0.6232501201392225,0.4666666666666667,0.4275111015342214,0.7557972720461105,0.5679527580537425,0.45009074410163347,0.8390206348697441,0.5071428571428571,-0.03758737984716015,0.9999999995430183,0.9854164539373003,0.7571890686819295,heteroscedastic,linear
3,mae_b16|2,vit_sup_b16|2,1.0,1.0,532,1024,768,768,0.3008497801382781,0.21666666666666667,0.2023580235575913,0.24210346407862643,0.23857806460742542,0.01976925071298937,0.3430197924379914,0.14642857142857144,-0.4034959170945339,0.9999999909297953,0.9445883611865781,0.5791047877116822,heteroscedastic,linear
3,clip_b16|2,convnext_s|2,10.0,0.1,532,102,768,768,0.28306489740249274,0.18333333333333332,0.12821959768316746,0.41977485904603434,0.25453527061269965,0.10675395385014261,0.5332974100841287,0.3041353383458647,-0.42300494700446656,0.9999999989602507,0.9755571600704921,0.6676421885457937,heteroscedastic,linear
3,clip_b16|2,dinov2_b|2,10.0,0.1,532,102,768,768,0.38083872455201256,0.23333333333333334,0.2520675927934424,0.5241605248466884,0.32045847839043873,0.2612133782732694,0.6346039115265079,0.35902255639097747,-0.23958371628003838,0.9999999988564744,0.9743800266311988,0.6862295635330115,heteroscedastic,linear
3,clip_b16|2,mae_b16|2,10.0,0.1,532,102,768,768,0.31918344217622824,0.25,0.13589313053650212,0.4617606950889736,0.2682038172754168,0.3234379051075966,0.45112358811883035,0.16973684210526319,-0.2758532138948604,0.9999999903760721,0.9350173971099481,0.5599563468350369,heteroscedastic,linear
3,clip_b16|2,vit_sup_b16|2,10.0,0.1,532,102,768,768,0.39401731671476864,0.3,0.2027936562250812,0.5696020335239902,0.36369633886459113,0.22323049001814885,0.6262072989737699,0.34078947368421053,-0.21503520243039165,0.9999999990413733,0.9776492658542169,0.6951502215885573,heteroscedastic,linear
3,convnext_s|2,dinov2_b|2,10.0,0.1,532,102,768,768,0.5361777116047544,0.3333333333333333,0.358636210959073,0.6923457158344595,0.5294925629626787,0.44892403422348975,0.7236600189316438,0.3885338345864661,-0.2714004912380389,0.9999999994449492,0.9832274904955406,0.7163834968496662,heteroscedastic,linear
3,convnext_s|2,mae_b16|2,10.0,0.1,532,102,768,768,0.13061214058927942,0.2,0.07713987025550827,0.18730868338984336,0.12740191181567326,-0.24487943997925848,0.2823557940970059,0.12387218045112783,-0.5247463341680217,0.9999999908546467,0.9423422608143683,0.5581708461213757,heteroscedastic,linear
3,convnext_s|2,vit_sup_b16|2,10.0,0.1,532,102,768,768,0.5774135483709677,0.45,0.43885300650339915,0.7072681670664399,0.5760629392936764,0.36978221415607987,0.7459197982968928,0.450187969924812,-0.12137586012101798,0.9999999996206997,0.9866733513735005,0.7491262655605428,heteroscedastic,linear
3,dinov2_b|2,mae_b16|2,10.0,0.1,532,102,768,768,0.19491348587079407,0.25,0.22033973237705015,0.21484068131543443,0.1648207987604738,-0.16418200674099043,0.3252237124496654,0.15714285714285714,-0.48794516013807254,0.9999999907908543,0.9411900590917408,0.5739549647814723,heteroscedastic,linear
3,dinov2_b|2,vit_sup_b16|2,10.0,0.1,532,102,768,768,0.5021345059291832,0.3,0.3034815928124923,0.6952233019686498,0.4826979302454708,0.4314233860513353,0.8390206348697441,0.5071428571428571,-0.03758737984716015,0.9999999995430183,0.9854164539373003,0.7571890686819295,heteroscedastic,linear
3,mae_b16|2,vit_sup_b16|2,10.0,0.1,532,102,768,768,0.23559276553545982,0.18333333333333332,0.15345322457133584,0.3087269557825267,0.2143783870809134,0.08750324086077262,0.3430197924379914,0.14642857142857144,-0.4034959170945339,0.9999999909297953,0.9445883611865781,0.5791047877116822,heteroscedastic,linear
3,clip_b16|2,convnext_s|2,10.0,0.25,532,256,768,768,0.3198979997166658,0.13333333333333333,0.199549414924121,0.4422694056237482,0.2768232973603704,0.06280788177339902,0.5332974100841287,0.3041353383458647,-0.42300494700446656,0.9999999989602507,0.9755571600704921,0.6676421885457937,heteroscedastic,linear
3,clip_b16|2,dinov2_b|2,10.0,0.25,532,256,768,768,0.3972782146617074,0.18333333333333332,0.2695446578297694,0.5347604529628888,0.3400178775512162,0.24850920404459426,0.6346039115265079,0.35902255639097747,-0.23958371628003838,0.9999999988564744,0.9743800266311988,0.6862295635330115,heteroscedastic,linear
3,clip_b16|2,mae_b16|2,10.0,0.25,532,256,768,768,0.31871794088316907,0.25,0.18234515945431617,0.3946931659284195,0.2566668305617083,0.20981332641949704,0.45112358811883035,0.16973684210526319,-0.2758532138948604,0.9999999903760721,0.9350173971099481,0.5599563468350369,heteroscedastic,linear
3,clip_b16|2,vit_sup_b16|2,10.0,0.25,532,256,768,768,0.41478487440242884,0.2833333333333333,0.24289845966830453,0.558412848153991,0.376275158388568,0.2768343271973036,0.6262072989737699,0.34078947368421053,-0.21503520243039165,0.9999999990413733,0.9776492658542169,0.6951502215885573,heteroscedastic,linear
3,convnext_s|2,dinov2_b|2,10.0,0.25,532,256,768,768,0.5867365742682619,0.36666666666666664,0.4493915789545571,0.7175307384231197,0.5767907232208495,0.4583873476795437,0.7236600189316438,0.3885338345864661,-0.2714004912380389,0.9999999994449492,0.9832274904955406,0.7163834968496662,heteroscedastic,linear
3,convnext_s|2,mae_b16|2,10.0,0.25,532,256,768,768,0.11340048166800464,0.13333333333333333,0.08095920418681812,0.16392941312490938,0.09189565002572353,-0.19159968887736586,0.2823557940970059,0.12387218045112783,-0.5247463341680217,0.9999999908546467,0.9423422608143683,0.5581708461213757,heteroscedastic,linear
3,convnext_s|2,vit_sup_b16|2,10.0,0.25,532,256,768,768,0.5967831021752837,0.36666666666666664,0.48583591780560464,0.7081573590551105,0.5895276165143842,0.4515167228415868,0.7459197982968928,0.450187969924812,-0.12137586012101798,0.9999999996206997,0.9866733513735005,0.7491262655605428,heteroscedastic,linear
3,dinov2_b|2,mae_b16|2,10.0,0.25,532,256,768,768,0.19684193567204353,0.18333333333333332,0.27297616366848715,0.15041335977450715,0.16351393567559336,-0.16094114596836923,0.3252237124496654,0.15714285714285714,-0.48794516013807254,0.9999999907908543,0.9411900590917408,0.5739549647814723,heteroscedastic,linear
3,dinov2_b|2,vit_sup_b16|2,10.0,0.25,532,256,768,768,0.5409023913955316,0.3,0.3721986923471885,0.7087572285248545,0.5271294013313875,0.4244879439979259,0.8390206348697441,0.5071428571428571,-0.03758737984716015,0.9999999995430183,0.9854164539373003,0.7571890686819295,heteroscedastic,linear
3,mae_b16|2,vit_sup_b16|2,10.0,0.25,532,256,768,768,0.2418261717393659,0.2,0.20844645734852468,0.255374877924608,0.21260757111146023,0.0013611615245009076,0.3430197924379914,0.14642857142857144,-0.4034959170945339,0.9999999909297953,0.9445883611865781,0.5791047877116822,heteroscedastic,linear
3,clip_b16|2,convnext_s|2,10.0,1.0,532,1024,768,768,0.35906788629968417,0.18333333333333332,0.16803182275070042,0.45464883479265267,0.26711648860070014,0.02151931553020482,0.5332974100841287,0.3041353383458647,-0.42300494700446656,0.9999999989602507,0.9755571600704921,0.6676421885457937,heteroscedastic,linear
3,clip_b16|2,dinov2_b|2,10.0,1.0,532,1024,768,768,0.4381208281134114,0.5,0.22098671158619357,0.5980991845629121,0.30809372178057176,0.3664117189525538,0.6346039115265079,0.35902255639097747,-0.23958371628003838,0.9999999988564744,0.9743800266311988,0.6862295635330115,heteroscedastic,linear
3,clip_b16|2,mae_b16|2,10.0,1.0,532,1024,768,768,0.40175228264522955,0.35,0.23196199500352335,0.41516133779828346,0.33766708300004683,0.23943479388125488,0.45112358811883035,0.16973684210526319,-0.2758532138948604,0.9999999903760721,0.9350173971099481,0.5599563468350369,heteroscedastic,linear
3,clip_b16|2,vit_sup_b16|2,10.0,1.0,532,1024,768,768,0.430423584509957,0.3333333333333333,0.15934648630084428,0.5879544646569922,0.3253709824228564,0.38106040964480165,0.6262072989737699,0.34078947368421053,-0.21503520243039165,0.9999999990413733,0.9776492658542169,0.6951502215885573,heteroscedastic,linear
3,convnext_s|2,dinov2_b|2,10.0,1.0,532,1024,768,768,0.6643350120417001,0.4,0.544732951244186,0.7258356352067524,0.6308680670898358,0.20618356235416127,0.7236600189316438,0.3885338345864661,-0.2714004912380389,0.9999999994449492,0.9832274904955406,0.7163834968496662,heteroscedastic,linear
3,convnext_s|2,mae_b16|2,10.0,1.0,532,1024,768,768,0.20808441134558703,0.16666666666666666,0.13526843616678477,0.1575911275172246,0.16131836671795383,-0.16904329789992223,0.2823557940970059,0.12387218045112783,-0.5247463341680217,0.9999999908546467,0.9423422608143683,0.5581708461213757,heteroscedastic,linear
3,convnext_s|2,vit_sup_b16|2,10.0,1.0,532,1024,768,768,0.6047131797588327,0.3333333333333333,0.48895759248972165,0.6478693602704885,0.5728981660144844,0.23962924552761217,0.7459197982968928,0.450187969924812,-0.12137586012101798,0.9999999996206997,0.9866733513735005,0.7491262655605428,heteroscedastic,linear
3,dinov2_b|2,mae_b16|2,10.0,1.0,532,1024,768,768,0.28564007122242,0.21666666666666667,0.27104529016208806,0.21609739109841739,0.21475554554863066,-0.07875291677469537,0.3252237124496654,0.15714285714285714,-0.48794516013807254,0.9999999907908543,0.9411900590917408,0.5739549647814723,heteroscedastic,linear
3,dinov2_b|2,vit_sup_b16|2,10.0,1.0,532,1024,768,768,0.6204896680268555,0.45,0.42521540364044424,0.7548203896414718,0.564508413811795,0.4609152190821883,0.8390206348697441,0.5071428571428571,-0.03758737984716015,0.9999999995430183,0.9854164539373003,0.7571890686819295,heteroscedastic,linear
3,mae_b16|2,vit_sup_b16|2,10.0,1.0,532,1024,768,768,0.2936188156078211,0.21666666666666667,0.1870188653745893,0.24850598151966372,0.23071807314595735,0.05619652579725175,0.3430197924379914,0.14642857142857144,-0.4034959170945339,0.9999999909297953,0.9445883611865781,0.5791047877116822,heteroscedastic,linear
3,clip_b16|2,convnext_s|2,0.1,0.1,532,102,768,768,0.28295761932672037,0.18333333333333332,0.28295761932672037,,0.25436557928302717,0.10312418978480685,0.5332974100841287,0.3041353383458647,-0.42300494700446656,0.9999999989602507,0.9755571600704921,0.6676421885457937,homoscedastic,linear
3,clip_b16|2,dinov2_b|2,0.1,0.1,532,102,768,768,0.38064411290031364,0.23333333333333334,0.38064411290031364,,0.32023669542025285,0.2587503240860773,0.6346039115265079,0.35902255639097747,-0.23958371628003838,0.9999999988564744,0.9743800266311988,0.6862295635330115,homoscedastic,linear
3,clip_b16|2,mae_b16|2,0.1,0.1,532,102,768,768,0.3189244414567818,0.25,0.3189244414567818,,0.268152999818916,0.32486388384755,0.45112358811883035,0.16973684210526319,-0.2758532138948604,0.9999999903760721,0.9350173971099481,0.5599563468350369,homoscedastic,linear
3,clip_b16|2,vit_sup_b16|2,0.1,0.1,532,102,768,768,0.3937978161050447,0.3,0.3937978161050447,,0.3633164071728466,0.2218045112781955,0.6262072989737699,0.34078947368421053,-0.21503520243039165,0.9999999990413733,0.9776492658542169,0.6951502215885573,homoscedastic,linear
3,convnext_s|2,dinov2_b|2,0.1,0.1,532,102,768,768,0.535817099491943,0.3333333333333333,0.535817099491943,,0.5291015383748249,0.4513222711952295,0.7236600189316438,0.3885338345864661,-0.2714004912380389,0.9999999994449492,0.9832274904955406,0.7163834968496662,homoscedastic,linear
3,convnext_s|2,mae_b16|2,0.1,0.1,532,102,768,768,0.1306558073772427,0.2,0.1306558073772427,,0.12750609509670008,-0.24364791288566248,0.2823557940970059,0.12387218045112783,-0.5247463341680217,0.9999999908546467,0.9423422608143683,0.5581708461213757,homoscedastic,linear
3,convnext_s|2,vit_sup_b16|2,0.1,0.1,532,102,768,768,0.5771459365164903,0.45,0.5771459365164903,,0.5758230928913125,0.3682914182006741,0.7459197982968928,0.450187969924812,-0.12137586012101798,0.9999999996206997,0.9866733513735005,0.7491262655605428,homoscedastic,linear
3,dinov2_b|2,mae_b16|2,0.1,0.1,532,102,768,768,0.19504398623329505,0.25,0.19504398623329505,,0.16515103727572863,-0.1630801140782992,0.3252237124496654,0.15714285714285714,-0.48794516013807254,0.9999999907908543,0.9411900590917408,0.5739549647814723,homoscedastic,linear
3,dinov2_b|2,vit_sup_b16|2,0.1,0.1,532,102,768,768,0.50185594959986,0.3,0.50185594959986,,0.4823652932661923,0.42811770806326166,0.8390206348697441,0.5071428571428571,-0.03758737984716015,0.9999999995430183,0.9854164539373003,0.7571890686819295,homoscedastic,linear
3,mae_b16|2,vit_sup_b16|2,0.1,0.1,532,102,768,768,0.23551332087033575,0.18333333333333332,0.23551332087033575,,0.2143656452407878,0.08866995073891626,0.3430197924379914,0.14642857142857144,-0.4034959170945339,0.9999999909297953,0.9445883611865781,0.5791047877116822,homoscedastic,linear
3,clip_b16|2,convnext_s|2,0.1,0.25,532,256,768,768,0.3202833341203725,0.13333333333333333,0.3202833341203725,,0.2771578830916681,0.06617837697692508,0.5332974100841287,0.3041353383458647,-0.42300494700446656,0.9999999989602507,0.9755571600704921,0.6676421885457937,homoscedastic,linear
3,clip_b16|2,dinov2_b|2,0.1,0.25,532,256,768,768,0.3973899371942699,0.18333333333333332,0.3973899371942699,,0.339959714798643,0.25427793621986006,0.6346039115265079,0.35902255639097747,-0.23958371628003838,0.9999999988564744,0.9743800266311988,0.6862295635330115,homoscedastic,linear
3,clip_b16|2,mae_b16|2,0.1,0.25,532,256,768,768,0.31964116566990464,0.25,0.31964116566990464,,0.2578705596935722,0.21545242416385796,0.45112358811883035,0.16973684210526319,-0.2758532138948604,0.9999999903760721,0.9350173971099481,0.5599563468350369,homoscedastic,linear
3,clip_b16|2,vit_sup_b16|2,0.1,0.25,532,256,768,768,0.4150942085950239,0.2833333333333333,0.4150942085950239,,0.37634726221327863,0.2803344568317345,0.6262072989737699,0.34078947368421053,-0.21503520243039165,0.9999999990413733,0.9776492658542169,0.6951502215885573,homoscedastic,linear
3,convnext_s|2,dinov2_b|2,0.1,0.25,532,256,768,768,0.5861012391701087,0.36666666666666664,0.5861012391701087,,0.5760944940859873,0.4562483795696138,0.7236600189316438,0.3885338345864661,-0.2714004912380389,0.9999999994449492,0.9832274904955406,0.7163834968496662,homoscedastic,linear
3,convnext_s|2,mae_b16|2,0.1,0.25,532,256,768,768,0.11465198514440317,0.13333333333333333,0.11465198514440317,,0.0934208482887559,-0.1895903551983407,0.2823557940970059,0.12387218045112783,-0.5247463341680217,0.9999999908546467,0.9423422608143683,0.5581708461213757,homoscedastic,linear
3,convnext_s|2,vit_sup_b16|2,0.1,0.25,532,256,768,768,0.5965584904402511,0.38333333333333336,0.5965584904402511,,0.589189732895054,0.45106300233341984,0.7459197982968928,0.450187969924812,-0.12137586012101798,0.9999999996206997,0.9866733513735005,0.7491262655605428,homoscedastic,linear
3,dinov2_b|2,mae_b16|2,0.1,0.25,532,256,768,768,0.19879355220431166,0.18333333333333332,0.19879355220431166,,0.16576092170573964,-0.15698729582577134,0.3252237124496654,0.15714285714285714,-0.48794516013807254,0.9999999907908543,0.9411900590917408,0.5739549647814723,homoscedastic,linear
3,dinov2_b|2,vit_sup_b16|2,0.1,0.25,532,256,768,768,0.5405732238145106,0.3,0.5405732238145106,,0.5265985912621558,0.42429349235156866,0.8390206348697441,0.5071428571428571,-0.03758737984716015,0.9999999995430183,0.9854164539373003,0.7571890686819295,homoscedastic,linear
3,mae_b16|2,vit_sup_b16|2,0.1,0.25,532,256,768,768,0.2429196747768744,0.18333333333333332,0.2429196747768744,,0.21391038678830077,0.006805807622504539,0.3430197924379914,0.14642857142857144,-0.4034959170945339,0.9999999909297953,0.9445883611865781,0.5791047877116822,homoscedastic,linear
3,clip_b16|2,convnext_s|2,0.1,1.0,532,1024,768,768,0.3397324992569424,0.2,0.3397324992569424,,0.2519551229392697,0.013028260305937258,0.5332974100841287,0.3041353383458647,-0.42300494700446656,0.9999999989602507,0.9755571600704921,0.6676421885457937,homoscedastic,linear
3,clip_b16|2,dinov2_b|2,0.1,1.0,532,1024,768,768,0.424648901802505,0.4166666666666667,0.424648901802505,,0.3117153275042663,0.3682266009852217,0.6346039115265079,0.35902255639097747,-0.23958371628003838,0.9999999988564744,0.9743800266311988,0.6862295635330115,homoscedastic,linear
3,clip_b16|2,mae_b16|2,0.1,1.0,532,1024,768,768,0.3727899799721666,0.2833333333333333,0.3727899799721666,,0.31379929293280584,0.22297122115633913,0.45112358811883035,0.16973684210526319,-0.2758532138948604,0.9999999903760721,0.9350173971099481,0.5599563468350369,homoscedastic,linear
3,clip_b16|2,vit_sup_b16|2,0.1,1.0,532,1024,768,768,0.41273453537370935,0.31666666666666665,0.41273453537370935,,0.3143329511780656,0.3850142597873996,0.6262072989737699,0.34078947368421053,-0.21503520243039165,0.9999999990413733,0.9776492658542169,0.6951502215885573,homoscedastic,linear
3,convnext_s|2,dinov2_b|2,0.1,1.0,532,1024,768,768,0.6607280020222278,0.4166666666666667,0.6607280020222278,,0.635631191784781,0.29258491055224267,0.7236600189316438,0.3885338345864661,-0.2714004912380389,0.9999999994449492,0.9832274904955406,0.7163834968496662,homoscedastic,linear
3,convnext_s|2,mae_b16|2,0.1,1.0,532,1024,768,768,0.15458031827866187,0.13333333333333333,0.15458031827866187,,0.11038900687999406,-0.18621985999481463,0.2823557940970059,0.12387218045112783,-0.5247463341680217,0.9999999908546467,0.9423422608143683,0.5581708461213757,homoscedastic,linear
3,convnext_s|2,vit_sup_b16|2,0.1,1.0,532,1024,768,768,0.6044934013705593,0.35,0.6044934013705593,,0.5768261005651981,0.35889292196007266,0.7459197982968928,0.450187969924812,-0.12137586012101798,0.9999999996206997,0.9866733513735005,0.7491262655605428,homoscedastic,linear
3,dinov2_b|2,mae_b16|2,0.1,1.0,532,1024,768,768,0.26031733421481723,0.18333333333333332,0.26031733421481723,,0.20342392731694625,-0.11485610578169562,0.3252237124496654,0.15714285714285714,-0.48794516013807254,0.9999999907908543,0.9411900590917408,0.5739549647814723,homoscedastic,linear
3,dinov2_b|2,vit_sup_b16|2,0.1,1.0,532,1024,768,768,0.621104058622385,0.4,0.621104058622385,,0.5804505544649207,0.47601763028260313,0.8390206348697441,0.5071428571428571,-0.03758737984716015,0.9999999995430183,0.9854164539373003,0.7571890686819295,homoscedastic,linear
3,mae_b16|2,vit_sup_b16|2,0.1,1.0,532,1024,768,768,0.2732347034297317,0.18333333333333332,0.2732347034297317,,0.222130372709317,0.0070650764843142345,0.3430197924379914,0.14642857142857144,-0.4034959170945339,0.9999999909297953,0.9445883611865781,0.5791047877116822,homoscedastic,linear
3,clip_b16|2,convnext_s|2,1.0,0.1,532,102,768,768,0.2829543970955474,0.18333333333333332,0.2829543970955474,,0.2544213435715768,0.10604096448016594,0.5332974100841287,0.3041353383458647,-0.42300494700446656,0.9999999989602507,0.9755571600704921,0.6676421885457937,homoscedastic,linear
3,clip_b16|2,dinov2_b|2,1.0,0.1,532,102,768,768,0.38072411312253646,0.23333333333333334,0.38072411312253646,,0.32039169615778057,0.2612133782732694,0.6346039115265079,0.35902255639097747,-0.23958371628003838,0.9999999988564744,0.9743800266311988,0.6862295635330115,homoscedastic,linear
3,clip_b16|2,mae_b16|2,1.0,0.1,532,102,768,768,0.31921899783054947,0.25,0.31921899783054947,,0.2682498378038704,0.3234379051075966,0.45112358811883035,0.16973684210526319,-0.2758532138948604,0.9999999903760721,0.9350173971099481,0.5599563468350369,homoscedastic,linear
3,clip_b16|2,vit_sup_b16|2,1.0,0.1,532,102,768,768,0.3939358164883791,0.3,0.3939358164883791,,0.36362206143185904,0.22323049001814885,0.6262072989737699,0.34078947368421053,-0.21503520243039165,0.9999999990413733,0.9776492658542169,0.6951502215885573,homoscedastic,linear
3,convnext_s|2,dinov2_b|2,1.0,0.1,532,102,768,768,0.5361886005238903,0.3333333333333333,0.5361886005238903,,0.5294638563463958,0.4513222711952295,0.7236600189316438,0.3885338345864661,-0.2714004912380389,0.9999999994449492,0.9832274904955406,0.7163834968496662,homoscedastic,linear
3,convnext_s|2,mae_b16|2,1.0,0.1,532,102,768,768,0.13056908491412475,0.2,0.13056908491412475,,0.1273865466555218,-0.2456572465646876,0.2823557940970059,0.12387218045112783,-0.5247463341680217,0.9999999908546467,0.9423422608143683,0.5581708461213757,homoscedastic,linear
3,convnext_s|2,vit_sup_b16|2,1.0,0.1,532,102,768,768,0.5774018816718934,0.45,0.5774018816718934,,0.5760510968775596,0.3706248379569614,0.7459197982968928,0.450187969924812,-0.12137586012101798,0.9999999996206997,0.9866733513735005,0.7491262655605428,homoscedastic,linear
3,dinov2_b|2,mae_b16|2,1.0,0.1,532,102,768,768,0.1949500415278931,0.25,0.1949500415278931,,0.1648254457845196,-0.16418200674099043,0.3252237124496654,0.15714285714285714,-0.48794516013807254,0.9999999907908543,0.9411900590917408,0.5739549647814723,homoscedastic,linear
3,dinov2_b|2,vit_sup_b16|2,1.0,0.1,532,102,768,768,0.5020538390384417,0.3,0.5020538390384417,,0.4826031909165371,0.4314233860513353,0.8390206348697441,0.5071428571428571,-0.03758737984716015,0.9999999995430183,0.9854164539373003,0.7571890686819295,homoscedastic,linear
3,mae_b16|2,vit_sup_b16|2,1.0,0.1,532,102,768,768,0.23553476537434825,0.18333333333333332,0.23553476537434825,,0.21436249725675677,0.08750324086077262,0.3430197924379914,0.14642857142857144,-0.4034959170945339,0.9999999909297953,0.9445883611865781,0.5791047877116822,homoscedastic,linear
3,clip_b16|2,convnext_s|2,1.0,0.25,532,256,768,768,0.3199311109197525,0.13333333333333333,0.3199311109197525,,0.2768640712487723,0.06280788177339902,0.5332974100841287,0.3041353383458647,-0.42300494700446656,0.9999999989602507,0.9755571600704921,0.6676421885457937,homoscedastic,linear
3,clip_b16|2,dinov2_b|2,1.0,0.25,532,256,768,768,0.39739210386695517,0.18333333333333332,0.39739210386695517,,0.34018764383288946,0.24850920404459426,0.6346039115265079,0.35902255639097747,-0.23958371628003838,0.9999999988564744,0.9743800266311988,0.6862295635330115,homoscedastic,linear
3,clip_b16|2,mae_b16|2,1.0,0.25,532,256,768,768,0.31870521862560725,0.25,0.31870521862560725,,0.2566444948654882,0.20981332641949704,0.45112358811883035,0.16973684210526319,-0.2758532138948604,0.9999999903760721,0.9350173971099481,0.5599563468350369,homoscedastic,linear
3,clip_b16|2,vit_sup_b16|2,1.0,0.25,532,256,768,768,0.4148009855582932,0.2833333333333333,0.4148009855582932,,0.37629382143675194,0.2768343271973036,0.6262072989737699,0.34078947368421053,-0.21503520243039165,0.9999999990413733,0.9776492658542169,0.6951502215885573,homoscedastic,linear
3,convnext_s|2,dinov2_b|2,1.0,0.25,532,256,768,768,0.5867640743446509,0.36666666666666664,0.5867640743446509,,0.5768335208132712,0.4583873476795437,0.7236600189316438,0.3885338345864661,-0.2714004912380389,0.9999999994449492,0.9832274904955406,0.7163834968496662,homoscedastic,linear
3,convnext_s|2,mae_b16|2,1.0,0.25,532,256,768,768,0.11352198200550556,0.13333333333333333,0.11352198200550556,,0.09201100115486044,-0.19159968887736586,0.2823557940970059,0.12387218045112783,-0.5247463341680217,0.9999999908546467,0.9423422608143683,0.5581708461213757,homoscedastic,linear
3,convnext_s|2,vit_sup_b16|2,1.0,0.25,532,256,768,768,0.5967288242467339,0.36666666666666664,0.5967288242467339,,0.589478897713904,0.4515167228415868,0.7459197982968928,0.450187969924812,-0.12137586012101798,0.9999999996206997,0.9866733513735005,0.7491262655605428,homoscedastic,linear
3,dinov2_b|2,mae_b16|2,1.0,0.25,532,256,768,768,0.1971138808718913,0.18333333333333332,0.1971138808718913,,0.16381584233456895,-0.16094114596836923,0.3252237124496654,0.15714285714285714,-0.48794516013807254,0.9999999907908543,0.9411900590917408,0.5739549647814723,homoscedastic,linear
3,dinov2_b|2,vit_sup_b16|2,1.0,0.25,532,256,768,768,0.5409119469776303,0.3,0.5409119469776303,,0.5271327741714206,0.4244879439979259,0.8390206348697441,0.5071428571428571,-0.03758737984716015,0.9999999995430183,0.9854164539373003,0.7571890686819295,homoscedastic,linear
3,mae_b16|2,vit_sup_b16|2,1.0,0.25,532,256,768,768,0.2418708940858169,0.2,0.2418708940858169,,0.21265411630391898,0.0013611615245009076,0.3430197924379914,0.14642857142857144,-0.4034959170945339,0.9999999909297953,0.9445883611865781,0.5791047877116822,homoscedastic,linear
3,clip_b16|2,convnext_s|2,1.0,1.0,532,1024,768,768,0.3388296078600218,0.2,0.3388296078600218,,0.25296877379726024,-0.0020741508944775735,0.5332974100841287,0.3041353383458647,-0.42300494700446656,0.9999999989602507,0.9755571600704921,0.6676421885457937,homoscedastic,linear
3,clip_b16|2,dinov2_b|2,1.0,1.0,532,1024,768,768,0.4271949088747468,0.4166666666666667,0.4271949088747468,,0.31577682652029637,0.3480036297640654,0.6346039115265079,0.35902255639097747,-0.23958371628003838,0.9999999988564744,0.9743800266311988,0.6862295635330115,homoscedastic,linear
3,clip_b16|2,mae_b16|2,1.0,1.0,532,1024,768,768,0.36603729454804035,0.3,0.36603729454804035,,0.307621449223917,0.21940627430645582,0.45112358811883035,0.16973684210526319,-0.2758532138948604,0.9999999903760721,0.9350173971099481,0.5599563468350369,homoscedastic,linear
3,clip_b16|2,vit_sup_b16|2,1.0,1.0,532,1024,768,768,0.409291025808405,0.31666666666666665,0.409291025808405,,0.310641640093684,0.36809696655431684,0.6262072989737699,0.34078947368421053,-0.21503520243039165,0.9999999990413733,0.9776492658542169,0.6951502215885573,homoscedastic,linear
3,convnext_s|2,dinov2_b|2,1.0,1.0,532,1024,768,768,0.659528554245984,0.4,0.659528554245984,,0.6349363117859324,0.2899922219341457,0.7236600189316438,0.3885338345864661,-0.2714004912380389,0.9999999994449492,0.9832274904955406,0.7163834968496662,homoscedastic,linear
3,convnext_s|2,mae_b16|2,1.0,1.0,532,1024,768,768,0.15361170447695685,0.1,0.15361170447695685,,0.11059467517002114,-0.17319159968887735,0.2823557940970059,0.12387218045112783,-0.5247463341680217,0.9999999908546467,0.9423422608143683,0.5581708461213757,homoscedastic,linear
3,convnext_s|2,vit_sup_b16|2,1.0,1.0,532,1024,768,768,0.602657007380576,0.35,0.602657007380576,,0.5747814099850456,0.3537723619393311,0.7459197982968928,0.450187969924812,-0.12137586012101798,0.9999999996206997,0.9866733513735005,0.7491262655605428,homoscedastic,linear
3,dinov2_b|2,mae_b16|2,1.0,1.0,532,1024,768,768,0.2608612801702227,0.18333333333333332,0.2608612801702227,,0.20521078301455747,-0.11278195488721805,0.3252237124496654,0.15714285714285714,-0.48794516013807254,0.9999999907908543,0.9411900590917408,0.5739549647814723,homoscedastic,linear
3,dinov2_b|2,vit_sup_b16|2,1.0,1.0,532,1024,768,768,0.6174408262245172,0.38333333333333336,0.6174408262245172,,0.5753217389583711,0.4766658024371273,0.8390206348697441,0.5071428571428571,-0.03758737984716015,0.9999999995430183,0.9854164539373003,0.7571890686819295,homoscedastic,linear
3,mae_b16|2,vit_sup_b16|2,1.0,1.0,532,1024,768,768,0.2683234120094778,0.18333333333333332,0.2683234120094778,,0.21636978678854066,0.02456572465646876,0.3430197924379914,0.14642857142857144,-0.4034959170945339,0.9999999909297953,0.9445883611865781,0.5791047877116822,homoscedastic,linear
3,clip_b16|2,convnext_s|2,10.0,0.1,532,102,768,768,0.2830126750352084,0.18333333333333332,0.2830126750352084,,0.25449217321227485,0.10370754472387866,0.5332974100841287,0.3041353383458647,-0.42300494700446656,0.9999999989602507,0.9755571600704921,0.6676421885457937,homoscedastic,linear
3,clip_b16|2,dinov2_b|2,10.0,0.1,532,102,768,768,0.3808097244714569,0.23333333333333334,0.3808097244714569,,0.32045937781444767,0.2621856365050557,0.6346039115265079,0.35902255639097747,-0.23958371628003838,0.9999999988564744,0.9743800266311988,0.6862295635330115,homoscedastic,linear
3,clip_b16|2,mae_b16|2,10.0,0.1,532,102,768,768,0.31917594215539485,0.25,0.31917594215539485,,0.26821258665950326,0.321363754213119,0.45112358811883035,0.16973684210526319,-0.2758532138948604,0.9999999903760721,0.9350173971099481,0.5599563468350369,homoscedastic,linear
3,clip_b16|2,vit_sup_b16|2,10.0,0.1,532,102,768,768,0.39396303878621874,0.3,0.39396303878621874,,0.3636718295603496,0.2201840808918849,0.6262072989737699,0.34078947368421053,-0.21503520243039165,0.9999999990413733,0.9776492658542169,0.6951502215885573,homoscedastic,linear
3,convnext_s|2,dinov2_b|2,10.0,0.1,532,102,768,768,0.536173822705063,0.3333333333333333,0.536173822705063,,0.5294604835063627,0.4513222711952295,0.7236600189316438,0.3885338345864661,-0.2714004912380389,0.9999999994449492,0.9832274904955406,0.7163834968496662,homoscedastic,linear
3,convnext_s|2,mae_b16|2,10.0,0.1,532,102,768,768,0.13063447398464995,0.2,0.13063447398464995,,0.1274402872400515,-0.2456572465646876,0.2823557940970059,0.12387218045112783,-0.5247463341680217,0.9999999908546467,0.9423422608143683,0.5581708461213757,homoscedastic,linear
3,convnext_s|2,vit_sup_b16|2,10.0,0.1,532,102,768,768,0.5774332150922641,0.45,0.5774332150922641,,0.5760779296938241,0.3706248379569614,0.7459197982968928,0.450187969924812,-0.12137586012101798,0.9999999996206997,0.9866733513735005,0.7491262655605428,homoscedastic,linear
3,dinov2_b|2,mae_b16|2,10.0,0.1,532,102,768,768,0.19498281939672052,0.25,0.19498281939672052,,0.1648720659289791,-0.16418200674099043,0.3252237124496654,0.15714285714285714,-0.48794516013807254,0.9999999907908543,0.9411900590917408,0.5739549647814723,homoscedastic,linear
3,dinov2_b|2,vit_sup_b16|2,10.0,0.1,532,102,768,768,0.5020815613376703,0.3,0.5020815613376703,,0.4826697482931931,0.4314233860513353,0.8390206348697441,0.5071428571428571,-0.03758737984716015,0.9999999995430183,0.9854164539373003,0.7571890686819295,homoscedastic,linear
3,mae_b16|2,vit_sup_b16|2,10.0,0.1,532,102,768,768,0.23563821010613914,0.18333333333333332,0.23563821010613914,,0.21444307065755092,0.08750324086077262,0.3430197924379914,0.14642857142857144,-0.4034959170945339,0.9999999909297953,0.9445883611865781,0.5791047877116822,homoscedastic,linear
3,clip_b16|2,convnext_s|2,10.0,0.25,532,256,768,768,0.3200580557168214,0.13333333333333333,0.3200580557168214,,0.27695708668168906,0.06455794659061448,0.5332974100841287,0.3041353383458647,-0.42300494700446656,0.9999999989602507,0.9755571600704921,0.6676421885457937,homoscedastic,linear
3,clip_b16|2,dinov2_b|2,10.0,0.25,532,256,768,768,0.39723460342945394,0.18333333333333332,0.39723460342945394,,0.3400448602714822,0.2486388384754991,0.6346039115265079,0.35902255639097747,-0.23958371628003838,0.9999999988564744,0.9743800266311988,0.6862295635330115,homoscedastic,linear
3,clip_b16|2,mae_b16|2,10.0,0.25,532,256,768,768,0.31879194108872516,0.25,0.31879194108872516,,0.256791700594939,0.212859735545761,0.45112358811883035,0.16973684210526319,-0.2758532138948604,0.9999999903760721,0.9350173971099481,0.5599563468350369,homoscedastic,linear
3,clip_b16|2,vit_sup_b16|2,10.0,0.25,532,256,768,768,0.4147307075852988,0.2833333333333333,0.4147307075852988,,0.37630738774888567,0.27851957479906664,0.6262072989737699,0.34078947368421053,-0.21503520243039165,0.9999999990413733,0.9776492658542169,0.6951502215885573,homoscedastic,linear
3,convnext_s|2,dinov2_b|2,10.0,0.25,532,256,768,768,0.5868368523245897,0.36666666666666664,0.5868368523245897,,0.5768922831818504,0.4583873476795437,0.7236600189316438,0.3885338345864661,-0.2714004912380389,0.9999999994449492,0.9832274904955406,0.7163834968496662,homoscedastic,linear
3,convnext_s|2,mae_b16|2,10.0,0.25,532,256,768,768,0.11342498173606036,0.13333333333333333,0.11342498173606036,,0.09202561679500448,-0.19159968887736586,0.2823557940970059,0.12387218045112783,-0.5247463341680217,0.9999999908546467,0.9423422608143683,0.5581708461213757,homoscedastic,linear
3,convnext_s|2,vit_sup_b16|2,10.0,0.25,532,256,768,768,0.5967152686535241,0.36666666666666664,0.5967152686535241,,0.5894725267938412,0.4515167228415868,0.7459197982968928,0.450187969924812,-0.12137586012101798,0.9999999996206997,0.9866733513735005,0.7491262655605428,homoscedastic,linear
3,dinov2_b|2,mae_b16|2,10.0,0.25,532,256,768,768,0.19683554676540768,0.18333333333333332,0.19683554676540768,,0.16353109968376253,-0.16094114596836923,0.3252237124496654,0.15714285714285714,-0.48794516013807254,0.9999999907908543,0.9411900590917408,0.5739549647814723,homoscedastic,linear
3,dinov2_b|2,vit_sup_b16|2,10.0,0.25,532,256,768,768,0.540931113697538,0.3,0.540931113697538,,0.5272039036201217,0.4244879439979259,0.8390206348697441,0.5071428571428571,-0.03758737984716015,0.9999999995430183,0.9854164539373003,0.7571890686819295,homoscedastic,linear
3,mae_b16|2,vit_sup_b16|2,10.0,0.25,532,256,768,768,0.2416993380537168,0.2,0.2416993380537168,,0.2125196524145937,0.0013611615245009076,0.3430197924379914,0.14642857142857144,-0.4034959170945339,0.9999999909297953,0.9445883611865781,0.5791047877116822,homoscedastic,linear
3,clip_b16|2,convnext_s|2,10.0,1.0,532,1024,768,768,0.338268661857394,0.2,0.338268661857394,,0.25263703624199063,-0.007129893699766659,0.5332974100841287,0.3041353383458647,-0.42300494700446656,0.9999999989602507,0.9755571600704921,0.6676421885457937,homoscedastic,linear
3,clip_b16|2,dinov2_b|2,10.0,1.0,532,1024,768,768,0.4281044114011427,0.4166666666666667,0.4281044114011427,,0.3166125413285332,0.3516333938294012,0.6346039115265079,0.35902255639097747,-0.23958371628003838,0.9999999988564744,0.9743800266311988,0.6862295635330115,homoscedastic,linear
3,clip_b16|2,mae_b16|2,10.0,1.0,532,1024,768,768,0.3640890669140748,0.3,0.3640890669140748,,0.3064671884125406,0.22271195229452945,0.45112358811883035,0.16973684210526319,-0.2758532138948604,0.9999999903760721,0.9350173971099481,0.5599563468350369,homoscedastic,linear
3,clip_b16|2,vit_sup_b16|2,10.0,1.0,532,1024,768,768,0.4086524129233692,0.31666666666666665,0.4086524129233692,,0.30988147690219187,0.3656339123671247,0.6262072989737699,0.34078947368421053,-0.21503520243039165,0.9999999990413733,0.9776492658542169,0.6951502215885573,homoscedastic,linear
3,convnext_s|2,dinov2_b|2,10.0,1.0,532,1024,768,768,0.6596808880024666,0.4,0.6596808880024666,,0.6350362977549178,0.2960850401866736,0.7236600189316438,0.3885338345864661,-0.2714004912380389,0.9999999994449492,0.9832274904955406,0.7163834968496662,homoscedastic,linear
3,convnext_s|2,mae_b16|2,10.0,1.0,532,1024,768,768,0.1519520332000922,0.1,0.1519520332000922,,0.1097767239859594,-0.17630282603059375,0.2823557940970059,0.12387218045112783,-0.5247463341680217,0.9999999908546467,0.9423422608143683,0.5581708461213757,homoscedastic,linear
3,convnext_s|2,vit_sup_b16|2,10.0,1.0,532,1024,768,768,0.6019993944427624,0.35,0.6019993944427624,,0.5741856165311735,0.3495592429349235,0.7459197982968928,0.450187969924812,-0.12137586012101798,0.9999999996206997,0.9866733513735005,0.7491262655605428,homoscedastic,linear
3,dinov2_b|2,mae_b16|2,10.0,1.0,532,1024,768,768,0.25989711082530786,0.18333333333333332,0.25989711082530786,,0.2051422768858823,-0.09968887736582836,0.3252237124496654,0.15714285714285714,-0.48794516013807254,0.9999999907908543,0.9411900590917408,0.5739549647814723,homoscedastic,linear
3,dinov2_b|2,vit_sup_b16|2,10.0,1.0,532,1024,768,768,0.6166850463473509,0.38333333333333336,0.6166850463473509,,0.573972303137071,0.48476795436868036,0.8390206348697441,0.5071428571428571,-0.03758737984716015,0.9999999995430183,0.9854164539373003,0.7571890686819295,homoscedastic,linear
3,mae_b16|2,vit_sup_b16|2,10.0,1.0,532,1024,768,768,0.26566823796732764,0.18333333333333332,0.26566823796732764,,0.21396937401288219,0.03759398496240601,0.3430197924379914,0.14642857142857144,-0.4034959170945339,0.9999999909297953,0.9445883611865781,0.5791047877116822,homoscedastic,linear
4,clip_b16|2,convnext_s|2,0.1,0.1,532,102,768,768,0.31102975286042456,0.16666666666666666,0.1751769892499013,0.3884554171033733,0.2602137091406663,0.06903033445683175,0.5797853091695772,0.32744360902255637,-0.3675705915974897,0.9999999988660204,0.9742893420871883,0.6628869467032524,heteroscedastic,linear
4,clip_b16|2,dinov2_b|2,0.1,0.1,532,102,768,768,0.4182449951249864,0.38333333333333336,0.21644527697090085,0.6175541690788513,0.302324366475709,0.3756805807622505,0.6856060113127179,0.3678571428571428,-0.22608297423892065,0.999999998779492,0.9733022510713794,0.6852385990828092,heteroscedastic,linear
4,clip_b16|2,mae_b16|2,0.1,0.1,532,102,768,768,0.35013769482693,0.3,0.1461269038935748,0.426891187643806,0.27318984922055917,0.24209229971480428,0.42413719423264545,0.17030075187969923,-0.3144438983391561,0.9999999899194135,0.9349228664247001,0.560845925052737,heteroscedastic,linear
4,clip_b16|2,vit_sup_b16|2,0.1,0.1,532,102,768,768,0.45644110122528114,0.26666666666666666,0.2595887260997344,0.589567521480661,0.36679200639910203,0.23360124449053668,0.6804957983518403,0.3672932330827068,-0.17522629457246197,0.9999999990121713,0.9773666520448374,0.6948929301657982,heteroscedastic,linear
4,convnext_s|2,dinov2_b|2,0.1,0.1,532,102,768,768,0.5375094930819252,0.3333333333333333,0.38000449650550355,0.6583034026953352,0.5210221624071945,0.32110448535130937,0.7287776379825324,0.38609022556390976,-0.24120521289023922,0.9999999993310087,0.9816946155070022,0.7137675488935172,heteroscedastic,linear
4,convnext_s|2,mae_b16|2,0.1,0.1,532,102,768,768,0.1604800568890469,0.23333333333333334,0.05616192883192756,0.2265677384725502,0.13255411234645334,-0.2746305418719212,0.2948114446055261,0.1325187969924812,-0.5251948707122668,0.999999990321218,0.9406714109560674,0.5583851846441684,heteroscedastic,linear
4,convnext_s|2,vit_sup_b16|2,0.1,0.1,532,102,768,768,0.5470663529620915,0.4666666666666667,0.3890679563598146,0.6799132255858292,0.5237660052502378,0.23236971739694065,0.7585306523322293,0.46691729323308273,-0.10652854248219168,0.9999999995511247,0.9856150876172008,0.7462131910834997,heteroscedastic,linear
4,dinov2_b|2,mae_b16|2,0.1,0.1,532,102,768,768,0.3084087455798488,0.23333333333333334,0.3157788704138385,0.305423763935166,0.25202370401994567,-0.19017371013741252,0.3495478733322987,0.15281954887218047,-0.41718396318135464,0.9999999903047627,0.9401732573465037,0.5759639805031452,heteroscedastic,linear
4,dinov2_b|2,vit_sup_b16|2,0.1,0.1,532,102,768,768,0.5366042127894799,0.31666666666666665,0.3419883576091315,0.7026462677534692,0.4834458013088419,0.38903292714544985,0.8554916569035255,0.4781954887218045,-0.009898198211662323,0.9999999994458715,0.9842496623107063,0.7541718016635119,heteroscedastic,linear
4,mae_b16|2,vit_sup_b16|2,0.1,0.1,532,102,768,768,0.3055380709390859,0.23333333333333334,0.2040976787643991,0.34844568737696463,0.25363966915587255,-0.06326160228156598,0.35016857666210766,0.15300751879699248,-0.35164808578737355,0.9999999904977502,0.9438570528184569,0.5791944250042427,heteroscedastic,linear
4,clip_b16|2,convnext_s|2,0.1,0.25,532,256,768,768,0.28655657376826044,0.2,0.1596602712172788,0.3860972710128159,0.23193566839795796,0.08970702618615504,0.5797853091695772,0.32744360902255637,-0.3675705915974897,0.9999999988660204,0.9742893420871883,0.6628869467032524,heteroscedastic,linear
4,clip_b16|2,dinov2_b|2,0.1,0.25,532,256,768,768,0.4356513212536701,0.4666666666666667,0.23666229895795016,0.6169939557844816,0.3093062952485228,0.31332641949701845,0.6856060113127179,0.3678571428571428,-0.22608297423892065,0.999999998779492,0.9733022510713794,0.6852385990828092,heteroscedastic,linear
4,clip_b16|2,mae_b16|2,0.1,0.25,532,256,768,768,0.3471787977188825,0.26666666666666666,0.19248619912474496,0.41503957658375445,0.29032889837348164,0.20222971221156338,0.42413719423264545,0.17030075187969923,-0.3144438983391561,0.9999999899194135,0.9349228664247001,0.560845925052737,heteroscedastic,linear
4,clip_b16|2,vit_sup_b16|2,0.1,0.25,532,256,768,768,0.444805124458679,0.31666666666666665,0.21678637878727705,0.6147905246316513,0.348017954302065,0.3189007000259269,0.6804957983518403,0.3672932330827068,-0.17522629457246197,0.9999999990121713,0.9773666520448374,0.6948929301657982,heteroscedastic,linear
4,convnext_s|2,dinov2_b|2,0.1,0.25,532,256,768,768,0.5708983080508556,0.38333333333333336,0.4234667626112872,0.6719205513660574,0.5553171998652063,0.42118226600985226,0.7287776379825324,0.38609022556390976,-0.24120521289023922,0.9999999993310087,0.9816946155070022,0.7137675488935172,heteroscedastic,linear
4,convnext_s|2,mae_b16|2,0.1,0.25,532,256,768,768,0.13148125411459474,0.21666666666666667,0.05025968128006994,0.19901730880347543,0.10353134852440497,-0.13987555094633136,0.2948114446055261,0.1325187969924812,-0.5251948707122668,0.999999990321218,0.9406714109560674,0.5583851846441684,heteroscedastic,linear
4,convnext_s|2,vit_sup_b16|2,0.1,0.25,532,256,768,768,0.5728075355764877,0.45,0.423102657089697,0.6891212778001659,0.5510591767032392,0.36498574021260044,0.7585306523322293,0.46691729323308273,-0.10652854248219168,0.9999999995511247,0.9856150876172008,0.7462131910834997,heteroscedastic,linear
4,dinov2_b|2,mae_b16|2,0.1,0.25,532,256,768,768,0.26902096950269305,0.23333333333333334,0.2864761037330521,0.22473238365171375,0.21491129580616572,-0.19710915219082187,0.3495478733322987,0.15281954887218047,-0.41718396318135464,0.9999999903047627,0.9401732573465037,0.5759639805031452,heteroscedastic,linear
4,dinov2_b|2,vit_sup_b16|2,0.1,0.25,532,256,768,768,0.5520115889210803,0.36666666666666664,0.33419585246789324,0.7103311877108305,0.49353396584827075,0.28551983406792847,0.8554916569035255,0.4781954887218045,-0.009898198211662323,0.9999999994458715,0.9842496623107063,0.7541718016635119,heteroscedastic,linear
4,mae_b16|2,vit_sup_b16|2,0.1,0.25,532,256,768,768,0.3005108903080286,0.3,0.2253203939887724,0.3060900993889877,0.25654713221652853,-0.001490795955405756,0.35016857666210766,0.15300751879699248,-0.35164808578737355,0.9999999904977502,0.9438570528184569,0.5791944250042427,heteroscedastic,linear
4,clip_b16|2,convnext_s|2,0.1,1.0,532,1024,768,768,0.3656897935827599,0.25,0.18444712301824429,0.4381987830022461,0.25892783261599267,0.05211304122374903,0.5797853091695772,0.32744360902255637,-0.3675705915974897,0.9999999988660204,0.9742893420871883,0.6628869467032524,heteroscedastic,linear
4,clip_b16|2,dinov2_b|2,0.1,1.0,532,1024,768,768,0.418952774868819,0.45,0.26058040145419364,0.5271755112504849,0.29707150540793675,0.42908996629504803,0.6856060113127179,0.3678571428571428,-0.22608297423892065,0.999999998779492,0.9733022510713794,0.6852385990828092,heteroscedastic,linear
4,clip_b16|2,mae_b16|2,0.1,1.0,532,1024,768,768,0.40963041564004343,0.3,0.1987680078126334,0.4199496813402893,0.3514847091922333,0.17902514907959555,0.42413719423264545,0.17030075187969923,-0.3144438983391561,0.9999999899194135,0.9349228664247001,0.560845925052737,heteroscedastic,linear
4,clip_b16|2,vit_sup_b16|2,0.1,1.0,532,1024,768,768,0.46805018902830275,0.38333333333333336,0.21991703929374315,0.6030081722440842,0.3730944952852194,0.3700414830178896,0.6804957983518403,0.3672932330827068,-0.17522629457246197,0.9999999990121713,0.9773666520448374,0.6948929301657982,heteroscedastic,linear
4,convnext_s|2,dinov2_b|2,0.1,1.0,532,1024,768,768,0.6711967533243147,0.5,0.5221566117411272,0.7513239437563725,0.6284121898336307,0.3597355457609541,0.7287776379825324,0.38609022556390976,-0.24120521289023922,0.9999999993310087,0.9816946155070022,0.7137675488935172,heteroscedastic,linear
4,convnext_s|2,mae_b16|2,0.1,1.0,532,1024,768,768,0.17395687210242247,0.15,0.09575058663941208,0.08834083309804933,0.12027615015344173,-0.27670469276639875,0.2948114446055261,0.1325187969924812,-0.5251948707122668,0.999999990321218,0.9406714109560674,0.5583851846441684,heteroscedastic,linear
4,convnext_s|2,vit_sup_b16|2,0.1,1.0,532,1024,768,768,0.597971494365262,0.2833333333333333,0.4553599621589049,0.6505626289698414,0.5552830967048703,0.3120948924034223,0.7585306523322293,0.46691729323308273,-0.10652854248219168,0.9999999995511247,0.9856150876172008,0.7462131910834997,heteroscedastic,linear
4,dinov2_b|2,mae_b16|2,0.1,1.0,532,1024,768,768,0.2544094844707902,0.18333333333333332,0.27365225694204204,0.12883313938112348,0.19468669763883212,-0.15374643505315014,0.3495478733322987,0.15281954887218047,-0.41718396318135464,0.9999999903047627,0.9401732573465037,0.5759639805031452,heteroscedastic,linear
4,dinov2_b|2,vit_sup_b16|2,0.1,1.0,532,1024,768,768,0.6074182428284522,0.4166666666666667,0.4352820407018215,0.7289438974033303,0.5538377223226246,0.49410163339382945,0.8554916569035255,0.4781954887218045,-0.009898198211662323,0.9999999994458715,0.9842496623107063,0.7541718016635119,heteroscedastic,linear
4,mae_b16|2,vit_sup_b16|2,0.1,1.0,532,1024,768,768,0.32292889702471395,0.2,0.21650925602602727,0.22844442508180482,0.2757018655253176,-0.03668654394607208,0.35016857666210766,0.15300751879699248,-0.35164808578737355,0.9999999904977502,0.9438570528184569,0.5791944250042427,heteroscedastic,linear
4,clip_b16|2,convnext_s|2,1.0,0.1,532,102,768,768,0.3119872555201542,0.16666666666666666,0.17555583152014415,0.3916033354753253,0.26097574613217694,0.06501166709878144,0.5797853091695772,0.32744360902255637,-0.3675705915974897,0.9999999988660204,0.9742893420871883,0.6628869467032524,heteroscedastic,linear
4,clip_b16|2,dinov2_b|2,1.0,0.1,532,102,768,768,0.42055139042052886,0.4,0.21699844419471848,0.6206730434913743,0.30459436277008206,0.3744490536686544,0.6856060113127179,0.3678571428571428,-0.22608297423892065,0.999999998779492,0.9733022510713794,0.6852385990828092,heteroscedastic,linear
4,clip_b16|2,mae_b16|2,1.0,0.1,532,102,768,768,0.34960230445084567,0.3,0.14428624804356185,0.43289044087892603,0.27159164770880734,0.2349624060150376,0.42413719423264545,0.17030075187969923,-0.3144438983391561,0.9999999899194135,0.9349228664247001,0.560845925052737,heteroscedastic,linear
4,clip_b16|2,vit_sup_b16|2,1.0,0.1,532,102,768,768,0.45615471154086534,0.26666666666666666,0.2596584560811643,0.5902159837286802,0.3662268683135321,0.23988851438942185,0.6804957983518403,0.3672932330827068,-0.17522629457246197,0.9999999990121713,0.9773666520448374,0.6948929301657982,heteroscedastic,linear
4,convnext_s|2,dinov2_b|2,1.0,0.1,532,102,768,768,0.5388962191561643,0.3333333333333333,0.38094405409033744,0.6603046432075255,0.522411622596889,0.32006740990407057,0.7287776379825324,0.38609022556390976,-0.24120521289023922,0.9999999993310087,0.9816946155070022,0.7137675488935172,heteroscedastic,linear
4,convnext_s|2,mae_b16|2,1.0,0.1,532,102,768,768,0.16489873582982176,0.23333333333333334,0.05749075224092931,0.23753853560915095,0.1365767862261008,-0.2757972517500648,0.2948114446055261,0.1325187969924812,-0.5251948707122668,0.999999990321218,0.9406714109560674,0.5583851846441684,heteroscedastic,linear
4,convnext_s|2,vit_sup_b16|2,1.0,0.1,532,102,768,768,0.5479665221292281,0.4666666666666667,0.3884615930676897,0.6827807580417558,0.5245768359942292,0.231656728026964,0.7585306523322293,0.46691729323308273,-0.10652854248219168,0.9999999995511247,0.9856150876172008,0.7462131910834997,heteroscedastic,linear
4,dinov2_b|2,mae_b16|2,1.0,0.1,532,102,768,768,0.31254275706321405,0.23333333333333334,0.3177101033531315,0.3149211386684294,0.2558945251460965,-0.19069224786103192,0.3495478733322987,0.15281954887218047,-0.41718396318135464,0.9999999903047627,0.9401732573465037,0.5759639805031452,heteroscedastic,linear
4,dinov2_b|2,vit_sup_b16|2,1.0,0.1,532,102,768,768,0.5379535498709719,0.3,0.34175544509383987,0.7039242019683425,0.48505457105269784,0.38520871143375685,0.8554916569035255,0.4781954887218045,-0.009898198211662323,0.9999999994458715,0.9842496623107063,0.7541718016635119,heteroscedastic,linear
4,mae_b16|2,vit_sup_b16|2,1.0,0.1,532,102,768,768,0.3072817424492846,0.23333333333333334,0.20456134719761856,0.3554268498558553,0.2549793612170766,-0.06352087114337569,0.35016857666210766,0.15300751879699248,-0.35164808578737355,0.9999999904977502,0.9438570528184569,0.5791944250042427,heteroscedastic,linear
4,clip_b16|2,convnext_s|2,1.0,0.25,532,256,768,768,0.2900728613135036,0.21666666666666667,0.16168711330636748,0.3930868115569266,0.2364194469861501,0.09404977962146747,0.5797853091695772,0.32744360902255637,-0.3675705915974897,0.9999999988660204,0.9742893420871883,0.6628869467032524,heteroscedastic,linear
4,clip_b16|2,dinov2_b|2,1.0,0.25,532,256,768,768,0.4394321095336375,0.4666666666666667,0.23875743329689286,0.6218990337018844,0.3150657568892881,0.3078817733990148,0.6856060113127179,0.3678571428571428,-0.22608297423892065,0.999999998779492,0.9733022510713794,0.6852385990828092,heteroscedastic,linear
4,clip_b16|2,mae_b16|2,1.0,0.25,532,256,768,768,0.3456042933452592,0.26666666666666666,0.19661033215014015,0.4198022273924193,0.29294884555930384,0.1919885921700804,0.42413719423264545,0.17030075187969923,-0.3144438983391561,0.9999999899194135,0.9349228664247001,0.560845925052737,heteroscedastic,linear
4,clip_b16|2,vit_sup_b16|2,1.0,0.25,532,256,768,768,0.44394095539154277,0.31666666666666665,0.21505391223834858,0.6148960882534219,0.34824303516028343,0.3112522686025409,0.6804957983518403,0.3672932330827068,-0.17522629457246197,0.9999999990121713,0.9773666520448374,0.6948929301657982,heteroscedastic,linear
4,convnext_s|2,dinov2_b|2,1.0,0.25,532,256,768,768,0.5742250950697084,0.4,0.4302625603375506,0.6752980287250343,0.5596337605397504,0.42993259009592955,0.7287776379825324,0.38609022556390976,-0.24120521289023922,0.9999999993310087,0.9816946155070022,0.7137675488935172,heteroscedastic,linear
4,convnext_s|2,mae_b16|2,1.0,0.25,532,256,768,768,0.13440065111291974,0.21666666666666667,0.04623762719656181,0.21551371922143198,0.10849931703736927,-0.13255120560020742,0.2948114446055261,0.1325187969924812,-0.5251948707122668,0.999999990321218,0.9406714109560674,0.5583851846441684,heteroscedastic,linear
4,convnext_s|2,vit_sup_b16|2,1.0,0.25,532,256,768,768,0.5738341495393043,0.43333333333333335,0.4232140812868273,0.6917240633951438,0.5528648453530359,0.3709489240342235,0.7585306523322293,0.46691729323308273,-0.10652854248219168,0.9999999995511247,0.9856150876172008,0.7462131910834997,heteroscedastic,linear
4,dinov2_b|2,mae_b16|2,1.0,0.25,532,256,768,768,0.27176758824330066,0.25,0.28161046064739975,0.23951966876481345,0.22296676208556043,-0.20099818511796735,0.3495478733322987,0.15281954887218047,-0.41718396318135464,0.9999999903047627,0.9401732573465037,0.5759639805031452,heteroscedastic,linear
4,dinov2_b|2,vit_sup_b16|2,1.0,0.25,532,256,768,768,0.5529665915738655,0.38333333333333336,0.3350009821503828,0.7133863888276823,0.49638371586835794,0.2957609541094115,0.8554916569035255,0.4781954887218045,-0.009898198211662323,0.9999999994458715,0.9842496623107063,0.7541718016635119,heteroscedastic,linear
4,mae_b16|2,vit_sup_b16|2,1.0,0.25,532,256,768,768,0.30044989013858364,0.31666666666666665,0.21936638810018333,0.32041044700049903,0.25985978579317803,0.0027871402644542393,0.35016857666210766,0.15300751879699248,-0.35164808578737355,0.9999999904977502,0.9438570528184569,0.5791944250042427,heteroscedastic,linear
4,clip_b16|2,convnext_s|2,1.0,1.0,532,1024,768,768,0.36016833380092717,0.25,0.190839996470369,0.44014696243471035,0.25370540206052045,0.06656728026963962,0.5797853091695772,0.32744360902255637,-0.3675705915974897,0.9999999988660204,0.9742893420871883,0.6628869467032524,heteroscedastic,linear
4,clip_b16|2,dinov2_b|2,1.0,1.0,532,1024,768,768,0.406152128200356,0.38333333333333336,0.2580553853740645,0.5202725440469796,0.2888982145833808,0.3894866476536168,0.6856060113127179,0.3678571428571428,-0.22608297423892065,0.999999998779492,0.9733022510713794,0.6852385990828092,heteroscedastic,linear
4,clip_b16|2,mae_b16|2,1.0,1.0,532,1024,768,768,0.39233297870271855,0.3,0.20267504337007158,0.42539095543176497,0.3381800544931027,0.17552501944516463,0.42413719423264545,0.17030075187969923,-0.3144438983391561,0.9999999899194135,0.9349228664247001,0.560845925052737,heteroscedastic,linear
4,clip_b16|2,vit_sup_b16|2,1.0,1.0,532,1024,768,768,0.45057886271906306,0.4,0.20447795876621785,0.6051825594374856,0.35437920555676145,0.36809696655431684,0.6804957983518403,0.3672932330827068,-0.17522629457246197,0.9999999990121713,0.9773666520448374,0.6948929301657982,heteroscedastic,linear
4,convnext_s|2,dinov2_b|2,1.0,1.0,532,1024,768,768,0.6683811343920399,0.48333333333333334,0.5266567115736134,0.7514473805839454,0.6273519937831813,0.37781954887218044,0.7287776379825324,0.38609022556390976,-0.24120521289023922,0.9999999993310087,0.9816946155070022,0.7137675488935172,heteroscedastic,linear
4,convnext_s|2,mae_b16|2,1.0,1.0,532,1024,768,768,0.17243270120194779,0.18333333333333332,0.08296016710754107,0.1240799837130412,0.12174618374393038,-0.2960850401866736,0.2948114446055261,0.1325187969924812,-0.5251948707122668,0.999999990321218,0.9406714109560674,0.5583851846441684,heteroscedastic,linear
4,convnext_s|2,vit_sup_b16|2,1.0,1.0,532,1024,768,768,0.5837627882299672,0.2833333333333333,0.44854942768398876,0.6397493394593745,0.5419577552535356,0.30088151413015296,0.7585306523322293,0.46691729323308273,-0.10652854248219168,0.9999999995511247,0.9856150876172008,0.7462131910834997,heteroscedastic,linear
4,dinov2_b|2,mae_b16|2,1.0,1.0,532,1024,768,768,0.24486173572704367,0.2,0.2604592725689262,0.15571611652101397,0.19149014471132692,-0.1467461757842883,0.3495478733322987,0.15281954887218047,-0.41718396318135464,0.9999999903047627,0.9401732573465037,0.5759639805031452,heteroscedastic,linear
4,dinov2_b|2,vit_sup_b16|2,1.0,1.0,532,1024,768,768,0.5970791029975083,0.3333333333333333,0.4290591790085439,0.7271442889940987,0.5455606229770456,0.4915089447757325,0.8554916569035255,0.4781954887218045,-0.009898198211662323,0.9999999994458715,0.9842496623107063,0.7541718016635119,heteroscedastic,linear
4,mae_b16|2,vit_sup_b16|2,1.0,1.0,532,1024,768,768,0.3141619282275784,0.21666666666666667,0.2085240948536219,0.25510957252597827,0.27020196266311053,-0.042131190044075714,0.35016857666210766,0.15300751879699248,-0.35164808578737355,0.9999999904977502,0.9438570528184569,0.5791944250042427,heteroscedastic,linear
4,clip_b16|2,convnext_s|2,10.0,0.1,532,102,768,768,0.3122907563632121,0.16666666666666666,0.1756791170027754,0.392465159117611,0.261186586110255,0.06501166709878144,0.5797853091695772,0.32744360902255637,-0.3675705915974897,0.9999999988660204,0.9742893420871883,0.6628869467032524,heteroscedastic,linear
4,clip_b16|2,dinov2_b|2,10.0,0.1,532,102,768,768,0.420780724390901,0.4,0.2174883512291976,0.6207182850435616,0.30481089910021625,0.3744490536686544,0.6856060113127179,0.3678571428571428,-0.22608297423892065,0.999999998779492,0.9733022510713794,0.6852385990828092,heteroscedastic,linear
4,clip_b16|2,mae_b16|2,10.0,0.1,532,102,768,768,0.3496379156608768,0.3,0.1437654297802014,0.43321662688482027,0.2714053919869716,0.2348975887995852,0.42413719423264545,0.17030075187969923,-0.3144438983391561,0.9999999899194135,0.9349228664247001,0.560845925052737,heteroscedastic,linear
4,clip_b16|2,vit_sup_b16|2,10.0,0.1,532,102,768,768,0.4559857666271295,0.26666666666666666,0.2594291378948123,0.590164039724317,0.3659718816070189,0.23988851438942185,0.6804957983518403,0.3672932330827068,-0.17522629457246197,0.9999999990121713,0.9773666520448374,0.6948929301657982,heteroscedastic,linear
4,convnext_s|2,dinov2_b|2,10.0,0.1,532,102,768,768,0.5390619418387272,0.3333333333333333,0.38106302637824097,0.6607447709004101,0.5225378417661329,0.32006740990407057,0.7287776379825324,0.38609022556390976,-0.24120521289023922,0.9999999993310087,0.9816946155070022,0.7137675488935172,heteroscedastic,linear
4,convnext_s|2,mae_b16|2,10.0,0.1,532,102,768,768,0.16559751554865426,0.23333333333333334,0.05758779912230082,0.2388790260443328,0.13733807369760406,-0.2782603059372569,0.2948114446055261,0.1325187969924812,-0.5251948707122668,0.999999990321218,0.9406714109560674,0.5583851846441684,heteroscedastic,linear
4,convnext_s|2,vit_sup_b16|2,10.0,0.1,532,102,768,768,0.548321023113953,0.4666666666666667,0.38842097715067125,0.683715750120295,0.5249100725895137,0.231656728026964,0.7585306523322293,0.46691729323308273,-0.10652854248219168,0.9999999995511247,0.9856150876172008,0.7462131910834997,heteroscedastic,linear
4,dinov2_b|2,mae_b16|2,10.0,0.1,532,102,768,768,0.313412481701338,0.23333333333333334,0.31742183817216874,0.3165470418587687,0.2567174981142077,-0.19082188229193678,0.3495478733322987,0.15281954887218047,-0.41718396318135464,0.9999999903047627,0.9401732573465037,0.5759639805031452,heteroscedastic,linear
4,dinov2_b|2,vit_sup_b16|2,10.0,0.1,532,102,768,768,0.5380628279522998,0.3,0.34146861764445297,0.7043928150829749,0.48521399395826914,0.38520871143375685,0.8554916569035255,0.4781954887218045,-0.009898198211662323,0.9999999994458715,0.9842496623107063,0.7541718016635119,heteroscedastic,linear
4,mae_b16|2,vit_sup_b16|2,10.0,0.1,532,102,768,768,0.30745924294234145,0.23333333333333334,0.2040268704842873,0.3563054296285808,0.25517236261897885,-0.06306715063520872,0.35016857666210766,0.15300751879699248,-0.35164808578737355,0.9999999904977502,0.9438570528184569,0.5791944250042427,heteroscedastic,linear
4,clip_b16|2,convnext_s|2,10.0,0.25,532,256,768,768,0.2906240850669029,0.21666666666666667,0.16223560790256353,0.39414188923695087,0.23713636287321604,0.09398496240601505,0.5797853091695772,0.32744360902255637,-0.3675705915974897,0.9999999988660204,0.9742893420871883,0.6628869467032524,heteroscedastic,linear
4,clip_b16|2,dinov2_b|2,10.0,0.25,532,256,768,768,0.43964349900971944,0.4666666666666667,0.23910284830799663,0.622570395994838,0.3154030408926124,0.30762250453720513,0.6856060113127179,0.3678571428571428,-0.22608297423892065,0.999999998779492,0.9733022510713794,0.6852385990828092,heteroscedastic,linear
4,clip_b16|2,mae_b16|2,10.0,0.25,532,256,768,768,0.34517634771207695,0.2833333333333333,0.19762429234402548,0.420314406446195,0.2931482178812688,0.19231267824734252,0.42413719423264545,0.17030075187969923,-0.3144438983391561,0.9999999899194135,0.9349228664247001,0.560845925052737,heteroscedastic,linear
4,clip_b16|2,vit_sup_b16|2,10.0,0.25,532,256,768,768,0.44388856635712876,0.31666666666666665,0.21498238509244882,0.615180942470898,0.34837307688156505,0.31008555872439725,0.6804957983518403,0.3672932330827068,-0.17522629457246197,0.9999999990121713,0.9773666520448374,0.6948929301657982,heteroscedastic,linear
4,convnext_s|2,dinov2_b|2,10.0,0.25,532,256,768,768,0.5744650957363769,0.4,0.4311068682054828,0.6754991022903116,0.5599829619111921,0.43122893440497795,0.7287776379825324,0.38609022556390976,-0.24120521289023922,0.9999999993310087,0.9816946155070022,0.7137675488935172,heteroscedastic,linear
4,convnext_s|2,mae_b16|2,10.0,0.25,532,256,768,768,0.13463248509023637,0.2,0.046226844209742754,0.2169318463943181,0.10897691118607644,-0.12872698988851441,0.2948114446055261,0.1325187969924812,-0.5251948707122668,0.999999990321218,0.9406714109560674,0.5583851846441684,heteroscedastic,linear
4,convnext_s|2,vit_sup_b16|2,10.0,0.25,532,256,768,768,0.5738156494879151,0.43333333333333335,0.4229358802268956,0.6925384113345169,0.5528256454566497,0.37807881773399016,0.7585306523322293,0.46691729323308273,-0.10652854248219168,0.9999999995511247,0.9856150876172008,0.7462131910834997,heteroscedastic,linear
4,dinov2_b|2,mae_b16|2,10.0,0.25,532,256,768,768,0.2722687007463909,0.25,0.280372933193466,0.24180241226839186,0.22416704342539037,-0.2008685506870625,0.3495478733322987,0.15281954887218047,-0.41718396318135464,0.9999999903047627,0.9401732573465037,0.5759639805031452,heteroscedastic,linear
4,dinov2_b|2,vit_sup_b16|2,10.0,0.25,532,256,768,768,0.5527729799249442,0.38333333333333336,0.3345714598420904,0.7136902333263238,0.496297071355504,0.29712211563391233,0.8554916569035255,0.4781954887218045,-0.009898198211662323,0.9999999994458715,0.9842496623107063,0.7541718016635119,heteroscedastic,linear
4,mae_b16|2,vit_sup_b16|2,10.0,0.25,532,256,768,768,0.30024922291450806,0.3,0.2187884200066819,0.32214247235029025,0.2601462523400015,-6.481721545242417e-05,0.35016857666210766,0.15300751879699248,-0.35164808578737355,0.9999999904977502,0.9438570528184569,0.5791944250042427,heteroscedastic,linear
4,clip_b16|2,convnext_s|2,10.0,1.0,532,1024,768,768,0.3583783288286912,0.26666666666666666,0.18920601453438796,0.4386350009313615,0.2520934843326334,0.05528908478091781,0.5797853091695772,0.32744360902255637,-0.3675705915974897,0.9999999988660204,0.9742893420871883,0.6628869467032524,heteroscedastic,linear
4,clip_b16|2,dinov2_b|2,10.0,1.0,532,1024,768,768,0.4022023394509429,0.36666666666666664,0.24969389796167404,0.519415747243826,0.285166804178604,0.385532797511019,0.6856060113127179,0.3678571428571428,-0.22608297423892065,0.999999998779492,0.9733022510713794,0.6852385990828092,heteroscedastic,linear
4,clip_b16|2,mae_b16|2,10.0,1.0,532,1024,768,768,0.38504001400003884,0.3,0.20111762064050584,0.4196352246257029,0.3342430507502995,0.16923774954627951,0.42413719423264545,0.17030075187969923,-0.3144438983391561,0.9999999899194135,0.9349228664247001,0.560845925052737,heteroscedastic,linear
4,clip_b16|2,vit_sup_b16|2,10.0,1.0,532,1024,768,768,0.44641679560221,0.38333333333333336,0.19713582304112218,0.6048295636228875,0.3497472468631089,0.37548612911589324,0.6804957983518403,0.3672932330827068,-0.17522629457246197,0.9999999990121713,0.9773666520448374,0.6948929301657982,heteroscedastic,linear
4,convnext_s|2,dinov2_b|2,10.0,1.0,532,1024,768,768,0.6669131303142508,0.4666666666666667,0.5251938196951613,0.7502526684835896,0.6258329415842094,0.37723619393310864,0.7287776379825324,0.38609022556390976,-0.24120521289023922,0.9999999993310087,0.9816946155070022,0.7137675488935172,heteroscedastic,linear
4,convnext_s|2,mae_b16|2,10.0,1.0,532,1024,768,768,0.17002308339745387,0.16666666666666666,0.0780984777837224,0.13061431604687138,0.12132105599574035,-0.28266787658802184,0.2948114446055261,0.1325187969924812,-0.5251948707122668,0.999999990321218,0.9406714109560674,0.5583851846441684,heteroscedastic,linear
4,convnext_s|2,vit_sup_b16|2,10.0,1.0,532,1024,768,768,0.5812597257214603,0.2833333333333333,0.44644890185163655,0.6378050697906796,0.5393764833000946,0.29809437386569876,0.7585306523322293,0.46691729323308273,-0.10652854248219168,0.9999999995511247,0.9856150876172008,0.7462131910834997,heteroscedastic,linear
4,dinov2_b|2,mae_b16|2,10.0,1.0,532,1024,768,768,0.24174883819121717,0.18333333333333332,0.2539549749196713,0.16109092462841185,0.1914650357910794,-0.14707026186155042,0.3495478733322987,0.15281954887218047,-0.41718396318135464,0.9999999903047627,0.9401732573465037,0.5759639805031452,heteroscedastic,linear
4,dinov2_b|2,vit_sup_b16|2,10.0,1.0,532,1024,768,768,0.5941319281442448,0.3333333333333333,0.42530777789419416,0.7267237101200603,0.5422284069282032,0.5115374643505315,0.8554916569035255,0.4781954887218045,-0.009898198211662323,0.9999999994458715,0.9842496623107063,0.7541718016635119,heteroscedastic,linear
4,mae_b16|2,vit_sup_b16|2,10.0,1.0,532,1024,768,768,0.31151992088866914,0.21666666666666667,0.20609325019171254,0.2597353816027183,0.27012236363832604,-0.05917811770806326,0.35016857666210766,0.15300751879699248,-0.35164808578737355,0.9999999904977502,0.9438570528184569,0.5791944250042427,heteroscedastic,linear
4,clip_b16|2,convnext_s|2,0.1,0.1,532,102,768,768,0.3121976449934583,0.16666666666666666,0.3121976449934583,,0.26135800133594445,0.06306715063520872,0.5797853091695772,0.32744360902255637,-0.3675705915974897,0.9999999988660204,0.9742893420871883,0.6628869467032524,homoscedastic,linear
4,clip_b16|2,dinov2_b|2,0.1,0.1,532,102,768,768,0.4208413356703768,0.4,0.4208413356703768,,0.3049176307492682,0.37781954887218044,0.6856060113127179,0.3678571428571428,-0.22608297423892065,0.999999998779492,0.9733022510713794,0.6852385990828092,homoscedastic,linear
4,clip_b16|2,mae_b16|2,0.1,0.1,532,102,768,768,0.34942585951627636,0.3,0.34942585951627636,,0.27146505377955954,0.23386051335234642,0.42413719423264545,0.17030075187969923,-0.3144438983391561,0.9999999899194135,0.9349228664247001,0.560845925052737,homoscedastic,linear
4,clip_b16|2,vit_sup_b16|2,0.1,0.1,532,102,768,768,0.45604587790521633,0.26666666666666666,0.45604587790521633,,0.3662190733054552,0.2400181488203267,0.6804957983518403,0.3672932330827068,-0.17522629457246197,0.9999999990121713,0.9773666520448374,0.6948929301657982,homoscedastic,linear
4,convnext_s|2,dinov2_b|2,0.1,0.1,532,102,768,768,0.5387332742590951,0.3333333333333333,0.5387332742590951,,0.5222756596675489,0.32006740990407057,0.7287776379825324,0.38609022556390976,-0.24120521289023922,0.9999999993310087,0.9816946155070022,0.7137675488935172,homoscedastic,linear
4,convnext_s|2,mae_b16|2,0.1,0.1,532,102,768,768,0.1651574587707188,0.23333333333333334,0.1651574587707188,,0.13705527979881685,-0.2757972517500648,0.2948114446055261,0.1325187969924812,-0.5251948707122668,0.999999990321218,0.9406714109560674,0.5583851846441684,homoscedastic,linear
4,convnext_s|2,vit_sup_b16|2,0.1,0.1,532,102,768,768,0.5477545770960474,0.4666666666666667,0.5477545770960474,,0.5243315180958115,0.2330827067669173,0.7585306523322293,0.46691729323308273,-0.10652854248219168,0.9999999995511247,0.9856150876172008,0.7462131910834997,homoscedastic,linear
4,dinov2_b|2,mae_b16|2,0.1,0.1,532,102,768,768,0.3134106483629121,0.23333333333333334,0.3134106483629121,,0.2570296731972845,-0.19069224786103192,0.3495478733322987,0.15281954887218047,-0.41718396318135464,0.9999999903047627,0.9401732573465037,0.5759639805031452,homoscedastic,linear
4,dinov2_b|2,vit_sup_b16|2,0.1,0.1,532,102,768,768,0.5379567165464348,0.3,0.5379567165464348,,0.48519368196606893,0.3848198081410423,0.8554916569035255,0.4781954887218045,-0.009898198211662323,0.9999999994458715,0.9842496623107063,0.7541718016635119,homoscedastic,linear
4,mae_b16|2,vit_sup_b16|2,0.1,0.1,532,102,768,768,0.30729252025700066,0.23333333333333334,0.30729252025700066,,0.25510655476233024,-0.06293751620430386,0.35016857666210766,0.15300751879699248,-0.35164808578737355,0.9999999904977502,0.9438570528184569,0.5791944250042427,homoscedastic,linear
4,clip_b16|2,convnext_s|2,0.1,0.25,532,256,768,768,0.2904179733832594,0.2,0.2904179733832594,,0.2370569887044337,0.08860513352346384,0.5797853091695772,0.32744360902255637,-0.3675705915974897,0.9999999988660204,0.9742893420871883,0.6628869467032524,homoscedastic,linear
4,clip_b16|2,dinov2_b|2,0.1,0.25,532,256,768,768,0.4398003327787021,0.4666666666666667,0.4398003327787021,,0.3155967168625213,0.3117708063261603,0.6856060113127179,0.3678571428571428,-0.22608297423892065,0.999999998779492,0.9733022510713794,0.6852385990828092,homoscedastic,linear
4,clip_b16|2,mae_b16|2,0.1,0.25,532,256,768,768,0.3444235122875341,0.26666666666666666,0.3444235122875341,,0.292166496575593,0.18952553798288826,0.42413719423264545,0.17030075187969923,-0.3144438983391561,0.9999999899194135,0.9349228664247001,0.560845925052737,homoscedastic,linear
4,clip_b16|2,vit_sup_b16|2,0.1,0.25,532,256,768,768,0.4440212333923149,0.31666666666666665,0.4440212333923149,,0.3485169847229835,0.31449312937516205,0.6804957983518403,0.3672932330827068,-0.17522629457246197,0.9999999990121713,0.9773666520448374,0.6948929301657982,homoscedastic,linear
4,convnext_s|2,dinov2_b|2,0.1,0.25,532,256,768,768,0.5736823157842105,0.38333333333333336,0.5736823157842105,,0.5590914078624049,0.43051594503500135,0.7287776379825324,0.38609022556390976,-0.24120521289023922,0.9999999993310087,0.9816946155070022,0.7137675488935172,homoscedastic,linear
4,convnext_s|2,mae_b16|2,0.1,0.25,532,256,768,768,0.13462737396492766,0.21666666666666667,0.13462737396492766,,0.10912748975556054,-0.1332641949701841,0.2948114446055261,0.1325187969924812,-0.5251948707122668,0.999999990321218,0.9406714109560674,0.5583851846441684,homoscedastic,linear
4,convnext_s|2,vit_sup_b16|2,0.1,0.25,532,256,768,768,0.5738999274997986,0.45,0.5738999274997986,,0.5530058300664255,0.3694581280788178,0.7585306523322293,0.46691729323308273,-0.10652854248219168,0.9999999995511247,0.9856150876172008,0.7462131910834997,homoscedastic,linear
4,dinov2_b|2,mae_b16|2,0.1,0.25,532,256,768,768,0.2730152028200078,0.25,0.2730152028200078,,0.2252044540676151,-0.20222971221156338,0.3495478733322987,0.15281954887218047,-0.41718396318135464,0.9999999903047627,0.9401732573465037,0.5759639805031452,homoscedastic,linear
4,dinov2_b|2,vit_sup_b16|2,0.1,0.25,532,256,768,768,0.5526117572548813,0.38333333333333336,0.5526117572548813,,0.49608773041744064,0.29543686803214936,0.8554916569035255,0.4781954887218045,-0.009898198211662323,0.9999999994458715,0.9842496623107063,0.7541718016635119,homoscedastic,linear
4,mae_b16|2,vit_sup_b16|2,0.1,0.25,532,256,768,768,0.3001101114169762,0.31666666666666665,0.3001101114169762,,0.2600159857627176,0.0008426238008815142,0.35016857666210766,0.15300751879699248,-0.35164808578737355,0.9999999904977502,0.9438570528184569,0.5791944250042427,homoscedastic,linear
4,clip_b16|2,convnext_s|2,0.1,1.0,532,1024,768,768,0.34009966694351923,0.23333333333333334,0.34009966694351923,,0.24586077575920384,0.06773399014778327,0.5797853091695772,0.32744360902255637,-0.3675705915974897,0.9999999988660204,0.9742893420871883,0.6628869467032524,homoscedastic,linear
4,clip_b16|2,dinov2_b|2,0.1,1.0,532,1024,768,768,0.4098257495159709,0.38333333333333336,0.4098257495159709,,0.3032679372130088,0.3598003629764066,0.6856060113127179,0.3678571428571428,-0.22608297423892065,0.999999998779492,0.9733022510713794,0.6852385990828092,homoscedastic,linear
4,clip_b16|2,mae_b16|2,0.1,1.0,532,1024,768,768,0.3441519004219456,0.31666666666666665,0.3441519004219456,,0.290785206153979,0.18842364532019706,0.42413719423264545,0.17030075187969923,-0.3144438983391561,0.9999999899194135,0.9349228664247001,0.560845925052737,homoscedastic,linear
4,clip_b16|2,vit_sup_b16|2,0.1,1.0,532,1024,768,768,0.42745202070005744,0.3333333333333333,0.42745202070005744,,0.3389501113486923,0.34294788695877626,0.6804957983518403,0.3672932330827068,-0.17522629457246197,0.9999999990121713,0.9773666520448374,0.6948929301657982,homoscedastic,linear
4,convnext_s|2,dinov2_b|2,0.1,1.0,532,1024,768,768,0.6590366084350233,0.48333333333333334,0.6590366084350233,,0.6313661231347445,0.3688747731397459,0.7287776379825324,0.38609022556390976,-0.24120521289023922,0.9999999993310087,0.9816946155070022,0.7137675488935172,homoscedastic,linear
4,convnext_s|2,mae_b16|2,0.1,1.0,532,1024,768,768,0.12772224367289908,0.16666666666666666,0.12772224367289908,,0.08737439543716205,-0.23586984703137154,0.2948114446055261,0.1325187969924812,-0.5251948707122668,0.999999990321218,0.9406714109560674,0.5583851846441684,homoscedastic,linear
4,convnext_s|2,vit_sup_b16|2,0.1,1.0,532,1024,768,768,0.5809820582834951,0.31666666666666665,0.5809820582834951,,0.551829233558829,0.3301140782991963,0.7585306523322293,0.46691729323308273,-0.10652854248219168,0.9999999995511247,0.9856150876172008,0.7462131910834997,homoscedastic,linear
4,dinov2_b|2,mae_b16|2,0.1,1.0,532,1024,768,768,0.21234203428342852,0.21666666666666667,0.21234203428342852,,0.16178854061858786,-0.08471610059631837,0.3495478733322987,0.15281954887218047,-0.41718396318135464,0.9999999903047627,0.9401732573465037,0.5759639805031452,homoscedastic,linear
4,dinov2_b|2,vit_sup_b16|2,0.1,1.0,532,1024,768,768,0.6092410256695158,0.38333333333333336,0.6092410256695158,,0.5735507730849164,0.4887866217267307,0.8554916569035255,0.4781954887218045,-0.009898198211662323,0.9999999994458715,0.9842496623107063,0.7541718016635119,homoscedastic,linear
4,mae_b16|2,vit_sup_b16|2,0.1,1.0,532,1024,768,768,0.26547529298692496,0.23333333333333334,0.26547529298692496,,0.22338889175372095,-0.020417422867513614,0.35016857666210766,0.15300751879699248,-0.35164808578737355,0.9999999904977502,0.9438570528184569,0.5791944250042427,homoscedastic,linear
4,clip_b16|2,convnext_s|2,1.0,0.1,532,102,768,768,0.312277700771391,0.16666666666666666,0.312277700771391,,0.26116357584602823,0.06501166709878144,0.5797853091695772,0.32744360902255637,-0.3675705915974897,0.9999999988660204,0.9742893420871883,0.6628869467032524,homoscedastic,linear
4,clip_b16|2,dinov2_b|2,1.0,0.1,532,102,768,768,0.4207867799632776,0.4,0.4207867799632776,,0.3048222168523278,0.3744490536686544,0.6856060113127179,0.3678571428571428,-0.22608297423892065,0.999999998779492,0.9733022510713794,0.6852385990828092,homoscedastic,linear
4,clip_b16|2,mae_b16|2,1.0,0.1,532,102,768,768,0.34952608201689445,0.3,0.34952608201689445,,0.2713261677221907,0.2348975887995852,0.42413719423264545,0.17030075187969923,-0.3144438983391561,0.9999999899194135,0.9349228664247001,0.560845925052737,homoscedastic,linear
4,clip_b16|2,vit_sup_b16|2,1.0,0.1,532,102,768,768,0.4559971555476543,0.26666666666666666,0.4559971555476543,,0.36602779579957,0.23988851438942185,0.6804957983518403,0.3672932330827068,-0.17522629457246197,0.9999999990121713,0.9773666520448374,0.6948929301657982,homoscedastic,linear
4,convnext_s|2,dinov2_b|2,1.0,0.1,532,102,768,768,0.5391874977430493,0.3333333333333333,0.5391874977430493,,0.5226864715835979,0.32006740990407057,0.7287776379825324,0.38609022556390976,-0.24120521289023922,0.9999999993310087,0.9816946155070022,0.7137675488935172,homoscedastic,linear
4,convnext_s|2,mae_b16|2,1.0,0.1,532,102,768,768,0.16553095980822166,0.23333333333333334,0.16553095980822166,,0.1372736899289695,-0.2782603059372569,0.2948114446055261,0.1325187969924812,-0.5251948707122668,0.999999990321218,0.9406714109560674,0.5583851846441684,homoscedastic,linear
4,convnext_s|2,vit_sup_b16|2,1.0,0.1,532,102,768,768,0.5482639673999095,0.4666666666666667,0.5482639673999095,,0.5248393179008163,0.231656728026964,0.7585306523322293,0.46691729323308273,-0.10652854248219168,0.9999999995511247,0.9856150876172008,0.7462131910834997,homoscedastic,linear
4,dinov2_b|2,mae_b16|2,1.0,0.1,532,102,768,768,0.3133908705301959,0.23333333333333334,0.3133908705301959,,0.25674927776252093,-0.19082188229193678,0.3495478733322987,0.15281954887218047,-0.41718396318135464,0.9999999903047627,0.9401732573465037,0.5759639805031452,homoscedastic,linear
4,dinov2_b|2,vit_sup_b16|2,1.0,0.1,532,102,768,768,0.5380977169381026,0.3,0.5380977169381026,,0.48527650392688526,0.38520871143375685,0.8554916569035255,0.4781954887218045,-0.009898198211662323,0.9999999994458715,0.9842496623107063,0.7541718016635119,homoscedastic,linear
4,mae_b16|2,vit_sup_b16|2,1.0,0.1,532,102,768,768,0.3074466317961994,0.23333333333333334,0.3074466317961994,,0.2551894516751472,-0.06306715063520872,0.35016857666210766,0.15300751879699248,-0.35164808578737355,0.9999999904977502,0.9438570528184569,0.5791944250042427,homoscedastic,linear
4,clip_b16|2,convnext_s|2,1.0,0.25,532,256,768,768,0.2905864182956064,0.21666666666666667,0.2905864182956064,,0.237038250704249,0.09398496240601505,0.5797853091695772,0.32744360902255637,-0.3675705915974897,0.9999999988660204,0.9742893420871883,0.6628869467032524,homoscedastic,linear
4,clip_b16|2,dinov2_b|2,1.0,0.25,532,256,768,768,0.4396642768452134,0.4666666666666667,0.4396642768452134,,0.31545580710113247,0.30762250453720513,0.6856060113127179,0.3678571428571428,-0.22608297423892065,0.999999998779492,0.9733022510713794,0.6852385990828092,homoscedastic,linear
4,clip_b16|2,mae_b16|2,1.0,0.25,532,256,768,768,0.3452540701501948,0.2833333333333333,0.3452540701501948,,0.29320240817780296,0.19231267824734252,0.42413719423264545,0.17030075187969923,-0.3144438983391561,0.9999999899194135,0.9349228664247001,0.560845925052737,homoscedastic,linear
4,clip_b16|2,vit_sup_b16|2,1.0,0.25,532,256,768,768,0.44371723254786816,0.31666666666666665,0.44371723254786816,,0.348162236903487,0.31008555872439725,0.6804957983518403,0.3672932330827068,-0.17522629457246197,0.9999999990121713,0.9773666520448374,0.6948929301657982,homoscedastic,linear
4,convnext_s|2,dinov2_b|2,1.0,0.25,532,256,768,768,0.5744642624007289,0.4,0.5744642624007289,,0.5599335685427053,0.43122893440497795,0.7287776379825324,0.38609022556390976,-0.24120521289023922,0.9999999993310087,0.9816946155070022,0.7137675488935172,homoscedastic,linear
4,convnext_s|2,mae_b16|2,1.0,0.25,532,256,768,768,0.13481937449826248,0.2,0.13481937449826248,,0.10911684657145565,-0.12872698988851441,0.2948114446055261,0.1325187969924812,-0.5251948707122668,0.999999990321218,0.9406714109560674,0.5583851846441684,homoscedastic,linear
4,convnext_s|2,vit_sup_b16|2,1.0,0.25,532,256,768,768,0.573979649943472,0.43333333333333335,0.573979649943472,,0.5530011830423797,0.37807881773399016,0.7585306523322293,0.46691729323308273,-0.10652854248219168,0.9999999995511247,0.9856150876172008,0.7462131910834997,homoscedastic,linear
4,dinov2_b|2,mae_b16|2,1.0,0.25,532,256,768,768,0.27242420117833654,0.25,0.27242420117833654,,0.22439227418761024,-0.2008685506870625,0.3495478733322987,0.15281954887218047,-0.41718396318135464,0.9999999903047627,0.9401732573465037,0.5759639805031452,homoscedastic,linear
4,dinov2_b|2,vit_sup_b16|2,1.0,0.25,532,256,768,768,0.5527559243220119,0.38333333333333336,0.5527559243220119,,0.496294747843481,0.29712211563391233,0.8554916569035255,0.4781954887218045,-0.009898198211662323,0.9999999994458715,0.9842496623107063,0.7541718016635119,homoscedastic,linear
4,mae_b16|2,vit_sup_b16|2,1.0,0.25,532,256,768,768,0.3003069452970702,0.3,0.3003069452970702,,0.26021595770068845,-6.481721545242417e-05,0.35016857666210766,0.15300751879699248,-0.35164808578737355,0.9999999904977502,0.9438570528184569,0.5791944250042427,homoscedastic,linear
4,clip_b16|2,convnext_s|2,1.0,1.0,532,1024,768,768,0.3386846074572429,0.21666666666666667,0.3386846074572429,,0.2448989916857245,0.06053927923256417,0.5797853091695772,0.32744360902255637,-0.3675705915974897,0.9999999988660204,0.9742893420871883,0.6628869467032524,homoscedastic,linear
4,clip_b16|2,dinov2_b|2,1.0,1.0,532,1024,768,768,0.4023913399759443,0.36666666666666664,0.4023913399759443,,0.29713933696860534,0.3430775213896811,0.6856060113127179,0.3678571428571428,-0.22608297423892065,0.999999998779492,0.9733022510713794,0.6852385990828092,homoscedastic,linear
4,clip_b16|2,mae_b16|2,1.0,1.0,532,1024,768,768,0.3402386117739216,0.2833333333333333,0.3402386117739216,,0.28970814590336347,0.17980295566502466,0.42413719423264545,0.17030075187969923,-0.3144438983391561,0.9999999899194135,0.9349228664247001,0.560845925052737,homoscedastic,linear
4,clip_b16|2,vit_sup_b16|2,1.0,1.0,532,1024,768,768,0.42389445526237574,0.31666666666666665,0.42389445526237574,,0.33414951065337756,0.3413922737879181,0.6804957983518403,0.3672932330827068,-0.17522629457246197,0.9999999990121713,0.9773666520448374,0.6948929301657982,homoscedastic,linear
4,convnext_s|2,dinov2_b|2,1.0,1.0,532,1024,768,768,0.6579121053114035,0.4666666666666667,0.6579121053114035,,0.6308613214097692,0.37658802177858447,0.7287776379825324,0.38609022556390976,-0.24120521289023922,0.9999999993310087,0.9816946155070022,0.7137675488935172,homoscedastic,linear
4,convnext_s|2,mae_b16|2,1.0,1.0,532,1024,768,768,0.128981247170131,0.16666666666666666,0.128981247170131,,0.09107874816967215,-0.24948146227638063,0.2948114446055261,0.1325187969924812,-0.5251948707122668,0.999999990321218,0.9406714109560674,0.5583851846441684,homoscedastic,linear
4,convnext_s|2,vit_sup_b16|2,1.0,1.0,532,1024,768,768,0.5772596034988986,0.31666666666666665,0.5772596034988986,,0.5482801064198488,0.3170210007778066,0.7585306523322293,0.46691729323308273,-0.10652854248219168,0.9999999995511247,0.9856150876172008,0.7462131910834997,homoscedastic,linear
4,dinov2_b|2,mae_b16|2,1.0,1.0,532,1024,768,768,0.21057797382770507,0.21666666666666667,0.21057797382770507,,0.16251332646573136,-0.059631838216230235,0.3495478733322987,0.15281954887218047,-0.41718396318135464,0.9999999903047627,0.9401732573465037,0.5759639805031452,homoscedastic,linear
4,dinov2_b|2,vit_sup_b16|2,1.0,1.0,532,1024,768,768,0.6052385145514292,0.38333333333333336,0.6052385145514292,,0.5695262254052504,0.4856105781695618,0.8554916569035255,0.4781954887218045,-0.009898198211662323,0.9999999994458715,0.9842496623107063,0.7541718016635119,homoscedastic,linear
4,mae_b16|2,vit_sup_b16|2,1.0,1.0,532,1024,768,768,0.2695808043911233,0.25,0.2695808043911233,,0.2292240549152323,-0.01024112004148302,0.35016857666210766,0.15300751879699248,-0.35164808578737355,0.9999999904977502,0.9438570528184569,0.5791944250042427,homoscedastic,linear
4,clip_b16|2,convnext_s|2,10.0,0.1,532,102,768,768,0.31224647846244014,0.16666666666666666,0.31224647846244014,,0.26110968535749707,0.06501166709878144,0.5797853091695772,0.32744360902255637,-0.3675705915974897,0.9999999988660204,0.9742893420871883,0.6628869467032524,homoscedastic,linear
4,clip_b16|2,dinov2_b|2,10.0,0.1,532,102,768,768,0.42080216889491356,0.4,0.42080216889491356,,0.30483323479643637,0.3744490536686544,0.6856060113127179,0.3678571428571428,-0.22608297423892065,0.999999998779492,0.9733022510713794,0.6852385990828092,homoscedastic,linear
4,clip_b16|2,mae_b16|2,10.0,0.1,532,102,768,768,0.3496436378989941,0.3,0.3496436378989941,,0.2713994707789132,0.2348975887995852,0.42413719423264545,0.17030075187969923,-0.3144438983391561,0.9999999899194135,0.9349228664247001,0.560845925052737,homoscedastic,linear
4,clip_b16|2,vit_sup_b16|2,10.0,0.1,532,102,768,768,0.4559478220772835,0.26666666666666666,0.4559478220772835,,0.36595981433489994,0.23988851438942185,0.6804957983518403,0.3672932330827068,-0.17522629457246197,0.9999999990121713,0.9773666520448374,0.6948929301657982,homoscedastic,linear
4,convnext_s|2,dinov2_b|2,10.0,0.1,532,102,768,768,0.5391810532807035,0.3333333333333333,0.5391810532807035,,0.5226761282074959,0.32006740990407057,0.7287776379825324,0.38609022556390976,-0.24120521289023922,0.9999999993310087,0.9816946155070022,0.7137675488935172,homoscedastic,linear
4,convnext_s|2,mae_b16|2,10.0,0.1,532,102,768,768,0.16579584943291506,0.23333333333333334,0.16579584943291506,,0.13750416733124107,-0.2782603059372569,0.2948114446055261,0.1325187969924812,-0.5251948707122668,0.999999990321218,0.9406714109560674,0.5583851846441684,homoscedastic,linear
4,convnext_s|2,vit_sup_b16|2,10.0,0.1,532,102,768,768,0.5483422453951261,0.4666666666666667,0.5483422453951261,,0.52493608093377,0.231656728026964,0.7585306523322293,0.46691729323308273,-0.10652854248219168,0.9999999995511247,0.9856150876172008,0.7462131910834997,homoscedastic,linear
4,dinov2_b|2,mae_b16|2,10.0,0.1,532,102,768,768,0.3135315375876043,0.23333333333333334,0.3135315375876043,,0.25681890817120717,-0.19082188229193678,0.3495478733322987,0.15281954887218047,-0.41718396318135464,0.9999999903047627,0.9401732573465037,0.5759639805031452,homoscedastic,linear
4,dinov2_b|2,vit_sup_b16|2,10.0,0.1,532,102,768,768,0.5381286059127941,0.3,0.5381286059127941,,0.4853187019033012,0.38520871143375685,0.8554916569035255,0.4781954887218045,-0.009898198211662323,0.9999999994458715,0.9842496623107063,0.7541718016635119,homoscedastic,linear
4,mae_b16|2,vit_sup_b16|2,10.0,0.1,532,102,768,768,0.3075347987077741,0.23333333333333334,0.3075347987077741,,0.2552423677876688,-0.06306715063520872,0.35016857666210766,0.15300751879699248,-0.35164808578737355,0.9999999904977502,0.9438570528184569,0.5791944250042427,homoscedastic,linear
4,clip_b16|2,convnext_s|2,10.0,0.25,532,256,768,768,0.29074202983897174,0.21666666666666667,0.29074202983897174,,0.23722180815405813,0.09398496240601505,0.5797853091695772,0.32744360902255637,-0.3675705915974897,0.9999999988660204,0.9742893420871883,0.6628869467032524,homoscedastic,linear
4,clip_b16|2,dinov2_b|2,10.0,0.25,532,256,768,768,0.43980666612962804,0.4666666666666667,0.43980666612962804,,0.3156219007347695,0.30762250453720513,0.6856060113127179,0.3678571428571428,-0.22608297423892065,0.999999998779492,0.9733022510713794,0.6852385990828092,homoscedastic,linear
4,clip_b16|2,mae_b16|2,10.0,0.25,532,256,768,768,0.3453327925910905,0.2833333333333333,0.3453327925910905,,0.2933817683155707,0.19231267824734252,0.42413719423264545,0.17030075187969923,-0.3144438983391561,0.9999999899194135,0.9349228664247001,0.560845925052737,homoscedastic,linear
4,clip_b16|2,vit_sup_b16|2,10.0,0.25,532,256,768,768,0.44380912169200465,0.31666666666666665,0.44380912169200465,,0.34830539522489795,0.31008555872439725,0.6804957983518403,0.3672932330827068,-0.17522629457246197,0.9999999990121713,0.9773666520448374,0.6948929301657982,homoscedastic,linear
4,convnext_s|2,dinov2_b|2,10.0,0.25,532,256,768,768,0.5745977072158533,0.4,0.5745977072158533,,0.5600760522961096,0.43122893440497795,0.7287776379825324,0.38609022556390976,-0.24120521289023922,0.9999999993310087,0.9816946155070022,0.7137675488935172,homoscedastic,linear
4,convnext_s|2,mae_b16|2,10.0,0.25,532,256,768,768,0.1348605968349912,0.2,0.1348605968349912,,0.1092052149803266,-0.12872698988851441,0.2948114446055261,0.1325187969924812,-0.5251948707122668,0.999999990321218,0.9406714109560674,0.5583851846441684,homoscedastic,linear
4,convnext_s|2,vit_sup_b16|2,10.0,0.25,532,256,768,768,0.5739584832180089,0.43333333333333335,0.5739584832180089,,0.5529499908258751,0.37807881773399016,0.7585306523322293,0.46691729323308273,-0.10652854248219168,0.9999999995511247,0.9856150876172008,0.7462131910834997,homoscedastic,linear
4,dinov2_b|2,mae_b16|2,10.0,0.25,532,256,768,768,0.27234853430148415,0.25,0.27234853430148415,,0.22434078216310277,-0.2008685506870625,0.3495478733322987,0.15281954887218047,-0.41718396318135464,0.9999999903047627,0.9401732573465037,0.5759639805031452,homoscedastic,linear
4,dinov2_b|2,vit_sup_b16|2,10.0,0.25,532,256,768,768,0.5527172019922276,0.38333333333333336,0.5527172019922276,,0.49621200083466555,0.29712211563391233,0.8554916569035255,0.4781954887218045,-0.009898198211662323,0.9999999994458715,0.9842496623107063,0.7541718016635119,homoscedastic,linear
4,mae_b16|2,vit_sup_b16|2,10.0,0.25,532,256,768,768,0.30042933452592924,0.3,0.30042933452592924,,0.26039974000649985,-6.481721545242417e-05,0.35016857666210766,0.15300751879699248,-0.35164808578737355,0.9999999904977502,0.9438570528184569,0.5791944250042427,homoscedastic,linear
4,clip_b16|2,convnext_s|2,10.0,1.0,532,1024,768,768,0.33852871813532814,0.21666666666666667,0.33852871813532814,,0.244829136421036,0.06203007518796992,0.5797853091695772,0.32744360902255637,-0.3675705915974897,0.9999999988660204,0.9742893420871883,0.6628869467032524,homoscedastic,linear
4,clip_b16|2,dinov2_b|2,10.0,1.0,532,1024,768,768,0.4025936738713163,0.35,0.4025936738713163,,0.2972108411773101,0.34962406015037595,0.6856060113127179,0.3678571428571428,-0.22608297423892065,0.999999998779492,0.9733022510713794,0.6852385990828092,homoscedastic,linear
4,clip_b16|2,mae_b16|2,10.0,1.0,532,1024,768,768,0.3398299439720665,0.2833333333333333,0.3398299439720665,,0.29064189792856654,0.1668395125745398,0.42413719423264545,0.17030075187969923,-0.3144438983391561,0.9999999899194135,0.9349228664247001,0.560845925052737,homoscedastic,linear
4,clip_b16|2,vit_sup_b16|2,10.0,1.0,532,1024,768,768,0.4235308431412309,0.31666666666666665,0.4235308431412309,,0.333468646678667,0.34722582317863626,0.6804957983518403,0.3672932330827068,-0.17522629457246197,0.9999999990121713,0.9773666520448374,0.6948929301657982,homoscedastic,linear
4,convnext_s|2,dinov2_b|2,10.0,1.0,532,1024,768,768,0.6571289364692678,0.4666666666666667,0.6571289364692678,,0.6302338982115853,0.37425460202229716,0.7287776379825324,0.38609022556390976,-0.24120521289023922,0.9999999993310087,0.9816946155070022,0.7137675488935172,homoscedastic,linear
4,convnext_s|2,mae_b16|2,10.0,1.0,532,1024,768,768,0.12862030172306035,0.18333333333333332,0.12862030172306035,,0.09134910003633673,-0.2449442571947109,0.2948114446055261,0.1325187969924812,-0.5251948707122668,0.999999990321218,0.9406714109560674,0.5583851846441684,homoscedastic,linear
4,convnext_s|2,vit_sup_b16|2,10.0,1.0,532,1024,768,768,0.5765723238120105,0.31666666666666665,0.5765723238120105,,0.547480218667965,0.3200025926886181,0.7585306523322293,0.46691729323308273,-0.10652854248219168,0.9999999995511247,0.9856150876172008,0.7462131910834997,homoscedastic,linear
4,dinov2_b|2,mae_b16|2,10.0,1.0,532,1024,768,768,0.2104690846363462,0.21666666666666667,0.2104690846363462,,0.16250718040167078,-0.05451127819548873,0.3495478733322987,0.15281954887218047,-0.41718396318135464,0.9999999903047627,0.9401732573465037,0.5759639805031452,homoscedastic,linear
4,dinov2_b|2,vit_sup_b16|2,10.0,1.0,532,1024,768,768,0.6049600137778159,0.36666666666666664,0.6049600137778159,,0.5689550162076207,0.4867772880477056,0.8554916569035255,0.4781954887218045,-0.009898198211662323,0.9999999994458715,0.9842496623107063,0.7541718016635119,homoscedastic,linear
4,mae_b16|2,vit_sup_b16|2,10.0,1.0,532,1024,768,768,0.2689729693693593,0.25,0.2689729693693593,,0.22932299155620742,-0.0117967332123412,0.35016857666210766,0.15300751879699248,-0.35164808578737355,0.9999999904977502,0.9438570528184569,0.5791944250042427,homoscedastic,linear
