noise_condition,seed,prior,fraction,metric,target,metric_span,correlation
heteroscedastic,0,0.1,0.1,cka,eu_agreement,0.5518287549006318,0.9757575757575757
heteroscedastic,0,0.1,0.1,cka,acquisition_overlap,0.5518287549006318,0.5288778230016562
heteroscedastic,0,0.1,0.1,cka,eu_group0,0.5518287549006318,0.7333333333333332
heteroscedastic,0,0.1,0.1,cka,eu_group1,0.5518287549006318,0.9757575757575757
heteroscedastic,0,0.1,0.1,cka,eu_id,0.5518287549006318,0.9393939393939393
heteroscedastic,0,0.1,0.1,cka,eu_heldout,0.5518287549006318,0.1515151515151515
heteroscedastic,0,0.1,0.1,mknn,eu_agreement,0.3793040293040293,0.9515151515151514
heteroscedastic,0,0.1,0.1,mknn,acquisition_overlap,0.3793040293040293,0.56535215562246
heteroscedastic,0,0.1,0.1,mknn,eu_group0,0.3793040293040293,0.7454545454545454
heteroscedastic,0,0.1,0.1,mknn,eu_group1,0.3793040293040293,0.9636363636363635
heteroscedastic,0,0.1,0.1,mknn,eu_id,0.3793040293040293,0.9272727272727272
heteroscedastic,0,0.1,0.1,mknn,eu_heldout,0.3793040293040293,0.12727272727272726
heteroscedastic,0,0.1,0.1,predictivity,eu_agreement,0.4476375199270721,0.9393939393939393
heteroscedastic,0,0.1,0.1,predictivity,acquisition_overlap,0.4476375199270721,0.6139845991168652
heteroscedastic,0,0.1,0.1,predictivity,eu_group0,0.4476375199270721,0.7575757575757575
heteroscedastic,0,0.1,0.1,predictivity,eu_group1,0.4476375199270721,0.9272727272727272
heteroscedastic,0,0.1,0.1,predictivity,eu_id,0.4476375199270721,0.8787878787878788
heteroscedastic,0,0.1,0.1,predictivity,eu_heldout,0.4476375199270721,0.41818181818181815
heteroscedastic,0,0.1,0.1,cca_type,eu_agreement,1.3270836540790754e-08,0.9272727272727272
heteroscedastic,0,0.1,0.1,cca_type,acquisition_overlap,1.3270836540790754e-08,0.6747751534848716
heteroscedastic,0,0.1,0.1,cca_type,eu_group0,1.3270836540790754e-08,0.8181818181818182
heteroscedastic,0,0.1,0.1,cca_type,eu_group1,1.3270836540790754e-08,0.8666666666666665
heteroscedastic,0,0.1,0.1,cca_type,eu_id,1.3270836540790754e-08,0.9151515151515152
heteroscedastic,0,0.1,0.1,cca_type,eu_heldout,1.3270836540790754e-08,0.01818181818181818
heteroscedastic,0,0.1,0.1,smoother_001,eu_agreement,0.05567474553100005,0.9272727272727272
heteroscedastic,0,0.1,0.1,smoother_001,acquisition_overlap,0.05567474553100005,0.6747751534848716
heteroscedastic,0,0.1,0.1,smoother_001,eu_group0,0.05567474553100005,0.8181818181818182
heteroscedastic,0,0.1,0.1,smoother_001,eu_group1,0.05567474553100005,0.8666666666666665
heteroscedastic,0,0.1,0.1,smoother_001,eu_id,0.05567474553100005,0.9151515151515152
heteroscedastic,0,0.1,0.1,smoother_001,eu_heldout,0.05567474553100005,0.01818181818181818
heteroscedastic,0,0.1,0.1,smoother_1,eu_agreement,0.2005803699685882,0.9636363636363635
heteroscedastic,0,0.1,0.1,smoother_1,acquisition_overlap,0.2005803699685882,0.6686960980480711
heteroscedastic,0,0.1,0.1,smoother_1,eu_group0,0.2005803699685882,0.8545454545454544
heteroscedastic,0,0.1,0.1,smoother_1,eu_group1,0.2005803699685882,0.9151515151515152
heteroscedastic,0,0.1,0.1,smoother_1,eu_id,0.2005803699685882,0.9757575757575757
heteroscedastic,0,0.1,0.1,smoother_1,eu_heldout,0.2005803699685882,0.0303030303030303
heteroscedastic,0,0.1,0.25,cka,eu_agreement,0.5518287549006318,0.9393939393939393
heteroscedastic,0,0.1,0.25,cka,acquisition_overlap,0.5518287549006318,0.8145934285312865
heteroscedastic,0,0.1,0.25,cka,eu_group0,0.5518287549006318,0.6848484848484848
heteroscedastic,0,0.1,0.25,cka,eu_group1,0.5518287549006318,0.9636363636363635
heteroscedastic,0,0.1,0.25,cka,eu_id,0.5518287549006318,0.9151515151515152
heteroscedastic,0,0.1,0.25,cka,eu_heldout,0.5518287549006318,0.6
heteroscedastic,0,0.1,0.25,mknn,eu_agreement,0.3793040293040293,0.9151515151515152
heteroscedastic,0,0.1,0.25,mknn,acquisition_overlap,0.3793040293040293,0.7538028741632801
heteroscedastic,0,0.1,0.25,mknn,eu_group0,0.3793040293040293,0.709090909090909
heteroscedastic,0,0.1,0.25,mknn,eu_group1,0.3793040293040293,0.9272727272727272
heteroscedastic,0,0.1,0.25,mknn,eu_id,0.3793040293040293,0.9030303030303028
heteroscedastic,0,0.1,0.25,mknn,eu_heldout,0.3793040293040293,0.5515151515151515
heteroscedastic,0,0.1,0.25,predictivity,eu_agreement,0.4476375199270721,0.8909090909090909
heteroscedastic,0,0.1,0.25,predictivity,acquisition_overlap,0.4476375199270721,0.8693049274624923
heteroscedastic,0,0.1,0.25,predictivity,eu_group0,0.4476375199270721,0.6848484848484848
heteroscedastic,0,0.1,0.25,predictivity,eu_group1,0.4476375199270721,0.9272727272727272
heteroscedastic,0,0.1,0.25,predictivity,eu_id,0.4476375199270721,0.8545454545454544
heteroscedastic,0,0.1,0.25,predictivity,eu_heldout,0.4476375199270721,0.7696969696969697
heteroscedastic,0,0.1,0.25,cca_type,eu_agreement,1.3270836540790754e-08,0.9272727272727272
heteroscedastic,0,0.1,0.25,cca_type,acquisition_overlap,1.3270836540790754e-08,0.8510677611520905
heteroscedastic,0,0.1,0.25,cca_type,eu_group0,1.3270836540790754e-08,0.7333333333333332
heteroscedastic,0,0.1,0.25,cca_type,eu_group1,1.3270836540790754e-08,0.9393939393939393
heteroscedastic,0,0.1,0.25,cca_type,eu_id,1.3270836540790754e-08,0.9393939393939393
heteroscedastic,0,0.1,0.25,cca_type,eu_heldout,1.3270836540790754e-08,0.3939393939393939
heteroscedastic,0,0.1,0.25,smoother_001,eu_agreement,0.05567474553100005,0.9272727272727272
heteroscedastic,0,0.1,0.25,smoother_001,acquisition_overlap,0.05567474553100005,0.8510677611520905
heteroscedastic,0,0.1,0.25,smoother_001,eu_group0,0.05567474553100005,0.7333333333333332
heteroscedastic,0,0.1,0.25,smoother_001,eu_group1,0.05567474553100005,0.9393939393939393
heteroscedastic,0,0.1,0.25,smoother_001,eu_id,0.05567474553100005,0.9393939393939393
heteroscedastic,0,0.1,0.25,smoother_001,eu_heldout,0.05567474553100005,0.3939393939393939
heteroscedastic,0,0.1,0.25,smoother_1,eu_agreement,0.2005803699685882,0.9272727272727272
heteroscedastic,0,0.1,0.25,smoother_1,acquisition_overlap,0.2005803699685882,0.8085143730944859
heteroscedastic,0,0.1,0.25,smoother_1,eu_group0,0.2005803699685882,0.7939393939393938
heteroscedastic,0,0.1,0.25,smoother_1,eu_group1,0.2005803699685882,0.9515151515151514
heteroscedastic,0,0.1,0.25,smoother_1,eu_id,0.2005803699685882,0.9515151515151514
heteroscedastic,0,0.1,0.25,smoother_1,eu_heldout,0.2005803699685882,0.3939393939393939
heteroscedastic,0,0.1,1.0,cka,eu_agreement,0.5518287549006318,0.9393939393939393
heteroscedastic,0,0.1,1.0,cka,acquisition_overlap,0.5518287549006318,0.7717372776839959
heteroscedastic,0,0.1,1.0,cka,eu_group0,0.5518287549006318,0.5757575757575757
heteroscedastic,0,0.1,1.0,cka,eu_group1,0.5518287549006318,0.9515151515151514
heteroscedastic,0,0.1,1.0,cka,eu_id,0.5518287549006318,0.9030303030303028
heteroscedastic,0,0.1,1.0,cka,eu_heldout,0.5518287549006318,0.6363636363636362
heteroscedastic,0,0.1,1.0,mknn,eu_agreement,0.3793040293040293,0.9272727272727272
heteroscedastic,0,0.1,1.0,mknn,acquisition_overlap,0.3793040293040293,0.7285199901336922
heteroscedastic,0,0.1,1.0,mknn,eu_group0,0.3793040293040293,0.5878787878787878
heteroscedastic,0,0.1,1.0,mknn,eu_group1,0.3793040293040293,0.9393939393939393
heteroscedastic,0,0.1,1.0,mknn,eu_id,0.3793040293040293,0.8909090909090909
heteroscedastic,0,0.1,1.0,mknn,eu_heldout,0.3793040293040293,0.6121212121212121
heteroscedastic,0,0.1,1.0,predictivity,eu_agreement,0.4476375199270721,0.9151515151515152
heteroscedastic,0,0.1,1.0,predictivity,acquisition_overlap,0.4476375199270721,0.8828674456704912
heteroscedastic,0,0.1,1.0,predictivity,eu_group0,0.4476375199270721,0.5636363636363636
heteroscedastic,0,0.1,1.0,predictivity,eu_group1,0.4476375199270721,0.8909090909090909
heteroscedastic,0,0.1,1.0,predictivity,eu_id,0.4476375199270721,0.9030303030303028
heteroscedastic,0,0.1,1.0,predictivity,eu_heldout,0.4476375199270721,0.8545454545454544
heteroscedastic,0,0.1,1.0,cca_type,eu_agreement,1.3270836540790754e-08,0.7939393939393938
heteroscedastic,0,0.1,1.0,cca_type,acquisition_overlap,1.3270836540790754e-08,0.7285199901336922
heteroscedastic,0,0.1,1.0,cca_type,eu_group0,1.3270836540790754e-08,0.4666666666666666
heteroscedastic,0,0.1,1.0,cca_type,eu_group1,1.3270836540790754e-08,0.8545454545454544
heteroscedastic,0,0.1,1.0,cca_type,eu_id,1.3270836540790754e-08,0.7454545454545454
heteroscedastic,0,0.1,1.0,cca_type,eu_heldout,1.3270836540790754e-08,0.5030303030303029
heteroscedastic,0,0.1,1.0,smoother_001,eu_agreement,0.05567474553100005,0.7939393939393938
heteroscedastic,0,0.1,1.0,smoother_001,acquisition_overlap,0.05567474553100005,0.7285199901336922
heteroscedastic,0,0.1,1.0,smoother_001,eu_group0,0.05567474553100005,0.4666666666666666
heteroscedastic,0,0.1,1.0,smoother_001,eu_group1,0.05567474553100005,0.8545454545454544
heteroscedastic,0,0.1,1.0,smoother_001,eu_id,0.05567474553100005,0.7454545454545454
heteroscedastic,0,0.1,1.0,smoother_001,eu_heldout,0.05567474553100005,0.5030303030303029
heteroscedastic,0,0.1,1.0,smoother_1,eu_agreement,0.2005803699685882,0.8424242424242423
heteroscedastic,0,0.1,1.0,smoother_1,acquisition_overlap,0.2005803699685882,0.7717372776839959
heteroscedastic,0,0.1,1.0,smoother_1,eu_group0,0.2005803699685882,0.5515151515151515
heteroscedastic,0,0.1,1.0,smoother_1,eu_group1,0.2005803699685882,0.8909090909090909
heteroscedastic,0,0.1,1.0,smoother_1,eu_id,0.2005803699685882,0.7818181818181817
heteroscedastic,0,0.1,1.0,smoother_1,eu_heldout,0.2005803699685882,0.5393939393939393
heteroscedastic,0,1.0,0.1,cka,eu_agreement,0.5518287549006318,0.9515151515151514
heteroscedastic,0,1.0,0.1,cka,acquisition_overlap,0.5518287549006318,0.5749477440104327
heteroscedastic,0,1.0,0.1,cka,eu_group0,0.5518287549006318,0.7333333333333332
heteroscedastic,0,1.0,0.1,cka,eu_group1,0.5518287549006318,0.9757575757575757
heteroscedastic,0,1.0,0.1,cka,eu_id,0.5518287549006318,0.9393939393939393
heteroscedastic,0,1.0,0.1,cka,eu_heldout,0.5518287549006318,0.1515151515151515
heteroscedastic,0,1.0,0.1,mknn,eu_agreement,0.3793040293040293,0.9393939393939393
heteroscedastic,0,1.0,0.1,mknn,acquisition_overlap,0.3793040293040293,0.6116465361813115
heteroscedastic,0,1.0,0.1,mknn,eu_group0,0.3793040293040293,0.7454545454545454
heteroscedastic,0,1.0,0.1,mknn,eu_group1,0.3793040293040293,0.9636363636363635
heteroscedastic,0,1.0,0.1,mknn,eu_id,0.3793040293040293,0.9272727272727272
heteroscedastic,0,1.0,0.1,mknn,eu_heldout,0.3793040293040293,0.12727272727272726
heteroscedastic,0,1.0,0.1,predictivity,eu_agreement,0.4476375199270721,0.9030303030303028
heteroscedastic,0,1.0,0.1,predictivity,acquisition_overlap,0.4476375199270721,0.6544617937140031
heteroscedastic,0,1.0,0.1,predictivity,eu_group0,0.4476375199270721,0.7575757575757575
heteroscedastic,0,1.0,0.1,predictivity,eu_group1,0.4476375199270721,0.9272727272727272
heteroscedastic,0,1.0,0.1,predictivity,eu_id,0.4476375199270721,0.8787878787878788
heteroscedastic,0,1.0,0.1,predictivity,eu_heldout,0.4476375199270721,0.41818181818181815
heteroscedastic,0,1.0,0.1,cca_type,eu_agreement,1.3270836540790754e-08,0.9393939393939393
heteroscedastic,0,1.0,0.1,cca_type,acquisition_overlap,1.3270836540790754e-08,0.697277051246695
heteroscedastic,0,1.0,0.1,cca_type,eu_group0,1.3270836540790754e-08,0.8181818181818182
heteroscedastic,0,1.0,0.1,cca_type,eu_group1,1.3270836540790754e-08,0.8666666666666665
heteroscedastic,0,1.0,0.1,cca_type,eu_id,1.3270836540790754e-08,0.9151515151515152
heteroscedastic,0,1.0,0.1,cca_type,eu_heldout,1.3270836540790754e-08,0.01818181818181818
heteroscedastic,0,1.0,0.1,smoother_001,eu_agreement,0.05567474553100005,0.9393939393939393
heteroscedastic,0,1.0,0.1,smoother_001,acquisition_overlap,0.05567474553100005,0.697277051246695
heteroscedastic,0,1.0,0.1,smoother_001,eu_group0,0.05567474553100005,0.8181818181818182
heteroscedastic,0,1.0,0.1,smoother_001,eu_group1,0.05567474553100005,0.8666666666666665
heteroscedastic,0,1.0,0.1,smoother_001,eu_id,0.05567474553100005,0.9151515151515152
heteroscedastic,0,1.0,0.1,smoother_001,eu_heldout,0.05567474553100005,0.01818181818181818
heteroscedastic,0,1.0,0.1,smoother_1,eu_agreement,0.2005803699685882,0.9878787878787878
heteroscedastic,0,1.0,0.1,smoother_1,acquisition_overlap,0.2005803699685882,0.6850441205230687
heteroscedastic,0,1.0,0.1,smoother_1,eu_group0,0.2005803699685882,0.8545454545454544
heteroscedastic,0,1.0,0.1,smoother_1,eu_group1,0.2005803699685882,0.9151515151515152
heteroscedastic,0,1.0,0.1,smoother_1,eu_id,0.2005803699685882,0.9757575757575757
heteroscedastic,0,1.0,0.1,smoother_1,eu_heldout,0.2005803699685882,0.0303030303030303
heteroscedastic,0,1.0,0.25,cka,eu_agreement,0.5518287549006318,0.9151515151515152
heteroscedastic,0,1.0,0.25,cka,acquisition_overlap,0.5518287549006318,0.8267515394048879
heteroscedastic,0,1.0,0.25,cka,eu_group0,0.5518287549006318,0.6848484848484848
heteroscedastic,0,1.0,0.25,cka,eu_group1,0.5518287549006318,0.9636363636363635
heteroscedastic,0,1.0,0.25,cka,eu_id,0.5518287549006318,0.9151515151515152
heteroscedastic,0,1.0,0.25,cka,eu_heldout,0.5518287549006318,0.6
heteroscedastic,0,1.0,0.25,mknn,eu_agreement,0.3793040293040293,0.9030303030303028
heteroscedastic,0,1.0,0.25,mknn,acquisition_overlap,0.3793040293040293,0.772040040473682
heteroscedastic,0,1.0,0.25,mknn,eu_group0,0.3793040293040293,0.709090909090909
heteroscedastic,0,1.0,0.25,mknn,eu_group1,0.3793040293040293,0.9272727272727272
heteroscedastic,0,1.0,0.25,mknn,eu_id,0.3793040293040293,0.9030303030303028
heteroscedastic,0,1.0,0.25,mknn,eu_heldout,0.3793040293040293,0.5515151515151515
heteroscedastic,0,1.0,0.25,predictivity,eu_agreement,0.4476375199270721,0.8545454545454544
heteroscedastic,0,1.0,0.25,predictivity,acquisition_overlap,0.4476375199270721,0.8632258720256917
heteroscedastic,0,1.0,0.25,predictivity,eu_group0,0.4476375199270721,0.6848484848484848
heteroscedastic,0,1.0,0.25,predictivity,eu_group1,0.4476375199270721,0.9272727272727272
heteroscedastic,0,1.0,0.25,predictivity,eu_id,0.4476375199270721,0.8545454545454544
heteroscedastic,0,1.0,0.25,predictivity,eu_heldout,0.4476375199270721,0.7696969696969697
heteroscedastic,0,1.0,0.25,cca_type,eu_agreement,1.3270836540790754e-08,0.9393939393939393
heteroscedastic,0,1.0,0.25,cca_type,acquisition_overlap,1.3270836540790754e-08,0.8753839828992931
heteroscedastic,0,1.0,0.25,cca_type,eu_group0,1.3270836540790754e-08,0.7333333333333332
heteroscedastic,0,1.0,0.25,cca_type,eu_group1,1.3270836540790754e-08,0.9393939393939393
heteroscedastic,0,1.0,0.25,cca_type,eu_id,1.3270836540790754e-08,0.9393939393939393
heteroscedastic,0,1.0,0.25,cca_type,eu_heldout,1.3270836540790754e-08,0.3939393939393939
heteroscedastic,0,1.0,0.25,smoother_001,eu_agreement,0.05567474553100005,0.9393939393939393
heteroscedastic,0,1.0,0.25,smoother_001,acquisition_overlap,0.05567474553100005,0.8753839828992931
heteroscedastic,0,1.0,0.25,smoother_001,eu_group0,0.05567474553100005,0.7333333333333332
heteroscedastic,0,1.0,0.25,smoother_001,eu_group1,0.05567474553100005,0.9393939393939393
heteroscedastic,0,1.0,0.25,smoother_001,eu_id,0.05567474553100005,0.9393939393939393
heteroscedastic,0,1.0,0.25,smoother_001,eu_heldout,0.05567474553100005,0.3939393939393939
heteroscedastic,0,1.0,0.25,smoother_1,eu_agreement,0.2005803699685882,0.9515151515151514
heteroscedastic,0,1.0,0.25,smoother_1,acquisition_overlap,0.2005803699685882,0.8389096502784891
heteroscedastic,0,1.0,0.25,smoother_1,eu_group0,0.2005803699685882,0.7939393939393938
heteroscedastic,0,1.0,0.25,smoother_1,eu_group1,0.2005803699685882,0.9515151515151514
heteroscedastic,0,1.0,0.25,smoother_1,eu_id,0.2005803699685882,0.9515151515151514
heteroscedastic,0,1.0,0.25,smoother_1,eu_heldout,0.2005803699685882,0.3939393939393939
heteroscedastic,0,1.0,1.0,cka,eu_agreement,0.5518287549006318,0.9393939393939393
heteroscedastic,0,1.0,1.0,cka,acquisition_overlap,0.5518287549006318,0.8930039428247147
heteroscedastic,0,1.0,1.0,cka,eu_group0,0.5518287549006318,0.6606060606060605
heteroscedastic,0,1.0,1.0,cka,eu_group1,0.5518287549006318,0.9515151515151514
heteroscedastic,0,1.0,1.0,cka,eu_id,0.5518287549006318,0.9393939393939393
heteroscedastic,0,1.0,1.0,cka,eu_heldout,0.5518287549006318,0.5636363636363636
heteroscedastic,0,1.0,1.0,mknn,eu_agreement,0.3793040293040293,0.9272727272727272
heteroscedastic,0,1.0,1.0,mknn,acquisition_overlap,0.3793040293040293,0.8440722199302098
heteroscedastic,0,1.0,1.0,mknn,eu_group0,0.3793040293040293,0.6969696969696969
heteroscedastic,0,1.0,1.0,mknn,eu_group1,0.3793040293040293,0.9393939393939393
heteroscedastic,0,1.0,1.0,mknn,eu_id,0.3793040293040293,0.9272727272727272
heteroscedastic,0,1.0,1.0,mknn,eu_heldout,0.3793040293040293,0.5393939393939393
heteroscedastic,0,1.0,1.0,predictivity,eu_agreement,0.4476375199270721,0.9151515151515152
heteroscedastic,0,1.0,1.0,predictivity,acquisition_overlap,0.4476375199270721,0.9602850618046588
heteroscedastic,0,1.0,1.0,predictivity,eu_group0,0.4476375199270721,0.5515151515151515
heteroscedastic,0,1.0,1.0,predictivity,eu_group1,0.4476375199270721,0.8909090909090909
heteroscedastic,0,1.0,1.0,predictivity,eu_id,0.4476375199270721,0.9151515151515152
heteroscedastic,0,1.0,1.0,predictivity,eu_heldout,0.4476375199270721,0.7939393939393938
heteroscedastic,0,1.0,1.0,cca_type,eu_agreement,1.3270836540790754e-08,0.7939393939393938
heteroscedastic,0,1.0,1.0,cca_type,acquisition_overlap,1.3270836540790754e-08,0.856305150653836
heteroscedastic,0,1.0,1.0,cca_type,eu_group0,1.3270836540790754e-08,0.4787878787878787
heteroscedastic,0,1.0,1.0,cca_type,eu_group1,1.3270836540790754e-08,0.8545454545454544
heteroscedastic,0,1.0,1.0,cca_type,eu_id,1.3270836540790754e-08,0.7939393939393938
heteroscedastic,0,1.0,1.0,cca_type,eu_heldout,1.3270836540790754e-08,0.406060606060606
heteroscedastic,0,1.0,1.0,smoother_001,eu_agreement,0.05567474553100005,0.7939393939393938
heteroscedastic,0,1.0,1.0,smoother_001,acquisition_overlap,0.05567474553100005,0.856305150653836
heteroscedastic,0,1.0,1.0,smoother_001,eu_group0,0.05567474553100005,0.4787878787878787
heteroscedastic,0,1.0,1.0,smoother_001,eu_group1,0.05567474553100005,0.8545454545454544
heteroscedastic,0,1.0,1.0,smoother_001,eu_id,0.05567474553100005,0.7939393939393938
heteroscedastic,0,1.0,1.0,smoother_001,eu_heldout,0.05567474553100005,0.406060606060606
heteroscedastic,0,1.0,1.0,smoother_1,eu_agreement,0.2005803699685882,0.8424242424242423
heteroscedastic,0,1.0,1.0,smoother_1,acquisition_overlap,0.2005803699685882,0.8746545467392752
heteroscedastic,0,1.0,1.0,smoother_1,eu_group0,0.2005803699685882,0.5757575757575757
heteroscedastic,0,1.0,1.0,smoother_1,eu_group1,0.2005803699685882,0.8909090909090909
heteroscedastic,0,1.0,1.0,smoother_1,eu_id,0.2005803699685882,0.8424242424242423
heteroscedastic,0,1.0,1.0,smoother_1,eu_heldout,0.2005803699685882,0.43030303030303024
heteroscedastic,0,10.0,0.1,cka,eu_agreement,0.5518287549006318,0.9515151515151514
heteroscedastic,0,10.0,0.1,cka,acquisition_overlap,0.5518287549006318,0.5749477440104327
heteroscedastic,0,10.0,0.1,cka,eu_group0,0.5518287549006318,0.7333333333333332
heteroscedastic,0,10.0,0.1,cka,eu_group1,0.5518287549006318,0.9757575757575757
heteroscedastic,0,10.0,0.1,cka,eu_id,0.5518287549006318,0.9393939393939393
heteroscedastic,0,10.0,0.1,cka,eu_heldout,0.5518287549006318,0.1515151515151515
heteroscedastic,0,10.0,0.1,mknn,eu_agreement,0.3793040293040293,0.9393939393939393
heteroscedastic,0,10.0,0.1,mknn,acquisition_overlap,0.3793040293040293,0.6116465361813115
heteroscedastic,0,10.0,0.1,mknn,eu_group0,0.3793040293040293,0.7454545454545454
heteroscedastic,0,10.0,0.1,mknn,eu_group1,0.3793040293040293,0.9636363636363635
heteroscedastic,0,10.0,0.1,mknn,eu_id,0.3793040293040293,0.9272727272727272
heteroscedastic,0,10.0,0.1,mknn,eu_heldout,0.3793040293040293,0.12727272727272726
heteroscedastic,0,10.0,0.1,predictivity,eu_agreement,0.4476375199270721,0.9030303030303028
heteroscedastic,0,10.0,0.1,predictivity,acquisition_overlap,0.4476375199270721,0.6544617937140031
heteroscedastic,0,10.0,0.1,predictivity,eu_group0,0.4476375199270721,0.7575757575757575
heteroscedastic,0,10.0,0.1,predictivity,eu_group1,0.4476375199270721,0.9272727272727272
heteroscedastic,0,10.0,0.1,predictivity,eu_id,0.4476375199270721,0.8787878787878788
heteroscedastic,0,10.0,0.1,predictivity,eu_heldout,0.4476375199270721,0.41818181818181815
heteroscedastic,0,10.0,0.1,cca_type,eu_agreement,1.3270836540790754e-08,0.9393939393939393
heteroscedastic,0,10.0,0.1,cca_type,acquisition_overlap,1.3270836540790754e-08,0.697277051246695
heteroscedastic,0,10.0,0.1,cca_type,eu_group0,1.3270836540790754e-08,0.8181818181818182
heteroscedastic,0,10.0,0.1,cca_type,eu_group1,1.3270836540790754e-08,0.8666666666666665
heteroscedastic,0,10.0,0.1,cca_type,eu_id,1.3270836540790754e-08,0.9151515151515152
heteroscedastic,0,10.0,0.1,cca_type,eu_heldout,1.3270836540790754e-08,0.01818181818181818
heteroscedastic,0,10.0,0.1,smoother_001,eu_agreement,0.05567474553100005,0.9393939393939393
heteroscedastic,0,10.0,0.1,smoother_001,acquisition_overlap,0.05567474553100005,0.697277051246695
heteroscedastic,0,10.0,0.1,smoother_001,eu_group0,0.05567474553100005,0.8181818181818182
heteroscedastic,0,10.0,0.1,smoother_001,eu_group1,0.05567474553100005,0.8666666666666665
heteroscedastic,0,10.0,0.1,smoother_001,eu_id,0.05567474553100005,0.9151515151515152
heteroscedastic,0,10.0,0.1,smoother_001,eu_heldout,0.05567474553100005,0.01818181818181818
heteroscedastic,0,10.0,0.1,smoother_1,eu_agreement,0.2005803699685882,0.9878787878787878
heteroscedastic,0,10.0,0.1,smoother_1,acquisition_overlap,0.2005803699685882,0.6850441205230687
heteroscedastic,0,10.0,0.1,smoother_1,eu_group0,0.2005803699685882,0.8545454545454544
heteroscedastic,0,10.0,0.1,smoother_1,eu_group1,0.2005803699685882,0.9151515151515152
heteroscedastic,0,10.0,0.1,smoother_1,eu_id,0.2005803699685882,0.9757575757575757
heteroscedastic,0,10.0,0.1,smoother_1,eu_heldout,0.2005803699685882,0.0303030303030303
heteroscedastic,0,10.0,0.25,cka,eu_agreement,0.5518287549006318,0.9151515151515152
heteroscedastic,0,10.0,0.25,cka,acquisition_overlap,0.5518287549006318,0.8519979545631314
heteroscedastic,0,10.0,0.25,cka,eu_group0,0.5518287549006318,0.6848484848484848
heteroscedastic,0,10.0,0.25,cka,eu_group1,0.5518287549006318,0.9636363636363635
heteroscedastic,0,10.0,0.25,cka,eu_id,0.5518287549006318,0.9151515151515152
heteroscedastic,0,10.0,0.25,cka,eu_heldout,0.5518287549006318,0.6
heteroscedastic,0,10.0,0.25,mknn,eu_agreement,0.3793040293040293,0.9030303030303028
heteroscedastic,0,10.0,0.25,mknn,acquisition_overlap,0.3793040293040293,0.7964328705698838
heteroscedastic,0,10.0,0.25,mknn,eu_group0,0.3793040293040293,0.709090909090909
heteroscedastic,0,10.0,0.25,mknn,eu_group1,0.3793040293040293,0.9272727272727272
heteroscedastic,0,10.0,0.25,mknn,eu_id,0.3793040293040293,0.9030303030303028
heteroscedastic,0,10.0,0.25,mknn,eu_heldout,0.3793040293040293,0.5515151515151515
heteroscedastic,0,10.0,0.25,predictivity,eu_agreement,0.4476375199270721,0.8545454545454544
heteroscedastic,0,10.0,0.25,predictivity,acquisition_overlap,0.4476375199270721,0.919910834999323
heteroscedastic,0,10.0,0.25,predictivity,eu_group0,0.4476375199270721,0.6848484848484848
heteroscedastic,0,10.0,0.25,predictivity,eu_group1,0.4476375199270721,0.9272727272727272
heteroscedastic,0,10.0,0.25,predictivity,eu_id,0.4476375199270721,0.8545454545454544
heteroscedastic,0,10.0,0.25,predictivity,eu_heldout,0.4476375199270721,0.7696969696969697
heteroscedastic,0,10.0,0.25,cca_type,eu_agreement,1.3270836540790754e-08,0.9393939393939393
heteroscedastic,0,10.0,0.25,cca_type,acquisition_overlap,1.3270836540790754e-08,0.8705196492275473
heteroscedastic,0,10.0,0.25,cca_type,eu_group0,1.3270836540790754e-08,0.7333333333333332
heteroscedastic,0,10.0,0.25,cca_type,eu_group1,1.3270836540790754e-08,0.9393939393939393
heteroscedastic,0,10.0,0.25,cca_type,eu_id,1.3270836540790754e-08,0.9393939393939393
heteroscedastic,0,10.0,0.25,cca_type,eu_heldout,1.3270836540790754e-08,0.3939393939393939
heteroscedastic,0,10.0,0.25,smoother_001,eu_agreement,0.05567474553100005,0.9393939393939393
heteroscedastic,0,10.0,0.25,smoother_001,acquisition_overlap,0.05567474553100005,0.8705196492275473
heteroscedastic,0,10.0,0.25,smoother_001,eu_group0,0.05567474553100005,0.7333333333333332
heteroscedastic,0,10.0,0.25,smoother_001,eu_group1,0.05567474553100005,0.9393939393939393
heteroscedastic,0,10.0,0.25,smoother_001,eu_id,0.05567474553100005,0.9393939393939393
heteroscedastic,0,10.0,0.25,smoother_001,eu_heldout,0.05567474553100005,0.3939393939393939
heteroscedastic,0,10.0,0.25,smoother_1,eu_agreement,0.2005803699685882,0.9515151515151514
heteroscedastic,0,10.0,0.25,smoother_1,acquisition_overlap,0.2005803699685882,0.8581718527846034
heteroscedastic,0,10.0,0.25,smoother_1,eu_group0,0.2005803699685882,0.7939393939393938
heteroscedastic,0,10.0,0.25,smoother_1,eu_group1,0.2005803699685882,0.9515151515151514
heteroscedastic,0,10.0,0.25,smoother_1,eu_id,0.2005803699685882,0.9515151515151514
heteroscedastic,0,10.0,0.25,smoother_1,eu_heldout,0.2005803699685882,0.3939393939393939
heteroscedastic,0,10.0,1.0,cka,eu_agreement,0.5518287549006318,0.9393939393939393
heteroscedastic,0,10.0,1.0,cka,acquisition_overlap,0.5518287549006318,0.8206724839680872
heteroscedastic,0,10.0,1.0,cka,eu_group0,0.5518287549006318,0.6606060606060605
heteroscedastic,0,10.0,1.0,cka,eu_group1,0.5518287549006318,0.9515151515151514
heteroscedastic,0,10.0,1.0,cka,eu_id,0.5518287549006318,0.9515151515151514
heteroscedastic,0,10.0,1.0,cka,eu_heldout,0.5518287549006318,0.5636363636363636
heteroscedastic,0,10.0,1.0,mknn,eu_agreement,0.3793040293040293,0.9272727272727272
heteroscedastic,0,10.0,1.0,mknn,acquisition_overlap,0.3793040293040293,0.7598819296000807
heteroscedastic,0,10.0,1.0,mknn,eu_group0,0.3793040293040293,0.6969696969696969
heteroscedastic,0,10.0,1.0,mknn,eu_group1,0.3793040293040293,0.9393939393939393
heteroscedastic,0,10.0,1.0,mknn,eu_id,0.3793040293040293,0.9393939393939393
heteroscedastic,0,10.0,1.0,mknn,eu_heldout,0.3793040293040293,0.5393939393939393
heteroscedastic,0,10.0,1.0,predictivity,eu_agreement,0.4476375199270721,0.9151515151515152
heteroscedastic,0,10.0,1.0,predictivity,acquisition_overlap,0.4476375199270721,0.9300954818304988
heteroscedastic,0,10.0,1.0,predictivity,eu_group0,0.4476375199270721,0.5515151515151515
heteroscedastic,0,10.0,1.0,predictivity,eu_group1,0.4476375199270721,0.8909090909090909
heteroscedastic,0,10.0,1.0,predictivity,eu_id,0.4476375199270721,0.8909090909090909
heteroscedastic,0,10.0,1.0,predictivity,eu_heldout,0.4476375199270721,0.7939393939393938
heteroscedastic,0,10.0,1.0,cca_type,eu_agreement,1.3270836540790754e-08,0.7939393939393938
heteroscedastic,0,10.0,1.0,cca_type,acquisition_overlap,1.3270836540790754e-08,0.8267515394048879
heteroscedastic,0,10.0,1.0,cca_type,eu_group0,1.3270836540790754e-08,0.4787878787878787
heteroscedastic,0,10.0,1.0,cca_type,eu_group1,1.3270836540790754e-08,0.8545454545454544
heteroscedastic,0,10.0,1.0,cca_type,eu_id,1.3270836540790754e-08,0.7696969696969697
heteroscedastic,0,10.0,1.0,cca_type,eu_heldout,1.3270836540790754e-08,0.406060606060606
heteroscedastic,0,10.0,1.0,smoother_001,eu_agreement,0.05567474553100005,0.7939393939393938
heteroscedastic,0,10.0,1.0,smoother_001,acquisition_overlap,0.05567474553100005,0.8267515394048879
heteroscedastic,0,10.0,1.0,smoother_001,eu_group0,0.05567474553100005,0.4787878787878787
heteroscedastic,0,10.0,1.0,smoother_001,eu_group1,0.05567474553100005,0.8545454545454544
heteroscedastic,0,10.0,1.0,smoother_001,eu_id,0.05567474553100005,0.7696969696969697
heteroscedastic,0,10.0,1.0,smoother_001,eu_heldout,0.05567474553100005,0.406060606060606
heteroscedastic,0,10.0,1.0,smoother_1,eu_agreement,0.2005803699685882,0.8424242424242423
heteroscedastic,0,10.0,1.0,smoother_1,acquisition_overlap,0.2005803699685882,0.8267515394048879
heteroscedastic,0,10.0,1.0,smoother_1,eu_group0,0.2005803699685882,0.5757575757575757
heteroscedastic,0,10.0,1.0,smoother_1,eu_group1,0.2005803699685882,0.8909090909090909
heteroscedastic,0,10.0,1.0,smoother_1,eu_id,0.2005803699685882,0.8303030303030302
heteroscedastic,0,10.0,1.0,smoother_1,eu_heldout,0.2005803699685882,0.43030303030303024
heteroscedastic,1,0.1,0.1,cka,eu_agreement,0.5338367740077932,0.9515151515151514
heteroscedastic,1,0.1,0.1,cka,acquisition_overlap,0.5338367740077932,0.6728111897994424
heteroscedastic,1,0.1,0.1,cka,eu_group0,0.5338367740077932,0.709090909090909
heteroscedastic,1,0.1,0.1,cka,eu_group1,0.5338367740077932,0.9757575757575757
heteroscedastic,1,0.1,0.1,cka,eu_id,0.5338367740077932,0.9393939393939393
heteroscedastic,1,0.1,0.1,cka,eu_heldout,0.5338367740077932,0.24848484848484845
heteroscedastic,1,0.1,0.1,mknn,eu_agreement,0.3371794871794872,0.9393939393939393
heteroscedastic,1,0.1,0.1,mknn,acquisition_overlap,0.3371794871794872,0.6177630015431245
heteroscedastic,1,0.1,0.1,mknn,eu_group0,0.3371794871794872,0.7212121212121211
heteroscedastic,1,0.1,0.1,mknn,eu_group1,0.3371794871794872,0.9636363636363635
heteroscedastic,1,0.1,0.1,mknn,eu_id,0.3371794871794872,0.9272727272727272
heteroscedastic,1,0.1,0.1,mknn,eu_heldout,0.3371794871794872,0.2121212121212121
heteroscedastic,1,0.1,0.1,predictivity,eu_agreement,0.43677592556475553,0.8666666666666665
heteroscedastic,1,0.1,0.1,predictivity,acquisition_overlap,0.43677592556475553,0.7217429126939475
heteroscedastic,1,0.1,0.1,predictivity,eu_group0,0.43677592556475553,0.6484848484848483
heteroscedastic,1,0.1,0.1,predictivity,eu_group1,0.43677592556475553,0.9151515151515152
heteroscedastic,1,0.1,0.1,predictivity,eu_id,0.43677592556475553,0.8303030303030302
heteroscedastic,1,0.1,0.1,predictivity,eu_heldout,0.43677592556475553,0.49090909090909085
heteroscedastic,1,0.1,0.1,cca_type,eu_agreement,1.303889662906954e-08,0.8909090909090909
heteroscedastic,1,0.1,0.1,cca_type,acquisition_overlap,1.303889662906954e-08,0.7584417048648262
heteroscedastic,1,0.1,0.1,cca_type,eu_group0,1.303889662906954e-08,0.8060606060606059
heteroscedastic,1,0.1,0.1,cca_type,eu_group1,1.303889662906954e-08,0.9030303030303028
heteroscedastic,1,0.1,0.1,cca_type,eu_id,1.303889662906954e-08,0.8666666666666665
heteroscedastic,1,0.1,0.1,cca_type,eu_heldout,1.303889662906954e-08,0.13939393939393938
heteroscedastic,1,0.1,0.1,smoother_001,eu_agreement,0.05389484210977746,0.8909090909090909
heteroscedastic,1,0.1,0.1,smoother_001,acquisition_overlap,0.05389484210977746,0.7584417048648262
heteroscedastic,1,0.1,0.1,smoother_001,eu_group0,0.05389484210977746,0.8060606060606059
heteroscedastic,1,0.1,0.1,smoother_001,eu_group1,0.05389484210977746,0.9030303030303028
heteroscedastic,1,0.1,0.1,smoother_001,eu_id,0.05389484210977746,0.8666666666666665
heteroscedastic,1,0.1,0.1,smoother_001,eu_heldout,0.05389484210977746,0.13939393939393938
heteroscedastic,1,0.1,0.1,smoother_1,eu_agreement,0.19449129722155856,0.8909090909090909
heteroscedastic,1,0.1,0.1,smoother_1,acquisition_overlap,0.19449129722155856,0.697277051246695
heteroscedastic,1,0.1,0.1,smoother_1,eu_group0,0.19449129722155856,0.8303030303030302
heteroscedastic,1,0.1,0.1,smoother_1,eu_group1,0.19449129722155856,0.9151515151515152
heteroscedastic,1,0.1,0.1,smoother_1,eu_id,0.19449129722155856,0.8787878787878788
heteroscedastic,1,0.1,0.1,smoother_1,eu_heldout,0.19449129722155856,0.11515151515151514
heteroscedastic,1,0.1,0.25,cka,eu_agreement,0.5338367740077932,0.9393939393939393
heteroscedastic,1,0.1,0.25,cka,acquisition_overlap,0.5338367740077932,0.6116465361813115
heteroscedastic,1,0.1,0.25,cka,eu_group0,0.5338367740077932,0.6363636363636362
heteroscedastic,1,0.1,0.25,cka,eu_group1,0.5338367740077932,0.9757575757575757
heteroscedastic,1,0.1,0.25,cka,eu_id,0.5338367740077932,0.9393939393939393
heteroscedastic,1,0.1,0.25,cka,eu_heldout,0.5338367740077932,0.6121212121212121
heteroscedastic,1,0.1,0.25,mknn,eu_agreement,0.3371794871794872,0.9272727272727272
heteroscedastic,1,0.1,0.25,mknn,acquisition_overlap,0.3371794871794872,0.5688312786486196
heteroscedastic,1,0.1,0.25,mknn,eu_group0,0.3371794871794872,0.6484848484848483
heteroscedastic,1,0.1,0.25,mknn,eu_group1,0.3371794871794872,0.9636363636363635
heteroscedastic,1,0.1,0.25,mknn,eu_id,0.3371794871794872,0.9272727272727272
heteroscedastic,1,0.1,0.25,mknn,eu_heldout,0.3371794871794872,0.5757575757575757
heteroscedastic,1,0.1,0.25,predictivity,eu_agreement,0.43677592556475553,0.8303030303030302
heteroscedastic,1,0.1,0.25,predictivity,acquisition_overlap,0.43677592556475553,0.697277051246695
heteroscedastic,1,0.1,0.25,predictivity,eu_group0,0.43677592556475553,0.5393939393939393
heteroscedastic,1,0.1,0.25,predictivity,eu_group1,0.43677592556475553,0.8909090909090909
heteroscedastic,1,0.1,0.25,predictivity,eu_id,0.43677592556475553,0.8303030303030302
heteroscedastic,1,0.1,0.25,predictivity,eu_heldout,0.43677592556475553,0.7818181818181817
heteroscedastic,1,0.1,0.25,cca_type,eu_agreement,1.303889662906954e-08,0.8666666666666665
heteroscedastic,1,0.1,0.25,cca_type,acquisition_overlap,1.303889662906954e-08,0.703393516608508
heteroscedastic,1,0.1,0.25,cca_type,eu_group0,1.303889662906954e-08,0.6727272727272726
heteroscedastic,1,0.1,0.25,cca_type,eu_group1,1.303889662906954e-08,0.8666666666666665
heteroscedastic,1,0.1,0.25,cca_type,eu_id,1.303889662906954e-08,0.8666666666666665
heteroscedastic,1,0.1,0.25,cca_type,eu_heldout,1.303889662906954e-08,0.32121212121212117
heteroscedastic,1,0.1,0.25,smoother_001,eu_agreement,0.05389484210977746,0.8666666666666665
heteroscedastic,1,0.1,0.25,smoother_001,acquisition_overlap,0.05389484210977746,0.703393516608508
heteroscedastic,1,0.1,0.25,smoother_001,eu_group0,0.05389484210977746,0.6727272727272726
heteroscedastic,1,0.1,0.25,smoother_001,eu_group1,0.05389484210977746,0.8666666666666665
heteroscedastic,1,0.1,0.25,smoother_001,eu_id,0.05389484210977746,0.8666666666666665
heteroscedastic,1,0.1,0.25,smoother_001,eu_heldout,0.05389484210977746,0.32121212121212117
heteroscedastic,1,0.1,0.25,smoother_1,eu_agreement,0.19449129722155856,0.8787878787878788
heteroscedastic,1,0.1,0.25,smoother_1,acquisition_overlap,0.19449129722155856,0.6361123976285639
heteroscedastic,1,0.1,0.25,smoother_1,eu_group0,0.19449129722155856,0.7454545454545454
heteroscedastic,1,0.1,0.25,smoother_1,eu_group1,0.19449129722155856,0.9151515151515152
heteroscedastic,1,0.1,0.25,smoother_1,eu_id,0.19449129722155856,0.8787878787878788
heteroscedastic,1,0.1,0.25,smoother_1,eu_heldout,0.19449129722155856,0.35757575757575755
heteroscedastic,1,0.1,1.0,cka,eu_agreement,0.5338367740077932,0.9393939393939393
heteroscedastic,1,0.1,1.0,cka,acquisition_overlap,0.5338367740077932,0.8589603667957882
heteroscedastic,1,0.1,1.0,cka,eu_group0,0.5338367740077932,0.6242424242424242
heteroscedastic,1,0.1,1.0,cka,eu_group1,0.5338367740077932,0.9757575757575757
heteroscedastic,1,0.1,1.0,cka,eu_id,0.5338367740077932,0.8909090909090909
heteroscedastic,1,0.1,1.0,cka,eu_heldout,0.5338367740077932,0.6363636363636362
heteroscedastic,1,0.1,1.0,mknn,eu_agreement,0.3371794871794872,0.9272727272727272
heteroscedastic,1,0.1,1.0,mknn,acquisition_overlap,0.3371794871794872,0.8405540732215928
heteroscedastic,1,0.1,1.0,mknn,eu_group0,0.3371794871794872,0.6363636363636362
heteroscedastic,1,0.1,1.0,mknn,eu_group1,0.3371794871794872,0.9636363636363635
heteroscedastic,1,0.1,1.0,mknn,eu_id,0.3371794871794872,0.8787878787878788
heteroscedastic,1,0.1,1.0,mknn,eu_heldout,0.3371794871794872,0.6242424242424242
heteroscedastic,1,0.1,1.0,predictivity,eu_agreement,0.43677592556475553,0.8666666666666665
heteroscedastic,1,0.1,1.0,predictivity,acquisition_overlap,0.43677592556475553,0.8528249356043897
heteroscedastic,1,0.1,1.0,predictivity,eu_group0,0.43677592556475553,0.5636363636363636
heteroscedastic,1,0.1,1.0,predictivity,eu_group1,0.43677592556475553,0.8909090909090909
heteroscedastic,1,0.1,1.0,predictivity,eu_id,0.43677592556475553,0.8303030303030302
heteroscedastic,1,0.1,1.0,predictivity,eu_heldout,0.43677592556475553,0.8181818181818182
heteroscedastic,1,0.1,1.0,cca_type,eu_agreement,1.303889662906954e-08,0.7939393939393938
heteroscedastic,1,0.1,1.0,cca_type,acquisition_overlap,1.303889662906954e-08,0.7485226053506155
heteroscedastic,1,0.1,1.0,cca_type,eu_group0,1.303889662906954e-08,0.6121212121212121
heteroscedastic,1,0.1,1.0,cca_type,eu_group1,1.303889662906954e-08,0.8666666666666665
heteroscedastic,1,0.1,1.0,cca_type,eu_id,1.303889662906954e-08,0.7575757575757575
heteroscedastic,1,0.1,1.0,cca_type,eu_heldout,1.303889662906954e-08,0.38181818181818183
heteroscedastic,1,0.1,1.0,smoother_001,eu_agreement,0.05389484210977746,0.7939393939393938
heteroscedastic,1,0.1,1.0,smoother_001,acquisition_overlap,0.05389484210977746,0.7485226053506155
heteroscedastic,1,0.1,1.0,smoother_001,eu_group0,0.05389484210977746,0.6121212121212121
heteroscedastic,1,0.1,1.0,smoother_001,eu_group1,0.05389484210977746,0.8666666666666665
heteroscedastic,1,0.1,1.0,smoother_001,eu_id,0.05389484210977746,0.7575757575757575
heteroscedastic,1,0.1,1.0,smoother_001,eu_heldout,0.05389484210977746,0.38181818181818183
heteroscedastic,1,0.1,1.0,smoother_1,eu_agreement,0.19449129722155856,0.8424242424242423
heteroscedastic,1,0.1,1.0,smoother_1,acquisition_overlap,0.19449129722155856,0.8528249356043897
heteroscedastic,1,0.1,1.0,smoother_1,eu_group0,0.19449129722155856,0.6969696969696969
heteroscedastic,1,0.1,1.0,smoother_1,eu_group1,0.19449129722155856,0.9151515151515152
heteroscedastic,1,0.1,1.0,smoother_1,eu_id,0.19449129722155856,0.7696969696969697
heteroscedastic,1,0.1,1.0,smoother_1,eu_heldout,0.19449129722155856,0.43030303030303024
heteroscedastic,1,1.0,0.1,cka,eu_agreement,0.5338367740077932,0.9515151515151514
heteroscedastic,1,1.0,0.1,cka,acquisition_overlap,0.5338367740077932,0.6911605858848819
heteroscedastic,1,1.0,0.1,cka,eu_group0,0.5338367740077932,0.709090909090909
heteroscedastic,1,1.0,0.1,cka,eu_group1,0.5338367740077932,0.9757575757575757
heteroscedastic,1,1.0,0.1,cka,eu_id,0.5338367740077932,0.9393939393939393
heteroscedastic,1,1.0,0.1,cka,eu_heldout,0.5338367740077932,0.19999999999999998
heteroscedastic,1,1.0,0.1,mknn,eu_agreement,0.3371794871794872,0.9393939393939393
heteroscedastic,1,1.0,0.1,mknn,acquisition_overlap,0.3371794871794872,0.642228862990377
heteroscedastic,1,1.0,0.1,mknn,eu_group0,0.3371794871794872,0.7212121212121211
heteroscedastic,1,1.0,0.1,mknn,eu_group1,0.3371794871794872,0.9636363636363635
heteroscedastic,1,1.0,0.1,mknn,eu_id,0.3371794871794872,0.9272727272727272
heteroscedastic,1,1.0,0.1,mknn,eu_heldout,0.3371794871794872,0.16363636363636364
heteroscedastic,1,1.0,0.1,predictivity,eu_agreement,0.43677592556475553,0.8666666666666665
heteroscedastic,1,1.0,0.1,predictivity,acquisition_overlap,0.43677592556475553,0.7156264473321343
heteroscedastic,1,1.0,0.1,predictivity,eu_group0,0.43677592556475553,0.6484848484848483
heteroscedastic,1,1.0,0.1,predictivity,eu_group1,0.43677592556475553,0.9151515151515152
heteroscedastic,1,1.0,0.1,predictivity,eu_id,0.43677592556475553,0.8303030303030302
heteroscedastic,1,1.0,0.1,predictivity,eu_heldout,0.43677592556475553,0.4666666666666666
heteroscedastic,1,1.0,0.1,cca_type,eu_agreement,1.303889662906954e-08,0.8909090909090909
heteroscedastic,1,1.0,0.1,cca_type,acquisition_overlap,1.303889662906954e-08,0.7462087741411999
heteroscedastic,1,1.0,0.1,cca_type,eu_group0,1.303889662906954e-08,0.8060606060606059
heteroscedastic,1,1.0,0.1,cca_type,eu_group1,1.303889662906954e-08,0.9030303030303028
heteroscedastic,1,1.0,0.1,cca_type,eu_id,1.303889662906954e-08,0.8666666666666665
heteroscedastic,1,1.0,0.1,cca_type,eu_heldout,1.303889662906954e-08,0.11515151515151514
heteroscedastic,1,1.0,0.1,smoother_001,eu_agreement,0.05389484210977746,0.8909090909090909
heteroscedastic,1,1.0,0.1,smoother_001,acquisition_overlap,0.05389484210977746,0.7462087741411999
heteroscedastic,1,1.0,0.1,smoother_001,eu_group0,0.05389484210977746,0.8060606060606059
heteroscedastic,1,1.0,0.1,smoother_001,eu_group1,0.05389484210977746,0.9030303030303028
heteroscedastic,1,1.0,0.1,smoother_001,eu_id,0.05389484210977746,0.8666666666666665
heteroscedastic,1,1.0,0.1,smoother_001,eu_heldout,0.05389484210977746,0.11515151515151514
heteroscedastic,1,1.0,0.1,smoother_1,eu_agreement,0.19449129722155856,0.8909090909090909
heteroscedastic,1,1.0,0.1,smoother_1,acquisition_overlap,0.19449129722155856,0.6850441205230687
heteroscedastic,1,1.0,0.1,smoother_1,eu_group0,0.19449129722155856,0.8303030303030302
heteroscedastic,1,1.0,0.1,smoother_1,eu_group1,0.19449129722155856,0.9151515151515152
heteroscedastic,1,1.0,0.1,smoother_1,eu_id,0.19449129722155856,0.8787878787878788
heteroscedastic,1,1.0,0.1,smoother_1,eu_heldout,0.19449129722155856,0.07878787878787878
heteroscedastic,1,1.0,0.25,cka,eu_agreement,0.5338367740077932,0.9393939393939393
heteroscedastic,1,1.0,0.25,cka,acquisition_overlap,0.5338367740077932,0.6359115168116126
heteroscedastic,1,1.0,0.25,cka,eu_group0,0.5338367740077932,0.6363636363636362
heteroscedastic,1,1.0,0.25,cka,eu_group1,0.5338367740077932,0.9757575757575757
heteroscedastic,1,1.0,0.25,cka,eu_id,0.5338367740077932,0.9393939393939393
heteroscedastic,1,1.0,0.25,cka,eu_heldout,0.5338367740077932,0.6
heteroscedastic,1,1.0,0.25,mknn,eu_agreement,0.3371794871794872,0.9272727272727272
heteroscedastic,1,1.0,0.25,mknn,acquisition_overlap,0.3371794871794872,0.5988681274827808
heteroscedastic,1,1.0,0.25,mknn,eu_group0,0.3371794871794872,0.6484848484848483
heteroscedastic,1,1.0,0.25,mknn,eu_group1,0.3371794871794872,0.9636363636363635
heteroscedastic,1,1.0,0.25,mknn,eu_id,0.3371794871794872,0.9272727272727272
heteroscedastic,1,1.0,0.25,mknn,eu_heldout,0.3371794871794872,0.5636363636363636
heteroscedastic,1,1.0,0.25,predictivity,eu_agreement,0.43677592556475553,0.8303030303030302
heteroscedastic,1,1.0,0.25,predictivity,acquisition_overlap,0.43677592556475553,0.7223460919122202
heteroscedastic,1,1.0,0.25,predictivity,eu_group0,0.43677592556475553,0.5393939393939393
heteroscedastic,1,1.0,0.25,predictivity,eu_group1,0.43677592556475553,0.8909090909090909
heteroscedastic,1,1.0,0.25,predictivity,eu_id,0.43677592556475553,0.8303030303030302
heteroscedastic,1,1.0,0.25,predictivity,eu_heldout,0.43677592556475553,0.7696969696969697
heteroscedastic,1,1.0,0.25,cca_type,eu_agreement,1.303889662906954e-08,0.8666666666666665
heteroscedastic,1,1.0,0.25,cca_type,acquisition_overlap,1.303889662906954e-08,0.6976504990263324
heteroscedastic,1,1.0,0.25,cca_type,eu_group0,1.303889662906954e-08,0.6727272727272726
heteroscedastic,1,1.0,0.25,cca_type,eu_group1,1.303889662906954e-08,0.8666666666666665
heteroscedastic,1,1.0,0.25,cca_type,eu_id,1.303889662906954e-08,0.8666666666666665
heteroscedastic,1,1.0,0.25,cca_type,eu_heldout,1.303889662906954e-08,0.33333333333333326
heteroscedastic,1,1.0,0.25,smoother_001,eu_agreement,0.05389484210977746,0.8666666666666665
heteroscedastic,1,1.0,0.25,smoother_001,acquisition_overlap,0.05389484210977746,0.6976504990263324
heteroscedastic,1,1.0,0.25,smoother_001,eu_group0,0.05389484210977746,0.6727272727272726
heteroscedastic,1,1.0,0.25,smoother_001,eu_group1,0.05389484210977746,0.8666666666666665
heteroscedastic,1,1.0,0.25,smoother_001,eu_id,0.05389484210977746,0.8666666666666665
heteroscedastic,1,1.0,0.25,smoother_001,eu_heldout,0.05389484210977746,0.33333333333333326
heteroscedastic,1,1.0,0.25,smoother_1,eu_agreement,0.19449129722155856,0.8787878787878788
heteroscedastic,1,1.0,0.25,smoother_1,acquisition_overlap,0.19449129722155856,0.6606071096975006
heteroscedastic,1,1.0,0.25,smoother_1,eu_group0,0.19449129722155856,0.7454545454545454
heteroscedastic,1,1.0,0.25,smoother_1,eu_group1,0.19449129722155856,0.9151515151515152
heteroscedastic,1,1.0,0.25,smoother_1,eu_id,0.19449129722155856,0.8787878787878788
heteroscedastic,1,1.0,0.25,smoother_1,eu_heldout,0.19449129722155856,0.34545454545454546
heteroscedastic,1,1.0,1.0,cka,eu_agreement,0.5338367740077932,0.9272727272727272
heteroscedastic,1,1.0,1.0,cka,acquisition_overlap,0.5338367740077932,0.8510677611520905
heteroscedastic,1,1.0,1.0,cka,eu_group0,0.5338367740077932,0.6242424242424242
heteroscedastic,1,1.0,1.0,cka,eu_group1,0.5338367740077932,0.9757575757575757
heteroscedastic,1,1.0,1.0,cka,eu_id,0.5338367740077932,0.8909090909090909
heteroscedastic,1,1.0,1.0,cka,eu_heldout,0.5338367740077932,0.7212121212121211
heteroscedastic,1,1.0,1.0,mknn,eu_agreement,0.3371794871794872,0.9151515151515152
heteroscedastic,1,1.0,1.0,mknn,acquisition_overlap,0.3371794871794872,0.8267515394048879
heteroscedastic,1,1.0,1.0,mknn,eu_group0,0.3371794871794872,0.6484848484848483
heteroscedastic,1,1.0,1.0,mknn,eu_group1,0.3371794871794872,0.9636363636363635
heteroscedastic,1,1.0,1.0,mknn,eu_id,0.3371794871794872,0.8787878787878788
heteroscedastic,1,1.0,1.0,mknn,eu_heldout,0.3371794871794872,0.709090909090909
heteroscedastic,1,1.0,1.0,predictivity,eu_agreement,0.43677592556475553,0.8545454545454544
heteroscedastic,1,1.0,1.0,predictivity,acquisition_overlap,0.43677592556475553,0.8753839828992931
heteroscedastic,1,1.0,1.0,predictivity,eu_group0,0.43677592556475553,0.5878787878787878
heteroscedastic,1,1.0,1.0,predictivity,eu_group1,0.43677592556475553,0.8909090909090909
heteroscedastic,1,1.0,1.0,predictivity,eu_id,0.43677592556475553,0.8303030303030302
heteroscedastic,1,1.0,1.0,predictivity,eu_heldout,0.43677592556475553,0.8666666666666665
heteroscedastic,1,1.0,1.0,cca_type,eu_agreement,1.303889662906954e-08,0.8060606060606059
heteroscedastic,1,1.0,1.0,cca_type,acquisition_overlap,1.303889662906954e-08,0.7234075969792769
heteroscedastic,1,1.0,1.0,cca_type,eu_group0,1.303889662906954e-08,0.6
heteroscedastic,1,1.0,1.0,cca_type,eu_group1,1.303889662906954e-08,0.8666666666666665
heteroscedastic,1,1.0,1.0,cca_type,eu_id,1.303889662906954e-08,0.7575757575757575
heteroscedastic,1,1.0,1.0,cca_type,eu_heldout,1.303889662906954e-08,0.5151515151515151
heteroscedastic,1,1.0,1.0,smoother_001,eu_agreement,0.05389484210977746,0.8060606060606059
heteroscedastic,1,1.0,1.0,smoother_001,acquisition_overlap,0.05389484210977746,0.7234075969792769
heteroscedastic,1,1.0,1.0,smoother_001,eu_group0,0.05389484210977746,0.6
heteroscedastic,1,1.0,1.0,smoother_001,eu_group1,0.05389484210977746,0.8666666666666665
heteroscedastic,1,1.0,1.0,smoother_001,eu_id,0.05389484210977746,0.7575757575757575
heteroscedastic,1,1.0,1.0,smoother_001,eu_heldout,0.05389484210977746,0.5151515151515151
heteroscedastic,1,1.0,1.0,smoother_1,eu_agreement,0.19449129722155856,0.8303030303030302
heteroscedastic,1,1.0,1.0,smoother_1,acquisition_overlap,0.19449129722155856,0.8267515394048879
heteroscedastic,1,1.0,1.0,smoother_1,eu_group0,0.19449129722155856,0.6727272727272726
heteroscedastic,1,1.0,1.0,smoother_1,eu_group1,0.19449129722155856,0.9151515151515152
heteroscedastic,1,1.0,1.0,smoother_1,eu_id,0.19449129722155856,0.7696969696969697
heteroscedastic,1,1.0,1.0,smoother_1,eu_heldout,0.19449129722155856,0.5636363636363636
heteroscedastic,1,10.0,0.1,cka,eu_agreement,0.5338367740077932,0.9515151515151514
heteroscedastic,1,10.0,0.1,cka,acquisition_overlap,0.5338367740077932,0.6911605858848819
heteroscedastic,1,10.0,0.1,cka,eu_group0,0.5338367740077932,0.709090909090909
heteroscedastic,1,10.0,0.1,cka,eu_group1,0.5338367740077932,0.9757575757575757
heteroscedastic,1,10.0,0.1,cka,eu_id,0.5338367740077932,0.9393939393939393
heteroscedastic,1,10.0,0.1,cka,eu_heldout,0.5338367740077932,0.19999999999999998
heteroscedastic,1,10.0,0.1,mknn,eu_agreement,0.3371794871794872,0.9393939393939393
heteroscedastic,1,10.0,0.1,mknn,acquisition_overlap,0.3371794871794872,0.642228862990377
heteroscedastic,1,10.0,0.1,mknn,eu_group0,0.3371794871794872,0.7212121212121211
heteroscedastic,1,10.0,0.1,mknn,eu_group1,0.3371794871794872,0.9636363636363635
heteroscedastic,1,10.0,0.1,mknn,eu_id,0.3371794871794872,0.9272727272727272
heteroscedastic,1,10.0,0.1,mknn,eu_heldout,0.3371794871794872,0.16363636363636364
heteroscedastic,1,10.0,0.1,predictivity,eu_agreement,0.43677592556475553,0.8666666666666665
heteroscedastic,1,10.0,0.1,predictivity,acquisition_overlap,0.43677592556475553,0.7156264473321343
heteroscedastic,1,10.0,0.1,predictivity,eu_group0,0.43677592556475553,0.6484848484848483
heteroscedastic,1,10.0,0.1,predictivity,eu_group1,0.43677592556475553,0.9151515151515152
heteroscedastic,1,10.0,0.1,predictivity,eu_id,0.43677592556475553,0.8303030303030302
heteroscedastic,1,10.0,0.1,predictivity,eu_heldout,0.43677592556475553,0.4666666666666666
heteroscedastic,1,10.0,0.1,cca_type,eu_agreement,1.303889662906954e-08,0.8909090909090909
heteroscedastic,1,10.0,0.1,cca_type,acquisition_overlap,1.303889662906954e-08,0.7462087741411999
heteroscedastic,1,10.0,0.1,cca_type,eu_group0,1.303889662906954e-08,0.8060606060606059
heteroscedastic,1,10.0,0.1,cca_type,eu_group1,1.303889662906954e-08,0.9030303030303028
heteroscedastic,1,10.0,0.1,cca_type,eu_id,1.303889662906954e-08,0.8666666666666665
heteroscedastic,1,10.0,0.1,cca_type,eu_heldout,1.303889662906954e-08,0.11515151515151514
heteroscedastic,1,10.0,0.1,smoother_001,eu_agreement,0.05389484210977746,0.8909090909090909
heteroscedastic,1,10.0,0.1,smoother_001,acquisition_overlap,0.05389484210977746,0.7462087741411999
heteroscedastic,1,10.0,0.1,smoother_001,eu_group0,0.05389484210977746,0.8060606060606059
heteroscedastic,1,10.0,0.1,smoother_001,eu_group1,0.05389484210977746,0.9030303030303028
heteroscedastic,1,10.0,0.1,smoother_001,eu_id,0.05389484210977746,0.8666666666666665
heteroscedastic,1,10.0,0.1,smoother_001,eu_heldout,0.05389484210977746,0.11515151515151514
heteroscedastic,1,10.0,0.1,smoother_1,eu_agreement,0.19449129722155856,0.8909090909090909
heteroscedastic,1,10.0,0.1,smoother_1,acquisition_overlap,0.19449129722155856,0.6850441205230687
heteroscedastic,1,10.0,0.1,smoother_1,eu_group0,0.19449129722155856,0.8303030303030302
heteroscedastic,1,10.0,0.1,smoother_1,eu_group1,0.19449129722155856,0.9151515151515152
heteroscedastic,1,10.0,0.1,smoother_1,eu_id,0.19449129722155856,0.8787878787878788
heteroscedastic,1,10.0,0.1,smoother_1,eu_heldout,0.19449129722155856,0.07878787878787878
heteroscedastic,1,10.0,0.25,cka,eu_agreement,0.5338367740077932,0.9393939393939393
heteroscedastic,1,10.0,0.25,cka,acquisition_overlap,0.5338367740077932,0.6359115168116126
heteroscedastic,1,10.0,0.25,cka,eu_group0,0.5338367740077932,0.6363636363636362
heteroscedastic,1,10.0,0.25,cka,eu_group1,0.5338367740077932,0.9757575757575757
heteroscedastic,1,10.0,0.25,cka,eu_id,0.5338367740077932,0.9393939393939393
heteroscedastic,1,10.0,0.25,cka,eu_heldout,0.5338367740077932,0.6
heteroscedastic,1,10.0,0.25,mknn,eu_agreement,0.3371794871794872,0.9272727272727272
heteroscedastic,1,10.0,0.25,mknn,acquisition_overlap,0.3371794871794872,0.5988681274827808
heteroscedastic,1,10.0,0.25,mknn,eu_group0,0.3371794871794872,0.6484848484848483
heteroscedastic,1,10.0,0.25,mknn,eu_group1,0.3371794871794872,0.9636363636363635
heteroscedastic,1,10.0,0.25,mknn,eu_id,0.3371794871794872,0.9272727272727272
heteroscedastic,1,10.0,0.25,mknn,eu_heldout,0.3371794871794872,0.5636363636363636
heteroscedastic,1,10.0,0.25,predictivity,eu_agreement,0.43677592556475553,0.8303030303030302
heteroscedastic,1,10.0,0.25,predictivity,acquisition_overlap,0.43677592556475553,0.7223460919122202
heteroscedastic,1,10.0,0.25,predictivity,eu_group0,0.43677592556475553,0.5393939393939393
heteroscedastic,1,10.0,0.25,predictivity,eu_group1,0.43677592556475553,0.8909090909090909
heteroscedastic,1,10.0,0.25,predictivity,eu_id,0.43677592556475553,0.8303030303030302
heteroscedastic,1,10.0,0.25,predictivity,eu_heldout,0.43677592556475553,0.7696969696969697
heteroscedastic,1,10.0,0.25,cca_type,eu_agreement,1.303889662906954e-08,0.8666666666666665
heteroscedastic,1,10.0,0.25,cca_type,acquisition_overlap,1.303889662906954e-08,0.6976504990263324
heteroscedastic,1,10.0,0.25,cca_type,eu_group0,1.303889662906954e-08,0.6727272727272726
heteroscedastic,1,10.0,0.25,cca_type,eu_group1,1.303889662906954e-08,0.8666666666666665
heteroscedastic,1,10.0,0.25,cca_type,eu_id,1.303889662906954e-08,0.8666666666666665
heteroscedastic,1,10.0,0.25,cca_type,eu_heldout,1.303889662906954e-08,0.33333333333333326
heteroscedastic,1,10.0,0.25,smoother_001,eu_agreement,0.05389484210977746,0.8666666666666665
heteroscedastic,1,10.0,0.25,smoother_001,acquisition_overlap,0.05389484210977746,0.6976504990263324
heteroscedastic,1,10.0,0.25,smoother_001,eu_group0,0.05389484210977746,0.6727272727272726
heteroscedastic,1,10.0,0.25,smoother_001,eu_group1,0.05389484210977746,0.8666666666666665
heteroscedastic,1,10.0,0.25,smoother_001,eu_id,0.05389484210977746,0.8666666666666665
heteroscedastic,1,10.0,0.25,smoother_001,eu_heldout,0.05389484210977746,0.33333333333333326
heteroscedastic,1,10.0,0.25,smoother_1,eu_agreement,0.19449129722155856,0.8787878787878788
heteroscedastic,1,10.0,0.25,smoother_1,acquisition_overlap,0.19449129722155856,0.6606071096975006
heteroscedastic,1,10.0,0.25,smoother_1,eu_group0,0.19449129722155856,0.7454545454545454
heteroscedastic,1,10.0,0.25,smoother_1,eu_group1,0.19449129722155856,0.9151515151515152
heteroscedastic,1,10.0,0.25,smoother_1,eu_id,0.19449129722155856,0.8787878787878788
heteroscedastic,1,10.0,0.25,smoother_1,eu_heldout,0.19449129722155856,0.34545454545454546
heteroscedastic,1,10.0,1.0,cka,eu_agreement,0.5338367740077932,0.9393939393939393
heteroscedastic,1,10.0,1.0,cka,acquisition_overlap,0.5338367740077932,0.8389096502784891
heteroscedastic,1,10.0,1.0,cka,eu_group0,0.5338367740077932,0.6848484848484848
heteroscedastic,1,10.0,1.0,cka,eu_group1,0.5338367740077932,0.9757575757575757
heteroscedastic,1,10.0,1.0,cka,eu_id,0.5338367740077932,0.9272727272727272
heteroscedastic,1,10.0,1.0,cka,eu_heldout,0.5338367740077932,0.7212121212121211
heteroscedastic,1,10.0,1.0,mknn,eu_agreement,0.3371794871794872,0.9272727272727272
heteroscedastic,1,10.0,1.0,mknn,acquisition_overlap,0.3371794871794872,0.8085143730944859
heteroscedastic,1,10.0,1.0,mknn,eu_group0,0.3371794871794872,0.7333333333333332
heteroscedastic,1,10.0,1.0,mknn,eu_group1,0.3371794871794872,0.9636363636363635
heteroscedastic,1,10.0,1.0,mknn,eu_id,0.3371794871794872,0.9151515151515152
heteroscedastic,1,10.0,1.0,mknn,eu_heldout,0.3371794871794872,0.709090909090909
heteroscedastic,1,10.0,1.0,predictivity,eu_agreement,0.43677592556475553,0.8303030303030302
heteroscedastic,1,10.0,1.0,predictivity,acquisition_overlap,0.43677592556475553,0.8753839828992931
heteroscedastic,1,10.0,1.0,predictivity,eu_group0,0.43677592556475553,0.6363636363636362
heteroscedastic,1,10.0,1.0,predictivity,eu_group1,0.43677592556475553,0.8909090909090909
heteroscedastic,1,10.0,1.0,predictivity,eu_id,0.43677592556475553,0.8545454545454544
heteroscedastic,1,10.0,1.0,predictivity,eu_heldout,0.43677592556475553,0.8666666666666665
heteroscedastic,1,10.0,1.0,cca_type,eu_agreement,1.303889662906954e-08,0.8666666666666665
heteroscedastic,1,10.0,1.0,cca_type,acquisition_overlap,1.303889662906954e-08,0.7416447632896788
heteroscedastic,1,10.0,1.0,cca_type,eu_group0,1.303889662906954e-08,0.5757575757575757
heteroscedastic,1,10.0,1.0,cca_type,eu_group1,1.303889662906954e-08,0.8666666666666665
heteroscedastic,1,10.0,1.0,cca_type,eu_id,1.303889662906954e-08,0.8060606060606059
heteroscedastic,1,10.0,1.0,cca_type,eu_heldout,1.303889662906954e-08,0.5151515151515151
heteroscedastic,1,10.0,1.0,smoother_001,eu_agreement,0.05389484210977746,0.8666666666666665
heteroscedastic,1,10.0,1.0,smoother_001,acquisition_overlap,0.05389484210977746,0.7416447632896788
heteroscedastic,1,10.0,1.0,smoother_001,eu_group0,0.05389484210977746,0.5757575757575757
heteroscedastic,1,10.0,1.0,smoother_001,eu_group1,0.05389484210977746,0.8666666666666665
heteroscedastic,1,10.0,1.0,smoother_001,eu_id,0.05389484210977746,0.8060606060606059
heteroscedastic,1,10.0,1.0,smoother_001,eu_heldout,0.05389484210977746,0.5151515151515151
heteroscedastic,1,10.0,1.0,smoother_1,eu_agreement,0.19449129722155856,0.8787878787878788
heteroscedastic,1,10.0,1.0,smoother_1,acquisition_overlap,0.19449129722155856,0.8267515394048879
heteroscedastic,1,10.0,1.0,smoother_1,eu_group0,0.19449129722155856,0.6606060606060605
heteroscedastic,1,10.0,1.0,smoother_1,eu_group1,0.19449129722155856,0.9151515151515152
heteroscedastic,1,10.0,1.0,smoother_1,eu_id,0.19449129722155856,0.8303030303030302
heteroscedastic,1,10.0,1.0,smoother_1,eu_heldout,0.19449129722155856,0.5636363636363636
heteroscedastic,2,0.1,0.1,cka,eu_agreement,0.5332136491323947,0.9515151515151514
heteroscedastic,2,0.1,0.1,cka,acquisition_overlap,0.5332136491323947,0.6462303276414968
heteroscedastic,2,0.1,0.1,cka,eu_group0,0.5332136491323947,0.8787878787878788
heteroscedastic,2,0.1,0.1,cka,eu_group1,0.5332136491323947,0.9757575757575757
heteroscedastic,2,0.1,0.1,cka,eu_id,0.5332136491323947,0.9515151515151514
heteroscedastic,2,0.1,0.1,cka,eu_heldout,0.5332136491323947,0.41818181818181815
heteroscedastic,2,0.1,0.1,mknn,eu_agreement,0.354029304029304,0.9393939393939393
heteroscedastic,2,0.1,0.1,mknn,acquisition_overlap,0.354029304029304,0.5969937312497637
heteroscedastic,2,0.1,0.1,mknn,eu_group0,0.354029304029304,0.8909090909090909
heteroscedastic,2,0.1,0.1,mknn,eu_group1,0.354029304029304,0.9636363636363635
heteroscedastic,2,0.1,0.1,mknn,eu_id,0.354029304029304,0.9393939393939393
heteroscedastic,2,0.1,0.1,mknn,eu_heldout,0.354029304029304,0.38181818181818183
heteroscedastic,2,0.1,0.1,predictivity,eu_agreement,0.46050625130292044,0.8666666666666665
heteroscedastic,2,0.1,0.1,predictivity,acquisition_overlap,0.46050625130292044,0.7077760731311632
heteroscedastic,2,0.1,0.1,predictivity,eu_group0,0.46050625130292044,0.7454545454545454
heteroscedastic,2,0.1,0.1,predictivity,eu_group1,0.46050625130292044,0.8909090909090909
heteroscedastic,2,0.1,0.1,predictivity,eu_id,0.46050625130292044,0.8424242424242423
heteroscedastic,2,0.1,0.1,predictivity,eu_heldout,0.46050625130292044,0.6848484848484848
heteroscedastic,2,0.1,0.1,cca_type,eu_agreement,1.1649921805023666e-08,0.8909090909090909
heteroscedastic,2,0.1,0.1,cca_type,acquisition_overlap,1.1649921805023666e-08,0.6523849021904634
heteroscedastic,2,0.1,0.1,cca_type,eu_group0,1.1649921805023666e-08,0.9272727272727272
heteroscedastic,2,0.1,0.1,cca_type,eu_group1,1.1649921805023666e-08,0.8666666666666665
heteroscedastic,2,0.1,0.1,cca_type,eu_id,1.1649921805023666e-08,0.8545454545454544
heteroscedastic,2,0.1,0.1,cca_type,eu_heldout,1.1649921805023666e-08,0.18787878787878787
heteroscedastic,2,0.1,0.1,smoother_001,eu_agreement,0.05320452778728235,0.8909090909090909
heteroscedastic,2,0.1,0.1,smoother_001,acquisition_overlap,0.05320452778728235,0.6523849021904634
heteroscedastic,2,0.1,0.1,smoother_001,eu_group0,0.05320452778728235,0.9272727272727272
heteroscedastic,2,0.1,0.1,smoother_001,eu_group1,0.05320452778728235,0.8666666666666665
heteroscedastic,2,0.1,0.1,smoother_001,eu_id,0.05320452778728235,0.8545454545454544
heteroscedastic,2,0.1,0.1,smoother_001,eu_heldout,0.05320452778728235,0.18787878787878787
heteroscedastic,2,0.1,0.1,smoother_1,eu_agreement,0.19532243092103607,0.9272727272727272
heteroscedastic,2,0.1,0.1,smoother_1,acquisition_overlap,0.19532243092103607,0.6831577749352966
heteroscedastic,2,0.1,0.1,smoother_1,eu_group0,0.19532243092103607,0.9393939393939393
heteroscedastic,2,0.1,0.1,smoother_1,eu_group1,0.19532243092103607,0.9515151515151514
heteroscedastic,2,0.1,0.1,smoother_1,eu_id,0.19532243092103607,0.9272727272727272
heteroscedastic,2,0.1,0.1,smoother_1,eu_heldout,0.19532243092103607,0.32121212121212117
heteroscedastic,2,0.1,0.25,cka,eu_agreement,0.5332136491323947,0.9393939393939393
heteroscedastic,2,0.1,0.25,cka,acquisition_overlap,0.5332136491323947,0.6626170426112704
heteroscedastic,2,0.1,0.25,cka,eu_group0,0.5332136491323947,0.8181818181818182
heteroscedastic,2,0.1,0.25,cka,eu_group1,0.5332136491323947,0.9757575757575757
heteroscedastic,2,0.1,0.25,cka,eu_id,0.5332136491323947,0.9393939393939393
heteroscedastic,2,0.1,0.25,cka,eu_heldout,0.5332136491323947,0.5878787878787878
heteroscedastic,2,0.1,0.25,mknn,eu_agreement,0.354029304029304,0.9272727272727272
heteroscedastic,2,0.1,0.25,mknn,acquisition_overlap,0.354029304029304,0.6443798763008685
heteroscedastic,2,0.1,0.25,mknn,eu_group0,0.354029304029304,0.8666666666666665
heteroscedastic,2,0.1,0.25,mknn,eu_group1,0.354029304029304,0.9636363636363635
heteroscedastic,2,0.1,0.25,mknn,eu_id,0.354029304029304,0.9272727272727272
heteroscedastic,2,0.1,0.25,mknn,eu_heldout,0.354029304029304,0.5757575757575757
heteroscedastic,2,0.1,0.25,predictivity,eu_agreement,0.46050625130292044,0.8303030303030302
heteroscedastic,2,0.1,0.25,predictivity,acquisition_overlap,0.46050625130292044,0.790277206784084
heteroscedastic,2,0.1,0.25,predictivity,eu_group0,0.46050625130292044,0.7333333333333332
heteroscedastic,2,0.1,0.25,predictivity,eu_group1,0.46050625130292044,0.8909090909090909
heteroscedastic,2,0.1,0.25,predictivity,eu_id,0.46050625130292044,0.8303030303030302
heteroscedastic,2,0.1,0.25,predictivity,eu_heldout,0.46050625130292044,0.7939393939393938
heteroscedastic,2,0.1,0.25,cca_type,eu_agreement,1.1649921805023666e-08,0.8666666666666665
heteroscedastic,2,0.1,0.25,cca_type,acquisition_overlap,1.1649921805023666e-08,0.6686960980480711
heteroscedastic,2,0.1,0.25,cca_type,eu_group0,1.1649921805023666e-08,0.7939393939393938
heteroscedastic,2,0.1,0.25,cca_type,eu_group1,1.1649921805023666e-08,0.8666666666666665
heteroscedastic,2,0.1,0.25,cca_type,eu_id,1.1649921805023666e-08,0.8666666666666665
heteroscedastic,2,0.1,0.25,cca_type,eu_heldout,1.1649921805023666e-08,0.35757575757575755
heteroscedastic,2,0.1,0.25,smoother_001,eu_agreement,0.05320452778728235,0.8666666666666665
heteroscedastic,2,0.1,0.25,smoother_001,acquisition_overlap,0.05320452778728235,0.6686960980480711
heteroscedastic,2,0.1,0.25,smoother_001,eu_group0,0.05320452778728235,0.7939393939393938
heteroscedastic,2,0.1,0.25,smoother_001,eu_group1,0.05320452778728235,0.8666666666666665
heteroscedastic,2,0.1,0.25,smoother_001,eu_id,0.05320452778728235,0.8666666666666665
heteroscedastic,2,0.1,0.25,smoother_001,eu_heldout,0.05320452778728235,0.35757575757575755
heteroscedastic,2,0.1,0.25,smoother_1,eu_agreement,0.19532243092103607,0.9151515151515152
heteroscedastic,2,0.1,0.25,smoother_1,acquisition_overlap,0.19532243092103607,0.7416447632896788
heteroscedastic,2,0.1,0.25,smoother_1,eu_group0,0.19532243092103607,0.8666666666666665
heteroscedastic,2,0.1,0.25,smoother_1,eu_group1,0.19532243092103607,0.9515151515151514
heteroscedastic,2,0.1,0.25,smoother_1,eu_id,0.19532243092103607,0.9151515151515152
heteroscedastic,2,0.1,0.25,smoother_1,eu_heldout,0.19532243092103607,0.4787878787878787
heteroscedastic,2,0.1,1.0,cka,eu_agreement,0.5332136491323947,0.9515151515151514
heteroscedastic,2,0.1,1.0,cka,acquisition_overlap,0.5332136491323947,0.65853947673943
heteroscedastic,2,0.1,1.0,cka,eu_group0,0.5332136491323947,0.7939393939393938
heteroscedastic,2,0.1,1.0,cka,eu_group1,0.5332136491323947,0.9757575757575757
heteroscedastic,2,0.1,1.0,cka,eu_id,0.5332136491323947,0.9515151515151514
heteroscedastic,2,0.1,1.0,cka,eu_heldout,0.5332136491323947,0.5151515151515151
heteroscedastic,2,0.1,1.0,mknn,eu_agreement,0.354029304029304,0.9393939393939393
heteroscedastic,2,0.1,1.0,mknn,acquisition_overlap,0.354029304029304,0.6154574548966636
heteroscedastic,2,0.1,1.0,mknn,eu_group0,0.354029304029304,0.8181818181818182
heteroscedastic,2,0.1,1.0,mknn,eu_group1,0.354029304029304,0.9636363636363635
heteroscedastic,2,0.1,1.0,mknn,eu_id,0.354029304029304,0.9393939393939393
heteroscedastic,2,0.1,1.0,mknn,eu_heldout,0.354029304029304,0.4787878787878787
heteroscedastic,2,0.1,1.0,predictivity,eu_agreement,0.46050625130292044,0.8424242424242423
heteroscedastic,2,0.1,1.0,predictivity,acquisition_overlap,0.46050625130292044,0.6277666039945968
heteroscedastic,2,0.1,1.0,predictivity,eu_group0,0.46050625130292044,0.6727272727272726
heteroscedastic,2,0.1,1.0,predictivity,eu_group1,0.46050625130292044,0.8909090909090909
heteroscedastic,2,0.1,1.0,predictivity,eu_id,0.46050625130292044,0.8424242424242423
heteroscedastic,2,0.1,1.0,predictivity,eu_heldout,0.46050625130292044,0.7575757575757575
heteroscedastic,2,0.1,1.0,cca_type,eu_agreement,1.1649921805023666e-08,0.8545454545454544
heteroscedastic,2,0.1,1.0,cca_type,acquisition_overlap,1.1649921805023666e-08,0.7877855422677295
heteroscedastic,2,0.1,1.0,cca_type,eu_group0,1.1649921805023666e-08,0.7333333333333332
heteroscedastic,2,0.1,1.0,cca_type,eu_group1,1.1649921805023666e-08,0.8666666666666665
heteroscedastic,2,0.1,1.0,cca_type,eu_id,1.1649921805023666e-08,0.8545454545454544
heteroscedastic,2,0.1,1.0,cca_type,eu_heldout,1.1649921805023666e-08,0.32121212121212117
heteroscedastic,2,0.1,1.0,smoother_001,eu_agreement,0.05320452778728235,0.8545454545454544
heteroscedastic,2,0.1,1.0,smoother_001,acquisition_overlap,0.05320452778728235,0.7877855422677295
heteroscedastic,2,0.1,1.0,smoother_001,eu_group0,0.05320452778728235,0.7333333333333332
heteroscedastic,2,0.1,1.0,smoother_001,eu_group1,0.05320452778728235,0.8666666666666665
heteroscedastic,2,0.1,1.0,smoother_001,eu_id,0.05320452778728235,0.8545454545454544
heteroscedastic,2,0.1,1.0,smoother_001,eu_heldout,0.05320452778728235,0.32121212121212117
heteroscedastic,2,0.1,1.0,smoother_1,eu_agreement,0.19532243092103607,0.9272727272727272
heteroscedastic,2,0.1,1.0,smoother_1,acquisition_overlap,0.19532243092103607,0.7385489458759963
heteroscedastic,2,0.1,1.0,smoother_1,eu_group0,0.19532243092103607,0.8424242424242423
heteroscedastic,2,0.1,1.0,smoother_1,eu_group1,0.19532243092103607,0.9515151515151514
heteroscedastic,2,0.1,1.0,smoother_1,eu_id,0.19532243092103607,0.9272727272727272
heteroscedastic,2,0.1,1.0,smoother_1,eu_heldout,0.19532243092103607,0.406060606060606
heteroscedastic,2,1.0,0.1,cka,eu_agreement,0.5332136491323947,0.9393939393939393
heteroscedastic,2,1.0,0.1,cka,acquisition_overlap,0.5332136491323947,0.6462303276414968
heteroscedastic,2,1.0,0.1,cka,eu_group0,0.5332136491323947,0.8787878787878788
heteroscedastic,2,1.0,0.1,cka,eu_group1,0.5332136491323947,0.9757575757575757
heteroscedastic,2,1.0,0.1,cka,eu_id,0.5332136491323947,0.9515151515151514
heteroscedastic,2,1.0,0.1,cka,eu_heldout,0.5332136491323947,0.41818181818181815
heteroscedastic,2,1.0,0.1,mknn,eu_agreement,0.354029304029304,0.9151515151515152
heteroscedastic,2,1.0,0.1,mknn,acquisition_overlap,0.354029304029304,0.5969937312497637
heteroscedastic,2,1.0,0.1,mknn,eu_group0,0.354029304029304,0.8909090909090909
heteroscedastic,2,1.0,0.1,mknn,eu_group1,0.354029304029304,0.9636363636363635
heteroscedastic,2,1.0,0.1,mknn,eu_id,0.354029304029304,0.9393939393939393
heteroscedastic,2,1.0,0.1,mknn,eu_heldout,0.354029304029304,0.38181818181818183
heteroscedastic,2,1.0,0.1,predictivity,eu_agreement,0.46050625130292044,0.8545454545454544
heteroscedastic,2,1.0,0.1,predictivity,acquisition_overlap,0.46050625130292044,0.7077760731311632
heteroscedastic,2,1.0,0.1,predictivity,eu_group0,0.46050625130292044,0.7454545454545454
heteroscedastic,2,1.0,0.1,predictivity,eu_group1,0.46050625130292044,0.8909090909090909
heteroscedastic,2,1.0,0.1,predictivity,eu_id,0.46050625130292044,0.8424242424242423
heteroscedastic,2,1.0,0.1,predictivity,eu_heldout,0.46050625130292044,0.6848484848484848
heteroscedastic,2,1.0,0.1,cca_type,eu_agreement,1.1649921805023666e-08,0.9272727272727272
heteroscedastic,2,1.0,0.1,cca_type,acquisition_overlap,1.1649921805023666e-08,0.6523849021904634
heteroscedastic,2,1.0,0.1,cca_type,eu_group0,1.1649921805023666e-08,0.9272727272727272
heteroscedastic,2,1.0,0.1,cca_type,eu_group1,1.1649921805023666e-08,0.8666666666666665
heteroscedastic,2,1.0,0.1,cca_type,eu_id,1.1649921805023666e-08,0.8545454545454544
heteroscedastic,2,1.0,0.1,cca_type,eu_heldout,1.1649921805023666e-08,0.18787878787878787
heteroscedastic,2,1.0,0.1,smoother_001,eu_agreement,0.05320452778728235,0.9272727272727272
heteroscedastic,2,1.0,0.1,smoother_001,acquisition_overlap,0.05320452778728235,0.6523849021904634
heteroscedastic,2,1.0,0.1,smoother_001,eu_group0,0.05320452778728235,0.9272727272727272
heteroscedastic,2,1.0,0.1,smoother_001,eu_group1,0.05320452778728235,0.8666666666666665
heteroscedastic,2,1.0,0.1,smoother_001,eu_id,0.05320452778728235,0.8545454545454544
heteroscedastic,2,1.0,0.1,smoother_001,eu_heldout,0.05320452778728235,0.18787878787878787
heteroscedastic,2,1.0,0.1,smoother_1,eu_agreement,0.19532243092103607,0.9515151515151514
heteroscedastic,2,1.0,0.1,smoother_1,acquisition_overlap,0.19532243092103607,0.6831577749352966
heteroscedastic,2,1.0,0.1,smoother_1,eu_group0,0.19532243092103607,0.9393939393939393
heteroscedastic,2,1.0,0.1,smoother_1,eu_group1,0.19532243092103607,0.9515151515151514
heteroscedastic,2,1.0,0.1,smoother_1,eu_id,0.19532243092103607,0.9272727272727272
heteroscedastic,2,1.0,0.1,smoother_1,eu_heldout,0.19532243092103607,0.32121212121212117
heteroscedastic,2,1.0,0.25,cka,eu_agreement,0.5332136491323947,0.9393939393939393
heteroscedastic,2,1.0,0.25,cka,acquisition_overlap,0.5332136491323947,0.6219627819854863
heteroscedastic,2,1.0,0.25,cka,eu_group0,0.5332136491323947,0.8181818181818182
heteroscedastic,2,1.0,0.25,cka,eu_group1,0.5332136491323947,0.9757575757575757
heteroscedastic,2,1.0,0.25,cka,eu_id,0.5332136491323947,0.9393939393939393
heteroscedastic,2,1.0,0.25,cka,eu_heldout,0.5332136491323947,0.5878787878787878
heteroscedastic,2,1.0,0.25,mknn,eu_agreement,0.354029304029304,0.9272727272727272
heteroscedastic,2,1.0,0.25,mknn,acquisition_overlap,0.354029304029304,0.6219627819854863
heteroscedastic,2,1.0,0.25,mknn,eu_group0,0.354029304029304,0.8666666666666665
heteroscedastic,2,1.0,0.25,mknn,eu_group1,0.354029304029304,0.9636363636363635
heteroscedastic,2,1.0,0.25,mknn,eu_id,0.354029304029304,0.9272727272727272
heteroscedastic,2,1.0,0.25,mknn,eu_heldout,0.354029304029304,0.5757575757575757
heteroscedastic,2,1.0,0.25,predictivity,eu_agreement,0.46050625130292044,0.8303030303030302
heteroscedastic,2,1.0,0.25,predictivity,acquisition_overlap,0.46050625130292044,0.7500139429824981
heteroscedastic,2,1.0,0.25,predictivity,eu_group0,0.46050625130292044,0.7333333333333332
heteroscedastic,2,1.0,0.25,predictivity,eu_group1,0.46050625130292044,0.8909090909090909
heteroscedastic,2,1.0,0.25,predictivity,eu_id,0.46050625130292044,0.8303030303030302
heteroscedastic,2,1.0,0.25,predictivity,eu_heldout,0.46050625130292044,0.7939393939393938
heteroscedastic,2,1.0,0.25,cca_type,eu_agreement,1.1649921805023666e-08,0.8666666666666665
heteroscedastic,2,1.0,0.25,cca_type,acquisition_overlap,1.1649921805023666e-08,0.6524511536514415
heteroscedastic,2,1.0,0.25,cca_type,eu_group0,1.1649921805023666e-08,0.7939393939393938
heteroscedastic,2,1.0,0.25,cca_type,eu_group1,1.1649921805023666e-08,0.8666666666666665
heteroscedastic,2,1.0,0.25,cca_type,eu_id,1.1649921805023666e-08,0.8666666666666665
heteroscedastic,2,1.0,0.25,cca_type,eu_heldout,1.1649921805023666e-08,0.35757575757575755
heteroscedastic,2,1.0,0.25,smoother_001,eu_agreement,0.05320452778728235,0.8666666666666665
heteroscedastic,2,1.0,0.25,smoother_001,acquisition_overlap,0.05320452778728235,0.6524511536514415
heteroscedastic,2,1.0,0.25,smoother_001,eu_group0,0.05320452778728235,0.7939393939393938
heteroscedastic,2,1.0,0.25,smoother_001,eu_group1,0.05320452778728235,0.8666666666666665
heteroscedastic,2,1.0,0.25,smoother_001,eu_id,0.05320452778728235,0.8666666666666665
heteroscedastic,2,1.0,0.25,smoother_001,eu_heldout,0.05320452778728235,0.35757575757575755
heteroscedastic,2,1.0,0.25,smoother_1,eu_agreement,0.19532243092103607,0.9151515151515152
heteroscedastic,2,1.0,0.25,smoother_1,acquisition_overlap,0.19532243092103607,0.725623245649734
heteroscedastic,2,1.0,0.25,smoother_1,eu_group0,0.19532243092103607,0.8666666666666665
heteroscedastic,2,1.0,0.25,smoother_1,eu_group1,0.19532243092103607,0.9515151515151514
heteroscedastic,2,1.0,0.25,smoother_1,eu_id,0.19532243092103607,0.9151515151515152
heteroscedastic,2,1.0,0.25,smoother_1,eu_heldout,0.19532243092103607,0.4787878787878787
heteroscedastic,2,1.0,1.0,cka,eu_agreement,0.5332136491323947,0.9515151515151514
heteroscedastic,2,1.0,1.0,cka,acquisition_overlap,0.5332136491323947,0.5292934112111307
heteroscedastic,2,1.0,1.0,cka,eu_group0,0.5332136491323947,0.7818181818181817
heteroscedastic,2,1.0,1.0,cka,eu_group1,0.5332136491323947,0.9757575757575757
heteroscedastic,2,1.0,1.0,cka,eu_id,0.5332136491323947,0.9636363636363635
heteroscedastic,2,1.0,1.0,cka,eu_heldout,0.5332136491323947,0.5757575757575757
heteroscedastic,2,1.0,1.0,mknn,eu_agreement,0.354029304029304,0.9393939393939393
heteroscedastic,2,1.0,1.0,mknn,acquisition_overlap,0.354029304029304,0.4800568148193976
heteroscedastic,2,1.0,1.0,mknn,eu_group0,0.354029304029304,0.8060606060606059
heteroscedastic,2,1.0,1.0,mknn,eu_group1,0.354029304029304,0.9636363636363635
heteroscedastic,2,1.0,1.0,mknn,eu_id,0.354029304029304,0.9515151515151514
heteroscedastic,2,1.0,1.0,mknn,eu_heldout,0.354029304029304,0.5393939393939393
heteroscedastic,2,1.0,1.0,predictivity,eu_agreement,0.46050625130292044,0.8424242424242423
heteroscedastic,2,1.0,1.0,predictivity,acquisition_overlap,0.46050625130292044,0.5169842621131974
heteroscedastic,2,1.0,1.0,predictivity,eu_group0,0.46050625130292044,0.6969696969696969
heteroscedastic,2,1.0,1.0,predictivity,eu_group1,0.46050625130292044,0.8909090909090909
heteroscedastic,2,1.0,1.0,predictivity,eu_id,0.46050625130292044,0.8303030303030302
heteroscedastic,2,1.0,1.0,predictivity,eu_heldout,0.46050625130292044,0.7575757575757575
heteroscedastic,2,1.0,1.0,cca_type,eu_agreement,1.1649921805023666e-08,0.8545454545454544
heteroscedastic,2,1.0,1.0,cca_type,acquisition_overlap,1.1649921805023666e-08,0.6339211785435636
heteroscedastic,2,1.0,1.0,cca_type,eu_group0,1.1649921805023666e-08,0.6727272727272726
heteroscedastic,2,1.0,1.0,cca_type,eu_group1,1.1649921805023666e-08,0.8666666666666665
heteroscedastic,2,1.0,1.0,cca_type,eu_id,1.1649921805023666e-08,0.8303030303030302
heteroscedastic,2,1.0,1.0,cca_type,eu_heldout,1.1649921805023666e-08,0.32121212121212117
heteroscedastic,2,1.0,1.0,smoother_001,eu_agreement,0.05320452778728235,0.8545454545454544
heteroscedastic,2,1.0,1.0,smoother_001,acquisition_overlap,0.05320452778728235,0.6339211785435636
heteroscedastic,2,1.0,1.0,smoother_001,eu_group0,0.05320452778728235,0.6727272727272726
heteroscedastic,2,1.0,1.0,smoother_001,eu_group1,0.05320452778728235,0.8666666666666665
heteroscedastic,2,1.0,1.0,smoother_001,eu_id,0.05320452778728235,0.8303030303030302
heteroscedastic,2,1.0,1.0,smoother_001,eu_heldout,0.05320452778728235,0.32121212121212117
heteroscedastic,2,1.0,1.0,smoother_1,eu_agreement,0.19532243092103607,0.9272727272727272
heteroscedastic,2,1.0,1.0,smoother_1,acquisition_overlap,0.19532243092103607,0.609302880347697
heteroscedastic,2,1.0,1.0,smoother_1,eu_group0,0.19532243092103607,0.8060606060606059
heteroscedastic,2,1.0,1.0,smoother_1,eu_group1,0.19532243092103607,0.9515151515151514
heteroscedastic,2,1.0,1.0,smoother_1,eu_id,0.19532243092103607,0.9151515151515152
heteroscedastic,2,1.0,1.0,smoother_1,eu_heldout,0.19532243092103607,0.43030303030303024
heteroscedastic,2,10.0,0.1,cka,eu_agreement,0.5332136491323947,0.9393939393939393
heteroscedastic,2,10.0,0.1,cka,acquisition_overlap,0.5332136491323947,0.6462303276414968
heteroscedastic,2,10.0,0.1,cka,eu_group0,0.5332136491323947,0.8787878787878788
heteroscedastic,2,10.0,0.1,cka,eu_group1,0.5332136491323947,0.9757575757575757
heteroscedastic,2,10.0,0.1,cka,eu_id,0.5332136491323947,0.9515151515151514
heteroscedastic,2,10.0,0.1,cka,eu_heldout,0.5332136491323947,0.41818181818181815
heteroscedastic,2,10.0,0.1,mknn,eu_agreement,0.354029304029304,0.9151515151515152
heteroscedastic,2,10.0,0.1,mknn,acquisition_overlap,0.354029304029304,0.5969937312497637
heteroscedastic,2,10.0,0.1,mknn,eu_group0,0.354029304029304,0.8909090909090909
heteroscedastic,2,10.0,0.1,mknn,eu_group1,0.354029304029304,0.9636363636363635
heteroscedastic,2,10.0,0.1,mknn,eu_id,0.354029304029304,0.9393939393939393
heteroscedastic,2,10.0,0.1,mknn,eu_heldout,0.354029304029304,0.38181818181818183
heteroscedastic,2,10.0,0.1,predictivity,eu_agreement,0.46050625130292044,0.8545454545454544
heteroscedastic,2,10.0,0.1,predictivity,acquisition_overlap,0.46050625130292044,0.7077760731311632
heteroscedastic,2,10.0,0.1,predictivity,eu_group0,0.46050625130292044,0.7454545454545454
heteroscedastic,2,10.0,0.1,predictivity,eu_group1,0.46050625130292044,0.8909090909090909
heteroscedastic,2,10.0,0.1,predictivity,eu_id,0.46050625130292044,0.8424242424242423
heteroscedastic,2,10.0,0.1,predictivity,eu_heldout,0.46050625130292044,0.6848484848484848
heteroscedastic,2,10.0,0.1,cca_type,eu_agreement,1.1649921805023666e-08,0.9272727272727272
heteroscedastic,2,10.0,0.1,cca_type,acquisition_overlap,1.1649921805023666e-08,0.6523849021904634
heteroscedastic,2,10.0,0.1,cca_type,eu_group0,1.1649921805023666e-08,0.9272727272727272
heteroscedastic,2,10.0,0.1,cca_type,eu_group1,1.1649921805023666e-08,0.8666666666666665
heteroscedastic,2,10.0,0.1,cca_type,eu_id,1.1649921805023666e-08,0.8545454545454544
heteroscedastic,2,10.0,0.1,cca_type,eu_heldout,1.1649921805023666e-08,0.18787878787878787
heteroscedastic,2,10.0,0.1,smoother_001,eu_agreement,0.05320452778728235,0.9272727272727272
heteroscedastic,2,10.0,0.1,smoother_001,acquisition_overlap,0.05320452778728235,0.6523849021904634
heteroscedastic,2,10.0,0.1,smoother_001,eu_group0,0.05320452778728235,0.9272727272727272
heteroscedastic,2,10.0,0.1,smoother_001,eu_group1,0.05320452778728235,0.8666666666666665
heteroscedastic,2,10.0,0.1,smoother_001,eu_id,0.05320452778728235,0.8545454545454544
heteroscedastic,2,10.0,0.1,smoother_001,eu_heldout,0.05320452778728235,0.18787878787878787
heteroscedastic,2,10.0,0.1,smoother_1,eu_agreement,0.19532243092103607,0.9515151515151514
heteroscedastic,2,10.0,0.1,smoother_1,acquisition_overlap,0.19532243092103607,0.6831577749352966
heteroscedastic,2,10.0,0.1,smoother_1,eu_group0,0.19532243092103607,0.9393939393939393
heteroscedastic,2,10.0,0.1,smoother_1,eu_group1,0.19532243092103607,0.9515151515151514
heteroscedastic,2,10.0,0.1,smoother_1,eu_id,0.19532243092103607,0.9272727272727272
heteroscedastic,2,10.0,0.1,smoother_1,eu_heldout,0.19532243092103607,0.32121212121212117
heteroscedastic,2,10.0,0.25,cka,eu_agreement,0.5332136491323947,0.9393939393939393
heteroscedastic,2,10.0,0.25,cka,acquisition_overlap,0.5332136491323947,0.6219627819854863
heteroscedastic,2,10.0,0.25,cka,eu_group0,0.5332136491323947,0.8181818181818182
heteroscedastic,2,10.0,0.25,cka,eu_group1,0.5332136491323947,0.9757575757575757
heteroscedastic,2,10.0,0.25,cka,eu_id,0.5332136491323947,0.9393939393939393
heteroscedastic,2,10.0,0.25,cka,eu_heldout,0.5332136491323947,0.5878787878787878
heteroscedastic,2,10.0,0.25,mknn,eu_agreement,0.354029304029304,0.9272727272727272
heteroscedastic,2,10.0,0.25,mknn,acquisition_overlap,0.354029304029304,0.6219627819854863
heteroscedastic,2,10.0,0.25,mknn,eu_group0,0.354029304029304,0.8666666666666665
heteroscedastic,2,10.0,0.25,mknn,eu_group1,0.354029304029304,0.9636363636363635
heteroscedastic,2,10.0,0.25,mknn,eu_id,0.354029304029304,0.9272727272727272
heteroscedastic,2,10.0,0.25,mknn,eu_heldout,0.354029304029304,0.5757575757575757
heteroscedastic,2,10.0,0.25,predictivity,eu_agreement,0.46050625130292044,0.8303030303030302
heteroscedastic,2,10.0,0.25,predictivity,acquisition_overlap,0.46050625130292044,0.7500139429824981
heteroscedastic,2,10.0,0.25,predictivity,eu_group0,0.46050625130292044,0.7333333333333332
heteroscedastic,2,10.0,0.25,predictivity,eu_group1,0.46050625130292044,0.8909090909090909
heteroscedastic,2,10.0,0.25,predictivity,eu_id,0.46050625130292044,0.8303030303030302
heteroscedastic,2,10.0,0.25,predictivity,eu_heldout,0.46050625130292044,0.7939393939393938
heteroscedastic,2,10.0,0.25,cca_type,eu_agreement,1.1649921805023666e-08,0.8666666666666665
heteroscedastic,2,10.0,0.25,cca_type,acquisition_overlap,1.1649921805023666e-08,0.6524511536514415
heteroscedastic,2,10.0,0.25,cca_type,eu_group0,1.1649921805023666e-08,0.7939393939393938
heteroscedastic,2,10.0,0.25,cca_type,eu_group1,1.1649921805023666e-08,0.8666666666666665
heteroscedastic,2,10.0,0.25,cca_type,eu_id,1.1649921805023666e-08,0.8666666666666665
heteroscedastic,2,10.0,0.25,cca_type,eu_heldout,1.1649921805023666e-08,0.35757575757575755
heteroscedastic,2,10.0,0.25,smoother_001,eu_agreement,0.05320452778728235,0.8666666666666665
heteroscedastic,2,10.0,0.25,smoother_001,acquisition_overlap,0.05320452778728235,0.6524511536514415
heteroscedastic,2,10.0,0.25,smoother_001,eu_group0,0.05320452778728235,0.7939393939393938
heteroscedastic,2,10.0,0.25,smoother_001,eu_group1,0.05320452778728235,0.8666666666666665
heteroscedastic,2,10.0,0.25,smoother_001,eu_id,0.05320452778728235,0.8666666666666665
heteroscedastic,2,10.0,0.25,smoother_001,eu_heldout,0.05320452778728235,0.35757575757575755
heteroscedastic,2,10.0,0.25,smoother_1,eu_agreement,0.19532243092103607,0.9151515151515152
heteroscedastic,2,10.0,0.25,smoother_1,acquisition_overlap,0.19532243092103607,0.725623245649734
heteroscedastic,2,10.0,0.25,smoother_1,eu_group0,0.19532243092103607,0.8666666666666665
heteroscedastic,2,10.0,0.25,smoother_1,eu_group1,0.19532243092103607,0.9515151515151514
heteroscedastic,2,10.0,0.25,smoother_1,eu_id,0.19532243092103607,0.9151515151515152
heteroscedastic,2,10.0,0.25,smoother_1,eu_heldout,0.19532243092103607,0.4787878787878787
heteroscedastic,2,10.0,1.0,cka,eu_agreement,0.5332136491323947,0.9515151515151514
heteroscedastic,2,10.0,1.0,cka,acquisition_overlap,0.5332136491323947,0.5061069696548565
heteroscedastic,2,10.0,1.0,cka,eu_group0,0.5332136491323947,0.7939393939393938
heteroscedastic,2,10.0,1.0,cka,eu_group1,0.5332136491323947,0.9757575757575757
heteroscedastic,2,10.0,1.0,cka,eu_id,0.5332136491323947,0.9636363636363635
heteroscedastic,2,10.0,1.0,cka,eu_heldout,0.5332136491323947,0.6727272727272726
heteroscedastic,2,10.0,1.0,mknn,eu_agreement,0.354029304029304,0.9393939393939393
heteroscedastic,2,10.0,1.0,mknn,acquisition_overlap,0.354029304029304,0.4695209236557102
heteroscedastic,2,10.0,1.0,mknn,eu_group0,0.354029304029304,0.8303030303030302
heteroscedastic,2,10.0,1.0,mknn,eu_group1,0.354029304029304,0.9636363636363635
heteroscedastic,2,10.0,1.0,mknn,eu_id,0.354029304029304,0.9515151515151514
heteroscedastic,2,10.0,1.0,mknn,eu_heldout,0.354029304029304,0.6363636363636362
heteroscedastic,2,10.0,1.0,predictivity,eu_agreement,0.46050625130292044,0.8424242424242423
heteroscedastic,2,10.0,1.0,predictivity,acquisition_overlap,0.46050625130292044,0.5000092953216654
heteroscedastic,2,10.0,1.0,predictivity,eu_group0,0.46050625130292044,0.709090909090909
heteroscedastic,2,10.0,1.0,predictivity,eu_group1,0.46050625130292044,0.8909090909090909
heteroscedastic,2,10.0,1.0,predictivity,eu_id,0.46050625130292044,0.8303030303030302
heteroscedastic,2,10.0,1.0,predictivity,eu_heldout,0.46050625130292044,0.8545454545454544
heteroscedastic,2,10.0,1.0,cca_type,eu_agreement,1.1649921805023666e-08,0.8545454545454544
heteroscedastic,2,10.0,1.0,cca_type,acquisition_overlap,1.1649921805023666e-08,0.6463534793182504
heteroscedastic,2,10.0,1.0,cca_type,eu_group0,1.1649921805023666e-08,0.6363636363636362
heteroscedastic,2,10.0,1.0,cca_type,eu_group1,1.1649921805023666e-08,0.8666666666666665
heteroscedastic,2,10.0,1.0,cca_type,eu_id,1.1649921805023666e-08,0.8303030303030302
heteroscedastic,2,10.0,1.0,cca_type,eu_heldout,1.1649921805023666e-08,0.49090909090909085
heteroscedastic,2,10.0,1.0,smoother_001,eu_agreement,0.05320452778728235,0.8545454545454544
heteroscedastic,2,10.0,1.0,smoother_001,acquisition_overlap,0.05320452778728235,0.6463534793182504
heteroscedastic,2,10.0,1.0,smoother_001,eu_group0,0.05320452778728235,0.6363636363636362
heteroscedastic,2,10.0,1.0,smoother_001,eu_group1,0.05320452778728235,0.8666666666666665
heteroscedastic,2,10.0,1.0,smoother_001,eu_id,0.05320452778728235,0.8303030303030302
heteroscedastic,2,10.0,1.0,smoother_001,eu_heldout,0.05320452778728235,0.49090909090909085
heteroscedastic,2,10.0,1.0,smoother_1,eu_agreement,0.19532243092103607,0.9272727272727272
heteroscedastic,2,10.0,1.0,smoother_1,acquisition_overlap,0.19532243092103607,0.6219627819854863
heteroscedastic,2,10.0,1.0,smoother_1,eu_group0,0.19532243092103607,0.7818181818181817
heteroscedastic,2,10.0,1.0,smoother_1,eu_group1,0.19532243092103607,0.9515151515151514
heteroscedastic,2,10.0,1.0,smoother_1,eu_id,0.19532243092103607,0.9151515151515152
heteroscedastic,2,10.0,1.0,smoother_1,eu_heldout,0.19532243092103607,0.5878787878787878
heteroscedastic,3,0.1,0.1,cka,eu_agreement,0.5534464514254229,0.9272727272727272
heteroscedastic,3,0.1,0.1,cka,acquisition_overlap,0.5534464514254229,0.5547352140716846
heteroscedastic,3,0.1,0.1,cka,eu_group0,0.5534464514254229,0.7333333333333332
heteroscedastic,3,0.1,0.1,cka,eu_group1,0.5534464514254229,0.9393939393939393
heteroscedastic,3,0.1,0.1,cka,eu_id,0.5534464514254229,0.9151515151515152
heteroscedastic,3,0.1,0.1,cka,eu_heldout,0.5534464514254229,0.32121212121212117
heteroscedastic,3,0.1,0.1,mknn,eu_agreement,0.3564102564102565,0.9272727272727272
heteroscedastic,3,0.1,0.1,mknn,acquisition_overlap,0.3564102564102565,0.5547352140716846
heteroscedastic,3,0.1,0.1,mknn,eu_group0,0.3564102564102565,0.7333333333333332
heteroscedastic,3,0.1,0.1,mknn,eu_group1,0.3564102564102565,0.9393939393939393
heteroscedastic,3,0.1,0.1,mknn,eu_id,0.3564102564102565,0.9151515151515152
heteroscedastic,3,0.1,0.1,mknn,eu_heldout,0.3564102564102565,0.32121212121212117
heteroscedastic,3,0.1,0.1,predictivity,eu_agreement,0.4831619458994558,0.8424242424242423
heteroscedastic,3,0.1,0.1,predictivity,acquisition_overlap,0.4831619458994558,0.5921330936720229
heteroscedastic,3,0.1,0.1,predictivity,eu_group0,0.4831619458994558,0.6484848484848483
heteroscedastic,3,0.1,0.1,predictivity,eu_group1,0.4831619458994558,0.8545454545454544
heteroscedastic,3,0.1,0.1,predictivity,eu_id,0.4831619458994558,0.7818181818181817
heteroscedastic,3,0.1,0.1,predictivity,eu_heldout,0.4831619458994558,0.6121212121212121
heteroscedastic,3,0.1,0.1,cca_type,eu_agreement,1.2327641241149934e-08,0.9515151515151514
heteroscedastic,3,0.1,0.1,cca_type,acquisition_overlap,1.2327641241149934e-08,0.7479575920067657
heteroscedastic,3,0.1,0.1,cca_type,eu_group0,1.2327641241149934e-08,0.6848484848484848
heteroscedastic,3,0.1,0.1,cca_type,eu_group1,1.2327641241149934e-08,0.9151515151515152
heteroscedastic,3,0.1,0.1,cca_type,eu_id,1.2327641241149934e-08,0.9151515151515152
heteroscedastic,3,0.1,0.1,cca_type,eu_heldout,1.2327641241149934e-08,0.28484848484848485
heteroscedastic,3,0.1,0.1,smoother_001,eu_agreement,0.054667620109345894,0.9515151515151514
heteroscedastic,3,0.1,0.1,smoother_001,acquisition_overlap,0.054667620109345894,0.7479575920067657
heteroscedastic,3,0.1,0.1,smoother_001,eu_group0,0.054667620109345894,0.6848484848484848
heteroscedastic,3,0.1,0.1,smoother_001,eu_group1,0.054667620109345894,0.9151515151515152
heteroscedastic,3,0.1,0.1,smoother_001,eu_id,0.054667620109345894,0.9151515151515152
heteroscedastic,3,0.1,0.1,smoother_001,eu_heldout,0.054667620109345894,0.28484848484848485
heteroscedastic,3,0.1,0.1,smoother_1,eu_agreement,0.19681410205273497,0.9757575757575757
heteroscedastic,3,0.1,0.1,smoother_1,acquisition_overlap,0.19681410205273497,0.7292586522065967
heteroscedastic,3,0.1,0.1,smoother_1,eu_group0,0.19681410205273497,0.7696969696969697
heteroscedastic,3,0.1,0.1,smoother_1,eu_group1,0.19681410205273497,0.9030303030303028
heteroscedastic,3,0.1,0.1,smoother_1,eu_id,0.19681410205273497,0.9393939393939393
heteroscedastic,3,0.1,0.1,smoother_1,eu_heldout,0.19681410205273497,0.24848484848484845
heteroscedastic,3,0.1,0.25,cka,eu_agreement,0.5534464514254229,0.9757575757575757
heteroscedastic,3,0.1,0.25,cka,acquisition_overlap,0.5534464514254229,0.7914706236904049
heteroscedastic,3,0.1,0.25,cka,eu_group0,0.5534464514254229,0.7696969696969697
heteroscedastic,3,0.1,0.25,cka,eu_group1,0.5534464514254229,0.9757575757575757
heteroscedastic,3,0.1,0.25,cka,eu_id,0.5534464514254229,0.9515151515151514
heteroscedastic,3,0.1,0.25,cka,eu_heldout,0.5534464514254229,0.35757575757575755
heteroscedastic,3,0.1,0.25,mknn,eu_agreement,0.3564102564102565,0.9757575757575757
heteroscedastic,3,0.1,0.25,mknn,acquisition_overlap,0.3564102564102565,0.7914706236904049
heteroscedastic,3,0.1,0.25,mknn,eu_group0,0.3564102564102565,0.7696969696969697
heteroscedastic,3,0.1,0.25,mknn,eu_group1,0.3564102564102565,0.9757575757575757
heteroscedastic,3,0.1,0.25,mknn,eu_id,0.3564102564102565,0.9515151515151514
heteroscedastic,3,0.1,0.25,mknn,eu_heldout,0.3564102564102565,0.35757575757575755
heteroscedastic,3,0.1,0.25,predictivity,eu_agreement,0.4831619458994558,0.8666666666666665
heteroscedastic,3,0.1,0.25,predictivity,acquisition_overlap,0.4831619458994558,0.766928898924811
heteroscedastic,3,0.1,0.25,predictivity,eu_group0,0.4831619458994558,0.7333333333333332
heteroscedastic,3,0.1,0.25,predictivity,eu_group1,0.4831619458994558,0.8909090909090909
heteroscedastic,3,0.1,0.25,predictivity,eu_id,0.4831619458994558,0.8181818181818182
heteroscedastic,3,0.1,0.25,predictivity,eu_heldout,0.4831619458994558,0.6727272727272726
heteroscedastic,3,0.1,0.25,cca_type,eu_agreement,1.2327641241149934e-08,0.8787878787878788
heteroscedastic,3,0.1,0.25,cca_type,acquisition_overlap,1.2327641241149934e-08,0.8896375227527807
heteroscedastic,3,0.1,0.25,cca_type,eu_group0,1.2327641241149934e-08,0.6606060606060605
heteroscedastic,3,0.1,0.25,cca_type,eu_group1,1.2327641241149934e-08,0.8909090909090909
heteroscedastic,3,0.1,0.25,cca_type,eu_id,1.2327641241149934e-08,0.8666666666666665
heteroscedastic,3,0.1,0.25,cca_type,eu_heldout,1.2327641241149934e-08,0.2121212121212121
heteroscedastic,3,0.1,0.25,smoother_001,eu_agreement,0.054667620109345894,0.8787878787878788
heteroscedastic,3,0.1,0.25,smoother_001,acquisition_overlap,0.054667620109345894,0.8896375227527807
heteroscedastic,3,0.1,0.25,smoother_001,eu_group0,0.054667620109345894,0.6606060606060605
heteroscedastic,3,0.1,0.25,smoother_001,eu_group1,0.054667620109345894,0.8909090909090909
heteroscedastic,3,0.1,0.25,smoother_001,eu_id,0.054667620109345894,0.8666666666666665
heteroscedastic,3,0.1,0.25,smoother_001,eu_heldout,0.054667620109345894,0.2121212121212121
heteroscedastic,3,0.1,0.25,smoother_1,eu_agreement,0.19681410205273497,0.9030303030303028
heteroscedastic,3,0.1,0.25,smoother_1,acquisition_overlap,0.19681410205273497,0.8282832108387959
heteroscedastic,3,0.1,0.25,smoother_1,eu_group0,0.19681410205273497,0.7575757575757575
heteroscedastic,3,0.1,0.25,smoother_1,eu_group1,0.19681410205273497,0.9272727272727272
heteroscedastic,3,0.1,0.25,smoother_1,eu_id,0.19681410205273497,0.8787878787878788
heteroscedastic,3,0.1,0.25,smoother_1,eu_heldout,0.19681410205273497,0.2121212121212121
heteroscedastic,3,0.1,1.0,cka,eu_agreement,0.5534464514254229,0.9272727272727272
heteroscedastic,3,0.1,1.0,cka,acquisition_overlap,0.5534464514254229,0.9057792600832962
heteroscedastic,3,0.1,1.0,cka,eu_group0,0.5534464514254229,0.7818181818181817
heteroscedastic,3,0.1,1.0,cka,eu_group1,0.5534464514254229,0.9636363636363635
heteroscedastic,3,0.1,1.0,cka,eu_id,0.5534464514254229,0.8909090909090909
heteroscedastic,3,0.1,1.0,cka,eu_heldout,0.5534464514254229,0.709090909090909
heteroscedastic,3,0.1,1.0,mknn,eu_agreement,0.3564102564102565,0.9272727272727272
heteroscedastic,3,0.1,1.0,mknn,acquisition_overlap,0.3564102564102565,0.9057792600832962
heteroscedastic,3,0.1,1.0,mknn,eu_group0,0.3564102564102565,0.7818181818181817
heteroscedastic,3,0.1,1.0,mknn,eu_group1,0.3564102564102565,0.9636363636363635
heteroscedastic,3,0.1,1.0,mknn,eu_id,0.3564102564102565,0.8909090909090909
heteroscedastic,3,0.1,1.0,mknn,eu_heldout,0.3564102564102565,0.709090909090909
heteroscedastic,3,0.1,1.0,predictivity,eu_agreement,0.4831619458994558,0.8424242424242423
heteroscedastic,3,0.1,1.0,predictivity,acquisition_overlap,0.4831619458994558,0.8936211492096949
heteroscedastic,3,0.1,1.0,predictivity,eu_group0,0.4831619458994558,0.709090909090909
heteroscedastic,3,0.1,1.0,predictivity,eu_group1,0.4831619458994558,0.8545454545454544
heteroscedastic,3,0.1,1.0,predictivity,eu_id,0.4831619458994558,0.8181818181818182
heteroscedastic,3,0.1,1.0,predictivity,eu_heldout,0.4831619458994558,0.9393939393939393
heteroscedastic,3,0.1,1.0,cca_type,eu_agreement,1.2327641241149934e-08,0.7939393939393938
heteroscedastic,3,0.1,1.0,cca_type,acquisition_overlap,1.2327641241149934e-08,0.7781190959104827
heteroscedastic,3,0.1,1.0,cca_type,eu_group0,1.2327641241149934e-08,0.6
heteroscedastic,3,0.1,1.0,cca_type,eu_group1,1.2327641241149934e-08,0.8666666666666665
heteroscedastic,3,0.1,1.0,cca_type,eu_id,1.2327641241149934e-08,0.7454545454545454
heteroscedastic,3,0.1,1.0,cca_type,eu_heldout,1.2327641241149934e-08,0.5636363636363636
heteroscedastic,3,0.1,1.0,smoother_001,eu_agreement,0.054667620109345894,0.7939393939393938
heteroscedastic,3,0.1,1.0,smoother_001,acquisition_overlap,0.054667620109345894,0.7781190959104827
heteroscedastic,3,0.1,1.0,smoother_001,eu_group0,0.054667620109345894,0.6
heteroscedastic,3,0.1,1.0,smoother_001,eu_group1,0.054667620109345894,0.8666666666666665
heteroscedastic,3,0.1,1.0,smoother_001,eu_id,0.054667620109345894,0.7454545454545454
heteroscedastic,3,0.1,1.0,smoother_001,eu_heldout,0.054667620109345894,0.5636363636363636
heteroscedastic,3,0.1,1.0,smoother_1,eu_agreement,0.19681410205273497,0.8424242424242423
heteroscedastic,3,0.1,1.0,smoother_1,acquisition_overlap,0.19681410205273497,0.8449887057152898
heteroscedastic,3,0.1,1.0,smoother_1,eu_group0,0.19681410205273497,0.709090909090909
heteroscedastic,3,0.1,1.0,smoother_1,eu_group1,0.19681410205273497,0.9151515151515152
heteroscedastic,3,0.1,1.0,smoother_1,eu_id,0.19681410205273497,0.7818181818181817
heteroscedastic,3,0.1,1.0,smoother_1,eu_heldout,0.19681410205273497,0.6484848484848483
heteroscedastic,3,1.0,0.1,cka,eu_agreement,0.5534464514254229,0.9272727272727272
heteroscedastic,3,1.0,0.1,cka,acquisition_overlap,0.5534464514254229,0.5548883643203848
heteroscedastic,3,1.0,0.1,cka,eu_group0,0.5534464514254229,0.7333333333333332
heteroscedastic,3,1.0,0.1,cka,eu_group1,0.5534464514254229,0.9393939393939393
heteroscedastic,3,1.0,0.1,cka,eu_id,0.5534464514254229,0.9151515151515152
heteroscedastic,3,1.0,0.1,cka,eu_heldout,0.5534464514254229,0.309090909090909
heteroscedastic,3,1.0,0.1,mknn,eu_agreement,0.3564102564102565,0.9272727272727272
heteroscedastic,3,1.0,0.1,mknn,acquisition_overlap,0.3564102564102565,0.5548883643203848
heteroscedastic,3,1.0,0.1,mknn,eu_group0,0.3564102564102565,0.7333333333333332
heteroscedastic,3,1.0,0.1,mknn,eu_group1,0.3564102564102565,0.9393939393939393
heteroscedastic,3,1.0,0.1,mknn,eu_id,0.3564102564102565,0.9151515151515152
heteroscedastic,3,1.0,0.1,mknn,eu_heldout,0.3564102564102565,0.309090909090909
heteroscedastic,3,1.0,0.1,predictivity,eu_agreement,0.4831619458994558,0.8424242424242423
heteroscedastic,3,1.0,0.1,predictivity,acquisition_overlap,0.4831619458994558,0.6341581306518683
heteroscedastic,3,1.0,0.1,predictivity,eu_group0,0.4831619458994558,0.6484848484848483
heteroscedastic,3,1.0,0.1,predictivity,eu_group1,0.4831619458994558,0.8545454545454544
heteroscedastic,3,1.0,0.1,predictivity,eu_id,0.4831619458994558,0.7818181818181817
heteroscedastic,3,1.0,0.1,predictivity,eu_heldout,0.4831619458994558,0.6242424242424242
heteroscedastic,3,1.0,0.1,cca_type,eu_agreement,1.2327641241149934e-08,0.9515151515151514
heteroscedastic,3,1.0,0.1,cca_type,acquisition_overlap,1.2327641241149934e-08,0.6890371996505876
heteroscedastic,3,1.0,0.1,cca_type,eu_group0,1.2327641241149934e-08,0.6848484848484848
heteroscedastic,3,1.0,0.1,cca_type,eu_group1,1.2327641241149934e-08,0.9151515151515152
heteroscedastic,3,1.0,0.1,cca_type,eu_id,1.2327641241149934e-08,0.9151515151515152
heteroscedastic,3,1.0,0.1,cca_type,eu_heldout,1.2327641241149934e-08,0.24848484848484845
heteroscedastic,3,1.0,0.1,smoother_001,eu_agreement,0.054667620109345894,0.9515151515151514
heteroscedastic,3,1.0,0.1,smoother_001,acquisition_overlap,0.054667620109345894,0.6890371996505876
heteroscedastic,3,1.0,0.1,smoother_001,eu_group0,0.054667620109345894,0.6848484848484848
heteroscedastic,3,1.0,0.1,smoother_001,eu_group1,0.054667620109345894,0.9151515151515152
heteroscedastic,3,1.0,0.1,smoother_001,eu_id,0.054667620109345894,0.9151515151515152
heteroscedastic,3,1.0,0.1,smoother_001,eu_heldout,0.054667620109345894,0.24848484848484845
heteroscedastic,3,1.0,0.1,smoother_1,eu_agreement,0.19681410205273497,0.9757575757575757
heteroscedastic,3,1.0,0.1,smoother_1,acquisition_overlap,0.19681410205273497,0.7012325483169698
heteroscedastic,3,1.0,0.1,smoother_1,eu_group0,0.19681410205273497,0.7696969696969697
heteroscedastic,3,1.0,0.1,smoother_1,eu_group1,0.19681410205273497,0.9030303030303028
heteroscedastic,3,1.0,0.1,smoother_1,eu_id,0.19681410205273497,0.9393939393939393
heteroscedastic,3,1.0,0.1,smoother_1,eu_heldout,0.19681410205273497,0.22424242424242422
heteroscedastic,3,1.0,0.25,cka,eu_agreement,0.5534464514254229,0.9757575757575757
heteroscedastic,3,1.0,0.25,cka,acquisition_overlap,0.5534464514254229,0.7744046403152623
heteroscedastic,3,1.0,0.25,cka,eu_group0,0.5534464514254229,0.7696969696969697
heteroscedastic,3,1.0,0.25,cka,eu_group1,0.5534464514254229,0.9757575757575757
heteroscedastic,3,1.0,0.25,cka,eu_id,0.5534464514254229,0.9393939393939393
heteroscedastic,3,1.0,0.25,cka,eu_heldout,0.5534464514254229,0.35757575757575755
heteroscedastic,3,1.0,0.25,mknn,eu_agreement,0.3564102564102565,0.9757575757575757
heteroscedastic,3,1.0,0.25,mknn,acquisition_overlap,0.3564102564102565,0.7744046403152623
heteroscedastic,3,1.0,0.25,mknn,eu_group0,0.3564102564102565,0.7696969696969697
heteroscedastic,3,1.0,0.25,mknn,eu_group1,0.3564102564102565,0.9757575757575757
heteroscedastic,3,1.0,0.25,mknn,eu_id,0.3564102564102565,0.9393939393939393
heteroscedastic,3,1.0,0.25,mknn,eu_heldout,0.3564102564102565,0.35757575757575755
heteroscedastic,3,1.0,0.25,predictivity,eu_agreement,0.4831619458994558,0.8666666666666665
heteroscedastic,3,1.0,0.25,predictivity,acquisition_overlap,0.4831619458994558,0.7744046403152623
heteroscedastic,3,1.0,0.25,predictivity,eu_group0,0.4831619458994558,0.7333333333333332
heteroscedastic,3,1.0,0.25,predictivity,eu_group1,0.4831619458994558,0.8909090909090909
heteroscedastic,3,1.0,0.25,predictivity,eu_id,0.4831619458994558,0.8303030303030302
heteroscedastic,3,1.0,0.25,predictivity,eu_heldout,0.4831619458994558,0.6727272727272726
heteroscedastic,3,1.0,0.25,cca_type,eu_agreement,1.2327641241149934e-08,0.8787878787878788
heteroscedastic,3,1.0,0.25,cca_type,acquisition_overlap,1.2327641241149934e-08,0.8109906863144085
heteroscedastic,3,1.0,0.25,cca_type,eu_group0,1.2327641241149934e-08,0.6606060606060605
heteroscedastic,3,1.0,0.25,cca_type,eu_group1,1.2327641241149934e-08,0.8909090909090909
heteroscedastic,3,1.0,0.25,cca_type,eu_id,1.2327641241149934e-08,0.8909090909090909
heteroscedastic,3,1.0,0.25,cca_type,eu_heldout,1.2327641241149934e-08,0.2121212121212121
heteroscedastic,3,1.0,0.25,smoother_001,eu_agreement,0.054667620109345894,0.8787878787878788
heteroscedastic,3,1.0,0.25,smoother_001,acquisition_overlap,0.054667620109345894,0.8109906863144085
heteroscedastic,3,1.0,0.25,smoother_001,eu_group0,0.054667620109345894,0.6606060606060605
heteroscedastic,3,1.0,0.25,smoother_001,eu_group1,0.054667620109345894,0.8909090909090909
heteroscedastic,3,1.0,0.25,smoother_001,eu_id,0.054667620109345894,0.8909090909090909
heteroscedastic,3,1.0,0.25,smoother_001,eu_heldout,0.054667620109345894,0.2121212121212121
heteroscedastic,3,1.0,0.25,smoother_1,eu_agreement,0.19681410205273497,0.9030303030303028
heteroscedastic,3,1.0,0.25,smoother_1,acquisition_overlap,0.19681410205273497,0.7500139429824981
heteroscedastic,3,1.0,0.25,smoother_1,eu_group0,0.19681410205273497,0.7575757575757575
heteroscedastic,3,1.0,0.25,smoother_1,eu_group1,0.19681410205273497,0.9272727272727272
heteroscedastic,3,1.0,0.25,smoother_1,eu_id,0.19681410205273497,0.8909090909090909
heteroscedastic,3,1.0,0.25,smoother_1,eu_heldout,0.19681410205273497,0.2121212121212121
heteroscedastic,3,1.0,1.0,cka,eu_agreement,0.5534464514254229,0.9393939393939393
heteroscedastic,3,1.0,1.0,cka,acquisition_overlap,0.5534464514254229,0.8814630383360936
heteroscedastic,3,1.0,1.0,cka,eu_group0,0.5534464514254229,0.7818181818181817
heteroscedastic,3,1.0,1.0,cka,eu_group1,0.5534464514254229,0.9636363636363635
heteroscedastic,3,1.0,1.0,cka,eu_id,0.5534464514254229,0.9272727272727272
heteroscedastic,3,1.0,1.0,cka,eu_heldout,0.5534464514254229,0.6606060606060605
heteroscedastic,3,1.0,1.0,mknn,eu_agreement,0.3564102564102565,0.9393939393939393
heteroscedastic,3,1.0,1.0,mknn,acquisition_overlap,0.3564102564102565,0.8814630383360936
heteroscedastic,3,1.0,1.0,mknn,eu_group0,0.3564102564102565,0.7818181818181817
heteroscedastic,3,1.0,1.0,mknn,eu_group1,0.3564102564102565,0.9636363636363635
heteroscedastic,3,1.0,1.0,mknn,eu_id,0.3564102564102565,0.9272727272727272
heteroscedastic,3,1.0,1.0,mknn,eu_heldout,0.3564102564102565,0.6606060606060605
heteroscedastic,3,1.0,1.0,predictivity,eu_agreement,0.4831619458994558,0.8060606060606059
heteroscedastic,3,1.0,1.0,predictivity,acquisition_overlap,0.4831619458994558,0.8936211492096949
heteroscedastic,3,1.0,1.0,predictivity,eu_group0,0.4831619458994558,0.5757575757575757
heteroscedastic,3,1.0,1.0,predictivity,eu_group1,0.4831619458994558,0.8545454545454544
heteroscedastic,3,1.0,1.0,predictivity,eu_id,0.4831619458994558,0.8424242424242423
heteroscedastic,3,1.0,1.0,predictivity,eu_heldout,0.4831619458994558,0.9151515151515152
heteroscedastic,3,1.0,1.0,cca_type,eu_agreement,1.2327641241149934e-08,0.8545454545454544
heteroscedastic,3,1.0,1.0,cca_type,acquisition_overlap,1.2327641241149934e-08,0.8267515394048879
heteroscedastic,3,1.0,1.0,cca_type,eu_group0,1.2327641241149934e-08,0.5393939393939393
heteroscedastic,3,1.0,1.0,cca_type,eu_group1,1.2327641241149934e-08,0.8666666666666665
heteroscedastic,3,1.0,1.0,cca_type,eu_id,1.2327641241149934e-08,0.7939393939393938
heteroscedastic,3,1.0,1.0,cca_type,eu_heldout,1.2327641241149934e-08,0.5393939393939393
heteroscedastic,3,1.0,1.0,smoother_001,eu_agreement,0.054667620109345894,0.8545454545454544
heteroscedastic,3,1.0,1.0,smoother_001,acquisition_overlap,0.054667620109345894,0.8267515394048879
heteroscedastic,3,1.0,1.0,smoother_001,eu_group0,0.054667620109345894,0.5393939393939393
heteroscedastic,3,1.0,1.0,smoother_001,eu_group1,0.054667620109345894,0.8666666666666665
heteroscedastic,3,1.0,1.0,smoother_001,eu_id,0.054667620109345894,0.7939393939393938
heteroscedastic,3,1.0,1.0,smoother_001,eu_heldout,0.054667620109345894,0.5393939393939393
heteroscedastic,3,1.0,1.0,smoother_1,eu_agreement,0.19681410205273497,0.8909090909090909
heteroscedastic,3,1.0,1.0,smoother_1,acquisition_overlap,0.19681410205273497,0.8875420937728943
heteroscedastic,3,1.0,1.0,smoother_1,eu_group0,0.19681410205273497,0.6242424242424242
heteroscedastic,3,1.0,1.0,smoother_1,eu_group1,0.19681410205273497,0.9151515151515152
heteroscedastic,3,1.0,1.0,smoother_1,eu_id,0.19681410205273497,0.8424242424242423
heteroscedastic,3,1.0,1.0,smoother_1,eu_heldout,0.19681410205273497,0.6121212121212121
heteroscedastic,3,10.0,0.1,cka,eu_agreement,0.5534464514254229,0.9272727272727272
heteroscedastic,3,10.0,0.1,cka,acquisition_overlap,0.5534464514254229,0.5548883643203848
heteroscedastic,3,10.0,0.1,cka,eu_group0,0.5534464514254229,0.7333333333333332
heteroscedastic,3,10.0,0.1,cka,eu_group1,0.5534464514254229,0.9393939393939393
heteroscedastic,3,10.0,0.1,cka,eu_id,0.5534464514254229,0.9151515151515152
heteroscedastic,3,10.0,0.1,cka,eu_heldout,0.5534464514254229,0.309090909090909
heteroscedastic,3,10.0,0.1,mknn,eu_agreement,0.3564102564102565,0.9272727272727272
heteroscedastic,3,10.0,0.1,mknn,acquisition_overlap,0.3564102564102565,0.5548883643203848
heteroscedastic,3,10.0,0.1,mknn,eu_group0,0.3564102564102565,0.7333333333333332
heteroscedastic,3,10.0,0.1,mknn,eu_group1,0.3564102564102565,0.9393939393939393
heteroscedastic,3,10.0,0.1,mknn,eu_id,0.3564102564102565,0.9151515151515152
heteroscedastic,3,10.0,0.1,mknn,eu_heldout,0.3564102564102565,0.309090909090909
heteroscedastic,3,10.0,0.1,predictivity,eu_agreement,0.4831619458994558,0.8424242424242423
heteroscedastic,3,10.0,0.1,predictivity,acquisition_overlap,0.4831619458994558,0.6341581306518683
heteroscedastic,3,10.0,0.1,predictivity,eu_group0,0.4831619458994558,0.6484848484848483
heteroscedastic,3,10.0,0.1,predictivity,eu_group1,0.4831619458994558,0.8545454545454544
heteroscedastic,3,10.0,0.1,predictivity,eu_id,0.4831619458994558,0.7818181818181817
heteroscedastic,3,10.0,0.1,predictivity,eu_heldout,0.4831619458994558,0.6242424242424242
heteroscedastic,3,10.0,0.1,cca_type,eu_agreement,1.2327641241149934e-08,0.9515151515151514
heteroscedastic,3,10.0,0.1,cca_type,acquisition_overlap,1.2327641241149934e-08,0.6890371996505876
heteroscedastic,3,10.0,0.1,cca_type,eu_group0,1.2327641241149934e-08,0.6848484848484848
heteroscedastic,3,10.0,0.1,cca_type,eu_group1,1.2327641241149934e-08,0.9151515151515152
heteroscedastic,3,10.0,0.1,cca_type,eu_id,1.2327641241149934e-08,0.9151515151515152
heteroscedastic,3,10.0,0.1,cca_type,eu_heldout,1.2327641241149934e-08,0.24848484848484845
heteroscedastic,3,10.0,0.1,smoother_001,eu_agreement,0.054667620109345894,0.9515151515151514
heteroscedastic,3,10.0,0.1,smoother_001,acquisition_overlap,0.054667620109345894,0.6890371996505876
heteroscedastic,3,10.0,0.1,smoother_001,eu_group0,0.054667620109345894,0.6848484848484848
heteroscedastic,3,10.0,0.1,smoother_001,eu_group1,0.054667620109345894,0.9151515151515152
heteroscedastic,3,10.0,0.1,smoother_001,eu_id,0.054667620109345894,0.9151515151515152
heteroscedastic,3,10.0,0.1,smoother_001,eu_heldout,0.054667620109345894,0.24848484848484845
heteroscedastic,3,10.0,0.1,smoother_1,eu_agreement,0.19681410205273497,0.9757575757575757
heteroscedastic,3,10.0,0.1,smoother_1,acquisition_overlap,0.19681410205273497,0.7012325483169698
heteroscedastic,3,10.0,0.1,smoother_1,eu_group0,0.19681410205273497,0.7696969696969697
heteroscedastic,3,10.0,0.1,smoother_1,eu_group1,0.19681410205273497,0.9030303030303028
heteroscedastic,3,10.0,0.1,smoother_1,eu_id,0.19681410205273497,0.9393939393939393
heteroscedastic,3,10.0,0.1,smoother_1,eu_heldout,0.19681410205273497,0.22424242424242422
heteroscedastic,3,10.0,0.25,cka,eu_agreement,0.5534464514254229,0.9757575757575757
heteroscedastic,3,10.0,0.25,cka,acquisition_overlap,0.5534464514254229,0.7744046403152623
heteroscedastic,3,10.0,0.25,cka,eu_group0,0.5534464514254229,0.7696969696969697
heteroscedastic,3,10.0,0.25,cka,eu_group1,0.5534464514254229,0.9757575757575757
heteroscedastic,3,10.0,0.25,cka,eu_id,0.5534464514254229,0.9515151515151514
heteroscedastic,3,10.0,0.25,cka,eu_heldout,0.5534464514254229,0.35757575757575755
heteroscedastic,3,10.0,0.25,mknn,eu_agreement,0.3564102564102565,0.9757575757575757
heteroscedastic,3,10.0,0.25,mknn,acquisition_overlap,0.3564102564102565,0.7744046403152623
heteroscedastic,3,10.0,0.25,mknn,eu_group0,0.3564102564102565,0.7696969696969697
heteroscedastic,3,10.0,0.25,mknn,eu_group1,0.3564102564102565,0.9757575757575757
heteroscedastic,3,10.0,0.25,mknn,eu_id,0.3564102564102565,0.9515151515151514
heteroscedastic,3,10.0,0.25,mknn,eu_heldout,0.3564102564102565,0.35757575757575755
heteroscedastic,3,10.0,0.25,predictivity,eu_agreement,0.4831619458994558,0.8666666666666665
heteroscedastic,3,10.0,0.25,predictivity,acquisition_overlap,0.4831619458994558,0.7744046403152623
heteroscedastic,3,10.0,0.25,predictivity,eu_group0,0.4831619458994558,0.7333333333333332
heteroscedastic,3,10.0,0.25,predictivity,eu_group1,0.4831619458994558,0.8909090909090909
heteroscedastic,3,10.0,0.25,predictivity,eu_id,0.4831619458994558,0.8181818181818182
heteroscedastic,3,10.0,0.25,predictivity,eu_heldout,0.4831619458994558,0.6727272727272726
heteroscedastic,3,10.0,0.25,cca_type,eu_agreement,1.2327641241149934e-08,0.8787878787878788
heteroscedastic,3,10.0,0.25,cca_type,acquisition_overlap,1.2327641241149934e-08,0.8109906863144085
heteroscedastic,3,10.0,0.25,cca_type,eu_group0,1.2327641241149934e-08,0.6606060606060605
heteroscedastic,3,10.0,0.25,cca_type,eu_group1,1.2327641241149934e-08,0.8909090909090909
heteroscedastic,3,10.0,0.25,cca_type,eu_id,1.2327641241149934e-08,0.8666666666666665
heteroscedastic,3,10.0,0.25,cca_type,eu_heldout,1.2327641241149934e-08,0.2121212121212121
heteroscedastic,3,10.0,0.25,smoother_001,eu_agreement,0.054667620109345894,0.8787878787878788
heteroscedastic,3,10.0,0.25,smoother_001,acquisition_overlap,0.054667620109345894,0.8109906863144085
heteroscedastic,3,10.0,0.25,smoother_001,eu_group0,0.054667620109345894,0.6606060606060605
heteroscedastic,3,10.0,0.25,smoother_001,eu_group1,0.054667620109345894,0.8909090909090909
heteroscedastic,3,10.0,0.25,smoother_001,eu_id,0.054667620109345894,0.8666666666666665
heteroscedastic,3,10.0,0.25,smoother_001,eu_heldout,0.054667620109345894,0.2121212121212121
heteroscedastic,3,10.0,0.25,smoother_1,eu_agreement,0.19681410205273497,0.9030303030303028
heteroscedastic,3,10.0,0.25,smoother_1,acquisition_overlap,0.19681410205273497,0.7500139429824981
heteroscedastic,3,10.0,0.25,smoother_1,eu_group0,0.19681410205273497,0.7575757575757575
heteroscedastic,3,10.0,0.25,smoother_1,eu_group1,0.19681410205273497,0.9272727272727272
heteroscedastic,3,10.0,0.25,smoother_1,eu_id,0.19681410205273497,0.8787878787878788
heteroscedastic,3,10.0,0.25,smoother_1,eu_heldout,0.19681410205273497,0.2121212121212121
heteroscedastic,3,10.0,1.0,cka,eu_agreement,0.5534464514254229,0.9393939393939393
heteroscedastic,3,10.0,1.0,cka,acquisition_overlap,0.5534464514254229,0.8909090909090909
heteroscedastic,3,10.0,1.0,cka,eu_group0,0.5534464514254229,0.7939393939393938
heteroscedastic,3,10.0,1.0,cka,eu_group1,0.5534464514254229,0.9636363636363635
heteroscedastic,3,10.0,1.0,cka,eu_id,0.5534464514254229,0.9272727272727272
heteroscedastic,3,10.0,1.0,cka,eu_heldout,0.5534464514254229,0.6606060606060605
heteroscedastic,3,10.0,1.0,mknn,eu_agreement,0.3564102564102565,0.9393939393939393
heteroscedastic,3,10.0,1.0,mknn,acquisition_overlap,0.3564102564102565,0.8909090909090909
heteroscedastic,3,10.0,1.0,mknn,eu_group0,0.3564102564102565,0.7939393939393938
heteroscedastic,3,10.0,1.0,mknn,eu_group1,0.3564102564102565,0.9636363636363635
heteroscedastic,3,10.0,1.0,mknn,eu_id,0.3564102564102565,0.9272727272727272
heteroscedastic,3,10.0,1.0,mknn,eu_heldout,0.3564102564102565,0.6606060606060605
heteroscedastic,3,10.0,1.0,predictivity,eu_agreement,0.4831619458994558,0.8060606060606059
heteroscedastic,3,10.0,1.0,predictivity,acquisition_overlap,0.4831619458994558,0.9030303030303028
heteroscedastic,3,10.0,1.0,predictivity,eu_group0,0.4831619458994558,0.5393939393939393
heteroscedastic,3,10.0,1.0,predictivity,eu_group1,0.4831619458994558,0.8545454545454544
heteroscedastic,3,10.0,1.0,predictivity,eu_id,0.4831619458994558,0.8424242424242423
heteroscedastic,3,10.0,1.0,predictivity,eu_heldout,0.4831619458994558,0.9151515151515152
heteroscedastic,3,10.0,1.0,cca_type,eu_agreement,1.2327641241149934e-08,0.8545454545454544
heteroscedastic,3,10.0,1.0,cca_type,acquisition_overlap,1.2327641241149934e-08,0.8181818181818182
heteroscedastic,3,10.0,1.0,cca_type,eu_group0,1.2327641241149934e-08,0.6
heteroscedastic,3,10.0,1.0,cca_type,eu_group1,1.2327641241149934e-08,0.8666666666666665
heteroscedastic,3,10.0,1.0,cca_type,eu_id,1.2327641241149934e-08,0.7939393939393938
heteroscedastic,3,10.0,1.0,cca_type,eu_heldout,1.2327641241149934e-08,0.5393939393939393
heteroscedastic,3,10.0,1.0,smoother_001,eu_agreement,0.054667620109345894,0.8545454545454544
heteroscedastic,3,10.0,1.0,smoother_001,acquisition_overlap,0.054667620109345894,0.8181818181818182
heteroscedastic,3,10.0,1.0,smoother_001,eu_group0,0.054667620109345894,0.6
heteroscedastic,3,10.0,1.0,smoother_001,eu_group1,0.054667620109345894,0.8666666666666665
heteroscedastic,3,10.0,1.0,smoother_001,eu_id,0.054667620109345894,0.7939393939393938
heteroscedastic,3,10.0,1.0,smoother_001,eu_heldout,0.054667620109345894,0.5393939393939393
heteroscedastic,3,10.0,1.0,smoother_1,eu_agreement,0.19681410205273497,0.8909090909090909
heteroscedastic,3,10.0,1.0,smoother_1,acquisition_overlap,0.19681410205273497,0.8909090909090909
heteroscedastic,3,10.0,1.0,smoother_1,eu_group0,0.19681410205273497,0.6727272727272726
heteroscedastic,3,10.0,1.0,smoother_1,eu_group1,0.19681410205273497,0.9151515151515152
heteroscedastic,3,10.0,1.0,smoother_1,eu_id,0.19681410205273497,0.8424242424242423
heteroscedastic,3,10.0,1.0,smoother_1,eu_heldout,0.19681410205273497,0.6121212121212121
heteroscedastic,4,0.1,0.1,cka,eu_agreement,0.5535856302314879,0.9393939393939393
heteroscedastic,4,0.1,0.1,cka,acquisition_overlap,0.5535856302314879,0.5288778230016562
heteroscedastic,4,0.1,0.1,cka,eu_group0,0.5535856302314879,0.6969696969696969
heteroscedastic,4,0.1,0.1,cka,eu_group1,0.5535856302314879,0.8909090909090909
heteroscedastic,4,0.1,0.1,cka,eu_id,0.5535856302314879,0.7939393939393938
heteroscedastic,4,0.1,0.1,cka,eu_heldout,0.5535856302314879,0.18787878787878787
heteroscedastic,4,0.1,0.1,mknn,eu_agreement,0.3600732600732601,0.9393939393939393
heteroscedastic,4,0.1,0.1,mknn,acquisition_overlap,0.3600732600732601,0.5288778230016562
heteroscedastic,4,0.1,0.1,mknn,eu_group0,0.3600732600732601,0.6969696969696969
heteroscedastic,4,0.1,0.1,mknn,eu_group1,0.3600732600732601,0.8909090909090909
heteroscedastic,4,0.1,0.1,mknn,eu_id,0.3600732600732601,0.7939393939393938
heteroscedastic,4,0.1,0.1,mknn,eu_heldout,0.3600732600732601,0.18787878787878787
heteroscedastic,4,0.1,0.1,predictivity,eu_agreement,0.4285294428509066,0.8060606060606059
heteroscedastic,4,0.1,0.1,predictivity,acquisition_overlap,0.4285294428509066,0.5167197121280549
heteroscedastic,4,0.1,0.1,predictivity,eu_group0,0.4285294428509066,0.5757575757575757
heteroscedastic,4,0.1,0.1,predictivity,eu_group1,0.4285294428509066,0.7454545454545454
heteroscedastic,4,0.1,0.1,predictivity,eu_id,0.4285294428509066,0.8060606060606059
heteroscedastic,4,0.1,0.1,predictivity,eu_heldout,0.4285294428509066,0.6
heteroscedastic,4,0.1,0.1,cca_type,eu_agreement,1.1304950642276879e-08,0.8909090909090909
heteroscedastic,4,0.1,0.1,cca_type,acquisition_overlap,1.1304950642276879e-08,0.8510677611520905
heteroscedastic,4,0.1,0.1,cca_type,eu_group0,1.1304950642276879e-08,0.6727272727272726
heteroscedastic,4,0.1,0.1,cca_type,eu_group1,1.1304950642276879e-08,0.9151515151515152
heteroscedastic,4,0.1,0.1,cca_type,eu_id,1.1304950642276879e-08,0.7454545454545454
heteroscedastic,4,0.1,0.1,cca_type,eu_heldout,1.1304950642276879e-08,0.2121212121212121
heteroscedastic,4,0.1,0.1,smoother_001,eu_agreement,0.0527252446845915,0.8909090909090909
heteroscedastic,4,0.1,0.1,smoother_001,acquisition_overlap,0.0527252446845915,0.8510677611520905
heteroscedastic,4,0.1,0.1,smoother_001,eu_group0,0.0527252446845915,0.6727272727272726
heteroscedastic,4,0.1,0.1,smoother_001,eu_group1,0.0527252446845915,0.9151515151515152
heteroscedastic,4,0.1,0.1,smoother_001,eu_id,0.0527252446845915,0.7454545454545454
heteroscedastic,4,0.1,0.1,smoother_001,eu_heldout,0.0527252446845915,0.2121212121212121
heteroscedastic,4,0.1,0.1,smoother_1,eu_agreement,0.19854869688097165,0.9272727272727272
heteroscedastic,4,0.1,0.1,smoother_1,acquisition_overlap,0.19854869688097165,0.735565707852878
heteroscedastic,4,0.1,0.1,smoother_1,eu_group0,0.19854869688097165,0.7696969696969697
heteroscedastic,4,0.1,0.1,smoother_1,eu_group1,0.19854869688097165,0.8909090909090909
heteroscedastic,4,0.1,0.1,smoother_1,eu_id,0.19854869688097165,0.8060606060606059
heteroscedastic,4,0.1,0.1,smoother_1,eu_heldout,0.19854869688097165,0.18787878787878787
heteroscedastic,4,0.1,0.25,cka,eu_agreement,0.5535856302314879,0.9393939393939393
heteroscedastic,4,0.1,0.25,cka,acquisition_overlap,0.5535856302314879,0.8719674296463189
heteroscedastic,4,0.1,0.25,cka,eu_group0,0.5535856302314879,0.6606060606060605
heteroscedastic,4,0.1,0.25,cka,eu_group1,0.5535856302314879,0.9757575757575757
heteroscedastic,4,0.1,0.25,cka,eu_id,0.5535856302314879,0.9393939393939393
heteroscedastic,4,0.1,0.25,cka,eu_heldout,0.5535856302314879,0.3939393939393939
heteroscedastic,4,0.1,0.25,mknn,eu_agreement,0.3600732600732601,0.9393939393939393
heteroscedastic,4,0.1,0.25,mknn,acquisition_overlap,0.3600732600732601,0.8719674296463189
heteroscedastic,4,0.1,0.25,mknn,eu_group0,0.3600732600732601,0.6606060606060605
heteroscedastic,4,0.1,0.25,mknn,eu_group1,0.3600732600732601,0.9757575757575757
heteroscedastic,4,0.1,0.25,mknn,eu_id,0.3600732600732601,0.9393939393939393
heteroscedastic,4,0.1,0.25,mknn,eu_heldout,0.3600732600732601,0.3939393939393939
heteroscedastic,4,0.1,0.25,predictivity,eu_agreement,0.4285294428509066,0.8060606060606059
heteroscedastic,4,0.1,0.25,predictivity,acquisition_overlap,0.4285294428509066,0.9390418473114204
heteroscedastic,4,0.1,0.25,predictivity,eu_group0,0.4285294428509066,0.49090909090909085
heteroscedastic,4,0.1,0.25,predictivity,eu_group1,0.4285294428509066,0.8787878787878788
heteroscedastic,4,0.1,0.25,predictivity,eu_id,0.4285294428509066,0.8060606060606059
heteroscedastic,4,0.1,0.25,predictivity,eu_heldout,0.4285294428509066,0.7696969696969697
heteroscedastic,4,0.1,0.25,cca_type,eu_agreement,1.1304950642276879e-08,0.8909090909090909
heteroscedastic,4,0.1,0.25,cca_type,acquisition_overlap,1.1304950642276879e-08,0.8048930119812175
heteroscedastic,4,0.1,0.25,cca_type,eu_group0,1.1304950642276879e-08,0.6969696969696969
heteroscedastic,4,0.1,0.25,cca_type,eu_group1,1.1304950642276879e-08,0.8909090909090909
heteroscedastic,4,0.1,0.25,cca_type,eu_id,1.1304950642276879e-08,0.8909090909090909
heteroscedastic,4,0.1,0.25,cca_type,eu_heldout,1.1304950642276879e-08,0.2606060606060606
heteroscedastic,4,0.1,0.25,smoother_001,eu_agreement,0.0527252446845915,0.8909090909090909
heteroscedastic,4,0.1,0.25,smoother_001,acquisition_overlap,0.0527252446845915,0.8048930119812175
heteroscedastic,4,0.1,0.25,smoother_001,eu_group0,0.0527252446845915,0.6969696969696969
heteroscedastic,4,0.1,0.25,smoother_001,eu_group1,0.0527252446845915,0.8909090909090909
heteroscedastic,4,0.1,0.25,smoother_001,eu_id,0.0527252446845915,0.8909090909090909
heteroscedastic,4,0.1,0.25,smoother_001,eu_heldout,0.0527252446845915,0.2606060606060606
heteroscedastic,4,0.1,0.25,smoother_1,eu_agreement,0.19854869688097165,0.9272727272727272
heteroscedastic,4,0.1,0.25,smoother_1,acquisition_overlap,0.19854869688097165,0.8963581269790831
heteroscedastic,4,0.1,0.25,smoother_1,eu_group0,0.19854869688097165,0.7696969696969697
heteroscedastic,4,0.1,0.25,smoother_1,eu_group1,0.19854869688097165,0.9636363636363635
heteroscedastic,4,0.1,0.25,smoother_1,eu_id,0.19854869688097165,0.9272727272727272
heteroscedastic,4,0.1,0.25,smoother_1,eu_heldout,0.19854869688097165,0.32121212121212117
heteroscedastic,4,0.1,1.0,cka,eu_agreement,0.5535856302314879,0.9272727272727272
heteroscedastic,4,0.1,1.0,cka,acquisition_overlap,0.5535856302314879,0.8571468165888911
heteroscedastic,4,0.1,1.0,cka,eu_group0,0.5535856302314879,0.5151515151515151
heteroscedastic,4,0.1,1.0,cka,eu_group1,0.5535856302314879,0.9636363636363635
heteroscedastic,4,0.1,1.0,cka,eu_id,0.5535856302314879,0.8666666666666665
heteroscedastic,4,0.1,1.0,cka,eu_heldout,0.5535856302314879,0.5030303030303029
heteroscedastic,4,0.1,1.0,mknn,eu_agreement,0.3600732600732601,0.9272727272727272
heteroscedastic,4,0.1,1.0,mknn,acquisition_overlap,0.3600732600732601,0.8571468165888911
heteroscedastic,4,0.1,1.0,mknn,eu_group0,0.3600732600732601,0.5151515151515151
heteroscedastic,4,0.1,1.0,mknn,eu_group1,0.3600732600732601,0.9636363636363635
heteroscedastic,4,0.1,1.0,mknn,eu_id,0.3600732600732601,0.8666666666666665
heteroscedastic,4,0.1,1.0,mknn,eu_heldout,0.3600732600732601,0.5030303030303029
heteroscedastic,4,0.1,1.0,predictivity,eu_agreement,0.4285294428509066,0.8060606060606059
heteroscedastic,4,0.1,1.0,predictivity,acquisition_overlap,0.4285294428509066,0.790277206784084
heteroscedastic,4,0.1,1.0,predictivity,eu_group0,0.4285294428509066,0.28484848484848485
heteroscedastic,4,0.1,1.0,predictivity,eu_group1,0.4285294428509066,0.8303030303030302
heteroscedastic,4,0.1,1.0,predictivity,eu_id,0.4285294428509066,0.7696969696969697
heteroscedastic,4,0.1,1.0,predictivity,eu_heldout,0.4285294428509066,0.8181818181818182
heteroscedastic,4,0.1,1.0,cca_type,eu_agreement,1.1304950642276879e-08,0.7939393939393938
heteroscedastic,4,0.1,1.0,cca_type,acquisition_overlap,1.1304950642276879e-08,0.8145934285312865
heteroscedastic,4,0.1,1.0,cca_type,eu_group0,1.1304950642276879e-08,0.406060606060606
heteroscedastic,4,0.1,1.0,cca_type,eu_group1,1.1304950642276879e-08,0.8666666666666665
heteroscedastic,4,0.1,1.0,cca_type,eu_id,1.1304950642276879e-08,0.6727272727272726
heteroscedastic,4,0.1,1.0,cca_type,eu_heldout,1.1304950642276879e-08,0.3939393939393939
heteroscedastic,4,0.1,1.0,smoother_001,eu_agreement,0.0527252446845915,0.7939393939393938
heteroscedastic,4,0.1,1.0,smoother_001,acquisition_overlap,0.0527252446845915,0.8145934285312865
heteroscedastic,4,0.1,1.0,smoother_001,eu_group0,0.0527252446845915,0.406060606060606
heteroscedastic,4,0.1,1.0,smoother_001,eu_group1,0.0527252446845915,0.8666666666666665
heteroscedastic,4,0.1,1.0,smoother_001,eu_id,0.0527252446845915,0.6727272727272726
heteroscedastic,4,0.1,1.0,smoother_001,eu_heldout,0.0527252446845915,0.3939393939393939
heteroscedastic,4,0.1,1.0,smoother_1,eu_agreement,0.19854869688097165,0.8909090909090909
heteroscedastic,4,0.1,1.0,smoother_1,acquisition_overlap,0.19854869688097165,0.8936211492096949
heteroscedastic,4,0.1,1.0,smoother_1,eu_group0,0.19854869688097165,0.5030303030303029
heteroscedastic,4,0.1,1.0,smoother_1,eu_group1,0.19854869688097165,0.9515151515151514
heteroscedastic,4,0.1,1.0,smoother_1,eu_id,0.19854869688097165,0.7818181818181817
heteroscedastic,4,0.1,1.0,smoother_1,eu_heldout,0.19854869688097165,0.4666666666666666
heteroscedastic,4,1.0,0.1,cka,eu_agreement,0.5535856302314879,0.9151515151515152
heteroscedastic,4,1.0,0.1,cka,acquisition_overlap,0.5535856302314879,0.597572084652722
heteroscedastic,4,1.0,0.1,cka,eu_group0,0.5535856302314879,0.6969696969696969
heteroscedastic,4,1.0,0.1,cka,eu_group1,0.5535856302314879,0.8909090909090909
heteroscedastic,4,1.0,0.1,cka,eu_id,0.5535856302314879,0.7696969696969697
heteroscedastic,4,1.0,0.1,cka,eu_heldout,0.5535856302314879,0.18787878787878787
heteroscedastic,4,1.0,0.1,mknn,eu_agreement,0.3600732600732601,0.9151515151515152
heteroscedastic,4,1.0,0.1,mknn,acquisition_overlap,0.3600732600732601,0.597572084652722
heteroscedastic,4,1.0,0.1,mknn,eu_group0,0.3600732600732601,0.6969696969696969
heteroscedastic,4,1.0,0.1,mknn,eu_group1,0.3600732600732601,0.8909090909090909
heteroscedastic,4,1.0,0.1,mknn,eu_id,0.3600732600732601,0.7696969696969697
heteroscedastic,4,1.0,0.1,mknn,eu_heldout,0.3600732600732601,0.18787878787878787
heteroscedastic,4,1.0,0.1,predictivity,eu_agreement,0.4285294428509066,0.7818181818181817
heteroscedastic,4,1.0,0.1,predictivity,acquisition_overlap,0.4285294428509066,0.5548883643203848
heteroscedastic,4,1.0,0.1,predictivity,eu_group0,0.4285294428509066,0.5757575757575757
heteroscedastic,4,1.0,0.1,predictivity,eu_group1,0.4285294428509066,0.7454545454545454
heteroscedastic,4,1.0,0.1,predictivity,eu_id,0.4285294428509066,0.7818181818181817
heteroscedastic,4,1.0,0.1,predictivity,eu_heldout,0.4285294428509066,0.6
heteroscedastic,4,1.0,0.1,cca_type,eu_agreement,1.1304950642276879e-08,0.9272727272727272
heteroscedastic,4,1.0,0.1,cca_type,acquisition_overlap,1.1304950642276879e-08,0.9024558013122741
heteroscedastic,4,1.0,0.1,cca_type,eu_group0,1.1304950642276879e-08,0.6727272727272726
heteroscedastic,4,1.0,0.1,cca_type,eu_group1,1.1304950642276879e-08,0.9151515151515152
heteroscedastic,4,1.0,0.1,cca_type,eu_id,1.1304950642276879e-08,0.7818181818181817
heteroscedastic,4,1.0,0.1,cca_type,eu_heldout,1.1304950642276879e-08,0.2121212121212121
heteroscedastic,4,1.0,0.1,smoother_001,eu_agreement,0.0527252446845915,0.9272727272727272
heteroscedastic,4,1.0,0.1,smoother_001,acquisition_overlap,0.0527252446845915,0.9024558013122741
heteroscedastic,4,1.0,0.1,smoother_001,eu_group0,0.0527252446845915,0.6727272727272726
heteroscedastic,4,1.0,0.1,smoother_001,eu_group1,0.0527252446845915,0.9151515151515152
heteroscedastic,4,1.0,0.1,smoother_001,eu_id,0.0527252446845915,0.7818181818181817
heteroscedastic,4,1.0,0.1,smoother_001,eu_heldout,0.0527252446845915,0.2121212121212121
heteroscedastic,4,1.0,0.1,smoother_1,eu_agreement,0.19854869688097165,0.9515151515151514
heteroscedastic,4,1.0,0.1,smoother_1,acquisition_overlap,0.19854869688097165,0.7865999889816444
heteroscedastic,4,1.0,0.1,smoother_1,eu_group0,0.19854869688097165,0.7696969696969697
heteroscedastic,4,1.0,0.1,smoother_1,eu_group1,0.19854869688097165,0.8909090909090909
heteroscedastic,4,1.0,0.1,smoother_1,eu_id,0.19854869688097165,0.8303030303030302
heteroscedastic,4,1.0,0.1,smoother_1,eu_heldout,0.19854869688097165,0.18787878787878787
heteroscedastic,4,1.0,0.25,cka,eu_agreement,0.5535856302314879,0.9515151515151514
heteroscedastic,4,1.0,0.25,cka,acquisition_overlap,0.5535856302314879,0.8658697553131279
heteroscedastic,4,1.0,0.25,cka,eu_group0,0.5535856302314879,0.709090909090909
heteroscedastic,4,1.0,0.25,cka,eu_group1,0.5535856302314879,0.9757575757575757
heteroscedastic,4,1.0,0.25,cka,eu_id,0.5535856302314879,0.9515151515151514
heteroscedastic,4,1.0,0.25,cka,eu_heldout,0.5535856302314879,0.4787878787878787
heteroscedastic,4,1.0,0.25,mknn,eu_agreement,0.3600732600732601,0.9515151515151514
heteroscedastic,4,1.0,0.25,mknn,acquisition_overlap,0.3600732600732601,0.8658697553131279
heteroscedastic,4,1.0,0.25,mknn,eu_group0,0.3600732600732601,0.709090909090909
heteroscedastic,4,1.0,0.25,mknn,eu_group1,0.3600732600732601,0.9757575757575757
heteroscedastic,4,1.0,0.25,mknn,eu_id,0.3600732600732601,0.9515151515151514
heteroscedastic,4,1.0,0.25,mknn,eu_heldout,0.3600732600732601,0.4787878787878787
heteroscedastic,4,1.0,0.25,predictivity,eu_agreement,0.4285294428509066,0.7818181818181817
heteroscedastic,4,1.0,0.25,predictivity,acquisition_overlap,0.4285294428509066,0.9390418473114204
heteroscedastic,4,1.0,0.25,predictivity,eu_group0,0.4285294428509066,0.5393939393939393
heteroscedastic,4,1.0,0.25,predictivity,eu_group1,0.4285294428509066,0.8787878787878788
heteroscedastic,4,1.0,0.25,predictivity,eu_id,0.4285294428509066,0.7818181818181817
heteroscedastic,4,1.0,0.25,predictivity,eu_heldout,0.4285294428509066,0.8181818181818182
heteroscedastic,4,1.0,0.25,cca_type,eu_agreement,1.1304950642276879e-08,0.8666666666666665
heteroscedastic,4,1.0,0.25,cca_type,acquisition_overlap,1.1304950642276879e-08,0.7744046403152623
heteroscedastic,4,1.0,0.25,cca_type,eu_group0,1.1304950642276879e-08,0.7333333333333332
heteroscedastic,4,1.0,0.25,cca_type,eu_group1,1.1304950642276879e-08,0.8909090909090909
heteroscedastic,4,1.0,0.25,cca_type,eu_id,1.1304950642276879e-08,0.8666666666666665
heteroscedastic,4,1.0,0.25,cca_type,eu_heldout,1.1304950642276879e-08,0.32121212121212117
heteroscedastic,4,1.0,0.25,smoother_001,eu_agreement,0.0527252446845915,0.8666666666666665
heteroscedastic,4,1.0,0.25,smoother_001,acquisition_overlap,0.0527252446845915,0.7744046403152623
heteroscedastic,4,1.0,0.25,smoother_001,eu_group0,0.0527252446845915,0.7333333333333332
heteroscedastic,4,1.0,0.25,smoother_001,eu_group1,0.0527252446845915,0.8909090909090909
heteroscedastic,4,1.0,0.25,smoother_001,eu_id,0.0527252446845915,0.8666666666666665
heteroscedastic,4,1.0,0.25,smoother_001,eu_heldout,0.0527252446845915,0.32121212121212117
heteroscedastic,4,1.0,0.25,smoother_1,eu_agreement,0.19854869688097165,0.9151515151515152
heteroscedastic,4,1.0,0.25,smoother_1,acquisition_overlap,0.19854869688097165,0.8902604526458922
heteroscedastic,4,1.0,0.25,smoother_1,eu_group0,0.19854869688097165,0.8060606060606059
heteroscedastic,4,1.0,0.25,smoother_1,eu_group1,0.19854869688097165,0.9636363636363635
heteroscedastic,4,1.0,0.25,smoother_1,eu_id,0.19854869688097165,0.9151515151515152
heteroscedastic,4,1.0,0.25,smoother_1,eu_heldout,0.19854869688097165,0.406060606060606
heteroscedastic,4,1.0,1.0,cka,eu_agreement,0.5535856302314879,0.9393939393939393
heteroscedastic,4,1.0,1.0,cka,acquisition_overlap,0.5535856302314879,0.8519979545631314
heteroscedastic,4,1.0,1.0,cka,eu_group0,0.5535856302314879,0.5151515151515151
heteroscedastic,4,1.0,1.0,cka,eu_group1,0.5535856302314879,0.9636363636363635
heteroscedastic,4,1.0,1.0,cka,eu_id,0.5535856302314879,0.9272727272727272
heteroscedastic,4,1.0,1.0,cka,eu_heldout,0.5535856302314879,0.406060606060606
heteroscedastic,4,1.0,1.0,mknn,eu_agreement,0.3600732600732601,0.9393939393939393
heteroscedastic,4,1.0,1.0,mknn,acquisition_overlap,0.3600732600732601,0.8519979545631314
heteroscedastic,4,1.0,1.0,mknn,eu_group0,0.3600732600732601,0.5151515151515151
heteroscedastic,4,1.0,1.0,mknn,eu_group1,0.3600732600732601,0.9636363636363635
heteroscedastic,4,1.0,1.0,mknn,eu_id,0.3600732600732601,0.9272727272727272
heteroscedastic,4,1.0,1.0,mknn,eu_heldout,0.3600732600732601,0.406060606060606
heteroscedastic,4,1.0,1.0,predictivity,eu_agreement,0.4285294428509066,0.7696969696969697
heteroscedastic,4,1.0,1.0,predictivity,acquisition_overlap,0.4285294428509066,0.8458240563416595
heteroscedastic,4,1.0,1.0,predictivity,eu_group0,0.4285294428509066,0.28484848484848485
heteroscedastic,4,1.0,1.0,predictivity,eu_group1,0.4285294428509066,0.8303030303030302
heteroscedastic,4,1.0,1.0,predictivity,eu_id,0.4285294428509066,0.8060606060606059
heteroscedastic,4,1.0,1.0,predictivity,eu_heldout,0.4285294428509066,0.7454545454545454
heteroscedastic,4,1.0,1.0,cca_type,eu_agreement,1.1304950642276879e-08,0.8545454545454544
heteroscedastic,4,1.0,1.0,cca_type,acquisition_overlap,1.1304950642276879e-08,0.8149545652342997
heteroscedastic,4,1.0,1.0,cca_type,eu_group0,1.1304950642276879e-08,0.406060606060606
heteroscedastic,4,1.0,1.0,cca_type,eu_group1,1.1304950642276879e-08,0.8666666666666665
heteroscedastic,4,1.0,1.0,cca_type,eu_id,1.1304950642276879e-08,0.7939393939393938
heteroscedastic,4,1.0,1.0,cca_type,eu_heldout,1.1304950642276879e-08,0.33333333333333326
heteroscedastic,4,1.0,1.0,smoother_001,eu_agreement,0.0527252446845915,0.8545454545454544
heteroscedastic,4,1.0,1.0,smoother_001,acquisition_overlap,0.0527252446845915,0.8149545652342997
heteroscedastic,4,1.0,1.0,smoother_001,eu_group0,0.0527252446845915,0.406060606060606
heteroscedastic,4,1.0,1.0,smoother_001,eu_group1,0.0527252446845915,0.8666666666666665
heteroscedastic,4,1.0,1.0,smoother_001,eu_id,0.0527252446845915,0.7939393939393938
heteroscedastic,4,1.0,1.0,smoother_001,eu_heldout,0.0527252446845915,0.33333333333333326
heteroscedastic,4,1.0,1.0,smoother_1,eu_agreement,0.19854869688097165,0.9272727272727272
heteroscedastic,4,1.0,1.0,smoother_1,acquisition_overlap,0.19854869688097165,0.8766935474490193
heteroscedastic,4,1.0,1.0,smoother_1,eu_group0,0.19854869688097165,0.5030303030303029
heteroscedastic,4,1.0,1.0,smoother_1,eu_group1,0.19854869688097165,0.9515151515151514
heteroscedastic,4,1.0,1.0,smoother_1,eu_id,0.19854869688097165,0.8909090909090909
heteroscedastic,4,1.0,1.0,smoother_1,eu_heldout,0.19854869688097165,0.3939393939393939
heteroscedastic,4,10.0,0.1,cka,eu_agreement,0.5535856302314879,0.9151515151515152
heteroscedastic,4,10.0,0.1,cka,acquisition_overlap,0.5535856302314879,0.587180674734059
heteroscedastic,4,10.0,0.1,cka,eu_group0,0.5535856302314879,0.6969696969696969
heteroscedastic,4,10.0,0.1,cka,eu_group1,0.5535856302314879,0.8909090909090909
heteroscedastic,4,10.0,0.1,cka,eu_id,0.5535856302314879,0.7696969696969697
heteroscedastic,4,10.0,0.1,cka,eu_heldout,0.5535856302314879,0.18787878787878787
heteroscedastic,4,10.0,0.1,mknn,eu_agreement,0.3600732600732601,0.9151515151515152
heteroscedastic,4,10.0,0.1,mknn,acquisition_overlap,0.3600732600732601,0.587180674734059
heteroscedastic,4,10.0,0.1,mknn,eu_group0,0.3600732600732601,0.6969696969696969
heteroscedastic,4,10.0,0.1,mknn,eu_group1,0.3600732600732601,0.8909090909090909
heteroscedastic,4,10.0,0.1,mknn,eu_id,0.3600732600732601,0.7696969696969697
heteroscedastic,4,10.0,0.1,mknn,eu_heldout,0.3600732600732601,0.18787878787878787
heteroscedastic,4,10.0,0.1,predictivity,eu_agreement,0.4285294428509066,0.7818181818181817
heteroscedastic,4,10.0,0.1,predictivity,acquisition_overlap,0.4285294428509066,0.5260160211159278
heteroscedastic,4,10.0,0.1,predictivity,eu_group0,0.4285294428509066,0.5757575757575757
heteroscedastic,4,10.0,0.1,predictivity,eu_group1,0.4285294428509066,0.7454545454545454
heteroscedastic,4,10.0,0.1,predictivity,eu_id,0.4285294428509066,0.7818181818181817
heteroscedastic,4,10.0,0.1,predictivity,eu_heldout,0.4285294428509066,0.6
heteroscedastic,4,10.0,0.1,cca_type,eu_agreement,1.1304950642276879e-08,0.9272727272727272
heteroscedastic,4,10.0,0.1,cca_type,acquisition_overlap,1.1304950642276879e-08,0.8991204081865277
heteroscedastic,4,10.0,0.1,cca_type,eu_group0,1.1304950642276879e-08,0.6727272727272726
heteroscedastic,4,10.0,0.1,cca_type,eu_group1,1.1304950642276879e-08,0.9151515151515152
heteroscedastic,4,10.0,0.1,cca_type,eu_id,1.1304950642276879e-08,0.7818181818181817
heteroscedastic,4,10.0,0.1,cca_type,eu_heldout,1.1304950642276879e-08,0.2121212121212121
heteroscedastic,4,10.0,0.1,smoother_001,eu_agreement,0.0527252446845915,0.9272727272727272
heteroscedastic,4,10.0,0.1,smoother_001,acquisition_overlap,0.0527252446845915,0.8991204081865277
heteroscedastic,4,10.0,0.1,smoother_001,eu_group0,0.0527252446845915,0.6727272727272726
heteroscedastic,4,10.0,0.1,smoother_001,eu_group1,0.0527252446845915,0.9151515151515152
heteroscedastic,4,10.0,0.1,smoother_001,eu_id,0.0527252446845915,0.7818181818181817
heteroscedastic,4,10.0,0.1,smoother_001,eu_heldout,0.0527252446845915,0.2121212121212121
heteroscedastic,4,10.0,0.1,smoother_1,eu_agreement,0.19854869688097165,0.9515151515151514
heteroscedastic,4,10.0,0.1,smoother_1,acquisition_overlap,0.19854869688097165,0.7767911009502655
heteroscedastic,4,10.0,0.1,smoother_1,eu_group0,0.19854869688097165,0.7696969696969697
heteroscedastic,4,10.0,0.1,smoother_1,eu_group1,0.19854869688097165,0.8909090909090909
heteroscedastic,4,10.0,0.1,smoother_1,eu_id,0.19854869688097165,0.8303030303030302
heteroscedastic,4,10.0,0.1,smoother_1,eu_heldout,0.19854869688097165,0.18787878787878787
heteroscedastic,4,10.0,0.25,cka,eu_agreement,0.5535856302314879,0.9515151515151514
heteroscedastic,4,10.0,0.25,cka,acquisition_overlap,0.5535856302314879,0.8658697553131279
heteroscedastic,4,10.0,0.25,cka,eu_group0,0.5535856302314879,0.709090909090909
heteroscedastic,4,10.0,0.25,cka,eu_group1,0.5535856302314879,0.9757575757575757
heteroscedastic,4,10.0,0.25,cka,eu_id,0.5535856302314879,0.9515151515151514
heteroscedastic,4,10.0,0.25,cka,eu_heldout,0.5535856302314879,0.4787878787878787
heteroscedastic,4,10.0,0.25,mknn,eu_agreement,0.3600732600732601,0.9515151515151514
heteroscedastic,4,10.0,0.25,mknn,acquisition_overlap,0.3600732600732601,0.8658697553131279
heteroscedastic,4,10.0,0.25,mknn,eu_group0,0.3600732600732601,0.709090909090909
heteroscedastic,4,10.0,0.25,mknn,eu_group1,0.3600732600732601,0.9757575757575757
heteroscedastic,4,10.0,0.25,mknn,eu_id,0.3600732600732601,0.9515151515151514
heteroscedastic,4,10.0,0.25,mknn,eu_heldout,0.3600732600732601,0.4787878787878787
heteroscedastic,4,10.0,0.25,predictivity,eu_agreement,0.4285294428509066,0.7818181818181817
heteroscedastic,4,10.0,0.25,predictivity,acquisition_overlap,0.4285294428509066,0.9390418473114204
heteroscedastic,4,10.0,0.25,predictivity,eu_group0,0.4285294428509066,0.5393939393939393
heteroscedastic,4,10.0,0.25,predictivity,eu_group1,0.4285294428509066,0.8787878787878788
heteroscedastic,4,10.0,0.25,predictivity,eu_id,0.4285294428509066,0.7818181818181817
heteroscedastic,4,10.0,0.25,predictivity,eu_heldout,0.4285294428509066,0.8181818181818182
heteroscedastic,4,10.0,0.25,cca_type,eu_agreement,1.1304950642276879e-08,0.8666666666666665
heteroscedastic,4,10.0,0.25,cca_type,acquisition_overlap,1.1304950642276879e-08,0.7744046403152623
heteroscedastic,4,10.0,0.25,cca_type,eu_group0,1.1304950642276879e-08,0.7333333333333332
heteroscedastic,4,10.0,0.25,cca_type,eu_group1,1.1304950642276879e-08,0.8909090909090909
heteroscedastic,4,10.0,0.25,cca_type,eu_id,1.1304950642276879e-08,0.8666666666666665
heteroscedastic,4,10.0,0.25,cca_type,eu_heldout,1.1304950642276879e-08,0.32121212121212117
heteroscedastic,4,10.0,0.25,smoother_001,eu_agreement,0.0527252446845915,0.8666666666666665
heteroscedastic,4,10.0,0.25,smoother_001,acquisition_overlap,0.0527252446845915,0.7744046403152623
heteroscedastic,4,10.0,0.25,smoother_001,eu_group0,0.0527252446845915,0.7333333333333332
heteroscedastic,4,10.0,0.25,smoother_001,eu_group1,0.0527252446845915,0.8909090909090909
heteroscedastic,4,10.0,0.25,smoother_001,eu_id,0.0527252446845915,0.8666666666666665
heteroscedastic,4,10.0,0.25,smoother_001,eu_heldout,0.0527252446845915,0.32121212121212117
heteroscedastic,4,10.0,0.25,smoother_1,eu_agreement,0.19854869688097165,0.9151515151515152
heteroscedastic,4,10.0,0.25,smoother_1,acquisition_overlap,0.19854869688097165,0.8902604526458922
heteroscedastic,4,10.0,0.25,smoother_1,eu_group0,0.19854869688097165,0.8060606060606059
heteroscedastic,4,10.0,0.25,smoother_1,eu_group1,0.19854869688097165,0.9636363636363635
heteroscedastic,4,10.0,0.25,smoother_1,eu_id,0.19854869688097165,0.9151515151515152
heteroscedastic,4,10.0,0.25,smoother_1,eu_heldout,0.19854869688097165,0.406060606060606
heteroscedastic,4,10.0,1.0,cka,eu_agreement,0.5535856302314879,0.9393939393939393
heteroscedastic,4,10.0,1.0,cka,acquisition_overlap,0.5535856302314879,0.8814630383360936
heteroscedastic,4,10.0,1.0,cka,eu_group0,0.5535856302314879,0.5515151515151515
heteroscedastic,4,10.0,1.0,cka,eu_group1,0.5535856302314879,0.9636363636363635
heteroscedastic,4,10.0,1.0,cka,eu_id,0.5535856302314879,0.9272727272727272
heteroscedastic,4,10.0,1.0,cka,eu_heldout,0.5535856302314879,0.32121212121212117
heteroscedastic,4,10.0,1.0,mknn,eu_agreement,0.3600732600732601,0.9393939393939393
heteroscedastic,4,10.0,1.0,mknn,acquisition_overlap,0.3600732600732601,0.8814630383360936
heteroscedastic,4,10.0,1.0,mknn,eu_group0,0.3600732600732601,0.5515151515151515
heteroscedastic,4,10.0,1.0,mknn,eu_group1,0.3600732600732601,0.9636363636363635
heteroscedastic,4,10.0,1.0,mknn,eu_id,0.3600732600732601,0.9272727272727272
heteroscedastic,4,10.0,1.0,mknn,eu_heldout,0.3600732600732601,0.32121212121212117
heteroscedastic,4,10.0,1.0,predictivity,eu_agreement,0.4285294428509066,0.7696969696969697
heteroscedastic,4,10.0,1.0,predictivity,acquisition_overlap,0.4285294428509066,0.8875420937728943
heteroscedastic,4,10.0,1.0,predictivity,eu_group0,0.4285294428509066,0.29696969696969694
heteroscedastic,4,10.0,1.0,predictivity,eu_group1,0.4285294428509066,0.8303030303030302
heteroscedastic,4,10.0,1.0,predictivity,eu_id,0.4285294428509066,0.8060606060606059
heteroscedastic,4,10.0,1.0,predictivity,eu_heldout,0.4285294428509066,0.6969696969696969
heteroscedastic,4,10.0,1.0,cca_type,eu_agreement,1.1304950642276879e-08,0.8545454545454544
heteroscedastic,4,10.0,1.0,cca_type,acquisition_overlap,1.1304950642276879e-08,0.8632258720256917
heteroscedastic,4,10.0,1.0,cca_type,eu_group0,1.1304950642276879e-08,0.4545454545454545
heteroscedastic,4,10.0,1.0,cca_type,eu_group1,1.1304950642276879e-08,0.8666666666666665
heteroscedastic,4,10.0,1.0,cca_type,eu_id,1.1304950642276879e-08,0.7939393939393938
heteroscedastic,4,10.0,1.0,cca_type,eu_heldout,1.1304950642276879e-08,0.2727272727272727
heteroscedastic,4,10.0,1.0,smoother_001,eu_agreement,0.0527252446845915,0.8545454545454544
heteroscedastic,4,10.0,1.0,smoother_001,acquisition_overlap,0.0527252446845915,0.8632258720256917
heteroscedastic,4,10.0,1.0,smoother_001,eu_group0,0.0527252446845915,0.4545454545454545
heteroscedastic,4,10.0,1.0,smoother_001,eu_group1,0.0527252446845915,0.8666666666666665
heteroscedastic,4,10.0,1.0,smoother_001,eu_id,0.0527252446845915,0.7939393939393938
heteroscedastic,4,10.0,1.0,smoother_001,eu_heldout,0.0527252446845915,0.2727272727272727
heteroscedastic,4,10.0,1.0,smoother_1,eu_agreement,0.19854869688097165,0.9272727272727272
heteroscedastic,4,10.0,1.0,smoother_1,acquisition_overlap,0.19854869688097165,0.9179373709568976
heteroscedastic,4,10.0,1.0,smoother_1,eu_group0,0.19854869688097165,0.5515151515151515
heteroscedastic,4,10.0,1.0,smoother_1,eu_group1,0.19854869688097165,0.9515151515151514
heteroscedastic,4,10.0,1.0,smoother_1,eu_id,0.19854869688097165,0.8909090909090909
heteroscedastic,4,10.0,1.0,smoother_1,eu_heldout,0.19854869688097165,0.309090909090909
homoscedastic,0,0.1,0.1,cka,eu_agreement,0.5518287549006318,0.9515151515151514
homoscedastic,0,0.1,0.1,cka,acquisition_overlap,0.5518287549006318,0.5288778230016562
homoscedastic,0,0.1,0.1,cka,eu_group0,0.5518287549006318,0.9515151515151514
homoscedastic,0,0.1,0.1,cka,eu_group1,0.5518287549006318,
homoscedastic,0,0.1,0.1,cka,eu_id,0.5518287549006318,0.9393939393939393
homoscedastic,0,0.1,0.1,cka,eu_heldout,0.5518287549006318,0.1515151515151515
homoscedastic,0,0.1,0.1,mknn,eu_agreement,0.3793040293040293,0.9393939393939393
homoscedastic,0,0.1,0.1,mknn,acquisition_overlap,0.3793040293040293,0.56535215562246
homoscedastic,0,0.1,0.1,mknn,eu_group0,0.3793040293040293,0.9393939393939393
homoscedastic,0,0.1,0.1,mknn,eu_group1,0.3793040293040293,
homoscedastic,0,0.1,0.1,mknn,eu_id,0.3793040293040293,0.9272727272727272
homoscedastic,0,0.1,0.1,mknn,eu_heldout,0.3793040293040293,0.12727272727272726
homoscedastic,0,0.1,0.1,predictivity,eu_agreement,0.4476375199270721,0.9030303030303028
homoscedastic,0,0.1,0.1,predictivity,acquisition_overlap,0.4476375199270721,0.6139845991168652
homoscedastic,0,0.1,0.1,predictivity,eu_group0,0.4476375199270721,0.9030303030303028
homoscedastic,0,0.1,0.1,predictivity,eu_group1,0.4476375199270721,
homoscedastic,0,0.1,0.1,predictivity,eu_id,0.4476375199270721,0.8787878787878788
homoscedastic,0,0.1,0.1,predictivity,eu_heldout,0.4476375199270721,0.41818181818181815
homoscedastic,0,0.1,0.1,cca_type,eu_agreement,1.3270836540790754e-08,0.9393939393939393
homoscedastic,0,0.1,0.1,cca_type,acquisition_overlap,1.3270836540790754e-08,0.6747751534848716
homoscedastic,0,0.1,0.1,cca_type,eu_group0,1.3270836540790754e-08,0.9393939393939393
homoscedastic,0,0.1,0.1,cca_type,eu_group1,1.3270836540790754e-08,
homoscedastic,0,0.1,0.1,cca_type,eu_id,1.3270836540790754e-08,0.9151515151515152
homoscedastic,0,0.1,0.1,cca_type,eu_heldout,1.3270836540790754e-08,0.01818181818181818
homoscedastic,0,0.1,0.1,smoother_001,eu_agreement,0.05567474553100005,0.9393939393939393
homoscedastic,0,0.1,0.1,smoother_001,acquisition_overlap,0.05567474553100005,0.6747751534848716
homoscedastic,0,0.1,0.1,smoother_001,eu_group0,0.05567474553100005,0.9393939393939393
homoscedastic,0,0.1,0.1,smoother_001,eu_group1,0.05567474553100005,
homoscedastic,0,0.1,0.1,smoother_001,eu_id,0.05567474553100005,0.9151515151515152
homoscedastic,0,0.1,0.1,smoother_001,eu_heldout,0.05567474553100005,0.01818181818181818
homoscedastic,0,0.1,0.1,smoother_1,eu_agreement,0.2005803699685882,0.9878787878787878
homoscedastic,0,0.1,0.1,smoother_1,acquisition_overlap,0.2005803699685882,0.6686960980480711
homoscedastic,0,0.1,0.1,smoother_1,eu_group0,0.2005803699685882,0.9878787878787878
homoscedastic,0,0.1,0.1,smoother_1,eu_group1,0.2005803699685882,
homoscedastic,0,0.1,0.1,smoother_1,eu_id,0.2005803699685882,0.9757575757575757
homoscedastic,0,0.1,0.1,smoother_1,eu_heldout,0.2005803699685882,0.0303030303030303
homoscedastic,0,0.1,0.25,cka,eu_agreement,0.5518287549006318,0.9151515151515152
homoscedastic,0,0.1,0.25,cka,acquisition_overlap,0.5518287549006318,0.8267515394048879
homoscedastic,0,0.1,0.25,cka,eu_group0,0.5518287549006318,0.9151515151515152
homoscedastic,0,0.1,0.25,cka,eu_group1,0.5518287549006318,
homoscedastic,0,0.1,0.25,cka,eu_id,0.5518287549006318,0.9151515151515152
homoscedastic,0,0.1,0.25,cka,eu_heldout,0.5518287549006318,0.6606060606060605
homoscedastic,0,0.1,0.25,mknn,eu_agreement,0.3793040293040293,0.9030303030303028
homoscedastic,0,0.1,0.25,mknn,acquisition_overlap,0.3793040293040293,0.772040040473682
homoscedastic,0,0.1,0.25,mknn,eu_group0,0.3793040293040293,0.9030303030303028
homoscedastic,0,0.1,0.25,mknn,eu_group1,0.3793040293040293,
homoscedastic,0,0.1,0.25,mknn,eu_id,0.3793040293040293,0.9030303030303028
homoscedastic,0,0.1,0.25,mknn,eu_heldout,0.3793040293040293,0.6242424242424242
homoscedastic,0,0.1,0.25,predictivity,eu_agreement,0.4476375199270721,0.8545454545454544
homoscedastic,0,0.1,0.25,predictivity,acquisition_overlap,0.4476375199270721,0.8632258720256917
homoscedastic,0,0.1,0.25,predictivity,eu_group0,0.4476375199270721,0.8545454545454544
homoscedastic,0,0.1,0.25,predictivity,eu_group1,0.4476375199270721,
homoscedastic,0,0.1,0.25,predictivity,eu_id,0.4476375199270721,0.8545454545454544
homoscedastic,0,0.1,0.25,predictivity,eu_heldout,0.4476375199270721,0.8060606060606059
homoscedastic,0,0.1,0.25,cca_type,eu_agreement,1.3270836540790754e-08,0.9393939393939393
homoscedastic,0,0.1,0.25,cca_type,acquisition_overlap,1.3270836540790754e-08,0.8753839828992931
homoscedastic,0,0.1,0.25,cca_type,eu_group0,1.3270836540790754e-08,0.9393939393939393
homoscedastic,0,0.1,0.25,cca_type,eu_group1,1.3270836540790754e-08,
homoscedastic,0,0.1,0.25,cca_type,eu_id,1.3270836540790754e-08,0.9393939393939393
homoscedastic,0,0.1,0.25,cca_type,eu_heldout,1.3270836540790754e-08,0.4424242424242424
homoscedastic,0,0.1,0.25,smoother_001,eu_agreement,0.05567474553100005,0.9393939393939393
homoscedastic,0,0.1,0.25,smoother_001,acquisition_overlap,0.05567474553100005,0.8753839828992931
homoscedastic,0,0.1,0.25,smoother_001,eu_group0,0.05567474553100005,0.9393939393939393
homoscedastic,0,0.1,0.25,smoother_001,eu_group1,0.05567474553100005,
homoscedastic,0,0.1,0.25,smoother_001,eu_id,0.05567474553100005,0.9393939393939393
homoscedastic,0,0.1,0.25,smoother_001,eu_heldout,0.05567474553100005,0.4424242424242424
homoscedastic,0,0.1,0.25,smoother_1,eu_agreement,0.2005803699685882,0.9515151515151514
homoscedastic,0,0.1,0.25,smoother_1,acquisition_overlap,0.2005803699685882,0.8389096502784891
homoscedastic,0,0.1,0.25,smoother_1,eu_group0,0.2005803699685882,0.9515151515151514
homoscedastic,0,0.1,0.25,smoother_1,eu_group1,0.2005803699685882,
homoscedastic,0,0.1,0.25,smoother_1,eu_id,0.2005803699685882,0.9515151515151514
homoscedastic,0,0.1,0.25,smoother_1,eu_heldout,0.2005803699685882,0.4424242424242424
homoscedastic,0,0.1,1.0,cka,eu_agreement,0.5518287549006318,0.9515151515151514
homoscedastic,0,0.1,1.0,cka,acquisition_overlap,0.5518287549006318,0.772040040473682
homoscedastic,0,0.1,1.0,cka,eu_group0,0.5518287549006318,0.9515151515151514
homoscedastic,0,0.1,1.0,cka,eu_group1,0.5518287549006318,
homoscedastic,0,0.1,1.0,cka,eu_id,0.5518287549006318,0.9393939393939393
homoscedastic,0,0.1,1.0,cka,eu_heldout,0.5518287549006318,0.5757575757575757
homoscedastic,0,0.1,1.0,mknn,eu_agreement,0.3793040293040293,0.9393939393939393
homoscedastic,0,0.1,1.0,mknn,acquisition_overlap,0.3793040293040293,0.7112494861056756
homoscedastic,0,0.1,1.0,mknn,eu_group0,0.3793040293040293,0.9393939393939393
homoscedastic,0,0.1,1.0,mknn,eu_group1,0.3793040293040293,
homoscedastic,0,0.1,1.0,mknn,eu_id,0.3793040293040293,0.9515151515151514
homoscedastic,0,0.1,1.0,mknn,eu_heldout,0.3793040293040293,0.5515151515151515
homoscedastic,0,0.1,1.0,predictivity,eu_agreement,0.4476375199270721,0.8909090909090909
homoscedastic,0,0.1,1.0,predictivity,acquisition_overlap,0.4476375199270721,0.8571468165888911
homoscedastic,0,0.1,1.0,predictivity,eu_group0,0.4476375199270721,0.8909090909090909
homoscedastic,0,0.1,1.0,predictivity,eu_group1,0.4476375199270721,
homoscedastic,0,0.1,1.0,predictivity,eu_id,0.4476375199270721,0.8666666666666665
homoscedastic,0,0.1,1.0,predictivity,eu_heldout,0.4476375199270721,0.7696969696969697
homoscedastic,0,0.1,1.0,cca_type,eu_agreement,1.3270836540790754e-08,0.8545454545454544
homoscedastic,0,0.1,1.0,cca_type,acquisition_overlap,1.3270836540790754e-08,0.8024353176576852
homoscedastic,0,0.1,1.0,cca_type,eu_group0,1.3270836540790754e-08,0.8545454545454544
homoscedastic,0,0.1,1.0,cca_type,eu_group1,1.3270836540790754e-08,
homoscedastic,0,0.1,1.0,cca_type,eu_id,1.3270836540790754e-08,0.8303030303030302
homoscedastic,0,0.1,1.0,cca_type,eu_heldout,1.3270836540790754e-08,0.3696969696969697
homoscedastic,0,0.1,1.0,smoother_001,eu_agreement,0.05567474553100005,0.8545454545454544
homoscedastic,0,0.1,1.0,smoother_001,acquisition_overlap,0.05567474553100005,0.8024353176576852
homoscedastic,0,0.1,1.0,smoother_001,eu_group0,0.05567474553100005,0.8545454545454544
homoscedastic,0,0.1,1.0,smoother_001,eu_group1,0.05567474553100005,
homoscedastic,0,0.1,1.0,smoother_001,eu_id,0.05567474553100005,0.8303030303030302
homoscedastic,0,0.1,1.0,smoother_001,eu_heldout,0.05567474553100005,0.3696969696969697
homoscedastic,0,0.1,1.0,smoother_1,eu_agreement,0.2005803699685882,0.8909090909090909
homoscedastic,0,0.1,1.0,smoother_1,acquisition_overlap,0.2005803699685882,0.7781190959104827
homoscedastic,0,0.1,1.0,smoother_1,eu_group0,0.2005803699685882,0.8909090909090909
homoscedastic,0,0.1,1.0,smoother_1,eu_group1,0.2005803699685882,
homoscedastic,0,0.1,1.0,smoother_1,eu_id,0.2005803699685882,0.8787878787878788
homoscedastic,0,0.1,1.0,smoother_1,eu_heldout,0.2005803699685882,0.38181818181818183
homoscedastic,0,1.0,0.1,cka,eu_agreement,0.5518287549006318,0.9515151515151514
homoscedastic,0,1.0,0.1,cka,acquisition_overlap,0.5518287549006318,0.5749477440104327
homoscedastic,0,1.0,0.1,cka,eu_group0,0.5518287549006318,0.9515151515151514
homoscedastic,0,1.0,0.1,cka,eu_group1,0.5518287549006318,
homoscedastic,0,1.0,0.1,cka,eu_id,0.5518287549006318,0.9393939393939393
homoscedastic,0,1.0,0.1,cka,eu_heldout,0.5518287549006318,0.1515151515151515
homoscedastic,0,1.0,0.1,mknn,eu_agreement,0.3793040293040293,0.9393939393939393
homoscedastic,0,1.0,0.1,mknn,acquisition_overlap,0.3793040293040293,0.6116465361813115
homoscedastic,0,1.0,0.1,mknn,eu_group0,0.3793040293040293,0.9393939393939393
homoscedastic,0,1.0,0.1,mknn,eu_group1,0.3793040293040293,
homoscedastic,0,1.0,0.1,mknn,eu_id,0.3793040293040293,0.9272727272727272
homoscedastic,0,1.0,0.1,mknn,eu_heldout,0.3793040293040293,0.12727272727272726
homoscedastic,0,1.0,0.1,predictivity,eu_agreement,0.4476375199270721,0.9030303030303028
homoscedastic,0,1.0,0.1,predictivity,acquisition_overlap,0.4476375199270721,0.6544617937140031
homoscedastic,0,1.0,0.1,predictivity,eu_group0,0.4476375199270721,0.9030303030303028
homoscedastic,0,1.0,0.1,predictivity,eu_group1,0.4476375199270721,
homoscedastic,0,1.0,0.1,predictivity,eu_id,0.4476375199270721,0.8787878787878788
homoscedastic,0,1.0,0.1,predictivity,eu_heldout,0.4476375199270721,0.41818181818181815
homoscedastic,0,1.0,0.1,cca_type,eu_agreement,1.3270836540790754e-08,0.9393939393939393
homoscedastic,0,1.0,0.1,cca_type,acquisition_overlap,1.3270836540790754e-08,0.697277051246695
homoscedastic,0,1.0,0.1,cca_type,eu_group0,1.3270836540790754e-08,0.9393939393939393
homoscedastic,0,1.0,0.1,cca_type,eu_group1,1.3270836540790754e-08,
homoscedastic,0,1.0,0.1,cca_type,eu_id,1.3270836540790754e-08,0.9151515151515152
homoscedastic,0,1.0,0.1,cca_type,eu_heldout,1.3270836540790754e-08,0.01818181818181818
homoscedastic,0,1.0,0.1,smoother_001,eu_agreement,0.05567474553100005,0.9393939393939393
homoscedastic,0,1.0,0.1,smoother_001,acquisition_overlap,0.05567474553100005,0.697277051246695
homoscedastic,0,1.0,0.1,smoother_001,eu_group0,0.05567474553100005,0.9393939393939393
homoscedastic,0,1.0,0.1,smoother_001,eu_group1,0.05567474553100005,
homoscedastic,0,1.0,0.1,smoother_001,eu_id,0.05567474553100005,0.9151515151515152
homoscedastic,0,1.0,0.1,smoother_001,eu_heldout,0.05567474553100005,0.01818181818181818
homoscedastic,0,1.0,0.1,smoother_1,eu_agreement,0.2005803699685882,0.9878787878787878
homoscedastic,0,1.0,0.1,smoother_1,acquisition_overlap,0.2005803699685882,0.6850441205230687
homoscedastic,0,1.0,0.1,smoother_1,eu_group0,0.2005803699685882,0.9878787878787878
homoscedastic,0,1.0,0.1,smoother_1,eu_group1,0.2005803699685882,
homoscedastic,0,1.0,0.1,smoother_1,eu_id,0.2005803699685882,0.9757575757575757
homoscedastic,0,1.0,0.1,smoother_1,eu_heldout,0.2005803699685882,0.0303030303030303
homoscedastic,0,1.0,0.25,cka,eu_agreement,0.5518287549006318,0.9151515151515152
homoscedastic,0,1.0,0.25,cka,acquisition_overlap,0.5518287549006318,0.8519979545631314
homoscedastic,0,1.0,0.25,cka,eu_group0,0.5518287549006318,0.9151515151515152
homoscedastic,0,1.0,0.25,cka,eu_group1,0.5518287549006318,
homoscedastic,0,1.0,0.25,cka,eu_id,0.5518287549006318,0.9151515151515152
homoscedastic,0,1.0,0.25,cka,eu_heldout,0.5518287549006318,0.6
homoscedastic,0,1.0,0.25,mknn,eu_agreement,0.3793040293040293,0.9030303030303028
homoscedastic,0,1.0,0.25,mknn,acquisition_overlap,0.3793040293040293,0.7964328705698838
homoscedastic,0,1.0,0.25,mknn,eu_group0,0.3793040293040293,0.9030303030303028
homoscedastic,0,1.0,0.25,mknn,eu_group1,0.3793040293040293,
homoscedastic,0,1.0,0.25,mknn,eu_id,0.3793040293040293,0.9030303030303028
homoscedastic,0,1.0,0.25,mknn,eu_heldout,0.3793040293040293,0.5515151515151515
homoscedastic,0,1.0,0.25,predictivity,eu_agreement,0.4476375199270721,0.8545454545454544
homoscedastic,0,1.0,0.25,predictivity,acquisition_overlap,0.4476375199270721,0.919910834999323
homoscedastic,0,1.0,0.25,predictivity,eu_group0,0.4476375199270721,0.8545454545454544
homoscedastic,0,1.0,0.25,predictivity,eu_group1,0.4476375199270721,
homoscedastic,0,1.0,0.25,predictivity,eu_id,0.4476375199270721,0.8545454545454544
homoscedastic,0,1.0,0.25,predictivity,eu_heldout,0.4476375199270721,0.7696969696969697
homoscedastic,0,1.0,0.25,cca_type,eu_agreement,1.3270836540790754e-08,0.9393939393939393
homoscedastic,0,1.0,0.25,cca_type,acquisition_overlap,1.3270836540790754e-08,0.8705196492275473
homoscedastic,0,1.0,0.25,cca_type,eu_group0,1.3270836540790754e-08,0.9393939393939393
homoscedastic,0,1.0,0.25,cca_type,eu_group1,1.3270836540790754e-08,
homoscedastic,0,1.0,0.25,cca_type,eu_id,1.3270836540790754e-08,0.9393939393939393
homoscedastic,0,1.0,0.25,cca_type,eu_heldout,1.3270836540790754e-08,0.3939393939393939
homoscedastic,0,1.0,0.25,smoother_001,eu_agreement,0.05567474553100005,0.9393939393939393
homoscedastic,0,1.0,0.25,smoother_001,acquisition_overlap,0.05567474553100005,0.8705196492275473
homoscedastic,0,1.0,0.25,smoother_001,eu_group0,0.05567474553100005,0.9393939393939393
homoscedastic,0,1.0,0.25,smoother_001,eu_group1,0.05567474553100005,
homoscedastic,0,1.0,0.25,smoother_001,eu_id,0.05567474553100005,0.9393939393939393
homoscedastic,0,1.0,0.25,smoother_001,eu_heldout,0.05567474553100005,0.3939393939393939
homoscedastic,0,1.0,0.25,smoother_1,eu_agreement,0.2005803699685882,0.9515151515151514
homoscedastic,0,1.0,0.25,smoother_1,acquisition_overlap,0.2005803699685882,0.8581718527846034
homoscedastic,0,1.0,0.25,smoother_1,eu_group0,0.2005803699685882,0.9515151515151514
homoscedastic,0,1.0,0.25,smoother_1,eu_group1,0.2005803699685882,
homoscedastic,0,1.0,0.25,smoother_1,eu_id,0.2005803699685882,0.9515151515151514
homoscedastic,0,1.0,0.25,smoother_1,eu_heldout,0.2005803699685882,0.3939393939393939
homoscedastic,0,1.0,1.0,cka,eu_agreement,0.5518287549006318,0.9393939393939393
homoscedastic,0,1.0,1.0,cka,acquisition_overlap,0.5518287549006318,0.8510677611520905
homoscedastic,0,1.0,1.0,cka,eu_group0,0.5518287549006318,0.9393939393939393
homoscedastic,0,1.0,1.0,cka,eu_group1,0.5518287549006318,
homoscedastic,0,1.0,1.0,cka,eu_id,0.5518287549006318,0.9393939393939393
homoscedastic,0,1.0,1.0,cka,eu_heldout,0.5518287549006318,0.5757575757575757
homoscedastic,0,1.0,1.0,mknn,eu_agreement,0.3793040293040293,0.9515151515151514
homoscedastic,0,1.0,1.0,mknn,acquisition_overlap,0.3793040293040293,0.8024353176576852
homoscedastic,0,1.0,1.0,mknn,eu_group0,0.3793040293040293,0.9515151515151514
homoscedastic,0,1.0,1.0,mknn,eu_group1,0.3793040293040293,
homoscedastic,0,1.0,1.0,mknn,eu_id,0.3793040293040293,0.9515151515151514
homoscedastic,0,1.0,1.0,mknn,eu_heldout,0.3793040293040293,0.5515151515151515
homoscedastic,0,1.0,1.0,predictivity,eu_agreement,0.4476375199270721,0.8666666666666665
homoscedastic,0,1.0,1.0,predictivity,acquisition_overlap,0.4476375199270721,0.8814630383360936
homoscedastic,0,1.0,1.0,predictivity,eu_group0,0.4476375199270721,0.8666666666666665
homoscedastic,0,1.0,1.0,predictivity,eu_group1,0.4476375199270721,
homoscedastic,0,1.0,1.0,predictivity,eu_id,0.4476375199270721,0.8666666666666665
homoscedastic,0,1.0,1.0,predictivity,eu_heldout,0.4476375199270721,0.7696969696969697
homoscedastic,0,1.0,1.0,cca_type,eu_agreement,1.3270836540790754e-08,0.8303030303030302
homoscedastic,0,1.0,1.0,cca_type,acquisition_overlap,1.3270836540790754e-08,0.8632258720256917
homoscedastic,0,1.0,1.0,cca_type,eu_group0,1.3270836540790754e-08,0.8303030303030302
homoscedastic,0,1.0,1.0,cca_type,eu_group1,1.3270836540790754e-08,
homoscedastic,0,1.0,1.0,cca_type,eu_id,1.3270836540790754e-08,0.7454545454545454
homoscedastic,0,1.0,1.0,cca_type,eu_heldout,1.3270836540790754e-08,0.3696969696969697
homoscedastic,0,1.0,1.0,smoother_001,eu_agreement,0.05567474553100005,0.8303030303030302
homoscedastic,0,1.0,1.0,smoother_001,acquisition_overlap,0.05567474553100005,0.8632258720256917
homoscedastic,0,1.0,1.0,smoother_001,eu_group0,0.05567474553100005,0.8303030303030302
homoscedastic,0,1.0,1.0,smoother_001,eu_group1,0.05567474553100005,
homoscedastic,0,1.0,1.0,smoother_001,eu_id,0.05567474553100005,0.7454545454545454
homoscedastic,0,1.0,1.0,smoother_001,eu_heldout,0.05567474553100005,0.3696969696969697
homoscedastic,0,1.0,1.0,smoother_1,eu_agreement,0.2005803699685882,0.8787878787878788
homoscedastic,0,1.0,1.0,smoother_1,acquisition_overlap,0.2005803699685882,0.8449887057152898
homoscedastic,0,1.0,1.0,smoother_1,eu_group0,0.2005803699685882,0.8787878787878788
homoscedastic,0,1.0,1.0,smoother_1,eu_group1,0.2005803699685882,
homoscedastic,0,1.0,1.0,smoother_1,eu_id,0.2005803699685882,0.8181818181818182
homoscedastic,0,1.0,1.0,smoother_1,eu_heldout,0.2005803699685882,0.38181818181818183
homoscedastic,0,10.0,0.1,cka,eu_agreement,0.5518287549006318,0.9515151515151514
homoscedastic,0,10.0,0.1,cka,acquisition_overlap,0.5518287549006318,0.5749477440104327
homoscedastic,0,10.0,0.1,cka,eu_group0,0.5518287549006318,0.9515151515151514
homoscedastic,0,10.0,0.1,cka,eu_group1,0.5518287549006318,
homoscedastic,0,10.0,0.1,cka,eu_id,0.5518287549006318,0.9393939393939393
homoscedastic,0,10.0,0.1,cka,eu_heldout,0.5518287549006318,0.1515151515151515
homoscedastic,0,10.0,0.1,mknn,eu_agreement,0.3793040293040293,0.9393939393939393
homoscedastic,0,10.0,0.1,mknn,acquisition_overlap,0.3793040293040293,0.6116465361813115
homoscedastic,0,10.0,0.1,mknn,eu_group0,0.3793040293040293,0.9393939393939393
homoscedastic,0,10.0,0.1,mknn,eu_group1,0.3793040293040293,
homoscedastic,0,10.0,0.1,mknn,eu_id,0.3793040293040293,0.9272727272727272
homoscedastic,0,10.0,0.1,mknn,eu_heldout,0.3793040293040293,0.12727272727272726
homoscedastic,0,10.0,0.1,predictivity,eu_agreement,0.4476375199270721,0.9030303030303028
homoscedastic,0,10.0,0.1,predictivity,acquisition_overlap,0.4476375199270721,0.6544617937140031
homoscedastic,0,10.0,0.1,predictivity,eu_group0,0.4476375199270721,0.9030303030303028
homoscedastic,0,10.0,0.1,predictivity,eu_group1,0.4476375199270721,
homoscedastic,0,10.0,0.1,predictivity,eu_id,0.4476375199270721,0.8787878787878788
homoscedastic,0,10.0,0.1,predictivity,eu_heldout,0.4476375199270721,0.41818181818181815
homoscedastic,0,10.0,0.1,cca_type,eu_agreement,1.3270836540790754e-08,0.9393939393939393
homoscedastic,0,10.0,0.1,cca_type,acquisition_overlap,1.3270836540790754e-08,0.697277051246695
homoscedastic,0,10.0,0.1,cca_type,eu_group0,1.3270836540790754e-08,0.9393939393939393
homoscedastic,0,10.0,0.1,cca_type,eu_group1,1.3270836540790754e-08,
homoscedastic,0,10.0,0.1,cca_type,eu_id,1.3270836540790754e-08,0.9151515151515152
homoscedastic,0,10.0,0.1,cca_type,eu_heldout,1.3270836540790754e-08,0.01818181818181818
homoscedastic,0,10.0,0.1,smoother_001,eu_agreement,0.05567474553100005,0.9393939393939393
homoscedastic,0,10.0,0.1,smoother_001,acquisition_overlap,0.05567474553100005,0.697277051246695
homoscedastic,0,10.0,0.1,smoother_001,eu_group0,0.05567474553100005,0.9393939393939393
homoscedastic,0,10.0,0.1,smoother_001,eu_group1,0.05567474553100005,
homoscedastic,0,10.0,0.1,smoother_001,eu_id,0.05567474553100005,0.9151515151515152
homoscedastic,0,10.0,0.1,smoother_001,eu_heldout,0.05567474553100005,0.01818181818181818
homoscedastic,0,10.0,0.1,smoother_1,eu_agreement,0.2005803699685882,0.9878787878787878
homoscedastic,0,10.0,0.1,smoother_1,acquisition_overlap,0.2005803699685882,0.6850441205230687
homoscedastic,0,10.0,0.1,smoother_1,eu_group0,0.2005803699685882,0.9878787878787878
homoscedastic,0,10.0,0.1,smoother_1,eu_group1,0.2005803699685882,
homoscedastic,0,10.0,0.1,smoother_1,eu_id,0.2005803699685882,0.9757575757575757
homoscedastic,0,10.0,0.1,smoother_1,eu_heldout,0.2005803699685882,0.0303030303030303
homoscedastic,0,10.0,0.25,cka,eu_agreement,0.5518287549006318,0.9151515151515152
homoscedastic,0,10.0,0.25,cka,acquisition_overlap,0.5518287549006318,0.8519979545631314
homoscedastic,0,10.0,0.25,cka,eu_group0,0.5518287549006318,0.9151515151515152
homoscedastic,0,10.0,0.25,cka,eu_group1,0.5518287549006318,
homoscedastic,0,10.0,0.25,cka,eu_id,0.5518287549006318,0.9151515151515152
homoscedastic,0,10.0,0.25,cka,eu_heldout,0.5518287549006318,0.6
homoscedastic,0,10.0,0.25,mknn,eu_agreement,0.3793040293040293,0.9030303030303028
homoscedastic,0,10.0,0.25,mknn,acquisition_overlap,0.3793040293040293,0.7964328705698838
homoscedastic,0,10.0,0.25,mknn,eu_group0,0.3793040293040293,0.9030303030303028
homoscedastic,0,10.0,0.25,mknn,eu_group1,0.3793040293040293,
homoscedastic,0,10.0,0.25,mknn,eu_id,0.3793040293040293,0.9030303030303028
homoscedastic,0,10.0,0.25,mknn,eu_heldout,0.3793040293040293,0.5515151515151515
homoscedastic,0,10.0,0.25,predictivity,eu_agreement,0.4476375199270721,0.8545454545454544
homoscedastic,0,10.0,0.25,predictivity,acquisition_overlap,0.4476375199270721,0.919910834999323
homoscedastic,0,10.0,0.25,predictivity,eu_group0,0.4476375199270721,0.8545454545454544
homoscedastic,0,10.0,0.25,predictivity,eu_group1,0.4476375199270721,
homoscedastic,0,10.0,0.25,predictivity,eu_id,0.4476375199270721,0.8545454545454544
homoscedastic,0,10.0,0.25,predictivity,eu_heldout,0.4476375199270721,0.7696969696969697
homoscedastic,0,10.0,0.25,cca_type,eu_agreement,1.3270836540790754e-08,0.9393939393939393
homoscedastic,0,10.0,0.25,cca_type,acquisition_overlap,1.3270836540790754e-08,0.8705196492275473
homoscedastic,0,10.0,0.25,cca_type,eu_group0,1.3270836540790754e-08,0.9393939393939393
homoscedastic,0,10.0,0.25,cca_type,eu_group1,1.3270836540790754e-08,
homoscedastic,0,10.0,0.25,cca_type,eu_id,1.3270836540790754e-08,0.9393939393939393
homoscedastic,0,10.0,0.25,cca_type,eu_heldout,1.3270836540790754e-08,0.3939393939393939
homoscedastic,0,10.0,0.25,smoother_001,eu_agreement,0.05567474553100005,0.9393939393939393
homoscedastic,0,10.0,0.25,smoother_001,acquisition_overlap,0.05567474553100005,0.8705196492275473
homoscedastic,0,10.0,0.25,smoother_001,eu_group0,0.05567474553100005,0.9393939393939393
homoscedastic,0,10.0,0.25,smoother_001,eu_group1,0.05567474553100005,
homoscedastic,0,10.0,0.25,smoother_001,eu_id,0.05567474553100005,0.9393939393939393
homoscedastic,0,10.0,0.25,smoother_001,eu_heldout,0.05567474553100005,0.3939393939393939
homoscedastic,0,10.0,0.25,smoother_1,eu_agreement,0.2005803699685882,0.9515151515151514
homoscedastic,0,10.0,0.25,smoother_1,acquisition_overlap,0.2005803699685882,0.8581718527846034
homoscedastic,0,10.0,0.25,smoother_1,eu_group0,0.2005803699685882,0.9515151515151514
homoscedastic,0,10.0,0.25,smoother_1,eu_group1,0.2005803699685882,
homoscedastic,0,10.0,0.25,smoother_1,eu_id,0.2005803699685882,0.9515151515151514
homoscedastic,0,10.0,0.25,smoother_1,eu_heldout,0.2005803699685882,0.3939393939393939
homoscedastic,0,10.0,1.0,cka,eu_agreement,0.5518287549006318,0.9393939393939393
homoscedastic,0,10.0,1.0,cka,acquisition_overlap,0.5518287549006318,0.8414790579803637
homoscedastic,0,10.0,1.0,cka,eu_group0,0.5518287549006318,0.9393939393939393
homoscedastic,0,10.0,1.0,cka,eu_group1,0.5518287549006318,
homoscedastic,0,10.0,1.0,cka,eu_id,0.5518287549006318,0.9393939393939393
homoscedastic,0,10.0,1.0,cka,eu_heldout,0.5518287549006318,0.5757575757575757
homoscedastic,0,10.0,1.0,mknn,eu_agreement,0.3793040293040293,0.9515151515151514
homoscedastic,0,10.0,1.0,mknn,acquisition_overlap,0.3793040293040293,0.7926976633148354
homoscedastic,0,10.0,1.0,mknn,eu_group0,0.3793040293040293,0.9515151515151514
homoscedastic,0,10.0,1.0,mknn,eu_group1,0.3793040293040293,
homoscedastic,0,10.0,1.0,mknn,eu_id,0.3793040293040293,0.9515151515151514
homoscedastic,0,10.0,1.0,mknn,eu_heldout,0.3793040293040293,0.5515151515151515
homoscedastic,0,10.0,1.0,predictivity,eu_agreement,0.4476375199270721,0.8666666666666665
homoscedastic,0,10.0,1.0,predictivity,acquisition_overlap,0.4476375199270721,0.8902604526458922
homoscedastic,0,10.0,1.0,predictivity,eu_group0,0.4476375199270721,0.8666666666666665
homoscedastic,0,10.0,1.0,predictivity,eu_group1,0.4476375199270721,
homoscedastic,0,10.0,1.0,predictivity,eu_id,0.4476375199270721,0.8666666666666665
homoscedastic,0,10.0,1.0,predictivity,eu_heldout,0.4476375199270721,0.7696969696969697
homoscedastic,0,10.0,1.0,cca_type,eu_agreement,1.3270836540790754e-08,0.8303030303030302
homoscedastic,0,10.0,1.0,cca_type,acquisition_overlap,1.3270836540790754e-08,0.859772080979937
homoscedastic,0,10.0,1.0,cca_type,eu_group0,1.3270836540790754e-08,0.8303030303030302
homoscedastic,0,10.0,1.0,cca_type,eu_group1,1.3270836540790754e-08,
homoscedastic,0,10.0,1.0,cca_type,eu_id,1.3270836540790754e-08,0.7454545454545454
homoscedastic,0,10.0,1.0,cca_type,eu_heldout,1.3270836540790754e-08,0.3696969696969697
homoscedastic,0,10.0,1.0,smoother_001,eu_agreement,0.05567474553100005,0.8303030303030302
homoscedastic,0,10.0,1.0,smoother_001,acquisition_overlap,0.05567474553100005,0.859772080979937
homoscedastic,0,10.0,1.0,smoother_001,eu_group0,0.05567474553100005,0.8303030303030302
homoscedastic,0,10.0,1.0,smoother_001,eu_group1,0.05567474553100005,
homoscedastic,0,10.0,1.0,smoother_001,eu_id,0.05567474553100005,0.7454545454545454
homoscedastic,0,10.0,1.0,smoother_001,eu_heldout,0.05567474553100005,0.3696969696969697
homoscedastic,0,10.0,1.0,smoother_1,eu_agreement,0.2005803699685882,0.8787878787878788
homoscedastic,0,10.0,1.0,smoother_1,acquisition_overlap,0.2005803699685882,0.8414790579803637
homoscedastic,0,10.0,1.0,smoother_1,eu_group0,0.2005803699685882,0.8787878787878788
homoscedastic,0,10.0,1.0,smoother_1,eu_group1,0.2005803699685882,
homoscedastic,0,10.0,1.0,smoother_1,eu_id,0.2005803699685882,0.8181818181818182
homoscedastic,0,10.0,1.0,smoother_1,eu_heldout,0.2005803699685882,0.38181818181818183
homoscedastic,1,0.1,0.1,cka,eu_agreement,0.5338367740077932,0.9515151515151514
homoscedastic,1,0.1,0.1,cka,acquisition_overlap,0.5338367740077932,0.6911605858848819
homoscedastic,1,0.1,0.1,cka,eu_group0,0.5338367740077932,0.9515151515151514
homoscedastic,1,0.1,0.1,cka,eu_group1,0.5338367740077932,
homoscedastic,1,0.1,0.1,cka,eu_id,0.5338367740077932,0.9393939393939393
homoscedastic,1,0.1,0.1,cka,eu_heldout,0.5338367740077932,0.19999999999999998
homoscedastic,1,0.1,0.1,mknn,eu_agreement,0.3371794871794872,0.9393939393939393
homoscedastic,1,0.1,0.1,mknn,acquisition_overlap,0.3371794871794872,0.642228862990377
homoscedastic,1,0.1,0.1,mknn,eu_group0,0.3371794871794872,0.9393939393939393
homoscedastic,1,0.1,0.1,mknn,eu_group1,0.3371794871794872,
homoscedastic,1,0.1,0.1,mknn,eu_id,0.3371794871794872,0.9272727272727272
homoscedastic,1,0.1,0.1,mknn,eu_heldout,0.3371794871794872,0.16363636363636364
homoscedastic,1,0.1,0.1,predictivity,eu_agreement,0.43677592556475553,0.8666666666666665
homoscedastic,1,0.1,0.1,predictivity,acquisition_overlap,0.43677592556475553,0.7156264473321343
homoscedastic,1,0.1,0.1,predictivity,eu_group0,0.43677592556475553,0.8666666666666665
homoscedastic,1,0.1,0.1,predictivity,eu_group1,0.43677592556475553,
homoscedastic,1,0.1,0.1,predictivity,eu_id,0.43677592556475553,0.8303030303030302
homoscedastic,1,0.1,0.1,predictivity,eu_heldout,0.43677592556475553,0.4666666666666666
homoscedastic,1,0.1,0.1,cca_type,eu_agreement,1.303889662906954e-08,0.8909090909090909
homoscedastic,1,0.1,0.1,cca_type,acquisition_overlap,1.303889662906954e-08,0.7462087741411999
homoscedastic,1,0.1,0.1,cca_type,eu_group0,1.303889662906954e-08,0.8909090909090909
homoscedastic,1,0.1,0.1,cca_type,eu_group1,1.303889662906954e-08,
homoscedastic,1,0.1,0.1,cca_type,eu_id,1.303889662906954e-08,0.8666666666666665
homoscedastic,1,0.1,0.1,cca_type,eu_heldout,1.303889662906954e-08,0.11515151515151514
homoscedastic,1,0.1,0.1,smoother_001,eu_agreement,0.05389484210977746,0.8909090909090909
homoscedastic,1,0.1,0.1,smoother_001,acquisition_overlap,0.05389484210977746,0.7462087741411999
homoscedastic,1,0.1,0.1,smoother_001,eu_group0,0.05389484210977746,0.8909090909090909
homoscedastic,1,0.1,0.1,smoother_001,eu_group1,0.05389484210977746,
homoscedastic,1,0.1,0.1,smoother_001,eu_id,0.05389484210977746,0.8666666666666665
homoscedastic,1,0.1,0.1,smoother_001,eu_heldout,0.05389484210977746,0.11515151515151514
homoscedastic,1,0.1,0.1,smoother_1,eu_agreement,0.19449129722155856,0.8909090909090909
homoscedastic,1,0.1,0.1,smoother_1,acquisition_overlap,0.19449129722155856,0.6850441205230687
homoscedastic,1,0.1,0.1,smoother_1,eu_group0,0.19449129722155856,0.8909090909090909
homoscedastic,1,0.1,0.1,smoother_1,eu_group1,0.19449129722155856,
homoscedastic,1,0.1,0.1,smoother_1,eu_id,0.19449129722155856,0.8787878787878788
homoscedastic,1,0.1,0.1,smoother_1,eu_heldout,0.19449129722155856,0.07878787878787878
homoscedastic,1,0.1,0.25,cka,eu_agreement,0.5338367740077932,0.9393939393939393
homoscedastic,1,0.1,0.25,cka,acquisition_overlap,0.5338367740077932,0.6359115168116126
homoscedastic,1,0.1,0.25,cka,eu_group0,0.5338367740077932,0.9393939393939393
homoscedastic,1,0.1,0.25,cka,eu_group1,0.5338367740077932,
homoscedastic,1,0.1,0.25,cka,eu_id,0.5338367740077932,0.9393939393939393
homoscedastic,1,0.1,0.25,cka,eu_heldout,0.5338367740077932,0.5030303030303029
homoscedastic,1,0.1,0.25,mknn,eu_agreement,0.3371794871794872,0.9272727272727272
homoscedastic,1,0.1,0.25,mknn,acquisition_overlap,0.3371794871794872,0.5988681274827808
homoscedastic,1,0.1,0.25,mknn,eu_group0,0.3371794871794872,0.9272727272727272
homoscedastic,1,0.1,0.25,mknn,eu_group1,0.3371794871794872,
homoscedastic,1,0.1,0.25,mknn,eu_id,0.3371794871794872,0.9272727272727272
homoscedastic,1,0.1,0.25,mknn,eu_heldout,0.3371794871794872,0.4666666666666666
homoscedastic,1,0.1,0.25,predictivity,eu_agreement,0.43677592556475553,0.8303030303030302
homoscedastic,1,0.1,0.25,predictivity,acquisition_overlap,0.43677592556475553,0.7223460919122202
homoscedastic,1,0.1,0.25,predictivity,eu_group0,0.43677592556475553,0.8303030303030302
homoscedastic,1,0.1,0.25,predictivity,eu_group1,0.43677592556475553,
homoscedastic,1,0.1,0.25,predictivity,eu_id,0.43677592556475553,0.8303030303030302
homoscedastic,1,0.1,0.25,predictivity,eu_heldout,0.43677592556475553,0.7333333333333332
homoscedastic,1,0.1,0.25,cca_type,eu_agreement,1.303889662906954e-08,0.8666666666666665
homoscedastic,1,0.1,0.25,cca_type,acquisition_overlap,1.303889662906954e-08,0.6976504990263324
homoscedastic,1,0.1,0.25,cca_type,eu_group0,1.303889662906954e-08,0.8666666666666665
homoscedastic,1,0.1,0.25,cca_type,eu_group1,1.303889662906954e-08,
homoscedastic,1,0.1,0.25,cca_type,eu_id,1.303889662906954e-08,0.8666666666666665
homoscedastic,1,0.1,0.25,cca_type,eu_heldout,1.303889662906954e-08,0.23636363636363633
homoscedastic,1,0.1,0.25,smoother_001,eu_agreement,0.05389484210977746,0.8666666666666665
homoscedastic,1,0.1,0.25,smoother_001,acquisition_overlap,0.05389484210977746,0.6976504990263324
homoscedastic,1,0.1,0.25,smoother_001,eu_group0,0.05389484210977746,0.8666666666666665
homoscedastic,1,0.1,0.25,smoother_001,eu_group1,0.05389484210977746,
homoscedastic,1,0.1,0.25,smoother_001,eu_id,0.05389484210977746,0.8666666666666665
homoscedastic,1,0.1,0.25,smoother_001,eu_heldout,0.05389484210977746,0.23636363636363633
homoscedastic,1,0.1,0.25,smoother_1,eu_agreement,0.19449129722155856,0.8787878787878788
homoscedastic,1,0.1,0.25,smoother_1,acquisition_overlap,0.19449129722155856,0.6606071096975006
homoscedastic,1,0.1,0.25,smoother_1,eu_group0,0.19449129722155856,0.8787878787878788
homoscedastic,1,0.1,0.25,smoother_1,eu_group1,0.19449129722155856,
homoscedastic,1,0.1,0.25,smoother_1,eu_id,0.19449129722155856,0.8787878787878788
homoscedastic,1,0.1,0.25,smoother_1,eu_heldout,0.19449129722155856,0.2727272727272727
homoscedastic,1,0.1,1.0,cka,eu_agreement,0.5338367740077932,0.9515151515151514
homoscedastic,1,0.1,1.0,cka,acquisition_overlap,0.5338367740077932,0.8902604526458922
homoscedastic,1,0.1,1.0,cka,eu_group0,0.5338367740077932,0.9515151515151514
homoscedastic,1,0.1,1.0,cka,eu_group1,0.5338367740077932,
homoscedastic,1,0.1,1.0,cka,eu_id,0.5338367740077932,0.9515151515151514
homoscedastic,1,0.1,1.0,cka,eu_heldout,0.5338367740077932,0.6
homoscedastic,1,0.1,1.0,mknn,eu_agreement,0.3371794871794872,0.9393939393939393
homoscedastic,1,0.1,1.0,mknn,acquisition_overlap,0.3371794871794872,0.8536744066467458
homoscedastic,1,0.1,1.0,mknn,eu_group0,0.3371794871794872,0.9393939393939393
homoscedastic,1,0.1,1.0,mknn,eu_group1,0.3371794871794872,
homoscedastic,1,0.1,1.0,mknn,eu_id,0.3371794871794872,0.9393939393939393
homoscedastic,1,0.1,1.0,mknn,eu_heldout,0.3371794871794872,0.5757575757575757
homoscedastic,1,0.1,1.0,predictivity,eu_agreement,0.43677592556475553,0.8424242424242423
homoscedastic,1,0.1,1.0,predictivity,acquisition_overlap,0.43677592556475553,0.8536744066467458
homoscedastic,1,0.1,1.0,predictivity,eu_group0,0.43677592556475553,0.8424242424242423
homoscedastic,1,0.1,1.0,predictivity,eu_group1,0.43677592556475553,
homoscedastic,1,0.1,1.0,predictivity,eu_id,0.43677592556475553,0.8424242424242423
homoscedastic,1,0.1,1.0,predictivity,eu_heldout,0.43677592556475553,0.7575757575757575
homoscedastic,1,0.1,1.0,cca_type,eu_agreement,1.303889662906954e-08,0.8545454545454544
homoscedastic,1,0.1,1.0,cca_type,acquisition_overlap,1.303889662906954e-08,0.7561116173156892
homoscedastic,1,0.1,1.0,cca_type,eu_group0,1.303889662906954e-08,0.8545454545454544
homoscedastic,1,0.1,1.0,cca_type,eu_group1,1.303889662906954e-08,
homoscedastic,1,0.1,1.0,cca_type,eu_id,1.303889662906954e-08,0.8545454545454544
homoscedastic,1,0.1,1.0,cca_type,eu_heldout,1.303889662906954e-08,0.32121212121212117
homoscedastic,1,0.1,1.0,smoother_001,eu_agreement,0.05389484210977746,0.8545454545454544
homoscedastic,1,0.1,1.0,smoother_001,acquisition_overlap,0.05389484210977746,0.7561116173156892
homoscedastic,1,0.1,1.0,smoother_001,eu_group0,0.05389484210977746,0.8545454545454544
homoscedastic,1,0.1,1.0,smoother_001,eu_group1,0.05389484210977746,
homoscedastic,1,0.1,1.0,smoother_001,eu_id,0.05389484210977746,0.8545454545454544
homoscedastic,1,0.1,1.0,smoother_001,eu_heldout,0.05389484210977746,0.32121212121212117
homoscedastic,1,0.1,1.0,smoother_1,eu_agreement,0.19449129722155856,0.8909090909090909
homoscedastic,1,0.1,1.0,smoother_1,acquisition_overlap,0.19449129722155856,0.7987953376480265
homoscedastic,1,0.1,1.0,smoother_1,eu_group0,0.19449129722155856,0.8909090909090909
homoscedastic,1,0.1,1.0,smoother_1,eu_group1,0.19449129722155856,
homoscedastic,1,0.1,1.0,smoother_1,eu_id,0.19449129722155856,0.8909090909090909
homoscedastic,1,0.1,1.0,smoother_1,eu_heldout,0.19449129722155856,0.35757575757575755
homoscedastic,1,1.0,0.1,cka,eu_agreement,0.5338367740077932,0.9515151515151514
homoscedastic,1,1.0,0.1,cka,acquisition_overlap,0.5338367740077932,0.6911605858848819
homoscedastic,1,1.0,0.1,cka,eu_group0,0.5338367740077932,0.9515151515151514
homoscedastic,1,1.0,0.1,cka,eu_group1,0.5338367740077932,
homoscedastic,1,1.0,0.1,cka,eu_id,0.5338367740077932,0.9393939393939393
homoscedastic,1,1.0,0.1,cka,eu_heldout,0.5338367740077932,0.19999999999999998
homoscedastic,1,1.0,0.1,mknn,eu_agreement,0.3371794871794872,0.9393939393939393
homoscedastic,1,1.0,0.1,mknn,acquisition_overlap,0.3371794871794872,0.642228862990377
homoscedastic,1,1.0,0.1,mknn,eu_group0,0.3371794871794872,0.9393939393939393
homoscedastic,1,1.0,0.1,mknn,eu_group1,0.3371794871794872,
homoscedastic,1,1.0,0.1,mknn,eu_id,0.3371794871794872,0.9272727272727272
homoscedastic,1,1.0,0.1,mknn,eu_heldout,0.3371794871794872,0.16363636363636364
homoscedastic,1,1.0,0.1,predictivity,eu_agreement,0.43677592556475553,0.8666666666666665
homoscedastic,1,1.0,0.1,predictivity,acquisition_overlap,0.43677592556475553,0.7156264473321343
homoscedastic,1,1.0,0.1,predictivity,eu_group0,0.43677592556475553,0.8666666666666665
homoscedastic,1,1.0,0.1,predictivity,eu_group1,0.43677592556475553,
homoscedastic,1,1.0,0.1,predictivity,eu_id,0.43677592556475553,0.8303030303030302
homoscedastic,1,1.0,0.1,predictivity,eu_heldout,0.43677592556475553,0.4666666666666666
homoscedastic,1,1.0,0.1,cca_type,eu_agreement,1.303889662906954e-08,0.8909090909090909
homoscedastic,1,1.0,0.1,cca_type,acquisition_overlap,1.303889662906954e-08,0.7462087741411999
homoscedastic,1,1.0,0.1,cca_type,eu_group0,1.303889662906954e-08,0.8909090909090909
homoscedastic,1,1.0,0.1,cca_type,eu_group1,1.303889662906954e-08,
homoscedastic,1,1.0,0.1,cca_type,eu_id,1.303889662906954e-08,0.8666666666666665
homoscedastic,1,1.0,0.1,cca_type,eu_heldout,1.303889662906954e-08,0.11515151515151514
homoscedastic,1,1.0,0.1,smoother_001,eu_agreement,0.05389484210977746,0.8909090909090909
homoscedastic,1,1.0,0.1,smoother_001,acquisition_overlap,0.05389484210977746,0.7462087741411999
homoscedastic,1,1.0,0.1,smoother_001,eu_group0,0.05389484210977746,0.8909090909090909
homoscedastic,1,1.0,0.1,smoother_001,eu_group1,0.05389484210977746,
homoscedastic,1,1.0,0.1,smoother_001,eu_id,0.05389484210977746,0.8666666666666665
homoscedastic,1,1.0,0.1,smoother_001,eu_heldout,0.05389484210977746,0.11515151515151514
homoscedastic,1,1.0,0.1,smoother_1,eu_agreement,0.19449129722155856,0.8909090909090909
homoscedastic,1,1.0,0.1,smoother_1,acquisition_overlap,0.19449129722155856,0.6850441205230687
homoscedastic,1,1.0,0.1,smoother_1,eu_group0,0.19449129722155856,0.8909090909090909
homoscedastic,1,1.0,0.1,smoother_1,eu_group1,0.19449129722155856,
homoscedastic,1,1.0,0.1,smoother_1,eu_id,0.19449129722155856,0.8787878787878788
homoscedastic,1,1.0,0.1,smoother_1,eu_heldout,0.19449129722155856,0.07878787878787878
homoscedastic,1,1.0,0.25,cka,eu_agreement,0.5338367740077932,0.9393939393939393
homoscedastic,1,1.0,0.25,cka,acquisition_overlap,0.5338367740077932,0.6359115168116126
homoscedastic,1,1.0,0.25,cka,eu_group0,0.5338367740077932,0.9393939393939393
homoscedastic,1,1.0,0.25,cka,eu_group1,0.5338367740077932,
homoscedastic,1,1.0,0.25,cka,eu_id,0.5338367740077932,0.9393939393939393
homoscedastic,1,1.0,0.25,cka,eu_heldout,0.5338367740077932,0.6
homoscedastic,1,1.0,0.25,mknn,eu_agreement,0.3371794871794872,0.9272727272727272
homoscedastic,1,1.0,0.25,mknn,acquisition_overlap,0.3371794871794872,0.5988681274827808
homoscedastic,1,1.0,0.25,mknn,eu_group0,0.3371794871794872,0.9272727272727272
homoscedastic,1,1.0,0.25,mknn,eu_group1,0.3371794871794872,
homoscedastic,1,1.0,0.25,mknn,eu_id,0.3371794871794872,0.9272727272727272
homoscedastic,1,1.0,0.25,mknn,eu_heldout,0.3371794871794872,0.5636363636363636
homoscedastic,1,1.0,0.25,predictivity,eu_agreement,0.43677592556475553,0.8303030303030302
homoscedastic,1,1.0,0.25,predictivity,acquisition_overlap,0.43677592556475553,0.7223460919122202
homoscedastic,1,1.0,0.25,predictivity,eu_group0,0.43677592556475553,0.8303030303030302
homoscedastic,1,1.0,0.25,predictivity,eu_group1,0.43677592556475553,
homoscedastic,1,1.0,0.25,predictivity,eu_id,0.43677592556475553,0.8303030303030302
homoscedastic,1,1.0,0.25,predictivity,eu_heldout,0.43677592556475553,0.7696969696969697
homoscedastic,1,1.0,0.25,cca_type,eu_agreement,1.303889662906954e-08,0.8666666666666665
homoscedastic,1,1.0,0.25,cca_type,acquisition_overlap,1.303889662906954e-08,0.6976504990263324
homoscedastic,1,1.0,0.25,cca_type,eu_group0,1.303889662906954e-08,0.8666666666666665
homoscedastic,1,1.0,0.25,cca_type,eu_group1,1.303889662906954e-08,
homoscedastic,1,1.0,0.25,cca_type,eu_id,1.303889662906954e-08,0.8666666666666665
homoscedastic,1,1.0,0.25,cca_type,eu_heldout,1.303889662906954e-08,0.33333333333333326
homoscedastic,1,1.0,0.25,smoother_001,eu_agreement,0.05389484210977746,0.8666666666666665
homoscedastic,1,1.0,0.25,smoother_001,acquisition_overlap,0.05389484210977746,0.6976504990263324
homoscedastic,1,1.0,0.25,smoother_001,eu_group0,0.05389484210977746,0.8666666666666665
homoscedastic,1,1.0,0.25,smoother_001,eu_group1,0.05389484210977746,
homoscedastic,1,1.0,0.25,smoother_001,eu_id,0.05389484210977746,0.8666666666666665
homoscedastic,1,1.0,0.25,smoother_001,eu_heldout,0.05389484210977746,0.33333333333333326
homoscedastic,1,1.0,0.25,smoother_1,eu_agreement,0.19449129722155856,0.8787878787878788
homoscedastic,1,1.0,0.25,smoother_1,acquisition_overlap,0.19449129722155856,0.6606071096975006
homoscedastic,1,1.0,0.25,smoother_1,eu_group0,0.19449129722155856,0.8787878787878788
homoscedastic,1,1.0,0.25,smoother_1,eu_group1,0.19449129722155856,
homoscedastic,1,1.0,0.25,smoother_1,eu_id,0.19449129722155856,0.8787878787878788
homoscedastic,1,1.0,0.25,smoother_1,eu_heldout,0.19449129722155856,0.34545454545454546
homoscedastic,1,1.0,1.0,cka,eu_agreement,0.5338367740077932,0.9515151515151514
homoscedastic,1,1.0,1.0,cka,acquisition_overlap,0.5338367740077932,0.8379557545683965
homoscedastic,1,1.0,1.0,cka,eu_group0,0.5338367740077932,0.9515151515151514
homoscedastic,1,1.0,1.0,cka,eu_group1,0.5338367740077932,
homoscedastic,1,1.0,1.0,cka,eu_id,0.5338367740077932,0.9515151515151514
homoscedastic,1,1.0,1.0,cka,eu_heldout,0.5338367740077932,0.5757575757575757
homoscedastic,1,1.0,1.0,mknn,eu_agreement,0.3371794871794872,0.9393939393939393
homoscedastic,1,1.0,1.0,mknn,acquisition_overlap,0.3371794871794872,0.8134898931211442
homoscedastic,1,1.0,1.0,mknn,eu_group0,0.3371794871794872,0.9393939393939393
homoscedastic,1,1.0,1.0,mknn,eu_group1,0.3371794871794872,
homoscedastic,1,1.0,1.0,mknn,eu_id,0.3371794871794872,0.9393939393939393
homoscedastic,1,1.0,1.0,mknn,eu_heldout,0.3371794871794872,0.5636363636363636
homoscedastic,1,1.0,1.0,predictivity,eu_agreement,0.43677592556475553,0.8424242424242423
homoscedastic,1,1.0,1.0,predictivity,acquisition_overlap,0.43677592556475553,0.8196063584829573
homoscedastic,1,1.0,1.0,predictivity,eu_group0,0.43677592556475553,0.8424242424242423
homoscedastic,1,1.0,1.0,predictivity,eu_group1,0.43677592556475553,
homoscedastic,1,1.0,1.0,predictivity,eu_id,0.43677592556475553,0.8424242424242423
homoscedastic,1,1.0,1.0,predictivity,eu_heldout,0.43677592556475553,0.7212121212121211
homoscedastic,1,1.0,1.0,cca_type,eu_agreement,1.303889662906954e-08,0.8545454545454544
homoscedastic,1,1.0,1.0,cca_type,acquisition_overlap,1.303889662906954e-08,0.7095099819703212
homoscedastic,1,1.0,1.0,cca_type,eu_group0,1.303889662906954e-08,0.8545454545454544
homoscedastic,1,1.0,1.0,cca_type,eu_group1,1.303889662906954e-08,
homoscedastic,1,1.0,1.0,cca_type,eu_id,1.303889662906954e-08,0.8545454545454544
homoscedastic,1,1.0,1.0,cca_type,eu_heldout,1.303889662906954e-08,0.309090909090909
homoscedastic,1,1.0,1.0,smoother_001,eu_agreement,0.05389484210977746,0.8545454545454544
homoscedastic,1,1.0,1.0,smoother_001,acquisition_overlap,0.05389484210977746,0.7095099819703212
homoscedastic,1,1.0,1.0,smoother_001,eu_group0,0.05389484210977746,0.8545454545454544
homoscedastic,1,1.0,1.0,smoother_001,eu_group1,0.05389484210977746,
homoscedastic,1,1.0,1.0,smoother_001,eu_id,0.05389484210977746,0.8545454545454544
homoscedastic,1,1.0,1.0,smoother_001,eu_heldout,0.05389484210977746,0.309090909090909
homoscedastic,1,1.0,1.0,smoother_1,eu_agreement,0.19449129722155856,0.8909090909090909
homoscedastic,1,1.0,1.0,smoother_1,acquisition_overlap,0.19449129722155856,0.7584417048648262
homoscedastic,1,1.0,1.0,smoother_1,eu_group0,0.19449129722155856,0.8909090909090909
homoscedastic,1,1.0,1.0,smoother_1,eu_group1,0.19449129722155856,
homoscedastic,1,1.0,1.0,smoother_1,eu_id,0.19449129722155856,0.8909090909090909
homoscedastic,1,1.0,1.0,smoother_1,eu_heldout,0.19449129722155856,0.33333333333333326
homoscedastic,1,10.0,0.1,cka,eu_agreement,0.5338367740077932,0.9515151515151514
homoscedastic,1,10.0,0.1,cka,acquisition_overlap,0.5338367740077932,0.6911605858848819
homoscedastic,1,10.0,0.1,cka,eu_group0,0.5338367740077932,0.9515151515151514
homoscedastic,1,10.0,0.1,cka,eu_group1,0.5338367740077932,
homoscedastic,1,10.0,0.1,cka,eu_id,0.5338367740077932,0.9393939393939393
homoscedastic,1,10.0,0.1,cka,eu_heldout,0.5338367740077932,0.19999999999999998
homoscedastic,1,10.0,0.1,mknn,eu_agreement,0.3371794871794872,0.9393939393939393
homoscedastic,1,10.0,0.1,mknn,acquisition_overlap,0.3371794871794872,0.642228862990377
homoscedastic,1,10.0,0.1,mknn,eu_group0,0.3371794871794872,0.9393939393939393
homoscedastic,1,10.0,0.1,mknn,eu_group1,0.3371794871794872,
homoscedastic,1,10.0,0.1,mknn,eu_id,0.3371794871794872,0.9272727272727272
homoscedastic,1,10.0,0.1,mknn,eu_heldout,0.3371794871794872,0.16363636363636364
homoscedastic,1,10.0,0.1,predictivity,eu_agreement,0.43677592556475553,0.8666666666666665
homoscedastic,1,10.0,0.1,predictivity,acquisition_overlap,0.43677592556475553,0.7156264473321343
homoscedastic,1,10.0,0.1,predictivity,eu_group0,0.43677592556475553,0.8666666666666665
homoscedastic,1,10.0,0.1,predictivity,eu_group1,0.43677592556475553,
homoscedastic,1,10.0,0.1,predictivity,eu_id,0.43677592556475553,0.8303030303030302
homoscedastic,1,10.0,0.1,predictivity,eu_heldout,0.43677592556475553,0.4666666666666666
homoscedastic,1,10.0,0.1,cca_type,eu_agreement,1.303889662906954e-08,0.8909090909090909
homoscedastic,1,10.0,0.1,cca_type,acquisition_overlap,1.303889662906954e-08,0.7462087741411999
homoscedastic,1,10.0,0.1,cca_type,eu_group0,1.303889662906954e-08,0.8909090909090909
homoscedastic,1,10.0,0.1,cca_type,eu_group1,1.303889662906954e-08,
homoscedastic,1,10.0,0.1,cca_type,eu_id,1.303889662906954e-08,0.8666666666666665
homoscedastic,1,10.0,0.1,cca_type,eu_heldout,1.303889662906954e-08,0.11515151515151514
homoscedastic,1,10.0,0.1,smoother_001,eu_agreement,0.05389484210977746,0.8909090909090909
homoscedastic,1,10.0,0.1,smoother_001,acquisition_overlap,0.05389484210977746,0.7462087741411999
homoscedastic,1,10.0,0.1,smoother_001,eu_group0,0.05389484210977746,0.8909090909090909
homoscedastic,1,10.0,0.1,smoother_001,eu_group1,0.05389484210977746,
homoscedastic,1,10.0,0.1,smoother_001,eu_id,0.05389484210977746,0.8666666666666665
homoscedastic,1,10.0,0.1,smoother_001,eu_heldout,0.05389484210977746,0.11515151515151514
homoscedastic,1,10.0,0.1,smoother_1,eu_agreement,0.19449129722155856,0.8909090909090909
homoscedastic,1,10.0,0.1,smoother_1,acquisition_overlap,0.19449129722155856,0.6850441205230687
homoscedastic,1,10.0,0.1,smoother_1,eu_group0,0.19449129722155856,0.8909090909090909
homoscedastic,1,10.0,0.1,smoother_1,eu_group1,0.19449129722155856,
homoscedastic,1,10.0,0.1,smoother_1,eu_id,0.19449129722155856,0.8787878787878788
homoscedastic,1,10.0,0.1,smoother_1,eu_heldout,0.19449129722155856,0.07878787878787878
homoscedastic,1,10.0,0.25,cka,eu_agreement,0.5338367740077932,0.9393939393939393
homoscedastic,1,10.0,0.25,cka,acquisition_overlap,0.5338367740077932,0.6359115168116126
homoscedastic,1,10.0,0.25,cka,eu_group0,0.5338367740077932,0.9393939393939393
homoscedastic,1,10.0,0.25,cka,eu_group1,0.5338367740077932,
homoscedastic,1,10.0,0.25,cka,eu_id,0.5338367740077932,0.9393939393939393
homoscedastic,1,10.0,0.25,cka,eu_heldout,0.5338367740077932,0.6
homoscedastic,1,10.0,0.25,mknn,eu_agreement,0.3371794871794872,0.9272727272727272
homoscedastic,1,10.0,0.25,mknn,acquisition_overlap,0.3371794871794872,0.5988681274827808
homoscedastic,1,10.0,0.25,mknn,eu_group0,0.3371794871794872,0.9272727272727272
homoscedastic,1,10.0,0.25,mknn,eu_group1,0.3371794871794872,
homoscedastic,1,10.0,0.25,mknn,eu_id,0.3371794871794872,0.9272727272727272
homoscedastic,1,10.0,0.25,mknn,eu_heldout,0.3371794871794872,0.5636363636363636
homoscedastic,1,10.0,0.25,predictivity,eu_agreement,0.43677592556475553,0.8303030303030302
homoscedastic,1,10.0,0.25,predictivity,acquisition_overlap,0.43677592556475553,0.7223460919122202
homoscedastic,1,10.0,0.25,predictivity,eu_group0,0.43677592556475553,0.8303030303030302
homoscedastic,1,10.0,0.25,predictivity,eu_group1,0.43677592556475553,
homoscedastic,1,10.0,0.25,predictivity,eu_id,0.43677592556475553,0.8303030303030302
homoscedastic,1,10.0,0.25,predictivity,eu_heldout,0.43677592556475553,0.7696969696969697
homoscedastic,1,10.0,0.25,cca_type,eu_agreement,1.303889662906954e-08,0.8666666666666665
homoscedastic,1,10.0,0.25,cca_type,acquisition_overlap,1.303889662906954e-08,0.6976504990263324
homoscedastic,1,10.0,0.25,cca_type,eu_group0,1.303889662906954e-08,0.8666666666666665
homoscedastic,1,10.0,0.25,cca_type,eu_group1,1.303889662906954e-08,
homoscedastic,1,10.0,0.25,cca_type,eu_id,1.303889662906954e-08,0.8666666666666665
homoscedastic,1,10.0,0.25,cca_type,eu_heldout,1.303889662906954e-08,0.33333333333333326
homoscedastic,1,10.0,0.25,smoother_001,eu_agreement,0.05389484210977746,0.8666666666666665
homoscedastic,1,10.0,0.25,smoother_001,acquisition_overlap,0.05389484210977746,0.6976504990263324
homoscedastic,1,10.0,0.25,smoother_001,eu_group0,0.05389484210977746,0.8666666666666665
homoscedastic,1,10.0,0.25,smoother_001,eu_group1,0.05389484210977746,
homoscedastic,1,10.0,0.25,smoother_001,eu_id,0.05389484210977746,0.8666666666666665
homoscedastic,1,10.0,0.25,smoother_001,eu_heldout,0.05389484210977746,0.33333333333333326
homoscedastic,1,10.0,0.25,smoother_1,eu_agreement,0.19449129722155856,0.8787878787878788
homoscedastic,1,10.0,0.25,smoother_1,acquisition_overlap,0.19449129722155856,0.6606071096975006
homoscedastic,1,10.0,0.25,smoother_1,eu_group0,0.19449129722155856,0.8787878787878788
homoscedastic,1,10.0,0.25,smoother_1,eu_group1,0.19449129722155856,
homoscedastic,1,10.0,0.25,smoother_1,eu_id,0.19449129722155856,0.8787878787878788
homoscedastic,1,10.0,0.25,smoother_1,eu_heldout,0.19449129722155856,0.34545454545454546
homoscedastic,1,10.0,1.0,cka,eu_agreement,0.5338367740077932,0.9515151515151514
homoscedastic,1,10.0,1.0,cka,acquisition_overlap,0.5338367740077932,0.8211284634557716
homoscedastic,1,10.0,1.0,cka,eu_group0,0.5338367740077932,0.9515151515151514
homoscedastic,1,10.0,1.0,cka,eu_group1,0.5338367740077932,
homoscedastic,1,10.0,1.0,cka,eu_id,0.5338367740077932,0.9515151515151514
homoscedastic,1,10.0,1.0,cka,eu_heldout,0.5338367740077932,0.6
homoscedastic,1,10.0,1.0,mknn,eu_agreement,0.3371794871794872,0.9393939393939393
homoscedastic,1,10.0,1.0,mknn,acquisition_overlap,0.3371794871794872,0.7902589723484118
homoscedastic,1,10.0,1.0,mknn,eu_group0,0.3371794871794872,0.9393939393939393
homoscedastic,1,10.0,1.0,mknn,eu_group1,0.3371794871794872,
homoscedastic,1,10.0,1.0,mknn,eu_id,0.3371794871794872,0.9393939393939393
homoscedastic,1,10.0,1.0,mknn,eu_heldout,0.3371794871794872,0.6121212121212121
homoscedastic,1,10.0,1.0,predictivity,eu_agreement,0.43677592556475553,0.8424242424242423
homoscedastic,1,10.0,1.0,predictivity,acquisition_overlap,0.43677592556475553,0.7964328705698838
homoscedastic,1,10.0,1.0,predictivity,eu_group0,0.43677592556475553,0.8424242424242423
homoscedastic,1,10.0,1.0,predictivity,eu_group1,0.43677592556475553,
homoscedastic,1,10.0,1.0,predictivity,eu_id,0.43677592556475553,0.8424242424242423
homoscedastic,1,10.0,1.0,predictivity,eu_heldout,0.43677592556475553,0.7454545454545454
homoscedastic,1,10.0,1.0,cca_type,eu_agreement,1.303889662906954e-08,0.8545454545454544
homoscedastic,1,10.0,1.0,cca_type,acquisition_overlap,1.303889662906954e-08,0.7470416847981081
homoscedastic,1,10.0,1.0,cca_type,eu_group0,1.303889662906954e-08,0.8545454545454544
homoscedastic,1,10.0,1.0,cca_type,eu_group1,1.303889662906954e-08,
homoscedastic,1,10.0,1.0,cca_type,eu_id,1.303889662906954e-08,0.8545454545454544
homoscedastic,1,10.0,1.0,cca_type,eu_heldout,1.303889662906954e-08,0.28484848484848485
homoscedastic,1,10.0,1.0,smoother_001,eu_agreement,0.05389484210977746,0.8545454545454544
homoscedastic,1,10.0,1.0,smoother_001,acquisition_overlap,0.05389484210977746,0.7470416847981081
homoscedastic,1,10.0,1.0,smoother_001,eu_group0,0.05389484210977746,0.8545454545454544
homoscedastic,1,10.0,1.0,smoother_001,eu_group1,0.05389484210977746,
homoscedastic,1,10.0,1.0,smoother_001,eu_id,0.05389484210977746,0.8545454545454544
homoscedastic,1,10.0,1.0,smoother_001,eu_heldout,0.05389484210977746,0.28484848484848485
homoscedastic,1,10.0,1.0,smoother_1,eu_agreement,0.19449129722155856,0.8909090909090909
homoscedastic,1,10.0,1.0,smoother_1,acquisition_overlap,0.19449129722155856,0.7902589723484118
homoscedastic,1,10.0,1.0,smoother_1,eu_group0,0.19449129722155856,0.8909090909090909
homoscedastic,1,10.0,1.0,smoother_1,eu_group1,0.19449129722155856,
homoscedastic,1,10.0,1.0,smoother_1,eu_id,0.19449129722155856,0.8909090909090909
homoscedastic,1,10.0,1.0,smoother_1,eu_heldout,0.19449129722155856,0.35757575757575755
homoscedastic,2,0.1,0.1,cka,eu_agreement,0.5332136491323947,0.9393939393939393
homoscedastic,2,0.1,0.1,cka,acquisition_overlap,0.5332136491323947,0.6462303276414968
homoscedastic,2,0.1,0.1,cka,eu_group0,0.5332136491323947,0.9393939393939393
homoscedastic,2,0.1,0.1,cka,eu_group1,0.5332136491323947,
homoscedastic,2,0.1,0.1,cka,eu_id,0.5332136491323947,0.9515151515151514
homoscedastic,2,0.1,0.1,cka,eu_heldout,0.5332136491323947,0.41818181818181815
homoscedastic,2,0.1,0.1,mknn,eu_agreement,0.354029304029304,0.9151515151515152
homoscedastic,2,0.1,0.1,mknn,acquisition_overlap,0.354029304029304,0.5969937312497637
homoscedastic,2,0.1,0.1,mknn,eu_group0,0.354029304029304,0.9151515151515152
homoscedastic,2,0.1,0.1,mknn,eu_group1,0.354029304029304,
homoscedastic,2,0.1,0.1,mknn,eu_id,0.354029304029304,0.9393939393939393
homoscedastic,2,0.1,0.1,mknn,eu_heldout,0.354029304029304,0.38181818181818183
homoscedastic,2,0.1,0.1,predictivity,eu_agreement,0.46050625130292044,0.8545454545454544
homoscedastic,2,0.1,0.1,predictivity,acquisition_overlap,0.46050625130292044,0.7077760731311632
homoscedastic,2,0.1,0.1,predictivity,eu_group0,0.46050625130292044,0.8545454545454544
homoscedastic,2,0.1,0.1,predictivity,eu_group1,0.46050625130292044,
homoscedastic,2,0.1,0.1,predictivity,eu_id,0.46050625130292044,0.8424242424242423
homoscedastic,2,0.1,0.1,predictivity,eu_heldout,0.46050625130292044,0.6848484848484848
homoscedastic,2,0.1,0.1,cca_type,eu_agreement,1.1649921805023666e-08,0.9272727272727272
homoscedastic,2,0.1,0.1,cca_type,acquisition_overlap,1.1649921805023666e-08,0.6523849021904634
homoscedastic,2,0.1,0.1,cca_type,eu_group0,1.1649921805023666e-08,0.9272727272727272
homoscedastic,2,0.1,0.1,cca_type,eu_group1,1.1649921805023666e-08,
homoscedastic,2,0.1,0.1,cca_type,eu_id,1.1649921805023666e-08,0.8545454545454544
homoscedastic,2,0.1,0.1,cca_type,eu_heldout,1.1649921805023666e-08,0.18787878787878787
homoscedastic,2,0.1,0.1,smoother_001,eu_agreement,0.05320452778728235,0.9272727272727272
homoscedastic,2,0.1,0.1,smoother_001,acquisition_overlap,0.05320452778728235,0.6523849021904634
homoscedastic,2,0.1,0.1,smoother_001,eu_group0,0.05320452778728235,0.9272727272727272
homoscedastic,2,0.1,0.1,smoother_001,eu_group1,0.05320452778728235,
homoscedastic,2,0.1,0.1,smoother_001,eu_id,0.05320452778728235,0.8545454545454544
homoscedastic,2,0.1,0.1,smoother_001,eu_heldout,0.05320452778728235,0.18787878787878787
homoscedastic,2,0.1,0.1,smoother_1,eu_agreement,0.19532243092103607,0.9515151515151514
homoscedastic,2,0.1,0.1,smoother_1,acquisition_overlap,0.19532243092103607,0.6831577749352966
homoscedastic,2,0.1,0.1,smoother_1,eu_group0,0.19532243092103607,0.9515151515151514
homoscedastic,2,0.1,0.1,smoother_1,eu_group1,0.19532243092103607,
homoscedastic,2,0.1,0.1,smoother_1,eu_id,0.19532243092103607,0.9272727272727272
homoscedastic,2,0.1,0.1,smoother_1,eu_heldout,0.19532243092103607,0.32121212121212117
homoscedastic,2,0.1,0.25,cka,eu_agreement,0.5332136491323947,0.9393939393939393
homoscedastic,2,0.1,0.25,cka,acquisition_overlap,0.5332136491323947,0.6219627819854863
homoscedastic,2,0.1,0.25,cka,eu_group0,0.5332136491323947,0.9393939393939393
homoscedastic,2,0.1,0.25,cka,eu_group1,0.5332136491323947,
homoscedastic,2,0.1,0.25,cka,eu_id,0.5332136491323947,0.9393939393939393
homoscedastic,2,0.1,0.25,cka,eu_heldout,0.5332136491323947,0.5272727272727272
homoscedastic,2,0.1,0.25,mknn,eu_agreement,0.354029304029304,0.9272727272727272
homoscedastic,2,0.1,0.25,mknn,acquisition_overlap,0.354029304029304,0.6219627819854863
homoscedastic,2,0.1,0.25,mknn,eu_group0,0.354029304029304,0.9272727272727272
homoscedastic,2,0.1,0.25,mknn,eu_group1,0.354029304029304,
homoscedastic,2,0.1,0.25,mknn,eu_id,0.354029304029304,0.9272727272727272
homoscedastic,2,0.1,0.25,mknn,eu_heldout,0.354029304029304,0.5030303030303029
homoscedastic,2,0.1,0.25,predictivity,eu_agreement,0.46050625130292044,0.8303030303030302
homoscedastic,2,0.1,0.25,predictivity,acquisition_overlap,0.46050625130292044,0.7500139429824981
homoscedastic,2,0.1,0.25,predictivity,eu_group0,0.46050625130292044,0.8303030303030302
homoscedastic,2,0.1,0.25,predictivity,eu_group1,0.46050625130292044,
homoscedastic,2,0.1,0.25,predictivity,eu_id,0.46050625130292044,0.8303030303030302
homoscedastic,2,0.1,0.25,predictivity,eu_heldout,0.46050625130292044,0.7696969696969697
homoscedastic,2,0.1,0.25,cca_type,eu_agreement,1.1649921805023666e-08,0.8666666666666665
homoscedastic,2,0.1,0.25,cca_type,acquisition_overlap,1.1649921805023666e-08,0.6524511536514415
homoscedastic,2,0.1,0.25,cca_type,eu_group0,1.1649921805023666e-08,0.8666666666666665
homoscedastic,2,0.1,0.25,cca_type,eu_group1,1.1649921805023666e-08,
homoscedastic,2,0.1,0.25,cca_type,eu_id,1.1649921805023666e-08,0.8666666666666665
homoscedastic,2,0.1,0.25,cca_type,eu_heldout,1.1649921805023666e-08,0.309090909090909
homoscedastic,2,0.1,0.25,smoother_001,eu_agreement,0.05320452778728235,0.8666666666666665
homoscedastic,2,0.1,0.25,smoother_001,acquisition_overlap,0.05320452778728235,0.6524511536514415
homoscedastic,2,0.1,0.25,smoother_001,eu_group0,0.05320452778728235,0.8666666666666665
homoscedastic,2,0.1,0.25,smoother_001,eu_group1,0.05320452778728235,
homoscedastic,2,0.1,0.25,smoother_001,eu_id,0.05320452778728235,0.8666666666666665
homoscedastic,2,0.1,0.25,smoother_001,eu_heldout,0.05320452778728235,0.309090909090909
homoscedastic,2,0.1,0.25,smoother_1,eu_agreement,0.19532243092103607,0.9151515151515152
homoscedastic,2,0.1,0.25,smoother_1,acquisition_overlap,0.19532243092103607,0.725623245649734
homoscedastic,2,0.1,0.25,smoother_1,eu_group0,0.19532243092103607,0.9151515151515152
homoscedastic,2,0.1,0.25,smoother_1,eu_group1,0.19532243092103607,
homoscedastic,2,0.1,0.25,smoother_1,eu_id,0.19532243092103607,0.9151515151515152
homoscedastic,2,0.1,0.25,smoother_1,eu_heldout,0.19532243092103607,0.43030303030303024
homoscedastic,2,0.1,1.0,cka,eu_agreement,0.5332136491323947,0.9515151515151514
homoscedastic,2,0.1,1.0,cka,acquisition_overlap,0.5332136491323947,0.5272727272727272
homoscedastic,2,0.1,1.0,cka,eu_group0,0.5332136491323947,0.9515151515151514
homoscedastic,2,0.1,1.0,cka,eu_group1,0.5332136491323947,
homoscedastic,2,0.1,1.0,cka,eu_id,0.5332136491323947,0.9515151515151514
homoscedastic,2,0.1,1.0,cka,eu_heldout,0.5332136491323947,0.406060606060606
homoscedastic,2,0.1,1.0,mknn,eu_agreement,0.354029304029304,0.9393939393939393
homoscedastic,2,0.1,1.0,mknn,acquisition_overlap,0.354029304029304,0.5030303030303029
homoscedastic,2,0.1,1.0,mknn,eu_group0,0.354029304029304,0.9393939393939393
homoscedastic,2,0.1,1.0,mknn,eu_group1,0.354029304029304,
homoscedastic,2,0.1,1.0,mknn,eu_id,0.354029304029304,0.9636363636363635
homoscedastic,2,0.1,1.0,mknn,eu_heldout,0.354029304029304,0.3696969696969697
homoscedastic,2,0.1,1.0,predictivity,eu_agreement,0.46050625130292044,0.8424242424242423
homoscedastic,2,0.1,1.0,predictivity,acquisition_overlap,0.46050625130292044,0.5393939393939393
homoscedastic,2,0.1,1.0,predictivity,eu_group0,0.46050625130292044,0.8424242424242423
homoscedastic,2,0.1,1.0,predictivity,eu_group1,0.46050625130292044,
homoscedastic,2,0.1,1.0,predictivity,eu_id,0.46050625130292044,0.8060606060606059
homoscedastic,2,0.1,1.0,predictivity,eu_heldout,0.46050625130292044,0.6969696969696969
homoscedastic,2,0.1,1.0,cca_type,eu_agreement,1.1649921805023666e-08,0.8545454545454544
homoscedastic,2,0.1,1.0,cca_type,acquisition_overlap,1.1649921805023666e-08,0.6484848484848483
homoscedastic,2,0.1,1.0,cca_type,eu_group0,1.1649921805023666e-08,0.8545454545454544
homoscedastic,2,0.1,1.0,cca_type,eu_group1,1.1649921805023666e-08,
homoscedastic,2,0.1,1.0,cca_type,eu_id,1.1649921805023666e-08,0.8060606060606059
homoscedastic,2,0.1,1.0,cca_type,eu_heldout,1.1649921805023666e-08,0.19999999999999998
homoscedastic,2,0.1,1.0,smoother_001,eu_agreement,0.05320452778728235,0.8545454545454544
homoscedastic,2,0.1,1.0,smoother_001,acquisition_overlap,0.05320452778728235,0.6484848484848483
homoscedastic,2,0.1,1.0,smoother_001,eu_group0,0.05320452778728235,0.8545454545454544
homoscedastic,2,0.1,1.0,smoother_001,eu_group1,0.05320452778728235,
homoscedastic,2,0.1,1.0,smoother_001,eu_id,0.05320452778728235,0.8060606060606059
homoscedastic,2,0.1,1.0,smoother_001,eu_heldout,0.05320452778728235,0.19999999999999998
homoscedastic,2,0.1,1.0,smoother_1,eu_agreement,0.19532243092103607,0.9272727272727272
homoscedastic,2,0.1,1.0,smoother_1,acquisition_overlap,0.19532243092103607,0.6363636363636362
homoscedastic,2,0.1,1.0,smoother_1,eu_group0,0.19532243092103607,0.9272727272727272
homoscedastic,2,0.1,1.0,smoother_1,eu_group1,0.19532243092103607,
homoscedastic,2,0.1,1.0,smoother_1,eu_id,0.19532243092103607,0.9030303030303028
homoscedastic,2,0.1,1.0,smoother_1,eu_heldout,0.19532243092103607,0.309090909090909
homoscedastic,2,1.0,0.1,cka,eu_agreement,0.5332136491323947,0.9393939393939393
homoscedastic,2,1.0,0.1,cka,acquisition_overlap,0.5332136491323947,0.6462303276414968
homoscedastic,2,1.0,0.1,cka,eu_group0,0.5332136491323947,0.9393939393939393
homoscedastic,2,1.0,0.1,cka,eu_group1,0.5332136491323947,
homoscedastic,2,1.0,0.1,cka,eu_id,0.5332136491323947,0.9515151515151514
homoscedastic,2,1.0,0.1,cka,eu_heldout,0.5332136491323947,0.41818181818181815
homoscedastic,2,1.0,0.1,mknn,eu_agreement,0.354029304029304,0.9151515151515152
homoscedastic,2,1.0,0.1,mknn,acquisition_overlap,0.354029304029304,0.5969937312497637
homoscedastic,2,1.0,0.1,mknn,eu_group0,0.354029304029304,0.9151515151515152
homoscedastic,2,1.0,0.1,mknn,eu_group1,0.354029304029304,
homoscedastic,2,1.0,0.1,mknn,eu_id,0.354029304029304,0.9393939393939393
homoscedastic,2,1.0,0.1,mknn,eu_heldout,0.354029304029304,0.38181818181818183
homoscedastic,2,1.0,0.1,predictivity,eu_agreement,0.46050625130292044,0.8545454545454544
homoscedastic,2,1.0,0.1,predictivity,acquisition_overlap,0.46050625130292044,0.7077760731311632
homoscedastic,2,1.0,0.1,predictivity,eu_group0,0.46050625130292044,0.8545454545454544
homoscedastic,2,1.0,0.1,predictivity,eu_group1,0.46050625130292044,
homoscedastic,2,1.0,0.1,predictivity,eu_id,0.46050625130292044,0.8424242424242423
homoscedastic,2,1.0,0.1,predictivity,eu_heldout,0.46050625130292044,0.6848484848484848
homoscedastic,2,1.0,0.1,cca_type,eu_agreement,1.1649921805023666e-08,0.9272727272727272
homoscedastic,2,1.0,0.1,cca_type,acquisition_overlap,1.1649921805023666e-08,0.6523849021904634
homoscedastic,2,1.0,0.1,cca_type,eu_group0,1.1649921805023666e-08,0.9272727272727272
homoscedastic,2,1.0,0.1,cca_type,eu_group1,1.1649921805023666e-08,
homoscedastic,2,1.0,0.1,cca_type,eu_id,1.1649921805023666e-08,0.8545454545454544
homoscedastic,2,1.0,0.1,cca_type,eu_heldout,1.1649921805023666e-08,0.18787878787878787
homoscedastic,2,1.0,0.1,smoother_001,eu_agreement,0.05320452778728235,0.9272727272727272
homoscedastic,2,1.0,0.1,smoother_001,acquisition_overlap,0.05320452778728235,0.6523849021904634
homoscedastic,2,1.0,0.1,smoother_001,eu_group0,0.05320452778728235,0.9272727272727272
homoscedastic,2,1.0,0.1,smoother_001,eu_group1,0.05320452778728235,
homoscedastic,2,1.0,0.1,smoother_001,eu_id,0.05320452778728235,0.8545454545454544
homoscedastic,2,1.0,0.1,smoother_001,eu_heldout,0.05320452778728235,0.18787878787878787
homoscedastic,2,1.0,0.1,smoother_1,eu_agreement,0.19532243092103607,0.9515151515151514
homoscedastic,2,1.0,0.1,smoother_1,acquisition_overlap,0.19532243092103607,0.6831577749352966
homoscedastic,2,1.0,0.1,smoother_1,eu_group0,0.19532243092103607,0.9515151515151514
homoscedastic,2,1.0,0.1,smoother_1,eu_group1,0.19532243092103607,
homoscedastic,2,1.0,0.1,smoother_1,eu_id,0.19532243092103607,0.9272727272727272
homoscedastic,2,1.0,0.1,smoother_1,eu_heldout,0.19532243092103607,0.32121212121212117
homoscedastic,2,1.0,0.25,cka,eu_agreement,0.5332136491323947,0.9393939393939393
homoscedastic,2,1.0,0.25,cka,acquisition_overlap,0.5332136491323947,0.6219627819854863
homoscedastic,2,1.0,0.25,cka,eu_group0,0.5332136491323947,0.9393939393939393
homoscedastic,2,1.0,0.25,cka,eu_group1,0.5332136491323947,
homoscedastic,2,1.0,0.25,cka,eu_id,0.5332136491323947,0.9393939393939393
homoscedastic,2,1.0,0.25,cka,eu_heldout,0.5332136491323947,0.5878787878787878
homoscedastic,2,1.0,0.25,mknn,eu_agreement,0.354029304029304,0.9272727272727272
homoscedastic,2,1.0,0.25,mknn,acquisition_overlap,0.354029304029304,0.6219627819854863
homoscedastic,2,1.0,0.25,mknn,eu_group0,0.354029304029304,0.9272727272727272
homoscedastic,2,1.0,0.25,mknn,eu_group1,0.354029304029304,
homoscedastic,2,1.0,0.25,mknn,eu_id,0.354029304029304,0.9272727272727272
homoscedastic,2,1.0,0.25,mknn,eu_heldout,0.354029304029304,0.5757575757575757
homoscedastic,2,1.0,0.25,predictivity,eu_agreement,0.46050625130292044,0.8303030303030302
homoscedastic,2,1.0,0.25,predictivity,acquisition_overlap,0.46050625130292044,0.7500139429824981
homoscedastic,2,1.0,0.25,predictivity,eu_group0,0.46050625130292044,0.8303030303030302
homoscedastic,2,1.0,0.25,predictivity,eu_group1,0.46050625130292044,
homoscedastic,2,1.0,0.25,predictivity,eu_id,0.46050625130292044,0.8303030303030302
homoscedastic,2,1.0,0.25,predictivity,eu_heldout,0.46050625130292044,0.7939393939393938
homoscedastic,2,1.0,0.25,cca_type,eu_agreement,1.1649921805023666e-08,0.8666666666666665
homoscedastic,2,1.0,0.25,cca_type,acquisition_overlap,1.1649921805023666e-08,0.6524511536514415
homoscedastic,2,1.0,0.25,cca_type,eu_group0,1.1649921805023666e-08,0.8666666666666665
homoscedastic,2,1.0,0.25,cca_type,eu_group1,1.1649921805023666e-08,
homoscedastic,2,1.0,0.25,cca_type,eu_id,1.1649921805023666e-08,0.8666666666666665
homoscedastic,2,1.0,0.25,cca_type,eu_heldout,1.1649921805023666e-08,0.35757575757575755
homoscedastic,2,1.0,0.25,smoother_001,eu_agreement,0.05320452778728235,0.8666666666666665
homoscedastic,2,1.0,0.25,smoother_001,acquisition_overlap,0.05320452778728235,0.6524511536514415
homoscedastic,2,1.0,0.25,smoother_001,eu_group0,0.05320452778728235,0.8666666666666665
homoscedastic,2,1.0,0.25,smoother_001,eu_group1,0.05320452778728235,
homoscedastic,2,1.0,0.25,smoother_001,eu_id,0.05320452778728235,0.8666666666666665
homoscedastic,2,1.0,0.25,smoother_001,eu_heldout,0.05320452778728235,0.35757575757575755
homoscedastic,2,1.0,0.25,smoother_1,eu_agreement,0.19532243092103607,0.9151515151515152
homoscedastic,2,1.0,0.25,smoother_1,acquisition_overlap,0.19532243092103607,0.725623245649734
homoscedastic,2,1.0,0.25,smoother_1,eu_group0,0.19532243092103607,0.9151515151515152
homoscedastic,2,1.0,0.25,smoother_1,eu_group1,0.19532243092103607,
homoscedastic,2,1.0,0.25,smoother_1,eu_id,0.19532243092103607,0.9151515151515152
homoscedastic,2,1.0,0.25,smoother_1,eu_heldout,0.19532243092103607,0.4787878787878787
homoscedastic,2,1.0,1.0,cka,eu_agreement,0.5332136491323947,0.9636363636363635
homoscedastic,2,1.0,1.0,cka,acquisition_overlap,0.5332136491323947,0.5243999926544296
homoscedastic,2,1.0,1.0,cka,eu_group0,0.5332136491323947,0.9636363636363635
homoscedastic,2,1.0,1.0,cka,eu_group1,0.5332136491323947,
homoscedastic,2,1.0,1.0,cka,eu_id,0.5332136491323947,0.9515151515151514
homoscedastic,2,1.0,1.0,cka,eu_heldout,0.5332136491323947,0.5030303030303029
homoscedastic,2,1.0,1.0,mknn,eu_agreement,0.354029304029304,0.9515151515151514
homoscedastic,2,1.0,1.0,mknn,acquisition_overlap,0.354029304029304,0.4878139466552834
homoscedastic,2,1.0,1.0,mknn,eu_group0,0.354029304029304,0.9515151515151514
homoscedastic,2,1.0,1.0,mknn,eu_group1,0.354029304029304,
homoscedastic,2,1.0,1.0,mknn,eu_id,0.354029304029304,0.9636363636363635
homoscedastic,2,1.0,1.0,mknn,eu_heldout,0.354029304029304,0.4666666666666666
homoscedastic,2,1.0,1.0,predictivity,eu_agreement,0.46050625130292044,0.8303030303030302
homoscedastic,2,1.0,1.0,predictivity,acquisition_overlap,0.46050625130292044,0.5365953413208117
homoscedastic,2,1.0,1.0,predictivity,eu_group0,0.46050625130292044,0.8303030303030302
homoscedastic,2,1.0,1.0,predictivity,eu_group1,0.46050625130292044,
homoscedastic,2,1.0,1.0,predictivity,eu_id,0.46050625130292044,0.8060606060606059
homoscedastic,2,1.0,1.0,predictivity,eu_heldout,0.46050625130292044,0.7818181818181817
homoscedastic,2,1.0,1.0,cca_type,eu_agreement,1.1649921805023666e-08,0.8303030303030302
homoscedastic,2,1.0,1.0,cca_type,acquisition_overlap,1.1649921805023666e-08,0.6280604563186774
homoscedastic,2,1.0,1.0,cca_type,eu_group0,1.1649921805023666e-08,0.8303030303030302
homoscedastic,2,1.0,1.0,cca_type,eu_group1,1.1649921805023666e-08,
homoscedastic,2,1.0,1.0,cca_type,eu_id,1.1649921805023666e-08,0.8060606060606059
homoscedastic,2,1.0,1.0,cca_type,eu_heldout,1.1649921805023666e-08,0.35757575757575755
homoscedastic,2,1.0,1.0,smoother_001,eu_agreement,0.05320452778728235,0.8303030303030302
homoscedastic,2,1.0,1.0,smoother_001,acquisition_overlap,0.05320452778728235,0.6280604563186774
homoscedastic,2,1.0,1.0,smoother_001,eu_group0,0.05320452778728235,0.8303030303030302
homoscedastic,2,1.0,1.0,smoother_001,eu_group1,0.05320452778728235,
homoscedastic,2,1.0,1.0,smoother_001,eu_id,0.05320452778728235,0.8060606060606059
homoscedastic,2,1.0,1.0,smoother_001,eu_heldout,0.05320452778728235,0.35757575757575755
homoscedastic,2,1.0,1.0,smoother_1,eu_agreement,0.19532243092103607,0.9151515151515152
homoscedastic,2,1.0,1.0,smoother_1,acquisition_overlap,0.19532243092103607,0.6158651076522952
homoscedastic,2,1.0,1.0,smoother_1,eu_group0,0.19532243092103607,0.9151515151515152
homoscedastic,2,1.0,1.0,smoother_1,eu_group1,0.19532243092103607,
homoscedastic,2,1.0,1.0,smoother_1,eu_id,0.19532243092103607,0.9030303030303028
homoscedastic,2,1.0,1.0,smoother_1,eu_heldout,0.19532243092103607,0.4424242424242424
homoscedastic,2,10.0,0.1,cka,eu_agreement,0.5332136491323947,0.9393939393939393
homoscedastic,2,10.0,0.1,cka,acquisition_overlap,0.5332136491323947,0.6462303276414968
homoscedastic,2,10.0,0.1,cka,eu_group0,0.5332136491323947,0.9393939393939393
homoscedastic,2,10.0,0.1,cka,eu_group1,0.5332136491323947,
homoscedastic,2,10.0,0.1,cka,eu_id,0.5332136491323947,0.9515151515151514
homoscedastic,2,10.0,0.1,cka,eu_heldout,0.5332136491323947,0.41818181818181815
homoscedastic,2,10.0,0.1,mknn,eu_agreement,0.354029304029304,0.9151515151515152
homoscedastic,2,10.0,0.1,mknn,acquisition_overlap,0.354029304029304,0.5969937312497637
homoscedastic,2,10.0,0.1,mknn,eu_group0,0.354029304029304,0.9151515151515152
homoscedastic,2,10.0,0.1,mknn,eu_group1,0.354029304029304,
homoscedastic,2,10.0,0.1,mknn,eu_id,0.354029304029304,0.9393939393939393
homoscedastic,2,10.0,0.1,mknn,eu_heldout,0.354029304029304,0.38181818181818183
homoscedastic,2,10.0,0.1,predictivity,eu_agreement,0.46050625130292044,0.8545454545454544
homoscedastic,2,10.0,0.1,predictivity,acquisition_overlap,0.46050625130292044,0.7077760731311632
homoscedastic,2,10.0,0.1,predictivity,eu_group0,0.46050625130292044,0.8545454545454544
homoscedastic,2,10.0,0.1,predictivity,eu_group1,0.46050625130292044,
homoscedastic,2,10.0,0.1,predictivity,eu_id,0.46050625130292044,0.8424242424242423
homoscedastic,2,10.0,0.1,predictivity,eu_heldout,0.46050625130292044,0.6848484848484848
homoscedastic,2,10.0,0.1,cca_type,eu_agreement,1.1649921805023666e-08,0.9272727272727272
homoscedastic,2,10.0,0.1,cca_type,acquisition_overlap,1.1649921805023666e-08,0.6523849021904634
homoscedastic,2,10.0,0.1,cca_type,eu_group0,1.1649921805023666e-08,0.9272727272727272
homoscedastic,2,10.0,0.1,cca_type,eu_group1,1.1649921805023666e-08,
homoscedastic,2,10.0,0.1,cca_type,eu_id,1.1649921805023666e-08,0.8545454545454544
homoscedastic,2,10.0,0.1,cca_type,eu_heldout,1.1649921805023666e-08,0.18787878787878787
homoscedastic,2,10.0,0.1,smoother_001,eu_agreement,0.05320452778728235,0.9272727272727272
homoscedastic,2,10.0,0.1,smoother_001,acquisition_overlap,0.05320452778728235,0.6523849021904634
homoscedastic,2,10.0,0.1,smoother_001,eu_group0,0.05320452778728235,0.9272727272727272
homoscedastic,2,10.0,0.1,smoother_001,eu_group1,0.05320452778728235,
homoscedastic,2,10.0,0.1,smoother_001,eu_id,0.05320452778728235,0.8545454545454544
homoscedastic,2,10.0,0.1,smoother_001,eu_heldout,0.05320452778728235,0.18787878787878787
homoscedastic,2,10.0,0.1,smoother_1,eu_agreement,0.19532243092103607,0.9515151515151514
homoscedastic,2,10.0,0.1,smoother_1,acquisition_overlap,0.19532243092103607,0.6831577749352966
homoscedastic,2,10.0,0.1,smoother_1,eu_group0,0.19532243092103607,0.9515151515151514
homoscedastic,2,10.0,0.1,smoother_1,eu_group1,0.19532243092103607,
homoscedastic,2,10.0,0.1,smoother_1,eu_id,0.19532243092103607,0.9272727272727272
homoscedastic,2,10.0,0.1,smoother_1,eu_heldout,0.19532243092103607,0.32121212121212117
homoscedastic,2,10.0,0.25,cka,eu_agreement,0.5332136491323947,0.9393939393939393
homoscedastic,2,10.0,0.25,cka,acquisition_overlap,0.5332136491323947,0.6219627819854863
homoscedastic,2,10.0,0.25,cka,eu_group0,0.5332136491323947,0.9393939393939393
homoscedastic,2,10.0,0.25,cka,eu_group1,0.5332136491323947,
homoscedastic,2,10.0,0.25,cka,eu_id,0.5332136491323947,0.9393939393939393
homoscedastic,2,10.0,0.25,cka,eu_heldout,0.5332136491323947,0.5878787878787878
homoscedastic,2,10.0,0.25,mknn,eu_agreement,0.354029304029304,0.9272727272727272
homoscedastic,2,10.0,0.25,mknn,acquisition_overlap,0.354029304029304,0.6219627819854863
homoscedastic,2,10.0,0.25,mknn,eu_group0,0.354029304029304,0.9272727272727272
homoscedastic,2,10.0,0.25,mknn,eu_group1,0.354029304029304,
homoscedastic,2,10.0,0.25,mknn,eu_id,0.354029304029304,0.9272727272727272
homoscedastic,2,10.0,0.25,mknn,eu_heldout,0.354029304029304,0.5757575757575757
homoscedastic,2,10.0,0.25,predictivity,eu_agreement,0.46050625130292044,0.8303030303030302
homoscedastic,2,10.0,0.25,predictivity,acquisition_overlap,0.46050625130292044,0.7500139429824981
homoscedastic,2,10.0,0.25,predictivity,eu_group0,0.46050625130292044,0.8303030303030302
homoscedastic,2,10.0,0.25,predictivity,eu_group1,0.46050625130292044,
homoscedastic,2,10.0,0.25,predictivity,eu_id,0.46050625130292044,0.8303030303030302
homoscedastic,2,10.0,0.25,predictivity,eu_heldout,0.46050625130292044,0.7939393939393938
homoscedastic,2,10.0,0.25,cca_type,eu_agreement,1.1649921805023666e-08,0.8666666666666665
homoscedastic,2,10.0,0.25,cca_type,acquisition_overlap,1.1649921805023666e-08,0.6524511536514415
homoscedastic,2,10.0,0.25,cca_type,eu_group0,1.1649921805023666e-08,0.8666666666666665
homoscedastic,2,10.0,0.25,cca_type,eu_group1,1.1649921805023666e-08,
homoscedastic,2,10.0,0.25,cca_type,eu_id,1.1649921805023666e-08,0.8666666666666665
homoscedastic,2,10.0,0.25,cca_type,eu_heldout,1.1649921805023666e-08,0.35757575757575755
homoscedastic,2,10.0,0.25,smoother_001,eu_agreement,0.05320452778728235,0.8666666666666665
homoscedastic,2,10.0,0.25,smoother_001,acquisition_overlap,0.05320452778728235,0.6524511536514415
homoscedastic,2,10.0,0.25,smoother_001,eu_group0,0.05320452778728235,0.8666666666666665
homoscedastic,2,10.0,0.25,smoother_001,eu_group1,0.05320452778728235,
homoscedastic,2,10.0,0.25,smoother_001,eu_id,0.05320452778728235,0.8666666666666665
homoscedastic,2,10.0,0.25,smoother_001,eu_heldout,0.05320452778728235,0.35757575757575755
homoscedastic,2,10.0,0.25,smoother_1,eu_agreement,0.19532243092103607,0.9151515151515152
homoscedastic,2,10.0,0.25,smoother_1,acquisition_overlap,0.19532243092103607,0.725623245649734
homoscedastic,2,10.0,0.25,smoother_1,eu_group0,0.19532243092103607,0.9151515151515152
homoscedastic,2,10.0,0.25,smoother_1,eu_group1,0.19532243092103607,
homoscedastic,2,10.0,0.25,smoother_1,eu_id,0.19532243092103607,0.9151515151515152
homoscedastic,2,10.0,0.25,smoother_1,eu_heldout,0.19532243092103607,0.4787878787878787
homoscedastic,2,10.0,1.0,cka,eu_agreement,0.5332136491323947,0.9636363636363635
homoscedastic,2,10.0,1.0,cka,acquisition_overlap,0.5332136491323947,0.5045616012544536
homoscedastic,2,10.0,1.0,cka,eu_group0,0.5332136491323947,0.9636363636363635
homoscedastic,2,10.0,1.0,cka,eu_group1,0.5332136491323947,
homoscedastic,2,10.0,1.0,cka,eu_id,0.5332136491323947,0.9515151515151514
homoscedastic,2,10.0,1.0,cka,eu_heldout,0.5332136491323947,0.5030303030303029
homoscedastic,2,10.0,1.0,mknn,eu_agreement,0.354029304029304,0.9515151515151514
homoscedastic,2,10.0,1.0,mknn,acquisition_overlap,0.354029304029304,0.46200821319684915
homoscedastic,2,10.0,1.0,mknn,eu_group0,0.354029304029304,0.9515151515151514
homoscedastic,2,10.0,1.0,mknn,eu_group1,0.354029304029304,
homoscedastic,2,10.0,1.0,mknn,eu_id,0.354029304029304,0.9636363636363635
homoscedastic,2,10.0,1.0,mknn,eu_heldout,0.354029304029304,0.4666666666666666
homoscedastic,2,10.0,1.0,predictivity,eu_agreement,0.46050625130292044,0.8303030303030302
homoscedastic,2,10.0,1.0,predictivity,acquisition_overlap,0.46050625130292044,0.5106406566912542
homoscedastic,2,10.0,1.0,predictivity,eu_group0,0.46050625130292044,0.8303030303030302
homoscedastic,2,10.0,1.0,predictivity,eu_group1,0.46050625130292044,
homoscedastic,2,10.0,1.0,predictivity,eu_id,0.46050625130292044,0.8060606060606059
homoscedastic,2,10.0,1.0,predictivity,eu_heldout,0.46050625130292044,0.7818181818181817
homoscedastic,2,10.0,1.0,cca_type,eu_agreement,1.1649921805023666e-08,0.8303030303030302
homoscedastic,2,10.0,1.0,cca_type,acquisition_overlap,1.1649921805023666e-08,0.6079055436800646
homoscedastic,2,10.0,1.0,cca_type,eu_group0,1.1649921805023666e-08,0.8303030303030302
homoscedastic,2,10.0,1.0,cca_type,eu_group1,1.1649921805023666e-08,
homoscedastic,2,10.0,1.0,cca_type,eu_id,1.1649921805023666e-08,0.8060606060606059
homoscedastic,2,10.0,1.0,cca_type,eu_heldout,1.1649921805023666e-08,0.35757575757575755
homoscedastic,2,10.0,1.0,smoother_001,eu_agreement,0.05320452778728235,0.8303030303030302
homoscedastic,2,10.0,1.0,smoother_001,acquisition_overlap,0.05320452778728235,0.6079055436800646
homoscedastic,2,10.0,1.0,smoother_001,eu_group0,0.05320452778728235,0.8303030303030302
homoscedastic,2,10.0,1.0,smoother_001,eu_group1,0.05320452778728235,
homoscedastic,2,10.0,1.0,smoother_001,eu_id,0.05320452778728235,0.8060606060606059
homoscedastic,2,10.0,1.0,smoother_001,eu_heldout,0.05320452778728235,0.35757575757575755
homoscedastic,2,10.0,1.0,smoother_1,eu_agreement,0.19532243092103607,0.9151515151515152
homoscedastic,2,10.0,1.0,smoother_1,acquisition_overlap,0.19532243092103607,0.5957474328064633
homoscedastic,2,10.0,1.0,smoother_1,eu_group0,0.19532243092103607,0.9151515151515152
homoscedastic,2,10.0,1.0,smoother_1,eu_group1,0.19532243092103607,
homoscedastic,2,10.0,1.0,smoother_1,eu_id,0.19532243092103607,0.9030303030303028
homoscedastic,2,10.0,1.0,smoother_1,eu_heldout,0.19532243092103607,0.4424242424242424
homoscedastic,3,0.1,0.1,cka,eu_agreement,0.5534464514254229,0.9272727272727272
homoscedastic,3,0.1,0.1,cka,acquisition_overlap,0.5534464514254229,0.5548883643203848
homoscedastic,3,0.1,0.1,cka,eu_group0,0.5534464514254229,0.9272727272727272
homoscedastic,3,0.1,0.1,cka,eu_group1,0.5534464514254229,
homoscedastic,3,0.1,0.1,cka,eu_id,0.5534464514254229,0.9151515151515152
homoscedastic,3,0.1,0.1,cka,eu_heldout,0.5534464514254229,0.309090909090909
homoscedastic,3,0.1,0.1,mknn,eu_agreement,0.3564102564102565,0.9272727272727272
homoscedastic,3,0.1,0.1,mknn,acquisition_overlap,0.3564102564102565,0.5548883643203848
homoscedastic,3,0.1,0.1,mknn,eu_group0,0.3564102564102565,0.9272727272727272
homoscedastic,3,0.1,0.1,mknn,eu_group1,0.3564102564102565,
homoscedastic,3,0.1,0.1,mknn,eu_id,0.3564102564102565,0.9151515151515152
homoscedastic,3,0.1,0.1,mknn,eu_heldout,0.3564102564102565,0.309090909090909
homoscedastic,3,0.1,0.1,predictivity,eu_agreement,0.4831619458994558,0.8424242424242423
homoscedastic,3,0.1,0.1,predictivity,acquisition_overlap,0.4831619458994558,0.6341581306518683
homoscedastic,3,0.1,0.1,predictivity,eu_group0,0.4831619458994558,0.8424242424242423
homoscedastic,3,0.1,0.1,predictivity,eu_group1,0.4831619458994558,
homoscedastic,3,0.1,0.1,predictivity,eu_id,0.4831619458994558,0.7818181818181817
homoscedastic,3,0.1,0.1,predictivity,eu_heldout,0.4831619458994558,0.6242424242424242
homoscedastic,3,0.1,0.1,cca_type,eu_agreement,1.2327641241149934e-08,0.9515151515151514
homoscedastic,3,0.1,0.1,cca_type,acquisition_overlap,1.2327641241149934e-08,0.6890371996505876
homoscedastic,3,0.1,0.1,cca_type,eu_group0,1.2327641241149934e-08,0.9515151515151514
homoscedastic,3,0.1,0.1,cca_type,eu_group1,1.2327641241149934e-08,
homoscedastic,3,0.1,0.1,cca_type,eu_id,1.2327641241149934e-08,0.9151515151515152
homoscedastic,3,0.1,0.1,cca_type,eu_heldout,1.2327641241149934e-08,0.24848484848484845
homoscedastic,3,0.1,0.1,smoother_001,eu_agreement,0.054667620109345894,0.9515151515151514
homoscedastic,3,0.1,0.1,smoother_001,acquisition_overlap,0.054667620109345894,0.6890371996505876
homoscedastic,3,0.1,0.1,smoother_001,eu_group0,0.054667620109345894,0.9515151515151514
homoscedastic,3,0.1,0.1,smoother_001,eu_group1,0.054667620109345894,
homoscedastic,3,0.1,0.1,smoother_001,eu_id,0.054667620109345894,0.9151515151515152
homoscedastic,3,0.1,0.1,smoother_001,eu_heldout,0.054667620109345894,0.24848484848484845
homoscedastic,3,0.1,0.1,smoother_1,eu_agreement,0.19681410205273497,0.9757575757575757
homoscedastic,3,0.1,0.1,smoother_1,acquisition_overlap,0.19681410205273497,0.7012325483169698
homoscedastic,3,0.1,0.1,smoother_1,eu_group0,0.19681410205273497,0.9757575757575757
homoscedastic,3,0.1,0.1,smoother_1,eu_group1,0.19681410205273497,
homoscedastic,3,0.1,0.1,smoother_1,eu_id,0.19681410205273497,0.9393939393939393
homoscedastic,3,0.1,0.1,smoother_1,eu_heldout,0.19681410205273497,0.22424242424242422
homoscedastic,3,0.1,0.25,cka,eu_agreement,0.5534464514254229,0.9757575757575757
homoscedastic,3,0.1,0.25,cka,acquisition_overlap,0.5534464514254229,0.7744046403152623
homoscedastic,3,0.1,0.25,cka,eu_group0,0.5534464514254229,0.9757575757575757
homoscedastic,3,0.1,0.25,cka,eu_group1,0.5534464514254229,
homoscedastic,3,0.1,0.25,cka,eu_id,0.5534464514254229,0.9393939393939393
homoscedastic,3,0.1,0.25,cka,eu_heldout,0.5534464514254229,0.35757575757575755
homoscedastic,3,0.1,0.25,mknn,eu_agreement,0.3564102564102565,0.9757575757575757
homoscedastic,3,0.1,0.25,mknn,acquisition_overlap,0.3564102564102565,0.7744046403152623
homoscedastic,3,0.1,0.25,mknn,eu_group0,0.3564102564102565,0.9757575757575757
homoscedastic,3,0.1,0.25,mknn,eu_group1,0.3564102564102565,
homoscedastic,3,0.1,0.25,mknn,eu_id,0.3564102564102565,0.9393939393939393
homoscedastic,3,0.1,0.25,mknn,eu_heldout,0.3564102564102565,0.35757575757575755
homoscedastic,3,0.1,0.25,predictivity,eu_agreement,0.4831619458994558,0.8666666666666665
homoscedastic,3,0.1,0.25,predictivity,acquisition_overlap,0.4831619458994558,0.7744046403152623
homoscedastic,3,0.1,0.25,predictivity,eu_group0,0.4831619458994558,0.8666666666666665
homoscedastic,3,0.1,0.25,predictivity,eu_group1,0.4831619458994558,
homoscedastic,3,0.1,0.25,predictivity,eu_id,0.4831619458994558,0.8303030303030302
homoscedastic,3,0.1,0.25,predictivity,eu_heldout,0.4831619458994558,0.6727272727272726
homoscedastic,3,0.1,0.25,cca_type,eu_agreement,1.2327641241149934e-08,0.8787878787878788
homoscedastic,3,0.1,0.25,cca_type,acquisition_overlap,1.2327641241149934e-08,0.8109906863144085
homoscedastic,3,0.1,0.25,cca_type,eu_group0,1.2327641241149934e-08,0.8787878787878788
homoscedastic,3,0.1,0.25,cca_type,eu_group1,1.2327641241149934e-08,
homoscedastic,3,0.1,0.25,cca_type,eu_id,1.2327641241149934e-08,0.8909090909090909
homoscedastic,3,0.1,0.25,cca_type,eu_heldout,1.2327641241149934e-08,0.2121212121212121
homoscedastic,3,0.1,0.25,smoother_001,eu_agreement,0.054667620109345894,0.8787878787878788
homoscedastic,3,0.1,0.25,smoother_001,acquisition_overlap,0.054667620109345894,0.8109906863144085
homoscedastic,3,0.1,0.25,smoother_001,eu_group0,0.054667620109345894,0.8787878787878788
homoscedastic,3,0.1,0.25,smoother_001,eu_group1,0.054667620109345894,
homoscedastic,3,0.1,0.25,smoother_001,eu_id,0.054667620109345894,0.8909090909090909
homoscedastic,3,0.1,0.25,smoother_001,eu_heldout,0.054667620109345894,0.2121212121212121
homoscedastic,3,0.1,0.25,smoother_1,eu_agreement,0.19681410205273497,0.9030303030303028
homoscedastic,3,0.1,0.25,smoother_1,acquisition_overlap,0.19681410205273497,0.7500139429824981
homoscedastic,3,0.1,0.25,smoother_1,eu_group0,0.19681410205273497,0.9030303030303028
homoscedastic,3,0.1,0.25,smoother_1,eu_group1,0.19681410205273497,
homoscedastic,3,0.1,0.25,smoother_1,eu_id,0.19681410205273497,0.8909090909090909
homoscedastic,3,0.1,0.25,smoother_1,eu_heldout,0.19681410205273497,0.2121212121212121
homoscedastic,3,0.1,1.0,cka,eu_agreement,0.5534464514254229,0.9393939393939393
homoscedastic,3,0.1,1.0,cka,acquisition_overlap,0.5534464514254229,0.7598819296000807
homoscedastic,3,0.1,1.0,cka,eu_group0,0.5534464514254229,0.9393939393939393
homoscedastic,3,0.1,1.0,cka,eu_group1,0.5534464514254229,
homoscedastic,3,0.1,1.0,cka,eu_id,0.5534464514254229,0.9515151515151514
homoscedastic,3,0.1,1.0,cka,eu_heldout,0.5534464514254229,0.6727272727272726
homoscedastic,3,0.1,1.0,mknn,eu_agreement,0.3564102564102565,0.9393939393939393
homoscedastic,3,0.1,1.0,mknn,acquisition_overlap,0.3564102564102565,0.7598819296000807
homoscedastic,3,0.1,1.0,mknn,eu_group0,0.3564102564102565,0.9393939393939393
homoscedastic,3,0.1,1.0,mknn,eu_group1,0.3564102564102565,
homoscedastic,3,0.1,1.0,mknn,eu_id,0.3564102564102565,0.9515151515151514
homoscedastic,3,0.1,1.0,mknn,eu_heldout,0.3564102564102565,0.6727272727272726
homoscedastic,3,0.1,1.0,predictivity,eu_agreement,0.4831619458994558,0.8060606060606059
homoscedastic,3,0.1,1.0,predictivity,acquisition_overlap,0.4831619458994558,0.9179373709568976
homoscedastic,3,0.1,1.0,predictivity,eu_group0,0.4831619458994558,0.8060606060606059
homoscedastic,3,0.1,1.0,predictivity,eu_group1,0.4831619458994558,
homoscedastic,3,0.1,1.0,predictivity,eu_id,0.4831619458994558,0.7939393939393938
homoscedastic,3,0.1,1.0,predictivity,eu_heldout,0.4831619458994558,0.8787878787878788
homoscedastic,3,0.1,1.0,cca_type,eu_agreement,1.2327641241149934e-08,0.8545454545454544
homoscedastic,3,0.1,1.0,cca_type,acquisition_overlap,1.2327641241149934e-08,0.772040040473682
homoscedastic,3,0.1,1.0,cca_type,eu_group0,1.2327641241149934e-08,0.8545454545454544
homoscedastic,3,0.1,1.0,cca_type,eu_group1,1.2327641241149934e-08,
homoscedastic,3,0.1,1.0,cca_type,eu_id,1.2327641241149934e-08,0.8303030303030302
homoscedastic,3,0.1,1.0,cca_type,eu_heldout,1.2327641241149934e-08,0.5878787878787878
homoscedastic,3,0.1,1.0,smoother_001,eu_agreement,0.054667620109345894,0.8545454545454544
homoscedastic,3,0.1,1.0,smoother_001,acquisition_overlap,0.054667620109345894,0.772040040473682
homoscedastic,3,0.1,1.0,smoother_001,eu_group0,0.054667620109345894,0.8545454545454544
homoscedastic,3,0.1,1.0,smoother_001,eu_group1,0.054667620109345894,
homoscedastic,3,0.1,1.0,smoother_001,eu_id,0.054667620109345894,0.8303030303030302
homoscedastic,3,0.1,1.0,smoother_001,eu_heldout,0.054667620109345894,0.5878787878787878
homoscedastic,3,0.1,1.0,smoother_1,eu_agreement,0.19681410205273497,0.8909090909090909
homoscedastic,3,0.1,1.0,smoother_1,acquisition_overlap,0.19681410205273497,0.8145934285312865
homoscedastic,3,0.1,1.0,smoother_1,eu_group0,0.19681410205273497,0.8909090909090909
homoscedastic,3,0.1,1.0,smoother_1,eu_group1,0.19681410205273497,
homoscedastic,3,0.1,1.0,smoother_1,eu_id,0.19681410205273497,0.8787878787878788
homoscedastic,3,0.1,1.0,smoother_1,eu_heldout,0.19681410205273497,0.5878787878787878
homoscedastic,3,1.0,0.1,cka,eu_agreement,0.5534464514254229,0.9272727272727272
homoscedastic,3,1.0,0.1,cka,acquisition_overlap,0.5534464514254229,0.5548883643203848
homoscedastic,3,1.0,0.1,cka,eu_group0,0.5534464514254229,0.9272727272727272
homoscedastic,3,1.0,0.1,cka,eu_group1,0.5534464514254229,
homoscedastic,3,1.0,0.1,cka,eu_id,0.5534464514254229,0.9151515151515152
homoscedastic,3,1.0,0.1,cka,eu_heldout,0.5534464514254229,0.309090909090909
homoscedastic,3,1.0,0.1,mknn,eu_agreement,0.3564102564102565,0.9272727272727272
homoscedastic,3,1.0,0.1,mknn,acquisition_overlap,0.3564102564102565,0.5548883643203848
homoscedastic,3,1.0,0.1,mknn,eu_group0,0.3564102564102565,0.9272727272727272
homoscedastic,3,1.0,0.1,mknn,eu_group1,0.3564102564102565,
homoscedastic,3,1.0,0.1,mknn,eu_id,0.3564102564102565,0.9151515151515152
homoscedastic,3,1.0,0.1,mknn,eu_heldout,0.3564102564102565,0.309090909090909
homoscedastic,3,1.0,0.1,predictivity,eu_agreement,0.4831619458994558,0.8424242424242423
homoscedastic,3,1.0,0.1,predictivity,acquisition_overlap,0.4831619458994558,0.6341581306518683
homoscedastic,3,1.0,0.1,predictivity,eu_group0,0.4831619458994558,0.8424242424242423
homoscedastic,3,1.0,0.1,predictivity,eu_group1,0.4831619458994558,
homoscedastic,3,1.0,0.1,predictivity,eu_id,0.4831619458994558,0.7818181818181817
homoscedastic,3,1.0,0.1,predictivity,eu_heldout,0.4831619458994558,0.6242424242424242
homoscedastic,3,1.0,0.1,cca_type,eu_agreement,1.2327641241149934e-08,0.9515151515151514
homoscedastic,3,1.0,0.1,cca_type,acquisition_overlap,1.2327641241149934e-08,0.6890371996505876
homoscedastic,3,1.0,0.1,cca_type,eu_group0,1.2327641241149934e-08,0.9515151515151514
homoscedastic,3,1.0,0.1,cca_type,eu_group1,1.2327641241149934e-08,
homoscedastic,3,1.0,0.1,cca_type,eu_id,1.2327641241149934e-08,0.9151515151515152
homoscedastic,3,1.0,0.1,cca_type,eu_heldout,1.2327641241149934e-08,0.24848484848484845
homoscedastic,3,1.0,0.1,smoother_001,eu_agreement,0.054667620109345894,0.9515151515151514
homoscedastic,3,1.0,0.1,smoother_001,acquisition_overlap,0.054667620109345894,0.6890371996505876
homoscedastic,3,1.0,0.1,smoother_001,eu_group0,0.054667620109345894,0.9515151515151514
homoscedastic,3,1.0,0.1,smoother_001,eu_group1,0.054667620109345894,
homoscedastic,3,1.0,0.1,smoother_001,eu_id,0.054667620109345894,0.9151515151515152
homoscedastic,3,1.0,0.1,smoother_001,eu_heldout,0.054667620109345894,0.24848484848484845
homoscedastic,3,1.0,0.1,smoother_1,eu_agreement,0.19681410205273497,0.9757575757575757
homoscedastic,3,1.0,0.1,smoother_1,acquisition_overlap,0.19681410205273497,0.7012325483169698
homoscedastic,3,1.0,0.1,smoother_1,eu_group0,0.19681410205273497,0.9757575757575757
homoscedastic,3,1.0,0.1,smoother_1,eu_group1,0.19681410205273497,
homoscedastic,3,1.0,0.1,smoother_1,eu_id,0.19681410205273497,0.9393939393939393
homoscedastic,3,1.0,0.1,smoother_1,eu_heldout,0.19681410205273497,0.22424242424242422
homoscedastic,3,1.0,0.25,cka,eu_agreement,0.5534464514254229,0.9757575757575757
homoscedastic,3,1.0,0.25,cka,acquisition_overlap,0.5534464514254229,0.7744046403152623
homoscedastic,3,1.0,0.25,cka,eu_group0,0.5534464514254229,0.9757575757575757
homoscedastic,3,1.0,0.25,cka,eu_group1,0.5534464514254229,
homoscedastic,3,1.0,0.25,cka,eu_id,0.5534464514254229,0.9515151515151514
homoscedastic,3,1.0,0.25,cka,eu_heldout,0.5534464514254229,0.35757575757575755
homoscedastic,3,1.0,0.25,mknn,eu_agreement,0.3564102564102565,0.9757575757575757
homoscedastic,3,1.0,0.25,mknn,acquisition_overlap,0.3564102564102565,0.7744046403152623
homoscedastic,3,1.0,0.25,mknn,eu_group0,0.3564102564102565,0.9757575757575757
homoscedastic,3,1.0,0.25,mknn,eu_group1,0.3564102564102565,
homoscedastic,3,1.0,0.25,mknn,eu_id,0.3564102564102565,0.9515151515151514
homoscedastic,3,1.0,0.25,mknn,eu_heldout,0.3564102564102565,0.35757575757575755
homoscedastic,3,1.0,0.25,predictivity,eu_agreement,0.4831619458994558,0.8666666666666665
homoscedastic,3,1.0,0.25,predictivity,acquisition_overlap,0.4831619458994558,0.7744046403152623
homoscedastic,3,1.0,0.25,predictivity,eu_group0,0.4831619458994558,0.8666666666666665
homoscedastic,3,1.0,0.25,predictivity,eu_group1,0.4831619458994558,
homoscedastic,3,1.0,0.25,predictivity,eu_id,0.4831619458994558,0.8181818181818182
homoscedastic,3,1.0,0.25,predictivity,eu_heldout,0.4831619458994558,0.6727272727272726
homoscedastic,3,1.0,0.25,cca_type,eu_agreement,1.2327641241149934e-08,0.8787878787878788
homoscedastic,3,1.0,0.25,cca_type,acquisition_overlap,1.2327641241149934e-08,0.8109906863144085
homoscedastic,3,1.0,0.25,cca_type,eu_group0,1.2327641241149934e-08,0.8787878787878788
homoscedastic,3,1.0,0.25,cca_type,eu_group1,1.2327641241149934e-08,
homoscedastic,3,1.0,0.25,cca_type,eu_id,1.2327641241149934e-08,0.8666666666666665
homoscedastic,3,1.0,0.25,cca_type,eu_heldout,1.2327641241149934e-08,0.2121212121212121
homoscedastic,3,1.0,0.25,smoother_001,eu_agreement,0.054667620109345894,0.8787878787878788
homoscedastic,3,1.0,0.25,smoother_001,acquisition_overlap,0.054667620109345894,0.8109906863144085
homoscedastic,3,1.0,0.25,smoother_001,eu_group0,0.054667620109345894,0.8787878787878788
homoscedastic,3,1.0,0.25,smoother_001,eu_group1,0.054667620109345894,
homoscedastic,3,1.0,0.25,smoother_001,eu_id,0.054667620109345894,0.8666666666666665
homoscedastic,3,1.0,0.25,smoother_001,eu_heldout,0.054667620109345894,0.2121212121212121
homoscedastic,3,1.0,0.25,smoother_1,eu_agreement,0.19681410205273497,0.9030303030303028
homoscedastic,3,1.0,0.25,smoother_1,acquisition_overlap,0.19681410205273497,0.7500139429824981
homoscedastic,3,1.0,0.25,smoother_1,eu_group0,0.19681410205273497,0.9030303030303028
homoscedastic,3,1.0,0.25,smoother_1,eu_group1,0.19681410205273497,
homoscedastic,3,1.0,0.25,smoother_1,eu_id,0.19681410205273497,0.8787878787878788
homoscedastic,3,1.0,0.25,smoother_1,eu_heldout,0.19681410205273497,0.2121212121212121
homoscedastic,3,1.0,1.0,cka,eu_agreement,0.5534464514254229,0.9393939393939393
homoscedastic,3,1.0,1.0,cka,acquisition_overlap,0.5534464514254229,0.8677950114042957
homoscedastic,3,1.0,1.0,cka,eu_group0,0.5534464514254229,0.9393939393939393
homoscedastic,3,1.0,1.0,cka,eu_group1,0.5534464514254229,
homoscedastic,3,1.0,1.0,cka,eu_id,0.5534464514254229,0.9515151515151514
homoscedastic,3,1.0,1.0,cka,eu_heldout,0.5534464514254229,0.6727272727272726
homoscedastic,3,1.0,1.0,mknn,eu_agreement,0.3564102564102565,0.9393939393939393
homoscedastic,3,1.0,1.0,mknn,acquisition_overlap,0.3564102564102565,0.8677950114042957
homoscedastic,3,1.0,1.0,mknn,eu_group0,0.3564102564102565,0.9393939393939393
homoscedastic,3,1.0,1.0,mknn,eu_group1,0.3564102564102565,
homoscedastic,3,1.0,1.0,mknn,eu_id,0.3564102564102565,0.9515151515151514
homoscedastic,3,1.0,1.0,mknn,eu_heldout,0.3564102564102565,0.6727272727272726
homoscedastic,3,1.0,1.0,predictivity,eu_agreement,0.4831619458994558,0.8060606060606059
homoscedastic,3,1.0,1.0,predictivity,acquisition_overlap,0.4831619458994558,0.9231861823449954
homoscedastic,3,1.0,1.0,predictivity,eu_group0,0.4831619458994558,0.8060606060606059
homoscedastic,3,1.0,1.0,predictivity,eu_group1,0.4831619458994558,
homoscedastic,3,1.0,1.0,predictivity,eu_id,0.4831619458994558,0.7939393939393938
homoscedastic,3,1.0,1.0,predictivity,eu_heldout,0.4831619458994558,0.8787878787878788
homoscedastic,3,1.0,1.0,cca_type,eu_agreement,1.2327641241149934e-08,0.8545454545454544
homoscedastic,3,1.0,1.0,cca_type,acquisition_overlap,1.2327641241149934e-08,0.8247129895615292
homoscedastic,3,1.0,1.0,cca_type,eu_group0,1.2327641241149934e-08,0.8545454545454544
homoscedastic,3,1.0,1.0,cca_type,eu_group1,1.2327641241149934e-08,
homoscedastic,3,1.0,1.0,cca_type,eu_id,1.2327641241149934e-08,0.8303030303030302
homoscedastic,3,1.0,1.0,cca_type,eu_heldout,1.2327641241149934e-08,0.5878787878787878
homoscedastic,3,1.0,1.0,smoother_001,eu_agreement,0.054667620109345894,0.8545454545454544
homoscedastic,3,1.0,1.0,smoother_001,acquisition_overlap,0.054667620109345894,0.8247129895615292
homoscedastic,3,1.0,1.0,smoother_001,eu_group0,0.054667620109345894,0.8545454545454544
homoscedastic,3,1.0,1.0,smoother_001,eu_group1,0.054667620109345894,
homoscedastic,3,1.0,1.0,smoother_001,eu_id,0.054667620109345894,0.8303030303030302
homoscedastic,3,1.0,1.0,smoother_001,eu_heldout,0.054667620109345894,0.5878787878787878
homoscedastic,3,1.0,1.0,smoother_1,eu_agreement,0.19681410205273497,0.8909090909090909
homoscedastic,3,1.0,1.0,smoother_1,acquisition_overlap,0.19681410205273497,0.8493312877573959
homoscedastic,3,1.0,1.0,smoother_1,eu_group0,0.19681410205273497,0.8909090909090909
homoscedastic,3,1.0,1.0,smoother_1,eu_group1,0.19681410205273497,
homoscedastic,3,1.0,1.0,smoother_1,eu_id,0.19681410205273497,0.8787878787878788
homoscedastic,3,1.0,1.0,smoother_1,eu_heldout,0.19681410205273497,0.5878787878787878
homoscedastic,3,10.0,0.1,cka,eu_agreement,0.5534464514254229,0.9272727272727272
homoscedastic,3,10.0,0.1,cka,acquisition_overlap,0.5534464514254229,0.5548883643203848
homoscedastic,3,10.0,0.1,cka,eu_group0,0.5534464514254229,0.9272727272727272
homoscedastic,3,10.0,0.1,cka,eu_group1,0.5534464514254229,
homoscedastic,3,10.0,0.1,cka,eu_id,0.5534464514254229,0.9151515151515152
homoscedastic,3,10.0,0.1,cka,eu_heldout,0.5534464514254229,0.309090909090909
homoscedastic,3,10.0,0.1,mknn,eu_agreement,0.3564102564102565,0.9272727272727272
homoscedastic,3,10.0,0.1,mknn,acquisition_overlap,0.3564102564102565,0.5548883643203848
homoscedastic,3,10.0,0.1,mknn,eu_group0,0.3564102564102565,0.9272727272727272
homoscedastic,3,10.0,0.1,mknn,eu_group1,0.3564102564102565,
homoscedastic,3,10.0,0.1,mknn,eu_id,0.3564102564102565,0.9151515151515152
homoscedastic,3,10.0,0.1,mknn,eu_heldout,0.3564102564102565,0.309090909090909
homoscedastic,3,10.0,0.1,predictivity,eu_agreement,0.4831619458994558,0.8424242424242423
homoscedastic,3,10.0,0.1,predictivity,acquisition_overlap,0.4831619458994558,0.6341581306518683
homoscedastic,3,10.0,0.1,predictivity,eu_group0,0.4831619458994558,0.8424242424242423
homoscedastic,3,10.0,0.1,predictivity,eu_group1,0.4831619458994558,
homoscedastic,3,10.0,0.1,predictivity,eu_id,0.4831619458994558,0.7818181818181817
homoscedastic,3,10.0,0.1,predictivity,eu_heldout,0.4831619458994558,0.6242424242424242
homoscedastic,3,10.0,0.1,cca_type,eu_agreement,1.2327641241149934e-08,0.9515151515151514
homoscedastic,3,10.0,0.1,cca_type,acquisition_overlap,1.2327641241149934e-08,0.6890371996505876
homoscedastic,3,10.0,0.1,cca_type,eu_group0,1.2327641241149934e-08,0.9515151515151514
homoscedastic,3,10.0,0.1,cca_type,eu_group1,1.2327641241149934e-08,
homoscedastic,3,10.0,0.1,cca_type,eu_id,1.2327641241149934e-08,0.9151515151515152
homoscedastic,3,10.0,0.1,cca_type,eu_heldout,1.2327641241149934e-08,0.24848484848484845
homoscedastic,3,10.0,0.1,smoother_001,eu_agreement,0.054667620109345894,0.9515151515151514
homoscedastic,3,10.0,0.1,smoother_001,acquisition_overlap,0.054667620109345894,0.6890371996505876
homoscedastic,3,10.0,0.1,smoother_001,eu_group0,0.054667620109345894,0.9515151515151514
homoscedastic,3,10.0,0.1,smoother_001,eu_group1,0.054667620109345894,
homoscedastic,3,10.0,0.1,smoother_001,eu_id,0.054667620109345894,0.9151515151515152
homoscedastic,3,10.0,0.1,smoother_001,eu_heldout,0.054667620109345894,0.24848484848484845
homoscedastic,3,10.0,0.1,smoother_1,eu_agreement,0.19681410205273497,0.9757575757575757
homoscedastic,3,10.0,0.1,smoother_1,acquisition_overlap,0.19681410205273497,0.7012325483169698
homoscedastic,3,10.0,0.1,smoother_1,eu_group0,0.19681410205273497,0.9757575757575757
homoscedastic,3,10.0,0.1,smoother_1,eu_group1,0.19681410205273497,
homoscedastic,3,10.0,0.1,smoother_1,eu_id,0.19681410205273497,0.9393939393939393
homoscedastic,3,10.0,0.1,smoother_1,eu_heldout,0.19681410205273497,0.22424242424242422
homoscedastic,3,10.0,0.25,cka,eu_agreement,0.5534464514254229,0.9757575757575757
homoscedastic,3,10.0,0.25,cka,acquisition_overlap,0.5534464514254229,0.7744046403152623
homoscedastic,3,10.0,0.25,cka,eu_group0,0.5534464514254229,0.9757575757575757
homoscedastic,3,10.0,0.25,cka,eu_group1,0.5534464514254229,
homoscedastic,3,10.0,0.25,cka,eu_id,0.5534464514254229,0.9515151515151514
homoscedastic,3,10.0,0.25,cka,eu_heldout,0.5534464514254229,0.35757575757575755
homoscedastic,3,10.0,0.25,mknn,eu_agreement,0.3564102564102565,0.9757575757575757
homoscedastic,3,10.0,0.25,mknn,acquisition_overlap,0.3564102564102565,0.7744046403152623
homoscedastic,3,10.0,0.25,mknn,eu_group0,0.3564102564102565,0.9757575757575757
homoscedastic,3,10.0,0.25,mknn,eu_group1,0.3564102564102565,
homoscedastic,3,10.0,0.25,mknn,eu_id,0.3564102564102565,0.9515151515151514
homoscedastic,3,10.0,0.25,mknn,eu_heldout,0.3564102564102565,0.35757575757575755
homoscedastic,3,10.0,0.25,predictivity,eu_agreement,0.4831619458994558,0.8666666666666665
homoscedastic,3,10.0,0.25,predictivity,acquisition_overlap,0.4831619458994558,0.7744046403152623
homoscedastic,3,10.0,0.25,predictivity,eu_group0,0.4831619458994558,0.8666666666666665
homoscedastic,3,10.0,0.25,predictivity,eu_group1,0.4831619458994558,
homoscedastic,3,10.0,0.25,predictivity,eu_id,0.4831619458994558,0.8181818181818182
homoscedastic,3,10.0,0.25,predictivity,eu_heldout,0.4831619458994558,0.6727272727272726
homoscedastic,3,10.0,0.25,cca_type,eu_agreement,1.2327641241149934e-08,0.8787878787878788
homoscedastic,3,10.0,0.25,cca_type,acquisition_overlap,1.2327641241149934e-08,0.8109906863144085
homoscedastic,3,10.0,0.25,cca_type,eu_group0,1.2327641241149934e-08,0.8787878787878788
homoscedastic,3,10.0,0.25,cca_type,eu_group1,1.2327641241149934e-08,
homoscedastic,3,10.0,0.25,cca_type,eu_id,1.2327641241149934e-08,0.8666666666666665
homoscedastic,3,10.0,0.25,cca_type,eu_heldout,1.2327641241149934e-08,0.2121212121212121
homoscedastic,3,10.0,0.25,smoother_001,eu_agreement,0.054667620109345894,0.8787878787878788
homoscedastic,3,10.0,0.25,smoother_001,acquisition_overlap,0.054667620109345894,0.8109906863144085
homoscedastic,3,10.0,0.25,smoother_001,eu_group0,0.054667620109345894,0.8787878787878788
homoscedastic,3,10.0,0.25,smoother_001,eu_group1,0.054667620109345894,
homoscedastic,3,10.0,0.25,smoother_001,eu_id,0.054667620109345894,0.8666666666666665
homoscedastic,3,10.0,0.25,smoother_001,eu_heldout,0.054667620109345894,0.2121212121212121
homoscedastic,3,10.0,0.25,smoother_1,eu_agreement,0.19681410205273497,0.9030303030303028
homoscedastic,3,10.0,0.25,smoother_1,acquisition_overlap,0.19681410205273497,0.7500139429824981
homoscedastic,3,10.0,0.25,smoother_1,eu_group0,0.19681410205273497,0.9030303030303028
homoscedastic,3,10.0,0.25,smoother_1,eu_group1,0.19681410205273497,
homoscedastic,3,10.0,0.25,smoother_1,eu_id,0.19681410205273497,0.8787878787878788
homoscedastic,3,10.0,0.25,smoother_1,eu_heldout,0.19681410205273497,0.2121212121212121
homoscedastic,3,10.0,1.0,cka,eu_agreement,0.5534464514254229,0.9393939393939393
homoscedastic,3,10.0,1.0,cka,acquisition_overlap,0.5534464514254229,0.8677950114042957
homoscedastic,3,10.0,1.0,cka,eu_group0,0.5534464514254229,0.9393939393939393
homoscedastic,3,10.0,1.0,cka,eu_group1,0.5534464514254229,
homoscedastic,3,10.0,1.0,cka,eu_id,0.5534464514254229,0.9515151515151514
homoscedastic,3,10.0,1.0,cka,eu_heldout,0.5534464514254229,0.6
homoscedastic,3,10.0,1.0,mknn,eu_agreement,0.3564102564102565,0.9393939393939393
homoscedastic,3,10.0,1.0,mknn,acquisition_overlap,0.3564102564102565,0.8677950114042957
homoscedastic,3,10.0,1.0,mknn,eu_group0,0.3564102564102565,0.9393939393939393
homoscedastic,3,10.0,1.0,mknn,eu_group1,0.3564102564102565,
homoscedastic,3,10.0,1.0,mknn,eu_id,0.3564102564102565,0.9515151515151514
homoscedastic,3,10.0,1.0,mknn,eu_heldout,0.3564102564102565,0.6
homoscedastic,3,10.0,1.0,predictivity,eu_agreement,0.4831619458994558,0.8060606060606059
homoscedastic,3,10.0,1.0,predictivity,acquisition_overlap,0.4831619458994558,0.9231861823449954
homoscedastic,3,10.0,1.0,predictivity,eu_group0,0.4831619458994558,0.8060606060606059
homoscedastic,3,10.0,1.0,predictivity,eu_group1,0.4831619458994558,
homoscedastic,3,10.0,1.0,predictivity,eu_id,0.4831619458994558,0.7939393939393938
homoscedastic,3,10.0,1.0,predictivity,eu_heldout,0.4831619458994558,0.8181818181818182
homoscedastic,3,10.0,1.0,cca_type,eu_agreement,1.2327641241149934e-08,0.8545454545454544
homoscedastic,3,10.0,1.0,cca_type,acquisition_overlap,1.2327641241149934e-08,0.8247129895615292
homoscedastic,3,10.0,1.0,cca_type,eu_group0,1.2327641241149934e-08,0.8545454545454544
homoscedastic,3,10.0,1.0,cca_type,eu_group1,1.2327641241149934e-08,
homoscedastic,3,10.0,1.0,cca_type,eu_id,1.2327641241149934e-08,0.8303030303030302
homoscedastic,3,10.0,1.0,cca_type,eu_heldout,1.2327641241149934e-08,0.49090909090909085
homoscedastic,3,10.0,1.0,smoother_001,eu_agreement,0.054667620109345894,0.8545454545454544
homoscedastic,3,10.0,1.0,smoother_001,acquisition_overlap,0.054667620109345894,0.8247129895615292
homoscedastic,3,10.0,1.0,smoother_001,eu_group0,0.054667620109345894,0.8545454545454544
homoscedastic,3,10.0,1.0,smoother_001,eu_group1,0.054667620109345894,
homoscedastic,3,10.0,1.0,smoother_001,eu_id,0.054667620109345894,0.8303030303030302
homoscedastic,3,10.0,1.0,smoother_001,eu_heldout,0.054667620109345894,0.49090909090909085
homoscedastic,3,10.0,1.0,smoother_1,eu_agreement,0.19681410205273497,0.8909090909090909
homoscedastic,3,10.0,1.0,smoother_1,acquisition_overlap,0.19681410205273497,0.8493312877573959
homoscedastic,3,10.0,1.0,smoother_1,eu_group0,0.19681410205273497,0.8909090909090909
homoscedastic,3,10.0,1.0,smoother_1,eu_group1,0.19681410205273497,
homoscedastic,3,10.0,1.0,smoother_1,eu_id,0.19681410205273497,0.8787878787878788
homoscedastic,3,10.0,1.0,smoother_1,eu_heldout,0.19681410205273497,0.4787878787878787
homoscedastic,4,0.1,0.1,cka,eu_agreement,0.5535856302314879,0.9151515151515152
homoscedastic,4,0.1,0.1,cka,acquisition_overlap,0.5535856302314879,0.5994136054576852
homoscedastic,4,0.1,0.1,cka,eu_group0,0.5535856302314879,0.9151515151515152
homoscedastic,4,0.1,0.1,cka,eu_group1,0.5535856302314879,
homoscedastic,4,0.1,0.1,cka,eu_id,0.5535856302314879,0.7696969696969697
homoscedastic,4,0.1,0.1,cka,eu_heldout,0.5535856302314879,0.18787878787878787
homoscedastic,4,0.1,0.1,mknn,eu_agreement,0.3600732600732601,0.9151515151515152
homoscedastic,4,0.1,0.1,mknn,acquisition_overlap,0.3600732600732601,0.5994136054576852
homoscedastic,4,0.1,0.1,mknn,eu_group0,0.3600732600732601,0.9151515151515152
homoscedastic,4,0.1,0.1,mknn,eu_group1,0.3600732600732601,
homoscedastic,4,0.1,0.1,mknn,eu_id,0.3600732600732601,0.7696969696969697
homoscedastic,4,0.1,0.1,mknn,eu_heldout,0.3600732600732601,0.18787878787878787
homoscedastic,4,0.1,0.1,predictivity,eu_agreement,0.4285294428509066,0.7818181818181817
homoscedastic,4,0.1,0.1,predictivity,acquisition_overlap,0.4285294428509066,0.5015501596686753
homoscedastic,4,0.1,0.1,predictivity,eu_group0,0.4285294428509066,0.7818181818181817
homoscedastic,4,0.1,0.1,predictivity,eu_group1,0.4285294428509066,
homoscedastic,4,0.1,0.1,predictivity,eu_id,0.4285294428509066,0.7818181818181817
homoscedastic,4,0.1,0.1,predictivity,eu_heldout,0.4285294428509066,0.6
homoscedastic,4,0.1,0.1,cca_type,eu_agreement,1.1304950642276879e-08,0.9272727272727272
homoscedastic,4,0.1,0.1,cca_type,acquisition_overlap,1.1304950642276879e-08,0.9052368735483408
homoscedastic,4,0.1,0.1,cca_type,eu_group0,1.1304950642276879e-08,0.9272727272727272
homoscedastic,4,0.1,0.1,cca_type,eu_group1,1.1304950642276879e-08,
homoscedastic,4,0.1,0.1,cca_type,eu_id,1.1304950642276879e-08,0.7818181818181817
homoscedastic,4,0.1,0.1,cca_type,eu_heldout,1.1304950642276879e-08,0.2121212121212121
homoscedastic,4,0.1,0.1,smoother_001,eu_agreement,0.0527252446845915,0.9272727272727272
homoscedastic,4,0.1,0.1,smoother_001,acquisition_overlap,0.0527252446845915,0.9052368735483408
homoscedastic,4,0.1,0.1,smoother_001,eu_group0,0.0527252446845915,0.9272727272727272
homoscedastic,4,0.1,0.1,smoother_001,eu_group1,0.0527252446845915,
homoscedastic,4,0.1,0.1,smoother_001,eu_id,0.0527252446845915,0.7818181818181817
homoscedastic,4,0.1,0.1,smoother_001,eu_heldout,0.0527252446845915,0.2121212121212121
homoscedastic,4,0.1,0.1,smoother_1,eu_agreement,0.19854869688097165,0.9515151515151514
homoscedastic,4,0.1,0.1,smoother_1,acquisition_overlap,0.19854869688097165,0.7645581702266392
homoscedastic,4,0.1,0.1,smoother_1,eu_group0,0.19854869688097165,0.9515151515151514
homoscedastic,4,0.1,0.1,smoother_1,eu_group1,0.19854869688097165,
homoscedastic,4,0.1,0.1,smoother_1,eu_id,0.19854869688097165,0.8303030303030302
homoscedastic,4,0.1,0.1,smoother_1,eu_heldout,0.19854869688097165,0.18787878787878787
homoscedastic,4,0.1,0.25,cka,eu_agreement,0.5535856302314879,0.9515151515151514
homoscedastic,4,0.1,0.25,cka,acquisition_overlap,0.5535856302314879,0.8693049274624923
homoscedastic,4,0.1,0.25,cka,eu_group0,0.5535856302314879,0.9515151515151514
homoscedastic,4,0.1,0.25,cka,eu_group1,0.5535856302314879,
homoscedastic,4,0.1,0.25,cka,eu_id,0.5535856302314879,0.9515151515151514
homoscedastic,4,0.1,0.25,cka,eu_heldout,0.5535856302314879,0.4787878787878787
homoscedastic,4,0.1,0.25,mknn,eu_agreement,0.3600732600732601,0.9515151515151514
homoscedastic,4,0.1,0.25,mknn,acquisition_overlap,0.3600732600732601,0.8693049274624923
homoscedastic,4,0.1,0.25,mknn,eu_group0,0.3600732600732601,0.9515151515151514
homoscedastic,4,0.1,0.25,mknn,eu_group1,0.3600732600732601,
homoscedastic,4,0.1,0.25,mknn,eu_id,0.3600732600732601,0.9515151515151514
homoscedastic,4,0.1,0.25,mknn,eu_heldout,0.3600732600732601,0.4787878787878787
homoscedastic,4,0.1,0.25,predictivity,eu_agreement,0.4285294428509066,0.7818181818181817
homoscedastic,4,0.1,0.25,predictivity,acquisition_overlap,0.4285294428509066,0.9422535927041001
homoscedastic,4,0.1,0.25,predictivity,eu_group0,0.4285294428509066,0.7818181818181817
homoscedastic,4,0.1,0.25,predictivity,eu_group1,0.4285294428509066,
homoscedastic,4,0.1,0.25,predictivity,eu_id,0.4285294428509066,0.7818181818181817
homoscedastic,4,0.1,0.25,predictivity,eu_heldout,0.4285294428509066,0.8181818181818182
homoscedastic,4,0.1,0.25,cca_type,eu_agreement,1.1304950642276879e-08,0.8666666666666665
homoscedastic,4,0.1,0.25,cca_type,acquisition_overlap,1.1304950642276879e-08,0.7659609850368815
homoscedastic,4,0.1,0.25,cca_type,eu_group0,1.1304950642276879e-08,0.8666666666666665
homoscedastic,4,0.1,0.25,cca_type,eu_group1,1.1304950642276879e-08,
homoscedastic,4,0.1,0.25,cca_type,eu_id,1.1304950642276879e-08,0.8666666666666665
homoscedastic,4,0.1,0.25,cca_type,eu_heldout,1.1304950642276879e-08,0.32121212121212117
homoscedastic,4,0.1,0.25,smoother_001,eu_agreement,0.0527252446845915,0.8666666666666665
homoscedastic,4,0.1,0.25,smoother_001,acquisition_overlap,0.0527252446845915,0.7659609850368815
homoscedastic,4,0.1,0.25,smoother_001,eu_group0,0.0527252446845915,0.8666666666666665
homoscedastic,4,0.1,0.25,smoother_001,eu_group1,0.0527252446845915,
homoscedastic,4,0.1,0.25,smoother_001,eu_id,0.0527252446845915,0.8666666666666665
homoscedastic,4,0.1,0.25,smoother_001,eu_heldout,0.0527252446845915,0.32121212121212117
homoscedastic,4,0.1,0.25,smoother_1,eu_agreement,0.19854869688097165,0.9151515151515152
homoscedastic,4,0.1,0.25,smoother_1,acquisition_overlap,0.19854869688097165,0.8936211492096949
homoscedastic,4,0.1,0.25,smoother_1,eu_group0,0.19854869688097165,0.9151515151515152
homoscedastic,4,0.1,0.25,smoother_1,eu_group1,0.19854869688097165,
homoscedastic,4,0.1,0.25,smoother_1,eu_id,0.19854869688097165,0.9151515151515152
homoscedastic,4,0.1,0.25,smoother_1,eu_heldout,0.19854869688097165,0.406060606060606
homoscedastic,4,0.1,1.0,cka,eu_agreement,0.5535856302314879,0.9393939393939393
homoscedastic,4,0.1,1.0,cka,acquisition_overlap,0.5535856302314879,0.774175632188518
homoscedastic,4,0.1,1.0,cka,eu_group0,0.5535856302314879,0.9393939393939393
homoscedastic,4,0.1,1.0,cka,eu_group1,0.5535856302314879,
homoscedastic,4,0.1,1.0,cka,eu_id,0.5535856302314879,0.9636363636363635
homoscedastic,4,0.1,1.0,cka,eu_heldout,0.5535856302314879,0.3696969696969697
homoscedastic,4,0.1,1.0,mknn,eu_agreement,0.3600732600732601,0.9393939393939393
homoscedastic,4,0.1,1.0,mknn,acquisition_overlap,0.3600732600732601,0.774175632188518
homoscedastic,4,0.1,1.0,mknn,eu_group0,0.3600732600732601,0.9393939393939393
homoscedastic,4,0.1,1.0,mknn,eu_group1,0.3600732600732601,
homoscedastic,4,0.1,1.0,mknn,eu_id,0.3600732600732601,0.9636363636363635
homoscedastic,4,0.1,1.0,mknn,eu_heldout,0.3600732600732601,0.3696969696969697
homoscedastic,4,0.1,1.0,predictivity,eu_agreement,0.4285294428509066,0.7696969696969697
homoscedastic,4,0.1,1.0,predictivity,acquisition_overlap,0.4285294428509066,0.7679822271310099
homoscedastic,4,0.1,1.0,predictivity,eu_group0,0.4285294428509066,0.7696969696969697
homoscedastic,4,0.1,1.0,predictivity,eu_group1,0.4285294428509066,
homoscedastic,4,0.1,1.0,predictivity,eu_id,0.4285294428509066,0.7333333333333332
homoscedastic,4,0.1,1.0,predictivity,eu_heldout,0.4285294428509066,0.7333333333333332
homoscedastic,4,0.1,1.0,cca_type,eu_agreement,1.1304950642276879e-08,0.8545454545454544
homoscedastic,4,0.1,1.0,cca_type,acquisition_overlap,1.1304950642276879e-08,0.7927558473610427
homoscedastic,4,0.1,1.0,cca_type,eu_group0,1.1304950642276879e-08,0.8545454545454544
homoscedastic,4,0.1,1.0,cca_type,eu_group1,1.1304950642276879e-08,
homoscedastic,4,0.1,1.0,cca_type,eu_id,1.1304950642276879e-08,0.8060606060606059
homoscedastic,4,0.1,1.0,cca_type,eu_heldout,1.1304950642276879e-08,0.28484848484848485
homoscedastic,4,0.1,1.0,smoother_001,eu_agreement,0.0527252446845915,0.8545454545454544
homoscedastic,4,0.1,1.0,smoother_001,acquisition_overlap,0.0527252446845915,0.7927558473610427
homoscedastic,4,0.1,1.0,smoother_001,eu_group0,0.0527252446845915,0.8545454545454544
homoscedastic,4,0.1,1.0,smoother_001,eu_group1,0.0527252446845915,
homoscedastic,4,0.1,1.0,smoother_001,eu_id,0.0527252446845915,0.8060606060606059
homoscedastic,4,0.1,1.0,smoother_001,eu_heldout,0.0527252446845915,0.28484848484848485
homoscedastic,4,0.1,1.0,smoother_1,eu_agreement,0.19854869688097165,0.9272727272727272
homoscedastic,4,0.1,1.0,smoother_1,acquisition_overlap,0.19854869688097165,0.8361096827635996
homoscedastic,4,0.1,1.0,smoother_1,eu_group0,0.19854869688097165,0.9272727272727272
homoscedastic,4,0.1,1.0,smoother_1,eu_group1,0.19854869688097165,
homoscedastic,4,0.1,1.0,smoother_1,eu_id,0.19854869688097165,0.9030303030303028
homoscedastic,4,0.1,1.0,smoother_1,eu_heldout,0.19854869688097165,0.34545454545454546
homoscedastic,4,1.0,0.1,cka,eu_agreement,0.5535856302314879,0.9151515151515152
homoscedastic,4,1.0,0.1,cka,acquisition_overlap,0.5535856302314879,0.587180674734059
homoscedastic,4,1.0,0.1,cka,eu_group0,0.5535856302314879,0.9151515151515152
homoscedastic,4,1.0,0.1,cka,eu_group1,0.5535856302314879,
homoscedastic,4,1.0,0.1,cka,eu_id,0.5535856302314879,0.7696969696969697
homoscedastic,4,1.0,0.1,cka,eu_heldout,0.5535856302314879,0.18787878787878787
homoscedastic,4,1.0,0.1,mknn,eu_agreement,0.3600732600732601,0.9151515151515152
homoscedastic,4,1.0,0.1,mknn,acquisition_overlap,0.3600732600732601,0.587180674734059
homoscedastic,4,1.0,0.1,mknn,eu_group0,0.3600732600732601,0.9151515151515152
homoscedastic,4,1.0,0.1,mknn,eu_group1,0.3600732600732601,
homoscedastic,4,1.0,0.1,mknn,eu_id,0.3600732600732601,0.7696969696969697
homoscedastic,4,1.0,0.1,mknn,eu_heldout,0.3600732600732601,0.18787878787878787
homoscedastic,4,1.0,0.1,predictivity,eu_agreement,0.4285294428509066,0.7818181818181817
homoscedastic,4,1.0,0.1,predictivity,acquisition_overlap,0.4285294428509066,0.5260160211159278
homoscedastic,4,1.0,0.1,predictivity,eu_group0,0.4285294428509066,0.7818181818181817
homoscedastic,4,1.0,0.1,predictivity,eu_group1,0.4285294428509066,
homoscedastic,4,1.0,0.1,predictivity,eu_id,0.4285294428509066,0.7818181818181817
homoscedastic,4,1.0,0.1,predictivity,eu_heldout,0.4285294428509066,0.6
homoscedastic,4,1.0,0.1,cca_type,eu_agreement,1.1304950642276879e-08,0.9272727272727272
homoscedastic,4,1.0,0.1,cca_type,acquisition_overlap,1.1304950642276879e-08,0.8991204081865277
homoscedastic,4,1.0,0.1,cca_type,eu_group0,1.1304950642276879e-08,0.9272727272727272
homoscedastic,4,1.0,0.1,cca_type,eu_group1,1.1304950642276879e-08,
homoscedastic,4,1.0,0.1,cca_type,eu_id,1.1304950642276879e-08,0.7818181818181817
homoscedastic,4,1.0,0.1,cca_type,eu_heldout,1.1304950642276879e-08,0.2121212121212121
homoscedastic,4,1.0,0.1,smoother_001,eu_agreement,0.0527252446845915,0.9272727272727272
homoscedastic,4,1.0,0.1,smoother_001,acquisition_overlap,0.0527252446845915,0.8991204081865277
homoscedastic,4,1.0,0.1,smoother_001,eu_group0,0.0527252446845915,0.9272727272727272
homoscedastic,4,1.0,0.1,smoother_001,eu_group1,0.0527252446845915,
homoscedastic,4,1.0,0.1,smoother_001,eu_id,0.0527252446845915,0.7818181818181817
homoscedastic,4,1.0,0.1,smoother_001,eu_heldout,0.0527252446845915,0.2121212121212121
homoscedastic,4,1.0,0.1,smoother_1,eu_agreement,0.19854869688097165,0.9515151515151514
homoscedastic,4,1.0,0.1,smoother_1,acquisition_overlap,0.19854869688097165,0.7767911009502655
homoscedastic,4,1.0,0.1,smoother_1,eu_group0,0.19854869688097165,0.9515151515151514
homoscedastic,4,1.0,0.1,smoother_1,eu_group1,0.19854869688097165,
homoscedastic,4,1.0,0.1,smoother_1,eu_id,0.19854869688097165,0.8303030303030302
homoscedastic,4,1.0,0.1,smoother_1,eu_heldout,0.19854869688097165,0.18787878787878787
homoscedastic,4,1.0,0.25,cka,eu_agreement,0.5535856302314879,0.9515151515151514
homoscedastic,4,1.0,0.25,cka,acquisition_overlap,0.5535856302314879,0.8658697553131279
homoscedastic,4,1.0,0.25,cka,eu_group0,0.5535856302314879,0.9515151515151514
homoscedastic,4,1.0,0.25,cka,eu_group1,0.5535856302314879,
homoscedastic,4,1.0,0.25,cka,eu_id,0.5535856302314879,0.9515151515151514
homoscedastic,4,1.0,0.25,cka,eu_heldout,0.5535856302314879,0.4787878787878787
homoscedastic,4,1.0,0.25,mknn,eu_agreement,0.3600732600732601,0.9515151515151514
homoscedastic,4,1.0,0.25,mknn,acquisition_overlap,0.3600732600732601,0.8658697553131279
homoscedastic,4,1.0,0.25,mknn,eu_group0,0.3600732600732601,0.9515151515151514
homoscedastic,4,1.0,0.25,mknn,eu_group1,0.3600732600732601,
homoscedastic,4,1.0,0.25,mknn,eu_id,0.3600732600732601,0.9515151515151514
homoscedastic,4,1.0,0.25,mknn,eu_heldout,0.3600732600732601,0.4787878787878787
homoscedastic,4,1.0,0.25,predictivity,eu_agreement,0.4285294428509066,0.7818181818181817
homoscedastic,4,1.0,0.25,predictivity,acquisition_overlap,0.4285294428509066,0.9390418473114204
homoscedastic,4,1.0,0.25,predictivity,eu_group0,0.4285294428509066,0.7818181818181817
homoscedastic,4,1.0,0.25,predictivity,eu_group1,0.4285294428509066,
homoscedastic,4,1.0,0.25,predictivity,eu_id,0.4285294428509066,0.7818181818181817
homoscedastic,4,1.0,0.25,predictivity,eu_heldout,0.4285294428509066,0.8181818181818182
homoscedastic,4,1.0,0.25,cca_type,eu_agreement,1.1304950642276879e-08,0.8666666666666665
homoscedastic,4,1.0,0.25,cca_type,acquisition_overlap,1.1304950642276879e-08,0.7744046403152623
homoscedastic,4,1.0,0.25,cca_type,eu_group0,1.1304950642276879e-08,0.8666666666666665
homoscedastic,4,1.0,0.25,cca_type,eu_group1,1.1304950642276879e-08,
homoscedastic,4,1.0,0.25,cca_type,eu_id,1.1304950642276879e-08,0.8666666666666665
homoscedastic,4,1.0,0.25,cca_type,eu_heldout,1.1304950642276879e-08,0.32121212121212117
homoscedastic,4,1.0,0.25,smoother_001,eu_agreement,0.0527252446845915,0.8666666666666665
homoscedastic,4,1.0,0.25,smoother_001,acquisition_overlap,0.0527252446845915,0.7744046403152623
homoscedastic,4,1.0,0.25,smoother_001,eu_group0,0.0527252446845915,0.8666666666666665
homoscedastic,4,1.0,0.25,smoother_001,eu_group1,0.0527252446845915,
homoscedastic,4,1.0,0.25,smoother_001,eu_id,0.0527252446845915,0.8666666666666665
homoscedastic,4,1.0,0.25,smoother_001,eu_heldout,0.0527252446845915,0.32121212121212117
homoscedastic,4,1.0,0.25,smoother_1,eu_agreement,0.19854869688097165,0.9151515151515152
homoscedastic,4,1.0,0.25,smoother_1,acquisition_overlap,0.19854869688097165,0.8902604526458922
homoscedastic,4,1.0,0.25,smoother_1,eu_group0,0.19854869688097165,0.9151515151515152
homoscedastic,4,1.0,0.25,smoother_1,eu_group1,0.19854869688097165,
homoscedastic,4,1.0,0.25,smoother_1,eu_id,0.19854869688097165,0.9151515151515152
homoscedastic,4,1.0,0.25,smoother_1,eu_heldout,0.19854869688097165,0.406060606060606
homoscedastic,4,1.0,1.0,cka,eu_agreement,0.5535856302314879,0.9393939393939393
homoscedastic,4,1.0,1.0,cka,acquisition_overlap,0.5535856302314879,0.8134898931211442
homoscedastic,4,1.0,1.0,cka,eu_group0,0.5535856302314879,0.9393939393939393
homoscedastic,4,1.0,1.0,cka,eu_group1,0.5535856302314879,
homoscedastic,4,1.0,1.0,cka,eu_id,0.5535856302314879,0.9515151515151514
homoscedastic,4,1.0,1.0,cka,eu_heldout,0.5535856302314879,0.3696969696969697
homoscedastic,4,1.0,1.0,mknn,eu_agreement,0.3600732600732601,0.9393939393939393
homoscedastic,4,1.0,1.0,mknn,acquisition_overlap,0.3600732600732601,0.8134898931211442
homoscedastic,4,1.0,1.0,mknn,eu_group0,0.3600732600732601,0.9393939393939393
homoscedastic,4,1.0,1.0,mknn,eu_group1,0.3600732600732601,
homoscedastic,4,1.0,1.0,mknn,eu_id,0.3600732600732601,0.9515151515151514
homoscedastic,4,1.0,1.0,mknn,eu_heldout,0.3600732600732601,0.3696969696969697
homoscedastic,4,1.0,1.0,predictivity,eu_agreement,0.4285294428509066,0.7696969696969697
homoscedastic,4,1.0,1.0,predictivity,acquisition_overlap,0.4285294428509066,0.7645581702266392
homoscedastic,4,1.0,1.0,predictivity,eu_group0,0.4285294428509066,0.7696969696969697
homoscedastic,4,1.0,1.0,predictivity,eu_group1,0.4285294428509066,
homoscedastic,4,1.0,1.0,predictivity,eu_id,0.4285294428509066,0.7454545454545454
homoscedastic,4,1.0,1.0,predictivity,eu_heldout,0.4285294428509066,0.7333333333333332
homoscedastic,4,1.0,1.0,cca_type,eu_agreement,1.1304950642276879e-08,0.8545454545454544
homoscedastic,4,1.0,1.0,cca_type,acquisition_overlap,1.1304950642276879e-08,0.7767911009502655
homoscedastic,4,1.0,1.0,cca_type,eu_group0,1.1304950642276879e-08,0.8545454545454544
homoscedastic,4,1.0,1.0,cca_type,eu_group1,1.1304950642276879e-08,
homoscedastic,4,1.0,1.0,cca_type,eu_id,1.1304950642276879e-08,0.8303030303030302
homoscedastic,4,1.0,1.0,cca_type,eu_heldout,1.1304950642276879e-08,0.28484848484848485
homoscedastic,4,1.0,1.0,smoother_001,eu_agreement,0.0527252446845915,0.8545454545454544
homoscedastic,4,1.0,1.0,smoother_001,acquisition_overlap,0.0527252446845915,0.7767911009502655
homoscedastic,4,1.0,1.0,smoother_001,eu_group0,0.0527252446845915,0.8545454545454544
homoscedastic,4,1.0,1.0,smoother_001,eu_group1,0.0527252446845915,
homoscedastic,4,1.0,1.0,smoother_001,eu_id,0.0527252446845915,0.8303030303030302
homoscedastic,4,1.0,1.0,smoother_001,eu_heldout,0.0527252446845915,0.28484848484848485
homoscedastic,4,1.0,1.0,smoother_1,eu_agreement,0.19854869688097165,0.9272727272727272
homoscedastic,4,1.0,1.0,smoother_1,acquisition_overlap,0.19854869688097165,0.8624216160156492
homoscedastic,4,1.0,1.0,smoother_1,eu_group0,0.19854869688097165,0.9272727272727272
homoscedastic,4,1.0,1.0,smoother_1,eu_group1,0.19854869688097165,
homoscedastic,4,1.0,1.0,smoother_1,eu_id,0.19854869688097165,0.9151515151515152
homoscedastic,4,1.0,1.0,smoother_1,eu_heldout,0.19854869688097165,0.34545454545454546
homoscedastic,4,10.0,0.1,cka,eu_agreement,0.5535856302314879,0.9151515151515152
homoscedastic,4,10.0,0.1,cka,acquisition_overlap,0.5535856302314879,0.587180674734059
homoscedastic,4,10.0,0.1,cka,eu_group0,0.5535856302314879,0.9151515151515152
homoscedastic,4,10.0,0.1,cka,eu_group1,0.5535856302314879,
homoscedastic,4,10.0,0.1,cka,eu_id,0.5535856302314879,0.7696969696969697
homoscedastic,4,10.0,0.1,cka,eu_heldout,0.5535856302314879,0.18787878787878787
homoscedastic,4,10.0,0.1,mknn,eu_agreement,0.3600732600732601,0.9151515151515152
homoscedastic,4,10.0,0.1,mknn,acquisition_overlap,0.3600732600732601,0.587180674734059
homoscedastic,4,10.0,0.1,mknn,eu_group0,0.3600732600732601,0.9151515151515152
homoscedastic,4,10.0,0.1,mknn,eu_group1,0.3600732600732601,
homoscedastic,4,10.0,0.1,mknn,eu_id,0.3600732600732601,0.7696969696969697
homoscedastic,4,10.0,0.1,mknn,eu_heldout,0.3600732600732601,0.18787878787878787
homoscedastic,4,10.0,0.1,predictivity,eu_agreement,0.4285294428509066,0.7818181818181817
homoscedastic,4,10.0,0.1,predictivity,acquisition_overlap,0.4285294428509066,0.5260160211159278
homoscedastic,4,10.0,0.1,predictivity,eu_group0,0.4285294428509066,0.7818181818181817
homoscedastic,4,10.0,0.1,predictivity,eu_group1,0.4285294428509066,
homoscedastic,4,10.0,0.1,predictivity,eu_id,0.4285294428509066,0.7818181818181817
homoscedastic,4,10.0,0.1,predictivity,eu_heldout,0.4285294428509066,0.6
homoscedastic,4,10.0,0.1,cca_type,eu_agreement,1.1304950642276879e-08,0.9272727272727272
homoscedastic,4,10.0,0.1,cca_type,acquisition_overlap,1.1304950642276879e-08,0.8991204081865277
homoscedastic,4,10.0,0.1,cca_type,eu_group0,1.1304950642276879e-08,0.9272727272727272
homoscedastic,4,10.0,0.1,cca_type,eu_group1,1.1304950642276879e-08,
homoscedastic,4,10.0,0.1,cca_type,eu_id,1.1304950642276879e-08,0.7818181818181817
homoscedastic,4,10.0,0.1,cca_type,eu_heldout,1.1304950642276879e-08,0.2121212121212121
homoscedastic,4,10.0,0.1,smoother_001,eu_agreement,0.0527252446845915,0.9272727272727272
homoscedastic,4,10.0,0.1,smoother_001,acquisition_overlap,0.0527252446845915,0.8991204081865277
homoscedastic,4,10.0,0.1,smoother_001,eu_group0,0.0527252446845915,0.9272727272727272
homoscedastic,4,10.0,0.1,smoother_001,eu_group1,0.0527252446845915,
homoscedastic,4,10.0,0.1,smoother_001,eu_id,0.0527252446845915,0.7818181818181817
homoscedastic,4,10.0,0.1,smoother_001,eu_heldout,0.0527252446845915,0.2121212121212121
homoscedastic,4,10.0,0.1,smoother_1,eu_agreement,0.19854869688097165,0.9515151515151514
homoscedastic,4,10.0,0.1,smoother_1,acquisition_overlap,0.19854869688097165,0.7767911009502655
homoscedastic,4,10.0,0.1,smoother_1,eu_group0,0.19854869688097165,0.9515151515151514
homoscedastic,4,10.0,0.1,smoother_1,eu_group1,0.19854869688097165,
homoscedastic,4,10.0,0.1,smoother_1,eu_id,0.19854869688097165,0.8303030303030302
homoscedastic,4,10.0,0.1,smoother_1,eu_heldout,0.19854869688097165,0.18787878787878787
homoscedastic,4,10.0,0.25,cka,eu_agreement,0.5535856302314879,0.9515151515151514
homoscedastic,4,10.0,0.25,cka,acquisition_overlap,0.5535856302314879,0.8658697553131279
homoscedastic,4,10.0,0.25,cka,eu_group0,0.5535856302314879,0.9515151515151514
homoscedastic,4,10.0,0.25,cka,eu_group1,0.5535856302314879,
homoscedastic,4,10.0,0.25,cka,eu_id,0.5535856302314879,0.9515151515151514
homoscedastic,4,10.0,0.25,cka,eu_heldout,0.5535856302314879,0.4787878787878787
homoscedastic,4,10.0,0.25,mknn,eu_agreement,0.3600732600732601,0.9515151515151514
homoscedastic,4,10.0,0.25,mknn,acquisition_overlap,0.3600732600732601,0.8658697553131279
homoscedastic,4,10.0,0.25,mknn,eu_group0,0.3600732600732601,0.9515151515151514
homoscedastic,4,10.0,0.25,mknn,eu_group1,0.3600732600732601,
homoscedastic,4,10.0,0.25,mknn,eu_id,0.3600732600732601,0.9515151515151514
homoscedastic,4,10.0,0.25,mknn,eu_heldout,0.3600732600732601,0.4787878787878787
homoscedastic,4,10.0,0.25,predictivity,eu_agreement,0.4285294428509066,0.7818181818181817
homoscedastic,4,10.0,0.25,predictivity,acquisition_overlap,0.4285294428509066,0.9390418473114204
homoscedastic,4,10.0,0.25,predictivity,eu_group0,0.4285294428509066,0.7818181818181817
homoscedastic,4,10.0,0.25,predictivity,eu_group1,0.4285294428509066,
homoscedastic,4,10.0,0.25,predictivity,eu_id,0.4285294428509066,0.7818181818181817
homoscedastic,4,10.0,0.25,predictivity,eu_heldout,0.4285294428509066,0.8181818181818182
homoscedastic,4,10.0,0.25,cca_type,eu_agreement,1.1304950642276879e-08,0.8666666666666665
homoscedastic,4,10.0,0.25,cca_type,acquisition_overlap,1.1304950642276879e-08,0.7744046403152623
homoscedastic,4,10.0,0.25,cca_type,eu_group0,1.1304950642276879e-08,0.8666666666666665
homoscedastic,4,10.0,0.25,cca_type,eu_group1,1.1304950642276879e-08,
homoscedastic,4,10.0,0.25,cca_type,eu_id,1.1304950642276879e-08,0.8666666666666665
homoscedastic,4,10.0,0.25,cca_type,eu_heldout,1.1304950642276879e-08,0.32121212121212117
homoscedastic,4,10.0,0.25,smoother_001,eu_agreement,0.0527252446845915,0.8666666666666665
homoscedastic,4,10.0,0.25,smoother_001,acquisition_overlap,0.0527252446845915,0.7744046403152623
homoscedastic,4,10.0,0.25,smoother_001,eu_group0,0.0527252446845915,0.8666666666666665
homoscedastic,4,10.0,0.25,smoother_001,eu_group1,0.0527252446845915,
homoscedastic,4,10.0,0.25,smoother_001,eu_id,0.0527252446845915,0.8666666666666665
homoscedastic,4,10.0,0.25,smoother_001,eu_heldout,0.0527252446845915,0.32121212121212117
homoscedastic,4,10.0,0.25,smoother_1,eu_agreement,0.19854869688097165,0.9151515151515152
homoscedastic,4,10.0,0.25,smoother_1,acquisition_overlap,0.19854869688097165,0.8902604526458922
homoscedastic,4,10.0,0.25,smoother_1,eu_group0,0.19854869688097165,0.9151515151515152
homoscedastic,4,10.0,0.25,smoother_1,eu_group1,0.19854869688097165,
homoscedastic,4,10.0,0.25,smoother_1,eu_id,0.19854869688097165,0.9151515151515152
homoscedastic,4,10.0,0.25,smoother_1,eu_heldout,0.19854869688097165,0.406060606060606
homoscedastic,4,10.0,1.0,cka,eu_agreement,0.5535856302314879,0.9393939393939393
homoscedastic,4,10.0,1.0,cka,acquisition_overlap,0.5535856302314879,0.8206724839680872
homoscedastic,4,10.0,1.0,cka,eu_group0,0.5535856302314879,0.9393939393939393
homoscedastic,4,10.0,1.0,cka,eu_group1,0.5535856302314879,
homoscedastic,4,10.0,1.0,cka,eu_id,0.5535856302314879,0.9515151515151514
homoscedastic,4,10.0,1.0,cka,eu_heldout,0.5535856302314879,0.3939393939393939
homoscedastic,4,10.0,1.0,mknn,eu_agreement,0.3600732600732601,0.9393939393939393
homoscedastic,4,10.0,1.0,mknn,acquisition_overlap,0.3600732600732601,0.8206724839680872
homoscedastic,4,10.0,1.0,mknn,eu_group0,0.3600732600732601,0.9393939393939393
homoscedastic,4,10.0,1.0,mknn,eu_group1,0.3600732600732601,
homoscedastic,4,10.0,1.0,mknn,eu_id,0.3600732600732601,0.9515151515151514
homoscedastic,4,10.0,1.0,mknn,eu_heldout,0.3600732600732601,0.3939393939393939
homoscedastic,4,10.0,1.0,predictivity,eu_agreement,0.4285294428509066,0.7696969696969697
homoscedastic,4,10.0,1.0,predictivity,acquisition_overlap,0.4285294428509066,0.8085143730944859
homoscedastic,4,10.0,1.0,predictivity,eu_group0,0.4285294428509066,0.7696969696969697
homoscedastic,4,10.0,1.0,predictivity,eu_group1,0.4285294428509066,
homoscedastic,4,10.0,1.0,predictivity,eu_id,0.4285294428509066,0.7454545454545454
homoscedastic,4,10.0,1.0,predictivity,eu_heldout,0.4285294428509066,0.7454545454545454
homoscedastic,4,10.0,1.0,cca_type,eu_agreement,1.1304950642276879e-08,0.8545454545454544
homoscedastic,4,10.0,1.0,cca_type,acquisition_overlap,1.1304950642276879e-08,0.7781190959104827
homoscedastic,4,10.0,1.0,cca_type,eu_group0,1.1304950642276879e-08,0.8545454545454544
homoscedastic,4,10.0,1.0,cca_type,eu_group1,1.1304950642276879e-08,
homoscedastic,4,10.0,1.0,cca_type,eu_id,1.1304950642276879e-08,0.8303030303030302
homoscedastic,4,10.0,1.0,cca_type,eu_heldout,1.1304950642276879e-08,0.33333333333333326
homoscedastic,4,10.0,1.0,smoother_001,eu_agreement,0.0527252446845915,0.8545454545454544
homoscedastic,4,10.0,1.0,smoother_001,acquisition_overlap,0.0527252446845915,0.7781190959104827
homoscedastic,4,10.0,1.0,smoother_001,eu_group0,0.0527252446845915,0.8545454545454544
homoscedastic,4,10.0,1.0,smoother_001,eu_group1,0.0527252446845915,
homoscedastic,4,10.0,1.0,smoother_001,eu_id,0.0527252446845915,0.8303030303030302
homoscedastic,4,10.0,1.0,smoother_001,eu_heldout,0.0527252446845915,0.33333333333333326
homoscedastic,4,10.0,1.0,smoother_1,eu_agreement,0.19854869688097165,0.9272727272727272
homoscedastic,4,10.0,1.0,smoother_1,acquisition_overlap,0.19854869688097165,0.8571468165888911
homoscedastic,4,10.0,1.0,smoother_1,eu_group0,0.19854869688097165,0.9272727272727272
homoscedastic,4,10.0,1.0,smoother_1,eu_group1,0.19854869688097165,
homoscedastic,4,10.0,1.0,smoother_1,eu_id,0.19854869688097165,0.9151515151515152
homoscedastic,4,10.0,1.0,smoother_1,eu_heldout,0.19854869688097165,0.3696969696969697
