seed,a,b,prior,fraction,n_alignment,n_train,dim_a,dim_b,eu_agreement,acquisition_overlap,eu_group0,eu_group1,eu_id,eu_heldout,cka,mknn,predictivity,cca_type,smoother_001,smoother_1,noise_condition,head
0,clip_b16|2,convnext_s|2,0.1,0.1,546,102,768,768,0.34939152608757246,0.36666666666666664,0.1906994582088273,0.5116191197501996,0.23494350997463365,0.3008622897635106,0.5741238176401094,0.321978021978022,-0.43476582862178836,0.9999999985010304,0.9708369948929095,0.6589833862575217,heteroscedastic,linear
0,clip_b16|2,dinov2_b|2,0.1,0.1,546,102,768,768,0.3705519737554826,0.3,0.17507455087512028,0.5549314827862875,0.26388683196395,0.34457440450781185,0.6687793399046046,0.3648351648351648,-0.31994396812100634,0.9999999983666978,0.9693604050589909,0.678144994695517,heteroscedastic,linear
0,clip_b16|2,mae_b16|2,0.1,0.1,546,102,768,768,0.2631570087694688,0.3333333333333333,0.05385113475660373,0.4815295777818178,0.15616424491555503,0.6744642704687099,0.46152088017309784,0.17197802197802198,-0.3374565618405899,0.9999999861935628,0.9280455151907636,0.549201465034868,heteroscedastic,linear
0,clip_b16|2,vit_sup_b16|2,0.1,0.1,546,102,768,768,0.4770903252509035,0.45,0.2961628202255046,0.6473616495181636,0.36474146513481237,0.4712712370869973,0.6529805744605607,0.36025641025641025,-0.23634673248334315,0.9999999986286441,0.9734030924885508,0.6858275820468609,heteroscedastic,linear
0,convnext_s|2,dinov2_b|2,0.1,0.1,546,102,768,768,0.5925426459517942,0.38333333333333336,0.381325771823732,0.7507140206083648,0.538746960460446,0.3619055750021343,0.7334445435741611,0.40622710622710617,-0.3024805165374779,0.9999999991659427,0.9795996204223789,0.7126927176245584,heteroscedastic,linear
0,convnext_s|2,mae_b16|2,0.1,0.1,546,102,768,768,0.17040180667168517,0.31666666666666665,0.04341715727759057,0.35137354190247433,0.062141762367454126,0.37300435413642963,0.3054285646669536,0.12747252747252746,-0.5252387262189618,0.9999999868399789,0.9357403676043453,0.551626551890345,heteroscedastic,linear
0,convnext_s|2,vit_sup_b16|2,0.1,0.1,546,102,768,768,0.5973211592254423,0.55,0.4388260490363515,0.7322582600043174,0.5267599432602269,0.6088107231281481,0.7551771133377919,0.4661172161172161,-0.11048494410267473,0.9999999994643993,0.9837202607217637,0.7439292573183387,heteroscedastic,linear
0,dinov2_b|2,mae_b16|2,0.1,0.1,546,102,768,768,0.260378834385651,0.4,0.2240763967427472,0.36906187173238,0.16897677870897837,0.3824810040126355,0.3472134081992764,0.15054945054945054,-0.5039902631424767,0.9999999867472366,0.934751153021658,0.5680820971097894,heteroscedastic,linear
0,dinov2_b|2,vit_sup_b16|2,0.1,0.1,546,102,768,768,0.6075377987161075,0.45,0.3859452033770159,0.7841709862574594,0.5400310649747405,0.5663792367454964,0.8572573195675854,0.5067765567765568,-0.07760120629188971,0.9999999993227159,0.9818964750460366,0.7497818350034562,heteroscedastic,linear
0,mae_b16|2,vit_sup_b16|2,0.1,0.1,546,102,768,768,0.3062706840852335,0.35,0.1951456431072183,0.444405253717138,0.21118728478397406,0.48587040040980106,0.3543854282787083,0.14395604395604394,-0.3884224756325483,0.9999999870341224,0.9387745709342049,0.5713689431718867,heteroscedastic,linear
0,clip_b16|2,convnext_s|2,0.1,0.25,546,256,768,768,0.38579023830621745,0.4,0.1754411724269682,0.5893815284327795,0.2721815200224416,0.337317510458465,0.5741238176401094,0.321978021978022,-0.43476582862178836,0.9999999985010304,0.9708369948929095,0.6589833862575217,heteroscedastic,linear
0,clip_b16|2,dinov2_b|2,0.1,0.25,546,256,768,768,0.4130275917433104,0.38333333333333336,0.19819794724279927,0.6175748349730603,0.29684201438299146,0.5227524972253053,0.6687793399046046,0.3648351648351648,-0.31994396812100634,0.9999999983666978,0.9693604050589909,0.678144994695517,heteroscedastic,linear
0,clip_b16|2,mae_b16|2,0.1,0.25,546,256,768,768,0.3005252236811769,0.4,0.13776397874960847,0.47028062887991684,0.18885247068344185,0.6319474088619482,0.46152088017309784,0.17197802197802198,-0.3374565618405899,0.9999999861935628,0.9280455151907636,0.549201465034868,heteroscedastic,linear
0,clip_b16|2,vit_sup_b16|2,0.1,0.25,546,256,768,768,0.4849868471856866,0.48333333333333334,0.27091265942421366,0.6741329191217887,0.3667401763634788,0.5501579441646034,0.6529805744605607,0.36025641025641025,-0.23634673248334315,0.9999999986286441,0.9734030924885508,0.6858275820468609,heteroscedastic,linear
0,convnext_s|2,dinov2_b|2,0.1,0.25,546,256,768,768,0.6770897696938046,0.5,0.47208653131262557,0.8163516933047248,0.6266748686016904,0.4911636643046188,0.7334445435741611,0.40622710622710617,-0.3024805165374779,0.9999999991659427,0.9795996204223789,0.7126927176245584,heteroscedastic,linear
0,convnext_s|2,mae_b16|2,0.1,0.25,546,256,768,768,0.23022975063819617,0.35,0.1272850721588492,0.4054891407707652,0.11337417821139337,0.47110048663877735,0.3054285646669536,0.12747252747252746,-0.5252387262189618,0.9999999868399789,0.9357403676043453,0.551626551890345,heteroscedastic,linear
0,convnext_s|2,vit_sup_b16|2,0.1,0.25,546,256,768,768,0.6872289645249013,0.55,0.5141789986594951,0.8170046238541946,0.6303490408993487,0.6481687014428413,0.7551771133377919,0.4661172161172161,-0.11048494410267473,0.9999999994643993,0.9837202607217637,0.7439292573183387,heteroscedastic,linear
0,dinov2_b|2,mae_b16|2,0.1,0.25,546,256,768,768,0.2991354975986044,0.3333333333333333,0.30622909785398794,0.39972279774875796,0.19562781736431606,0.3245966020660804,0.3472134081992764,0.15054945054945054,-0.5039902631424767,0.9999999867472366,0.934751153021658,0.5680820971097894,heteroscedastic,linear
0,dinov2_b|2,vit_sup_b16|2,0.1,0.25,546,256,768,768,0.6567291020252833,0.5166666666666667,0.3943408369143333,0.8282585995952277,0.5915888456308763,0.5661231110731666,0.8572573195675854,0.5067765567765568,-0.07760120629188971,0.9999999993227159,0.9818964750460366,0.7497818350034562,heteroscedastic,linear
0,mae_b16|2,vit_sup_b16|2,0.1,0.25,546,256,768,768,0.342064116844769,0.4166666666666667,0.24974170253657188,0.4936543137680376,0.23606383829704264,0.4960300520788867,0.3543854282787083,0.14395604395604394,-0.3884224756325483,0.9999999870341224,0.9387745709342049,0.5713689431718867,heteroscedastic,linear
0,clip_b16|2,convnext_s|2,0.1,1.0,546,1024,768,768,0.3747774854930152,0.38333333333333336,0.15627621052056487,0.5721143360145935,0.24830322833791887,0.37445573294629897,0.5741238176401094,0.321978021978022,-0.43476582862178836,0.9999999985010304,0.9708369948929095,0.6589833862575217,heteroscedastic,linear
0,clip_b16|2,dinov2_b|2,0.1,1.0,546,1024,768,768,0.41140942058172386,0.45,0.20178832242065114,0.6124927006106771,0.2838699337027267,0.6187996243490139,0.6687793399046046,0.3648351648351648,-0.31994396812100634,0.9999999983666978,0.9693604050589909,0.678144994695517,heteroscedastic,linear
0,clip_b16|2,mae_b16|2,0.1,1.0,546,1024,768,768,0.39296542490395797,0.45,0.20601992588134294,0.4868837199950066,0.2987992346707927,0.6319474088619482,0.46152088017309784,0.17197802197802198,-0.3374565618405899,0.9999999861935628,0.9280455151907636,0.549201465034868,heteroscedastic,linear
0,clip_b16|2,vit_sup_b16|2,0.1,1.0,546,1024,768,768,0.4348167078241883,0.5833333333333334,0.15660041899092453,0.6776673455692181,0.3005856785376697,0.6810381627251771,0.6529805744605607,0.36025641025641025,-0.23634673248334315,0.9999999986286441,0.9734030924885508,0.6858275820468609,heteroscedastic,linear
0,convnext_s|2,dinov2_b|2,0.1,1.0,546,1024,768,768,0.7167430465084625,0.6,0.5613667867112627,0.8321203291239141,0.6610548893063263,0.5152394775036284,0.7334445435741611,0.40622710622710617,-0.3024805165374779,0.9999999991659427,0.9795996204223789,0.7126927176245584,heteroscedastic,linear
0,convnext_s|2,mae_b16|2,0.1,1.0,546,1024,768,768,0.18494529151469866,0.43333333333333335,0.10753711009842891,0.27076873495962744,0.048486357246334495,0.4684538546913686,0.3054285646669536,0.12747252747252746,-0.5252387262189618,0.9999999868399789,0.9357403676043453,0.551626551890345,heteroscedastic,linear
0,convnext_s|2,vit_sup_b16|2,0.1,1.0,546,1024,768,768,0.6670984086066906,0.6,0.49746860398600296,0.8088594688474211,0.592399267980216,0.676598651071459,0.7551771133377919,0.4661172161172161,-0.11048494410267473,0.9999999994643993,0.9837202607217637,0.7439292573183387,heteroscedastic,linear
0,dinov2_b|2,mae_b16|2,0.1,1.0,546,1024,768,768,0.26755507654187927,0.43333333333333335,0.2848834565798774,0.2980873714909521,0.14836037499935284,0.42525399129172714,0.3472134081992764,0.15054945054945054,-0.5039902631424767,0.9999999867472366,0.934751153021658,0.5680820971097894,heteroscedastic,linear
0,dinov2_b|2,vit_sup_b16|2,0.1,1.0,546,1024,768,768,0.6697532493145814,0.6,0.4588992978658133,0.8296733755420258,0.5964492650743917,0.6361307948433365,0.8572573195675854,0.5067765567765568,-0.07760120629188971,0.9999999993227159,0.9818964750460366,0.7497818350034562,heteroscedastic,linear
0,mae_b16|2,vit_sup_b16|2,0.1,1.0,546,1024,768,768,0.2973181592171089,0.5166666666666667,0.21726837829808887,0.36033360338630227,0.17942936028771525,0.4839067702552719,0.3543854282787083,0.14395604395604394,-0.3884224756325483,0.9999999870341224,0.9387745709342049,0.5713689431718867,heteroscedastic,linear
0,clip_b16|2,convnext_s|2,1.0,0.1,546,102,768,768,0.3516422545618182,0.36666666666666664,0.18927538508292388,0.5156606984122728,0.23796243166664444,0.29975241185008106,0.5741238176401094,0.321978021978022,-0.43476582862178836,0.9999999985010304,0.9708369948929095,0.6589833862575217,heteroscedastic,linear
0,clip_b16|2,dinov2_b|2,1.0,0.1,546,102,768,768,0.3747228186744962,0.3,0.17559500970558672,0.5582642771307583,0.2692202043818955,0.34713566123111067,0.6687793399046046,0.3648351648351648,-0.31994396812100634,0.9999999983666978,0.9693604050589909,0.678144994695517,heteroscedastic,linear
0,clip_b16|2,mae_b16|2,1.0,0.1,546,102,768,768,0.26492112478090213,0.3333333333333333,0.053999580541812746,0.48454456418561426,0.1583214092452754,0.6745496456928199,0.46152088017309784,0.17197802197802198,-0.3374565618405899,0.9999999861935628,0.9280455151907636,0.549201465034868,heteroscedastic,linear
0,clip_b16|2,vit_sup_b16|2,1.0,0.1,546,102,768,768,0.4789204414456706,0.45,0.29626453973449773,0.649461192662267,0.3671087821738001,0.46879535558780844,0.6529805744605607,0.36025641025641025,-0.23634673248334315,0.9999999986286441,0.9734030924885508,0.6858275820468609,heteroscedastic,linear
0,convnext_s|2,dinov2_b|2,1.0,0.1,546,102,768,768,0.5954417651160141,0.38333333333333336,0.38315205035798616,0.7540596613195061,0.5423501825200344,0.3572953129001964,0.7334445435741611,0.40622710622710617,-0.3024805165374779,0.9999999991659427,0.9795996204223789,0.7126927176245584,heteroscedastic,linear
0,convnext_s|2,mae_b16|2,1.0,0.1,546,102,768,768,0.17826916185878292,0.31666666666666665,0.04345381943277536,0.36329329455964743,0.07125766479505335,0.37035772218902074,0.3054285646669536,0.12747252747252746,-0.5252387262189618,0.9999999868399789,0.9357403676043453,0.551626551890345,heteroscedastic,linear
0,convnext_s|2,vit_sup_b16|2,1.0,0.1,546,102,768,768,0.5995491098586384,0.55,0.43978070280273196,0.7354117637530826,0.5296786741741206,0.606847092973619,0.7551771133377919,0.4661172161172161,-0.11048494410267473,0.9999999994643993,0.9837202607217637,0.7439292573183387,heteroscedastic,linear
0,dinov2_b|2,mae_b16|2,1.0,0.1,546,102,768,768,0.2678420773391037,0.38333333333333336,0.22308328365671215,0.3818535017101027,0.17814066187311403,0.374370357722189,0.3472134081992764,0.15054945054945054,-0.5039902631424767,0.9999999867472366,0.934751153021658,0.5680820971097894,heteroscedastic,linear
0,dinov2_b|2,vit_sup_b16|2,1.0,0.1,546,102,768,768,0.6102931952588757,0.45,0.3864153416023267,0.7874267024019075,0.5435425548663004,0.5639033552463074,0.8572573195675854,0.5067765567765568,-0.07760120629188971,0.9999999993227159,0.9818964750460366,0.7497818350034562,heteroscedastic,linear
0,mae_b16|2,vit_sup_b16|2,1.0,0.1,546,102,768,768,0.31347603743343727,0.3333333333333333,0.1968727181627372,0.45552127065088344,0.21940394945630465,0.4792111329292239,0.3543854282787083,0.14395604395604394,-0.3884224756325483,0.9999999870341224,0.9387745709342049,0.5713689431718867,heteroscedastic,linear
0,clip_b16|2,convnext_s|2,1.0,0.25,546,256,768,768,0.3918675329653693,0.4,0.17756218593427667,0.593356641110775,0.2809731514236315,0.32801161103047893,0.5741238176401094,0.321978021978022,-0.43476582862178836,0.9999999985010304,0.9708369948929095,0.6589833862575217,heteroscedastic,linear
0,clip_b16|2,dinov2_b|2,1.0,0.25,546,256,768,768,0.4195814432817868,0.36666666666666664,0.19849052561848965,0.6239069766662505,0.30638237861511697,0.5189106121403568,0.6687793399046046,0.3648351648351648,-0.31994396812100634,0.9999999983666978,0.9693604050589909,0.678144994695517,heteroscedastic,linear
0,clip_b16|2,mae_b16|2,1.0,0.25,546,256,768,768,0.3002064450179028,0.38333333333333336,0.13120864162940998,0.4777348727748906,0.18828537921225114,0.6231537607786221,0.46152088017309784,0.17197802197802198,-0.3374565618405899,0.9999999861935628,0.9280455151907636,0.549201465034868,heteroscedastic,linear
0,clip_b16|2,vit_sup_b16|2,1.0,0.25,546,256,768,768,0.4901943616510045,0.48333333333333334,0.2728945724015563,0.677639418685152,0.374209056152556,0.5443524289251259,0.6529805744605607,0.36025641025641025,-0.23634673248334315,0.9999999986286441,0.9734030924885508,0.6858275820468609,heteroscedastic,linear
0,convnext_s|2,dinov2_b|2,1.0,0.25,546,256,768,768,0.6807109464192956,0.5,0.472367967268603,0.8182211189241222,0.6319905216898816,0.4914197899769487,0.7334445435741611,0.40622710622710617,-0.3024805165374779,0.9999999991659427,0.9795996204223789,0.7126927176245584,heteroscedastic,linear
0,convnext_s|2,mae_b16|2,1.0,0.25,546,256,768,768,0.24363189897749712,0.31666666666666665,0.12344489111968919,0.4274592204657143,0.12888690451840723,0.4538546913685648,0.3054285646669536,0.12747252747252746,-0.5252387262189618,0.9999999868399789,0.9357403676043453,0.551626551890345,heteroscedastic,linear
0,convnext_s|2,vit_sup_b16|2,1.0,0.25,546,256,768,768,0.690635307320298,0.5333333333333333,0.5151803787020914,0.819633102182514,0.6353258391506331,0.646375821736532,0.7551771133377919,0.4661172161172161,-0.11048494410267473,0.9999999994643993,0.9837202607217637,0.7439292573183387,heteroscedastic,linear
0,dinov2_b|2,mae_b16|2,1.0,0.25,546,256,768,768,0.31190003305564734,0.31666666666666665,0.30142815268925,0.4168146093350078,0.21058183789117516,0.3187910868266029,0.3472134081992764,0.15054945054945054,-0.5039902631424767,0.9999999867472366,0.934751153021658,0.5680820971097894,heteroscedastic,linear
0,dinov2_b|2,vit_sup_b16|2,1.0,0.25,546,256,768,768,0.6608511134753152,0.5166666666666667,0.3944098480299753,0.8300386591856128,0.5977170357209293,0.565013233159737,0.8572573195675854,0.5067765567765568,-0.07760120629188971,0.9999999993227159,0.9818964750460366,0.7497818350034562,heteroscedastic,linear
0,mae_b16|2,vit_sup_b16|2,1.0,0.25,546,256,768,768,0.34910774752152085,0.4166666666666667,0.23927429779841966,0.5128585148650614,0.2436192730014219,0.4921881669939383,0.3543854282787083,0.14395604395604394,-0.3884224756325483,0.9999999870341224,0.9387745709342049,0.5713689431718867,heteroscedastic,linear
0,clip_b16|2,convnext_s|2,1.0,1.0,546,1024,768,768,0.37232086755796534,0.4,0.15179839552750465,0.5710536729577558,0.2506926398498101,0.3594296935029454,0.5741238176401094,0.321978021978022,-0.43476582862178836,0.9999999985010304,0.9708369948929095,0.6589833862575217,heteroscedastic,linear
0,clip_b16|2,dinov2_b|2,1.0,1.0,546,1024,768,768,0.4168779913277536,0.48333333333333334,0.20727219008392941,0.6209606903972571,0.2949370770558233,0.6089814735763682,0.6687793399046046,0.3648351648351648,-0.31994396812100634,0.9999999983666978,0.9693604050589909,0.678144994695517,heteroscedastic,linear
0,clip_b16|2,mae_b16|2,1.0,1.0,546,1024,768,768,0.3806928352578757,0.43333333333333335,0.20645088592121127,0.49685194199362764,0.2880815194172135,0.6374967984290958,0.46152088017309784,0.17197802197802198,-0.3374565618405899,0.9999999861935628,0.9280455151907636,0.549201465034868,heteroscedastic,linear
0,clip_b16|2,vit_sup_b16|2,1.0,1.0,546,1024,768,768,0.42889269136858704,0.55,0.14219470803355883,0.675719166136754,0.29743120032708575,0.6632801161103048,0.6529805744605607,0.36025641025641025,-0.23634673248334315,0.9999999986286441,0.9734030924885508,0.6858275820468609,heteroscedastic,linear
0,convnext_s|2,dinov2_b|2,1.0,1.0,546,1024,768,768,0.713635982322173,0.55,0.5588561479468923,0.8290254718316878,0.6595269434805153,0.48868778280542985,0.7334445435741611,0.40622710622710617,-0.3024805165374779,0.9999999991659427,0.9795996204223789,0.7126927176245584,heteroscedastic,linear
0,convnext_s|2,mae_b16|2,1.0,1.0,546,1024,768,768,0.1907645299014719,0.38333333333333336,0.0938186348343311,0.3069575084080866,0.061360215962899374,0.43959702894220093,0.3054285646669536,0.12747252747252746,-0.5252387262189618,0.9999999868399789,0.9357403676043453,0.551626551890345,heteroscedastic,linear
0,convnext_s|2,vit_sup_b16|2,1.0,1.0,546,1024,768,768,0.6580070500195834,0.6,0.490873369814574,0.7997726193099322,0.5838251541125945,0.655852471612738,0.7551771133377919,0.4661172161172161,-0.11048494410267473,0.9999999994643993,0.9837202607217637,0.7439292573183387,heteroscedastic,linear
0,dinov2_b|2,mae_b16|2,1.0,1.0,546,1024,768,768,0.27137880938558157,0.38333333333333336,0.2702419576440684,0.32979276297140925,0.1589329813384832,0.4097157005037138,0.3472134081992764,0.15054945054945054,-0.5039902631424767,0.9999999867472366,0.934751153021658,0.5680820971097894,heteroscedastic,linear
0,dinov2_b|2,vit_sup_b16|2,1.0,1.0,546,1024,768,768,0.6624023400065,0.5833333333333334,0.44630728529141295,0.8260484659902216,0.5898017454925271,0.6337402885682575,0.8572573195675854,0.5067765567765568,-0.07760120629188971,0.9999999993227159,0.9818964750460366,0.7497818350034562,heteroscedastic,linear
0,mae_b16|2,vit_sup_b16|2,1.0,1.0,546,1024,768,768,0.29253986816630045,0.48333333333333334,0.19185791042608796,0.38239807594939534,0.17896566803295097,0.4601724579527021,0.3543854282787083,0.14395604395604394,-0.3884224756325483,0.9999999870341224,0.9387745709342049,0.5713689431718867,heteroscedastic,linear
0,clip_b16|2,convnext_s|2,10.0,0.1,546,102,768,768,0.35176803268897966,0.36666666666666664,0.18870208961704404,0.5154613004600395,0.23825068068112523,0.29710577990267223,0.5741238176401094,0.321978021978022,-0.43476582862178836,0.9999999985010304,0.9708369948929095,0.6589833862575217,heteroscedastic,linear
0,clip_b16|2,dinov2_b|2,10.0,0.1,546,102,768,768,0.37494893041369554,0.3,0.1750396858844053,0.558629002236664,0.26951567238257246,0.34713566123111067,0.6687793399046046,0.3648351648351648,-0.31994396812100634,0.9999999983666978,0.9693604050589909,0.678144994695517,heteroscedastic,linear
0,clip_b16|2,mae_b16|2,10.0,0.1,546,102,768,768,0.26484879124664235,0.3333333333333333,0.053656681560966736,0.48485399406106877,0.1582468859736338,0.6745496456928199,0.46152088017309784,0.17197802197802198,-0.3374565618405899,0.9999999861935628,0.9280455151907636,0.549201465034868,heteroscedastic,linear
0,clip_b16|2,vit_sup_b16|2,10.0,0.1,546,102,768,768,0.47895560821002275,0.45,0.295700948956755,0.6494511389840031,0.36721167095685914,0.46879535558780844,0.6529805744605607,0.36025641025641025,-0.23634673248334315,0.9999999986286441,0.9734030924885508,0.6858275820468609,heteroscedastic,linear
0,convnext_s|2,dinov2_b|2,10.0,0.1,546,102,768,768,0.595517265325737,0.38333333333333336,0.3832552075985552,0.7540574271687809,0.542441768849958,0.35712456245197644,0.7334445435741611,0.40622710622710617,-0.3024805165374779,0.9999999991659427,0.9795996204223789,0.7126927176245584,heteroscedastic,linear
0,convnext_s|2,mae_b16|2,10.0,0.1,546,102,768,768,0.17894733040925112,0.31666666666666665,0.04345022510383568,0.3644477919469478,0.0720738477495394,0.3675403397933919,0.3054285646669536,0.12747252747252746,-0.5252387262189618,0.9999999868399789,0.9357403676043453,0.551626551890345,heteroscedastic,linear
0,convnext_s|2,vit_sup_b16|2,10.0,0.1,546,102,768,768,0.5998374439929,0.55,0.43991980333269776,0.7355363176560183,0.5301094799362134,0.6061640911807393,0.7551771133377919,0.4661172161172161,-0.11048494410267473,0.9999999994643993,0.9837202607217637,0.7439292573183387,heteroscedastic,linear
0,dinov2_b|2,mae_b16|2,10.0,0.1,546,102,768,768,0.26866746852074586,0.38333333333333336,0.22288739272949928,0.38303648451915073,0.17904996245762586,0.374370357722189,0.3472134081992764,0.15054945054945054,-0.5039902631424767,0.9999999867472366,0.934751153021658,0.5680820971097894,heteroscedastic,linear
0,dinov2_b|2,vit_sup_b16|2,10.0,0.1,546,102,768,768,0.6105260292389701,0.45,0.3860965246253766,0.7877439518049004,0.543815199203549,0.5639033552463074,0.8572573195675854,0.5067765567765568,-0.07760120629188971,0.9999999993227159,0.9818964750460366,0.7497818350034562,heteroscedastic,linear
0,mae_b16|2,vit_sup_b16|2,10.0,0.1,546,102,768,768,0.31394603873899646,0.3333333333333333,0.19664771317111293,0.45670704614833807,0.2198695376064336,0.4792111329292239,0.3543854282787083,0.14395604395604394,-0.3884224756325483,0.9999999870341224,0.9387745709342049,0.5713689431718867,heteroscedastic,linear
0,clip_b16|2,convnext_s|2,10.0,0.25,546,256,768,768,0.39266875741321505,0.38333333333333336,0.17857327066501016,0.5942692916820613,0.28217376362282853,0.32801161103047893,0.5741238176401094,0.321978021978022,-0.43476582862178836,0.9999999985010304,0.9708369948929095,0.6589833862575217,heteroscedastic,linear
0,clip_b16|2,dinov2_b|2,10.0,0.25,546,256,768,768,0.42035600098889153,0.38333333333333336,0.19873673715085816,0.6248090150215916,0.3075476250738579,0.5189106121403568,0.6687793399046046,0.3648351648351648,-0.31994396812100634,0.9999999983666978,0.9693604050589909,0.678144994695517,heteroscedastic,linear
0,clip_b16|2,mae_b16|2,10.0,0.25,546,256,768,768,0.3002031672310201,0.38333333333333336,0.13011920052779127,0.47904240948687415,0.18818628221992142,0.6234952616750619,0.46152088017309784,0.17197802197802198,-0.3374565618405899,0.9999999861935628,0.9280455151907636,0.549201465034868,heteroscedastic,linear
0,clip_b16|2,vit_sup_b16|2,10.0,0.25,546,256,768,768,0.4912118089216914,0.5,0.2741468366041427,0.6779253899779908,0.37563593617162,0.5443524289251259,0.6529805744605607,0.36025641025641025,-0.23634673248334315,0.9999999986286441,0.9734030924885508,0.6858275820468609,heteroscedastic,linear
0,convnext_s|2,dinov2_b|2,10.0,0.25,546,256,768,768,0.6810150028194523,0.5,0.472768734945378,0.8180524405443619,0.6324722249506102,0.4914197899769487,0.7334445435741611,0.40622710622710617,-0.3024805165374779,0.9999999991659427,0.9795996204223789,0.7126927176245584,heteroscedastic,linear
0,convnext_s|2,mae_b16|2,10.0,0.25,546,256,768,768,0.24544440401223333,0.31666666666666665,0.12213511765406779,0.43110814713781553,0.1308574689928136,0.45530607017843416,0.3054285646669536,0.12747252747252746,-0.5252387262189618,0.9999999868399789,0.9357403676043453,0.551626551890345,heteroscedastic,linear
0,convnext_s|2,vit_sup_b16|2,10.0,0.25,546,256,768,768,0.6908901413615037,0.5333333333333333,0.5151322146942997,0.819988332147837,0.6357158831623857,0.646375821736532,0.7551771133377919,0.4661172161172161,-0.11048494410267473,0.9999999994643993,0.9837202607217637,0.7439292573183387,heteroscedastic,linear
0,dinov2_b|2,mae_b16|2,10.0,0.25,546,256,768,768,0.31336203711676974,0.31666666666666665,0.3001061585052337,0.4193190922980725,0.21231731134036377,0.31725433279262355,0.3472134081992764,0.15054945054945054,-0.5039902631424767,0.9999999867472366,0.934751153021658,0.5680820971097894,heteroscedastic,linear
0,dinov2_b|2,vit_sup_b16|2,10.0,0.25,546,256,768,768,0.661394003872233,0.5166666666666667,0.3945219910928935,0.8303207207146824,0.5984698520188041,0.565013233159737,0.8572573195675854,0.5067765567765568,-0.07760120629188971,0.9999999993227159,0.9818964750460366,0.7497818350034562,heteroscedastic,linear
0,mae_b16|2,vit_sup_b16|2,10.0,0.25,546,256,768,768,0.3500839168997691,0.4166666666666667,0.23723595385672397,0.5146754379424142,0.2444534669618722,0.49329804490736784,0.3543854282787083,0.14395604395604394,-0.3884224756325483,0.9999999870341224,0.9387745709342049,0.5713689431718867,heteroscedastic,linear
0,clip_b16|2,convnext_s|2,10.0,1.0,546,1024,768,768,0.370359862110728,0.4,0.14972015453457843,0.5689239687788606,0.24966236655722251,0.3567830615555365,0.5741238176401094,0.321978021978022,-0.43476582862178836,0.9999999985010304,0.9708369948929095,0.6589833862575217,heteroscedastic,linear
0,clip_b16|2,dinov2_b|2,10.0,1.0,546,1024,768,768,0.41683332453701255,0.4666666666666667,0.20879834215171986,0.6200067080375528,0.29618880551081367,0.6085545974558183,0.6687793399046046,0.3648351648351648,-0.31994396812100634,0.9999999983666978,0.9693604050589909,0.678144994695517,heteroscedastic,linear
0,clip_b16|2,mae_b16|2,10.0,1.0,546,1024,768,768,0.3774153817093936,0.43333333333333335,0.20316351267297486,0.4963704825123248,0.28609447523694503,0.639631179031845,0.46152088017309784,0.17197802197802198,-0.3374565618405899,0.9999999861935628,0.9280455151907636,0.549201465034868,heteroscedastic,linear
0,clip_b16|2,vit_sup_b16|2,10.0,1.0,546,1024,768,768,0.4264409067802966,0.55,0.13790020381642254,0.6714066966992377,0.2955828481846474,0.6609749850593357,0.6529805744605607,0.36025641025641025,-0.23634673248334315,0.9999999986286441,0.9734030924885508,0.6858275820468609,heteroscedastic,linear
0,convnext_s|2,dinov2_b|2,10.0,1.0,546,1024,768,768,0.712265478515218,0.5333333333333333,0.5578116359570198,0.827441458967448,0.6585658703687378,0.47844275591223423,0.7334445435741611,0.40622710622710617,-0.3024805165374779,0.9999999991659427,0.9795996204223789,0.7126927176245584,heteroscedastic,linear
0,convnext_s|2,mae_b16|2,10.0,1.0,546,1024,768,768,0.19594054427928967,0.4,0.08869240290055157,0.31905822727400934,0.06967174832251544,0.41748484589772045,0.3054285646669536,0.12747252747252746,-0.5252387262189618,0.9999999868399789,0.9357403676043453,0.551626551890345,heteroscedastic,linear
0,convnext_s|2,vit_sup_b16|2,10.0,1.0,546,1024,768,768,0.6563013230592306,0.6166666666666667,0.4889155388411273,0.797944525478953,0.5821460470909783,0.6537180910099888,0.7551771133377919,0.4661172161172161,-0.11048494410267473,0.9999999994643993,0.9837202607217637,0.7439292573183387,heteroscedastic,linear
0,dinov2_b|2,mae_b16|2,10.0,1.0,546,1024,768,768,0.27407581687726906,0.36666666666666664,0.26606211252010803,0.3391387739930334,0.16438171169746293,0.4094595748313839,0.3472134081992764,0.15054945054945054,-0.5039902631424767,0.9999999867472366,0.934751153021658,0.5680820971097894,heteroscedastic,linear
0,dinov2_b|2,vit_sup_b16|2,10.0,1.0,546,1024,768,768,0.6588693857482937,0.5666666666666667,0.4408550477228039,0.8260054585887594,0.5859027637560517,0.6291300264663194,0.8572573195675854,0.5067765567765568,-0.07760120629188971,0.9999999993227159,0.9818964750460366,0.7497818350034562,heteroscedastic,linear
0,mae_b16|2,vit_sup_b16|2,10.0,1.0,546,1024,768,768,0.29358387106630845,0.48333333333333334,0.18546863130290292,0.3888022690034766,0.18279070985020462,0.4528301886792453,0.3543854282787083,0.14395604395604394,-0.3884224756325483,0.9999999870341224,0.9387745709342049,0.5713689431718867,heteroscedastic,linear
0,clip_b16|2,convnext_s|2,0.1,0.1,546,102,768,768,0.3519529776471601,0.36666666666666664,0.3519529776471601,,0.23845879165692288,0.29710577990267223,0.5741238176401094,0.321978021978022,-0.43476582862178836,0.9999999985010304,0.9708369948929095,0.6589833862575217,homoscedastic,linear
0,clip_b16|2,dinov2_b|2,0.1,0.1,546,102,768,768,0.3747807077241881,0.3,0.3747807077241881,,0.2693906891266099,0.34713566123111067,0.6687793399046046,0.3648351648351648,-0.31994396812100634,0.9999999983666978,0.9693604050589909,0.678144994695517,homoscedastic,linear
0,clip_b16|2,mae_b16|2,0.1,0.1,546,102,768,768,0.2647254575707154,0.3333333333333333,0.2647254575707154,,0.15821553078106443,0.6756595236062495,0.46152088017309784,0.17197802197802198,-0.3374565618405899,0.9999999861935628,0.9280455151907636,0.549201465034868,homoscedastic,linear
0,clip_b16|2,vit_sup_b16|2,0.1,0.1,546,102,768,768,0.4791682199117219,0.45,0.4791682199117219,,0.3674761483602292,0.46879535558780844,0.6529805744605607,0.36025641025641025,-0.23634673248334315,0.9999999986286441,0.9734030924885508,0.6858275820468609,homoscedastic,linear
0,convnext_s|2,dinov2_b|2,0.1,0.1,546,102,768,768,0.5953229314525873,0.38333333333333336,0.5953229314525873,,0.542327504694711,0.35712456245197644,0.7334445435741611,0.40622710622710617,-0.3024805165374779,0.9999999991659427,0.9795996204223789,0.7126927176245584,homoscedastic,linear
0,convnext_s|2,mae_b16|2,0.1,0.1,546,102,768,768,0.17856249600693333,0.31666666666666665,0.17856249600693333,,0.07184604862957028,0.3688209681550414,0.3054285646669536,0.12747252747252746,-0.5252387262189618,0.9999999868399789,0.9357403676043453,0.551626551890345,homoscedastic,linear
0,convnext_s|2,vit_sup_b16|2,0.1,0.1,546,102,768,768,0.5997817216158934,0.55,0.5997817216158934,,0.5300653639094588,0.6061640911807393,0.7551771133377919,0.4661172161172161,-0.11048494410267473,0.9999999994643993,0.9837202607217637,0.7439292573183387,homoscedastic,linear
0,dinov2_b|2,mae_b16|2,0.1,0.1,546,102,768,768,0.26814580040500113,0.4,0.26814580040500113,,0.17856475908237793,0.37735849056603776,0.3472134081992764,0.15054945054945054,-0.5039902631424767,0.9999999867472366,0.934751153021658,0.5680820971097894,homoscedastic,linear
0,dinov2_b|2,vit_sup_b16|2,0.1,0.1,546,102,768,768,0.6104291400809446,0.45,0.6104291400809446,,0.5438645654020826,0.5639033552463074,0.8572573195675854,0.5067765567765568,-0.07760120629188971,0.9999999993227159,0.9818964750460366,0.7497818350034562,homoscedastic,linear
0,mae_b16|2,vit_sup_b16|2,0.1,0.1,546,102,768,768,0.31374053816816155,0.35,0.31374053816816155,,0.21988681942187296,0.4827968923418423,0.3543854282787083,0.14395604395604394,-0.3884224756325483,0.9999999870341224,0.9387745709342049,0.5713689431718867,homoscedastic,linear
0,clip_b16|2,convnext_s|2,0.1,0.25,546,256,768,768,0.3924260900724723,0.4,0.3924260900724723,,0.28172866572644845,0.3267309826688295,0.5741238176401094,0.321978021978022,-0.43476582862178836,0.9999999985010304,0.9708369948929095,0.6589833862575217,homoscedastic,linear
0,clip_b16|2,dinov2_b|2,0.1,0.25,546,256,768,768,0.4201724449234581,0.36666666666666664,0.4201724449234581,,0.3071591123622076,0.5207034918466661,0.6687793399046046,0.3648351648351648,-0.31994396812100634,0.9999999983666978,0.9693604050589909,0.678144994695517,homoscedastic,linear
0,clip_b16|2,mae_b16|2,0.1,0.25,546,256,768,768,0.30100611390587195,0.38333333333333336,0.30100611390587195,,0.18933490313469528,0.6200802527106632,0.46152088017309784,0.17197802197802198,-0.3374565618405899,0.9999999861935628,0.9280455151907636,0.549201465034868,homoscedastic,linear
0,clip_b16|2,vit_sup_b16|2,0.1,0.25,546,256,768,768,0.4911850866252406,0.48333333333333334,0.4911850866252406,,0.37551255713481213,0.5423887987705966,0.6529805744605607,0.36025641025641025,-0.23634673248334315,0.9999999986286441,0.9734030924885508,0.6858275820468609,homoscedastic,linear
0,convnext_s|2,dinov2_b|2,0.1,0.25,546,256,768,768,0.6808102800285555,0.5,0.6808102800285555,,0.6322722079896386,0.4914197899769487,0.7334445435741611,0.40622710622710617,-0.3024805165374779,0.9999999991659427,0.9795996204223789,0.7126927176245584,homoscedastic,linear
0,convnext_s|2,mae_b16|2,0.1,0.25,546,256,768,768,0.245248570134917,0.31666666666666665,0.245248570134917,,0.13094818029410735,0.45607444719542384,0.3054285646669536,0.12747252747252746,-0.5252387262189618,0.9999999868399789,0.9357403676043453,0.551626551890345,homoscedastic,linear
0,convnext_s|2,vit_sup_b16|2,0.1,0.25,546,256,768,768,0.6907899188608857,0.5333333333333333,0.6907899188608857,,0.635574420200561,0.6473149492017416,0.7551771133377919,0.4661172161172161,-0.11048494410267473,0.9999999994643993,0.9837202607217637,0.7439292573183387,homoscedastic,linear
0,dinov2_b|2,mae_b16|2,0.1,0.25,546,256,768,768,0.31425098403051116,0.31666666666666665,0.31425098403051116,,0.21343413954825338,0.31938871339537267,0.3472134081992764,0.15054945054945054,-0.5039902631424767,0.9999999867472366,0.934751153021658,0.5680820971097894,homoscedastic,linear
0,dinov2_b|2,vit_sup_b16|2,0.1,0.25,546,256,768,768,0.661240836780102,0.5166666666666667,0.661240836780102,,0.5982695433816225,0.5668914880901562,0.8572573195675854,0.5067765567765568,-0.07760120629188971,0.9999999993227159,0.9818964750460366,0.7497818350034562,homoscedastic,linear
0,mae_b16|2,vit_sup_b16|2,0.1,0.25,546,256,768,768,0.3502969730471473,0.4166666666666667,0.3502969730471473,,0.24513445799304745,0.48689490309912065,0.3543854282787083,0.14395604395604394,-0.3884224756325483,0.9999999870341224,0.9387745709342049,0.5713689431718867,homoscedastic,linear
0,clip_b16|2,convnext_s|2,0.1,1.0,546,1024,768,768,0.3986357184325512,0.43333333333333335,0.3986357184325512,,0.28524657249462715,0.3636130794843337,0.5741238176401094,0.321978021978022,-0.43476582862178836,0.9999999985010304,0.9708369948929095,0.6589833862575217,homoscedastic,linear
0,clip_b16|2,dinov2_b|2,0.1,1.0,546,1024,768,768,0.4504875291320253,0.4666666666666667,0.4504875291320253,,0.34011699278619106,0.5773926406556816,0.6687793399046046,0.3648351648351648,-0.31994396812100634,0.9999999983666978,0.9693604050589909,0.678144994695517,homoscedastic,linear
0,clip_b16|2,mae_b16|2,0.1,1.0,546,1024,768,768,0.37511865310736975,0.45,0.37511865310736975,,0.278850113210475,0.6470588235294117,0.46152088017309784,0.17197802197802198,-0.3374565618405899,0.9999999861935628,0.9280455151907636,0.549201465034868,homoscedastic,linear
0,clip_b16|2,vit_sup_b16|2,0.1,1.0,546,1024,768,768,0.464877846882908,0.55,0.464877846882908,,0.3416159897481646,0.6333987876718176,0.6529805744605607,0.36025641025641025,-0.23634673248334315,0.9999999986286441,0.9734030924885508,0.6858275820468609,homoscedastic,linear
0,convnext_s|2,dinov2_b|2,0.1,1.0,546,1024,768,768,0.7389836638435106,0.5666666666666667,0.7389836638435106,,0.6943072897833044,0.5267651327584735,0.7334445435741611,0.40622710622710617,-0.3024805165374779,0.9999999991659427,0.9795996204223789,0.7126927176245584,homoscedastic,linear
0,convnext_s|2,mae_b16|2,0.1,1.0,546,1024,768,768,0.21569709915860877,0.43333333333333335,0.21569709915860877,,0.08944017637077063,0.46333134124477077,0.3054285646669536,0.12747252747252746,-0.5252387262189618,0.9999999868399789,0.9357403676043453,0.551626551890345,homoscedastic,linear
0,convnext_s|2,vit_sup_b16|2,0.1,1.0,546,1024,768,768,0.6905423626176739,0.6166666666666667,0.6905423626176739,,0.6267353914152546,0.6556817211645181,0.7551771133377919,0.4661172161172161,-0.11048494410267473,0.9999999994643993,0.9837202607217637,0.7439292573183387,homoscedastic,linear
0,dinov2_b|2,mae_b16|2,0.1,1.0,546,1024,768,768,0.31592537757049327,0.4166666666666667,0.31592537757049327,,0.20918835479815023,0.41150858021002307,0.3472134081992764,0.15054945054945054,-0.5039902631424767,0.9999999867472366,0.934751153021658,0.5680820971097894,homoscedastic,linear
0,dinov2_b|2,vit_sup_b16|2,0.1,1.0,546,1024,768,768,0.6981407170575474,0.5333333333333333,0.6981407170575474,,0.6379550085071013,0.5954068129428839,0.8572573195675854,0.5067765567765568,-0.07760120629188971,0.9999999993227159,0.9818964750460366,0.7497818350034562,homoscedastic,linear
0,mae_b16|2,vit_sup_b16|2,0.1,1.0,546,1024,768,768,0.3209332803702232,0.48333333333333334,0.3209332803702232,,0.2074081090507347,0.4864680269785708,0.3543854282787083,0.14395604395604394,-0.3884224756325483,0.9999999870341224,0.9387745709342049,0.5713689431718867,homoscedastic,linear
0,clip_b16|2,convnext_s|2,1.0,0.1,546,102,768,768,0.3518111439198442,0.36666666666666664,0.3518111439198442,,0.23828743188357865,0.29710577990267223,0.5741238176401094,0.321978021978022,-0.43476582862178836,0.9999999985010304,0.9708369948929095,0.6589833862575217,homoscedastic,linear
0,clip_b16|2,dinov2_b|2,1.0,0.1,546,102,768,768,0.37494465262403504,0.3,0.37494465262403504,,0.2695025469531248,0.34713566123111067,0.6687793399046046,0.3648351648351648,-0.31994396812100634,0.9999999983666978,0.9693604050589909,0.678144994695517,homoscedastic,linear
0,clip_b16|2,mae_b16|2,1.0,0.1,546,102,768,768,0.2649294581373837,0.3333333333333333,0.2649294581373837,,0.158346201723121,0.6745496456928199,0.46152088017309784,0.17197802197802198,-0.3374565618405899,0.9999999861935628,0.9280455151907636,0.549201465034868,homoscedastic,linear
0,clip_b16|2,vit_sup_b16|2,1.0,0.1,546,102,768,768,0.4790411640032333,0.45,0.4790411640032333,,0.36732177872611443,0.46879535558780844,0.6529805744605607,0.36025641025641025,-0.23634673248334315,0.9999999986286441,0.9734030924885508,0.6858275820468609,homoscedastic,linear
0,convnext_s|2,dinov2_b|2,1.0,0.1,546,102,768,768,0.5955212097811382,0.38333333333333336,0.5955212097811382,,0.54245883190824,0.35712456245197644,0.7334445435741611,0.40622710622710617,-0.3024805165374779,0.9999999991659427,0.9795996204223789,0.7126927176245584,homoscedastic,linear
0,convnext_s|2,mae_b16|2,1.0,0.1,546,102,768,768,0.17901549726527013,0.31666666666666665,0.17901549726527013,,0.07215529833116728,0.3675403397933919,0.3054285646669536,0.12747252747252746,-0.5252387262189618,0.9999999868399789,0.9357403676043453,0.551626551890345,homoscedastic,linear
0,convnext_s|2,vit_sup_b16|2,1.0,0.1,546,102,768,768,0.5998514440317889,0.55,0.5998514440317889,,0.5301442623242496,0.6061640911807393,0.7551771133377919,0.4661172161172161,-0.11048494410267473,0.9999999994643993,0.9837202607217637,0.7439292573183387,homoscedastic,linear
0,dinov2_b|2,mae_b16|2,1.0,0.1,546,102,768,768,0.2687546909852527,0.38333333333333336,0.2687546909852527,,0.17918077923778739,0.374370357722189,0.3472134081992764,0.15054945054945054,-0.5039902631424767,0.9999999867472366,0.934751153021658,0.5680820971097894,homoscedastic,linear
0,dinov2_b|2,vit_sup_b16|2,1.0,0.1,546,102,768,768,0.6105232514534763,0.45,0.6105232514534763,,0.5438371478383475,0.5639033552463074,0.8572573195675854,0.5067765567765568,-0.07760120629188971,0.9999999993227159,0.9818964750460366,0.7497818350034562,homoscedastic,linear
0,mae_b16|2,vit_sup_b16|2,1.0,0.1,546,102,768,768,0.3140369278803552,0.3333333333333333,0.3140369278803552,,0.22000538580121667,0.4792111329292239,0.3543854282787083,0.14395604395604394,-0.3884224756325483,0.9999999870341224,0.9387745709342049,0.5713689431718867,homoscedastic,linear
0,clip_b16|2,convnext_s|2,1.0,0.25,546,256,768,768,0.39271670199083886,0.38333333333333336,0.39271670199083886,,0.28221175444917423,0.32801161103047893,0.5741238176401094,0.321978021978022,-0.43476582862178836,0.9999999985010304,0.9708369948929095,0.6589833862575217,homoscedastic,linear
0,clip_b16|2,dinov2_b|2,1.0,0.25,546,256,768,768,0.42040900113611424,0.38333333333333336,0.42040900113611424,,0.30761704401182544,0.5189106121403568,0.6687793399046046,0.3648351648351648,-0.31994396812100634,0.9999999983666978,0.9693604050589909,0.678144994695517,homoscedastic,linear
0,clip_b16|2,mae_b16|2,1.0,0.25,546,256,768,768,0.300472779091053,0.38333333333333336,0.300472779091053,,0.1884761354535569,0.6234952616750619,0.46152088017309784,0.17197802197802198,-0.3374565618405899,0.9999999861935628,0.9280455151907636,0.549201465034868,homoscedastic,linear
0,clip_b16|2,vit_sup_b16|2,1.0,0.25,546,256,768,768,0.49129186469962416,0.5,0.49129186469962416,,0.3757099490098942,0.5443524289251259,0.6529805744605607,0.36025641025641025,-0.23634673248334315,0.9999999986286441,0.9734030924885508,0.6858275820468609,homoscedastic,linear
0,convnext_s|2,dinov2_b|2,1.0,0.25,546,256,768,768,0.6810664474067982,0.5,0.6810664474067982,,0.6325867078630146,0.4914197899769487,0.7334445435741611,0.40622710622710617,-0.3024805165374779,0.9999999991659427,0.9795996204223789,0.7126927176245584,homoscedastic,linear
0,convnext_s|2,mae_b16|2,1.0,0.25,546,256,768,768,0.24570351584309955,0.31666666666666665,0.24570351584309955,,0.13114024907835786,0.45530607017843416,0.3054285646669536,0.12747252747252746,-0.5252387262189618,0.9999999868399789,0.9357403676043453,0.551626551890345,homoscedastic,linear
0,convnext_s|2,vit_sup_b16|2,1.0,0.25,546,256,768,768,0.6908857524604234,0.5333333333333333,0.6908857524604234,,0.6357146435384933,0.646375821736532,0.7551771133377919,0.4661172161172161,-0.11048494410267473,0.9999999994643993,0.9837202607217637,0.7439292573183387,homoscedastic,linear
0,dinov2_b|2,mae_b16|2,1.0,0.25,546,256,768,768,0.31363492676368543,0.31666666666666665,0.31363492676368543,,0.21260271651179755,0.31725433279262355,0.3472134081992764,0.15054945054945054,-0.5039902631424767,0.9999999867472366,0.934751153021658,0.5680820971097894,homoscedastic,linear
0,dinov2_b|2,vit_sup_b16|2,1.0,0.25,546,256,768,768,0.6614333373148258,0.5166666666666667,0.6614333373148258,,0.5985352604088848,0.565013233159737,0.8572573195675854,0.5067765567765568,-0.07760120629188971,0.9999999993227159,0.9818964750460366,0.7497818350034562,homoscedastic,linear
0,mae_b16|2,vit_sup_b16|2,1.0,0.25,546,256,768,768,0.35023708399189996,0.4166666666666667,0.35023708399189996,,0.24464006681718617,0.49329804490736784,0.3543854282787083,0.14395604395604394,-0.3884224756325483,0.9999999870341224,0.9387745709342049,0.5713689431718867,homoscedastic,linear
0,clip_b16|2,convnext_s|2,1.0,1.0,546,1024,768,768,0.39282375784377177,0.43333333333333335,0.39282375784377177,,0.2795348960323796,0.35610005976265685,0.5741238176401094,0.321978021978022,-0.43476582862178836,0.9999999985010304,0.9708369948929095,0.6589833862575217,homoscedastic,linear
0,clip_b16|2,dinov2_b|2,1.0,1.0,546,1024,768,768,0.4469602415562265,0.48333333333333334,0.4469602415562265,,0.33721160605890244,0.5732946298984034,0.6687793399046046,0.3648351648351648,-0.31994396812100634,0.9999999983666978,0.9693604050589909,0.678144994695517,homoscedastic,linear
0,clip_b16|2,mae_b16|2,1.0,1.0,546,1024,768,768,0.3732755368764913,0.43333333333333335,0.3732755368764913,,0.28026612829071834,0.6462050712883121,0.46152088017309784,0.17197802197802198,-0.3374565618405899,0.9999999861935628,0.9280455151907636,0.549201465034868,homoscedastic,linear
0,clip_b16|2,vit_sup_b16|2,1.0,1.0,546,1024,768,768,0.45947144297623044,0.55,0.45947144297623044,,0.3354374855118958,0.6178604968838043,0.6529805744605607,0.36025641025641025,-0.23634673248334315,0.9999999986286441,0.9734030924885508,0.6858275820468609,homoscedastic,linear
0,convnext_s|2,dinov2_b|2,1.0,1.0,546,1024,768,768,0.736571212697813,0.5666666666666667,0.736571212697813,,0.6918987734796616,0.5252283787244941,0.7334445435741611,0.40622710622710617,-0.3024805165374779,0.9999999991659427,0.9795996204223789,0.7126927176245584,homoscedastic,linear
0,convnext_s|2,mae_b16|2,1.0,1.0,546,1024,768,768,0.2133637593437759,0.4166666666666667,0.2133637593437759,,0.09034998738864988,0.45137880986937595,0.3054285646669536,0.12747252747252746,-0.5252387262189618,0.9999999868399789,0.9357403676043453,0.551626551890345,homoscedastic,linear
0,convnext_s|2,vit_sup_b16|2,1.0,1.0,546,1024,768,768,0.6862005727793687,0.5833333333333334,0.6862005727793687,,0.6217486032537795,0.6529497139929992,0.7551771133377919,0.4661172161172161,-0.11048494410267473,0.9999999994643993,0.9837202607217637,0.7439292573183387,homoscedastic,linear
0,dinov2_b|2,mae_b16|2,1.0,1.0,546,1024,768,768,0.31220381167725464,0.4,0.31220381167725464,,0.208718829019187,0.4066421924357551,0.3472134081992764,0.15054945054945054,-0.5039902631424767,0.9999999867472366,0.934751153021658,0.5680820971097894,homoscedastic,linear
0,dinov2_b|2,vit_sup_b16|2,1.0,1.0,546,1024,768,768,0.692551757088214,0.5,0.692551757088214,,0.63174886794994,0.5957483138393237,0.8572573195675854,0.5067765567765568,-0.07760120629188971,0.9999999993227159,0.9818964750460366,0.7497818350034562,homoscedastic,linear
0,mae_b16|2,vit_sup_b16|2,1.0,1.0,546,1024,768,768,0.31156408767802135,0.4666666666666667,0.31156408767802135,,0.20024687474409972,0.48083326218731326,0.3543854282787083,0.14395604395604394,-0.3884224756325483,0.9999999870341224,0.9387745709342049,0.5713689431718867,homoscedastic,linear
0,clip_b16|2,convnext_s|2,10.0,0.1,546,102,768,768,0.3517894771929922,0.36666666666666664,0.3517894771929922,,0.23828823399315602,0.29710577990267223,0.5741238176401094,0.321978021978022,-0.43476582862178836,0.9999999985010304,0.9708369948929095,0.6589833862575217,homoscedastic,linear
0,clip_b16|2,dinov2_b|2,10.0,0.1,546,102,768,768,0.37500998613885034,0.3,0.37500998613885034,,0.26957043459099017,0.34713566123111067,0.6687793399046046,0.3648351648351648,-0.31994396812100634,0.9999999983666978,0.9693604050589909,0.678144994695517,homoscedastic,linear
0,clip_b16|2,mae_b16|2,10.0,0.1,546,102,768,768,0.2650056805713349,0.3333333333333333,0.2650056805713349,,0.1583695358199168,0.6745496456928199,0.46152088017309784,0.17197802197802198,-0.3374565618405899,0.9999999861935628,0.9280455151907636,0.549201465034868,homoscedastic,linear
0,clip_b16|2,vit_sup_b16|2,10.0,0.1,546,102,768,768,0.47891388587190514,0.45,0.47891388587190514,,0.36717491975440575,0.46879535558780844,0.6529805744605607,0.36025641025641025,-0.23634673248334315,0.9999999986286441,0.9734030924885508,0.6858275820468609,homoscedastic,linear
0,convnext_s|2,dinov2_b|2,10.0,0.1,546,102,768,768,0.5955509320859224,0.38333333333333336,0.5955509320859224,,0.5424956560297458,0.35712456245197644,0.7334445435741611,0.40622710622710617,-0.3024805165374779,0.9999999991659427,0.9795996204223789,0.7126927176245584,homoscedastic,linear
0,convnext_s|2,mae_b16|2,10.0,0.1,546,102,768,768,0.17903405287236906,0.31666666666666665,0.17903405287236906,,0.0721368498108881,0.3675403397933919,0.3054285646669536,0.12747252747252746,-0.5252387262189618,0.9999999868399789,0.9357403676043453,0.551626551890345,homoscedastic,linear
0,convnext_s|2,vit_sup_b16|2,10.0,0.1,546,102,768,768,0.5999013886149683,0.55,0.5999013886149683,,0.5301891075415291,0.6061640911807393,0.7551771133377919,0.4661172161172161,-0.11048494410267473,0.9999999994643993,0.9837202607217637,0.7439292573183387,homoscedastic,linear
0,dinov2_b|2,mae_b16|2,10.0,0.1,546,102,768,768,0.26880235778432715,0.38333333333333336,0.26880235778432715,,0.1792073946919451,0.374370357722189,0.3472134081992764,0.15054945054945054,-0.5039902631424767,0.9999999867472366,0.934751153021658,0.5680820971097894,homoscedastic,linear
0,dinov2_b|2,vit_sup_b16|2,10.0,0.1,546,102,768,768,0.6105384181622726,0.45,0.6105384181622726,,0.5438470648294857,0.5639033552463074,0.8572573195675854,0.5067765567765568,-0.07760120629188971,0.9999999993227159,0.9818964750460366,0.7497818350034562,homoscedastic,linear
0,mae_b16|2,vit_sup_b16|2,10.0,0.1,546,102,768,768,0.3139904277511882,0.3333333333333333,0.3139904277511882,,0.21988667358376798,0.4792111329292239,0.3543854282787083,0.14395604395604394,-0.3884224756325483,0.9999999870341224,0.9387745709342049,0.5713689431718867,homoscedastic,linear
0,clip_b16|2,convnext_s|2,10.0,0.25,546,256,768,768,0.3926445906794185,0.38333333333333336,0.3926445906794185,,0.2821576485122289,0.32801161103047893,0.5741238176401094,0.321978021978022,-0.43476582862178836,0.9999999985010304,0.9708369948929095,0.6589833862575217,homoscedastic,linear
0,clip_b16|2,dinov2_b|2,10.0,0.25,546,256,768,768,0.42042116783657735,0.38333333333333336,0.42042116783657735,,0.30767960855885923,0.5189106121403568,0.6687793399046046,0.3648351648351648,-0.31994396812100634,0.9999999983666978,0.9693604050589909,0.678144994695517,homoscedastic,linear
0,clip_b16|2,mae_b16|2,10.0,0.25,546,256,768,768,0.30021238947885964,0.38333333333333336,0.30021238947885964,,0.18818854271054852,0.6234952616750619,0.46152088017309784,0.17197802197802198,-0.3374565618405899,0.9999999861935628,0.9280455151907636,0.549201465034868,homoscedastic,linear
0,clip_b16|2,vit_sup_b16|2,10.0,0.25,546,256,768,768,0.49124753124314224,0.5,0.49124753124314224,,0.37569405265645206,0.5443524289251259,0.6529805744605607,0.36025641025641025,-0.23634673248334315,0.9999999986286441,0.9734030924885508,0.6858275820468609,homoscedastic,linear
0,convnext_s|2,dinov2_b|2,10.0,0.25,546,256,768,768,0.6810511695865821,0.5,0.6810511695865821,,0.632567603071263,0.4914197899769487,0.7334445435741611,0.40622710622710617,-0.3024805165374779,0.9999999991659427,0.9795996204223789,0.7126927176245584,homoscedastic,linear
0,convnext_s|2,mae_b16|2,10.0,0.25,546,256,768,768,0.245804905013625,0.31666666666666665,0.245804905013625,,0.13127150337283433,0.45530607017843416,0.3054285646669536,0.12747252747252746,-0.5252387262189618,0.9999999868399789,0.9357403676043453,0.551626551890345,homoscedastic,linear
0,convnext_s|2,vit_sup_b16|2,10.0,0.25,546,256,768,768,0.6909483637454548,0.5333333333333333,0.6909483637454548,,0.6357934690342316,0.646375821736532,0.7551771133377919,0.4661172161172161,-0.11048494410267473,0.9999999994643993,0.9837202607217637,0.7439292573183387,homoscedastic,linear
0,dinov2_b|2,mae_b16|2,10.0,0.25,546,256,768,768,0.3135807043908455,0.31666666666666665,0.3135807043908455,,0.21254525629843785,0.31725433279262355,0.3472134081992764,0.15054945054945054,-0.5039902631424767,0.9999999867472366,0.934751153021658,0.5680820971097894,homoscedastic,linear
0,dinov2_b|2,vit_sup_b16|2,10.0,0.25,546,256,768,768,0.6614738374273262,0.5166666666666667,0.6614738374273262,,0.5986100024376839,0.565013233159737,0.8572573195675854,0.5067765567765568,-0.07760120629188971,0.9999999993227159,0.9818964750460366,0.7497818350034562,homoscedastic,linear
0,mae_b16|2,vit_sup_b16|2,10.0,0.25,546,256,768,768,0.35032819535609816,0.4166666666666667,0.35032819535609816,,0.24473624704741648,0.49329804490736784,0.3543854282787083,0.14395604395604394,-0.3884224756325483,0.9999999870341224,0.9387745709342049,0.5713689431718867,homoscedastic,linear
0,clip_b16|2,convnext_s|2,10.0,1.0,546,1024,768,768,0.39141580948835963,0.43333333333333335,0.39141580948835963,,0.27801147118782293,0.35080679586783914,0.5741238176401094,0.321978021978022,-0.43476582862178836,0.9999999985010304,0.9708369948929095,0.6589833862575217,homoscedastic,linear
0,clip_b16|2,dinov2_b|2,10.0,1.0,546,1024,768,768,0.44560462667951856,0.48333333333333334,0.44560462667951856,,0.3360061082831888,0.571928626312644,0.6687793399046046,0.3648351648351648,-0.31994396812100634,0.9999999983666978,0.9693604050589909,0.678144994695517,homoscedastic,linear
0,clip_b16|2,mae_b16|2,10.0,1.0,546,1024,768,768,0.37201358892663594,0.43333333333333335,0.37201358892663594,,0.2800598402912329,0.639289678135405,0.46152088017309784,0.17197802197802198,-0.3374565618405899,0.9999999861935628,0.9280455151907636,0.549201465034868,homoscedastic,linear
0,clip_b16|2,vit_sup_b16|2,10.0,1.0,546,1024,768,768,0.45807955022097274,0.55,0.45807955022097274,,0.33387308015984146,0.6130794843336465,0.6529805744605607,0.36025641025641025,-0.23634673248334315,0.9999999986286441,0.9734030924885508,0.6858275820468609,homoscedastic,linear
0,convnext_s|2,dinov2_b|2,10.0,1.0,546,1024,768,768,0.7358575440487334,0.55,0.7358575440487334,,0.6912850138148792,0.5275335097754631,0.7334445435741611,0.40622710622710617,-0.3024805165374779,0.9999999991659427,0.9795996204223789,0.7126927176245584,homoscedastic,linear
0,convnext_s|2,mae_b16|2,10.0,1.0,546,1024,768,768,0.21332531479254108,0.4166666666666667,0.21332531479254108,,0.0916578635140552,0.45513531973021426,0.3054285646669536,0.12747252747252746,-0.5252387262189618,0.9999999868399789,0.9357403676043453,0.551626551890345,homoscedastic,linear
0,convnext_s|2,vit_sup_b16|2,10.0,1.0,546,1024,768,768,0.6856068489079136,0.5833333333333334,0.6856068489079136,,0.6210667371939742,0.6492785793562708,0.7551771133377919,0.4661172161172161,-0.11048494410267473,0.9999999994643993,0.9837202607217637,0.7439292573183387,homoscedastic,linear
0,dinov2_b|2,mae_b16|2,10.0,1.0,546,1024,768,768,0.3112504756957658,0.38333333333333336,0.3112504756957658,,0.209362193819279,0.402288056006147,0.3472134081992764,0.15054945054945054,-0.5039902631424767,0.9999999867472366,0.934751153021658,0.5680820971097894,homoscedastic,linear
0,dinov2_b|2,vit_sup_b16|2,10.0,1.0,546,1024,768,768,0.6911156975436042,0.5166666666666667,0.6911156975436042,,0.6301239397843216,0.5965166908563135,0.8572573195675854,0.5067765567765568,-0.07760120629188971,0.9999999993227159,0.9818964750460366,0.7497818350034562,homoscedastic,linear
0,mae_b16|2,vit_sup_b16|2,10.0,1.0,546,1024,768,768,0.3105425292848035,0.45,0.3105425292848035,,0.20059054223847056,0.4817723896525228,0.3543854282787083,0.14395604395604394,-0.3884224756325483,0.9999999870341224,0.9387745709342049,0.5713689431718867,homoscedastic,linear
1,clip_b16|2,convnext_s|2,0.1,0.1,546,102,768,768,0.3605135014263928,0.3,0.20878468370174907,0.5293130349569185,0.25021939519917,0.2945445231793733,0.5672714635047873,0.31849816849816853,-0.4093024771550008,0.9999999983387862,0.9703599206025643,0.6597910638633175,heteroscedastic,linear
1,clip_b16|2,dinov2_b|2,0.1,0.1,546,102,768,768,0.36989708304745295,0.26666666666666666,0.20717765923281567,0.5602029614226401,0.273597535102685,0.34730641167933063,0.6657818422588262,0.3747252747252748,-0.2485819357696657,0.9999999981587735,0.96862912934914,0.6798944803275999,heteroscedastic,linear
1,clip_b16|2,mae_b16|2,0.1,0.1,546,102,768,768,0.3128473134647596,0.31666666666666665,0.1805490732831553,0.44456108573022796,0.2144622252692664,0.6469734483053018,0.46237352792048597,0.1796703296703297,-0.31087611788627467,0.9999999863486184,0.9291658486968665,0.5530832167895942,heteroscedastic,linear
1,clip_b16|2,vit_sup_b16|2,0.1,0.1,546,102,768,768,0.4601518337550937,0.4166666666666667,0.28505167117425473,0.637250441873123,0.3547389399480248,0.5387176641338682,0.6535840790115016,0.3578754578754579,-0.20631190273827515,0.9999999985071567,0.9733017987012058,0.6869515843508677,heteroscedastic,linear
1,convnext_s|2,dinov2_b|2,0.1,0.1,546,102,768,768,0.6372558257106269,0.4166666666666667,0.46818704384596077,0.7548611628922086,0.5890394497178288,0.42260735934431826,0.7441640498383629,0.4,-0.2767732724068923,0.9999999990061076,0.9782004308381347,0.7073714274922571,heteroscedastic,linear
1,convnext_s|2,mae_b16|2,0.1,0.1,546,102,768,768,0.13999772221589504,0.3,0.06085576299426291,0.30211386963562953,0.017955660403430492,0.4268761205498164,0.3189986729056186,0.13992673992673993,-0.49874347641097416,0.9999999869431876,0.9363213006241551,0.5535876665889629,heteroscedastic,linear
1,convnext_s|2,vit_sup_b16|2,0.1,0.1,546,102,768,768,0.6412331700921391,0.5333333333333333,0.4766800836975438,0.774299391277708,0.5688744878621498,0.6332280372235978,0.7835908860566992,0.46007326007326005,-0.12711949796166333,0.999999999387515,0.9830606908066439,0.7421722500101164,heteroscedastic,linear
1,dinov2_b|2,mae_b16|2,0.1,0.1,546,102,768,768,0.24252050700140831,0.26666666666666666,0.2702056549217775,0.32852432389711844,0.14405100483548114,0.40920344915905404,0.3444703752420976,0.15329670329670333,-0.4377774197175972,0.9999999868959432,0.9349006645933042,0.5686098786489607,heteroscedastic,linear
1,dinov2_b|2,vit_sup_b16|2,0.1,0.1,546,102,768,768,0.5790623307286964,0.45,0.35206038616391827,0.7567864422797385,0.5137322253429146,0.5414496713053871,0.8528354469134118,0.47710622710622713,-0.06196755084621863,0.9999999991740963,0.9810416374304015,0.7475745140111527,heteroscedastic,linear
1,mae_b16|2,vit_sup_b16|2,0.1,0.1,546,102,768,768,0.295321264781291,0.3333333333333333,0.2695453766955573,0.4014246620637576,0.19824663221533118,0.5106292154016904,0.3605276784573876,0.15000000000000002,-0.3575282335274155,0.999999987158954,0.9393495850404716,0.5735429530511271,heteroscedastic,linear
1,clip_b16|2,convnext_s|2,0.1,0.25,546,256,768,768,0.36941924838680107,0.4,0.18636146261152084,0.5636619852830906,0.2418917477289544,0.3938359088192606,0.5672714635047873,0.31849816849816853,-0.4093024771550008,0.9999999983387862,0.9703599206025643,0.6597910638633175,heteroscedastic,linear
1,clip_b16|2,dinov2_b|2,0.1,0.25,546,256,768,768,0.3826655074041872,0.36666666666666664,0.1930102522841511,0.5932991117295985,0.26134764471825067,0.5194228634850167,0.6657818422588262,0.3747252747252748,-0.2485819357696657,0.9999999981587735,0.96862912934914,0.6798944803275999,heteroscedastic,linear
1,clip_b16|2,mae_b16|2,0.1,0.25,546,256,768,768,0.31071330753696536,0.4166666666666667,0.15275448702546096,0.46009569426094155,0.20502132262473297,0.6582429778878169,0.46237352792048597,0.1796703296703297,-0.31087611788627467,0.9999999863486184,0.9291658486968665,0.5530832167895942,heteroscedastic,linear
1,clip_b16|2,vit_sup_b16|2,0.1,0.25,546,256,768,768,0.43640765668793524,0.5166666666666667,0.21798580635445008,0.6511010592946395,0.30301111206148945,0.5935285580124647,0.6535840790115016,0.3578754578754579,-0.20631190273827515,0.9999999985071567,0.9733017987012058,0.6869515843508677,heteroscedastic,linear
1,convnext_s|2,dinov2_b|2,0.1,0.25,546,256,768,768,0.6818640607335019,0.48333333333333334,0.49827481196717444,0.8006919723333945,0.6265114570050673,0.5078118330060616,0.7441640498383629,0.4,-0.2767732724068923,0.9999999990061076,0.9782004308381347,0.7073714274922571,heteroscedastic,linear
1,convnext_s|2,mae_b16|2,0.1,0.25,546,256,768,768,0.14546368184356068,0.4,0.06324922663519952,0.2867775419817866,0.011281598286460604,0.4892000341500896,0.3189986729056186,0.13992673992673993,-0.49874347641097416,0.9999999869431876,0.9363213006241551,0.5535876665889629,heteroscedastic,linear
1,convnext_s|2,vit_sup_b16|2,0.1,0.25,546,256,768,768,0.6684011344475956,0.5333333333333333,0.4845229094439376,0.7985566827776861,0.5965439140045197,0.6261418936224707,0.7835908860566992,0.46007326007326005,-0.12711949796166333,0.999999999387515,0.9830606908066439,0.7421722500101164,heteroscedastic,linear
1,dinov2_b|2,mae_b16|2,0.1,0.25,546,256,768,768,0.263827955077653,0.38333333333333336,0.30505339285781685,0.32295570321430056,0.15665703187226157,0.38999402373431225,0.3444703752420976,0.15329670329670333,-0.4377774197175972,0.9999999868959432,0.9349006645933042,0.5686098786489607,heteroscedastic,linear
1,dinov2_b|2,vit_sup_b16|2,0.1,0.25,546,256,768,768,0.6509474192983868,0.5166666666666667,0.41255833371223555,0.8048821220187004,0.5818917783549563,0.6274225219841202,0.8528354469134118,0.47710622710622713,-0.06196755084621863,0.9999999991740963,0.9810416374304015,0.7475745140111527,heteroscedastic,linear
1,mae_b16|2,vit_sup_b16|2,0.1,0.25,546,256,768,768,0.281338448162356,0.4166666666666667,0.22229360958866323,0.390764411877974,0.16790377485163346,0.49816443268163574,0.3605276784573876,0.15000000000000002,-0.3575282335274155,0.999999987158954,0.9393495850404716,0.5735429530511271,heteroscedastic,linear
1,clip_b16|2,convnext_s|2,0.1,1.0,546,1024,768,768,0.35047769577137705,0.38333333333333336,0.170722537394949,0.4996792597364987,0.21565386842500753,0.307009305899428,0.5672714635047873,0.31849816849816853,-0.4093024771550008,0.9999999983387862,0.9703599206025643,0.6597910638633175,heteroscedastic,linear
1,clip_b16|2,dinov2_b|2,0.1,1.0,546,1024,768,768,0.3875259653499037,0.5,0.20810787156240626,0.571571995926026,0.24776078350646874,0.5622812259882182,0.6657818422588262,0.3747252747252748,-0.2485819357696657,0.9999999981587735,0.96862912934914,0.6798944803275999,heteroscedastic,linear
1,clip_b16|2,mae_b16|2,0.1,1.0,546,1024,768,768,0.3783362731563143,0.4166666666666667,0.20277963834221643,0.41920850183717,0.27879673646405456,0.6319474088619482,0.46237352792048597,0.1796703296703297,-0.31087611788627467,0.9999999863486184,0.9291658486968665,0.5530832167895942,heteroscedastic,linear
1,clip_b16|2,vit_sup_b16|2,0.1,1.0,546,1024,768,768,0.43493420815057815,0.5,0.22623766673418017,0.6107824582304576,0.2998064655427945,0.5920771792025954,0.6535840790115016,0.3578754578754579,-0.20631190273827515,0.9999999985071567,0.9733017987012058,0.6869515843508677,heteroscedastic,linear
1,convnext_s|2,dinov2_b|2,0.1,1.0,546,1024,768,768,0.7026167850466251,0.6166666666666667,0.5521128274231483,0.8187930615097998,0.6398344970849515,0.5592077179202596,0.7441640498383629,0.4,-0.2767732724068923,0.9999999990061076,0.9782004308381347,0.7073714274922571,heteroscedastic,linear
1,convnext_s|2,mae_b16|2,0.1,1.0,546,1024,768,768,0.1575252153478204,0.38333333333333336,0.0869534665595317,0.2073640959132077,0.019244796332346666,0.4140698369333219,0.3189986729056186,0.13992673992673993,-0.49874347641097416,0.9999999869431876,0.9363213006241551,0.5535876665889629,heteroscedastic,linear
1,convnext_s|2,vit_sup_b16|2,0.1,1.0,546,1024,768,768,0.6613528370912141,0.5666666666666667,0.5093672705079381,0.7939621518111003,0.5843139305214143,0.6707077606078715,0.7835908860566992,0.46007326007326005,-0.12711949796166333,0.999999999387515,0.9830606908066439,0.7421722500101164,heteroscedastic,linear
1,dinov2_b|2,mae_b16|2,0.1,1.0,546,1024,768,768,0.2477575771043808,0.4166666666666667,0.2709834677043255,0.2584775547443726,0.11786912736384426,0.4289251259284556,0.3444703752420976,0.15329670329670333,-0.4377774197175972,0.9999999868959432,0.9349006645933042,0.5686098786489607,heteroscedastic,linear
1,dinov2_b|2,vit_sup_b16|2,0.1,1.0,546,1024,768,768,0.6625666737963162,0.6166666666666667,0.47726308385156074,0.8202826815058957,0.5806394665475462,0.6142747374711858,0.8528354469134118,0.47710622710622713,-0.06196755084621863,0.9999999991740963,0.9810416374304015,0.7475745140111527,heteroscedastic,linear
1,mae_b16|2,vit_sup_b16|2,0.1,1.0,546,1024,768,768,0.2943537065380737,0.43333333333333335,0.23189585935103316,0.3203512420062785,0.17367320320345067,0.47221036455220694,0.3605276784573876,0.15000000000000002,-0.3575282335274155,0.999999987158954,0.9393495850404716,0.5735429530511271,heteroscedastic,linear
1,clip_b16|2,convnext_s|2,1.0,0.1,546,102,768,768,0.3629728971469365,0.3,0.20908552903400074,0.5331138838783404,0.25369675897416605,0.29727653035089213,0.5672714635047873,0.31849816849816853,-0.4093024771550008,0.9999999983387862,0.9703599206025643,0.6597910638633175,heteroscedastic,linear
1,clip_b16|2,dinov2_b|2,1.0,0.1,546,102,768,768,0.37270709085303005,0.2833333333333333,0.2055472716257743,0.5650136464718989,0.2776052391464183,0.3513190472124989,0.6657818422588262,0.3747252747252748,-0.2485819357696657,0.9999999981587735,0.96862912934914,0.6798944803275999,heteroscedastic,linear
1,clip_b16|2,mae_b16|2,1.0,0.1,546,102,768,768,0.3149659304609179,0.31666666666666665,0.18001315883824823,0.4495627906665002,0.21697246365112846,0.648937078459831,0.46237352792048597,0.1796703296703297,-0.31087611788627467,0.9999999863486184,0.9291658486968665,0.5530832167895942,heteroscedastic,linear
1,clip_b16|2,vit_sup_b16|2,1.0,0.1,546,102,768,768,0.4620681168558801,0.4166666666666667,0.28299823105101235,0.6393734435998424,0.35766080638117553,0.5469990608725348,0.6535840790115016,0.3578754578754579,-0.20631190273827515,0.9999999985071567,0.9733017987012058,0.6869515843508677,heteroscedastic,linear
1,convnext_s|2,dinov2_b|2,1.0,0.1,546,102,768,768,0.6398134994819429,0.43333333333333335,0.4694109128499237,0.7565099661274823,0.5926414321535249,0.42585161786049686,0.7441640498383629,0.4,-0.2767732724068923,0.9999999990061076,0.9782004308381347,0.7073714274922571,heteroscedastic,linear
1,convnext_s|2,mae_b16|2,1.0,0.1,546,102,768,768,0.14524868124633677,0.3,0.060670655053869114,0.31030817595835986,0.024143352440312658,0.42679074532570643,0.3189986729056186,0.13992673992673993,-0.49874347641097416,0.9999999869431876,0.9363213006241551,0.5535876665889629,heteroscedastic,linear
1,convnext_s|2,vit_sup_b16|2,1.0,0.1,546,102,768,768,0.6436846769018801,0.5166666666666667,0.476333590387758,0.7766329617102871,0.572102395558588,0.6343379151370272,0.7835908860566992,0.46007326007326005,-0.12711949796166333,0.999999999387515,0.9830606908066439,0.7421722500101164,heteroscedastic,linear
1,dinov2_b|2,mae_b16|2,1.0,0.1,546,102,768,768,0.24866874630207303,0.2833333333333333,0.27133679023909657,0.3393297938800467,0.15114179933741376,0.41295995901989246,0.3444703752420976,0.15329670329670333,-0.4377774197175972,0.9999999868959432,0.9349006645933042,0.5686098786489607,heteroscedastic,linear
1,dinov2_b|2,vit_sup_b16|2,1.0,0.1,546,102,768,768,0.5814752818757829,0.4666666666666667,0.35175378990536316,0.7578727980699171,0.5171173465165146,0.5443524289251259,0.8528354469134118,0.47710622710622713,-0.06196755084621863,0.9999999991740963,0.9810416374304015,0.7475745140111527,heteroscedastic,linear
1,mae_b16|2,vit_sup_b16|2,1.0,0.1,546,102,768,768,0.29975883266342407,0.31666666666666665,0.2701258608193165,0.4090492599515357,0.2034589590061483,0.5098608383847008,0.3605276784573876,0.15000000000000002,-0.3575282335274155,0.999999987158954,0.9393495850404716,0.5735429530511271,heteroscedastic,linear
1,clip_b16|2,convnext_s|2,1.0,0.25,546,256,768,768,0.37528776468823516,0.4,0.1904658268277477,0.5709397312707654,0.2502765637363198,0.3841031332707248,0.5672714635047873,0.31849816849816853,-0.4093024771550008,0.9999999983387862,0.9703599206025643,0.6597910638633175,heteroscedastic,linear
1,clip_b16|2,dinov2_b|2,1.0,0.25,546,256,768,768,0.38778774385484394,0.36666666666666664,0.1938908628743741,0.5980248990512957,0.2688371605991817,0.5079825834542816,0.6657818422588262,0.3747252747252748,-0.2485819357696657,0.9999999981587735,0.96862912934914,0.6798944803275999,heteroscedastic,linear
1,clip_b16|2,mae_b16|2,1.0,0.25,546,256,768,768,0.31017725049236244,0.4166666666666667,0.15172291461977122,0.4642864024839287,0.20558666403866402,0.655596345940408,0.46237352792048597,0.1796703296703297,-0.31087611788627467,0.9999999863486184,0.9291658486968665,0.5530832167895942,heteroscedastic,linear
1,clip_b16|2,vit_sup_b16|2,1.0,0.25,546,256,768,768,0.43877721882560783,0.5166666666666667,0.21597010668507444,0.6534251345866359,0.3069495430053602,0.5874669171006573,0.6535840790115016,0.3578754578754579,-0.20631190273827515,0.9999999985071567,0.9733017987012058,0.6869515843508677,heteroscedastic,linear
1,convnext_s|2,dinov2_b|2,1.0,0.25,546,256,768,768,0.6869152414312261,0.4666666666666667,0.5025071342936542,0.8049815417259764,0.6331646642730259,0.49389567147613755,0.7441640498383629,0.4,-0.2767732724068923,0.9999999990061076,0.9782004308381347,0.7073714274922571,heteroscedastic,linear
1,convnext_s|2,mae_b16|2,1.0,0.25,546,256,768,768,0.15323692565812683,0.38333333333333336,0.06240851309620707,0.29859619931863984,0.022148141326165684,0.47451549560317596,0.3189986729056186,0.13992673992673993,-0.49874347641097416,0.9999999869431876,0.9363213006241551,0.5535876665889629,heteroscedastic,linear
1,convnext_s|2,vit_sup_b16|2,1.0,0.25,546,256,768,768,0.6713594759985444,0.5166666666666667,0.48716797611065216,0.8013175345364794,0.6008902541280022,0.6207632545035431,0.7835908860566992,0.46007326007326005,-0.12711949796166333,0.999999999387515,0.9830606908066439,0.7421722500101164,heteroscedastic,linear
1,dinov2_b|2,mae_b16|2,1.0,0.25,546,256,768,768,0.274890930252584,0.38333333333333336,0.301176549663472,0.33998384150487926,0.17092809255352825,0.3826517544608554,0.3444703752420976,0.15329670329670333,-0.4377774197175972,0.9999999868959432,0.9349006645933042,0.5686098786489607,heteroscedastic,linear
1,dinov2_b|2,vit_sup_b16|2,1.0,0.25,546,256,768,768,0.6561576004377788,0.5166666666666667,0.4127966377209367,0.8086857636285287,0.5889718537561734,0.6141039870229659,0.8528354469134118,0.47710622710622713,-0.06196755084621863,0.9999999991740963,0.9810416374304015,0.7475745140111527,heteroscedastic,linear
1,mae_b16|2,vit_sup_b16|2,1.0,0.25,546,256,768,768,0.2877221881171892,0.4166666666666667,0.21939118896986715,0.4041168136877478,0.17629850785013704,0.4887731580295398,0.3605276784573876,0.15000000000000002,-0.3575282335274155,0.999999987158954,0.9393495850404716,0.5735429530511271,heteroscedastic,linear
1,clip_b16|2,convnext_s|2,1.0,1.0,546,1024,768,768,0.34612496145822624,0.35,0.17432836818724157,0.4956751030990742,0.21582923874623858,0.31810808503372323,0.5672714635047873,0.31849816849816853,-0.4093024771550008,0.9999999983387862,0.9703599206025643,0.6597910638633175,heteroscedastic,linear
1,clip_b16|2,dinov2_b|2,1.0,1.0,546,1024,768,768,0.3820997280548001,0.4666666666666667,0.2025524767532283,0.5708660042968303,0.24658182826586025,0.5334244002390506,0.6657818422588262,0.3747252747252748,-0.2485819357696657,0.9999999981587735,0.96862912934914,0.6798944803275999,heteroscedastic,linear
1,clip_b16|2,mae_b16|2,1.0,1.0,546,1024,768,768,0.3515505320848113,0.4166666666666667,0.20982596079557597,0.4033812195614418,0.2529616620060454,0.6034320840092205,0.46237352792048597,0.1796703296703297,-0.31087611788627467,0.9999999863486184,0.9291658486968665,0.5530832167895942,heteroscedastic,linear
1,clip_b16|2,vit_sup_b16|2,1.0,1.0,546,1024,768,768,0.4246021238947885,0.4666666666666667,0.21544317806251656,0.6060449416174525,0.2918608409885578,0.5571587125416203,0.6535840790115016,0.3578754578754579,-0.20631190273827515,0.9999999985071567,0.9733017987012058,0.6869515843508677,heteroscedastic,linear
1,convnext_s|2,dinov2_b|2,1.0,1.0,546,1024,768,768,0.7014651151808754,0.55,0.5505413868107178,0.817701120342808,0.6403905048601644,0.5432425510116964,0.7441640498383629,0.4,-0.2767732724068923,0.9999999990061076,0.9782004308381347,0.7073714274922571,heteroscedastic,linear
1,convnext_s|2,mae_b16|2,1.0,1.0,546,1024,768,768,0.14343650954585985,0.38333333333333336,0.06262345396680027,0.21990941077346574,0.00700409374852567,0.367454964569282,0.3189986729056186,0.13992673992673993,-0.49874347641097416,0.9999999869431876,0.9363213006241551,0.5535876665889629,heteroscedastic,linear
1,convnext_s|2,vit_sup_b16|2,1.0,1.0,546,1024,768,768,0.659970611029475,0.5333333333333333,0.5057057276170803,0.7955344353840323,0.5840304212453451,0.665329121488944,0.7835908860566992,0.46007326007326005,-0.12711949796166333,0.999999999387515,0.9830606908066439,0.7421722500101164,heteroscedastic,linear
1,dinov2_b|2,mae_b16|2,1.0,1.0,546,1024,768,768,0.23081875227431184,0.4,0.23815466433370755,0.2731922299589,0.1014025469312491,0.37880986937590705,0.3444703752420976,0.15329670329670333,-0.4377774197175972,0.9999999868959432,0.9349006645933042,0.5686098786489607,heteroscedastic,linear
1,dinov2_b|2,vit_sup_b16|2,1.0,1.0,546,1024,768,768,0.6596431101197503,0.6,0.46381993418424283,0.8199101368724514,0.5782005429990162,0.6072739690941689,0.8528354469134118,0.47710622710622713,-0.06196755084621863,0.9999999991740963,0.9810416374304015,0.7475745140111527,heteroscedastic,linear
1,mae_b16|2,vit_sup_b16|2,1.0,1.0,546,1024,768,768,0.28270422973397147,0.45,0.21230425059948918,0.3381345232420096,0.16240494910359518,0.4122769572270127,0.3605276784573876,0.15000000000000002,-0.3575282335274155,0.999999987158954,0.9393495850404716,0.5735429530511271,heteroscedastic,linear
1,clip_b16|2,convnext_s|2,10.0,0.1,546,102,768,768,0.36312284200789446,0.3,0.20920629848637418,0.5330837228435488,0.2539058908166985,0.2965935285580124,0.5672714635047873,0.31849816849816853,-0.4093024771550008,0.9999999983387862,0.9703599206025643,0.6597910638633175,heteroscedastic,linear
1,clip_b16|2,dinov2_b|2,10.0,0.1,546,102,768,768,0.37285709126969796,0.2833333333333333,0.2055127660679533,0.5655101864705976,0.2778207878655697,0.35063604541961924,0.6657818422588262,0.3747252747252748,-0.2485819357696657,0.9999999981587735,0.96862912934914,0.6798944803275999,heteroscedastic,linear
1,clip_b16|2,mae_b16|2,10.0,0.1,546,102,768,768,0.31514793096647487,0.31666666666666665,0.18013824148534927,0.4499504158173403,0.21709642604035617,0.6514129599590198,0.46237352792048597,0.1796703296703297,-0.31087611788627467,0.9999999863486184,0.9291658486968665,0.5530832167895942,heteroscedastic,linear
1,clip_b16|2,vit_sup_b16|2,10.0,0.1,546,102,768,768,0.4621444504012511,0.4166666666666667,0.2827843684791011,0.6395387707535147,0.35776405975949693,0.5458891829591053,0.6535840790115016,0.3578754578754579,-0.20631190273827515,0.9999999985071567,0.9733017987012058,0.6869515843508677,heteroscedastic,linear
1,convnext_s|2,dinov2_b|2,10.0,0.1,546,102,768,768,0.6401475559654333,0.43333333333333335,0.4692373067621368,0.7566842298840559,0.5931019888890323,0.42585161786049686,0.7441640498383629,0.4,-0.2767732724068923,0.9999999990061076,0.9782004308381347,0.7073714274922571,heteroscedastic,linear
1,convnext_s|2,mae_b16|2,10.0,0.1,546,102,768,768,0.14561168225467291,0.3,0.0602228016679843,0.3109588723571044,0.02456883511157381,0.42670537010159654,0.3189986729056186,0.13992673992673993,-0.49874347641097416,0.9999999869431876,0.9363213006241551,0.5535876665889629,heteroscedastic,linear
1,convnext_s|2,vit_sup_b16|2,10.0,0.1,546,102,768,768,0.6439338998163884,0.5166666666666667,0.47641410335600703,0.7769429501234228,0.5724763973787934,0.6343379151370272,0.7835908860566992,0.46007326007326005,-0.12711949796166333,0.999999999387515,0.9830606908066439,0.7421722500101164,heteroscedastic,linear
1,dinov2_b|2,mae_b16|2,10.0,0.1,546,102,768,768,0.2494793596648879,0.2833333333333333,0.27187198581821576,0.3405708646079526,0.15208755944816904,0.4147528387262016,0.3444703752420976,0.15329670329670333,-0.4377774197175972,0.9999999868959432,0.9349006645933042,0.5686098786489607,heteroscedastic,linear
1,dinov2_b|2,vit_sup_b16|2,10.0,0.1,546,102,768,768,0.5817878382995507,0.4666666666666667,0.3515690413978633,0.7582408744019108,0.5175469126547151,0.5443524289251259,0.8528354469134118,0.47710622710622713,-0.06196755084621863,0.9999999991740963,0.9810416374304015,0.7475745140111527,heteroscedastic,linear
1,mae_b16|2,vit_sup_b16|2,10.0,0.1,546,102,768,768,0.30018844496790265,0.31666666666666665,0.27019702853232225,0.41013952550548355,0.20399855999455152,0.5102877145052505,0.3605276784573876,0.15000000000000002,-0.3575282335274155,0.999999987158954,0.9393495850404716,0.5735429530511271,heteroscedastic,linear
1,clip_b16|2,convnext_s|2,10.0,0.25,546,256,768,768,0.37606404462234616,0.4,0.19108405140537366,0.5715904276695098,0.2513478904554575,0.38418850849483477,0.5672714635047873,0.31849816849816853,-0.4093024771550008,0.9999999983387862,0.9703599206025643,0.6597910638633175,heteroscedastic,linear
1,clip_b16|2,dinov2_b|2,10.0,0.25,546,256,768,768,0.38843057897383043,0.36666666666666664,0.1939339948216503,0.5988789031660429,0.2696679273641651,0.5112268419704601,0.6657818422588262,0.3747252747252748,-0.2485819357696657,0.9999999981587735,0.96862912934914,0.6798944803275999,heteroscedastic,linear
1,clip_b16|2,mae_b16|2,10.0,0.25,546,256,768,768,0.31039058441829004,0.4166666666666667,0.1525082754930925,0.46484717431597977,0.20610482682563602,0.6542303423546486,0.46237352792048597,0.1796703296703297,-0.31087611788627467,0.9999999863486184,0.9291658486968665,0.5530832167895942,heteroscedastic,linear
1,clip_b16|2,vit_sup_b16|2,10.0,0.25,546,256,768,768,0.4391856088489134,0.5166666666666667,0.21557688709907283,0.6541970336622281,0.30744787181005584,0.5874669171006573,0.6535840790115016,0.3578754578754579,-0.20631190273827515,0.9999999985071567,0.9733017987012058,0.6869515843508677,heteroscedastic,linear
1,convnext_s|2,dinov2_b|2,10.0,0.25,546,256,768,768,0.6872722979786055,0.4666666666666667,0.5027497514970829,0.8050966004883294,0.6337430581973521,0.49193204132160845,0.7441640498383629,0.4,-0.2767732724068923,0.9999999990061076,0.9782004308381347,0.7073714274922571,heteroscedastic,linear
1,convnext_s|2,mae_b16|2,10.0,0.25,546,256,768,768,0.15392626090628028,0.38333333333333336,0.06294514640690212,0.2994853913073105,0.023198904872502132,0.4704174848458977,0.3189986729056186,0.13992673992673993,-0.49874347641097416,0.9999999869431876,0.9363213006241551,0.5535876665889629,heteroscedastic,linear
1,convnext_s|2,vit_sup_b16|2,10.0,0.25,546,256,768,768,0.6715743654843486,0.5166666666666667,0.4872589126328263,0.8019721406989933,0.6012345778938455,0.6213608810723128,0.7835908860566992,0.46007326007326005,-0.12711949796166333,0.999999999387515,0.9830606908066439,0.7421722500101164,heteroscedastic,linear
1,dinov2_b|2,mae_b16|2,10.0,0.25,546,256,768,768,0.27620504501401394,0.38333333333333336,0.301622605884887,0.3411394559675422,0.17261769991870254,0.37804149235891743,0.3444703752420976,0.15329670329670333,-0.4377774197175972,0.9999999868959432,0.9349006645933042,0.5686098786489607,heteroscedastic,linear
1,dinov2_b|2,vit_sup_b16|2,10.0,0.25,546,256,768,768,0.6565899905277515,0.5166666666666667,0.41306189919668546,0.8088064077676952,0.5896356358909619,0.6129087338854263,0.8528354469134118,0.47710622710622713,-0.06196755084621863,0.9999999991740963,0.9810416374304015,0.7475745140111527,heteroscedastic,linear
1,mae_b16|2,vit_sup_b16|2,10.0,0.25,546,256,768,768,0.2885883571898811,0.4166666666666667,0.21964746462326673,0.4062169153695327,0.1774267843492671,0.4870656535473405,0.3605276784573876,0.15000000000000002,-0.3575282335274155,0.999999987158954,0.9393495850404716,0.5735429530511271,heteroscedastic,linear
1,clip_b16|2,convnext_s|2,10.0,1.0,546,1024,768,768,0.3452266811852254,0.35,0.17605616210854838,0.4923730283270762,0.21643023757683574,0.3229744728079911,0.5672714635047873,0.31849816849816853,-0.4093024771550008,0.9999999983387862,0.9703599206025643,0.6597910638633175,heteroscedastic,linear
1,clip_b16|2,dinov2_b|2,10.0,1.0,546,1024,768,768,0.38007600021111165,0.45,0.20243602049558249,0.569807575390718,0.24619608647820448,0.5237769999146248,0.6657818422588262,0.3747252747252748,-0.2485819357696657,0.9999999981587735,0.96862912934914,0.6798944803275999,heteroscedastic,linear
1,clip_b16|2,mae_b16|2,10.0,1.0,546,1024,768,768,0.3424916180322723,0.4166666666666667,0.20568637215574015,0.3964827206593872,0.24449583293136704,0.5910526765132759,0.46237352792048597,0.1796703296703297,-0.31087611788627467,0.9999999863486184,0.9291658486968665,0.5530832167895942,heteroscedastic,linear
1,clip_b16|2,vit_sup_b16|2,10.0,1.0,546,1024,768,768,0.4216075044652901,0.4666666666666667,0.21330347404472172,0.6013225055218431,0.2896272574918311,0.5422180483223769,0.6535840790115016,0.3578754578754579,-0.20631190273827515,0.9999999985071567,0.9733017987012058,0.6869515843508677,heteroscedastic,linear
1,convnext_s|2,dinov2_b|2,10.0,1.0,546,1024,768,768,0.6998528884802457,0.55,0.5470117557919466,0.8173369537745837,0.6389863755854762,0.5359856569623495,0.7441640498383629,0.4,-0.2767732724068923,0.9999999990061076,0.9782004308381347,0.7073714274922571,heteroscedastic,linear
1,convnext_s|2,mae_b16|2,10.0,1.0,546,1024,768,768,0.13346359295442486,0.36666666666666664,0.04693852133980049,0.2162576914129579,-0.0021843631362980327,0.330231366857338,0.3189986729056186,0.13992673992673993,-0.49874347641097416,0.9999999869431876,0.9363213006241551,0.5535876665889629,heteroscedastic,linear
1,convnext_s|2,vit_sup_b16|2,10.0,1.0,546,1024,768,768,0.6591023863955177,0.5333333333333333,0.5033823533904677,0.794887648749057,0.5831023804643441,0.6612311107316657,0.7835908860566992,0.46007326007326005,-0.12711949796166333,0.999999999387515,0.9830606908066439,0.7421722500101164,heteroscedastic,linear
1,dinov2_b|2,mae_b16|2,10.0,1.0,546,1024,768,768,0.2198569440470668,0.36666666666666664,0.21564481991603288,0.2717556710425301,0.09041364572147097,0.3532826773670281,0.3444703752420976,0.15329670329670333,-0.4377774197175972,0.9999999868959432,0.9349006645933042,0.5686098786489607,heteroscedastic,linear
1,dinov2_b|2,vit_sup_b16|2,10.0,1.0,546,1024,768,768,0.6570619918388662,0.5833333333333334,0.4586771683373407,0.8189801716330439,0.5756165834550899,0.6061640911807393,0.8528354469134118,0.47710622710622713,-0.06196755084621863,0.9999999991740963,0.9810416374304015,0.7475745140111527,heteroscedastic,linear
1,mae_b16|2,vit_sup_b16|2,10.0,1.0,546,1024,768,768,0.2758404884458012,0.43333333333333335,0.19884061325721505,0.3375156634911006,0.1560428346931643,0.38828651925211305,0.3605276784573876,0.15000000000000002,-0.3575282335274155,0.999999987158954,0.9393495850404716,0.5735429530511271,heteroscedastic,linear
1,clip_b16|2,convnext_s|2,0.1,0.1,546,102,768,768,0.36300384167733796,0.3,0.36300384167733796,,0.25380482500995166,0.2974472807991121,0.5672714635047873,0.31849816849816853,-0.4093024771550008,0.9999999983387862,0.9703599206025643,0.6597910638633175,homoscedastic,linear
1,clip_b16|2,dinov2_b|2,0.1,0.1,546,102,768,768,0.3728487023575065,0.2833333333333333,0.3728487023575065,,0.27791572847190765,0.35003841885084946,0.6657818422588262,0.3747252747252748,-0.2485819357696657,0.9999999981587735,0.96862912934914,0.6798944803275999,homoscedastic,linear
1,clip_b16|2,mae_b16|2,0.1,0.1,546,102,768,768,0.3146795407765021,0.31666666666666665,0.3146795407765021,,0.21660400367891205,0.6468026978570818,0.46237352792048597,0.1796703296703297,-0.31087611788627467,0.9999999863486184,0.9291658486968665,0.5530832167895942,homoscedastic,linear
1,clip_b16|2,vit_sup_b16|2,0.1,0.1,546,102,768,768,0.4623748399301109,0.4166666666666667,0.4623748399301109,,0.35810845644439265,0.5446939298215657,0.6535840790115016,0.3578754578754579,-0.20631190273827515,0.9999999985071567,0.9733017987012058,0.6869515843508677,homoscedastic,linear
1,convnext_s|2,dinov2_b|2,0.1,0.1,546,102,768,768,0.6398915552543201,0.43333333333333335,0.6398915552543201,,0.5927825305200871,0.42585161786049686,0.7441640498383629,0.4,-0.2767732724068923,0.9999999990061076,0.9782004308381347,0.7073714274922571,homoscedastic,linear
1,convnext_s|2,mae_b16|2,0.1,0.1,546,102,768,768,0.1458339050941808,0.3,0.1458339050941808,,0.024805165760683902,0.42875437548023565,0.3189986729056186,0.13992673992673993,-0.49874347641097416,0.9999999869431876,0.9363213006241551,0.5535876665889629,homoscedastic,linear
1,convnext_s|2,vit_sup_b16|2,0.1,0.1,546,102,768,768,0.6437605104458622,0.5166666666666667,0.6437605104458622,,0.5722662446695261,0.6343379151370272,0.7835908860566992,0.46007326007326005,-0.12711949796166333,0.999999999387515,0.9830606908066439,0.7421722500101164,homoscedastic,linear
1,dinov2_b|2,mae_b16|2,0.1,0.1,546,102,768,768,0.24973108258634047,0.2833333333333333,0.24973108258634047,,0.15243122694253985,0.41295995901989246,0.3444703752420976,0.15329670329670333,-0.4377774197175972,0.9999999868959432,0.9349006645933042,0.5686098786489607,homoscedastic,linear
1,dinov2_b|2,vit_sup_b16|2,0.1,0.1,546,102,768,768,0.5816377267714632,0.4666666666666667,0.5816377267714632,,0.517399543249639,0.5443524289251259,0.8528354469134118,0.47710622710622713,-0.06196755084621863,0.9999999991740963,0.9810416374304015,0.7475745140111527,homoscedastic,linear
1,mae_b16|2,vit_sup_b16|2,0.1,0.1,546,102,768,768,0.3004301123058675,0.31666666666666665,0.3004301123058675,,0.20425355792109823,0.5107145906258004,0.3605276784573876,0.15000000000000002,-0.3575282335274155,0.999999987158954,0.9393495850404716,0.5735429530511271,homoscedastic,linear
1,clip_b16|2,convnext_s|2,0.1,0.25,546,256,768,768,0.37591782199394996,0.4,0.37591782199394996,,0.2509819097310257,0.38137112609920604,0.5672714635047873,0.31849816849816853,-0.4093024771550008,0.9999999983387862,0.9703599206025643,0.6597910638633175,homoscedastic,linear
1,clip_b16|2,dinov2_b|2,0.1,0.25,546,256,768,768,0.3885297459159609,0.36666666666666664,0.3885297459159609,,0.26969913671862955,0.5084948347989413,0.6657818422588262,0.3747252747252748,-0.2485819357696657,0.9999999981587735,0.96862912934914,0.6798944803275999,homoscedastic,linear
1,clip_b16|2,mae_b16|2,0.1,0.25,546,256,768,768,0.310165694904708,0.4166666666666667,0.310165694904708,,0.20571988714755762,0.6542303423546486,0.46237352792048597,0.1796703296703297,-0.31087611788627467,0.9999999863486184,0.9291658486968665,0.5530832167895942,homoscedastic,linear
1,clip_b16|2,vit_sup_b16|2,0.1,0.25,546,256,768,768,0.4395452765146569,0.5166666666666667,0.4395452765146569,,0.30777330954130494,0.5862716639631179,0.6535840790115016,0.3578754578754579,-0.20631190273827515,0.9999999985071567,0.9733017987012058,0.6869515843508677,homoscedastic,linear
1,convnext_s|2,dinov2_b|2,0.1,0.25,546,256,768,768,0.6868584634957319,0.45,0.6868584634957319,,0.6332471357213886,0.49398104670024756,0.7441640498383629,0.4,-0.2767732724068923,0.9999999990061076,0.9782004308381347,0.7073714274922571,homoscedastic,linear
1,convnext_s|2,mae_b16|2,0.1,0.25,546,256,768,768,0.15535093153036533,0.38333333333333336,0.15535093153036533,,0.02487990778948299,0.4782720054640143,0.3189986729056186,0.13992673992673993,-0.49874347641097416,0.9999999869431876,0.9363213006241551,0.5535876665889629,homoscedastic,linear
1,convnext_s|2,vit_sup_b16|2,0.1,0.25,546,256,768,768,0.6712871980199945,0.5166666666666667,0.6712871980199945,,0.6008609406689025,0.6188849995731238,0.7835908860566992,0.46007326007326005,-0.12711949796166333,0.999999999387515,0.9830606908066439,0.7421722500101164,homoscedastic,linear
1,dinov2_b|2,mae_b16|2,0.1,0.25,546,256,768,768,0.27725149236525654,0.38333333333333336,0.27725149236525654,,0.1737676333764212,0.3869205156663536,0.3444703752420976,0.15329670329670333,-0.4377774197175972,0.9999999868959432,0.9349006645933042,0.5686098786489607,homoscedastic,linear
1,dinov2_b|2,vit_sup_b16|2,0.1,0.25,546,256,768,768,0.6564112122533674,0.5166666666666667,0.6564112122533674,,0.5894218372290702,0.6141039870229659,0.8528354469134118,0.47710622710622713,-0.06196755084621863,0.9999999991740963,0.9810416374304015,0.7475745140111527,homoscedastic,linear
1,mae_b16|2,vit_sup_b16|2,0.1,0.25,546,256,768,768,0.2895083597454437,0.4166666666666667,0.2895083597454437,,0.178625573572152,0.4944932980449073,0.3605276784573876,0.15000000000000002,-0.3575282335274155,0.999999987158954,0.9393495850404716,0.5735429530511271,homoscedastic,linear
1,clip_b16|2,convnext_s|2,0.1,1.0,546,1024,768,768,0.3682277450770696,0.4,0.3682277450770696,,0.24578671891754297,0.34448902928370184,0.5672714635047873,0.31849816849816853,-0.4093024771550008,0.9999999983387862,0.9703599206025643,0.6597910638633175,homoscedastic,linear
1,clip_b16|2,dinov2_b|2,0.1,1.0,546,1024,768,768,0.4191303864732957,0.4666666666666667,0.4191303864732957,,0.29791093477339714,0.574489883035943,0.6657818422588262,0.3747252747252748,-0.2485819357696657,0.9999999981587735,0.96862912934914,0.6798944803275999,homoscedastic,linear
1,clip_b16|2,mae_b16|2,0.1,1.0,546,1024,768,768,0.3276171878255217,0.43333333333333335,0.3276171878255217,,0.22764110438238402,0.5948945615982242,0.46237352792048597,0.1796703296703297,-0.31087611788627467,0.9999999863486184,0.9291658486968665,0.5530832167895942,homoscedastic,linear
1,clip_b16|2,vit_sup_b16|2,0.1,1.0,546,1024,768,768,0.4541672060200167,0.4666666666666667,0.4541672060200167,,0.3313823840840459,0.5510116964057031,0.6535840790115016,0.3578754578754579,-0.20631190273827515,0.9999999985071567,0.9733017987012058,0.6869515843508677,homoscedastic,linear
1,convnext_s|2,dinov2_b|2,0.1,1.0,546,1024,768,768,0.7198451662365728,0.6166666666666667,0.7198451662365728,,0.6667200434130872,0.5175446085545975,0.7441640498383629,0.4,-0.2767732724068923,0.9999999990061076,0.9782004308381347,0.7073714274922571,homoscedastic,linear
1,convnext_s|2,mae_b16|2,0.1,1.0,546,1024,768,768,0.16303189731082585,0.4,0.16303189731082585,,0.029632042440055257,0.4259369930846068,0.3189986729056186,0.13992673992673993,-0.49874347641097416,0.9999999869431876,0.9363213006241551,0.5535876665889629,homoscedastic,linear
1,convnext_s|2,vit_sup_b16|2,0.1,1.0,546,1024,768,768,0.6907506409740026,0.5,0.6907506409740026,,0.6250548260125887,0.6689148809015624,0.7835908860566992,0.46007326007326005,-0.12711949796166333,0.999999999387515,0.9830606908066439,0.7421722500101164,homoscedastic,linear
1,dinov2_b|2,mae_b16|2,0.1,1.0,546,1024,768,768,0.26713290870252415,0.38333333333333336,0.26713290870252415,,0.1472199210184575,0.40305643302313665,0.3444703752420976,0.15329670329670333,-0.4377774197175972,0.9999999868959432,0.9349006645933042,0.5686098786489607,homoscedastic,linear
1,dinov2_b|2,vit_sup_b16|2,0.1,1.0,546,1024,768,768,0.7031249531248698,0.5166666666666667,0.7031249531248698,,0.6391237550803616,0.5610859728506787,0.8528354469134118,0.47710622710622713,-0.06196755084621863,0.9999999991740963,0.9810416374304015,0.7475745140111527,homoscedastic,linear
1,mae_b16|2,vit_sup_b16|2,0.1,1.0,546,1024,768,768,0.2853752927091464,0.4166666666666667,0.2853752927091464,,0.16699381799564922,0.4320840092205242,0.3605276784573876,0.15000000000000002,-0.3575282335274155,0.999999987158954,0.9393495850404716,0.5735429530511271,homoscedastic,linear
1,clip_b16|2,convnext_s|2,1.0,0.1,546,102,768,768,0.3631318975886044,0.3,0.3631318975886044,,0.2539192350033036,0.2965935285580124,0.5672714635047873,0.31849816849816853,-0.4093024771550008,0.9999999983387862,0.9703599206025643,0.6597910638633175,homoscedastic,linear
1,clip_b16|2,dinov2_b|2,1.0,0.1,546,102,768,768,0.3728798691107475,0.2833333333333333,0.3728798691107475,,0.27785199722003406,0.35063604541961924,0.6657818422588262,0.3747252747252748,-0.2485819357696657,0.9999999981587735,0.96862912934914,0.6798944803275999,homoscedastic,linear
1,clip_b16|2,mae_b16|2,1.0,0.1,546,102,768,768,0.3150417084491901,0.31666666666666665,0.3150417084491901,,0.2169705677557638,0.6514129599590198,0.46237352792048597,0.1796703296703297,-0.31087611788627467,0.9999999863486184,0.9291658486968665,0.5530832167895942,homoscedastic,linear
1,clip_b16|2,vit_sup_b16|2,1.0,0.1,546,102,768,768,0.46222628396189985,0.4166666666666667,0.46222628396189985,,0.3578680423283433,0.5458891829591053,0.6535840790115016,0.3578754578754579,-0.20631190273827515,0.9999999985071567,0.9733017987012058,0.6869515843508677,homoscedastic,linear
1,convnext_s|2,dinov2_b|2,1.0,0.1,546,102,768,768,0.6401682226895075,0.43333333333333335,0.6401682226895075,,0.5931283855860325,0.42585161786049686,0.7441640498383629,0.4,-0.2767732724068923,0.9999999990061076,0.9782004308381347,0.7073714274922571,homoscedastic,linear
1,convnext_s|2,mae_b16|2,1.0,0.1,546,102,768,768,0.14585484959680445,0.3,0.14585484959680445,,0.024849719301753406,0.42670537010159654,0.3189986729056186,0.13992673992673993,-0.49874347641097416,0.9999999869431876,0.9363213006241551,0.5535876665889629,homoscedastic,linear
1,convnext_s|2,vit_sup_b16|2,1.0,0.1,546,102,768,768,0.6439685665793515,0.5166666666666667,0.6439685665793515,,0.5725215342722829,0.6343379151370272,0.7835908860566992,0.46007326007326005,-0.12711949796166333,0.999999999387515,0.9830606908066439,0.7421722500101164,homoscedastic,linear
1,dinov2_b|2,mae_b16|2,1.0,0.1,546,102,768,768,0.24968758246550685,0.2833333333333333,0.24968758246550685,,0.15233723428388424,0.4147528387262016,0.3444703752420976,0.15329670329670333,-0.4377774197175972,0.9999999868959432,0.9349006645933042,0.5686098786489607,homoscedastic,linear
1,dinov2_b|2,vit_sup_b16|2,1.0,0.1,546,102,768,768,0.5818544495956933,0.4666666666666667,0.5818544495956933,,0.5176274152886606,0.5443524289251259,0.8528354469134118,0.47710622710622713,-0.06196755084621863,0.9999999991740963,0.9810416374304015,0.7475745140111527,homoscedastic,linear
1,mae_b16|2,vit_sup_b16|2,1.0,0.1,546,102,768,768,0.3003062786285517,0.31666666666666665,0.3003062786285517,,0.20414235636605568,0.5102877145052505,0.3605276784573876,0.15000000000000002,-0.3575282335274155,0.999999987158954,0.9393495850404716,0.5735429530511271,homoscedastic,linear
1,clip_b16|2,convnext_s|2,1.0,0.25,546,256,768,768,0.37617610048916794,0.4,0.37617610048916794,,0.25149431191285126,0.38418850849483477,0.5672714635047873,0.31849816849816853,-0.4093024771550008,0.9999999983387862,0.9703599206025643,0.6597910638633175,homoscedastic,linear
1,clip_b16|2,dinov2_b|2,1.0,0.25,546,256,768,768,0.38843807899466387,0.36666666666666664,0.38843807899466387,,0.26967419840267903,0.5112268419704601,0.6657818422588262,0.3747252747252748,-0.2485819357696657,0.9999999981587735,0.96862912934914,0.6798944803275999,homoscedastic,linear
1,clip_b16|2,mae_b16|2,1.0,0.25,546,256,768,768,0.3104635846210684,0.4166666666666667,0.3104635846210684,,0.2061598807102637,0.6542303423546486,0.46237352792048597,0.1796703296703297,-0.31087611788627467,0.9999999863486184,0.9291658486968665,0.5530832167895942,homoscedastic,linear
1,clip_b16|2,vit_sup_b16|2,1.0,0.25,546,256,768,768,0.43921210892252477,0.5166666666666667,0.43921210892252477,,0.30748126873609477,0.5874669171006573,0.6535840790115016,0.3578754578754579,-0.20631190273827515,0.9999999985071567,0.9733017987012058,0.6869515843508677,homoscedastic,linear
1,convnext_s|2,dinov2_b|2,1.0,0.25,546,256,768,768,0.6873378537162602,0.4666666666666667,0.6873378537162602,,0.6338388738323198,0.49193204132160845,0.7441640498383629,0.4,-0.2767732724068923,0.9999999990061076,0.9782004308381347,0.7073714274922571,homoscedastic,linear
1,convnext_s|2,mae_b16|2,1.0,0.25,546,256,768,768,0.15434087316909212,0.38333333333333336,0.15434087316909212,,0.0236471382881392,0.4704174848458977,0.3189986729056186,0.13992673992673993,-0.49874347641097416,0.9999999869431876,0.9363213006241551,0.5535876665889629,homoscedastic,linear
1,convnext_s|2,vit_sup_b16|2,1.0,0.25,546,256,768,768,0.6715919766443795,0.5166666666666667,0.6715919766443795,,0.6012608287527408,0.6213608810723128,0.7835908860566992,0.46007326007326005,-0.12711949796166333,0.999999999387515,0.9830606908066439,0.7421722500101164,homoscedastic,linear
1,dinov2_b|2,mae_b16|2,1.0,0.25,546,256,768,768,0.2765859905166403,0.38333333333333336,0.2765859905166403,,0.17304179712796647,0.37804149235891743,0.3444703752420976,0.15329670329670333,-0.4377774197175972,0.9999999868959432,0.9349006645933042,0.5686098786489607,homoscedastic,linear
1,dinov2_b|2,vit_sup_b16|2,1.0,0.25,546,256,768,768,0.6566351573198814,0.5166666666666667,0.6566351573198814,,0.5896943357282138,0.6129087338854263,0.8528354469134118,0.47710622710622713,-0.06196755084621863,0.9999999991740963,0.9810416374304015,0.7475745140111527,homoscedastic,linear
1,mae_b16|2,vit_sup_b16|2,1.0,0.25,546,256,768,768,0.288992080533557,0.4166666666666667,0.288992080533557,,0.17787859079847604,0.4870656535473405,0.3605276784573876,0.15000000000000002,-0.3575282335274155,0.999999987158954,0.9393495850404716,0.5735429530511271,homoscedastic,linear
1,clip_b16|2,convnext_s|2,1.0,1.0,546,1024,768,768,0.3632935647043464,0.4,0.3632935647043464,,0.24122884062279584,0.33859813882011436,0.5672714635047873,0.31849816849816853,-0.4093024771550008,0.9999999983387862,0.9703599206025643,0.6597910638633175,homoscedastic,linear
1,clip_b16|2,dinov2_b|2,1.0,1.0,546,1024,768,768,0.4127584798846663,0.4666666666666667,0.4127584798846663,,0.29218000768129304,0.5720993767608639,0.6657818422588262,0.3747252747252748,-0.2485819357696657,0.9999999981587735,0.96862912934914,0.6798944803275999,homoscedastic,linear
1,clip_b16|2,mae_b16|2,1.0,1.0,546,1024,768,768,0.3221359503776399,0.43333333333333335,0.3221359503776399,,0.2245674934010081,0.5930163066678049,0.46237352792048597,0.1796703296703297,-0.31087611788627467,0.9999999863486184,0.9291658486968665,0.5530832167895942,homoscedastic,linear
1,clip_b16|2,vit_sup_b16|2,1.0,1.0,546,1024,768,768,0.4497875271875755,0.4666666666666667,0.4497875271875755,,0.3273208657795773,0.5341074020319303,0.6535840790115016,0.3578754578754579,-0.20631190273827515,0.9999999985071567,0.9733017987012058,0.6869515843508677,homoscedastic,linear
1,convnext_s|2,dinov2_b|2,1.0,1.0,546,1024,768,768,0.7165894905263626,0.6,0.7165894905263626,,0.6636240462825977,0.5032869461282335,0.7441640498383629,0.4,-0.2767732724068923,0.9999999990061076,0.9782004308381347,0.7073714274922571,homoscedastic,linear
1,convnext_s|2,mae_b16|2,1.0,1.0,546,1024,768,768,0.14777141047614017,0.4166666666666667,0.14777141047614017,,0.014792213149390651,0.38529838640826425,0.3189986729056186,0.13992673992673993,-0.49874347641097416,0.9999999869431876,0.9363213006241551,0.5535876665889629,homoscedastic,linear
1,convnext_s|2,vit_sup_b16|2,1.0,1.0,546,1024,768,768,0.6886791907755299,0.5,0.6886791907755299,,0.6226013915726138,0.6588406044565868,0.7835908860566992,0.46007326007326005,-0.12711949796166333,0.999999999387515,0.9830606908066439,0.7421722500101164,homoscedastic,linear
1,dinov2_b|2,mae_b16|2,1.0,1.0,546,1024,768,768,0.25139314275872987,0.4,0.25139314275872987,,0.13092295030194687,0.38222487834030566,0.3444703752420976,0.15329670329670333,-0.4377774197175972,0.9999999868959432,0.9349006645933042,0.5686098786489607,homoscedastic,linear
1,dinov2_b|2,vit_sup_b16|2,1.0,1.0,546,1024,768,768,0.6987149964305456,0.5166666666666667,0.6987149964305456,,0.6341253727895411,0.555963459404081,0.8528354469134118,0.47710622710622713,-0.06196755084621863,0.9999999991740963,0.9810416374304015,0.7475745140111527,homoscedastic,linear
1,mae_b16|2,vit_sup_b16|2,1.0,1.0,546,1024,768,768,0.26947208186689403,0.4166666666666667,0.26947208186689403,,0.1501629339768294,0.38453000939127463,0.3605276784573876,0.15000000000000002,-0.3575282335274155,0.999999987158954,0.9393495850404716,0.5735429530511271,homoscedastic,linear
1,clip_b16|2,convnext_s|2,10.0,0.1,546,102,768,768,0.36307361964894347,0.3,0.36307361964894347,,0.2538429616744023,0.2965935285580124,0.5672714635047873,0.31849816849816853,-0.4093024771550008,0.9999999983387862,0.9703599206025643,0.6597910638633175,homoscedastic,linear
1,clip_b16|2,dinov2_b|2,10.0,0.1,546,102,768,768,0.3728884802457784,0.2833333333333333,0.3728884802457784,,0.27785877869191533,0.35063604541961924,0.6657818422588262,0.3747252747252748,-0.2485819357696657,0.9999999981587735,0.96862912934914,0.6798944803275999,homoscedastic,linear
1,clip_b16|2,mae_b16|2,10.0,0.1,546,102,768,768,0.31518043105675286,0.31666666666666665,0.31518043105675286,,0.2171409066623732,0.6514129599590198,0.46237352792048597,0.1796703296703297,-0.31087611788627467,0.9999999863486184,0.9291658486968665,0.5530832167895942,homoscedastic,linear
1,clip_b16|2,vit_sup_b16|2,10.0,0.1,546,102,768,768,0.462128228133967,0.4166666666666667,0.462128228133967,,0.35774284031522324,0.5458891829591053,0.6535840790115016,0.3578754578754579,-0.20631190273827515,0.9999999985071567,0.9733017987012058,0.6869515843508677,homoscedastic,linear
1,convnext_s|2,dinov2_b|2,10.0,0.1,546,102,768,768,0.640179222720063,0.43333333333333335,0.640179222720063,,0.5931458861586295,0.42585161786049686,0.7441640498383629,0.4,-0.2767732724068923,0.9999999990061076,0.9782004308381347,0.7073714274922571,homoscedastic,linear
1,convnext_s|2,mae_b16|2,10.0,0.1,546,102,768,768,0.14570596029433416,0.3,0.14570596029433416,,0.02469243290553913,0.42670537010159654,0.3189986729056186,0.13992673992673993,-0.49874347641097416,0.9999999869431876,0.9363213006241551,0.5535876665889629,homoscedastic,linear
1,convnext_s|2,vit_sup_b16|2,10.0,0.1,546,102,768,768,0.6440318445329015,0.5166666666666667,0.6440318445329015,,0.5726033494491731,0.6343379151370272,0.7835908860566992,0.46007326007326005,-0.12711949796166333,0.999999999387515,0.9830606908066439,0.7421722500101164,homoscedastic,linear
1,dinov2_b|2,mae_b16|2,10.0,0.1,546,102,768,768,0.24958791552198756,0.2833333333333333,0.24958791552198756,,0.1522264702431566,0.4147528387262016,0.3444703752420976,0.15329670329670333,-0.4377774197175972,0.9999999868959432,0.9349006645933042,0.5686098786489607,homoscedastic,linear
1,dinov2_b|2,vit_sup_b16|2,10.0,0.1,546,102,768,768,0.5818625607293354,0.4666666666666667,0.5818625607293354,,0.5176378427131664,0.5443524289251259,0.8528354469134118,0.47710622710622713,-0.06196755084621863,0.9999999991740963,0.9810416374304015,0.7475745140111527,homoscedastic,linear
1,mae_b16|2,vit_sup_b16|2,10.0,0.1,546,102,768,768,0.3003180564390457,0.31666666666666665,0.3003180564390457,,0.20416342997222445,0.5102877145052505,0.3605276784573876,0.15000000000000002,-0.3575282335274155,0.999999987158954,0.9393495850404716,0.5735429530511271,homoscedastic,linear
1,clip_b16|2,convnext_s|2,10.0,0.25,546,256,768,768,0.3761715449209581,0.4,0.3761715449209581,,0.251442612304638,0.38418850849483477,0.5672714635047873,0.31849816849816853,-0.4093024771550008,0.9999999983387862,0.9703599206025643,0.6597910638633175,homoscedastic,linear
1,clip_b16|2,dinov2_b|2,10.0,0.25,546,256,768,768,0.3885113569759916,0.36666666666666664,0.3885113569759916,,0.26975368016988976,0.5112268419704601,0.6657818422588262,0.3747252747252748,-0.2485819357696657,0.9999999981587735,0.96862912934914,0.6798944803275999,homoscedastic,linear
1,clip_b16|2,mae_b16|2,10.0,0.25,546,256,768,768,0.3105395292764702,0.4166666666666667,0.3105395292764702,,0.2062628424123752,0.6542303423546486,0.46237352792048597,0.1796703296703297,-0.31087611788627467,0.9999999863486184,0.9291658486968665,0.5530832167895942,homoscedastic,linear
1,clip_b16|2,vit_sup_b16|2,10.0,0.25,546,256,768,768,0.4392466090183583,0.5166666666666667,0.4392466090183583,,0.3075151760955012,0.5874669171006573,0.6535840790115016,0.3578754578754579,-0.20631190273827515,0.9999999985071567,0.9733017987012058,0.6869515843508677,homoscedastic,linear
1,convnext_s|2,dinov2_b|2,10.0,0.25,546,256,768,768,0.6873275203542232,0.4666666666666667,0.6873275203542232,,0.6338098520494301,0.49193204132160845,0.7441640498383629,0.4,-0.2767732724068923,0.9999999990061076,0.9782004308381347,0.7073714274922571,homoscedastic,linear
1,convnext_s|2,mae_b16|2,10.0,0.25,546,256,768,768,0.15428959524887567,0.38333333333333336,0.15428959524887567,,0.02364524239277454,0.4704174848458977,0.3189986729056186,0.13992673992673993,-0.49874347641097416,0.9999999869431876,0.9363213006241551,0.5535876665889629,homoscedastic,linear
1,convnext_s|2,vit_sup_b16|2,10.0,0.25,546,256,768,768,0.6715913099758609,0.5166666666666667,0.6715913099758609,,0.6012621412956856,0.6213608810723128,0.7835908860566992,0.46007326007326005,-0.12711949796166333,0.999999999387515,0.9830606908066439,0.7421722500101164,homoscedastic,linear
1,dinov2_b|2,mae_b16|2,10.0,0.25,546,256,768,768,0.2766663796288322,0.38333333333333336,0.2766663796288322,,0.1731988647670233,0.37804149235891743,0.3444703752420976,0.15329670329670333,-0.4377774197175972,0.9999999868959432,0.9349006645933042,0.5686098786489607,homoscedastic,linear
1,dinov2_b|2,vit_sup_b16|2,10.0,0.25,546,256,768,768,0.6567057130714252,0.5166666666666667,0.6567057130714252,,0.5897924118538087,0.6129087338854263,0.8528354469134118,0.47710622710622713,-0.06196755084621863,0.9999999991740963,0.9810416374304015,0.7475745140111527,homoscedastic,linear
1,mae_b16|2,vit_sup_b16|2,10.0,0.25,546,256,768,768,0.2889229136747602,0.4166666666666667,0.2889229136747602,,0.17786524661187092,0.4870656535473405,0.3605276784573876,0.15000000000000002,-0.3575282335274155,0.999999987158954,0.9393495850404716,0.5735429530511271,homoscedastic,linear
1,clip_b16|2,convnext_s|2,10.0,1.0,546,1024,768,768,0.3626798963330453,0.38333333333333336,0.3626798963330453,,0.2409173304305717,0.33748826090668493,0.5672714635047873,0.31849816849816853,-0.4093024771550008,0.9999999983387862,0.9703599206025643,0.6597910638633175,homoscedastic,linear
1,clip_b16|2,dinov2_b|2,10.0,1.0,546,1024,768,768,0.4112868091300253,0.4666666666666667,0.4112868091300253,,0.2907341687085825,0.5743191325877229,0.6657818422588262,0.3747252747252748,-0.2485819357696657,0.9999999981587735,0.96862912934914,0.6798944803275999,homoscedastic,linear
1,clip_b16|2,mae_b16|2,10.0,1.0,546,1024,768,768,0.3208235578432162,0.4166666666666667,0.3208235578432162,,0.22335470372004568,0.5899427985998463,0.46237352792048597,0.1796703296703297,-0.31087611788627467,0.9999999863486184,0.9291658486968665,0.5530832167895942,homoscedastic,linear
1,clip_b16|2,vit_sup_b16|2,10.0,1.0,546,1024,768,768,0.4490124694790819,0.4666666666666667,0.4490124694790819,,0.3267054289765877,0.5357295312900197,0.6535840790115016,0.3578754578754579,-0.20631190273827515,0.9999999985071567,0.9733017987012058,0.6869515843508677,homoscedastic,linear
1,convnext_s|2,dinov2_b|2,10.0,1.0,546,1024,768,768,0.7163801566115461,0.6,0.7163801566115461,,0.6634486030423141,0.5039699479211133,0.7441640498383629,0.4,-0.2767732724068923,0.9999999990061076,0.9782004308381347,0.7073714274922571,homoscedastic,linear
1,convnext_s|2,mae_b16|2,10.0,1.0,546,1024,768,768,0.1443466231850644,0.4166666666666667,0.1443466231850644,,0.010994734733977078,0.37667548877315804,0.3189986729056186,0.13992673992673993,-0.49874347641097416,0.9999999869431876,0.9363213006241551,0.5535876665889629,homoscedastic,linear
1,convnext_s|2,vit_sup_b16|2,10.0,1.0,546,1024,768,768,0.6884930235917321,0.5,0.6884930235917321,,0.622399989149645,0.6581576026637069,0.7835908860566992,0.46007326007326005,-0.12711949796166333,0.999999999387515,0.9830606908066439,0.7421722500101164,homoscedastic,linear
1,dinov2_b|2,mae_b16|2,10.0,1.0,546,1024,768,768,0.24805163347675963,0.38333333333333336,0.24805163347675963,,0.1270066867500321,0.3857252625288141,0.3444703752420976,0.15329670329670333,-0.4377774197175972,0.9999999868959432,0.9349006645933042,0.5686098786489607,homoscedastic,linear
1,dinov2_b|2,vit_sup_b16|2,10.0,1.0,546,1024,768,768,0.6978488829135636,0.5166666666666667,0.6978488829135636,,0.6330673173379558,0.5630496030052078,0.8528354469134118,0.47710622710622713,-0.06196755084621863,0.9999999991740963,0.9810416374304015,0.7475745140111527,homoscedastic,linear
1,mae_b16|2,vit_sup_b16|2,10.0,1.0,546,1024,768,768,0.26591540532057034,0.4166666666666667,0.26591540532057034,,0.145913065759787,0.3777853666865875,0.3605276784573876,0.15000000000000002,-0.3575282335274155,0.999999987158954,0.9393495850404716,0.5735429530511271,homoscedastic,linear
2,clip_b16|2,convnext_s|2,0.1,0.1,546,102,768,768,0.3599997222214506,0.26666666666666666,0.24005606434280125,0.4893518980087852,0.2854948618683451,0.3570391872278665,0.5647178134432724,0.3402930402930403,-0.4213819893574795,0.9999999985048087,0.9710443500322161,0.6635724756678245,heteroscedastic,linear
2,clip_b16|2,dinov2_b|2,0.1,0.1,546,102,768,768,0.37205320014777815,0.3,0.23611847698937574,0.5227194976288679,0.3063895246822607,0.4833945189106121,0.6668575933984544,0.3661172161172161,-0.2551592342224722,0.9999999983537803,0.9695277585900708,0.6812710186185423,heteroscedastic,linear
2,clip_b16|2,mae_b16|2,0.1,0.1,546,102,768,768,0.23794227206186683,0.3333333333333333,0.08129527394267873,0.42217489546269116,0.14360969872983032,0.6775377785366685,0.4785925450494693,0.16575091575091574,-0.3201987070578953,0.9999999878293614,0.9308596120959302,0.5561636079020497,heteroscedastic,linear
2,clip_b16|2,vit_sup_b16|2,0.1,0.1,546,102,768,768,0.4652746257628493,0.36666666666666664,0.32602594278798797,0.5981338138991543,0.38876428238136423,0.5718432510885342,0.6523239913523439,0.35915750915750916,-0.20480816701895777,0.9999999986317321,0.9736949308324957,0.68950199472587,heteroscedastic,linear
2,convnext_s|2,dinov2_b|2,0.1,0.1,546,102,768,768,0.6075227431187309,0.43333333333333335,0.4382347819257732,0.7415121123085228,0.5736986665365791,0.44711004866387777,0.712780926505191,0.38956043956043956,-0.3025126704190809,0.9999999992032224,0.9798027434427358,0.7120509797877589,heteroscedastic,linear
2,convnext_s|2,mae_b16|2,0.1,0.1,546,102,768,768,0.09110491973588815,0.3,-0.013621608099173288,0.26419977328955513,-0.029848757864046362,0.4048493127294459,0.30914138982136935,0.13589743589743591,-0.5426005270302393,0.9999999885820784,0.9390882398110393,0.5543116771687077,heteroscedastic,linear
2,convnext_s|2,vit_sup_b16|2,0.1,0.1,546,102,768,768,0.6083772454923486,0.5666666666666667,0.4519004205544576,0.737138762263742,0.5417227869924369,0.6736958934517203,0.73880045125654,0.45146520146520147,-0.1389872957588647,0.9999999994792832,0.9840641398832125,0.7436357581543721,heteroscedastic,linear
2,dinov2_b|2,mae_b16|2,0.1,0.1,546,102,768,768,0.19996894435817872,0.3,0.22604429183722508,0.32034789078019055,0.11104922714190056,0.44557329462989836,0.3442621661121364,0.14340659340659342,-0.49745707207877354,0.9999999885086552,0.937798207563569,0.5697388875969354,heteroscedastic,linear
2,dinov2_b|2,vit_sup_b16|2,0.1,0.1,546,102,768,768,0.5951558198772774,0.43333333333333335,0.3866054816032361,0.7518863912014675,0.5512339836035677,0.5553658328353112,0.8423550389537641,0.4899267399267399,-0.08209427572731887,0.9999999993342811,0.9821753532110042,0.7496341080897437,heteroscedastic,linear
2,mae_b16|2,vit_sup_b16|2,0.1,0.1,546,102,768,768,0.2330135361487115,0.38333333333333336,0.1439929508020835,0.3930214626482115,0.12555552468649,0.49261504311448817,0.3542928284287094,0.1426739926739927,-0.42043042260145314,0.9999999886989687,0.9415711840813159,0.5741769813832642,heteroscedastic,linear
2,clip_b16|2,convnext_s|2,0.1,0.25,546,256,768,768,0.3662287395242764,0.2833333333333333,0.2047723343063781,0.5336992313683698,0.2847864532734347,0.21557244087765728,0.5647178134432724,0.3402930402930403,-0.4213819893574795,0.9999999985048087,0.9710443500322161,0.6635724756678245,heteroscedastic,linear
2,clip_b16|2,dinov2_b|2,0.1,0.25,546,256,768,768,0.4111930866474629,0.3333333333333333,0.2324015814328469,0.6020525142713359,0.33110689590375036,0.47528387262016564,0.6668575933984544,0.3661172161172161,-0.2551592342224722,0.9999999983537803,0.9695277585900708,0.6812710186185423,heteroscedastic,linear
2,clip_b16|2,mae_b16|2,0.1,0.25,546,256,768,768,0.3168907691410254,0.36666666666666664,0.1787777879816783,0.46353684491558955,0.23281412780391075,0.6110304789550073,0.4785925450494693,0.16575091575091574,-0.3201987070578953,0.9999999878293614,0.9308596120959302,0.5561636079020497,heteroscedastic,linear
2,clip_b16|2,vit_sup_b16|2,0.1,0.25,546,256,768,768,0.4626685074125206,0.4666666666666667,0.2821291223133964,0.6325274472398323,0.37400794540579707,0.5364125330828993,0.6523239913523439,0.35915750915750916,-0.20480816701895777,0.9999999986317321,0.9736949308324957,0.68950199472587,heteroscedastic,linear
2,convnext_s|2,dinov2_b|2,0.1,0.25,546,256,768,768,0.6757495993044424,0.43333333333333335,0.45780087094184535,0.8294700678260232,0.6340932154873943,0.4597455818321523,0.712780926505191,0.38956043956043956,-0.3025126704190809,0.9999999992032224,0.9798027434427358,0.7120509797877589,heteroscedastic,linear
2,convnext_s|2,mae_b16|2,0.1,0.25,546,256,768,768,0.13854849596804436,0.31666666666666665,0.02183788462240047,0.32603101168768023,0.018312380408196483,0.4051054384017757,0.30914138982136935,0.13589743589743591,-0.5426005270302393,0.9999999885820784,0.9390882398110393,0.5543116771687077,heteroscedastic,linear
2,convnext_s|2,vit_sup_b16|2,0.1,0.25,546,256,768,768,0.6650452917924771,0.55,0.4778356604516526,0.8091767182504142,0.6047108478830543,0.6878681806539741,0.73880045125654,0.45146520146520147,-0.1389872957588647,0.9999999994792832,0.9840641398832125,0.7436357581543721,heteroscedastic,linear
2,dinov2_b|2,mae_b16|2,0.1,0.25,546,256,768,768,0.26424417845605125,0.36666666666666664,0.27594795483581913,0.3778108059726668,0.16406538884777472,0.42252198412020825,0.3442621661121364,0.14340659340659342,-0.49745707207877354,0.9999999885086552,0.937798207563569,0.5697388875969354,heteroscedastic,linear
2,dinov2_b|2,vit_sup_b16|2,0.1,0.25,546,256,768,768,0.6560819335609265,0.5,0.3631776455743657,0.8569517973602949,0.6004380101644785,0.5031161956800136,0.8423550389537641,0.4899267399267399,-0.08209427572731887,0.9999999993342811,0.9821753532110042,0.7496341080897437,heteroscedastic,linear
2,mae_b16|2,vit_sup_b16|2,0.1,0.25,546,256,768,768,0.2828205633904538,0.4,0.17752049171857628,0.44437006584321453,0.17638994834195565,0.4529155639033552,0.3542928284287094,0.1426739926739927,-0.42043042260145314,0.9999999886989687,0.9415711840813159,0.5741769813832642,heteroscedastic,linear
2,clip_b16|2,convnext_s|2,0.1,1.0,546,1024,768,768,0.36764813235592314,0.36666666666666664,0.18399962906525344,0.5406407376718865,0.2522673267882651,0.26730982668829506,0.5647178134432724,0.3402930402930403,-0.4213819893574795,0.9999999985048087,0.9710443500322161,0.6635724756678245,heteroscedastic,linear
2,clip_b16|2,dinov2_b|2,0.1,1.0,546,1024,768,768,0.428231633976761,0.4,0.28169960000510397,0.5827695593612451,0.31648669879917635,0.5487919405788441,0.6668575933984544,0.3661172161172161,-0.2551592342224722,0.9999999983537803,0.9695277585900708,0.6812710186185423,heteroscedastic,linear
2,clip_b16|2,mae_b16|2,0.1,1.0,546,1024,768,768,0.34557268214633924,0.36666666666666664,0.18141171222867986,0.43145444050023746,0.2465899951997388,0.5870400409801075,0.4785925450494693,0.16575091575091574,-0.3201987070578953,0.9999999878293614,0.9308596120959302,0.5561636079020497,heteroscedastic,linear
2,clip_b16|2,vit_sup_b16|2,0.1,1.0,546,1024,768,768,0.44727474242984,0.48333333333333334,0.2342030590974173,0.6370219999614609,0.3245737863152377,0.5857594126184581,0.6523239913523439,0.35915750915750916,-0.20480816701895777,0.9999999986317321,0.9736949308324957,0.68950199472587,heteroscedastic,linear
2,convnext_s|2,dinov2_b|2,0.1,1.0,546,1024,768,768,0.705727682576896,0.6,0.5437470268160302,0.8204932502117556,0.6514558252369487,0.513873473917869,0.712780926505191,0.38956043956043956,-0.3025126704190809,0.9999999992032224,0.9798027434427358,0.7120509797877589,heteroscedastic,linear
2,convnext_s|2,mae_b16|2,0.1,1.0,546,1024,768,768,0.16521551448754024,0.43333333333333335,0.1150366774310828,0.24723698390769155,0.03207067431237516,0.47221036455220694,0.30914138982136935,0.13589743589743591,-0.5426005270302393,0.9999999885820784,0.9390882398110393,0.5543116771687077,heteroscedastic,linear
2,convnext_s|2,vit_sup_b16|2,0.1,1.0,546,1024,768,768,0.6567518798663329,0.5333333333333333,0.4722292261715311,0.8066700011366241,0.5825096944057305,0.602236830871681,0.73880045125654,0.45146520146520147,-0.1389872957588647,0.9999999994792832,0.9840641398832125,0.7436357581543721,heteroscedastic,linear
2,dinov2_b|2,mae_b16|2,0.1,1.0,546,1024,768,768,0.23605243347898183,0.36666666666666664,0.24583286981466387,0.2783626132749326,0.11267437406467644,0.42679074532570643,0.3442621661121364,0.14340659340659342,-0.49745707207877354,0.9999999885086552,0.937798207563569,0.5697388875969354,heteroscedastic,linear
2,dinov2_b|2,vit_sup_b16|2,0.1,1.0,546,1024,768,768,0.667411187253298,0.55,0.4351479722323712,0.8369522386050632,0.5960124070309426,0.5504994450610432,0.8423550389537641,0.4899267399267399,-0.08209427572731887,0.9999999993342811,0.9821753532110042,0.7496341080897437,heteroscedastic,linear
2,mae_b16|2,vit_sup_b16|2,0.1,1.0,546,1024,768,768,0.2677045769571582,0.43333333333333335,0.19544469127500017,0.33959956758012705,0.14355282186889054,0.5388884145820884,0.3542928284287094,0.1426739926739927,-0.42043042260145314,0.9999999886989687,0.9415711840813159,0.5741769813832642,heteroscedastic,linear
2,clip_b16|2,convnext_s|2,1.0,0.1,546,102,768,768,0.3633150092083589,0.26666666666666666,0.24156136930274152,0.4919948983168187,0.29020360968268766,0.3601126952958251,0.5647178134432724,0.3402930402930403,-0.4213819893574795,0.9999999985048087,0.9710443500322161,0.6635724756678245,heteroscedastic,linear
2,clip_b16|2,dinov2_b|2,1.0,0.1,546,102,768,768,0.3750584862735729,0.3,0.23619467676289707,0.5242487738003379,0.31029660043356216,0.4823700162212925,0.6668575933984544,0.3661172161172161,-0.2551592342224722,0.9999999983537803,0.9695277585900708,0.6812710186185423,heteroscedastic,linear
2,clip_b16|2,mae_b16|2,1.0,0.1,546,102,768,768,0.2367433242870119,0.3333333333333333,0.07956748002137189,0.4220849708959977,0.14309015048086107,0.6787330316742081,0.4785925450494693,0.16575091575091574,-0.3201987070578953,0.9999999878293614,0.9308596120959302,0.5561636079020497,heteroscedastic,linear
2,clip_b16|2,vit_sup_b16|2,1.0,0.1,546,102,768,768,0.46637829549526527,0.36666666666666664,0.3261912819192135,0.5973904002453096,0.39100552237860203,0.5726116281055238,0.6523239913523439,0.35915750915750916,-0.20480816701895777,0.9999999986317321,0.9736949308324957,0.68950199472587,heteroscedastic,linear
2,convnext_s|2,dinov2_b|2,1.0,0.1,546,102,768,768,0.6094122483673565,0.43333333333333335,0.43997803146152065,0.7421784477623444,0.5761257771986061,0.458038077349953,0.712780926505191,0.38956043956043956,-0.3025126704190809,0.9999999992032224,0.9798027434427358,0.7120509797877589,heteroscedastic,linear
2,convnext_s|2,mae_b16|2,1.0,0.1,546,102,768,768,0.09592682201895004,0.3,-0.01140822033811493,0.2681748859675506,-0.02408800687947509,0.40186117988559716,0.30914138982136935,0.13589743589743591,-0.5426005270302393,0.9999999885820784,0.9390882398110393,0.5543116771687077,heteroscedastic,linear
2,convnext_s|2,vit_sup_b16|2,1.0,0.1,546,102,768,768,0.6099510276417434,0.5666666666666667,0.45159741862484215,0.7383563744090321,0.5438074697839854,0.6723298898659609,0.73880045125654,0.45146520146520147,-0.1389872957588647,0.9999999994792832,0.9840641398832125,0.7436357581543721,heteroscedastic,linear
2,dinov2_b|2,mae_b16|2,1.0,0.1,546,102,768,768,0.20754568762691003,0.3,0.22942619593657523,0.3264253392906962,0.12000179089192911,0.4420729104413899,0.3442621661121364,0.14340659340659342,-0.49745707207877354,0.9999999885086552,0.937798207563569,0.5697388875969354,heteroscedastic,linear
2,dinov2_b|2,vit_sup_b16|2,1.0,0.1,546,102,768,768,0.5974281039669554,0.43333333333333335,0.3867607566134305,0.7529358835046787,0.5542039766113598,0.555451208059421,0.8423550389537641,0.4899267399267399,-0.08209427572731887,0.9999999993342811,0.9821753532110042,0.7496341080897437,heteroscedastic,linear
2,mae_b16|2,vit_sup_b16|2,1.0,0.1,546,102,768,768,0.2384491623587843,0.38333333333333336,0.14697085232861298,0.3989866450847706,0.13204794544371498,0.49048066251173905,0.3542928284287094,0.1426739926739927,-0.42043042260145314,0.9999999886989687,0.9415711840813159,0.5741769813832642,heteroscedastic,linear
2,clip_b16|2,convnext_s|2,1.0,0.25,546,256,768,768,0.3712506423628954,0.3,0.20729088059441578,0.536245604657534,0.29349437360236963,0.20874242294886022,0.5647178134432724,0.3402930402930403,-0.4213819893574795,0.9999999985048087,0.9710443500322161,0.6635724756678245,heteroscedastic,linear
2,clip_b16|2,dinov2_b|2,1.0,0.25,546,256,768,768,0.4185876071877977,0.3333333333333333,0.2368869445166805,0.6048317977736128,0.34204453501963017,0.4666609749850593,0.6668575933984544,0.3661172161172161,-0.2551592342224722,0.9999999983537803,0.9695277585900708,0.6812710186185423,heteroscedastic,linear
2,clip_b16|2,mae_b16|2,1.0,0.25,546,256,768,768,0.3216358378773274,0.36666666666666664,0.18304605359755488,0.47199869078767487,0.24038502134741724,0.5940408093571246,0.4785925450494693,0.16575091575091574,-0.3201987070578953,0.9999999878293614,0.9308596120959302,0.5561636079020497,heteroscedastic,linear
2,clip_b16|2,vit_sup_b16|2,1.0,0.25,546,256,768,768,0.46624468401301106,0.48333333333333334,0.2797162492961855,0.6346130269419028,0.3801185620042006,0.5396567915990779,0.6523239913523439,0.35915750915750916,-0.20480816701895777,0.9999999986317321,0.9736949308324957,0.68950199472587,heteroscedastic,linear
2,convnext_s|2,dinov2_b|2,1.0,0.25,546,256,768,768,0.6793723315898099,0.43333333333333335,0.4581955282594229,0.8316645623759523,0.6390928374021071,0.46298984034833085,0.712780926505191,0.38956043956043956,-0.3025126704190809,0.9999999992032224,0.9798027434427358,0.7120509797877589,heteroscedastic,linear
2,convnext_s|2,mae_b16|2,1.0,0.25,546,256,768,768,0.15060619612832257,0.31666666666666665,0.022151669538835017,0.34335405787399886,0.03359453667124672,0.4029710577990267,0.30914138982136935,0.13589743589743591,-0.5426005270302393,0.9999999885820784,0.9390882398110393,0.5543116771687077,heteroscedastic,linear
2,convnext_s|2,vit_sup_b16|2,1.0,0.25,546,256,768,768,0.6682168561579336,0.55,0.47865085425517334,0.8116806426757975,0.6095414434341024,0.6853069239306752,0.73880045125654,0.45146520146520147,-0.1389872957588647,0.9999999994792832,0.9840641398832125,0.7436357581543721,heteroscedastic,linear
2,dinov2_b|2,mae_b16|2,1.0,0.25,546,256,768,768,0.2784660512945869,0.4,0.2752172277623811,0.3954404893460333,0.18228902676909461,0.4169725945530607,0.3442621661121364,0.14340659340659342,-0.49745707207877354,0.9999999885086552,0.937798207563569,0.5697388875969354,heteroscedastic,linear
2,dinov2_b|2,vit_sup_b16|2,1.0,0.25,546,256,768,768,0.6590798863330175,0.48333333333333334,0.36289585018549436,0.8588910401898581,0.6050410982717674,0.5049944506104329,0.8423550389537641,0.4899267399267399,-0.08209427572731887,0.9999999993342811,0.9821753532110042,0.7496341080897437,heteroscedastic,linear
2,mae_b16|2,vit_sup_b16|2,1.0,0.25,546,256,768,768,0.294712596423879,0.4,0.17708917224581402,0.4646757032478128,0.1914709209391945,0.45607444719542384,0.3542928284287094,0.1426739926739927,-0.42043042260145314,0.9999999886989687,0.9415711840813159,0.5741769813832642,heteroscedastic,linear
2,clip_b16|2,convnext_s|2,1.0,1.0,546,1024,768,768,0.362342728729802,0.35,0.17015283625800887,0.5463350293330026,0.25299236092714245,0.22769572270127209,0.5647178134432724,0.3402930402930403,-0.4213819893574795,0.9999999985048087,0.9710443500322161,0.6635724756678245,heteroscedastic,linear
2,clip_b16|2,dinov2_b|2,1.0,1.0,546,1024,768,768,0.4326433684538012,0.38333333333333336,0.2877883932289313,0.5835034778745071,0.32821922850621604,0.5668061128660463,0.6668575933984544,0.3661172161172161,-0.2551592342224722,0.9999999983537803,0.9695277585900708,0.6812710186185423,heteroscedastic,linear
2,clip_b16|2,mae_b16|2,1.0,1.0,546,1024,768,768,0.3222595618321161,0.38333333333333336,0.1749918813095075,0.42810768271373345,0.22406340399116603,0.5593784683684794,0.4785925450494693,0.16575091575091574,-0.3201987070578953,0.9999999878293614,0.9308596120959302,0.5561636079020497,heteroscedastic,linear
2,clip_b16|2,vit_sup_b16|2,1.0,1.0,546,1024,768,768,0.43602004450012355,0.45,0.2183351751273875,0.6289857598025458,0.31719831583239616,0.5545120805942114,0.6523239913523439,0.35915750915750916,-0.20480816701895777,0.9999999986317321,0.9736949308324957,0.68950199472587,heteroscedastic,linear
2,convnext_s|2,dinov2_b|2,1.0,1.0,546,1024,768,768,0.7047887355242652,0.5833333333333334,0.5412205730043252,0.8194957019129077,0.6540097421312504,0.4765645009818151,0.712780926505191,0.38956043956043956,-0.3025126704190809,0.9999999992032224,0.9798027434427358,0.7120509797877589,heteroscedastic,linear
2,convnext_s|2,mae_b16|2,1.0,1.0,546,1024,768,768,0.1856710713085314,0.45,0.12680810470855294,0.28925577367382904,0.06241703179059224,0.4421582856654998,0.30914138982136935,0.13589743589743591,-0.5426005270302393,0.9999999885820784,0.9390882398110393,0.5543116771687077,heteroscedastic,linear
2,convnext_s|2,vit_sup_b16|2,1.0,1.0,546,1024,768,768,0.6513857538493162,0.5333333333333333,0.46008291038565174,0.8020615067280052,0.5786814441501675,0.5870400409801075,0.73880045125654,0.45146520146520147,-0.1389872957588647,0.9999999994792832,0.9840641398832125,0.7436357581543721,heteroscedastic,linear
2,dinov2_b|2,mae_b16|2,1.0,1.0,546,1024,768,768,0.24368123244786788,0.38333333333333336,0.23659256897652028,0.3079896860431766,0.12755161082926683,0.40963032527960386,0.3442621661121364,0.14340659340659342,-0.49745707207877354,0.9999999885086552,0.937798207563569,0.5697388875969354,heteroscedastic,linear
2,dinov2_b|2,vit_sup_b16|2,1.0,1.0,546,1024,768,768,0.6684854680151888,0.55,0.4324637273802141,0.836446203465782,0.6009031608002925,0.5551950823870913,0.8423550389537641,0.4899267399267399,-0.08209427572731887,0.9999999993342811,0.9821753532110042,0.7496341080897437,heteroscedastic,linear
2,mae_b16|2,vit_sup_b16|2,1.0,1.0,546,1024,768,768,0.2698881385781627,0.48333333333333334,0.18217982032309066,0.3703766694342209,0.15093886561434267,0.502347818663024,0.3542928284287094,0.1426739926739927,-0.42043042260145314,0.9999999886989687,0.9415711840813159,0.5741769813832642,heteroscedastic,linear
2,clip_b16|2,convnext_s|2,10.0,0.1,546,102,768,768,0.36360478779107713,0.26666666666666666,0.2417985950127608,0.4921529644806339,0.2906142168672415,0.3623324511226842,0.5647178134432724,0.3402930402930403,-0.4213819893574795,0.9999999985048087,0.9710443500322161,0.6635724756678245,heteroscedastic,linear
2,clip_b16|2,dinov2_b|2,10.0,0.1,546,102,768,768,0.37546137628160076,0.3,0.23651457203852908,0.5247073332367063,0.31081709663021373,0.4814308887560829,0.6668575933984544,0.3661172161172161,-0.2551592342224722,0.9999999983537803,0.9695277585900708,0.6812710186185423,heteroscedastic,linear
2,clip_b16|2,mae_b16|2,10.0,0.1,546,102,768,768,0.23680465779071608,0.3333333333333333,0.0795124867885947,0.422627310984565,0.14316051736651092,0.6751472722615897,0.4785925450494693,0.16575091575091574,-0.3201987070578953,0.9999999878293614,0.9308596120959302,0.5561636079020497,heteroscedastic,linear
2,clip_b16|2,vit_sup_b16|2,10.0,0.1,546,102,768,768,0.46638185106069735,0.36666666666666664,0.32638357851748667,0.5973602392105181,0.39112292205310595,0.5731238794501835,0.6523239913523439,0.35915750915750916,-0.20480816701895777,0.9999999986317321,0.9736949308324957,0.68950199472587,heteroscedastic,linear
2,convnext_s|2,dinov2_b|2,10.0,0.1,546,102,768,768,0.6096272489645804,0.43333333333333335,0.4402012392886751,0.7423488017551487,0.576410453179515,0.458038077349953,0.712780926505191,0.38956043956043956,-0.3025126704190809,0.9999999992032224,0.9798027434427358,0.7120509797877589,heteroscedastic,linear
2,convnext_s|2,mae_b16|2,10.0,0.1,546,102,768,768,0.09673521315336987,0.3,-0.010961445250912017,0.26945002749401736,-0.02334656595378814,0.3992999231622983,0.30914138982136935,0.13589743589743591,-0.5426005270302393,0.9999999885820784,0.9390882398110393,0.5543116771687077,heteroscedastic,linear
2,convnext_s|2,vit_sup_b16|2,10.0,0.1,546,102,768,768,0.6100152500423611,0.5666666666666667,0.4515693828591126,0.7381363105625898,0.5439292446016385,0.6723298898659609,0.73880045125654,0.45146520146520147,-0.1389872957588647,0.9999999994792832,0.9840641398832125,0.7436357581543721,heteroscedastic,linear
2,dinov2_b|2,mae_b16|2,10.0,0.1,546,102,768,768,0.2087410798363329,0.3,0.22977197038057293,0.32809592549554156,0.12118446500421436,0.44173140954495005,0.3442621661121364,0.14340659340659342,-0.49745707207877354,0.9999999885086552,0.937798207563569,0.5697388875969354,heteroscedastic,linear
2,dinov2_b|2,vit_sup_b16|2,10.0,0.1,546,102,768,768,0.5976031044530677,0.43333333333333335,0.38679454330546353,0.7529213615249641,0.5544470887323512,0.555451208059421,0.8423550389537641,0.4899267399267399,-0.08209427572731887,0.9999999993342811,0.9821753532110042,0.7496341080897437,heteroscedastic,linear
2,mae_b16|2,vit_sup_b16|2,10.0,0.1,546,102,768,768,0.23924255345153736,0.38333333333333336,0.1470014041246003,0.4002076084561487,0.1327171965074399,0.48723640399556045,0.3542928284287094,0.1426739926739927,-0.42043042260145314,0.9999999886989687,0.9415711840813159,0.5741769813832642,heteroscedastic,linear
2,clip_b16|2,convnext_s|2,10.0,0.25,546,256,768,768,0.37176086600240554,0.3,0.20750474316632703,0.5361405995734447,0.2944095806301329,0.2100230513105097,0.5647178134432724,0.3402930402930403,-0.4213819893574795,0.9999999985048087,0.9710443500322161,0.6635724756678245,heteroscedastic,linear
2,clip_b16|2,dinov2_b|2,10.0,0.25,546,256,768,768,0.4192180533834816,0.3333333333333333,0.23710547971621337,0.6052183058490903,0.342976148834203,0.46956373260479806,0.6668575933984544,0.3661172161172161,-0.2551592342224722,0.9999999983537803,0.9695277585900708,0.6812710186185423,heteroscedastic,linear
2,clip_b16|2,mae_b16|2,10.0,0.25,546,256,768,768,0.32254767374353815,0.36666666666666664,0.1832322398366306,0.4738245504679289,0.2416630006613029,0.5964313156322035,0.4785925450494693,0.16575091575091574,-0.3201987070578953,0.9999999878293614,0.9308596120959302,0.5561636079020497,heteroscedastic,linear
2,clip_b16|2,vit_sup_b16|2,10.0,0.25,546,256,768,768,0.46649351803755007,0.48333333333333334,0.2793366881601547,0.6351078913275573,0.3806999456096788,0.5403397933919576,0.6523239913523439,0.35915750915750916,-0.20480816701895777,0.9999999986317321,0.9736949308324957,0.68950199472587,heteroscedastic,linear
2,convnext_s|2,dinov2_b|2,10.0,0.25,546,256,768,768,0.6800065555737653,0.43333333333333335,0.4586433816453077,0.8319002652774716,0.6399362191631708,0.4619653376590113,0.712780926505191,0.38956043956043956,-0.3025126704190809,0.9999999992032224,0.9798027434427358,0.7120509797877589,heteroscedastic,linear
2,convnext_s|2,mae_b16|2,10.0,0.25,546,256,768,768,0.15202864452401257,0.31666666666666665,0.02170130012269242,0.3450335806817455,0.03536982392309316,0.409288824383164,0.30914138982136935,0.13589743589743591,-0.5426005270302393,0.9999999885820784,0.9390882398110393,0.5543116771687077,heteroscedastic,linear
2,convnext_s|2,vit_sup_b16|2,10.0,0.25,546,256,768,768,0.6683833010647252,0.55,0.47891252140198237,0.8112477759727701,0.6098427449589784,0.6829164176555963,0.73880045125654,0.45146520146520147,-0.1389872957588647,0.9999999994792832,0.9840641398832125,0.7436357581543721,heteroscedastic,linear
2,dinov2_b|2,mae_b16|2,10.0,0.25,546,256,768,768,0.2798950552640424,0.4,0.274018159628102,0.39726802463933125,0.18416895286125978,0.41185008110646293,0.3442621661121364,0.14340659340659342,-0.49745707207877354,0.9999999885086552,0.937798207563569,0.5697388875969354,heteroscedastic,linear
2,dinov2_b|2,vit_sup_b16|2,10.0,0.25,546,256,768,768,0.6594107205853349,0.48333333333333334,0.36274237233976986,0.8589636500884305,0.6055052280408466,0.5064458294203021,0.8423550389537641,0.4899267399267399,-0.08209427572731887,0.9999999993342811,0.9821753532110042,0.7496341080897437,heteroscedastic,linear
2,mae_b16|2,vit_sup_b16|2,10.0,0.25,546,256,768,768,0.2957578771052141,0.4,0.17586961643657872,0.4671444397992727,0.1929260935506234,0.46000170750448216,0.3542928284287094,0.1426739926739927,-0.42043042260145314,0.9999999886989687,0.9415711840813159,0.5741769813832642,heteroscedastic,linear
2,clip_b16|2,convnext_s|2,10.0,1.0,546,1024,768,768,0.3588756635435098,0.35,0.16126981171647,0.54766099778847,0.2513182853201479,0.22965935285580122,0.5647178134432724,0.3402930402930403,-0.4213819893574795,0.9999999985048087,0.9710443500322161,0.6635724756678245,heteroscedastic,linear
2,clip_b16|2,dinov2_b|2,10.0,1.0,546,1024,768,768,0.43132475367987133,0.36666666666666664,0.2841739360471835,0.5820049212755101,0.3285744901299323,0.5734653803466235,0.6668575933984544,0.3661172161172161,-0.2551592342224722,0.9999999983537803,0.9695277585900708,0.6812710186185423,heteroscedastic,linear
2,clip_b16|2,mae_b16|2,10.0,1.0,546,1024,768,768,0.31828038411217807,0.36666666666666664,0.17758626793817253,0.4269850219742687,0.2222073953482166,0.5173738581063775,0.4785925450494693,0.16575091575091574,-0.3201987070578953,0.9999999878293614,0.9308596120959302,0.5561636079020497,heteroscedastic,linear
2,clip_b16|2,vit_sup_b16|2,10.0,1.0,546,1024,768,768,0.43321209225581175,0.45,0.21570268861196182,0.6261562079089493,0.31574627874022426,0.5480235635618543,0.6523239913523439,0.35915750915750916,-0.20480816701895777,0.9999999986317321,0.9736949308324957,0.68950199472587,heteroscedastic,linear
2,convnext_s|2,dinov2_b|2,10.0,1.0,546,1024,768,768,0.7034493429148413,0.55,0.5388939638816669,0.8175648371485644,0.6536049684708957,0.46819772901903867,0.712780926505191,0.38956043956043956,-0.3025126704190809,0.9999999992032224,0.9798027434427358,0.7120509797877589,heteroscedastic,linear
2,convnext_s|2,mae_b16|2,10.0,1.0,546,1024,768,768,0.19168119911444198,0.4166666666666667,0.12367025554420746,0.30081582806422846,0.07316880024168292,0.43660889609835224,0.30914138982136935,0.13589743589743591,-0.5426005270302393,0.9999999885820784,0.9390882398110393,0.5543116771687077,heteroscedastic,linear
2,convnext_s|2,vit_sup_b16|2,10.0,1.0,546,1024,768,768,0.6501360281556336,0.5333333333333333,0.4564055524474595,0.8017168889786273,0.5780310791210368,0.5932724323401349,0.73880045125654,0.45146520146520147,-0.1389872957588647,0.9999999994792832,0.9840641398832125,0.7436357581543721,heteroscedastic,linear
2,dinov2_b|2,mae_b16|2,10.0,1.0,546,1024,768,768,0.24341539837610654,0.38333333333333336,0.22928278221188175,0.3102914198279201,0.13075458020975458,0.39528728762913,0.3442621661121364,0.14340659340659342,-0.49745707207877354,0.9999999885086552,0.937798207563569,0.5697388875969354,heteroscedastic,linear
2,dinov2_b|2,vit_sup_b16|2,10.0,1.0,546,1024,768,768,0.6695979711054751,0.5333333333333333,0.43498910289323717,0.8359926708685456,0.6031751726376798,0.550926321181593,0.8423550389537641,0.4899267399267399,-0.08209427572731887,0.9999999993342811,0.9821753532110042,0.7496341080897437,heteroscedastic,linear
2,mae_b16|2,vit_sup_b16|2,10.0,1.0,546,1024,768,768,0.26788774413262256,0.48333333333333334,0.17249597929378988,0.37433614305713925,0.15148634186041443,0.5149833518312985,0.3542928284287094,0.1426739926739927,-0.42043042260145314,0.9999999886989687,0.9415711840813159,0.5741769813832642,heteroscedastic,linear
2,clip_b16|2,convnext_s|2,0.1,0.1,546,102,768,768,0.3633705649182359,0.26666666666666666,0.3633705649182359,,0.29026952850613585,0.360454196192265,0.5647178134432724,0.3402930402930403,-0.4213819893574795,0.9999999985048087,0.9710443500322161,0.6635724756678245,homoscedastic,linear
2,clip_b16|2,dinov2_b|2,0.1,0.1,546,102,768,768,0.375388987191631,0.3,0.375388987191631,,0.3107336043151162,0.4820285153248527,0.6668575933984544,0.3661172161172161,-0.2551592342224722,0.9999999983537803,0.9695277585900708,0.6812710186185423,homoscedastic,linear
2,clip_b16|2,mae_b16|2,0.1,0.1,546,102,768,768,0.23636048989024966,0.3333333333333333,0.23636048989024966,,0.14269536673069688,0.6777085289848886,0.4785925450494693,0.16575091575091574,-0.3201987070578953,0.9999999878293614,0.9308596120959302,0.5561636079020497,homoscedastic,linear
2,clip_b16|2,vit_sup_b16|2,0.1,0.1,546,102,768,768,0.46665729627026736,0.36666666666666664,0.46665729627026736,,0.391379159603545,0.5723555024331938,0.6523239913523439,0.35915750915750916,-0.20480816701895777,0.9999999986317321,0.9736949308324957,0.68950199472587,homoscedastic,linear
2,convnext_s|2,dinov2_b|2,0.1,0.1,546,102,768,768,0.6095028597301659,0.43333333333333335,0.6095028597301659,,0.5762358849678614,0.458038077349953,0.712780926505191,0.38956043956043956,-0.3025126704190809,0.9999999992032224,0.9798027434427358,0.7120509797877589,homoscedastic,linear
2,convnext_s|2,mae_b16|2,0.1,0.1,546,102,768,768,0.09621943394287207,0.3,0.09621943394287207,,-0.023690743881526376,0.40237343123025693,0.30914138982136935,0.13589743589743591,-0.5426005270302393,0.9999999885820784,0.9390882398110393,0.5543116771687077,homoscedastic,linear
2,convnext_s|2,vit_sup_b16|2,0.1,0.1,546,102,768,768,0.6100768057689048,0.5666666666666667,0.6100768057689048,,0.5439918820677248,0.6723298898659609,0.73880045125654,0.45146520146520147,-0.1389872957588647,0.9999999994792832,0.9840641398832125,0.7436357581543721,homoscedastic,linear
2,dinov2_b|2,mae_b16|2,0.1,0.1,546,102,768,768,0.20848385689960247,0.3,0.20848385689960247,,0.12110396237026881,0.4458294203022283,0.3442621661121364,0.14340659340659342,-0.49745707207877354,0.9999999885086552,0.937798207563569,0.5697388875969354,homoscedastic,linear
2,dinov2_b|2,vit_sup_b16|2,0.1,0.1,546,102,768,768,0.5973941038725108,0.43333333333333335,0.5973941038725108,,0.5542390506756061,0.555451208059421,0.8423550389537641,0.4899267399267399,-0.08209427572731887,0.9999999993342811,0.9821753532110042,0.7496341080897437,homoscedastic,linear
2,mae_b16|2,vit_sup_b16|2,0.1,0.1,546,102,768,768,0.23879727443687343,0.38333333333333336,0.23879727443687343,,0.1324312809026387,0.49372492102791765,0.3542928284287094,0.1426739926739927,-0.42043042260145314,0.9999999886989687,0.9415711840813159,0.5741769813832642,homoscedastic,linear
2,clip_b16|2,convnext_s|2,0.1,0.25,546,256,768,768,0.37213258925719234,0.3,0.37213258925719234,,0.29452749073800427,0.21258430803380857,0.5647178134432724,0.3402930402930403,-0.4213819893574795,0.9999999985048087,0.9710443500322161,0.6635724756678245,homoscedastic,linear
2,clip_b16|2,dinov2_b|2,0.1,0.25,546,256,768,768,0.41913188647746236,0.3333333333333333,0.41913188647746236,,0.3429229179258876,0.4670024758814991,0.6668575933984544,0.3661172161172161,-0.2551592342224722,0.9999999983537803,0.9695277585900708,0.6812710186185423,homoscedastic,linear
2,clip_b16|2,mae_b16|2,0.1,0.25,546,256,768,768,0.32209556137655937,0.35,0.32209556137655937,,0.2408738706752895,0.6047980875949799,0.4785925450494693,0.16575091575091574,-0.3201987070578953,0.9999999878293614,0.9308596120959302,0.5561636079020497,homoscedastic,linear
2,clip_b16|2,vit_sup_b16|2,0.1,0.25,546,256,768,768,0.46709651971255467,0.48333333333333334,0.46709651971255467,,0.3811929513235428,0.5414496713053871,0.6523239913523439,0.35915750915750916,-0.20480816701895777,0.9999999986317321,0.9736949308324957,0.68950199472587,homoscedastic,linear
2,convnext_s|2,dinov2_b|2,0.1,0.25,546,256,768,768,0.6795779988277745,0.43333333333333335,0.6795779988277745,,0.6393976390415025,0.46162383676257146,0.712780926505191,0.38956043956043956,-0.3025126704190809,0.9999999992032224,0.9798027434427358,0.7120509797877589,homoscedastic,linear
2,convnext_s|2,mae_b16|2,0.1,0.25,546,256,768,768,0.15349970416584488,0.31666666666666665,0.15349970416584488,,0.03714474657967716,0.40023905062750786,0.30914138982136935,0.13589743589743591,-0.5426005270302393,0.9999999885820784,0.9390882398110393,0.5543116771687077,homoscedastic,linear
2,convnext_s|2,vit_sup_b16|2,0.1,0.25,546,256,768,768,0.668300245278459,0.55,0.668300245278459,,0.6097003340494714,0.6825749167591564,0.73880045125654,0.45146520146520147,-0.1389872957588647,0.9999999994792832,0.9840641398832125,0.7436357581543721,homoscedastic,linear
2,dinov2_b|2,mae_b16|2,0.1,0.25,546,256,768,768,0.28072311311975867,0.4,0.28072311311975867,,0.18528643734062175,0.4151797148467514,0.3442621661121364,0.14340659340659342,-0.49745707207877354,0.9999999885086552,0.937798207563569,0.5697388875969354,homoscedastic,linear
2,dinov2_b|2,vit_sup_b16|2,0.1,0.25,546,256,768,768,0.6592712757535437,0.48333333333333334,0.6592712757535437,,0.6054539659469483,0.5081533339025015,0.8423550389537641,0.4899267399267399,-0.08209427572731887,0.9999999993342811,0.9821753532110042,0.7496341080897437,homoscedastic,linear
2,mae_b16|2,vit_sup_b16|2,0.1,0.25,546,256,768,768,0.29708171411587253,0.4,0.29708171411587253,,0.19448050899248692,0.46256296422778104,0.3542928284287094,0.1426739926739927,-0.42043042260145314,0.9999999886989687,0.9415711840813159,0.5741769813832642,homoscedastic,linear
2,clip_b16|2,convnext_s|2,0.1,1.0,546,1024,768,768,0.39184247734021477,0.35,0.39184247734021477,,0.2918291941197785,0.281396738666439,0.5647178134432724,0.3402930402930403,-0.4213819893574795,0.9999999985048087,0.9710443500322161,0.6635724756678245,homoscedastic,linear
2,clip_b16|2,dinov2_b|2,0.1,1.0,546,1024,768,768,0.465484737457604,0.36666666666666664,0.465484737457604,,0.37201608856806456,0.5644156065909672,0.6668575933984544,0.3661172161172161,-0.2551592342224722,0.9999999983537803,0.9695277585900708,0.6812710186185423,homoscedastic,linear
2,clip_b16|2,mae_b16|2,0.1,1.0,546,1024,768,768,0.3104048622357284,0.38333333333333336,0.3104048622357284,,0.211591475091909,0.5938700589089045,0.4785925450494693,0.16575091575091574,-0.3201987070578953,0.9999999878293614,0.9308596120959302,0.5561636079020497,homoscedastic,linear
2,clip_b16|2,vit_sup_b16|2,0.1,1.0,546,1024,768,768,0.4683723010341695,0.48333333333333334,0.4683723010341695,,0.35642322422236755,0.6271663963117903,0.6523239913523439,0.35915750915750916,-0.20480816701895777,0.9999999986317321,0.9736949308324957,0.68950199472587,homoscedastic,linear
2,convnext_s|2,dinov2_b|2,0.1,1.0,546,1024,768,768,0.7217007825021735,0.5666666666666667,0.7217007825021735,,0.6799569660919843,0.502347818663024,0.712780926505191,0.38956043956043956,-0.3025126704190809,0.9999999992032224,0.9798027434427358,0.7120509797877589,homoscedastic,linear
2,convnext_s|2,mae_b16|2,0.1,1.0,546,1024,768,768,0.17995516654212926,0.43333333333333335,0.17995516654212926,,0.05813252702361856,0.4597455818321523,0.30914138982136935,0.13589743589743591,-0.5426005270302393,0.9999999885820784,0.9390882398110393,0.5543116771687077,homoscedastic,linear
2,convnext_s|2,vit_sup_b16|2,0.1,1.0,546,1024,768,768,0.6842617340603723,0.5,0.6842617340603723,,0.6243084265913327,0.5805515239477503,0.73880045125654,0.45146520146520147,-0.1389872957588647,0.9999999994792832,0.9840641398832125,0.7436357581543721,homoscedastic,linear
2,dinov2_b|2,mae_b16|2,0.1,1.0,546,1024,768,768,0.276277711882533,0.4,0.276277711882533,,0.1699303411583498,0.4184239733629301,0.3442621661121364,0.14340659340659342,-0.49745707207877354,0.9999999885086552,0.937798207563569,0.5697388875969354,homoscedastic,linear
2,dinov2_b|2,vit_sup_b16|2,0.1,1.0,546,1024,768,768,0.7007278353550982,0.5333333333333333,0.7007278353550982,,0.6481950310478388,0.5555365832835312,0.8423550389537641,0.4899267399267399,-0.08209427572731887,0.9999999993342811,0.9821753532110042,0.7496341080897437,homoscedastic,linear
2,mae_b16|2,vit_sup_b16|2,0.1,1.0,546,1024,768,768,0.28017755604876676,0.4666666666666667,0.28017755604876676,,0.16317672435511668,0.530180141722872,0.3542928284287094,0.1426739926739927,-0.42043042260145314,0.9999999886989687,0.9415711840813159,0.5741769813832642,homoscedastic,linear
2,clip_b16|2,convnext_s|2,1.0,0.1,546,102,768,768,0.36359867666299067,0.26666666666666666,0.36359867666299067,,0.2906379155592997,0.3623324511226842,0.5647178134432724,0.3402930402930403,-0.4213819893574795,0.9999999985048087,0.9710443500322161,0.6635724756678245,homoscedastic,linear
2,clip_b16|2,dinov2_b|2,1.0,0.1,546,102,768,768,0.37555226542295944,0.3,0.37555226542295944,,0.31093836101449945,0.4814308887560829,0.6668575933984544,0.3661172161172161,-0.2551592342224722,0.9999999983537803,0.9695277585900708,0.6812710186185423,homoscedastic,linear
2,clip_b16|2,mae_b16|2,1.0,0.1,546,102,768,768,0.23678187994966648,0.3333333333333333,0.23678187994966648,,0.14315475676136447,0.6751472722615897,0.4785925450494693,0.16575091575091574,-0.3201987070578953,0.9999999878293614,0.9308596120959302,0.5561636079020497,homoscedastic,linear
2,clip_b16|2,vit_sup_b16|2,1.0,0.1,546,102,768,768,0.46639707332520364,0.36666666666666664,0.46639707332520364,,0.3911523813503107,0.5731238794501835,0.6523239913523439,0.35915750915750916,-0.20480816701895777,0.9999999986317321,0.9736949308324957,0.68950199472587,homoscedastic,linear
2,convnext_s|2,dinov2_b|2,1.0,0.1,546,102,768,768,0.6096453045702903,0.43333333333333335,0.6096453045702903,,0.5764235056899101,0.458038077349953,0.712780926505191,0.38956043956043956,-0.3025126704190809,0.9999999992032224,0.9798027434427358,0.7120509797877589,homoscedastic,linear
2,convnext_s|2,mae_b16|2,1.0,0.1,546,102,768,768,0.0968195467209631,0.3,0.0968195467209631,,-0.02325782346691156,0.3992999231622983,0.30914138982136935,0.13589743589743591,-0.5426005270302393,0.9999999885820784,0.9390882398110393,0.5543116771687077,homoscedastic,linear
2,convnext_s|2,vit_sup_b16|2,1.0,0.1,546,102,768,768,0.6100533612593367,0.5666666666666667,0.6100533612593367,,0.5439795587478545,0.6723298898659609,0.73880045125654,0.45146520146520147,-0.1389872957588647,0.9999999994792832,0.9840641398832125,0.7436357581543721,homoscedastic,linear
2,dinov2_b|2,mae_b16|2,1.0,0.1,546,102,768,768,0.208875580209945,0.3,0.208875580209945,,0.12137237740247316,0.44173140954495005,0.3442621661121364,0.14340659340659342,-0.49745707207877354,0.9999999885086552,0.937798207563569,0.5697388875969354,homoscedastic,linear
2,dinov2_b|2,vit_sup_b16|2,1.0,0.1,546,102,768,768,0.5976514379206609,0.43333333333333335,0.5976514379206609,,0.5545045489457109,0.555451208059421,0.8423550389537641,0.4899267399267399,-0.08209427572731887,0.9999999993342811,0.9821753532110042,0.7496341080897437,homoscedastic,linear
2,mae_b16|2,vit_sup_b16|2,1.0,0.1,546,102,768,768,0.23923233120091997,0.38333333333333336,0.23923233120091997,,0.1327010813968403,0.48723640399556045,0.3542928284287094,0.1426739926739927,-0.42043042260145314,0.9999999886989687,0.9415711840813159,0.5741769813832642,homoscedastic,linear
2,clip_b16|2,convnext_s|2,1.0,0.25,546,256,768,768,0.37182325506459735,0.3,0.37182325506459735,,0.2944991252265869,0.2100230513105097,0.5647178134432724,0.3402930402930403,-0.4213819893574795,0.9999999985048087,0.9710443500322161,0.6635724756678245,homoscedastic,linear
2,clip_b16|2,dinov2_b|2,1.0,0.25,546,256,768,768,0.41922899785832735,0.3333333333333333,0.41922899785832735,,0.3430413384671263,0.46956373260479806,0.6668575933984544,0.3661172161172161,-0.2551592342224722,0.9999999983537803,0.9695277585900708,0.6812710186185423,homoscedastic,linear
2,clip_b16|2,mae_b16|2,1.0,0.25,546,256,768,768,0.3226831741199281,0.36666666666666664,0.3226831741199281,,0.24178331709790632,0.5964313156322035,0.4785925450494693,0.16575091575091574,-0.3201987070578953,0.9999999878293614,0.9308596120959302,0.5561636079020497,homoscedastic,linear
2,clip_b16|2,vit_sup_b16|2,1.0,0.25,546,256,768,768,0.4666047961244336,0.48333333333333334,0.4666047961244336,,0.3808712324639706,0.5403397933919576,0.6523239913523439,0.35915750915750916,-0.20480816701895777,0.9999999986317321,0.9736949308324957,0.68950199472587,homoscedastic,linear
2,convnext_s|2,dinov2_b|2,1.0,0.25,546,256,768,768,0.6799691110253083,0.43333333333333335,0.6799691110253083,,0.639921562433621,0.4619653376590113,0.712780926505191,0.38956043956043956,-0.3025126704190809,0.9999999992032224,0.9798027434427358,0.7120509797877589,homoscedastic,linear
2,convnext_s|2,mae_b16|2,1.0,0.25,546,256,768,768,0.1522287561909894,0.31666666666666665,0.1522287561909894,,0.035674771400593434,0.409288824383164,0.30914138982136935,0.13589743589743591,-0.5426005270302393,0.9999999885820784,0.9390882398110393,0.5543116771687077,homoscedastic,linear
2,convnext_s|2,vit_sup_b16|2,1.0,0.25,546,256,768,768,0.6683877455215153,0.55,0.6683877455215153,,0.6098588600695779,0.6829164176555963,0.73880045125654,0.45146520146520147,-0.1389872957588647,0.9999999994792832,0.9840641398832125,0.7436357581543721,homoscedastic,linear
2,dinov2_b|2,mae_b16|2,1.0,0.25,546,256,768,768,0.28013088925247015,0.4,0.28013088925247015,,0.18456337201616152,0.41185008110646293,0.3442621661121364,0.14340659340659342,-0.49745707207877354,0.9999999885086552,0.937798207563569,0.5697388875969354,homoscedastic,linear
2,dinov2_b|2,vit_sup_b16|2,1.0,0.25,546,256,768,768,0.6594576651601809,0.48333333333333334,0.6594576651601809,,0.6055920017133061,0.5064458294203021,0.8423550389537641,0.4899267399267399,-0.08209427572731887,0.9999999993342811,0.9821753532110042,0.7496341080897437,homoscedastic,linear
2,mae_b16|2,vit_sup_b16|2,1.0,0.25,546,256,768,768,0.2959353220425612,0.4,0.2959353220425612,,0.19318809170620885,0.46000170750448216,0.3542928284287094,0.1426739926739927,-0.42043042260145314,0.9999999886989687,0.9415711840813159,0.5741769813832642,homoscedastic,linear
2,clip_b16|2,convnext_s|2,1.0,1.0,546,1024,768,768,0.38722235339542604,0.3333333333333333,0.38722235339542604,,0.28877585463499383,0.26560232220609575,0.5647178134432724,0.3402930402930403,-0.4213819893574795,0.9999999985048087,0.9710443500322161,0.6635724756678245,homoscedastic,linear
2,clip_b16|2,dinov2_b|2,1.0,1.0,546,1024,768,768,0.46315400876113544,0.35,0.46315400876113544,,0.3715512296084605,0.5466575599760949,0.6668575933984544,0.3661172161172161,-0.2551592342224722,0.9999999983537803,0.9695277585900708,0.6812710186185423,homoscedastic,linear
2,clip_b16|2,mae_b16|2,1.0,1.0,546,1024,768,768,0.30857507937522044,0.38333333333333336,0.30857507937522044,,0.21230892564932777,0.5574148382139503,0.4785925450494693,0.16575091575091574,-0.3201987070578953,0.9999999878293614,0.9308596120959302,0.5561636079020497,homoscedastic,linear
2,clip_b16|2,vit_sup_b16|2,1.0,1.0,546,1024,768,768,0.4611998922219227,0.4666666666666667,0.4611998922219227,,0.3497501829721325,0.6217877571928626,0.6523239913523439,0.35915750915750916,-0.20480816701895777,0.9999999986317321,0.9736949308324957,0.68950199472587,homoscedastic,linear
2,convnext_s|2,dinov2_b|2,1.0,1.0,546,1024,768,768,0.7210348362078783,0.5666666666666667,0.7210348362078783,,0.6796694462680285,0.5025185691112439,0.712780926505191,0.38956043956043956,-0.3025126704190809,0.9999999992032224,0.9798027434427358,0.7120509797877589,homoscedastic,linear
2,convnext_s|2,mae_b16|2,1.0,1.0,546,1024,768,768,0.18267045186236627,0.4166666666666667,0.18267045186236627,,0.06413361920518672,0.44190215999316995,0.30914138982136935,0.13589743589743591,-0.5426005270302393,0.9999999885820784,0.9390882398110393,0.5543116771687077,homoscedastic,linear
2,convnext_s|2,vit_sup_b16|2,1.0,1.0,546,1024,768,768,0.6825223958955441,0.48333333333333334,0.6825223958955441,,0.622737093929292,0.578758644241441,0.73880045125654,0.45146520146520147,-0.1389872957588647,0.9999999994792832,0.9840641398832125,0.7436357581543721,homoscedastic,linear
2,dinov2_b|2,mae_b16|2,1.0,1.0,546,1024,768,768,0.27151958755440986,0.38333333333333336,0.27151958755440986,,0.16766306905937411,0.39025014940664216,0.3442621661121364,0.14340659340659342,-0.49745707207877354,0.9999999885086552,0.937798207563569,0.5697388875969354,homoscedastic,linear
2,dinov2_b|2,vit_sup_b16|2,1.0,1.0,546,1024,768,768,0.6994942208172801,0.5333333333333333,0.6994942208172801,,0.6472787302342883,0.5545974558183215,0.8423550389537641,0.4899267399267399,-0.08209427572731887,0.9999999993342811,0.9821753532110042,0.7496341080897437,homoscedastic,linear
2,mae_b16|2,vit_sup_b16|2,1.0,1.0,546,1024,768,768,0.27327414798374433,0.4666666666666667,0.27327414798374433,,0.1576259802417077,0.5237769999146248,0.3542928284287094,0.1426739926739927,-0.42043042260145314,0.9999999886989687,0.9415711840813159,0.5741769813832642,homoscedastic,linear
2,clip_b16|2,convnext_s|2,10.0,0.1,546,102,768,768,0.36371012141700393,0.26666666666666666,0.36371012141700393,,0.29074532532361297,0.3623324511226842,0.5647178134432724,0.3402930402930403,-0.4213819893574795,0.9999999985048087,0.9710443500322161,0.6635724756678245,homoscedastic,linear
2,clip_b16|2,dinov2_b|2,10.0,0.1,546,102,768,768,0.3755251542365394,0.3,0.3755251542365394,,0.3108998597547864,0.4814308887560829,0.6668575933984544,0.3661172161172161,-0.2551592342224722,0.9999999983537803,0.9695277585900708,0.6812710186185423,homoscedastic,linear
2,clip_b16|2,mae_b16|2,10.0,0.1,546,102,768,768,0.2367174353262092,0.3333333333333333,0.2367174353262092,,0.14305194089735793,0.6751472722615897,0.4785925450494693,0.16575091575091574,-0.3201987070578953,0.9999999878293614,0.9308596120959302,0.5561636079020497,homoscedastic,linear
2,clip_b16|2,vit_sup_b16|2,10.0,0.1,546,102,768,768,0.4663760177111603,0.36666666666666664,0.4663760177111603,,0.39111825523374677,0.5731238794501835,0.6523239913523439,0.35915750915750916,-0.20480816701895777,0.9999999986317321,0.9736949308324957,0.68950199472587,homoscedastic,linear
2,convnext_s|2,dinov2_b|2,10.0,0.1,546,102,768,768,0.6096897491381921,0.43333333333333335,0.6096897491381921,,0.5764878932132561,0.458038077349953,0.712780926505191,0.38956043956043956,-0.3025126704190809,0.9999999992032224,0.9798027434427358,0.7120509797877589,homoscedastic,linear
2,convnext_s|2,mae_b16|2,10.0,0.1,546,102,768,768,0.09672126867019075,0.3,0.09672126867019075,,-0.023376900279622692,0.3992999231622983,0.30914138982136935,0.13589743589743591,-0.5426005270302393,0.9999999885820784,0.9390882398110393,0.5543116771687077,homoscedastic,linear
2,convnext_s|2,vit_sup_b16|2,10.0,0.1,546,102,768,768,0.6100721390892752,0.5666666666666667,0.6100721390892752,,0.5439997573253934,0.6723298898659609,0.73880045125654,0.45146520146520147,-0.1389872957588647,0.9999999994792832,0.9840641398832125,0.7436357581543721,homoscedastic,linear
2,dinov2_b|2,mae_b16|2,10.0,0.1,546,102,768,768,0.20885380237167323,0.3,0.20885380237167323,,0.1213006979738785,0.44173140954495005,0.3442621661121364,0.14340659340659342,-0.49745707207877354,0.9999999885086552,0.937798207563569,0.5697388875969354,homoscedastic,linear
2,dinov2_b|2,vit_sup_b16|2,10.0,0.1,546,102,768,768,0.5976302156394878,0.43333333333333335,0.5976302156394878,,0.5544772043010282,0.555451208059421,0.8423550389537641,0.4899267399267399,-0.08209427572731887,0.9999999993342811,0.9821753532110042,0.7496341080897437,homoscedastic,linear
2,mae_b16|2,vit_sup_b16|2,10.0,0.1,546,102,768,768,0.23926644240678444,0.38333333333333336,0.23926644240678444,,0.13269816463474082,0.48723640399556045,0.3542928284287094,0.1426739926739927,-0.42043042260145314,0.9999999886989687,0.9415711840813159,0.5741769813832642,homoscedastic,linear
2,clip_b16|2,convnext_s|2,10.0,0.25,546,256,768,768,0.37184725513126415,0.3,0.37184725513126415,,0.2945084588653052,0.2100230513105097,0.5647178134432724,0.3402930402930403,-0.4213819893574795,0.9999999985048087,0.9710443500322161,0.6635724756678245,homoscedastic,linear
2,clip_b16|2,dinov2_b|2,10.0,0.25,546,256,768,768,0.4193121092003033,0.3333333333333333,0.4193121092003033,,0.343073787445483,0.46956373260479806,0.6668575933984544,0.3661172161172161,-0.2551592342224722,0.9999999983537803,0.9695277585900708,0.6812710186185423,homoscedastic,linear
2,clip_b16|2,mae_b16|2,10.0,0.25,546,256,768,768,0.3227305631404531,0.36666666666666664,0.3227305631404531,,0.24188963307643227,0.5964313156322035,0.4785925450494693,0.16575091575091574,-0.3201987070578953,0.9999999878293614,0.9308596120959302,0.5561636079020497,homoscedastic,linear
2,clip_b16|2,vit_sup_b16|2,10.0,0.25,546,256,768,768,0.46652562923785895,0.48333333333333334,0.46652562923785895,,0.3807245922494194,0.5403397933919576,0.6523239913523439,0.35915750915750916,-0.20480816701895777,0.9999999986317321,0.9736949308324957,0.68950199472587,homoscedastic,linear
2,convnext_s|2,dinov2_b|2,10.0,0.25,546,256,768,768,0.6799258886830241,0.43333333333333335,0.6799258886830241,,0.639882186145278,0.4619653376590113,0.712780926505191,0.38956043956043956,-0.3025126704190809,0.9999999992032224,0.9798027434427358,0.7120509797877589,homoscedastic,linear
2,convnext_s|2,mae_b16|2,10.0,0.25,546,256,768,768,0.15237408992802756,0.31666666666666665,0.15237408992802756,,0.03581856777209763,0.409288824383164,0.30914138982136935,0.13589743589743591,-0.5426005270302393,0.9999999885820784,0.9390882398110393,0.5543116771687077,homoscedastic,linear
2,convnext_s|2,vit_sup_b16|2,10.0,0.25,546,256,768,768,0.6683735788154967,0.55,0.6683735788154967,,0.6098552870360061,0.6829164176555963,0.73880045125654,0.45146520146520147,-0.1389872957588647,0.9999999994792832,0.9840641398832125,0.7436357581543721,homoscedastic,linear
2,dinov2_b|2,mae_b16|2,10.0,0.25,546,256,768,768,0.2802094450262361,0.4,0.2802094450262361,,0.18461908217226147,0.41185008110646293,0.3442621661121364,0.14340659340659342,-0.49745707207877354,0.9999999885086552,0.937798207563569,0.5697388875969354,homoscedastic,linear
2,dinov2_b|2,vit_sup_b16|2,10.0,0.25,546,256,768,768,0.6593400537223714,0.48333333333333334,0.6593400537223714,,0.605436392455299,0.5064458294203021,0.8423550389537641,0.4899267399267399,-0.08209427572731887,0.9999999993342811,0.9821753532110042,0.7496341080897437,homoscedastic,linear
2,mae_b16|2,vit_sup_b16|2,10.0,0.25,546,256,768,768,0.29600993336092596,0.4,0.29600993336092596,,0.19324212472410165,0.46000170750448216,0.3542928284287094,0.1426739926739927,-0.42043042260145314,0.9999999886989687,0.9415711840813159,0.5741769813832642,homoscedastic,linear
2,clip_b16|2,convnext_s|2,10.0,1.0,546,1024,768,768,0.3865080180778279,0.3333333333333333,0.3865080180778279,,0.28824041003258244,0.2630410654827969,0.5647178134432724,0.3402930402930403,-0.4213819893574795,0.9999999985048087,0.9710443500322161,0.6635724756678245,homoscedastic,linear
2,clip_b16|2,dinov2_b|2,10.0,1.0,546,1024,768,768,0.46300473056869595,0.35,0.46300473056869595,,0.37179784184397124,0.546572184751985,0.6668575933984544,0.3661172161172161,-0.2551592342224722,0.9999999983537803,0.9695277585900708,0.6812710186185423,homoscedastic,linear
2,clip_b16|2,mae_b16|2,10.0,1.0,546,1024,768,768,0.30961247114575313,0.38333333333333336,0.30961247114575313,,0.21363495861880233,0.5576709638862801,0.4785925450494693,0.16575091575091574,-0.3201987070578953,0.9999999878293614,0.9308596120959302,0.5561636079020497,homoscedastic,linear
2,clip_b16|2,vit_sup_b16|2,10.0,1.0,546,1024,768,768,0.4601325003680565,0.45,0.4601325003680565,,0.3489008947678174,0.6187142491249039,0.6523239913523439,0.35915750915750916,-0.20480816701895777,0.9999999986317321,0.9736949308324957,0.68950199472587,homoscedastic,linear
2,convnext_s|2,dinov2_b|2,10.0,1.0,546,1024,768,768,0.7213025036180655,0.5666666666666667,0.7213025036180655,,0.6801490348762349,0.502177068214804,0.712780926505191,0.38956043956043956,-0.3025126704190809,0.9999999992032224,0.9798027434427358,0.7120509797877589,homoscedastic,linear
2,convnext_s|2,mae_b16|2,10.0,1.0,546,1024,768,768,0.18333189814416148,0.4166666666666667,0.18333189814416148,,0.06541101516665249,0.4377187740117818,0.30914138982136935,0.13589743589743591,-0.5426005270302393,0.9999999885820784,0.9390882398110393,0.5543116771687077,homoscedastic,linear
2,convnext_s|2,vit_sup_b16|2,10.0,1.0,546,1024,768,768,0.6823616176711601,0.48333333333333334,0.6823616176711601,,0.6225935892339979,0.5768803893110219,0.73880045125654,0.45146520146520147,-0.1389872957588647,0.9999999994792832,0.9840641398832125,0.7436357581543721,homoscedastic,linear
2,dinov2_b|2,mae_b16|2,10.0,1.0,546,1024,768,768,0.27070302973063815,0.38333333333333336,0.27070302973063815,,0.16717217799803225,0.39468966106036024,0.3442621661121364,0.14340659340659342,-0.49745707207877354,0.9999999885086552,0.937798207563569,0.5697388875969354,homoscedastic,linear
2,dinov2_b|2,vit_sup_b16|2,10.0,1.0,546,1024,768,768,0.6999322775896599,0.5333333333333333,0.6999322775896599,,0.6479640234895603,0.5545974558183215,0.8423550389537641,0.4899267399267399,-0.08209427572731887,0.9999999993342811,0.9821753532110042,0.7496341080897437,homoscedastic,linear
2,mae_b16|2,vit_sup_b16|2,10.0,1.0,546,1024,768,768,0.27140264278511883,0.4666666666666667,0.27140264278511883,,0.15580417063437463,0.527789635447793,0.3542928284287094,0.1426739926739927,-0.42043042260145314,0.9999999886989687,0.9415711840813159,0.5741769813832642,homoscedastic,linear
3,clip_b16|2,convnext_s|2,0.1,0.1,546,102,768,768,0.41570648807357796,0.35,0.22448291534582565,0.5943262625255565,0.3056769597013586,0.34944079228207975,0.5548446743655916,0.3272893772893773,-0.4755031626132261,0.9999999985287177,0.9713972762937649,0.6583053151278413,heteroscedastic,linear
3,clip_b16|2,dinov2_b|2,0.1,0.1,546,102,768,768,0.466015794488318,0.35,0.28640134169110665,0.6373191420079262,0.372643192419452,0.45137880986937595,0.6643639868609343,0.3717948717948718,-0.3051566757387867,0.9999999983531119,0.969423764629978,0.6776106295761639,heteroscedastic,linear
3,clip_b16|2,mae_b16|2,0.1,0.1,546,102,768,768,0.2822498951385976,0.35,0.14928775676313427,0.42040321393752583,0.1729262204297747,0.6549987193716383,0.4468307088038997,0.16721611721611723,-0.36950264791286436,0.9999999871447837,0.929558745706223,0.5527109866737522,heteroscedastic,linear
3,clip_b16|2,vit_sup_b16|2,0.1,0.1,546,102,768,768,0.4839006775018819,0.43333333333333335,0.240630078674469,0.6883711616941453,0.3678366601557245,0.5271066336549133,0.6401625140103847,0.3586080586080586,-0.2519638731224839,0.999999998674335,0.9740086316414409,0.6838657451070946,heteroscedastic,linear
3,convnext_s|2,dinov2_b|2,0.1,0.1,546,102,768,768,0.6241052336256488,0.48333333333333334,0.45067008175840323,0.75505553400531,0.5643386311212537,0.45376931614445487,0.7270338793988392,0.40897435897435896,-0.3163946910865697,0.9999999991731178,0.9796453084381215,0.7118216795812099,heteroscedastic,linear
3,convnext_s|2,mae_b16|2,0.1,0.1,546,102,768,768,0.20684657457381822,0.38333333333333336,0.11997061276658916,0.3459585190820209,0.09532911904961391,0.4681123537949287,0.29447149449578036,0.1358974358974359,-0.554201532137588,0.9999999878822736,0.9370889883999066,0.5552009794090994,heteroscedastic,linear
3,convnext_s|2,vit_sup_b16|2,0.1,0.1,546,102,768,768,0.663062508506968,0.55,0.48472239470009015,0.8080283647776084,0.5936612051025545,0.6608896098352258,0.7528047704490082,0.46886446886446886,-0.12978372284868533,0.9999999994724249,0.9842263658155689,0.7421837136161493,heteroscedastic,linear
3,dinov2_b|2,mae_b16|2,0.1,0.1,546,102,768,768,0.3023533954260984,0.38333333333333336,0.34257135776314845,0.3416348788908782,0.20972970584381312,0.4025441816784769,0.33777126067776897,0.16117216117216118,-0.4650946386069815,0.9999999877042307,0.9356026687264705,0.5721814232221908,heteroscedastic,linear
3,dinov2_b|2,vit_sup_b16|2,0.1,0.1,546,102,768,768,0.6262251284031344,0.48333333333333334,0.39883734241788,0.7846870750750046,0.5569296907933207,0.562708102108768,0.8479179459212033,0.49230769230769234,-0.07103958623813222,0.9999999992929128,0.9820382273692724,0.7495250887264872,heteroscedastic,linear
3,mae_b16|2,vit_sup_b16|2,0.1,0.1,546,102,768,768,0.31044908458079046,0.38333333333333336,0.26031262394818705,0.40450779006467585,0.21299903156206393,0.472124989328097,0.33064641027881986,0.14413919413919415,-0.38912910494182096,0.9999999879875917,0.9398256590289178,0.5725555953961452,heteroscedastic,linear
3,clip_b16|2,convnext_s|2,0.1,0.25,546,256,768,768,0.40622607285020235,0.4166666666666667,0.19095896875827256,0.6100608275461847,0.2978687146420072,0.3567830615555365,0.5548446743655916,0.3272893772893773,-0.4755031626132261,0.9999999985287177,0.9713972762937649,0.6583053151278413,heteroscedastic,linear
3,clip_b16|2,dinov2_b|2,0.1,0.25,546,256,768,768,0.4813017258381273,0.38333333333333336,0.32031131920678196,0.6399833667478501,0.3874063837859529,0.5242038760351746,0.6643639868609343,0.3717948717948718,-0.3051566757387867,0.9999999983531119,0.969423764629978,0.6776106295761639,heteroscedastic,linear
3,clip_b16|2,mae_b16|2,0.1,0.25,546,256,768,768,0.33460904058066826,0.38333333333333336,0.19403212000170372,0.4890050461086819,0.23672805794614596,0.646119696064202,0.4468307088038997,0.16721611721611723,-0.36950264791286436,0.9999999871447837,0.929558745706223,0.5527109866737522,heteroscedastic,linear
3,clip_b16|2,vit_sup_b16|2,0.1,0.25,546,256,768,768,0.5033101203058897,0.5,0.2628006184402374,0.7113762117125909,0.39763153083998304,0.571928626312644,0.6401625140103847,0.3586080586080586,-0.2519638731224839,0.999999998674335,0.9740086316414409,0.6838657451070946,heteroscedastic,linear
3,convnext_s|2,dinov2_b|2,0.1,0.25,546,256,768,768,0.6710865307959187,0.4666666666666667,0.4344517507167541,0.8251503373986497,0.616155566089928,0.4529155639033552,0.7270338793988392,0.40897435897435896,-0.3163946910865697,0.9999999991731178,0.9796453084381215,0.7118216795812099,heteroscedastic,linear
3,convnext_s|2,mae_b16|2,0.1,0.25,546,256,768,768,0.16708513079202997,0.36666666666666664,0.053342177778744254,0.3407803162384498,0.04398768922220674,0.4801502603944335,0.29447149449578036,0.1358974358974359,-0.554201532137588,0.9999999878822736,0.9370889883999066,0.5552009794090994,heteroscedastic,linear
3,convnext_s|2,vit_sup_b16|2,0.1,0.25,546,256,768,768,0.6840869557970993,0.5833333333333334,0.4728567960044003,0.831727677133942,0.6177989427758257,0.688295056774524,0.7528047704490082,0.46886446886446886,-0.12978372284868533,0.9999999994724249,0.9842263658155689,0.7421837136161493,heteroscedastic,linear
3,dinov2_b|2,mae_b16|2,0.1,0.25,546,256,768,768,0.3154279872999647,0.35,0.3367564524045252,0.37514546415738026,0.21373230555387235,0.42200973277554854,0.33777126067776897,0.16117216117216118,-0.4650946386069815,0.9999999877042307,0.9356026687264705,0.5721814232221908,heteroscedastic,linear
3,dinov2_b|2,vit_sup_b16|2,0.1,0.25,546,256,768,768,0.6766193794982763,0.48333333333333334,0.4174498559662536,0.8356625750988821,0.6151621898378988,0.518398360795697,0.8479179459212033,0.49230769230769234,-0.07103958623813222,0.9999999992929128,0.9820382273692724,0.7495250887264872,heteroscedastic,linear
3,mae_b16|2,vit_sup_b16|2,0.1,0.25,546,256,768,768,0.3145546515406987,0.38333333333333336,0.2553830018074083,0.42475924931418546,0.21355839361369108,0.5147272261589687,0.33064641027881986,0.14413919413919415,-0.38912910494182096,0.9999999879875917,0.9398256590289178,0.5725555953961452,heteroscedastic,linear
3,clip_b16|2,convnext_s|2,0.1,1.0,546,1024,768,768,0.38320312000866663,0.4166666666666667,0.20328032836351465,0.5385400774524202,0.26399825227615004,0.3318534961154273,0.5548446743655916,0.3272893772893773,-0.4755031626132261,0.9999999985287177,0.9713972762937649,0.6583053151278413,heteroscedastic,linear
3,clip_b16|2,dinov2_b|2,0.1,1.0,546,1024,768,768,0.4204430567862688,0.5,0.2502186699868681,0.5950836396214343,0.2947353829566445,0.6189703747972338,0.6643639868609343,0.3717948717948718,-0.3051566757387867,0.9999999983531119,0.969423764629978,0.6776106295761639,heteroscedastic,linear
3,clip_b16|2,mae_b16|2,0.1,1.0,546,1024,768,768,0.3993146092072477,0.45,0.20960347183420944,0.4489160040315249,0.31071960385703873,0.5999316998207119,0.4468307088038997,0.16721611721611723,-0.36950264791286436,0.9999999871447837,0.929558745706223,0.5527109866737522,heteroscedastic,linear
3,clip_b16|2,vit_sup_b16|2,0.1,1.0,546,1024,768,768,0.44630129528137574,0.5333333333333333,0.2096965649537473,0.6489814087940082,0.3170610821756158,0.660377358490566,0.6401625140103847,0.3586080586080586,-0.2519638731224839,0.999999998674335,0.9740086316414409,0.6838657451070946,heteroscedastic,linear
3,convnext_s|2,dinov2_b|2,0.1,1.0,546,1024,768,768,0.7249826249517359,0.6333333333333333,0.5774805227807671,0.8355313187437705,0.6705769508562774,0.560488346281909,0.7270338793988392,0.40897435897435896,-0.3163946910865697,0.9999999991731178,0.9796453084381215,0.7118216795812099,heteroscedastic,linear
3,convnext_s|2,mae_b16|2,0.1,1.0,546,1024,768,768,0.18296650824030067,0.38333333333333336,0.11268059481111892,0.23509940155480133,0.05097851170317979,0.41816784769060017,0.29447149449578036,0.1358974358974359,-0.554201532137588,0.9999999878822736,0.9370889883999066,0.5552009794090994,heteroscedastic,linear
3,convnext_s|2,vit_sup_b16|2,0.1,1.0,546,1024,768,768,0.6561171558809884,0.5666666666666667,0.4888655776688657,0.796049965663896,0.5798055642633058,0.6433023136685734,0.7528047704490082,0.46886446886446886,-0.12978372284868533,0.9999999994724249,0.9842263658155689,0.7421837136161493,heteroscedastic,linear
3,dinov2_b|2,mae_b16|2,0.1,1.0,546,1024,768,768,0.2653494037483437,0.4,0.28180599214171864,0.2778845050197178,0.1439820234118285,0.4025441816784769,0.33777126067776897,0.16117216117216118,-0.4650946386069815,0.9999999877042307,0.9356026687264705,0.5721814232221908,heteroscedastic,linear
3,dinov2_b|2,vit_sup_b16|2,0.1,1.0,546,1024,768,768,0.6784076622435061,0.6333333333333333,0.4770506590112253,0.8410742466932474,0.6027171680690094,0.6725006403141808,0.8479179459212033,0.49230769230769234,-0.07103958623813222,0.9999999992929128,0.9820382273692724,0.7495250887264872,heteroscedastic,linear
3,mae_b16|2,vit_sup_b16|2,0.1,1.0,546,1024,768,768,0.29367726021461166,0.43333333333333335,0.20954883803432622,0.3354038325180079,0.17288771917006163,0.5049090753863228,0.33064641027881986,0.14413919413919415,-0.38912910494182096,0.9999999879875917,0.9398256590289178,0.5725555953961452,heteroscedastic,linear
3,clip_b16|2,convnext_s|2,1.0,0.1,546,102,768,768,0.41881799671665754,0.3333333333333333,0.22482904922271738,0.598803500579064,0.3096676736058625,0.3598565696234952,0.5548446743655916,0.3272893772893773,-0.4755031626132261,0.9999999985287177,0.9713972762937649,0.6583053151278413,heteroscedastic,linear
3,clip_b16|2,dinov2_b|2,1.0,0.1,546,102,768,768,0.46985102736396483,0.35,0.2867841377231831,0.6411937179032831,0.37762159488989117,0.4542815674891146,0.6643639868609343,0.3717948717948718,-0.3051566757387867,0.9999999983531119,0.969423764629978,0.6776106295761639,heteroscedastic,linear
3,clip_b16|2,mae_b16|2,1.0,0.1,546,102,768,768,0.2819893388592746,0.35,0.1478816552819293,0.4244224510923461,0.171971710032721,0.6606334841628959,0.4468307088038997,0.16721611721611723,-0.36950264791286436,0.9999999871447837,0.929558745706223,0.5527109866737522,heteroscedastic,linear
3,clip_b16|2,vit_sup_b16|2,1.0,0.1,546,102,768,768,0.48691957477659653,0.43333333333333335,0.2410610387143373,0.6893508367871907,0.3717812163000042,0.5283872620165627,0.6401625140103847,0.3586080586080586,-0.2519638731224839,0.999999998674335,0.9740086316414409,0.6838657451070946,heteroscedastic,linear
3,convnext_s|2,dinov2_b|2,1.0,0.1,546,102,768,768,0.6279694110261418,0.5,0.45187382252030395,0.7578649785423787,0.5693499200843645,0.45035430718005637,0.7270338793988392,0.40897435897435896,-0.3163946910865697,0.9999999991731178,0.9796453084381215,0.7118216795812099,heteroscedastic,linear
3,convnext_s|2,mae_b16|2,1.0,0.1,546,102,768,768,0.21384009400026113,0.36666666666666664,0.11996270524292182,0.3616752108968467,0.10288061612515884,0.46870998036369843,0.29447149449578036,0.1358974358974359,-0.554201532137588,0.9999999878822736,0.9370889883999066,0.5552009794090994,heteroscedastic,linear
3,convnext_s|2,vit_sup_b16|2,1.0,0.1,546,102,768,768,0.6655856821824505,0.55,0.48530395712253127,0.8104105279884628,0.5970028665208724,0.6612311107316657,0.7528047704490082,0.46886446886446886,-0.12978372284868533,0.9999999994724249,0.9842263658155689,0.7421837136161493,heteroscedastic,linear
3,dinov2_b|2,mae_b16|2,1.0,0.1,546,102,768,768,0.3088557468215189,0.38333333333333336,0.34082379503267335,0.35427067685551106,0.21664717175798429,0.4063006915393153,0.33777126067776897,0.16117216117216118,-0.4650946386069815,0.9999999877042307,0.9356026687264705,0.5721814232221908,heteroscedastic,linear
3,dinov2_b|2,vit_sup_b16|2,1.0,0.1,546,102,768,768,0.6292671924088677,0.48333333333333334,0.39926506756170255,0.7858393383115796,0.5609467284757724,0.5614274737471185,0.8479179459212033,0.49230769230769234,-0.07103958623813222,0.9999999992929128,0.9820382273692724,0.7495250887264872,heteroscedastic,linear
3,mae_b16|2,vit_sup_b16|2,1.0,0.1,546,102,768,768,0.3173250481251336,0.38333333333333336,0.2597450794086107,0.4193917021966449,0.22068171001303283,0.47221036455220694,0.33064641027881986,0.14413919413919415,-0.38912910494182096,0.9999999879875917,0.9398256590289178,0.5725555953961452,heteroscedastic,linear
3,clip_b16|2,convnext_s|2,1.0,0.25,546,256,768,768,0.4126900908058078,0.4,0.19260337424817875,0.6165041182379588,0.30711441298303316,0.35430718005634765,0.5548446743655916,0.3272893772893773,-0.4755031626132261,0.9999999985287177,0.9713972762937649,0.6583053151278413,heteroscedastic,linear
3,clip_b16|2,dinov2_b|2,1.0,0.25,546,256,768,768,0.4887257464604068,0.38333333333333336,0.3232579500715362,0.6457564122220332,0.3975167562513686,0.5215572440877657,0.6643639868609343,0.3717948717948718,-0.3051566757387867,0.9999999983531119,0.969423764629978,0.6776106295761639,heteroscedastic,linear
3,clip_b16|2,mae_b16|2,1.0,0.25,546,256,768,768,0.33715749210414464,0.4,0.1944803328204825,0.4949635260930652,0.24129001970783234,0.6287031503457695,0.4468307088038997,0.16721611721611723,-0.36950264791286436,0.9999999871447837,0.929558745706223,0.5527109866737522,heteroscedastic,linear
3,clip_b16|2,vit_sup_b16|2,1.0,0.25,546,256,768,768,0.5067741299281386,0.48333333333333334,0.26010774719862495,0.7131685591319653,0.4031838062534942,0.5715017501920941,0.6401625140103847,0.3586080586080586,-0.2519638731224839,0.999999998674335,0.9740086316414409,0.6838657451070946,heteroscedastic,linear
3,convnext_s|2,dinov2_b|2,1.0,0.25,546,256,768,768,0.6753593204425568,0.45,0.43739263065520484,0.8287545810562449,0.6220653636177825,0.45214718688636557,0.7270338793988392,0.40897435897435896,-0.3163946910865697,0.9999999991731178,0.9796453084381215,0.7118216795812099,heteroscedastic,linear
3,convnext_s|2,mae_b16|2,1.0,0.25,546,256,768,768,0.18192011644476788,0.36666666666666664,0.05702564607613401,0.3622778730549972,0.06311851307551637,0.46324596602066076,0.29447149449578036,0.1358974358974359,-0.554201532137588,0.9999999878822736,0.9370889883999066,0.5552009794090994,heteroscedastic,linear
3,convnext_s|2,vit_sup_b16|2,1.0,0.25,546,256,768,768,0.6886608573912704,0.5666666666666667,0.47427224274084834,0.8339020643273434,0.6237581794212663,0.6890634337915137,0.7528047704490082,0.46886446886446886,-0.12978372284868533,0.9999999994724249,0.9842263658155689,0.7421837136161493,heteroscedastic,linear
3,dinov2_b|2,mae_b16|2,1.0,0.25,546,256,768,768,0.32713251981255503,0.35,0.33396545598285937,0.39367942003681317,0.2284554643605579,0.41219158200290273,0.33777126067776897,0.16117216117216118,-0.4650946386069815,0.9999999877042307,0.9356026687264705,0.5721814232221908,heteroscedastic,linear
3,dinov2_b|2,vit_sup_b16|2,1.0,0.25,546,256,768,768,0.6803011675032431,0.4666666666666667,0.41624036427804945,0.8381759946648482,0.6205406262302812,0.5065312046444121,0.8479179459212033,0.49230769230769234,-0.07103958623813222,0.9999999992929128,0.9820382273692724,0.7495250887264872,heteroscedastic,linear
3,mae_b16|2,vit_sup_b16|2,1.0,0.25,546,256,768,768,0.32675451876255207,0.38333333333333336,0.25369690210180185,0.445763058820441,0.22891726071995755,0.5054213267309827,0.33064641027881986,0.14413919413919415,-0.38912910494182096,0.9999999879875917,0.9398256590289178,0.5725555953961452,heteroscedastic,linear
3,clip_b16|2,convnext_s|2,1.0,1.0,546,1024,768,768,0.37824999513887536,0.4166666666666667,0.19675158927746983,0.5450861390775582,0.26319585102258397,0.3438914027149321,0.5548446743655916,0.3272893772893773,-0.4755031626132261,0.9999999985287177,0.9713972762937649,0.6583053151278413,heteroscedastic,linear
3,clip_b16|2,dinov2_b|2,1.0,1.0,546,1024,768,768,0.4202511673643537,0.48333333333333334,0.24971582336820614,0.6010236878623338,0.29753518289593206,0.6105182276103475,0.6643639868609343,0.3717948717948718,-0.3051566757387867,0.9999999983531119,0.969423764629978,0.6776106295761639,heteroscedastic,linear
3,clip_b16|2,mae_b16|2,1.0,1.0,546,1024,768,768,0.3742365395459431,0.45,0.1994218162467622,0.43556080953334453,0.2863011278316929,0.5803807734995303,0.4468307088038997,0.16721611721611723,-0.36950264791286436,0.9999999871447837,0.929558745706223,0.5527109866737522,heteroscedastic,linear
3,clip_b16|2,vit_sup_b16|2,1.0,1.0,546,1024,768,768,0.4317857549604304,0.5333333333333333,0.1882380617509306,0.6424537789123539,0.30289575412045516,0.6717322632971912,0.6401625140103847,0.3586080586080586,-0.2519638731224839,0.999999998674335,0.9740086316414409,0.6838657451070946,heteroscedastic,linear
3,convnext_s|2,dinov2_b|2,1.0,1.0,546,1024,768,768,0.7237956216545046,0.6,0.5713133731860546,0.8382072727750022,0.6712775571125718,0.5291556390335524,0.7270338793988392,0.40897435897435896,-0.3163946910865697,0.9999999991731178,0.9796453084381215,0.7118216795812099,heteroscedastic,linear
3,convnext_s|2,mae_b16|2,1.0,1.0,546,1024,768,768,0.18849357914883094,0.38333333333333336,0.11069724410220044,0.25846303276465815,0.06093772297279019,0.41628959276018096,0.29447149449578036,0.1358974358974359,-0.554201532137588,0.9999999878822736,0.9370889883999066,0.5552009794090994,heteroscedastic,linear
3,convnext_s|2,vit_sup_b16|2,1.0,1.0,546,1024,768,768,0.6487171353253758,0.5833333333333334,0.47030913565195115,0.7973005315323844,0.5726318607986955,0.6398873047041748,0.7528047704490082,0.46886446886446886,-0.12978372284868533,0.9999999994724249,0.9842263658155689,0.7421837136161493,heteroscedastic,linear
3,dinov2_b|2,mae_b16|2,1.0,1.0,546,1024,768,768,0.26630035083430786,0.38333333333333336,0.2720851295243391,0.29915473699996564,0.1492478727871711,0.35652693588320666,0.33777126067776897,0.16117216117216118,-0.4650946386069815,0.9999999877042307,0.9356026687264705,0.5721814232221908,heteroscedastic,linear
3,dinov2_b|2,vit_sup_b16|2,1.0,1.0,546,1024,768,768,0.6737268714635317,0.6333333333333333,0.4643637561528172,0.8406815947032754,0.5983762968744635,0.6530350892171092,0.8479179459212033,0.49230769230769234,-0.07103958623813222,0.9999999992929128,0.9820382273692724,0.7495250887264872,heteroscedastic,linear
3,mae_b16|2,vit_sup_b16|2,1.0,1.0,546,1024,768,768,0.2809313359203775,0.4666666666666667,0.1821553788863008,0.3472627045679166,0.16047274005079687,0.5026039443353538,0.33064641027881986,0.14413919413919415,-0.38912910494182096,0.9999999879875917,0.9398256590289178,0.5725555953961452,heteroscedastic,linear
3,clip_b16|2,convnext_s|2,10.0,0.1,546,102,768,768,0.4192011088919691,0.3333333333333333,0.22509646729583002,0.5992453038849926,0.31006960342317036,0.3598565696234952,0.5548446743655916,0.3272893772893773,-0.4755031626132261,0.9999999985287177,0.9713972762937649,0.6583053151278413,heteroscedastic,linear
3,clip_b16|2,dinov2_b|2,10.0,0.1,546,102,768,768,0.4700563057119603,0.35,0.2863035759439471,0.6412322570032944,0.3778516545004874,0.4542815674891146,0.6643639868609343,0.3717948717948718,-0.3051566757387867,0.9999999983531119,0.969423764629978,0.6776106295761639,heteroscedastic,linear
3,clip_b16|2,mae_b16|2,10.0,0.1,546,102,768,768,0.2816800602223895,0.35,0.14741475195266412,0.42435766072131226,0.17165261625903824,0.6606334841628959,0.4468307088038997,0.16721611721611723,-0.36950264791286436,0.9999999871447837,0.929558745706223,0.5527109866737522,heteroscedastic,linear
3,clip_b16|2,vit_sup_b16|2,10.0,0.1,546,102,768,768,0.48734335373153814,0.43333333333333335,0.24129826442435653,0.6899261305989561,0.3722480440740254,0.5283872620165627,0.6401625140103847,0.3586080586080586,-0.2519638731224839,0.999999998674335,0.9740086316414409,0.6838657451070946,heteroscedastic,linear
3,convnext_s|2,dinov2_b|2,10.0,0.1,546,102,768,768,0.6281217447826244,0.5,0.45168116648913675,0.7579375884409509,0.5695489890976537,0.45035430718005637,0.7270338793988392,0.40897435897435896,-0.3163946910865697,0.9999999991731178,0.9796453084381215,0.7118216795812099,heteroscedastic,linear
3,convnext_s|2,mae_b16|2,10.0,0.1,546,102,768,768,0.2146530962586007,0.36666666666666664,0.12023803083970175,0.3631140039639419,0.10376359293172292,0.46870998036369843,0.29447149449578036,0.1358974358974359,-0.554201532137588,0.9999999878822736,0.9370889883999066,0.5552009794090994,heteroscedastic,linear
3,convnext_s|2,vit_sup_b16|2,10.0,0.1,546,102,768,768,0.665834682874119,0.55,0.4854876273313492,0.8106814187639058,0.5973216686183451,0.6612311107316657,0.7528047704490082,0.46886446886446886,-0.12978372284868533,0.9999999994724249,0.9842263658155689,0.7421837136161493,heteroscedastic,linear
3,dinov2_b|2,mae_b16|2,10.0,0.1,546,102,768,768,0.30987819410609474,0.38333333333333336,0.34128386913695313,0.3562032172328982,0.2178570446768472,0.4063006915393153,0.33777126067776897,0.16117216117216118,-0.4650946386069815,0.9999999877042307,0.9356026687264705,0.5721814232221908,heteroscedastic,linear
3,dinov2_b|2,vit_sup_b16|2,10.0,0.1,546,102,768,768,0.6294173039369554,0.48333333333333334,0.39950229327172176,0.7857773406289523,0.5611585583232469,0.5614274737471185,0.8479179459212033,0.49230769230769234,-0.07103958623813222,0.9999999992929128,0.9820382273692724,0.7495250887264872,heteroscedastic,linear
3,mae_b16|2,vit_sup_b16|2,10.0,0.1,546,102,768,768,0.31819488387467737,0.38333333333333336,0.25997547589364456,0.4209550491666757,0.22170491015752922,0.47221036455220694,0.33064641027881986,0.14413919413919415,-0.38912910494182096,0.9999999879875917,0.9398256590289178,0.5725555953961452,heteroscedastic,linear
3,clip_b16|2,convnext_s|2,10.0,0.25,546,256,768,768,0.4133544815402264,0.4,0.19210412195845641,0.6177820524528321,0.30804806853107564,0.35430718005634765,0.5548446743655916,0.3272893772893773,-0.4755031626132261,0.9999999985287177,0.9713972762937649,0.6583053151278413,heteroscedastic,linear
3,clip_b16|2,dinov2_b|2,10.0,0.25,546,256,768,768,0.48950563751565973,0.38333333333333336,0.32373923071656,0.646510438091823,0.39850969498908295,0.5215572440877657,0.6643639868609343,0.3717948717948718,-0.3051566757387867,0.9999999983531119,0.969423764629978,0.6776106295761639,heteroscedastic,linear
3,clip_b16|2,mae_b16|2,10.0,0.25,546,256,768,768,0.33677843549565417,0.4,0.19389912983093535,0.49542320260479633,0.24106222058786322,0.6255442670537009,0.4468307088038997,0.16721611721611723,-0.36950264791286436,0.9999999871447837,0.929558745706223,0.5527109866737522,heteroscedastic,linear
3,clip_b16|2,vit_sup_b16|2,10.0,0.25,546,256,768,768,0.5071580198833885,0.48333333333333334,0.2595808185760671,0.7143761175989917,0.4036983960068944,0.5715017501920941,0.6401625140103847,0.3586080586080586,-0.2519638731224839,0.999999998674335,0.9740086316414409,0.6838657451070946,heteroscedastic,linear
3,convnext_s|2,dinov2_b|2,10.0,0.25,546,256,768,768,0.6757704882513562,0.45,0.43724741976604153,0.8290601011679303,0.6226858318353937,0.45214718688636557,0.7270338793988392,0.40897435897435896,-0.3163946910865697,0.9999999991731178,0.9796453084381215,0.7118216795812099,heteroscedastic,linear
3,convnext_s|2,mae_b16|2,10.0,0.25,546,256,768,768,0.18383956622101724,0.36666666666666664,0.05829624135631284,0.36335194101618673,0.06568147193232647,0.462733714676001,0.29447149449578036,0.1358974358974359,-0.554201532137588,0.9999999878822736,0.9370889883999066,0.5552009794090994,heteroscedastic,linear
3,convnext_s|2,vit_sup_b16|2,10.0,0.25,546,256,768,768,0.6893976927713688,0.5666666666666667,0.47506443283915506,0.834429882436196,0.6247635873169559,0.6890634337915137,0.7528047704490082,0.46886446886446886,-0.12978372284868533,0.9999999994724249,0.9842263658155689,0.7421837136161493,heteroscedastic,linear
3,dinov2_b|2,mae_b16|2,10.0,0.25,546,256,768,768,0.32843285675793543,0.35,0.3341487667587833,0.3943167115312059,0.23025153354236313,0.4106548279689234,0.33777126067776897,0.16117216117216118,-0.4650946386069815,0.9999999877042307,0.9356026687264705,0.5721814232221908,heteroscedastic,linear
3,dinov2_b|2,vit_sup_b16|2,10.0,0.25,546,256,768,768,0.6805478348550967,0.4666666666666667,0.41559015017286033,0.8386876151809424,0.6208597200039639,0.5065312046444121,0.8479179459212033,0.49230769230769234,-0.07103958623813222,0.9999999992929128,0.9820382273692724,0.7495250887264872,heteroscedastic,linear
3,mae_b16|2,vit_sup_b16|2,10.0,0.25,546,256,768,768,0.3276504101400281,0.38333333333333336,0.2530010400190787,0.4466388459047598,0.23021215725402017,0.5029454452317937,0.33064641027881986,0.14413919413919415,-0.38912910494182096,0.9999999879875917,0.9398256590289178,0.5725555953961452,heteroscedastic,linear
3,clip_b16|2,convnext_s|2,10.0,1.0,546,1024,768,768,0.37799504998624994,0.4166666666666667,0.19821196512566402,0.5453648493805398,0.2644657363216436,0.33595150687270553,0.5548446743655916,0.3272893772893773,-0.4755031626132261,0.9999999985287177,0.9713972762937649,0.6583053151278413,heteroscedastic,linear
3,clip_b16|2,dinov2_b|2,10.0,1.0,546,1024,768,768,0.4193282759118775,0.48333333333333334,0.2514001259093428,0.6008963412709916,0.2976576139850576,0.5932724323401349,0.6643639868609343,0.3717948717948718,-0.3051566757387867,0.9999999983531119,0.969423764629978,0.6776106295761639,heteroscedastic,linear
3,clip_b16|2,mae_b16|2,10.0,1.0,546,1024,768,768,0.36593296092489147,0.43333333333333335,0.1923902305420554,0.4282327951543504,0.2782391244696871,0.590540425168616,0.4468307088038997,0.16721611721611723,-0.36950264791286436,0.9999999871447837,0.929558745706223,0.5527109866737522,heteroscedastic,linear
3,clip_b16|2,vit_sup_b16|2,10.0,1.0,546,1024,768,768,0.42832946758185436,0.5333333333333333,0.18671190968314016,0.6386289128706352,0.3002436152624536,0.6758302740544694,0.6401625140103847,0.3586080586080586,-0.2519638731224839,0.999999998674335,0.9740086316414409,0.6838657451070946,heteroscedastic,linear
3,convnext_s|2,dinov2_b|2,10.0,1.0,546,1024,768,768,0.7225927849799582,0.6166666666666667,0.5715301112211176,0.8368103700340065,0.6703691315566899,0.518569111243917,0.7270338793988392,0.40897435897435896,-0.3163946910865697,0.9999999991731178,0.9796453084381215,0.7118216795812099,heteroscedastic,linear
3,convnext_s|2,mae_b16|2,10.0,1.0,546,1024,768,768,0.18972686035238986,0.36666666666666664,0.10921350511589825,0.26095522789873377,0.0644384937636345,0.40963032527960386,0.29447149449578036,0.1358974358974359,-0.554201532137588,0.9999999878822736,0.9370889883999066,0.5552009794090994,heteroscedastic,linear
3,convnext_s|2,vit_sup_b16|2,10.0,1.0,546,1024,768,768,0.6465324625901738,0.5833333333333334,0.4665005847074603,0.7957612016826504,0.570294075975965,0.6304106548279689,0.7528047704490082,0.46886446886446886,-0.12978372284868533,0.9999999994724249,0.9842263658155689,0.7421837136161493,heteroscedastic,linear
3,dinov2_b|2,mae_b16|2,10.0,1.0,546,1024,768,768,0.2658516273656315,0.38333333333333336,0.265010411872356,0.3025863925140311,0.15062750126022353,0.34961154273029965,0.33777126067776897,0.16117216117216118,-0.4650946386069815,0.9999999877042307,0.9356026687264705,0.5721814232221908,heteroscedastic,linear
3,dinov2_b|2,vit_sup_b16|2,10.0,1.0,546,1024,768,768,0.6704580290500806,0.6333333333333333,0.4620202536841423,0.837697327871952,0.5946592481739429,0.6459489456159822,0.8479179459212033,0.49230769230769234,-0.07103958623813222,0.9999999992929128,0.9820382273692724,0.7495250887264872,heteroscedastic,linear
3,mae_b16|2,vit_sup_b16|2,10.0,1.0,546,1024,768,768,0.2774902152505979,0.4666666666666667,0.17507203484486247,0.3464690225227527,0.15851909279656745,0.502177068214804,0.33064641027881986,0.14413919413919415,-0.38912910494182096,0.9999999879875917,0.9398256590289178,0.5725555953961452,heteroscedastic,linear
3,clip_b16|2,convnext_s|2,0.1,0.1,546,102,768,768,0.41868088522468117,0.3333333333333333,0.41868088522468117,,0.30959562958200537,0.3598565696234952,0.5548446743655916,0.3272893772893773,-0.4755031626132261,0.9999999985287177,0.9713972762937649,0.6583053151278413,homoscedastic,linear
3,clip_b16|2,dinov2_b|2,0.1,0.1,546,102,768,768,0.4699735832599535,0.35,0.4699735832599535,,0.3778266432654844,0.4542815674891146,0.6643639868609343,0.3717948717948718,-0.3051566757387867,0.9999999983531119,0.969423764629978,0.6776106295761639,homoscedastic,linear
3,clip_b16|2,mae_b16|2,0.1,0.1,546,102,768,768,0.2821183947733188,0.35,0.2821183947733188,,0.17241418284321156,0.6606334841628959,0.4468307088038997,0.16721611721611723,-0.36950264791286436,0.9999999871447837,0.929558745706223,0.5527109866737522,homoscedastic,linear
3,clip_b16|2,vit_sup_b16|2,0.1,0.1,546,102,768,768,0.48722846452351254,0.43333333333333335,0.48722846452351254,,0.37224571066434586,0.5283872620165627,0.6401625140103847,0.3586080586080586,-0.2519638731224839,0.999999998674335,0.9740086316414409,0.6838657451070946,homoscedastic,linear
3,convnext_s|2,dinov2_b|2,0.1,0.1,546,102,768,768,0.6278845219014496,0.5,0.6278845219014496,,0.5693161585630631,0.45035430718005637,0.7270338793988392,0.40897435897435896,-0.3163946910865697,0.9999999991731178,0.9796453084381215,0.7118216795812099,homoscedastic,linear
3,convnext_s|2,mae_b16|2,0.1,0.1,546,102,768,768,0.21439892888591355,0.36666666666666664,0.21439892888591355,,0.10359959798267986,0.46870998036369843,0.29447149449578036,0.1358974358974359,-0.554201532137588,0.9999999878822736,0.9370889883999066,0.5552009794090994,homoscedastic,linear
3,convnext_s|2,vit_sup_b16|2,0.1,0.1,546,102,768,768,0.665490626362851,0.55,0.665490626362851,,0.5968923212373022,0.6612311107316657,0.7528047704490082,0.46886446886446886,-0.12978372284868533,0.9999999994724249,0.9842263658155689,0.7421837136161493,homoscedastic,linear
3,dinov2_b|2,mae_b16|2,0.1,0.1,546,102,768,768,0.30966580462723503,0.38333333333333336,0.30966580462723503,,0.21769735195190087,0.4063006915393153,0.33777126067776897,0.16117216117216118,-0.4650946386069815,0.9999999877042307,0.9356026687264705,0.5721814232221908,homoscedastic,linear
3,dinov2_b|2,vit_sup_b16|2,0.1,0.1,546,102,768,768,0.6293863594065539,0.48333333333333334,0.6293863594065539,,0.5611371930408682,0.5614274737471185,0.8479179459212033,0.49230769230769234,-0.07103958623813222,0.9999999992929128,0.9820382273692724,0.7495250887264872,homoscedastic,linear
3,mae_b16|2,vit_sup_b16|2,0.1,0.1,546,102,768,768,0.3178995497209714,0.38333333333333336,0.3178995497209714,,0.22146712112736944,0.47221036455220694,0.33064641027881986,0.14413919413919415,-0.38912910494182096,0.9999999879875917,0.9398256590289178,0.5725555953961452,homoscedastic,linear
3,clip_b16|2,convnext_s|2,0.1,0.25,546,256,768,768,0.4131174253261814,0.4,0.4131174253261814,,0.30780882111986607,0.35277042602236824,0.5548446743655916,0.3272893772893773,-0.4755031626132261,0.9999999985287177,0.9713972762937649,0.6583053151278413,homoscedastic,linear
3,clip_b16|2,dinov2_b|2,0.1,0.25,546,256,768,768,0.4889988027744521,0.38333333333333336,0.4889988027744521,,0.3978817890281181,0.5230086228976351,0.6643639868609343,0.3717948717948718,-0.3051566757387867,0.9999999983531119,0.969423764629978,0.6776106295761639,homoscedastic,linear
3,clip_b16|2,mae_b16|2,0.1,0.25,546,256,768,768,0.336892269145192,0.4,0.336892269145192,,0.24056009999243833,0.6291300264663194,0.4468307088038997,0.16721611721611723,-0.36950264791286436,0.9999999871447837,0.929558745706223,0.5527109866737522,homoscedastic,linear
3,clip_b16|2,vit_sup_b16|2,0.1,0.25,546,256,768,768,0.5075996877769104,0.48333333333333334,0.5075996877769104,,0.4043322084111106,0.571928626312644,0.6401625140103847,0.3586080586080586,-0.2519638731224839,0.999999998674335,0.9740086316414409,0.6838657451070946,homoscedastic,linear
3,convnext_s|2,dinov2_b|2,0.1,0.25,546,256,768,768,0.6756252656257378,0.45,0.6756252656257378,,0.6223987495257528,0.45214718688636557,0.7270338793988392,0.40897435897435896,-0.3163946910865697,0.9999999991731178,0.9796453084381215,0.7118216795812099,homoscedastic,linear
3,convnext_s|2,mae_b16|2,0.1,0.25,546,256,768,768,0.184764957680438,0.36666666666666664,0.184764957680438,,0.06644734074059652,0.4588918295910527,0.29447149449578036,0.1358974358974359,-0.554201532137588,0.9999999878822736,0.9370889883999066,0.5552009794090994,homoscedastic,linear
3,convnext_s|2,vit_sup_b16|2,0.1,0.25,546,256,768,768,0.6884941347059297,0.5666666666666667,0.6884941347059297,,0.6235400785352779,0.6890634337915137,0.7528047704490082,0.46886446886446886,-0.12978372284868533,0.9999999994724249,0.9842263658155689,0.7421837136161493,homoscedastic,linear
3,dinov2_b|2,mae_b16|2,0.1,0.25,546,256,768,768,0.329375470487418,0.35,0.329375470487418,,0.23100609989749774,0.40894732348672413,0.33777126067776897,0.16117216117216118,-0.4650946386069815,0.9999999877042307,0.9356026687264705,0.5721814232221908,homoscedastic,linear
3,dinov2_b|2,vit_sup_b16|2,0.1,0.25,546,256,768,768,0.6805788904969179,0.4666666666666667,0.6805788904969179,,0.6208317920068614,0.5065312046444121,0.8479179459212033,0.49230769230769234,-0.07103958623813222,0.9999999992929128,0.9820382273692724,0.7495250887264872,homoscedastic,linear
3,mae_b16|2,vit_sup_b16|2,0.1,0.25,546,256,768,768,0.32921641449004024,0.38333333333333336,0.32921641449004024,,0.23178385451132313,0.5009818150772646,0.33064641027881986,0.14413919413919415,-0.38912910494182096,0.9999999879875917,0.9398256590289178,0.5725555953961452,homoscedastic,linear
3,clip_b16|2,convnext_s|2,0.1,1.0,546,1024,768,768,0.406446129017025,0.4166666666666667,0.406446129017025,,0.2961829719866147,0.3922137795611713,0.5548446743655916,0.3272893772893773,-0.4755031626132261,0.9999999985287177,0.9713972762937649,0.6583053151278413,homoscedastic,linear
3,clip_b16|2,dinov2_b|2,0.1,1.0,546,1024,768,768,0.45402092783591064,0.48333333333333334,0.45402092783591064,,0.3402416114468912,0.6024929565440109,0.6643639868609343,0.3717948717948718,-0.3051566757387867,0.9999999983531119,0.969423764629978,0.6776106295761639,homoscedastic,linear
3,clip_b16|2,mae_b16|2,0.1,1.0,546,1024,768,768,0.3492292478590218,0.4666666666666667,0.3492292478590218,,0.24982074673922405,0.6247758900367114,0.4468307088038997,0.16721611721611723,-0.36950264791286436,0.9999999871447837,0.929558745706223,0.5527109866737522,homoscedastic,linear
3,clip_b16|2,vit_sup_b16|2,0.1,1.0,546,1024,768,768,0.4590245528459801,0.55,0.4590245528459801,,0.3353607017496271,0.6519252113036796,0.6401625140103847,0.3586080586080586,-0.2519638731224839,0.999999998674335,0.9740086316414409,0.6838657451070946,homoscedastic,linear
3,convnext_s|2,dinov2_b|2,0.1,1.0,546,1024,768,768,0.7395574987708299,0.5333333333333333,0.7395574987708299,,0.6932538282320259,0.560402971057799,0.7270338793988392,0.40897435897435896,-0.3163946910865697,0.9999999991731178,0.9796453084381215,0.7118216795812099,homoscedastic,linear
3,convnext_s|2,mae_b16|2,0.1,1.0,546,1024,768,768,0.200448390134417,0.4,0.200448390134417,,0.07299539873486903,0.39528728762913,0.29447149449578036,0.1358974358974359,-0.554201532137588,0.9999999878822736,0.9370889883999066,0.5552009794090994,homoscedastic,linear
3,convnext_s|2,vit_sup_b16|2,0.1,1.0,546,1024,768,768,0.6815519487554131,0.5666666666666667,0.6815519487554131,,0.6155324727864274,0.6594382310253564,0.7528047704490082,0.46886446886446886,-0.12978372284868533,0.9999999994724249,0.9842263658155689,0.7421837136161493,homoscedastic,linear
3,dinov2_b|2,mae_b16|2,0.1,1.0,546,1024,768,768,0.28919863666287965,0.43333333333333335,0.28919863666287965,,0.17548560625301293,0.3577221890207462,0.33777126067776897,0.16117216117216118,-0.4650946386069815,0.9999999877042307,0.9356026687264705,0.5721814232221908,homoscedastic,linear
3,dinov2_b|2,vit_sup_b16|2,0.1,1.0,546,1024,768,768,0.7118246995130542,0.55,0.7118246995130542,,0.6506945503289854,0.625458891829591,0.8479179459212033,0.49230769230769234,-0.07103958623813222,0.9999999992929128,0.9820382273692724,0.7495250887264872,homoscedastic,linear
3,mae_b16|2,vit_sup_b16|2,0.1,1.0,546,1024,768,768,0.298800607779466,0.5,0.298800607779466,,0.17847302691434935,0.49193204132160845,0.33064641027881986,0.14413919413919415,-0.38912910494182096,0.9999999879875917,0.9398256590289178,0.5725555953961452,homoscedastic,linear
3,clip_b16|2,convnext_s|2,1.0,0.1,546,102,768,768,0.4192239978444384,0.3333333333333333,0.4192239978444384,,0.3101038024587867,0.3598565696234952,0.5548446743655916,0.3272893772893773,-0.4755031626132261,0.9999999985287177,0.9713972762937649,0.6583053151278413,homoscedastic,linear
3,clip_b16|2,dinov2_b|2,1.0,0.1,546,102,768,768,0.4700745835405098,0.35,0.4700745835405098,,0.37785887348668357,0.4542815674891146,0.6643639868609343,0.3717948717948718,-0.3051566757387867,0.9999999983531119,0.969423764629978,0.6776106295761639,homoscedastic,linear
3,clip_b16|2,mae_b16|2,1.0,0.1,546,102,768,768,0.2816075044652901,0.35,0.2816075044652901,,0.17163912623432817,0.6606334841628959,0.4468307088038997,0.16721611721611723,-0.36950264791286436,0.9999999871447837,0.929558745706223,0.5527109866737522,homoscedastic,linear
3,clip_b16|2,vit_sup_b16|2,1.0,0.1,546,102,768,768,0.4874100761391003,0.43333333333333335,0.4874100761391003,,0.37231622338810066,0.5283872620165627,0.6401625140103847,0.3586080586080586,-0.2519638731224839,0.999999998674335,0.9740086316414409,0.6838657451070946,homoscedastic,linear
3,convnext_s|2,dinov2_b|2,1.0,0.1,546,102,768,768,0.6281185225514515,0.5,0.6281185225514515,,0.5695450514688194,0.45035430718005637,0.7270338793988392,0.40897435897435896,-0.3163946910865697,0.9999999991731178,0.9796453084381215,0.7118216795812099,homoscedastic,linear
3,convnext_s|2,mae_b16|2,1.0,0.1,546,102,768,768,0.21481915227542298,0.36666666666666664,0.21481915227542298,,0.10397287061236037,0.46870998036369843,0.29447149449578036,0.1358974358974359,-0.554201532137588,0.9999999878822736,0.9370889883999066,0.5552009794090994,homoscedastic,linear
3,convnext_s|2,vit_sup_b16|2,1.0,0.1,546,102,768,768,0.6658794607762799,0.55,0.6658794607762799,,0.5973791288317049,0.6612311107316657,0.7528047704490082,0.46886446886446886,-0.12978372284868533,0.9999999994724249,0.9842263658155689,0.7421837136161493,homoscedastic,linear
3,dinov2_b|2,mae_b16|2,1.0,0.1,546,102,768,768,0.31002313895316375,0.38333333333333336,0.31002313895316375,,0.2180343838124954,0.4063006915393153,0.33777126067776897,0.16117216117216118,-0.4650946386069815,0.9999999877042307,0.9356026687264705,0.5721814232221908,homoscedastic,linear
3,dinov2_b|2,vit_sup_b16|2,1.0,0.1,546,102,768,768,0.6293924705346403,0.48333333333333334,0.6293924705346403,,0.5611266926973101,0.5614274737471185,0.8479179459212033,0.49230769230769234,-0.07103958623813222,0.9999999992929128,0.9820382273692724,0.7495250887264872,homoscedastic,linear
3,mae_b16|2,vit_sup_b16|2,1.0,0.1,546,102,768,768,0.31825766182683835,0.38333333333333336,0.31825766182683835,,0.22180728850722087,0.47221036455220694,0.33064641027881986,0.14413919413919415,-0.38912910494182096,0.9999999879875917,0.9398256590289178,0.5725555953961452,homoscedastic,linear
3,clip_b16|2,convnext_s|2,1.0,0.25,546,256,768,768,0.4134140928169245,0.4,0.4134140928169245,,0.3081559158097038,0.35430718005634765,0.5548446743655916,0.3272893772893773,-0.4755031626132261,0.9999999985287177,0.9713972762937649,0.6583053151278413,homoscedastic,linear
3,clip_b16|2,dinov2_b|2,1.0,0.25,546,256,768,768,0.4895185264403512,0.38333333333333336,0.4895185264403512,,0.3985543943682575,0.5224109963288653,0.6643639868609343,0.3717948717948718,-0.3051566757387867,0.9999999983531119,0.969423764629978,0.6776106295761639,homoscedastic,linear
3,clip_b16|2,mae_b16|2,1.0,0.25,546,256,768,768,0.3367237131214253,0.4,0.3367237131214253,,0.24094934189461348,0.6255442670537009,0.4468307088038997,0.16721611721611723,-0.36950264791286436,0.9999999871447837,0.929558745706223,0.5527109866737522,homoscedastic,linear
3,clip_b16|2,vit_sup_b16|2,1.0,0.25,546,256,768,768,0.5071915755321542,0.48333333333333334,0.5071915755321542,,0.4037840758935665,0.5715017501920941,0.6401625140103847,0.3586080586080586,-0.2519638731224839,0.999999998674335,0.9740086316414409,0.6838657451070946,homoscedastic,linear
3,convnext_s|2,dinov2_b|2,1.0,0.25,546,256,768,768,0.6757994327762021,0.45,0.6757994327762021,,0.6227160203231233,0.4538546913685648,0.7270338793988392,0.40897435897435896,-0.3163946910865697,0.9999999991731178,0.9796453084381215,0.7118216795812099,homoscedastic,linear
3,convnext_s|2,mae_b16|2,1.0,0.25,546,256,768,768,0.18411623365620458,0.36666666666666664,0.18411623365620458,,0.06600909723515017,0.462733714676001,0.29447149449578036,0.1358974358974359,-0.554201532137588,0.9999999878822736,0.9370889883999066,0.5552009794090994,homoscedastic,linear
3,convnext_s|2,vit_sup_b16|2,1.0,0.25,546,256,768,768,0.6893799149442081,0.5666666666666667,0.6893799149442081,,0.6247422949536298,0.6890634337915137,0.7528047704490082,0.46886446886446886,-0.12978372284868533,0.9999999994724249,0.9842263658155689,0.7421837136161493,homoscedastic,linear
3,dinov2_b|2,mae_b16|2,1.0,0.25,546,256,768,768,0.32858307939744275,0.35,0.32858307939744275,,0.2304158201676161,0.41176470588235287,0.33777126067776897,0.16117216117216118,-0.4650946386069815,0.9999999877042307,0.9356026687264705,0.5721814232221908,homoscedastic,linear
3,dinov2_b|2,vit_sup_b16|2,1.0,0.25,546,256,768,768,0.6805492237478438,0.4666666666666667,0.6805492237478438,,0.6208763455479309,0.5077264577819517,0.8479179459212033,0.49230769230769234,-0.07103958623813222,0.9999999992929128,0.9820382273692724,0.7495250887264872,homoscedastic,linear
3,mae_b16|2,vit_sup_b16|2,1.0,0.25,546,256,768,768,0.3277641882338562,0.38333333333333336,0.3277641882338562,,0.2303597454162537,0.5029454452317937,0.33064641027881986,0.14413919413919415,-0.38912910494182096,0.9999999879875917,0.9398256590289178,0.5725555953961452,homoscedastic,linear
3,clip_b16|2,convnext_s|2,1.0,1.0,546,1024,768,768,0.40215828377301044,0.4166666666666667,0.40215828377301044,,0.29306371367838197,0.37104072398190047,0.5548446743655916,0.3272893772893773,-0.4755031626132261,0.9999999985287177,0.9713972762937649,0.6583053151278413,homoscedastic,linear
3,clip_b16|2,dinov2_b|2,1.0,1.0,546,1024,768,768,0.45148469856860707,0.48333333333333334,0.45148469856860707,,0.33861989171958223,0.5923333048749253,0.6643639868609343,0.3717948717948718,-0.3051566757387867,0.9999999983531119,0.969423764629978,0.6776106295761639,homoscedastic,linear
3,clip_b16|2,mae_b16|2,1.0,1.0,546,1024,768,768,0.34047827910633083,0.4666666666666667,0.34047827910633083,,0.2421533812892774,0.6088960983522581,0.4468307088038997,0.16721611721611723,-0.36950264791286436,0.9999999871447837,0.929558745706223,0.5527109866737522,homoscedastic,linear
3,clip_b16|2,vit_sup_b16|2,1.0,1.0,546,1024,768,768,0.4519953110980864,0.55,0.4519953110980864,,0.3283222631273801,0.6351062921540169,0.6401625140103847,0.3586080586080586,-0.2519638731224839,0.999999998674335,0.9740086316414409,0.6838657451070946,homoscedastic,linear
3,convnext_s|2,dinov2_b|2,1.0,1.0,546,1024,768,768,0.7383871621865615,0.55,0.7383871621865615,,0.692151802591791,0.5481089387859642,0.7270338793988392,0.40897435897435896,-0.3163946910865697,0.9999999991731178,0.9796453084381215,0.7118216795812099,homoscedastic,linear
3,convnext_s|2,mae_b16|2,1.0,1.0,546,1024,768,768,0.19752682646340683,0.36666666666666664,0.19752682646340683,,0.07246090208013994,0.37624861265260817,0.29447149449578036,0.1358974358974359,-0.554201532137588,0.9999999878822736,0.9370889883999066,0.5552009794090994,homoscedastic,linear
3,convnext_s|2,vit_sup_b16|2,1.0,1.0,546,1024,768,768,0.6776642712896425,0.5666666666666667,0.6776642712896425,,0.6110507219824766,0.6475710748740714,0.7528047704490082,0.46886446886446886,-0.12978372284868533,0.9999999994724249,0.9842263658155689,0.7421837136161493,homoscedastic,linear
3,dinov2_b|2,mae_b16|2,1.0,1.0,546,1024,768,768,0.2807822799507776,0.4,0.2807822799507776,,0.16842602110554472,0.33253649790830697,0.33777126067776897,0.16117216117216118,-0.4650946386069815,0.9999999877042307,0.9356026687264705,0.5721814232221908,homoscedastic,linear
3,dinov2_b|2,vit_sup_b16|2,1.0,1.0,546,1024,768,768,0.7083500787502187,0.55,0.7083500787502187,,0.6465127885069657,0.6094937249210279,0.8479179459212033,0.49230769230769234,-0.07103958623813222,0.9999999992929128,0.9820382273692724,0.7495250887264872,homoscedastic,linear
3,mae_b16|2,vit_sup_b16|2,1.0,1.0,546,1024,768,768,0.2913729204803346,0.4666666666666667,0.2913729204803346,,0.1725790528208845,0.4778451293434645,0.33064641027881986,0.14413919413919415,-0.38912910494182096,0.9999999879875917,0.9398256590289178,0.5725555953961452,homoscedastic,linear
3,clip_b16|2,convnext_s|2,10.0,0.1,546,102,768,768,0.4192589979416609,0.3333333333333333,0.4192589979416609,,0.3101735130729642,0.3598565696234952,0.5548446743655916,0.3272893772893773,-0.4755031626132261,0.9999999985287177,0.9713972762937649,0.6583053151278413,homoscedastic,linear
3,clip_b16|2,dinov2_b|2,10.0,0.1,546,102,768,768,0.47011197253325704,0.35,0.47011197253325704,,0.37792085468129744,0.4542815674891146,0.6643639868609343,0.3717948717948718,-0.3051566757387867,0.9999999983531119,0.969423764629978,0.6776106295761639,homoscedastic,linear
3,clip_b16|2,mae_b16|2,10.0,0.1,546,102,768,768,0.2816690601918338,0.35,0.2816690601918338,,0.17164780360157408,0.6606334841628959,0.4468307088038997,0.16721611721611723,-0.36950264791286436,0.9999999871447837,0.929558745706223,0.5527109866737522,homoscedastic,linear
3,clip_b16|2,vit_sup_b16|2,10.0,0.1,546,102,768,768,0.487416520601446,0.43333333333333335,0.487416520601446,,0.3723427659232059,0.5283872620165627,0.6401625140103847,0.3586080586080586,-0.2519638731224839,0.999999998674335,0.9740086316414409,0.6838657451070946,homoscedastic,linear
3,convnext_s|2,dinov2_b|2,10.0,0.1,546,102,768,768,0.6282036894546928,0.5,0.6282036894546928,,0.5696450234897791,0.45035430718005637,0.7270338793988392,0.40897435897435896,-0.3163946910865697,0.9999999991731178,0.9796453084381215,0.7118216795812099,homoscedastic,linear
3,convnext_s|2,mae_b16|2,10.0,0.1,546,102,768,768,0.21486281906338628,0.36666666666666664,0.21486281906338628,,0.10399088161832462,0.46870998036369843,0.29447149449578036,0.1358974358974359,-0.554201532137588,0.9999999878822736,0.9370889883999066,0.5552009794090994,homoscedastic,linear
3,convnext_s|2,vit_sup_b16|2,10.0,0.1,546,102,768,768,0.665952572090478,0.55,0.665952572090478,,0.5974824551290788,0.6612311107316657,0.7528047704490082,0.46886446886446886,-0.12978372284868533,0.9999999994724249,0.9842263658155689,0.7421837136161493,homoscedastic,linear
3,dinov2_b|2,mae_b16|2,10.0,0.1,546,102,768,768,0.3100145833738427,0.38333333333333336,0.3100145833738427,,0.2179958096337298,0.4063006915393153,0.33777126067776897,0.16117216117216118,-0.4650946386069815,0.9999999877042307,0.9356026687264705,0.5721814232221908,homoscedastic,linear
3,dinov2_b|2,vit_sup_b16|2,10.0,0.1,546,102,768,768,0.629453137369826,0.48333333333333334,0.629453137369826,,0.5612009242927417,0.5614274737471185,0.8479179459212033,0.49230769230769234,-0.07103958623813222,0.9999999992929128,0.9820382273692724,0.7495250887264872,homoscedastic,linear
3,mae_b16|2,vit_sup_b16|2,10.0,0.1,546,102,768,768,0.31836727324242564,0.38333333333333336,0.31836727324242564,,0.22187517614508617,0.47221036455220694,0.33064641027881986,0.14413919413919415,-0.38912910494182096,0.9999999879875917,0.9398256590289178,0.5725555953961452,homoscedastic,linear
3,clip_b16|2,convnext_s|2,10.0,0.25,546,256,768,768,0.41335231486754126,0.4,0.41335231486754126,,0.30804741225960325,0.35430718005634765,0.5548446743655916,0.3272893772893773,-0.4755031626132261,0.9999999985287177,0.9713972762937649,0.6583053151278413,homoscedastic,linear
3,clip_b16|2,dinov2_b|2,10.0,0.25,546,256,768,768,0.4895653599037775,0.38333333333333336,0.4895653599037775,,0.39858115566052016,0.5224109963288653,0.6643639868609343,0.3717948717948718,-0.3051566757387867,0.9999999983531119,0.969423764629978,0.6776106295761639,homoscedastic,linear
3,clip_b16|2,mae_b16|2,10.0,0.25,546,256,768,768,0.336714824207845,0.4,0.336714824207845,,0.24095400871397266,0.6255442670537009,0.4468307088038997,0.16721611721611723,-0.36950264791286436,0.9999999871447837,0.929558745706223,0.5527109866737522,homoscedastic,linear
3,clip_b16|2,vit_sup_b16|2,10.0,0.25,546,256,768,768,0.5071462976286044,0.48333333333333334,0.5071462976286044,,0.40368534349649926,0.5715017501920941,0.6401625140103847,0.3586080586080586,-0.2519638731224839,0.999999998674335,0.9740086316414409,0.6838657451070946,homoscedastic,linear
3,convnext_s|2,dinov2_b|2,10.0,0.25,546,256,768,768,0.6757973216592267,0.45,0.6757973216592267,,0.6227384064722368,0.4538546913685648,0.7270338793988392,0.40897435897435896,-0.3163946910865697,0.9999999991731178,0.9796453084381215,0.7118216795812099,homoscedastic,linear
3,convnext_s|2,mae_b16|2,10.0,0.25,546,256,768,768,0.1840969002691674,0.36666666666666664,0.1840969002691674,,0.0660300979222664,0.462733714676001,0.29447149449578036,0.1358974358974359,-0.554201532137588,0.9999999878822736,0.9370889883999066,0.5552009794090994,homoscedastic,linear
3,convnext_s|2,vit_sup_b16|2,10.0,0.25,546,256,768,768,0.6894623596176656,0.5666666666666667,0.6894623596176656,,0.6248464962796335,0.6890634337915137,0.7528047704490082,0.46886446886446886,-0.12978372284868533,0.9999999994724249,0.9842263658155689,0.7421837136161493,homoscedastic,linear
3,dinov2_b|2,mae_b16|2,10.0,0.25,546,256,768,768,0.32851380142722614,0.35,0.32851380142722614,,0.23033488001935565,0.41176470588235287,0.33777126067776897,0.16117216117216118,-0.4650946386069815,0.9999999877042307,0.9356026687264705,0.5721814232221908,homoscedastic,linear
3,dinov2_b|2,vit_sup_b16|2,10.0,0.25,546,256,768,768,0.6805563904344178,0.4666666666666667,0.6805563904344178,,0.6208893251392736,0.5077264577819517,0.8479179459212033,0.49230769230769234,-0.07103958623813222,0.9999999992929128,0.9820382273692724,0.7495250887264872,homoscedastic,linear
3,mae_b16|2,vit_sup_b16|2,10.0,0.25,546,256,768,768,0.327756577101603,0.38333333333333336,0.327756577101603,,0.23032984860473404,0.5029454452317937,0.33064641027881986,0.14413919413919415,-0.38912910494182096,0.9999999879875917,0.9398256590289178,0.5725555953961452,homoscedastic,linear
3,clip_b16|2,convnext_s|2,10.0,1.0,546,1024,768,768,0.4013582259950722,0.4166666666666667,0.4013582259950722,,0.2923577114122036,0.3729189789123196,0.5548446743655916,0.3272893772893773,-0.4755031626132261,0.9999999985287177,0.9713972762937649,0.6583053151278413,homoscedastic,linear
3,clip_b16|2,dinov2_b|2,10.0,1.0,546,1024,768,768,0.45104236400656667,0.48333333333333334,0.45104236400656667,,0.3382400563751779,0.5849056603773585,0.6643639868609343,0.3717948717948718,-0.3051566757387867,0.9999999983531119,0.969423764629978,0.6776106295761639,homoscedastic,linear
3,clip_b16|2,mae_b16|2,10.0,1.0,546,1024,768,768,0.33825288403578896,0.45,0.33825288403578896,,0.24016531624227416,0.6134209852300861,0.4468307088038997,0.16721611721611723,-0.36950264791286436,0.9999999871447837,0.929558745706223,0.5527109866737522,homoscedastic,linear
3,clip_b16|2,vit_sup_b16|2,10.0,1.0,546,1024,768,768,0.4511625310070305,0.55,0.4511625310070305,,0.3274788813663164,0.6351062921540169,0.6401625140103847,0.3586080586080586,-0.2519638731224839,0.999999998674335,0.9740086316414409,0.6838657451070946,homoscedastic,linear
3,convnext_s|2,dinov2_b|2,10.0,1.0,546,1024,768,768,0.738050550140417,0.55,0.738050550140417,,0.691898408884399,0.5481089387859642,0.7270338793988392,0.40897435897435896,-0.3163946910865697,0.9999999991731178,0.9796453084381215,0.7118216795812099,homoscedastic,linear
3,convnext_s|2,mae_b16|2,10.0,1.0,546,1024,768,768,0.19739193719982553,0.35,0.19739193719982553,,0.07326395960517834,0.3763339878767182,0.29447149449578036,0.1358974358974359,-0.554201532137588,0.9999999878822736,0.9370889883999066,0.5552009794090994,homoscedastic,linear
3,convnext_s|2,vit_sup_b16|2,10.0,1.0,546,1024,768,768,0.6771716588101633,0.5666666666666667,0.6771716588101633,,0.6104734218439377,0.6459489456159822,0.7528047704490082,0.46886446886446886,-0.12978372284868533,0.9999999994724249,0.9842263658155689,0.7421837136161493,homoscedastic,linear
3,dinov2_b|2,mae_b16|2,10.0,1.0,546,1024,768,768,0.2794790541084836,0.38333333333333336,0.2794790541084836,,0.16759211882130434,0.3243404763937505,0.33777126067776897,0.16117216117216118,-0.4650946386069815,0.9999999877042307,0.9356026687264705,0.5721814232221908,homoscedastic,linear
3,dinov2_b|2,vit_sup_b16|2,10.0,1.0,546,1024,768,768,0.7077674660207388,0.55,0.7077674660207388,,0.6458382872714618,0.6027490822163408,0.8479179459212033,0.49230769230769234,-0.07103958623813222,0.9999999992929128,0.9820382273692724,0.7495250887264872,homoscedastic,linear
3,mae_b16|2,vit_sup_b16|2,10.0,1.0,546,1024,768,768,0.28940108166967127,0.45,0.28940108166967127,,0.17098001091889892,0.4802356356185435,0.33064641027881986,0.14413919413919415,-0.38912910494182096,0.9999999879875917,0.9398256590289178,0.5725555953961452,homoscedastic,linear
4,clip_b16|2,convnext_s|2,0.1,0.1,546,102,768,768,0.28312867535743147,0.36666666666666664,0.09645471567869647,0.4659631326032687,0.15330239086260106,0.34841628959276016,0.5736645100384385,0.33278388278388277,-0.40008148595491067,0.9999999984412222,0.970423346321404,0.6596022247591162,heteroscedastic,linear
4,clip_b16|2,dinov2_b|2,0.1,0.1,546,102,768,768,0.2849561248781246,0.31666666666666665,0.12929753693217919,0.4563490234946082,0.1646082711935398,0.43660889609835224,0.6669361576790049,0.3791208791208791,-0.23056874168502306,0.9999999982982204,0.968983967956524,0.6812297741924241,heteroscedastic,linear
4,clip_b16|2,mae_b16|2,0.1,0.1,546,102,768,768,0.27750177083825234,0.3,0.12103237753537224,0.425756239075352,0.18148677135363359,0.6127379834372065,0.45070191351120287,0.1785714285714286,-0.27330775661894124,0.9999999881373676,0.9309742990528795,0.5589068586460858,heteroscedastic,linear
4,clip_b16|2,vit_sup_b16|2,0.1,0.1,546,102,768,768,0.4232443423453954,0.4666666666666667,0.2514234890474507,0.5906064015679269,0.308229782809873,0.572014001536754,0.6601972262897592,0.373992673992674,-0.19252073232452227,0.9999999985848417,0.9735898049644915,0.6886680281169291,heteroscedastic,linear
4,convnext_s|2,dinov2_b|2,0.1,0.1,546,102,768,768,0.5751282086894686,0.4166666666666667,0.39481744493173565,0.721373477670641,0.5057455473621278,0.369760095620251,0.733462066223505,0.38534798534798537,-0.2733279260936615,0.9999999991349826,0.9788893904519601,0.710303920528675,heteroscedastic,linear
4,convnext_s|2,mae_b16|2,0.1,0.1,546,102,768,768,0.14575501598615553,0.36666666666666664,0.047770967922231664,0.283822319109892,0.022460307789862168,0.45308631435157515,0.3011063206536593,0.13553113553113552,-0.4859551330254632,0.9999999888363401,0.9380106984148574,0.5532146804256683,heteroscedastic,linear
4,convnext_s|2,vit_sup_b16|2,0.1,0.1,546,102,768,768,0.6008651135142041,0.6,0.4220477215458993,0.7593920205631232,0.5174933900701897,0.6357892939468966,0.7627696065418224,0.458974358974359,-0.08833804218759089,0.9999999994423182,0.983699543737471,0.7444131785700123,heteroscedastic,linear
4,dinov2_b|2,mae_b16|2,0.1,0.1,546,102,768,768,0.23665171292142476,0.35,0.2726091826837453,0.28208303277024355,0.14138508427655952,0.2769572270127209,0.34790044283254645,0.15219780219780218,-0.41525245153806467,0.9999999886548945,0.9366372048668545,0.572289579050142,heteroscedastic,linear
4,dinov2_b|2,vit_sup_b16|2,0.1,0.1,546,102,768,768,0.5554915985877737,0.43333333333333335,0.3779474620533215,0.7135483647552668,0.4736906964841423,0.502177068214804,0.8546919508851472,0.4956043956043956,-0.05742569017455662,0.9999999992847914,0.9818653225437401,0.75176337730664,heteroscedastic,linear
4,mae_b16|2,vit_sup_b16|2,0.1,0.1,546,102,768,768,0.2761389337192603,0.38333333333333336,0.20061405515605588,0.38887208621364233,0.17790659171463102,0.5390591650303082,0.34626096538845663,0.1450549450549451,-0.3451477201573448,0.9999999889433145,0.9412643873575768,0.5729327682822988,heteroscedastic,linear
4,clip_b16|2,convnext_s|2,0.1,0.25,546,256,768,768,0.3749415970599918,0.35,0.16007577564270647,0.572192531289979,0.2510129003283326,0.30248441902159995,0.5736645100384385,0.33278388278388277,-0.40008148595491067,0.9999999984412222,0.970423346321404,0.6596022247591162,heteroscedastic,linear
4,clip_b16|2,dinov2_b|2,0.1,0.25,546,256,768,768,0.40389839971777697,0.4,0.20375154488750738,0.6004495111259309,0.28590875041026087,0.4866387774267907,0.6669361576790049,0.3791208791208791,-0.23056874168502306,0.9999999982982204,0.968983967956524,0.6812297741924241,heteroscedastic,linear
4,clip_b16|2,mae_b16|2,0.1,0.25,546,256,768,768,0.29918071994644424,0.38333333333333336,0.1443973128077981,0.45295534854287295,0.19239801377251314,0.6380944249978655,0.45070191351120287,0.1785714285714286,-0.27330775661894124,0.9999999881373676,0.9309742990528795,0.5589068586460858,heteroscedastic,linear
4,clip_b16|2,vit_sup_b16|2,0.1,0.25,546,256,768,768,0.4557948216522823,0.48333333333333334,0.24240244227462796,0.6404458359479879,0.32914551922995733,0.5866131648595577,0.6601972262897592,0.373992673992674,-0.19252073232452227,0.9999999985848417,0.9735898049644915,0.6886680281169291,heteroscedastic,linear
4,convnext_s|2,dinov2_b|2,0.1,0.25,546,256,768,768,0.6471354642651784,0.45,0.43744870218666393,0.7918916526264257,0.5815723929050637,0.43088875608298466,0.733462066223505,0.38534798534798537,-0.2733279260936615,0.9999999991349826,0.9788893904519601,0.710303920528675,heteroscedastic,linear
4,convnext_s|2,mae_b16|2,0.1,0.25,546,256,768,768,0.15103008619468386,0.3,0.06941925169306372,0.29289017836621584,0.01703717201830531,0.4429266626824895,0.3011063206536593,0.13553113553113552,-0.4859551330254632,0.9999999888363401,0.9380106984148574,0.5532146804256683,heteroscedastic,linear
4,convnext_s|2,vit_sup_b16|2,0.1,0.25,546,256,768,768,0.6719477554104317,0.5333333333333333,0.4811787457984541,0.81594507787272,0.600073123225834,0.653291214889439,0.7627696065418224,0.458974358974359,-0.08833804218759089,0.9999999994423182,0.983699543737471,0.7444131785700123,heteroscedastic,linear
4,dinov2_b|2,mae_b16|2,0.1,0.25,546,256,768,768,0.2745631515643098,0.35,0.32161066911847824,0.32943362324231684,0.16672751761596702,0.3467087851105609,0.34790044283254645,0.15219780219780218,-0.41525245153806467,0.9999999886548945,0.9366372048668545,0.572289579050142,heteroscedastic,linear
4,dinov2_b|2,vit_sup_b16|2,0.1,0.25,546,256,768,768,0.642160339334276,0.5166666666666667,0.39054594441981333,0.8257345678133164,0.5679770730831933,0.5106292154016904,0.8546919508851472,0.4956043956043956,-0.05742569017455662,0.9999999992847914,0.9818653225437401,0.75176337730664,heteroscedastic,linear
4,mae_b16|2,vit_sup_b16|2,0.1,0.25,546,256,768,768,0.28114328095355823,0.38333333333333336,0.24505182213607019,0.3663244785562024,0.1669961514053288,0.48399214547938185,0.34626096538845663,0.1450549450549451,-0.3451477201573448,0.9999999889433145,0.9412643873575768,0.5729327682822988,heteroscedastic,linear
4,clip_b16|2,convnext_s|2,0.1,1.0,546,1024,768,768,0.3548172078255773,0.36666666666666664,0.1414395395233309,0.5504039763414609,0.22255594841910403,0.3582344403654059,0.5736645100384385,0.33278388278388277,-0.40008148595491067,0.9999999984412222,0.970423346321404,0.6596022247591162,heteroscedastic,linear
4,clip_b16|2,dinov2_b|2,0.1,1.0,546,1024,768,768,0.39438487329131466,0.45,0.1855566923619252,0.5988314274631301,0.26071725950950125,0.6094937249210279,0.6669361576790049,0.3791208791208791,-0.23056874168502306,0.9999999982982204,0.968983967956524,0.6812297741924241,heteroscedastic,linear
4,clip_b16|2,mae_b16|2,0.1,1.0,546,1024,768,768,0.3650336806491129,0.38333333333333336,0.19023291431245612,0.43464145650988234,0.2713522845575604,0.6076154699906088,0.45070191351120287,0.1785714285714286,-0.27330775661894124,0.9999999881373676,0.9309742990528795,0.5589068586460858,heteroscedastic,linear
4,clip_b16|2,vit_sup_b16|2,0.1,1.0,546,1024,768,768,0.4131649254581263,0.5,0.11498420022856339,0.667283571535691,0.2691985474233069,0.6472295739776317,0.6601972262897592,0.373992673992674,-0.19252073232452227,0.9999999985848417,0.9735898049644915,0.6886680281169291,heteroscedastic,linear
4,convnext_s|2,dinov2_b|2,0.1,1.0,546,1024,768,768,0.716476823546732,0.6166666666666667,0.5487151082764636,0.8349688712986754,0.6573872068043394,0.5079825834542816,0.733462066223505,0.38534798534798537,-0.2733279260936615,0.9999999991349826,0.9788893904519601,0.710303920528675,heteroscedastic,linear
4,convnext_s|2,mae_b16|2,0.1,1.0,546,1024,768,768,0.16438951219308942,0.35,0.11514486673216734,0.2176719088220747,0.03644596329969505,0.4453171689575685,0.3011063206536593,0.13553113553113552,-0.4859551330254632,0.9999999888363401,0.9380106984148574,0.5532146804256683,heteroscedastic,linear
4,convnext_s|2,vit_sup_b16|2,0.1,1.0,546,1024,768,768,0.6623528398689996,0.5666666666666667,0.476939594246989,0.8127988351138118,0.5842672623278227,0.7042602236830872,0.7627696065418224,0.458974358974359,-0.08833804218759089,0.9999999994423182,0.983699543737471,0.7444131785700123,heteroscedastic,linear
4,dinov2_b|2,mae_b16|2,0.1,1.0,546,1024,768,768,0.23681210225583957,0.35,0.26255548520655086,0.2504664487811172,0.1182741927004091,0.38563988730470417,0.34790044283254645,0.15219780219780218,-0.41525245153806467,0.9999999886548945,0.9366372048668545,0.572289579050142,heteroscedastic,linear
4,dinov2_b|2,vit_sup_b16|2,0.1,1.0,546,1024,768,768,0.6685916905324737,0.5833333333333334,0.44293041325257837,0.840979295287422,0.5897296285496175,0.5458891829591053,0.8546919508851472,0.4956043956043956,-0.05742569017455662,0.9999999992847914,0.9818653225437401,0.75176337730664,heteroscedastic,linear
4,mae_b16|2,vit_sup_b16|2,0.1,1.0,546,1024,768,768,0.2701310836974547,0.43333333333333335,0.2075464373820274,0.30858229452306324,0.1529449416673102,0.5256552548450439,0.34626096538845663,0.1450549450549451,-0.3451477201573448,0.9999999889433145,0.9412643873575768,0.5729327682822988,heteroscedastic,linear
4,clip_b16|2,convnext_s|2,1.0,0.1,546,102,768,768,0.28444973458259604,0.38333333333333336,0.09724043598491174,0.46753318202547545,0.1554837643177471,0.3504652949713993,0.5736645100384385,0.33278388278388277,-0.40008148595491067,0.9999999984412222,0.970423346321404,0.6596022247591162,heteroscedastic,linear
4,clip_b16|2,dinov2_b|2,1.0,0.1,546,102,768,768,0.2859174608818357,0.35,0.1290114283485802,0.4582726272690942,0.16627301316181609,0.44181678476906,0.6669361576790049,0.3791208791208791,-0.23056874168502306,0.9999999982982204,0.968983967956524,0.6812297741924241,heteroscedastic,linear
4,clip_b16|2,mae_b16|2,1.0,0.1,546,102,768,768,0.2783121064225178,0.2833333333333333,0.12066000505722083,0.4286165105414213,0.18314823196454794,0.6036028344574405,0.45070191351120287,0.1785714285714286,-0.27330775661894124,0.9999999881373676,0.9309742990528795,0.5589068586460858,heteroscedastic,linear
4,clip_b16|2,vit_sup_b16|2,1.0,0.1,546,102,768,768,0.42331267586854404,0.48333333333333334,0.24990991713094915,0.5906991188230271,0.30862062893120285,0.5743191325877229,0.6601972262897592,0.373992673992674,-0.19252073232452227,0.9999999985848417,0.9735898049644915,0.6886680281169291,heteroscedastic,linear
4,convnext_s|2,dinov2_b|2,1.0,0.1,546,102,768,768,0.5771102141950394,0.4166666666666667,0.39552732489732356,0.722078352224474,0.5082879430461366,0.367454964569282,0.733462066223505,0.38534798534798537,-0.2733279260936615,0.9999999991349826,0.9788893904519601,0.710303920528675,heteroscedastic,linear
4,convnext_s|2,mae_b16|2,1.0,0.1,546,102,768,768,0.14961391559420995,0.36666666666666664,0.04754524406481941,0.28948365704780993,0.02716993063283456,0.45658669854008366,0.3011063206536593,0.13553113553113552,-0.4859551330254632,0.9999999888363401,0.9380106984148574,0.5532146804256683,heteroscedastic,linear
4,convnext_s|2,vit_sup_b16|2,1.0,0.1,546,102,768,768,0.6022934508151412,0.6,0.42142051114592416,0.76065878402437,0.519370180643098,0.6362161700674465,0.7627696065418224,0.458974358974359,-0.08833804218759089,0.9999999994423182,0.983699543737471,0.7444131785700123,heteroscedastic,linear
4,dinov2_b|2,mae_b16|2,1.0,0.1,546,102,768,768,0.24118328106466957,0.35,0.27243485773017045,0.28838948173009277,0.14715320008543198,0.2718347135661231,0.34790044283254645,0.15219780219780218,-0.41525245153806467,0.9999999886548945,0.9366372048668545,0.572289579050142,heteroscedastic,linear
4,dinov2_b|2,vit_sup_b16|2,1.0,0.1,546,102,768,768,0.5571985477737438,0.43333333333333335,0.3767821806110755,0.7150569750325277,0.47615011028642096,0.4961154273029967,0.8546919508851472,0.4956043956043956,-0.05742569017455662,0.9999999992847914,0.9818653225437401,0.75176337730664,heteroscedastic,linear
4,mae_b16|2,vit_sup_b16|2,1.0,0.1,546,102,768,768,0.28120544779291046,0.38333333333333336,0.20133184264531112,0.3965184670709921,0.1841526919125552,0.539315290702638,0.34626096538845663,0.1450549450549451,-0.3451477201573448,0.9999999889433145,0.9412643873575768,0.5729327682822988,heteroscedastic,linear
4,clip_b16|2,convnext_s|2,1.0,0.25,546,256,768,768,0.3803509454192928,0.35,0.16097651447499164,0.5790189788311426,0.2593632256238717,0.3049603005207888,0.5736645100384385,0.33278388278388277,-0.40008148595491067,0.9999999984412222,0.970423346321404,0.6596022247591162,heteroscedastic,linear
4,clip_b16|2,dinov2_b|2,1.0,0.25,546,256,768,768,0.4119613110036417,0.4166666666666667,0.20581684629625072,0.6075317689251416,0.2970729490222175,0.490651412959959,0.6669361576790049,0.3791208791208791,-0.23056874168502306,0.9999999982982204,0.968983967956524,0.6812297741924241,heteroscedastic,linear
4,clip_b16|2,mae_b16|2,1.0,0.25,546,256,768,768,0.29816799491109697,0.4,0.14280969771513902,0.4579559364037824,0.19278732859374076,0.6428754375480236,0.45070191351120287,0.1785714285714286,-0.27330775661894124,0.9999999881373676,0.9309742990528795,0.5589068586460858,heteroscedastic,linear
4,clip_b16|2,vit_sup_b16|2,1.0,0.25,546,256,768,768,0.45884783013286146,0.5,0.2408716175792159,0.6427799649182482,0.33422950848839755,0.5879791684453172,0.6601972262897592,0.373992673992674,-0.19252073232452227,0.9999999985848417,0.9735898049644915,0.6886680281169291,heteroscedastic,linear
4,convnext_s|2,dinov2_b|2,1.0,0.25,546,256,768,768,0.6524502012505591,0.48333333333333334,0.44222736251197586,0.7941788644314546,0.5885023279772102,0.4306326304106548,0.733462066223505,0.38534798534798537,-0.2733279260936615,0.9999999991349826,0.9788893904519601,0.710303920528675,heteroscedastic,linear
4,convnext_s|2,mae_b16|2,1.0,0.25,546,256,768,768,0.15866460740168722,0.3,0.06833412378617267,0.3081996962113551,0.02732007096190512,0.41765559634594035,0.3011063206536593,0.13553113553113552,-0.4859551330254632,0.9999999888363401,0.9380106984148574,0.5532146804256683,heteroscedastic,linear
4,convnext_s|2,vit_sup_b16|2,1.0,0.25,546,256,768,768,0.6748735968711024,0.5333333333333333,0.4820474951031762,0.8178206474066116,0.6041398187830291,0.6549987193716383,0.7627696065418224,0.458974358974359,-0.08833804218759089,0.9999999994423182,0.983699543737471,0.7444131785700123,heteroscedastic,linear
4,dinov2_b|2,mae_b16|2,1.0,0.25,546,256,768,768,0.287091908588635,0.36666666666666664,0.32036703130534705,0.35139700048509,0.18243209395007393,0.32886536327157856,0.34790044283254645,0.15219780219780218,-0.41525245153806467,0.9999999886548945,0.9366372048668545,0.572289579050142,heteroscedastic,linear
4,dinov2_b|2,vit_sup_b16|2,1.0,0.25,546,256,768,768,0.6465599071108531,0.5333333333333333,0.3883886281902141,0.8288607032156968,0.5738157016158206,0.5114829676427901,0.8546919508851472,0.4956043956043956,-0.05742569017455662,0.9999999992847914,0.9818653225437401,0.75176337730664,heteroscedastic,linear
4,mae_b16|2,vit_sup_b16|2,1.0,0.25,546,256,768,768,0.2868115744765957,0.4,0.2385949696288191,0.3846098851674454,0.1747442382463785,0.47135661231110726,0.34626096538845663,0.1450549450549451,-0.3451477201573448,0.9999999889433145,0.9412643873575768,0.5729327682822988,heteroscedastic,linear
4,clip_b16|2,convnext_s|2,1.0,1.0,546,1024,768,768,0.3539490943030397,0.35,0.12791947121670372,0.5612798220722361,0.22596979969938394,0.33697600956202506,0.5736645100384385,0.33278388278388277,-0.40008148595491067,0.9999999984412222,0.970423346321404,0.6596022247591162,heteroscedastic,linear
4,clip_b16|2,dinov2_b|2,1.0,1.0,546,1024,768,768,0.3926615907266409,0.48333333333333334,0.1658432358593259,0.6112940787465521,0.2620266669350088,0.5896012977034064,0.6669361576790049,0.3791208791208791,-0.23056874168502306,0.9999999982982204,0.968983967956524,0.6812297741924241,heteroscedastic,linear
4,clip_b16|2,mae_b16|2,1.0,1.0,546,1024,768,768,0.3313569204358901,0.38333333333333336,0.17311348500562787,0.4157031193491695,0.23872078981250838,0.5738068812430632,0.45070191351120287,0.1785714285714286,-0.27330775661894124,0.9999999881373676,0.9309742990528795,0.5589068586460858,heteroscedastic,linear
4,clip_b16|2,vit_sup_b16|2,1.0,1.0,546,1024,768,768,0.40768529912583085,0.48333333333333334,0.0997485587190243,0.669274199831936,0.26593913869619423,0.630496030052079,0.6601972262897592,0.373992673992674,-0.19252073232452227,0.9999999985848417,0.9735898049644915,0.6886680281169291,heteroscedastic,linear
4,convnext_s|2,dinov2_b|2,1.0,1.0,546,1024,768,768,0.7185159403220563,0.55,0.548880447407689,0.8374660932718828,0.6616011988475582,0.4681123537949287,0.733462066223505,0.38534798534798537,-0.2733279260936615,0.9999999991349826,0.9788893904519601,0.710303920528675,heteroscedastic,linear
4,convnext_s|2,mae_b16|2,1.0,1.0,546,1024,768,768,0.17883921899783053,0.35,0.12106400763004149,0.24814907594129654,0.06002062004966226,0.45701357466063347,0.3011063206536593,0.13553113553113552,-0.4859551330254632,0.9999999888363401,0.9380106984148574,0.5532146804256683,heteroscedastic,linear
4,convnext_s|2,vit_sup_b16|2,1.0,1.0,546,1024,768,768,0.6588528301467504,0.5666666666666667,0.4663848473156024,0.8108031799784349,0.581526453901997,0.7157005037138222,0.7627696065418224,0.458974358974359,-0.08833804218759089,0.9999999994423182,0.983699543737471,0.7444131785700123,heteroscedastic,linear
4,dinov2_b|2,mae_b16|2,1.0,1.0,546,1024,768,768,0.2464654068483523,0.35,0.25424683442957374,0.27615247966992656,0.136600865242893,0.36830871681038163,0.34790044283254645,0.15219780219780218,-0.41525245153806467,0.9999999886548945,0.9366372048668545,0.572289579050142,heteroscedastic,linear
4,dinov2_b|2,vit_sup_b16|2,1.0,1.0,546,1024,768,768,0.6687673021313948,0.55,0.44221046916595935,0.8389909011419022,0.592017828416657,0.5216426193118756,0.8546919508851472,0.4956043956043956,-0.05742569017455662,0.9999999992847914,0.9818653225437401,0.75176337730664,heteroscedastic,linear
4,mae_b16|2,vit_sup_b16|2,1.0,1.0,546,1024,768,768,0.2730500362501007,0.43333333333333335,0.20769092940540274,0.32410573230015033,0.1625085670771791,0.5426449244429267,0.34626096538845663,0.1450549450549451,-0.3451477201573448,0.9999999889433145,0.9412643873575768,0.5729327682822988,heteroscedastic,linear
4,clip_b16|2,convnext_s|2,10.0,0.1,546,102,768,768,0.28431078975219376,0.38333333333333336,0.09722569923625904,0.46785322411687513,0.15545204452991532,0.3504652949713993,0.5736645100384385,0.33278388278388277,-0.40008148595491067,0.9999999984412222,0.970423346321404,0.6596022247591162,heteroscedastic,linear
4,clip_b16|2,dinov2_b|2,10.0,0.1,546,102,768,768,0.2859942944285956,0.35,0.12904629333929515,0.45844186418653593,0.16646150891249475,0.44181678476906,0.6669361576790049,0.3791208791208791,-0.23056874168502306,0.9999999982982204,0.968983967956524,0.6812297741924241,heteroscedastic,linear
4,clip_b16|2,mae_b16|2,10.0,0.1,546,102,768,768,0.27830199528332017,0.2833333333333333,0.12079623012403493,0.4290555211589433,0.18322188020755972,0.6036028344574405,0.45070191351120287,0.1785714285714286,-0.27330775661894124,0.9999999881373676,0.9309742990528795,0.5589068586460858,heteroscedastic,linear
4,clip_b16|2,vit_sup_b16|2,10.0,0.1,546,102,768,768,0.4231576198822774,0.4666666666666667,0.24980891648774398,0.590747153063621,0.30855011620744804,0.5743191325877229,0.6601972262897592,0.373992673992674,-0.19252073232452227,0.9999999985848417,0.9735898049644915,0.6886680281169291,heteroscedastic,linear
4,convnext_s|2,dinov2_b|2,10.0,0.1,546,102,768,768,0.5773334925930349,0.4166666666666667,0.3955384673170365,0.7220615960940342,0.5086136724535957,0.367454964569282,0.733462066223505,0.38534798534798537,-0.2733279260936615,0.9999999991349826,0.9788893904519601,0.710303920528675,heteroscedastic,linear
4,convnext_s|2,mae_b16|2,10.0,0.1,546,102,768,768,0.1498268606301684,0.36666666666666664,0.047272793931191257,0.2904108295988107,0.027482972125160886,0.45658669854008366,0.3011063206536593,0.13553113553113552,-0.4859551330254632,0.9999999888363401,0.9380106984148574,0.5532146804256683,heteroscedastic,linear
4,convnext_s|2,vit_sup_b16|2,10.0,0.1,546,102,768,768,0.602482229117303,0.6,0.42133460668426576,0.7610938848781228,0.5196054904254733,0.6362161700674465,0.7627696065418224,0.458974358974359,-0.08833804218759089,0.9999999994423182,0.983699543737471,0.7444131785700123,heteroscedastic,linear
4,dinov2_b|2,mae_b16|2,10.0,0.1,546,102,768,768,0.24187706076961324,0.35,0.2724269502065032,0.28961379632755885,0.1480091239235234,0.2718347135661231,0.34790044283254645,0.15219780219780218,-0.41525245153806467,0.9999999886548945,0.9366372048668545,0.572289579050142,heteroscedastic,linear
4,dinov2_b|2,vit_sup_b16|2,10.0,0.1,546,102,768,768,0.557354214872819,0.4166666666666667,0.37675234768087607,0.7150022383397577,0.47640197269371076,0.4961154273029967,0.8546919508851472,0.4956043956043956,-0.05742569017455662,0.9999999992847914,0.9818653225437401,0.75176337730664,heteroscedastic,linear
4,mae_b16|2,vit_sup_b16|2,10.0,0.1,546,102,768,768,0.2815613376703824,0.38333333333333336,0.2016402360683361,0.39768301813655627,0.18467661530467366,0.539315290702638,0.34626096538845663,0.1450549450549451,-0.3451477201573448,0.9999999889433145,0.9412643873575768,0.5729327682822988,heteroscedastic,linear
4,clip_b16|2,convnext_s|2,10.0,0.25,546,256,768,768,0.38080678001883334,0.35,0.16121913167842042,0.5800349588734741,0.260147542952421,0.30427729872790915,0.5736645100384385,0.33278388278388277,-0.40008148595491067,0.9999999984412222,0.970423346321404,0.6596022247591162,heteroscedastic,linear
4,clip_b16|2,dinov2_b|2,10.0,0.25,546,256,768,768,0.4125727015908377,0.4166666666666667,0.20652061590264115,0.6085812612283529,0.29802498017148665,0.49048066251173905,0.6669361576790049,0.3791208791208791,-0.23056874168502306,0.9999999982982204,0.968983967956524,0.6812297741924241,heteroscedastic,linear
4,clip_b16|2,mae_b16|2,10.0,0.25,546,256,768,768,0.2984778291050808,0.4,0.14209011306141398,0.45944611493755966,0.19330964776670456,0.641850934858704,0.45070191351120287,0.1785714285714286,-0.27330775661894124,0.9999999881373676,0.9309742990528795,0.5589068586460858,heteroscedastic,linear
4,clip_b16|2,vit_sup_b16|2,10.0,0.25,546,256,768,768,0.45915083097453047,0.5,0.24196537187556225,0.6433055488763758,0.3347998083978977,0.5889182959105267,0.6601972262897592,0.373992673992674,-0.19252073232452227,0.9999999985848417,0.9735898049644915,0.6886680281169291,heteroscedastic,linear
4,convnext_s|2,dinov2_b|2,10.0,0.25,546,256,768,768,0.6529731471476309,0.48333333333333334,0.44225935203953914,0.7942285742850926,0.5891968090330957,0.4296935029454452,0.733462066223505,0.38534798534798537,-0.2733279260936615,0.9999999991349826,0.9788893904519601,0.710303920528675,heteroscedastic,linear
4,convnext_s|2,mae_b16|2,10.0,0.25,546,256,768,768,0.15956316545323734,0.3,0.06802537093025367,0.30944020840157965,0.02842661758339406,0.4171433450012806,0.3011063206536593,0.13553113553113552,-0.4859551330254632,0.9999999888363401,0.9380106984148574,0.5532146804256683,heteroscedastic,linear
4,convnext_s|2,vit_sup_b16|2,10.0,0.25,546,256,768,768,0.6751299309164748,0.5333333333333333,0.482003644290112,0.8177184350109292,0.6045239563515303,0.6549987193716383,0.7627696065418224,0.458974358974359,-0.08833804218759089,0.9999999994423182,0.983699543737471,0.7444131785700123,heteroscedastic,linear
4,dinov2_b|2,mae_b16|2,10.0,0.25,546,256,768,768,0.28883924677568545,0.36666666666666664,0.3202329628358968,0.35347755334802844,0.18441053368214896,0.3283531119269188,0.34790044283254645,0.15219780219780218,-0.41525245153806467,0.9999999886548945,0.9366372048668545,0.572289579050142,heteroscedastic,linear
4,dinov2_b|2,vit_sup_b16|2,10.0,0.25,546,256,768,768,0.6470890196917213,0.5333333333333333,0.3884022866401849,0.8294723019767486,0.5744902757703771,0.5104584649534705,0.8546919508851472,0.4956043956043956,-0.05742569017455662,0.9999999992847914,0.9818653225437401,0.75176337730664,heteroscedastic,linear
4,mae_b16|2,vit_sup_b16|2,10.0,0.25,546,256,768,768,0.2876646324017566,0.4,0.23785849162907746,0.38677924552171467,0.17564384059690955,0.4701613591735678,0.34626096538845663,0.1450549450549451,-0.3451477201573448,0.9999999889433145,0.9412643873575768,0.5729327682822988,heteroscedastic,linear
4,clip_b16|2,convnext_s|2,10.0,1.0,546,1024,768,768,0.35220392278867435,0.36666666666666664,0.1237159035217415,0.5616127105303064,0.22525759931374423,0.3309997438743277,0.5736645100384385,0.33278388278388277,-0.40008148595491067,0.9999999984412222,0.970423346321404,0.6596022247591162,heteroscedastic,linear
4,clip_b16|2,dinov2_b|2,10.0,1.0,546,1024,768,768,0.39079352998202765,0.4666666666666667,0.16210046113443133,0.6111326613566489,0.26105779148461516,0.5872961666524373,0.6669361576790049,0.3791208791208791,-0.23056874168502306,0.9999999982982204,0.968983967956524,0.6812297741924241,heteroscedastic,linear
4,clip_b16|2,mae_b16|2,10.0,1.0,546,1024,768,768,0.3185653293481371,0.38333333333333336,0.16100131534467552,0.4095296023574758,0.22529413175904017,0.560488346281909,0.45070191351120287,0.1785714285714286,-0.27330775661894124,0.9999999881373676,0.9309742990528795,0.5589068586460858,heteroscedastic,linear
4,clip_b16|2,vit_sup_b16|2,10.0,1.0,546,1024,768,768,0.4060256834046761,0.5,0.09629117371194078,0.6684079078881996,0.2649053652890872,0.6199948774865534,0.6601972262897592,0.373992673992674,-0.19252073232452227,0.9999999985848417,0.9735898049644915,0.6886680281169291,heteroscedastic,linear
4,convnext_s|2,dinov2_b|2,10.0,1.0,546,1024,768,768,0.7187579409942805,0.5333333333333333,0.5506492166789084,0.8380726651938027,0.6624572685237545,0.4445487919405788,0.733462066223505,0.38534798534798537,-0.2733279260936615,0.9999999991349826,0.9788893904519601,0.710303920528675,heteroscedastic,linear
4,convnext_s|2,mae_b16|2,10.0,1.0,546,1024,768,768,0.18290961919338664,0.35,0.12107155572081484,0.25609539153351824,0.06661366909931918,0.46427046870998034,0.3011063206536593,0.13553113553113552,-0.4859551330254632,0.9999999888363401,0.9380106984148574,0.5532146804256683,heteroscedastic,linear
4,convnext_s|2,vit_sup_b16|2,10.0,1.0,546,1024,768,768,0.6577612160033777,0.5666666666666667,0.46489535740299676,0.8099078440752695,0.5806060696215072,0.7124562451976436,0.7627696065418224,0.458974358974359,-0.08833804218759089,0.9999999994423182,0.983699543737471,0.7444131785700123,heteroscedastic,linear
4,dinov2_b|2,mae_b16|2,10.0,1.0,546,1024,768,768,0.24815413376148263,0.35,0.24899947361052677,0.2834475403257224,0.14048905495960032,0.3632715785878938,0.34790044283254645,0.15219780219780218,-0.41525245153806467,0.9999999886548945,0.9366372048668545,0.572289579050142,heteroscedastic,linear
4,dinov2_b|2,vit_sup_b16|2,10.0,1.0,546,1024,768,768,0.6666356850991253,0.55,0.44041114809875276,0.8382971973416955,0.5900019812106562,0.5027746947835738,0.8546919508851472,0.4956043956043956,-0.05742569017455662,0.9999999992847914,0.9818653225437401,0.75176337730664,heteroscedastic,linear
4,mae_b16|2,vit_sup_b16|2,10.0,1.0,546,1024,768,768,0.27409253914594206,0.43333333333333335,0.20551132833637745,0.3291119055378732,0.1652962624537538,0.5457184325108854,0.34626096538845663,0.1450549450549451,-0.3451477201573448,0.9999999889433145,0.9412643873575768,0.5729327682822988,heteroscedastic,linear
4,clip_b16|2,convnext_s|2,0.1,0.1,546,102,768,768,0.28441373448259577,0.38333333333333336,0.28441373448259577,,0.15558862191522332,0.3504652949713993,0.5736645100384385,0.33278388278388277,-0.40008148595491067,0.9999999984412222,0.970423346321404,0.6596022247591162,homoscedastic,linear
4,clip_b16|2,dinov2_b|2,0.1,0.1,546,102,768,768,0.2860702390839974,0.35,0.2860702390839974,,0.16657715852973898,0.44181678476906,0.6669361576790049,0.3791208791208791,-0.23056874168502306,0.9999999982982204,0.968983967956524,0.6812297741924241,homoscedastic,linear
4,clip_b16|2,mae_b16|2,0.1,0.1,546,102,768,768,0.2783183842177339,0.2833333333333333,0.2783183842177339,,0.1830370304095054,0.6033467087851105,0.45070191351120287,0.1785714285714286,-0.27330775661894124,0.9999999881373676,0.9309742990528795,0.5589068586460858,homoscedastic,linear
4,clip_b16|2,vit_sup_b16|2,0.1,0.1,546,102,768,768,0.42351239864555174,0.4666666666666667,0.42351239864555174,,0.3090674768848427,0.5743191325877229,0.6601972262897592,0.373992673992674,-0.19252073232452227,0.9999999985848417,0.9735898049644915,0.6886680281169291,homoscedastic,linear
4,convnext_s|2,dinov2_b|2,0.1,0.1,546,102,768,768,0.5773224370067694,0.4166666666666667,0.5773224370067694,,0.5085612436548576,0.367454964569282,0.733462066223505,0.38534798534798537,-0.2733279260936615,0.9999999991349826,0.9788893904519601,0.710303920528675,homoscedastic,linear
4,convnext_s|2,mae_b16|2,0.1,0.1,546,102,768,768,0.15023908399745553,0.36666666666666664,0.15023908399745553,,0.027785440354876612,0.4588918295910527,0.3011063206536593,0.13553113553113552,-0.4859551330254632,0.9999999888363401,0.9380106984148574,0.5532146804256683,homoscedastic,linear
4,convnext_s|2,vit_sup_b16|2,0.1,0.1,546,102,768,768,0.6023874510762529,0.6,0.6023874510762529,,0.5194712464498448,0.6362161700674465,0.7627696065418224,0.458974358974359,-0.08833804218759089,0.9999999994423182,0.983699543737471,0.7444131785700123,homoscedastic,linear
4,dinov2_b|2,mae_b16|2,0.1,0.1,546,102,768,768,0.24230550640418444,0.35,0.24230550640418444,,0.14823838142454226,0.2726884658072227,0.34790044283254645,0.15219780219780218,-0.41525245153806467,0.9999999886548945,0.9366372048668545,0.572289579050142,homoscedastic,linear
4,dinov2_b|2,vit_sup_b16|2,0.1,0.1,546,102,768,768,0.5573431037308436,0.4166666666666667,0.5573431037308436,,0.47640481653675776,0.4961154273029967,0.8546919508851472,0.4956043956043956,-0.05742569017455662,0.9999999992847914,0.9818653225437401,0.75176337730664,homoscedastic,linear
4,mae_b16|2,vit_sup_b16|2,0.1,0.1,546,102,768,768,0.2817434492873591,0.36666666666666664,0.2817434492873591,,0.1847320337845637,0.5396567915990779,0.34626096538845663,0.1450549450549451,-0.3451477201573448,0.9999999889433145,0.9412643873575768,0.5729327682822988,homoscedastic,linear
4,clip_b16|2,convnext_s|2,0.1,0.25,546,256,768,768,0.3805927238686774,0.35,0.3805927238686774,,0.2598751173723299,0.30760693246819765,0.5736645100384385,0.33278388278388277,-0.40008148595491067,0.9999999984412222,0.970423346321404,0.6596022247591162,homoscedastic,linear
4,clip_b16|2,dinov2_b|2,0.1,0.25,546,256,768,768,0.41218031161197666,0.4166666666666667,0.41218031161197666,,0.297555527311576,0.4927857935627081,0.6669361576790049,0.3791208791208791,-0.23056874168502306,0.9999999982982204,0.968983967956524,0.6812297741924241,homoscedastic,linear
4,clip_b16|2,mae_b16|2,0.1,0.25,546,256,768,768,0.29876505212514476,0.4,0.29876505212514476,,0.19365666953748978,0.6478272005464014,0.45070191351120287,0.1785714285714286,-0.27330775661894124,0.9999999881373676,0.9309742990528795,0.5589068586460858,homoscedastic,linear
4,clip_b16|2,vit_sup_b16|2,0.1,0.25,546,256,768,768,0.4589308859191275,0.5,0.4589308859191275,,0.3345041945591158,0.590455049944506,0.6601972262897592,0.373992673992674,-0.19252073232452227,0.9999999985848417,0.9735898049644915,0.6886680281169291,homoscedastic,linear
4,convnext_s|2,dinov2_b|2,0.1,0.25,546,256,768,768,0.6526034238983996,0.48333333333333334,0.6526034238983996,,0.5888343284231832,0.4306326304106548,0.733462066223505,0.38534798534798537,-0.2733279260936615,0.9999999991349826,0.9788893904519601,0.710303920528675,homoscedastic,linear
4,convnext_s|2,mae_b16|2,0.1,0.25,546,256,768,768,0.16096283600787778,0.3,0.16096283600787778,,0.03010791217658487,0.42661999487748653,0.3011063206536593,0.13553113553113552,-0.4859551330254632,0.9999999888363401,0.9380106984148574,0.5532146804256683,homoscedastic,linear
4,convnext_s|2,vit_sup_b16|2,0.1,0.25,546,256,768,768,0.6750219861721838,0.5166666666666667,0.6750219861721838,,0.6043509194399789,0.6549987193716383,0.7627696065418224,0.458974358974359,-0.08833804218759089,0.9999999994423182,0.983699543737471,0.7444131785700123,homoscedastic,linear
4,dinov2_b|2,mae_b16|2,0.1,0.25,546,256,768,768,0.2899136942047061,0.36666666666666664,0.2899136942047061,,0.18593184387418343,0.33595150687270553,0.34790044283254645,0.15219780219780218,-0.41525245153806467,0.9999999886548945,0.9366372048668545,0.572289579050142,homoscedastic,linear
4,dinov2_b|2,vit_sup_b16|2,0.1,0.25,546,256,768,768,0.646956852657924,0.5333333333333333,0.646956852657924,,0.5744071480505419,0.5114829676427901,0.8546919508851472,0.4956043956043956,-0.05742569017455662,0.9999999992847914,0.9818653225437401,0.75176337730664,homoscedastic,linear
4,mae_b16|2,vit_sup_b16|2,0.1,0.25,546,256,768,768,0.2890599140553168,0.4,0.2890599140553168,,0.1774461808172286,0.47810125501579437,0.34626096538845663,0.1450549450549451,-0.3451477201573448,0.9999999889433145,0.9412643873575768,0.5729327682822988,homoscedastic,linear
4,clip_b16|2,convnext_s|2,0.1,1.0,546,1024,768,768,0.38373823260620166,0.36666666666666664,0.38373823260620166,,0.2632044554707775,0.35251430035003833,0.5736645100384385,0.33278388278388277,-0.40008148595491067,0.9999999984412222,0.970423346321404,0.6596022247591162,homoscedastic,linear
4,clip_b16|2,dinov2_b|2,0.1,1.0,546,1024,768,768,0.43343942622062837,0.4666666666666667,0.43343942622062837,,0.3146261691749727,0.5923333048749253,0.6669361576790049,0.3791208791208791,-0.23056874168502306,0.9999999982982204,0.968983967956524,0.6812297741924241,homoscedastic,linear
4,clip_b16|2,mae_b16|2,0.1,1.0,546,1024,768,768,0.33803893899705273,0.4,0.33803893899705273,,0.24101132308922735,0.6146162383676257,0.45070191351120287,0.1785714285714286,-0.27330775661894124,0.9999999881373676,0.9309742990528795,0.5589068586460858,homoscedastic,linear
4,clip_b16|2,vit_sup_b16|2,0.1,1.0,546,1024,768,768,0.44624951735977036,0.5166666666666667,0.44624951735977036,,0.31445947622098763,0.6150431144881755,0.6601972262897592,0.373992673992674,-0.19252073232452227,0.9999999985848417,0.9735898049644915,0.6886680281169291,homoscedastic,linear
4,convnext_s|2,dinov2_b|2,0.1,1.0,546,1024,768,768,0.7330478140217056,0.5666666666666667,0.7330478140217056,,0.6832893667906365,0.5073849568855118,0.733462066223505,0.38534798534798537,-0.2733279260936615,0.9999999991349826,0.9788893904519601,0.710303920528675,homoscedastic,linear
4,convnext_s|2,mae_b16|2,0.1,1.0,546,1024,768,768,0.19200120000333332,0.36666666666666664,0.19200120000333332,,0.07281820543732583,0.45026893195594636,0.3011063206536593,0.13553113553113552,-0.4859551330254632,0.9999999888363401,0.9380106984148574,0.5532146804256683,homoscedastic,linear
4,convnext_s|2,vit_sup_b16|2,0.1,1.0,546,1024,768,768,0.6936092044700124,0.5666666666666667,0.6936092044700124,,0.6284276967853709,0.6954665755997609,0.7627696065418224,0.458974358974359,-0.08833804218759089,0.9999999994423182,0.983699543737471,0.7444131785700123,homoscedastic,linear
4,dinov2_b|2,mae_b16|2,0.1,1.0,546,1024,768,768,0.2772327145353181,0.36666666666666664,0.2772327145353181,,0.1705015160964798,0.3641253308289934,0.34790044283254645,0.15219780219780218,-0.41525245153806467,0.9999999886548945,0.9366372048668545,0.572289579050142,homoscedastic,linear
4,dinov2_b|2,vit_sup_b16|2,0.1,1.0,546,1024,768,768,0.712791535532043,0.5166666666666667,0.712791535532043,,0.6513358004765553,0.5113122171945701,0.8546919508851472,0.4956043956043956,-0.05742569017455662,0.9999999992847914,0.9818653225437401,0.75176337730664,homoscedastic,linear
4,mae_b16|2,vit_sup_b16|2,0.1,1.0,546,1024,768,768,0.2787466076294656,0.4666666666666667,0.2787466076294656,,0.16409390019729708,0.5331682745667208,0.34626096538845663,0.1450549450549451,-0.3451477201573448,0.9999999889433145,0.9412643873575768,0.5729327682822988,homoscedastic,linear
4,clip_b16|2,convnext_s|2,1.0,0.1,546,102,768,768,0.28425856738490934,0.38333333333333336,0.28425856738490934,,0.15538780284467432,0.3504652949713993,0.5736645100384385,0.33278388278388277,-0.40008148595491067,0.9999999984412222,0.970423346321404,0.6596022247591162,homoscedastic,linear
4,clip_b16|2,dinov2_b|2,1.0,0.1,546,102,768,768,0.28602823896733043,0.35,0.28602823896733043,,0.1665008852008377,0.44181678476906,0.6669361576790049,0.3791208791208791,-0.23056874168502306,0.9999999982982204,0.968983967956524,0.6812297741924241,homoscedastic,linear
4,clip_b16|2,mae_b16|2,1.0,0.1,546,102,768,768,0.27833999538887605,0.2833333333333333,0.27833999538887605,,0.18327066305367348,0.6036028344574405,0.45070191351120287,0.1785714285714286,-0.27330775661894124,0.9999999881373676,0.9309742990528795,0.5589068586460858,homoscedastic,linear
4,clip_b16|2,vit_sup_b16|2,1.0,0.1,546,102,768,768,0.423190342195395,0.4666666666666667,0.423190342195395,,0.308600284515559,0.5743191325877229,0.6601972262897592,0.373992673992674,-0.19252073232452227,0.9999999985848417,0.9735898049644915,0.6886680281169291,homoscedastic,linear
4,convnext_s|2,dinov2_b|2,1.0,0.1,546,102,768,768,0.5773172703257509,0.4166666666666667,0.5773172703257509,,0.5085952239333164,0.367454964569282,0.733462066223505,0.38534798534798537,-0.2733279260936615,0.9999999991349826,0.9788893904519601,0.710303920528675,homoscedastic,linear
4,convnext_s|2,mae_b16|2,1.0,0.1,546,102,768,768,0.14981163836566214,0.36666666666666664,0.14981163836566214,,0.027462700628569526,0.45658669854008366,0.3011063206536593,0.13553113553113552,-0.4859551330254632,0.9999999888363401,0.9380106984148574,0.5532146804256683,homoscedastic,linear
4,convnext_s|2,vit_sup_b16|2,1.0,0.1,546,102,768,768,0.6025047291798031,0.6,0.6025047291798031,,0.5196312308510012,0.6362161700674465,0.7627696065418224,0.458974358974359,-0.08833804218759089,0.9999999994423182,0.983699543737471,0.7444131785700123,homoscedastic,linear
4,dinov2_b|2,mae_b16|2,1.0,0.1,546,102,768,768,0.24191050530695915,0.35,0.24191050530695915,,0.14804922940239118,0.2718347135661231,0.34790044283254645,0.15219780219780218,-0.41525245153806467,0.9999999886548945,0.9366372048668545,0.572289579050142,homoscedastic,linear
4,dinov2_b|2,vit_sup_b16|2,1.0,0.1,546,102,768,768,0.5574049927916466,0.4166666666666667,0.5574049927916466,,0.4764532347876091,0.4961154273029967,0.8546919508851472,0.4956043956043956,-0.05742569017455662,0.9999999992847914,0.9818653225437401,0.75176337730664,homoscedastic,linear
4,mae_b16|2,vit_sup_b16|2,1.0,0.1,546,102,768,768,0.28156189322748115,0.38333333333333336,0.28156189322748115,,0.18468675105296936,0.539315290702638,0.34626096538845663,0.1450549450549451,-0.3451477201573448,0.9999999889433145,0.9412643873575768,0.5729327682822988,homoscedastic,linear
4,clip_b16|2,convnext_s|2,1.0,0.25,546,256,768,768,0.380956391545532,0.35,0.380956391545532,,0.26036156037147007,0.30427729872790915,0.5736645100384385,0.33278388278388277,-0.40008148595491067,0.9999999984412222,0.970423346321404,0.6596022247591162,homoscedastic,linear
4,clip_b16|2,dinov2_b|2,1.0,0.25,546,256,768,768,0.41267875744099286,0.4166666666666667,0.41267875744099286,,0.29819677745914586,0.49048066251173905,0.6669361576790049,0.3791208791208791,-0.23056874168502306,0.9999999982982204,0.968983967956524,0.6812297741924241,homoscedastic,linear
4,clip_b16|2,mae_b16|2,1.0,0.25,546,256,768,768,0.29861549615415595,0.4,0.29861549615415595,,0.19347408023006255,0.641850934858704,0.45070191351120287,0.1785714285714286,-0.27330775661894124,0.9999999881373676,0.9309742990528795,0.5589068586460858,homoscedastic,linear
4,clip_b16|2,vit_sup_b16|2,1.0,0.25,546,256,768,768,0.459134330928697,0.5,0.459134330928697,,0.33479958964074025,0.5889182959105267,0.6601972262897592,0.373992673992674,-0.19252073232452227,0.9999999985848417,0.9735898049644915,0.6886680281169291,homoscedastic,linear
4,convnext_s|2,dinov2_b|2,1.0,0.25,546,256,768,768,0.653074702985286,0.48333333333333334,0.653074702985286,,0.5893268966227323,0.4296935029454452,0.733462066223505,0.38534798534798537,-0.2733279260936615,0.9999999991349826,0.9788893904519601,0.710303920528675,homoscedastic,linear
4,convnext_s|2,mae_b16|2,1.0,0.25,546,256,768,768,0.16007722243672898,0.3,0.16007722243672898,,0.028951488923194876,0.4171433450012806,0.3011063206536593,0.13553113553113552,-0.4859551330254632,0.9999999888363401,0.9380106984148574,0.5532146804256683,homoscedastic,linear
4,convnext_s|2,vit_sup_b16|2,1.0,0.25,546,256,768,768,0.6751982644396234,0.5333333333333333,0.6751982644396234,,0.6046105841858846,0.6549987193716383,0.7627696065418224,0.458974358974359,-0.08833804218759089,0.9999999994423182,0.983699543737471,0.7444131785700123,homoscedastic,linear
4,dinov2_b|2,mae_b16|2,1.0,0.25,546,256,768,768,0.28936774824374506,0.36666666666666664,0.28936774824374506,,0.18497871893912696,0.3283531119269188,0.34790044283254645,0.15219780219780218,-0.41525245153806467,0.9999999886548945,0.9366372048668545,0.572289579050142,homoscedastic,linear
4,dinov2_b|2,vit_sup_b16|2,1.0,0.25,546,256,768,768,0.6471526865352403,0.5333333333333333,0.6471526865352403,,0.5745724555425298,0.5104584649534705,0.8546919508851472,0.4956043956043956,-0.05742569017455662,0.9999999992847914,0.9818653225437401,0.75176337730664,homoscedastic,linear
4,mae_b16|2,vit_sup_b16|2,1.0,0.25,546,256,768,768,0.28806096683601895,0.4,0.28806096683601895,,0.1760526248051512,0.4701613591735678,0.34626096538845663,0.1450549450549451,-0.3451477201573448,0.9999999889433145,0.9412643873575768,0.5729327682822988,homoscedastic,linear
4,clip_b16|2,convnext_s|2,1.0,1.0,546,1024,768,768,0.38101361392670535,0.35,0.38101361392670535,,0.26137703109640287,0.33936651583710403,0.5736645100384385,0.33278388278388277,-0.40008148595491067,0.9999999984412222,0.970423346321404,0.6596022247591162,homoscedastic,linear
4,clip_b16|2,dinov2_b|2,1.0,1.0,546,1024,768,768,0.4271763532676479,0.48333333333333334,0.4271763532676479,,0.3083834232534629,0.5757705113975924,0.6669361576790049,0.3791208791208791,-0.23056874168502306,0.9999999982982204,0.968983967956524,0.6812297741924241,homoscedastic,linear
4,clip_b16|2,mae_b16|2,1.0,1.0,546,1024,768,768,0.32669162969897136,0.4,0.32669162969897136,,0.22940822470035194,0.6030052078886707,0.45070191351120287,0.1785714285714286,-0.27330775661894124,0.9999999881373676,0.9309742990528795,0.5589068586460858,homoscedastic,linear
4,clip_b16|2,vit_sup_b16|2,1.0,1.0,546,1024,768,768,0.44138961497115264,0.5,0.44138961497115264,,0.3095117726716455,0.6176043712114744,0.6601972262897592,0.373992673992674,-0.19252073232452227,0.9999999985848417,0.9735898049644915,0.6886680281169291,homoscedastic,linear
4,convnext_s|2,dinov2_b|2,1.0,1.0,546,1024,768,768,0.7326805907794187,0.5666666666666667,0.7326805907794187,,0.6832913356050535,0.4799795099462136,0.733462066223505,0.38534798534798537,-0.2733279260936615,0.9999999991349826,0.9788893904519601,0.710303920528675,homoscedastic,linear
4,convnext_s|2,mae_b16|2,1.0,1.0,546,1024,768,768,0.1927793688315801,0.35,0.1927793688315801,,0.07439814254755982,0.44668317254332796,0.3011063206536593,0.13553113553113552,-0.4859551330254632,0.9999999888363401,0.9380106984148574,0.5532146804256683,homoscedastic,linear
4,convnext_s|2,vit_sup_b16|2,1.0,1.0,546,1024,768,768,0.6908699746388184,0.5666666666666667,0.6908699746388184,,0.6252820417801379,0.6891488090156237,0.7627696065418224,0.458974358974359,-0.08833804218759089,0.9999999994423182,0.983699543737471,0.7444131785700123,homoscedastic,linear
4,dinov2_b|2,mae_b16|2,1.0,1.0,546,1024,768,768,0.27215225597848886,0.4,0.27215225597848886,,0.1663252232033967,0.3563561854349867,0.34790044283254645,0.15219780219780218,-0.41525245153806467,0.9999999886548945,0.9366372048668545,0.572289579050142,homoscedastic,linear
4,dinov2_b|2,vit_sup_b16|2,1.0,1.0,546,1024,768,768,0.7104037511215309,0.5333333333333333,0.7104037511215309,,0.6489165650721969,0.49713992999231615,0.8546919508851472,0.4956043956043956,-0.05742569017455662,0.9999999992847914,0.9818653225437401,0.75176337730664,homoscedastic,linear
4,mae_b16|2,vit_sup_b16|2,1.0,1.0,546,1024,768,768,0.2724565901571948,0.45,0.2724565901571948,,0.15743908871018375,0.5345342781524801,0.34626096538845663,0.1450549450549451,-0.3451477201573448,0.9999999889433145,0.9412643873575768,0.5729327682822988,homoscedastic,linear
4,clip_b16|2,convnext_s|2,10.0,0.1,546,102,768,768,0.28425995627765627,0.38333333333333336,0.28425995627765627,,0.15540384503622146,0.3480747886963203,0.5736645100384385,0.33278388278388277,-0.40008148595491067,0.9999999984412222,0.970423346321404,0.6596022247591162,homoscedastic,linear
4,clip_b16|2,dinov2_b|2,10.0,0.1,546,102,768,768,0.2860191833866205,0.35,0.2860191833866205,,0.16648987442391217,0.44181678476906,0.6669361576790049,0.3791208791208791,-0.23056874168502306,0.9999999982982204,0.968983967956524,0.6812297741924241,homoscedastic,linear
4,clip_b16|2,mae_b16|2,10.0,0.1,546,102,768,768,0.27827893966372125,0.2833333333333333,0.27827893966372125,,0.18319737940592412,0.6036028344574405,0.45070191351120287,0.1785714285714286,-0.27330775661894124,0.9999999881373676,0.9309742990528795,0.5589068586460858,homoscedastic,linear
4,clip_b16|2,vit_sup_b16|2,10.0,0.1,546,102,768,768,0.4231967311020308,0.4666666666666667,0.4231967311020308,,0.30860064911082147,0.5743191325877229,0.6601972262897592,0.373992673992674,-0.19252073232452227,0.9999999985848417,0.9735898049644915,0.6886680281169291,homoscedastic,linear
4,convnext_s|2,dinov2_b|2,10.0,0.1,546,102,768,768,0.577309103636399,0.4166666666666667,0.577309103636399,,0.5085758274653549,0.3683940920344916,0.733462066223505,0.38534798534798537,-0.2733279260936615,0.9999999991349826,0.9788893904519601,0.710303920528675,homoscedastic,linear
4,convnext_s|2,mae_b16|2,10.0,0.1,546,102,768,768,0.1498546384851069,0.36666666666666664,0.1498546384851069,,0.02752336928023864,0.45615982241953384,0.3011063206536593,0.13553113553113552,-0.4859551330254632,0.9999999888363401,0.9380106984148574,0.5532146804256683,homoscedastic,linear
4,convnext_s|2,vit_sup_b16|2,10.0,0.1,546,102,768,768,0.6024806180017166,0.6,0.6024806180017166,,0.5196162095261888,0.6335695381200375,0.7627696065418224,0.458974358974359,-0.08833804218759089,0.9999999994423182,0.983699543737471,0.7444131785700123,homoscedastic,linear
4,dinov2_b|2,mae_b16|2,10.0,0.1,546,102,768,768,0.24189772749368743,0.35,0.24189772749368743,,0.1480345726728413,0.2718347135661231,0.34790044283254645,0.15219780219780218,-0.41525245153806467,0.9999999886548945,0.9366372048668545,0.572289579050142,homoscedastic,linear
4,dinov2_b|2,vit_sup_b16|2,10.0,0.1,546,102,768,768,0.5573563259897943,0.4166666666666667,0.5573563259897943,,0.4764035769128655,0.4961154273029967,0.8546919508851472,0.4956043956043956,-0.05742569017455662,0.9999999992847914,0.9818653225437401,0.75176337730664,homoscedastic,linear
4,mae_b16|2,vit_sup_b16|2,10.0,0.1,546,102,768,768,0.2816442823452287,0.38333333333333336,0.2816442823452287,,0.18478139998309737,0.539315290702638,0.34626096538845663,0.1450549450549451,-0.3451477201573448,0.9999999889433145,0.9412643873575768,0.5729327682822988,homoscedastic,linear
4,clip_b16|2,convnext_s|2,10.0,0.25,546,256,768,768,0.3809628360078778,0.35,0.3809628360078778,,0.26039138426393726,0.30427729872790915,0.5736645100384385,0.33278388278388277,-0.40008148595491067,0.9999999984412222,0.970423346321404,0.6596022247591162,homoscedastic,linear
4,clip_b16|2,dinov2_b|2,10.0,0.25,546,256,768,768,0.41267592409978915,0.4166666666666667,0.41267592409978915,,0.2981977254068282,0.49048066251173905,0.6669361576790049,0.3791208791208791,-0.23056874168502306,0.9999999982982204,0.968983967956524,0.6812297741924241,homoscedastic,linear
4,clip_b16|2,mae_b16|2,10.0,0.25,546,256,768,768,0.2985615515598654,0.4,0.2985615515598654,,0.1934370373513992,0.641850934858704,0.45070191351120287,0.1785714285714286,-0.27330775661894124,0.9999999881373676,0.9309742990528795,0.5589068586460858,homoscedastic,linear
4,clip_b16|2,vit_sup_b16|2,10.0,0.25,546,256,768,768,0.4593044980680501,0.5,0.4593044980680501,,0.33502826378933925,0.5889182959105267,0.6601972262897592,0.373992673992674,-0.19252073232452227,0.9999999985848417,0.9735898049644915,0.6886680281169291,homoscedastic,linear
4,convnext_s|2,dinov2_b|2,10.0,0.25,546,256,768,768,0.6531131475365209,0.48333333333333334,0.6531131475365209,,0.5893768461736858,0.4296935029454452,0.733462066223505,0.38534798534798537,-0.2733279260936615,0.9999999991349826,0.9788893904519601,0.710303920528675,homoscedastic,linear
4,convnext_s|2,mae_b16|2,10.0,0.25,546,256,768,768,0.15964099900277498,0.3,0.15964099900277498,,0.028515141313113175,0.4171433450012806,0.3011063206536593,0.13553113553113552,-0.4859551330254632,0.9999999888363401,0.9380106984148574,0.5532146804256683,homoscedastic,linear
4,convnext_s|2,vit_sup_b16|2,10.0,0.25,546,256,768,768,0.675122153117092,0.5333333333333333,0.675122153117092,,0.6044839967107675,0.6549987193716383,0.7627696065418224,0.458974358974359,-0.08833804218759089,0.9999999994423182,0.983699543737471,0.7444131785700123,homoscedastic,linear
4,dinov2_b|2,mae_b16|2,10.0,0.25,546,256,768,768,0.28904963624898955,0.36666666666666664,0.28904963624898955,,0.18462170725815102,0.3283531119269188,0.34790044283254645,0.15219780219780218,-0.41525245153806467,0.9999999886548945,0.9366372048668545,0.572289579050142,homoscedastic,linear
4,dinov2_b|2,vit_sup_b16|2,10.0,0.25,546,256,768,768,0.647177186603296,0.5333333333333333,0.647177186603296,,0.5745801849620934,0.5104584649534705,0.8546919508851472,0.4956043956043956,-0.05742569017455662,0.9999999992847914,0.9818653225437401,0.75176337730664,homoscedastic,linear
4,mae_b16|2,vit_sup_b16|2,10.0,0.25,546,256,768,768,0.28770418806718906,0.4,0.28770418806718906,,0.17566236203624122,0.4701613591735678,0.34626096538845663,0.1450549450549451,-0.3451477201573448,0.9999999889433145,0.9412643873575768,0.5729327682822988,homoscedastic,linear
4,clip_b16|2,convnext_s|2,10.0,1.0,546,1024,768,768,0.3807153353203759,0.35,0.3807153353203759,,0.26100412306198484,0.33868351404422437,0.5736645100384385,0.33278388278388277,-0.40008148595491067,0.9999999984412222,0.970423346321404,0.6596022247591162,homoscedastic,linear
4,clip_b16|2,dinov2_b|2,10.0,1.0,546,1024,768,768,0.42655240709001974,0.4666666666666667,0.42655240709001974,,0.3075148115002388,0.5756851361734824,0.6669361576790049,0.3791208791208791,-0.23056874168502306,0.9999999982982204,0.968983967956524,0.6812297741924241,homoscedastic,linear
4,clip_b16|2,mae_b16|2,10.0,1.0,546,1024,768,768,0.3234902874730207,0.4,0.3234902874730207,,0.22615144105912885,0.5997609493724921,0.45070191351120287,0.1785714285714286,-0.27330775661894124,0.9999999881373676,0.9309742990528795,0.5589068586460858,homoscedastic,linear
4,clip_b16|2,vit_sup_b16|2,10.0,1.0,546,1024,768,768,0.4405161681004669,0.5,0.4405161681004669,,0.30832195249221644,0.618543498676684,0.6601972262897592,0.373992673992674,-0.19252073232452227,0.9999999985848417,0.9735898049644915,0.6886680281169291,homoscedastic,linear
4,convnext_s|2,dinov2_b|2,10.0,1.0,546,1024,768,768,0.7326053683482454,0.55,0.7326053683482454,,0.6832349691774812,0.47263724067275675,0.733462066223505,0.38534798534798537,-0.2733279260936615,0.9999999991349826,0.9788893904519601,0.710303920528675,homoscedastic,linear
4,convnext_s|2,mae_b16|2,10.0,1.0,546,1024,768,768,0.19339003719454773,0.35,0.19339003719454773,,0.07522052362150725,0.44028003073508065,0.3011063206536593,0.13553113553113552,-0.4859551330254632,0.9999999888363401,0.9380106984148574,0.5532146804256683,homoscedastic,linear
4,convnext_s|2,vit_sup_b16|2,10.0,1.0,546,1024,768,768,0.6904847513465314,0.5666666666666667,0.6904847513465314,,0.624802234414774,0.6870144284128745,0.7627696065418224,0.458974358974359,-0.08833804218759089,0.9999999994423182,0.983699543737471,0.7444131785700123,homoscedastic,linear
4,dinov2_b|2,mae_b16|2,10.0,1.0,546,1024,768,768,0.2704307511965311,0.38333333333333336,0.2704307511965311,,0.16490774974210357,0.33748826090668493,0.34790044283254645,0.15219780219780218,-0.41525245153806467,0.9999999886548945,0.9366372048668545,0.572289579050142,homoscedastic,linear
4,dinov2_b|2,vit_sup_b16|2,10.0,1.0,546,1024,768,768,0.7101003058341829,0.5333333333333333,0.7101003058341829,,0.6485140519024691,0.4913344147528387,0.8546919508851472,0.4956043956043956,-0.05742569017455662,0.9999999992847914,0.9818653225437401,0.75176337730664,homoscedastic,linear
4,mae_b16|2,vit_sup_b16|2,10.0,1.0,546,1024,768,768,0.2708396967769355,0.45,0.2708396967769355,,0.15569420870322437,0.5384615384615385,0.34626096538845663,0.1450549450549451,-0.3451477201573448,0.9999999889433145,0.9412643873575768,0.5729327682822988,homoscedastic,linear
